genes,expVal
1,0.2165506698612004
10,0.2065619740916918
100,0.9483313640595304
1000,0.4862061904716891
10000,1.9117232881327049
100008586,0.0
100009668,0.1931570629018073
100009676,1.1460473054148204
10001,1.7431188016291137
10002,0.350774998302549
10003,0.6607618899246982
100033398,0.1806978483933106
100033411,0.0376577034343075
100033413,0.0
100033414,0.0
100033415,0.0
100033416,0.0
100033417,0.0
100033418,0.0
100033419,0.0
100033420,0.0
100033421,0.0
100033422,0.0
100033423,0.0
100033424,0.0
100033425,0.0
100033426,0.0
100033427,0.0
100033428,0.0
100033429,0.0
100033430,0.0
100033431,0.0
100033432,0.0
100033433,0.0
100033434,0.0
100033435,0.0
100033436,0.0
100033437,0.0
100033438,0.0
100033439,0.0
100033440,0.0
100033441,0.0
100033442,0.0
100033443,0.0
100033444,0.0
100033445,0.0
100033446,0.0
100033447,0.0
100033448,0.0
100033449,0.0
100033450,0.0
100033451,0.0
100033453,0.0
100033454,0.0
100033455,0.0
100033456,0.0
100033458,0.0
100033460,0.0
100033603,0.0
100033799,0.0
100033800,0.0
100033801,0.0
100033802,0.0
100033803,0.0
100033804,0.0
100033805,0.0
100033806,0.0
100033807,0.0
100033808,0.0
100033809,0.0
100033810,0.0
100033811,0.0
100033812,0.0
100033813,0.0
100033814,0.0
100033815,0.0
100033816,0.0
100033817,0.0
100033818,0.0
100033819,0.0
100033820,0.0
100033821,0.0
100033822,0.0
100036563,0.0
100036564,0.0
100036565,0.0
100037417,0.8920647745448773
100038246,0.0
10004,1.4074078023515355
100048903,0.4051586900092324
100048907,0.5616096097788555
100048908,0.0
100048909,0.2536192177458344
100048912,0.0471602662673416
100048922,1.0066753925955536
100049587,0.634479029512719
100049716,1.5451519617937364
100049717,0.0
10005,1.5681171368697282
10006,2.495455784210247
10007,2.2373765562851364
100073347,0.0610219959658159
10008,0.5670640957507678
10009,2.3415854446242723
100093624,0.0
100093625,0.0
100093626,0.0
100093698,0.0
1001,2.5651398800998972
10010,2.434523148897762
100101116,0.0
100101117,0.0
100101118,0.0
100101120,0.0
100101266,0.875043936356203
100101267,1.9189451258446129
100101268,0.946573426634685
100101467,1.7348188259267705
100101490,0.0
10011,2.1590677782463725
100113379,0.0
100113380,0.0
100113381,0.0
100113382,0.0
100113386,0.2099592200681515
100113389,0.3903255331569754
100113392,0.0
100113393,0.0
100113397,0.1377268877932005
100113403,0.0
100113404,0.0
100113407,1.0841682730061766
100124412,0.0
100124534,0.2730890153463308
100124535,0.4781712195300542
100124536,0.2765103030942561
100124537,0.4701623632416249
100124538,0.0
100124539,0.0
100124540,0.0
100124541,0.0
100124700,1.3166841760587766
100125288,0.4700473166871431
100126270,0.085634128532859
100126296,0.0
100126297,0.0
100126299,0.0
100126301,0.0
100126302,0.0
100126303,0.0
100126304,0.0
100126306,0.0
100126307,0.0
100126308,0.0
100126309,0.0
100126310,0.0
100126311,0.0
100126313,0.0
100126314,0.0
100126315,0.0
100126316,0.0
100126317,0.0
100126318,0.0
100126319,0.0
100126320,0.0
100126321,0.0
100126323,0.0
100126324,0.0
100126325,0.0
100126326,0.0
100126327,0.0
100126328,0.0
100126329,0.0
100126330,0.0
100126331,0.0
100126332,0.0
100126333,0.0
100126334,0.0
100126335,0.0
100126336,0.0
100126337,0.0
100126338,0.0
100126339,0.0
100126340,0.0
100126341,0.0
100126342,0.0
100126343,0.0
100126345,0.0
100126346,0.0
100126347,0.0
100126348,0.0
100126349,0.0
100126350,0.0
100126351,0.0
100126352,0.0
100126354,0.0
100126355,0.3867320790387663
100126356,0.0
100126572,0.0
100126791,1.550592599848479
100126793,0.3490197481692411
100127206,0.0
100127888,0.2622815563011142
100127892,0.3818278005961312
100127893,0.0553878071845259
100127900,0.1140922349498855
100127902,0.0
100127906,0.0567512557756906
100127907,1.4410300839894388
100127911,0.0384536920503017
100127917,0.0
100127924,0.5382140164979646
100127938,0.8059440791292173
100127945,0.0
100127949,0.0671953437318986
100127950,0.022997480615535
100127954,0.0
100127958,0.0
100127963,0.0
100127965,0.1113630007312303
100127967,0.0
100127969,0.0
100127978,0.0
100127981,0.0
100127983,1.2460052423074868
100127986,0.0
100127995,0.0
100127999,0.2735361170356658
100128006,0.0344662129356738
100128007,0.6007640465925782
100128016,0.0199533676763937
100128022,0.0
100128025,0.3434574844047044
100128030,0.0
100128043,0.0
100128052,0.0
100128054,0.0290530521054448
100128059,0.0187326529005272
100128060,1.5245446090298551
100128071,0.7376724305799057
100128072,0.0
100128079,0.1274256342200705
100128083,0.5400973019034722
100128093,0.1195237358855934
100128094,0.0
100128098,1.1159801821475668
100128115,0.1687234043797212
100128117,0.0758001637739616
100128126,0.154670119035868
100128135,0.0193432301006561
100128139,0.3521224584682674
100128140,0.1069773613093653
100128144,0.2624326809349534
100128154,0.0
100128164,0.0368609624667365
100128174,0.0
100128190,0.0
100128191,0.5831808520444036
100128210,0.0
100128233,0.0477506279872771
100128237,0.0
100128239,0.3601577487070311
100128240,0.0
100128248,0.0
100128250,0.0
100128252,1.0862870834857077
100128258,0.0
100128260,0.0199224327663038
100128264,0.0
100128275,0.1359600224363479
100128293,0.0
100128299,0.0310619747051902
100128305,0.0869490986322006
100128310,0.0420263638480368
100128312,0.0
100128327,0.0727508259833435
100128334,0.0
100128341,0.0970237498872507
100128351,0.0
100128355,0.0
100128358,0.0
100128362,0.0453866897349848
100128368,0.0
100128373,0.0
100128379,0.0
100128384,0.0
100128385,0.202009801220362
100128386,0.2559080167354376
100128397,0.4636919213965629
100128398,1.0739632781024089
100128413,0.1484228777959074
100128420,0.0436093653522559
100128427,0.0366616595234452
100128448,0.0
100128450,0.0
100128462,0.0
100128493,0.0
100128494,0.3437297520805705
100128505,0.0
100128523,0.0
100128531,0.8138338482899002
100128535,0.4290047652446949
100128541,0.3077880519267111
100128548,0.0
100128554,0.0453866897349848
100128560,0.2007044229568114
100128568,0.9301150363897231
100128569,1.2684570650739626
100128595,0.0
100128601,0.0203598820990786
100128605,0.0
100128610,0.0
100128637,0.0
100128640,1.2746678088098302
100128646,0.2726416588947935
100128655,0.0
100128662,0.0
100128664,0.0
100128674,0.0
100128675,0.0946095302476571
100128678,0.0
100128681,0.0420263638480368
100128682,0.0
100128685,0.0
100128688,0.0
100128707,0.0
100128710,0.0
100128714,0.0
100128731,2.9336857907524747
100128733,0.0
100128738,0.0
100128750,0.988177637602792
100128756,0.0
100128766,0.0816766944344988
100128770,0.4517587105857959
100128771,0.7577987748300614
100128782,0.8241148822043715
100128788,0.4210582040503606
100128803,0.0
100128804,0.0
100128807,0.0
100128811,0.0
100128817,0.0867613730983522
100128822,1.533269475243621
100128833,0.0
100128849,0.0
100128863,0.0
100128865,0.0
100128867,0.0
100128881,1.2511014323992524
100128882,0.4747495335754784
100128888,0.1263525663569857
100128893,0.1600115535070715
100128899,0.0
100128902,0.0
100128905,0.0658488120877697
100128906,0.0
100128908,0.0262325134658017
100128911,0.0
100128923,0.2765103030942561
100128927,2.1540739249503345
100128930,0.0
100128936,1.2863122133939102
100128939,0.1340120576228596
100128946,0.0240097576149657
100128961,0.0424223934120883
100128963,0.1025683134842556
100128985,0.0
100128993,0.0
100129001,0.0
100129005,0.0
100129007,0.0
100129009,0.0623763134303502
100129013,0.0
100129017,0.2363169510329401
100129029,0.2562126892250005
100129032,0.27144746091716
100129040,0.0
100129045,0.0660413065929845
100129049,0.0
100129053,0.0
100129060,0.5702767742105402
100129061,0.0
100129066,0.1084418312612436
100129074,0.0
100129075,0.8890209264875926
100129078,0.0
100129090,0.0852580403731478
100129102,0.0
100129123,0.0
100129128,0.0440046509270564
100129129,0.2068861426155446
100129135,0.0
100129141,0.8731951528330149
100129143,0.051479983874231
100129144,0.0
100129168,0.0
100129175,0.1920023178353444
100129176,0.0
100129180,0.1243816268565123
100129193,0.1396660445520418
100129195,0.9297650355508492
100129196,0.6210011814782408
100129199,0.1034888062958342
100129213,0.0
100129215,0.3967002205234858
100129216,1.122400122830557
100129223,0.0
100129227,0.0
100129229,0.0473570995805846
100129234,0.0
100129239,0.0
100129243,1.47848239301473
100129250,0.8251478399664293
100129259,0.0
100129260,0.0
100129271,0.0
100129276,0.0
100129277,0.0
100129278,0.0
100129283,0.0
100129284,0.0
100129288,0.0
100129298,0.0
100129307,0.0
100129308,0.0
100129310,0.2046142054746045
100129315,0.0
100129320,0.4917004710876297
100129325,0.0
100129337,0.3311045314064483
100129339,0.0
100129344,0.0
100129345,0.0
100129347,0.0671953437318986
100129351,0.0
100129361,1.9924593230658976
100129367,0.0
100129368,0.0
100129370,0.0
100129374,0.0
100129385,0.0
100129396,0.2880029443553827
100129398,0.0
100129403,0.0
100129404,0.0
100129407,0.0
100129418,0.1128197163068454
100129421,0.0
100129422,0.0
100129423,0.0
100129427,0.0
100129434,0.701841168817595
100129452,0.2403673497812929
100129456,0.0
100129457,0.0
100129461,0.5608994807062866
100129471,0.0
100129480,1.0257203734457854
100129484,0.5761623469072065
100129487,0.0
100129515,0.0
100129517,0.3242947981765378
100129518,0.3430489017355359
100129520,0.0
100129527,0.0
100129540,0.0442022240997431
100129543,0.3593580110842576
100129550,1.5649063075220977
100129553,0.9725926223376142
100129554,0.0
100129556,0.1576036338499989
100129557,0.0
100129573,0.1484228777959074
100129574,0.0
100129583,0.6957637283361037
100129584,0.1433553526763596
100129587,0.0473570995805846
100129589,0.0
100129597,0.0436093653522559
100129599,0.2197463947522698
100129601,0.0
100129607,0.0
100129611,0.0
100129616,0.0
100129620,0.0
100129631,0.0
100129634,0.0
100129636,0.0
100129640,0.0298571944893556
100129654,0.0792173887819751
100129657,1.6187442912760217
100129662,0.8101826243557994
100129667,0.0
100129669,0.0
100129670,0.0795962166369358
100129685,1.2726377784399734
100129694,0.0396462670429822
100129706,0.0
100129707,0.0
100129714,0.0
100129716,0.1827042983389634
100129718,0.0
100129722,0.181199928331334
100129723,0.0
100129724,0.0166942133416963
100129726,0.4349398178572823
100129731,0.0
100129732,0.0
100129734,0.0524586470199822
100129774,0.0380557917082188
100129776,0.0390501905320824
100129777,0.0
100129779,0.0
100129781,0.7040752690169217
100129782,0.0
100129784,0.3185503518002548
100129792,0.6721099116121992
100129794,1.4758991763112324
100129795,0.0
100129799,0.0
100129801,0.0
100129808,0.0861979419229091
100129813,0.0370602183099194
100129815,0.0551928477150357
100129818,0.036063467897197
100129819,0.0
100129827,0.1644645680444395
100129836,0.0548027927666294
100129842,1.5147752815159017
100129843,0.0
100129844,0.0286506937617837
100129845,0.0633423431029015
100129847,0.0
100129858,0.257430204361254
100129863,0.0
100129878,0.2270483524983386
100129882,0.4978186978501309
100129917,0.9240203071477904
100129921,0.0
100129923,0.0
100129924,0.2230881940461186
100129928,0.1144554512135472
100129931,0.1465044137579888
100129933,0.2257832415899689
100129939,0.0
100129940,0.1317039313972478
100129947,0.0
100129949,0.0
100129955,0.0
100129958,0.031262604438497
100129959,0.0
100129969,0.0
100129975,1.263357731409979
100129976,0.1498152965710392
100129995,0.0148554188895284
100129996,0.0
100129997,0.0
10013,1.9722149843514696
100130002,0.0370602183099194
100130011,0.0
100130018,0.0
100130044,0.0
100130059,0.0
100130064,0.0
100130066,0.0719867467506061
100130072,0.0
100130073,0.0
100130086,0.042620338349058
100130105,0.0
100130108,0.0270393423001977
100130110,0.0
100130111,0.0752292615879394
100130121,0.0
100130137,0.0
100130148,0.3719230718394904
100130176,0.0
100130177,0.0
100130192,0.0
100130196,0.0
100130197,0.0
100130203,0.0
100130225,0.0725598717535938
100130231,0.1685534795001399
100130240,0.1806978483933106
100130249,0.0
100130264,0.0
100130268,0.0
100130274,0.0
100130277,0.0
100130279,0.0
100130286,0.1149999756639092
100130301,0.1761650389354001
100130302,0.0154687933557568
100130310,0.0
100130311,0.6177311154326648
100130313,0.0
100130316,0.0
100130319,0.0
100130326,0.0
100130331,0.0
100130335,0.2143060330373782
100130347,0.0
100130348,0.0101380977223869
100130357,0.2689037468752279
100130361,0.0
100130370,0.2126988543900615
100130374,0.0
100130386,0.1520729184419736
100130391,0.0
100130392,0.0700734830017112
100130400,0.0858221088259321
100130405,0.0
100130417,0.8247348545461005
100130446,0.1671927972655278
100130448,0.0
100130449,1.1074955956521562
100130466,0.0590834488965626
100130480,0.0
100130488,0.0
100130490,0.0
100130497,0.0
100130514,0.0
100130519,0.4720006660943524
100130520,0.0
100130522,1.0658652043861925
100130523,0.0994309548859968
100130524,0.0
100130535,0.0294552189612712
100130537,0.0
100130548,0.7131832232210908
100130550,0.0189362275154237
100130562,2.5725447109514787
100130564,0.0
100130566,0.1195237358855934
100130587,0.0
100130602,0.0
100130603,0.0
100130607,0.0
100130612,0.0
100130613,0.0
100130620,0.0
100130626,0.0
100130630,0.2592529613172205
100130636,0.0
100130660,0.0
100130664,0.0725598717535938
100130671,0.0
100130676,0.0
100130687,0.0
100130691,0.3663935269313085
100130705,0.3614887857873177
100130714,0.0
100130717,0.2853657372489276
100130718,0.0
100130719,0.0
100130721,0.0826206497668653
100130731,0.1215063417494183
100130733,0.600188153008246
100130742,0.3220581389728384
100130748,0.0
100130750,0.4493961235770672
100130756,0.2662014012677841
100130760,0.0
100130766,0.0286506937617837
100130771,0.2684540003248531
100130776,0.7077003122774207
100130782,0.0
100130785,0.0
100130786,0.1049594666720178
100130801,0.0
100130803,0.0
100130820,0.0
100130821,0.0
100130827,0.0809207585101274
100130843,0.0
100130855,0.2717461806870164
100130861,0.0
100130871,0.0
100130880,0.0
100130881,0.4320387565169033
100130890,0.5354849776356841
100130892,0.4694718140338474
100130894,0.0278454019696254
100130898,0.0
100130929,0.0461754078434364
100130933,0.1055102904479631
100130950,0.8113082611716927
100130954,0.0
100130958,0.8674875088057612
100130967,0.5192128943969841
100130980,0.2818355714733183
100130983,0.0
100130988,0.0
100130995,0.0
100131011,0.0
100131012,0.1001702276495741
100131017,1.763263398854414
100131029,0.0
100131031,1.5667669180971089
100131033,0.0
100131036,0.2994731460902649
100131038,0.0
100131041,0.0
100131046,0.0
100131051,0.5192128943969841
100131055,0.0524586470199822
100131065,0.0471602662673416
100131067,1.2304949228912887
100131072,0.0
100131080,0.0
100131083,0.0
100131085,0.0555827213422205
100131089,1.2276972368693475
100131094,0.1051431153898577
100131103,0.0
100131107,0.031262604438497
100131117,0.0072538062085478
100131118,0.0893856781967923
100131137,0.0
100131138,0.0225922306114602
100131151,0.0
100131161,0.0921882600032804
100131187,2.622582462000813
100131189,0.0
100131193,0.7904534628731016
100131205,1.712874595787858
100131207,0.0
100131208,0.0058079828238362
100131211,1.2697244190279329
100131213,0.5903252165535635
100131216,0.0
100131229,0.0
100131236,0.0
100131244,0.0
100131246,0.2598596119643578
100131250,0.0
100131264,0.0
100131286,0.0
100131289,1.5247612245399087
100131291,0.0818655711838594
100131302,0.0
100131303,0.0
100131315,0.0244143296379668
100131327,0.0
100131338,0.0641143646112851
100131339,0.0
100131340,0.0
100131348,0.0
100131366,0.0790279102152443
100131369,0.5641400268502366
100131378,0.212055077748509
100131379,0.0
100131390,0.0648856742777243
100131396,0.0
100131415,0.0
100131418,0.0
100131425,0.0
100131434,0.4935970408709675
100131439,0.0635354152782802
100131441,0.0
100131442,0.0
100131451,0.0
100131465,0.4878925008671732
100131467,0.2465586152299185
100131469,0.0
100131471,1.3495566289501426
100131496,0.0189362275154237
100131520,0.0
100131526,1.1471415920557382
100131527,0.0
100131533,0.0
100131535,0.1157254490155959
100131536,0.0942374869521354
100131550,0.0
100131553,0.0
100131557,0.0
100131562,0.0
100131608,0.0
100131611,0.0
100131614,1.610707105802517
100131616,0.0
100131623,0.1049594666720178
100131624,0.0
100131638,0.0
100131641,0.0
100131655,0.9419563572648284
100131656,0.0
100131672,0.5598837827191709
100131678,0.0
100131685,0.0
100131688,0.0
100131691,0.5304194087365431
100131711,0.0
100131726,0.0495192289370227
100131736,0.0
100131740,0.0
100131755,1.2380814358324943
100131759,0.0
100131760,0.0
100131761,0.6289717177811522
100131779,0.0
100131785,0.1678734237127189
100131788,0.0
100131789,0.0
100131801,0.4357838370522947
100131805,0.0
100131810,0.0370602183099194
100131814,0.2833084097715614
100131827,0.90251255102729
100131828,0.0314631865193807
100131832,0.136843931739014
100131842,0.0
100131846,0.0863857947605423
100131863,2.156622151518923
100131893,0.0366616595234452
100131897,1.8134235117590067
100131902,0.0
100131913,0.0
100131921,0.0
100131935,0.0
100131939,0.0
100131940,0.0
100131947,0.0491265280900879
100131950,0.0
100131953,0.1177172127846447
100131956,0.0
100131961,0.2028245859775974
100131980,0.0
100131981,0.0
100132015,0.0
100132036,0.0
100132037,0.2256249613852226
100132047,0.0
100132058,0.0471602662673416
100132061,0.0721778321548017
100132066,0.1055102904479631
100132073,0.0366616595234452
100132074,1.2538824718316166
100132076,0.0538268611423806
100132078,0.0326656794165476
100132086,0.0
100132103,0.20271249405098452
100132116,2.02204937620759
100132124,0.0
100132126,0.0
100132142,0.0
100132146,0.04578114125236
100132147,0.1164502841304022
100132153,0.0479473231186116
100132166,0.0
100132169,0.9791977060737992
100132172,0.0
100132174,0.0
100132202,0.0
100132204,0.0
100132215,0.2160702066097536
100132234,0.0
100132242,0.0
100132247,0.2875640272652024
100132249,0.7603102969720592
100132268,0.0316637209677261
100132273,0.6850594520683956
100132280,0.0
100132289,0.0
100132304,0.0
100132308,0.0
100132321,0.0
100132358,0.0960960359655527
100132386,0.0
100132396,0.0
100132399,0.0
100132400,0.0
100132406,0.4435757693419984
100132415,0.4671652947146989
100132417,0.2872712788607249
100132421,0.0
100132441,0.0
100132463,0.0
100132464,0.0
100132476,0.0
100132479,0.0
100132487,0.0
100132498,0.0
100132504,0.0
100132520,0.0
100132524,0.0
100132534,0.0
100132537,0.0
100132547,0.2536192177458344
100132562,0.0
100132565,0.0
100132591,0.0
100132597,0.0
100132599,0.0
100132606,0.0
100132609,0.0
100132612,0.0
100132641,0.0
100132644,0.147202558931156
100132645,0.0759903776592968
100132647,0.0
100132659,0.0
100132669,0.0
100132672,0.0
100132673,0.0561671921294347
100132677,0.1089903385970567
100132678,1.5162603456686483
100132686,0.0372594270725486
100132698,0.0
100132708,0.0
100132712,0.0
100132723,0.0
100132735,0.0221867865316464
100132742,1.3316032002213665
100132762,0.0
100132778,0.0
100132796,0.0495192289370227
100132803,0.1340120576228596
100132812,0.0
100132824,0.0334663908138561
100132834,0.0671953437318986
100132849,0.0
100132857,0.1202452363628534
100132891,0.1687234043797212
100132916,0.0
100132922,0.0
100132923,0.3207971677744509
100132924,0.1357831260270535
100132948,0.0812988122919001
100132949,0.0
100132963,0.0673875284399155
100132965,0.0
100132967,0.0
100132972,0.3355194528853651
100132977,0.3309661565700914
100132979,0.0080788886488122
100132987,0.0274424681999785
100132988,0.0
100132994,0.0
100132995,0.1279616427158935
100133012,0.0
100133024,0.0
100133029,0.0
100133037,0.0569458532680942
100133038,0.434698493723104
100133044,0.0
100133053,0.0
100133054,0.0
100133064,0.0
100133077,0.0
100133087,0.0
100133093,0.0875120208953502
100133102,0.0
100133108,0.0
100133121,0.1921673828594753
100133123,0.0300581105554705
100133127,0.0
100133128,0.0
100133137,0.0
100133163,0.0
100133168,0.0
100133170,0.1966113887139408
100133205,0.4244917031046245
100133210,0.0
100133220,0.23550974395783625
100133225,0.0
100133234,0.0
100133251,0.0
100133252,0.0246165431357565
100133265,0.0
100133267,0.0
100133273,0.9023906389179984
100133294,0.0
100133307,0.0
100133309,0.114273863088368
100133311,0.2736850943622116
100133315,0.5613053553211942
100133316,0.0
100133319,0.0
100133330,0.0
100133461,0.0
100133545,0.2377213523100385
100133612,0.347124971281415
100133941,3.190283221946548
100133957,0.4691262963598183
100133985,0.7165977155270943
100134015,0.3281934312999205
100134229,1.6973826979665918
100134317,0.3256894285398761
100134444,0.0
100134713,0.2843377498087372
100134934,0.032865928486596
100134938,0.0
100137047,0.1591524003533607
100137049,0.1088075433050862
10014,2.267121367542759
100141515,0.0306605722017031
100144435,0.0
100144595,0.0
100144597,0.0
100144602,0.0
100144603,0.6665466184510738
100144748,0.7787383145926706
100147744,0.0
100147745,0.0
100147746,0.9999479635361376
100147747,0.0
100147749,0.0
100147752,1.1398473451664748
100147755,0.0
100147756,0.5008035125254379
100147758,0.0
100147759,0.5008035125254379
100147760,0.0
100147761,0.5008035125254379
100147762,0.0
100147766,0.0
100147767,0.0
100147768,0.0
100147769,0.0
100147770,0.0
100147771,0.0
100147812,0.0
100147813,0.0
100147814,0.0
100147815,0.0
100147817,0.0
100147821,0.0
100147822,0.0
100147825,0.0
100147827,0.7813924727343327
100147828,0.5068461003684477
100147829,0.0
100147830,0.4892387561825916
100147832,0.494932836298095
100147833,0.0
100147834,0.7965212445065479
100147835,0.0
100147836,0.7965212445065479
100147837,0.0
10015,2.541930598572762
100151643,0.0
100151645,0.0
100151647,0.0
100151648,0.0
100151649,0.0
100151650,0.0
100151651,0.0
100151652,0.812291599190769
100151654,0.5068461003684477
100151655,0.0
100151656,0.5068461003684477
100151658,0.0
100151663,0.0
100151664,0.0
100151665,0.0
100151666,0.0
100151667,0.0
100151668,0.0
100151670,0.0
100151671,0.0
100151672,0.5008035125254379
100151676,0.0
100151677,0.0
100151678,0.0
100151679,0.0
100151681,0.0
100151683,0.0
100151684,0.0
100151685,0.0
100151686,0.494932836298095
100151687,0.0
100151688,0.0
100158257,0.0
10016,0.9240203071477904
100169751,0.0
100169752,0.0
100169753,0.0
100169754,0.0
100169755,0.0
100169756,0.0
100169757,0.0
100169758,0.0
100169759,0.0
100169760,0.0
100169761,0.0
100169762,0.0
100169763,0.0
100169764,0.0
100169765,0.0
100169766,0.0
100169767,0.0
100169768,0.0
100169834,0.0
100169850,0.0
100169851,0.0
10017,0.7308795509455057
100170229,0.5916871499835843
100170765,0.1642937488756426
100170841,1.4014835565649713
100174857,0.0
100174949,0.0
10018,2.0108053192297617
100187716,0.0
100188847,0.0
100188891,0.0
100188893,0.0
100188949,0.1888596375756467
100188953,0.4998099321877999
100188954,0.6540399132253775
100189478,0.0
100189512,0.0
100189589,0.0481439722271771
10019,1.9589677978056124
100190938,1.169880571435546
100190940,0.0
100190949,0.057723791780431
100191040,0.8158612403736625
100192204,0.1512053420531817
100192379,0.0
100192386,0.0166942133416963
100192420,0.0693069482704467
100194425,0.0
100194426,0.1918372189643938
1002,0.627680383189634
10020,1.909499885521679
10021,0.0542173700425294
100216001,0.1001702276495741
100216339,0.1012779001967963
100216341,0.4550537199587505
10022,0.112455778548313
10023,1.4387133046662126
100233209,0.9029999630876973
10024,0.4102882633523751
100240711,0.0
100240712,0.0
10025,2.3225986399221035
10026,2.3111647422081547
100268168,0.3678456273961285
100270648,0.0483405753318879
100270679,0.0
100270680,0.0565566131007352
100270753,0.0
100270754,0.0
100270755,0.0916285002418245
100270790,0.0
100270804,0.828099883153254
100270823,0.1215063417494183
100270825,0.0
100270826,0.0
100270827,0.498814995044631
100270828,0.0
100270832,0.3182690404455821
100270833,0.6070679279622099
100270834,0.0
100270835,0.0
100270837,0.0
100270838,0.0
100270839,0.1761650389354001
100270840,0.7049008480670351
100270841,0.4671652947146989
100270843,0.0
100270844,0.0
100270845,0.1833720086948557
100270846,0.0
100270848,0.095353116336939
100270851,0.3366192385950894
100270852,0.0
100270853,0.186369888167896
100270854,0.6836988785646383
100270855,0.0
100270856,0.0
100270857,0.0
100270858,0.0
100270859,0.0
100270860,0.1416006154108587
100270862,0.8056605272428782
100270865,0.6586462357225081
100270866,0.1102687734821434
100270867,0.6751333548149987
100270869,0.0
100270870,0.0
100270871,0.0
100270872,0.0
100270873,0.3191126678813421
100270874,0.0
100270875,0.0
100270876,0.0
100270877,0.0
100270879,0.0886367224100169
100270880,0.0
100270881,0.0
100270882,0.0
100270884,0.1153627921809967
100270885,0.0
100270886,0.0951672823362936
100270887,0.112273749424129
100270888,0.3480729452368478
100270889,0.0
100270890,0.0
100270895,0.1018311809447803
100270896,0.8434641215819205
100270897,0.0532407567944813
100270900,0.5312661474919832
100270903,0.0
100270904,0.1067941198550825
100270905,0.1558793174845897
100270906,0.0
100270907,0.0493229014588557
100270908,0.0
100270910,0.0481439722271771
100270911,0.0
100270912,0.0
100270914,0.0708393147493007
100270916,0.0
100270917,0.0
100270919,0.0
100270922,0.0
100270923,0.0852580403731478
100270924,0.0
100270925,0.0
100270928,0.8933648004325125
100270930,0.0677717653179942
100270935,0.0
100270937,0.0
100270938,0.0
100270939,0.0
100270940,0.5054223755332106
100270941,0.0
100270942,0.0
100270943,0.0
100270944,0.0
100270946,0.4478563932861349
100270950,0.0700734830017112
100270951,0.0
100270952,0.0
100270953,0.0
100270954,0.0
100270955,0.0
100270956,0.0918151287903754
100270959,0.0
100270961,0.0
100270962,0.0
100270963,0.3124795204068381
100270964,1.3715906530879582
100270966,0.0
100270967,0.0
100270968,0.0
100270969,0.238188934556376
100270970,0.2065619740916918
100270971,0.407540162703302
100270975,0.0
100270977,0.0
100270978,0.0
100270980,0.0
100270981,0.0
100270982,0.0
100270983,0.0
100270984,0.0
100270985,0.2096362928752736
100270986,0.2101206348407074
100270987,0.0
100270988,0.2091516577938769
100270989,0.0
100270990,0.0
100270993,0.0934928992017695
100270994,0.0
100270995,0.4041537043533137
100270996,0.0
100270997,0.2126988543900615
100270998,0.1162691351325153
100270999,0.0
100271001,0.0
100271002,0.1182595860883647
100271003,0.4536433688452947
100271004,0.132770028068318
100271007,0.2041265232242545
100271008,0.0
100271010,0.6695077327714577
100271011,0.0
100271012,0.0
100271015,0.0
100271016,0.0
100271017,0.962549275981887
100271018,0.0
100271019,0.2520896588262283
100271020,0.1379033647729047
100271023,0.4275440557109228
100271033,0.426690653496015
100271034,0.0483405753318879
100271035,0.0499117462968908
100271036,0.0
100271037,0.1489453134079853
100271038,0.0
100271039,0.1913417191488781
100271041,0.2459416614431023
100271042,0.0
100271043,0.0
100271044,0.9155415473902758
100271045,0.0
100271047,0.0
100271049,0.0
100271052,0.0
100271053,0.0
100271054,0.0
100271055,0.0
100271056,0.0
100271057,0.0
100271059,0.0
100271060,0.0
100271062,0.0933066477599419
100271063,0.2546881495690168
100271065,0.0
100271066,0.3212177200696997
100271067,0.0
100271068,0.0880745620036581
100271069,0.0
100271071,0.1896878480350211
100271072,0.0
100271073,0.0
100271075,0.089572811643912
100271076,0.1694027480215364
100271077,0.2454786304334116
100271078,0.0
100271080,0.0
100271085,0.3359320567572714
100271088,0.0
100271089,0.0
100271090,0.0
100271091,0.0
100271093,0.0
100271094,0.5606964567607127
100271097,0.0
100271098,0.0
100271101,0.3644089194923896
100271103,0.0
100271104,0.3168609479248995
100271105,0.2165506698612004
100271107,0.0
100271110,0.0
100271111,0.0
100271112,0.0
100271113,0.0
100271116,0.0
100271119,0.0
100271120,0.3576223679762332
100271121,0.0
100271123,0.0
100271126,0.0
100271127,0.0
100271129,0.0
100271131,0.0
100271132,0.1258155061858682
100271133,0.0
100271136,0.0
100271141,0.0
100271142,0.0
100271143,0.1020155256679961
100271144,0.3153090826049388
100271145,0.0
100271146,0.0
100271147,0.0
100271148,0.0
100271149,0.0
100271150,0.0
100271151,0.0
100271152,0.0
100271153,0.0
100271154,0.0
100271155,0.0
100271156,0.0
100271158,0.1615557448577286
100271160,0.0
100271161,0.6033497469993226
100271162,0.1675331818740776
100271163,0.0
100271164,0.0
100271165,0.0861979419229091
100271166,0.0
100271167,0.0
100271168,0.4765764164248742
100271169,0.0
100271170,0.085634128532859
100271171,0.0852580403731478
100271172,0.0
100271173,0.0
100271174,0.0
100271175,0.2345970813119669
100271176,0.0
100271177,0.0
100271178,0.0
100271179,0.0
100271180,0.0
100271181,0.0583067721494003
100271184,0.0908815660467812
100271185,0.0
100271186,0.3013445768910261
100271187,0.0852580403731478
100271189,0.0
100271190,0.0
100271191,0.0
100271193,1.6356861888160688
100271194,0.0
100271197,0.0
100271198,0.0
100271199,0.1069773613093653
100271200,0.0
100271201,0.0
100271202,0.0
100271204,0.1042244635039507
100271206,0.0
100271207,0.135252207441062
100271209,0.4923704111338037
100271210,0.1570867224494012
100271211,0.1489453134079853
100271212,0.0
100271213,0.0
100271214,0.0
100271215,0.0
100271216,0.1584644237132182
100271217,0.0
100271218,0.0
100271220,0.0
100271221,0.0
100271224,0.0551928477150357
100271225,0.0
100271226,0.0555827213422205
100271227,0.0
100271229,0.0
100271230,0.0
100271233,0.0
100271235,0.0
100271236,0.0
100271237,0.0
100271243,0.0
100271244,0.0
100271247,0.0477506279872771
100271250,0.0508922379282558
100271251,0.051284114267885
100271252,0.1375503727556631
100271253,0.0
100271254,0.0957246593932778
100271256,0.0
100271257,0.0
100271258,0.0
100271260,0.540619562034321
100271261,0.0
100271263,0.0551928477150357
100271267,0.0641143646112851
100271271,0.6762529575803331
100271272,0.0
100271276,0.4563441840621564
100271277,0.1946393048600189
100271278,0.6472518113508441
100271282,0.2361607530198453
100271284,0.0
100271285,0.0957246593932778
100271286,0.0763706752693144
100271287,0.0
100271288,0.0710306629776471
100271290,0.1069773613093653
100271291,0.0
100271292,0.0
100271293,0.0
100271294,0.0
100271296,0.0
100271297,0.0986910213962365
100271298,0.0871367817651098
100271299,0.0
100271300,0.3771521896049271
100271301,0.0
100271302,0.0
100271304,0.1137288585710933
100271305,0.0
100271306,0.0
100271308,0.0
100271309,0.2536192177458344
100271312,0.0
100271313,0.0
100271315,0.0
100271316,0.0
100271317,0.0
100271319,0.1636101126354953
100271321,0.0
100271324,0.0
100271326,0.0
100271328,0.0
100271329,0.0
100271332,0.0
100271334,0.0
100271336,0.0
100271337,0.0
100271338,0.0
100271339,0.0
100271340,0.1361368806434324
100271342,0.0
100271344,0.0
100271346,0.0
100271347,0.0
100271351,0.0
100271353,0.1069773613093653
100271354,0.0
100271357,0.0
100271358,0.2970190835551979
100271359,0.0
100271360,0.1031207321073816
100271361,0.0422244019181622
100271362,0.0
100271363,0.0
100271364,0.0897599029245919
100271365,0.0
100271366,0.0
100271372,0.0
100271374,0.4360248097835503
100271375,0.0
100271376,0.0
100271378,0.0
100271379,0.0
100271380,0.0
100271381,0.0
100271383,0.2197463947522698
100271384,0.0
100271385,0.1133653219532496
100271386,0.0540221383132408
100271387,0.0
100271389,0.0
100271391,0.0
100271392,0.4340948411158832
100271393,0.0
100271395,0.0
100271398,0.0
100271399,0.0
100271401,0.0
100271402,0.0
100271404,0.0
100271407,0.0
100271408,0.0
100271410,0.0
100271411,0.0
100271414,0.0
100271415,0.9372469283671128
100271416,0.0
100271417,0.147028078610212
100271419,0.0
100271420,0.0
100271421,0.0
100271422,0.4219180576872851
100271423,0.0875120208953502
100271424,0.0852580403731478
100271425,0.2333439246723052
100271427,0.6843795043657691
100271428,0.0
100271429,0.0
100271430,0.0801641354811421
100271431,0.0
100271432,0.0852580403731478
100271433,0.0
100271435,0.0
100271437,0.0
100271438,0.2482527629550388
100271439,0.085634128532859
100271441,0.0
100271444,0.1615557448577286
100271447,0.2248330884582169
100271448,0.1883623024484596
100271449,0.0
100271450,0.0
100271451,0.0
100271452,0.0
100271453,0.0
100271456,0.0
100271457,0.0
100271458,0.0
100271460,0.3046445817346442
100271461,0.0
100271462,0.0
100271464,0.0282481437700031
100271465,0.0
100271466,0.0
100271467,0.1714373696317186
100271469,0.0
100271470,0.0
100271471,0.2527018377567929
100271474,0.0
100271475,0.0
100271476,0.8030318145613987
100271477,0.0
100271478,0.0
100271479,0.8661332676123566
100271480,0.0
100271482,0.4051586900092324
100271483,0.0
100271485,0.2007044229568114
100271486,0.0
100271487,0.2871248635282031
100271488,0.2101206348407074
100271489,0.0
100271490,0.1888596375756467
100271491,0.3438658497099287
100271492,0.0
100271495,0.0
100271498,0.4150114182635262
100271499,0.0
100271500,0.1153627921809967
100271502,0.2165506698612004
100271503,0.0
100271504,0.0
100271505,0.0
100271507,0.0
100271510,0.6197883714568639
100271512,0.0
100271513,0.0
100271515,0.8833288733746815
100271516,0.0
100271520,0.2394344754937768
100271533,0.0
100271534,0.0
100271535,0.1130016249722951
100271536,0.0
100271537,0.0
100271538,0.2344405447499205
100271539,0.0
100271542,0.0
100271543,0.0
100271545,0.0
100271547,0.0
100271548,1.0759819140275926
100271549,0.1062441514989379
100271551,0.0
100271553,0.0
100271557,0.0
100271558,0.0
100271560,0.0
100271561,0.0
100271562,0.0
100271563,0.120425512675816
100271564,0.2131813471486692
100271570,0.0
100271572,0.1157254490155959
100271574,0.0
100271575,0.4738343859925213
100271583,0.0
100271585,0.0
100271586,0.0
100271587,0.0
100271588,0.2916510273594812
100271589,0.0
100271590,0.0
100271591,0.0
100271592,0.0
100271593,0.1082589144778865
100271594,0.4915887546609958
100271595,0.053631538511365
100271596,0.0
100271597,0.0
100271602,0.076560759028747
100271604,0.0
100271605,0.0
100271606,0.0
100271607,0.1957902746995032
100271610,0.0
100271612,0.6648863006827636
100271613,0.0
100271617,0.0
100271619,0.0
100271620,0.2333439246723052
100271621,0.0
100271622,0.1642937488756426
100271623,0.0890112847364733
100271624,0.0869490986322006
100271626,1.5159396367393922
100271627,0.2385005031018857
100271630,0.0
100271638,0.0
100271639,0.1207859468404668
100271642,0.0
100271644,0.0
100271647,0.0
100271649,0.0
100271650,0.822320511141752
100271651,0.0
100271652,0.1033047896802982
100271702,0.9023906389179984
100271715,0.3561506610958442
100271832,0.0
100271835,0.0
100271836,0.3256894285398761
100271846,0.0
100271849,0.1153627921809967
100271870,0.0
100271873,0.0
100271884,0.0
100271893,0.0302589788495971
100271927,0.9037303729316728
100272147,0.0
100272228,0.603158539471753
100286844,0.4167440575427305
100286918,0.0
100286938,0.0
100286946,0.1034888062958342
100286958,0.0
100286962,0.4618327448878967
100286963,0.0
100286964,0.0
100286997,0.1075268419004856
100287013,0.2273643165342819
100287014,0.0
100287015,1.003683182244149
100287016,0.5400973019034722
100287036,0.0
100287042,0.4661250001535367
100287045,0.0822431961241168
100287049,0.3513142669746326
100287066,0.0
100287067,0.0
100287074,0.0
100287082,0.0
100287087,0.1005396165825761
100287136,0.0
100287140,0.0
100287144,0.0
100287148,0.152246322955713
100287171,1.4695466683972358
100287173,0.0
100287177,0.0
100287178,0.0
100287200,0.0
100287205,0.0
100287225,0.0047737452018541
100287226,0.0436093653522559
100287234,0.0
100287238,0.0
100287243,0.0440046509270564
100287266,0.0438070313509447
100287270,0.0
100287272,0.1135471102998034
100287279,0.0
100287284,0.1845391745051366
100287290,0.6947594721281175
100287325,0.058501008843608
100287327,0.0
100287335,0.0
100287345,0.0
100287355,0.0
100287357,0.0551928477150357
100287361,0.0
100287364,0.0
100287366,0.0
100287399,0.0
100287404,0.0
100287427,0.0
100287430,0.0
100287441,0.0
100287461,0.0
100287478,0.0
100287482,1.3172487164646791
100287498,0.0
100287512,0.053631538511365
100287513,0.0
100287520,0.311628633700008
100287539,0.0
100287542,0.0
100287551,0.0217811482126814
100287559,0.0168982779780871
100287569,1.091037619366951
100287573,0.0
100287577,0.0
100287579,0.0
100287591,0.0
100287592,0.0
100287616,1.335461506727073
100287635,0.032865928486596
100287692,0.0
100287704,0.0
100287718,0.0
100287722,0.4606683767133134
100287745,0.1714373696317186
100287785,0.0
100287792,0.0
100287808,0.700015332905797
100287834,0.0
100287837,0.7057254221234369
100287840,0.0
100287856,0.0
100287879,0.095353116336939
100287887,1.8181528504499924
100287895,0.0
100287896,1.651873004161996
100287898,0.5030066274149733
100287900,0.0
100287902,0.110451245488528
100287912,0.0
100287919,0.0
100287928,0.0
100287932,2.664910359754843
100287944,0.0516758077965697
100287948,0.0
100287964,0.0
100287966,0.0
100288001,0.0986910213962365
100288022,0.0
100288035,0.0
100288072,0.1216863419358079
100288073,0.0205630661837875
100288097,0.0
100288112,0.0
100288122,0.5950805244603776
100288123,0.4163731147307427
100288129,0.0
100288142,0.2619792200335161
100288146,0.0
100288148,0.0
100288172,0.3605573035957628
100288181,0.0771307503330335
100288195,0.0
100288198,0.8542087925292201
100288208,0.0
100288227,0.0
100288233,0.0
100288241,0.0
100288252,0.411036003645149
100288264,0.0
100288287,0.0
100288298,0.0
100288323,0.0
100288330,0.105693816820032
100288332,0.9973926765687686
100288337,0.0
100288392,0.0
100288413,1.2388377784347588
100288416,0.0
100288420,0.0
100288484,0.0
100288510,0.0
100288513,0.0
100288520,0.0
100288533,0.0
100288543,0.112091680115918
100288560,0.0
100288584,0.0
100288590,0.0
100288637,0.2654490992728575
100288654,0.0
100288659,0.0
100288663,0.0
100288683,0.5648469365376576
100288687,0.0
100288690,0.6243487776794596
100288695,0.0
100288711,0.0
100288724,0.0
100288742,0.0
100288763,0.0
100288771,0.0
100288772,0.1610413402968344
100288778,1.4336210400852902
100288785,0.1276043426051557
100288797,0.0
100288798,0.7187836545714098
100288801,0.0203598820990786
100288803,0.0493229014588557
100288814,0.0422244019181622
100288825,0.0
100288831,0.0
100288842,1.353312959264999
100288843,0.0
100288846,0.221021111993137
100288853,0.0
100288866,0.6999322234980744
100288868,0.3519878191240783
100288885,0.0
100288897,0.2385005031018857
100288911,2.1343137672258554
100288948,0.0
100288950,0.0
100288964,0.0
100288984,0.0
100288998,0.0
100289017,0.0266360241092229
100289028,0.0
100289034,0.170759729813761
100289037,0.0
100289061,0.739320741902133
100289087,0.0
100289091,0.1265315084029311
100289092,0.2525488374796599
100289095,0.0
100289097,1.698059993466055
100289098,1.0791335673184728
100289099,0.0
100289118,0.0
100289133,0.135606191401068
100289141,0.0
100289178,0.9593314977652352
100289184,0.0
100289187,0.8219748694900861
100289206,0.1744797530975475
100289211,0.1220462241655084
100289220,0.0
100289230,0.4161257174798992
100289237,0.0479473231186116
100289255,0.0
100289259,0.0246165431357565
100289264,0.1095384817418901
100289274,1.459772252624702
100289279,0.0
100289280,0.0
100289303,0.0962816618610842
100289315,0.0
100289319,0.0
100289341,1.2275219078590185
100289350,0.0352652184723042
100289360,0.0
100289361,0.0
100289371,0.1503368413657982
100289373,0.9524513452034268
100289380,0.0
100289381,0.0
100289388,0.5036662637247062
100289404,0.0608283430685188
100289414,0.8710848031871513
100289416,0.0
100289419,0.0
100289448,0.0
100289450,0.0
100289462,0.0
100289470,0.0
100289473,0.4709671859421178
100289475,0.0
100289479,0.0891985025665453
100289495,0.6434717055107504
100289509,0.1290326108407842
100289518,1.0948192233515552
100289545,0.3344180932672702
100289568,0.0
100289581,0.0
100289584,0.0567512557756906
100289607,0.2286269205281031
100289635,1.5719664942088427
100289640,0.0
100289650,0.0225922306114602
100289678,1.5205096355197707
10029,0.0
100292680,0.1749857074436463
100293090,2.30610410131022
100293516,1.7463803868910384
100294362,0.9334302490991532
100294713,0.0
100294720,0.0
1003,2.2281624690668176
100302111,0.0
100302112,0.0
100302113,0.0
100302114,0.0
100302115,0.0
100302116,0.3903255331569754
100302117,0.0
100302118,0.0
100302119,0.0
100302121,0.0
100302122,0.0
100302123,0.0
100302124,0.0
100302125,0.0
100302126,0.0
100302127,0.0
100302128,0.0
100302129,0.0
100302130,0.0
100302131,0.0
100302132,0.0
100302133,0.0
100302134,0.0
100302135,0.0
100302136,0.0
100302137,0.0
100302138,0.0
100302139,0.0
100302140,0.0
100302141,0.0
100302142,0.0
100302143,0.0
100302144,0.0
100302145,0.0
100302146,0.0
100302147,0.0
100302148,0.0
100302149,0.4781712195300542
100302150,0.0
100302152,0.0
100302153,0.0
100302155,0.0
100302156,0.0
100302157,0.0
100302158,0.0
100302159,0.0
100302160,0.0
100302161,0.0
100302163,0.0
100302164,0.0
100302166,0.0
100302167,0.0
100302168,0.0
100302170,0.0
100302171,0.0
100302172,0.0
100302174,0.0
100302175,0.0
100302177,0.0
100302178,0.0
100302179,0.6626077685944046
100302181,0.0
100302182,0.0
100302183,0.0
100302184,0.0
100302185,0.0
100302186,0.0
100302187,0.0
100302188,0.0
100302190,0.0
100302191,0.0
100302192,0.0
100302193,0.5356952716314062
100302196,0.0
100302197,0.0
100302201,0.0
100302202,0.0
100302203,0.0
100302204,0.0
100302205,0.0
100302208,0.0
100302209,0.0
100302210,0.0
100302211,0.0
100302212,0.0
100302213,0.0
100302214,0.0
100302217,0.0
100302218,0.8459340473834102
100302219,0.0
100302220,0.0
100302221,0.0
100302222,0.0
100302223,0.281982980067927
100302224,0.0
100302225,0.0
100302226,0.0
100302227,0.0
100302228,0.0
100302229,0.0
100302232,0.0
100302233,0.0
100302234,0.0
100302235,0.0
100302236,0.0
100302237,0.0
100302238,0.0
100302239,0.0
100302240,0.0
100302242,0.0
100302243,0.0
100302246,0.0
100302250,0.0
100302251,0.0
100302254,0.0
100302255,0.0
100302256,0.0
100302257,0.0
100302258,0.0
100302259,0.0
100302260,0.0
100302261,0.0
100302263,0.0
100302265,0.0
100302267,0.0
100302268,0.0
100302270,0.0
100302274,0.0
100302275,0.0
100302276,0.0
100302277,0.4363861227043569
100302278,0.0
100302279,0.0
100302280,0.0
100302281,0.0
100302282,0.0
100302283,0.0
100302284,0.0
100302285,0.0
100302286,0.0
100302287,0.0
100302288,0.0
100302289,0.0
100302290,0.0
100302401,0.8843961215384685
100302522,0.0300581105554705
100302666,0.076750799447613
100302691,0.0725598717535938
100302692,1.300382814307418
100302736,0.0
100302737,0.0
100302738,0.0
100302741,0.0
100302742,0.0
100302743,0.6246270203796348
100303491,0.0
100303728,0.8315156333967089
100303755,0.4691262963598183
100306951,0.7830826006804514
100309464,0.0
100310782,0.0
100310812,0.0600532833173621
100310846,0.548098277078527
100310850,0.0
100310851,0.0
100310852,0.1786864032253949
100310853,0.1855382605489196
100310855,0.0
100310856,0.1832051328693448
100310857,0.0
100312775,0.4625304851600768
100312782,0.0
100312785,0.0
100312787,0.0
100312788,0.0
100312789,0.0
100312792,0.0
100312798,0.0792173887819751
100312801,0.0443997508881444
100312803,0.0432138940104846
100312806,1.757641811618035
100312807,0.0
100312809,0.0
100312812,0.0
100312817,0.0
100312821,0.0
100312825,0.1184402978192798
100312828,1.3816096180218305
100312830,0.6932503011943267
100312832,0.2300449605449576
100312835,0.0
100312837,0.0
100312838,0.0
100312842,0.0
100312848,0.0
100312849,0.7415121896181719
100312850,0.1426539097765001
100313770,0.0
100313771,0.0
100313772,0.0
100313773,0.0
100313774,0.0
100313777,0.0
100313778,0.0
100313779,0.0
100313780,0.0
100313781,0.0
100313806,0.0
100313822,0.0
100313824,0.0
100313829,0.0
100313830,0.0
100313835,0.0
100313837,0.0
100313838,0.0
100313839,0.0
100313840,0.3459044228515163
100313841,0.0
100313842,0.632556426711956
100313843,0.0
100313884,0.0
100313886,0.0
100313887,0.0
100313892,0.0
100313895,0.0
100313914,0.0
100313921,0.0
100313923,0.0
100313938,0.0
100316904,0.0
100329135,0.0681558255976688
100337589,0.0
100337590,0.0
100337591,0.0
100359394,0.0
10036,1.367964772406277
100379132,0.2581901983896828
100379141,0.0
100379174,0.0
100379224,0.151031715914848
100379250,0.0
100379287,0.3576223679762332
100379296,0.0
100379298,0.0
100379300,0.0
100379345,0.8108160345108714
100379378,0.0
100379564,0.0
100379571,1.268522129955307
100379584,0.0
100379592,1.3530356395140757
10038,1.8863098111287624
100380272,0.2143060330373782
100381178,0.266952984640683
100381270,0.0370602183099194
10039,2.2738548816228663
1004,0.7766665530379561
10040,1.8932313921108417
100418706,0.0
100418707,0.0
100418710,0.04578114125236
100418712,0.0
100418714,0.0
100418715,0.0
100418718,0.0
100418720,0.0
100418721,0.0
100418722,0.0
100418723,1.2543835558814138
100418731,0.0
100418735,0.0
100418737,0.548098277078527
100418740,0.011781879253164
100418744,0.188196455857058
100418747,0.1197041703191302
100418748,0.1867022992794706
100418751,0.0
100418753,0.0
100418754,0.0
100418768,0.0
100418769,0.0960960359655527
100418770,0.032865928486596
100418774,0.0
100418781,0.112273749424129
100418792,0.0
100418799,0.0296562306312831
100418814,0.0532407567944813
100418819,0.0272409292764164
100418829,0.0639214260144302
100418832,0.0617961599388916
100418834,0.0
100418835,0.1126377675040334
100418836,0.0704564866776887
100418865,0.0
100418871,0.059277505632032
100418874,0.0508922379282558
100418877,0.2689037468752279
100418881,1.0536719153594911
100418885,0.0
100418888,0.0733234266047182
100418889,0.0
100418892,0.3153090826049388
100418897,0.0
100418903,0.1157254490155959
100418904,0.0
100418906,0.0
100418908,0.0
100418910,0.7385363382224092
100418919,0.0370602183099194
100418921,0.1666819524291762
100418937,0.2952821382719953
100418951,0.3291650196604457
100418956,0.0
100418959,0.0
100418960,0.0388514046163894
100418961,0.0
100418964,0.0
100418965,0.0
100418968,0.2253083066279462
100418974,0.0
100418983,0.0706479226552025
100419006,0.0
100419008,0.0
100419016,0.0
100419017,0.2533135427632819
100419023,0.0
100419028,0.4304626212781678
100419029,0.0
100419036,0.0608283430685188
100419045,0.0
100419046,0.0681558255976688
100419047,0.2008677113527925
100419056,0.2290998812908406
100419058,0.0
100419069,0.0675796689626678
100419073,0.1732979617607553
100419075,0.7639465323691077
100419092,0.0
100419095,0.0
100419149,0.0
100419154,0.0
100419178,0.1393138122542398
100419185,0.1557066847631222
100419187,0.0600532833173621
100419209,0.2810981119313987
100419246,0.0
100419293,0.0
100419318,0.0
100419319,0.0
100419353,0.0
100419356,0.0
100419366,0.0
100419391,0.0
100419416,0.0
100419423,0.0
100419426,0.0
100419427,0.0
100419436,0.8545375707145555
100419447,0.0
100419458,0.0530452976713926
100419471,0.0
100419472,0.0
100419477,0.0
100419489,0.0
100419503,0.3754566706338884
100419506,0.0
100419512,0.0
100419513,0.0
100419515,0.9618849108422678
100419548,0.0
100419553,0.0
100419554,0.0
100419558,0.0
100419560,0.098876066768446
100419562,0.0761805481519545
100419570,0.0
100419572,0.1336573840641972
100419574,0.2080197009600495
100419610,0.0
100419614,0.0
100419615,0.0
100419616,0.0
100419624,0.0
100419639,0.0
100419641,0.0
100419642,0.0
100419643,0.1151814038904759
100419644,0.0
100419645,0.0
100419649,0.0
100419650,0.178182758872508
100419654,0.0
100419668,0.4635758600217035
100419679,0.0386525717956126
100419684,0.0
100419685,0.0
100419691,0.0
100419692,0.0
100419693,0.0
100419700,0.0
100419701,0.0
100419704,0.0
100419712,0.0
100419713,0.0
100419716,0.0
100419717,0.0
100419727,0.0
100419732,0.0
100419733,0.0
100419739,0.0
100419741,0.0191397532419228
100419742,0.0
100419743,0.0126025784990239
100419755,0.0
100419758,0.0
100419761,0.0
100419762,0.0
100419764,0.0
100419774,0.0
100419775,0.0
100419777,0.0
100419780,0.0
100419783,0.0
100419784,0.0
100419786,0.0
100419791,0.0
100419792,0.0683477895576427
100419806,0.0
100419811,0.0
100419812,0.0
100419815,0.0
100419816,0.0
100419824,0.0274424681999785
100419827,0.0
100419830,0.0
100419839,0.0
100419847,0.0848817820027076
100419851,0.0679638175237219
100419855,0.0
100419859,0.0
100419861,0.0
100419877,0.0
100419878,0.8496543391302473
100419880,0.0
100419883,0.0
100419891,0.0
100419893,0.0
100419894,0.0
100419912,0.0
100419913,0.0
100419916,0.0
100419917,0.0
100419920,0.6948432168324369
100419923,0.0
100419928,0.4515227906598616
100419929,0.0
100419930,0.0694986479199568
100419932,0.0
100419949,0.0
100419950,0.0
100419955,0.0
100419960,0.0
100419964,0.0
100419967,0.0
100419968,0.0
100419972,0.0
100419974,0.0
100419977,0.0652710625303166
100419978,0.0
100419979,0.0
100419995,0.0
100419996,0.0
10042,1.9967339613724395
100420005,0.1126377675040334
100420006,0.0
100420008,0.0
100420011,0.3448178579210003
100420013,0.0723688738166034
100420015,0.2364731183324891
100420018,0.0254249141756302
100420019,0.0
100420020,0.0
100420021,0.0700734830017112
100420025,0.0
100420027,0.0
100420028,0.0221867865316464
100420030,0.0
100420036,0.0487336436053482
100420041,0.0
100420044,0.0
100420048,0.1338347400317799
100420050,0.0
100420051,0.4504602201420365
100420052,0.0
100420053,0.0
100420057,0.0
100420058,0.0
100420066,0.1113630007312303
100420073,0.0
100420080,0.0217811482126814
100420083,0.0
100420084,0.0
100420089,0.0
100420096,0.0
100420100,0.0727508259833435
100420110,0.0453866897349848
100420113,0.0696903035798559
100420114,0.0505001786277436
100420116,0.0
100420119,0.0
100420121,0.0
100420122,0.0
100420123,0.0
100420127,0.0
100420143,0.0
100420155,0.1089903385970567
100420158,0.0
100420166,0.0
100420170,0.0
100420180,0.0
100420186,0.0
100420187,0.0
100420200,0.0
100420205,0.0
100420211,0.0
100420213,0.0
100420214,0.0
100420223,0.0
100420224,0.0
100420226,0.0
100420228,0.0
100420247,0.0
100420250,0.0
100420254,0.0
100420257,0.0440046509270564
100420259,0.5080486162390175
100420260,0.0
100420263,0.0
100420273,0.0
100420275,0.0
100420287,0.0
100420292,0.0
100420295,0.0
100420298,0.0
100420307,0.6881954234885487
100420308,0.0
100420320,0.0
100420321,0.0
100420323,0.0
100420324,0.0
100420325,0.0
100420336,0.0
100420341,1.042241239143218
100420342,0.0
100420347,0.0
100420354,0.0
100420356,0.0
100420362,0.0
100420363,0.0
100420364,0.0
100420367,0.0
100420368,0.0
100420369,0.0
100420370,0.0
100420373,0.0
100420374,0.0
100420376,0.0
100420377,0.0
100420378,0.0
100420385,0.0
100420386,0.0
100420389,0.0
100420392,0.0
100420403,0.0
100420406,0.0
100420410,0.0
100420412,0.0
100420413,0.0
100420423,0.0270393423001977
100420424,0.0
100420428,0.0
100420430,0.0
100420466,0.0
100420473,0.0
100420476,0.0
100420501,0.0643072587180317
100420502,0.7437743525054578
100420505,0.5203950923549155
100420512,0.0
100420514,0.0
100420526,0.0
100420527,0.3086431584977697
100420531,0.0
100420532,0.1959545645915504
100420534,0.0
100420535,0.0648856742777243
100420540,0.0
100420541,0.0
100420545,0.0
100420546,0.5944999617291463
100420551,0.1393138122542398
100420552,0.0
100420557,0.025020825205399
100420558,0.0
100420567,0.0
100420568,0.0
100420569,0.0
100420572,0.0
100420574,0.0
100420576,0.0
100420580,0.2016836555872125
100420583,0.0
100420589,0.0
100420590,0.0
100420591,0.0
100420607,0.0
100420613,0.0
100420621,0.1423029624369139
100420642,0.0
100420647,0.0
100420656,0.0
100420658,0.0
100420660,0.1178980435863406
100420680,0.0
100420683,0.0
100420707,0.0288518968796068
100420710,0.0
100420737,0.0
100420742,0.0
100420746,0.0
100420752,0.0
100420754,0.0
100420760,0.0
100420765,0.058501008843608
100420775,0.0
100420790,0.0
100420800,0.0
100420801,0.0
100420802,0.059471517423572
100420803,0.114273863088368
100420821,0.0
100420833,0.0
100420839,0.8891454528089958
100420841,0.0
100420845,0.0
100420859,0.0
100420864,0.0
100420869,0.2964405318140994
100420872,0.0
100420879,0.0
100420880,0.0
100420881,0.0
100420889,0.0
100420890,0.0
100420893,0.0
100420898,0.0
100420899,0.4478563932861349
100420900,0.0
100420901,0.0
100420916,0.0
100420919,0.0
100420920,0.0
100420921,0.0964672461846826
100420926,0.0219839916622789
100420930,0.0
100420939,0.0801641354811421
100420941,0.0
100420944,0.0
100420957,0.0
100420966,0.9212462708058796
100420975,0.0985059346638177
100420981,1.2373584964514013
100420983,0.0
100420990,0.0
100421002,0.0
100421008,0.0
100421009,0.0
100421018,0.0396462670429822
100421023,0.0
100421028,0.0
100421029,0.0
100421046,0.0
100421074,0.0
100421075,0.0
100421087,0.0
100421090,0.0
100421093,0.0266360241092229
100421094,0.0
100421100,0.0
100421109,0.4138954605273758
100421113,0.0
100421116,0.0
100421122,0.0362629122582597
100421125,0.0
100421126,0.0
100421137,0.0
100421141,0.0
100421142,0.0
100421143,0.0
100421146,0.0
100421148,0.0
100421153,0.0
100421154,0.0
100421158,0.0
100421160,0.0
100421165,0.0
100421166,0.2443971708333719
100421167,0.0
100421173,0.0664261626900539
100421175,0.0236049920866109
100421188,0.0
100421189,0.0
100421194,0.0
100421201,0.0
100421202,0.0
100421217,0.0
100421222,0.0
100421226,0.0
100421232,0.0
100421236,0.0
100421238,0.1384325675089229
100421246,0.0
100421257,0.0
100421259,0.0
100421271,0.0818655711838594
100421273,0.442501745533274
100421289,0.0
100421294,0.0
100421308,0.0
100421311,0.3886592666466356
100421313,0.1268892755676334
100421318,0.0
100421319,0.0
100421324,0.0
100421330,0.0
100421331,0.0
100421336,0.0884493778801894
100421343,0.0
100421347,0.0
100421354,0.0
100421357,0.0
100421363,0.0
100421364,0.0
100421369,0.112273749424129
100421371,0.1045920467791873
100421372,1.8537576155657445
100421376,0.0
100421385,0.0
100421386,0.0
100421387,0.0
100421395,0.181199928331334
100421400,0.0721778321548017
100421402,0.1168124626568068
100421413,0.0723688738166034
100421415,0.3798831303314721
100421420,0.3345558494274694
100421424,0.0
100421428,0.0
100421429,0.0089031710875008
100421431,0.16651159931817
100421437,0.0
100421439,0.0801641354811421
100421451,0.0
100421455,0.0
100421462,0.0
100421465,0.0871367817651098
100421468,0.0505001786277436
100421478,0.0
100421484,0.0
100421485,0.0
100421495,0.0
100421496,0.0
100421506,0.0706479226552025
100421508,0.0
100421509,0.0
100421511,0.0
100421513,0.0
100421515,0.4896869577795881
100421525,0.0
100421527,0.0
100421528,0.0236049920866109
100421531,0.0
100421533,0.365071029658415
100421535,0.0
100421537,0.0
100421548,0.0
100421550,0.0
100421558,0.0
100421565,0.0
100421569,0.0981356370534185
100421580,0.0
100421581,0.0
100421582,0.7342845988202757
100421589,0.7344425529612174
100421594,0.0
100421595,0.0
100421599,0.0
100421601,0.0
100421603,0.1329475761372088
100421606,0.0617961599388916
100421611,0.0
100421617,0.0
100421620,0.1272468869287004
100421621,0.6319143759088167
100421622,0.0
100421623,0.0
100421629,0.0650783906040881
100421632,0.0
100421633,0.0
100421634,0.0238073990491231
100421638,0.0
100421646,0.0
100421651,0.0
100421658,0.0
100421664,0.0
100421667,0.0
100421670,0.0
100421672,0.0
100421673,0.0
100421674,0.0
100421684,0.0
100421692,0.0816766944344988
100421695,0.4035249060099343
100421696,0.0
100421697,0.0
100421698,0.0
100421699,0.3181283464112395
100421700,0.1386088924011609
100421701,0.2637914993933349
100421702,0.0740862832627668
100421704,0.2997613515480545
100421705,0.0
100421706,0.0740862832627668
100421707,0.0
100421709,0.0
100421710,0.0
100421716,0.0
100421717,0.0
100421718,0.0
100421729,0.0
100421733,0.0
100421734,0.041431969987866
100421736,0.0
100421751,0.0
100421754,0.0
100421756,0.0614091674392234
100421766,0.0
100421767,0.0
100421768,0.0
100421769,0.0
100421774,0.0617961599388916
100421775,0.1890253477766942
100421782,0.0
100421787,0.0
100421788,0.0784592157513684
100421794,0.1773426538726067
100421796,1.5936065588888613
100421797,0.0
100421803,0.0660413065929845
100421805,0.2724924834198263
100421806,0.4967101018837402
100421807,0.0
100421808,0.0
100421813,0.2366292549290747
100421815,0.3073601452319899
100421816,0.6254610829816507
100421817,0.0619895891189751
100421819,0.0
100421820,0.0614091674392234
100421823,0.0
100421827,0.0
100421829,0.4244917031046245
100421840,0.1739734823125703
100421842,0.0
100421854,0.8539456483815364
100421859,0.3704787361816643
100421860,0.0264342928541542
100421865,0.3882742216663623
100421868,0.0666185243177208
100421870,0.0
100421901,0.0
100421910,0.0
100421985,0.0
100422013,0.0
100422019,0.0
100422020,0.0
100422022,0.0
100422023,0.0
100422024,0.0
100422044,0.0
100422053,0.0
100422055,0.0
100422059,0.0
100422091,0.0
100422106,0.1265315084029311
100422188,0.0
100422189,0.0
100422190,0.0
100422200,0.0382547653609949
100422204,0.4531726538869441
100422225,0.0
100422229,0.0524586470199822
100422230,0.0
100422235,0.0
100422254,0.5892532796602422
100422256,0.0
100422263,0.3295810402632949
100422265,0.3506401217746132
100422267,0.0
100422268,0.0461754078434364
100422271,0.0
100422272,0.0493229014588557
100422274,0.0
100422284,0.0
100422285,0.0
100422287,0.0565566131007352
100422288,0.0
100422296,0.6941729702152104
100422300,0.0555827213422205
100422317,0.0714132279076869
100422319,0.0
100422325,0.0
100422330,0.0
100422334,0.0
100422338,0.059471517423572
100422339,0.0
100422342,0.0
100422346,0.0
100422347,0.0
100422348,0.0
100422374,0.0320646470462866
100422376,0.0
100422381,0.0
100422382,0.2739829642168674
100422384,0.0
100422385,0.0
100422398,0.5567259020143542
100422399,0.0835635353418218
100422407,0.0
100422411,0.0542173700425294
100422417,0.0
100422418,0.0
100422431,0.0
100422432,0.0
100422441,0.0372594270725486
100422445,0.4935970408709675
100422449,0.0
100422452,0.0
100422453,0.0
100422473,1.298478790310551
100422491,0.0
100422492,0.0
100422493,0.0
100422496,0.0465694896604753
100422497,0.2216577078869951
100422513,0.0
100422514,0.0
100422519,0.0
100422523,0.1389614282421753
100422526,0.3114867284343438
100422527,0.0
100422528,0.0
100422529,0.0
100422540,0.0
100422545,0.0
100422546,0.0
100422547,0.0
100422548,0.0
100422549,0.0
100422550,0.0
100422558,0.0837519842731955
100422559,0.0
100422561,0.2007044229568114
100422562,0.0
100422564,0.0
100422580,0.0
100422581,0.2616767677010045
100422582,0.16651159931817
100422587,0.0
100422603,0.8265225585369348
100422608,0.0
100422614,0.1384325675089229
100422622,0.0534361704016004
100422625,0.0
100422627,0.0
100422628,0.0
100422633,0.0
100422637,0.0
100422638,0.0
100422639,0.0
100422640,0.0
100422641,0.0
100422644,0.0
100422656,0.0
100422658,0.0
100422671,0.0
100422674,0.0
100422685,0.0
100422686,0.0
100422687,0.0942374869521354
100422690,0.0744674501196066
100422710,0.0272409292764164
100422715,0.1279616427158935
100422716,0.0
100422737,0.0362629122582597
100422821,0.0
100422823,0.0
100422824,0.4781712195300542
100422825,0.0
100422826,0.0
100422827,0.0
100422828,0.6900532383974165
100422829,0.0
100422830,0.0
100422831,0.0
100422832,0.0
100422833,0.0
100422834,0.0
100422835,0.0
100422836,0.0
100422837,0.0
100422838,0.0
100422839,0.0
100422840,0.0
100422841,0.3867320790387663
100422842,0.0
100422843,0.0
100422844,0.0
100422845,0.0
100422846,0.8518365944201848
100422847,0.0
100422848,0.0
100422849,0.7138349358068095
100422850,0.6788296872446413
100422851,0.0
100422852,0.0
100422853,0.0
100422854,0.0
100422855,0.0
100422856,0.0
100422857,0.0
100422858,0.0
100422859,0.0
100422860,1.411112868637441
100422861,0.0
100422862,0.0
100422863,0.0
100422864,0.4211811008025209
100422865,0.0
100422866,0.0
100422867,0.0
100422868,0.0
100422869,0.0
100422870,0.0
100422871,0.4211811008025209
100422872,1.570394738492574
100422873,1.1625201833590633
100422874,0.0
100422875,0.6958473494174554
100422876,0.0
100422877,0.0
100422878,0.0
100422879,1.23021579435517
100422880,0.0
100422881,0.0
100422882,0.0
100422883,0.0
100422884,0.6733208903010648
100422885,2.420598321915733
100422886,0.0
100422887,0.0
100422888,0.0
100422889,0.0
100422891,0.0
100422892,0.0
100422893,0.0
100422894,0.0
100422895,0.0
100422896,0.0
100422897,0.0
100422898,0.0
100422899,0.0
100422900,0.0
100422901,0.0
100422902,0.0
100422903,0.0
100422904,0.0
100422905,0.0
100422907,0.0
100422908,0.0
100422909,0.0
100422910,0.0
100422911,0.0
100422912,0.0
100422914,0.0
100422915,0.0
100422916,0.0
100422917,0.0
100422918,0.0
100422919,0.0
100422920,0.0
100422921,0.0
100422922,0.0
100422923,0.0
100422924,0.0
100422925,0.0
100422926,0.0
100422927,0.0
100422928,0.0
100422929,0.0
100422930,0.0
100422931,0.0
100422932,0.0
100422933,0.0
100422934,0.0
100422935,0.0
100422936,0.8578160965045931
100422937,0.0
100422938,0.0
100422939,0.0
100422940,0.0
100422941,0.0
100422942,0.6900532383974165
100422943,0.9160189357387722
100422944,0.8401112400477131
100422945,0.0
100422946,0.0
100422947,0.0
100422948,0.6733208903010648
100422949,0.0
100422950,0.0
100422951,0.0
100422952,0.0
100422953,0.0
100422954,0.0
100422955,0.0
100422956,0.0
100422957,0.0
100422959,0.0
100422960,0.0
100422961,0.0
100422962,0.0
100422963,0.0
100422964,0.0
100422965,1.5372951339924232
100422966,0.0
100422967,0.4171148168189859
100422968,0.0
100422969,0.0
100422971,1.043936096482344
100422972,0.0
100422973,0.0
100422974,0.3975883959245259
100422975,0.0
100422976,0.0
100422977,0.0
100422978,0.0
100422979,0.0
100422980,0.0
100422981,0.0
100422982,0.0
100422983,0.0
100422984,0.0
100422985,0.0
100422986,0.8827002389108376
100422987,0.0
100422988,0.0
100422989,0.0
100422990,0.0
100422991,0.0
100422992,0.0
100422993,0.0
100422994,0.0
100422995,0.0
100422996,0.0
100422997,0.3903255331569754
100422998,0.0
100422999,0.0
100423000,0.0
100423001,0.4051586900092324
100423002,0.0
100423003,0.0
100423004,0.0
100423005,0.0
100423006,0.0
100423008,0.0
100423009,0.0
100423010,0.0
100423011,0.6679416750088943
100423012,0.0
100423013,0.0
100423014,0.0
100423015,0.0
100423016,0.0
100423017,0.0
100423018,0.0
100423019,0.0
100423020,1.3184352567262752
100423021,0.0
100423023,0.0
100423025,0.0
100423026,0.0
100423027,0.0
100423028,0.0
100423029,0.0
100423030,0.0
100423031,0.0
100423032,0.0
100423033,0.0
100423034,0.0
100423035,0.0
100423036,0.0
100423037,1.072444729377811
100423038,0.0
100423039,0.4340948411158832
100423040,0.0
100423041,0.0
100423042,0.0
100423043,0.0
100423061,0.0633423431029015
100423062,0.2240404280203549
10043,2.171893706704466
100431172,0.0
100431173,0.0
10044,1.7149900725881688
10045,1.6355151652951443
10046,1.303043169965671
100462767,0.0
100462772,0.95351916811736
100462776,0.0
100462780,0.0
100462785,0.0
100462786,0.0
100462790,0.0
100462792,0.0
100462793,0.0
100462799,0.0
100462813,0.230517079620253
100462815,0.0
100462816,0.0
100462825,0.0
100462830,0.0
100462833,0.0
100462836,0.6291559988349685
100462840,0.0
100462843,0.0
100462851,0.0
100462867,0.0
100462868,0.0
100462869,0.0
100462871,0.0
100462872,0.0
100462873,0.0
100462874,0.0
100462875,0.0
100462877,0.0
100462878,0.0
100462879,0.0
100462881,0.0
100462886,0.0
100463528,0.0
10047,0.0
10048,2.2544508681810913
10049,2.113677706713098
100498859,0.0205630661837875
100499171,0.0111658338983268
100499177,2.112113045041364
100499227,0.112455778548313
100499258,0.0
100499261,0.0820544050747075
100499405,1.1851144005101817
100499416,0.0
100499417,0.0
100499418,0.0
100499457,0.0
100499468,0.0
100499469,0.0
100499471,0.0
100499481,0.0
100499483,0.2465586152299185
100499484,0.5560108954978359
1005,0.0234025367070836
10050,0.0
100500719,0.0
100500737,0.0
100500798,0.0
100500801,0.0
100500802,1.8083257614932575
100500803,0.0
100500804,0.0
100500807,0.0
100500808,0.0
100500809,0.0
100500810,0.0
100500811,0.0
100500812,0.5129473690495815
100500813,0.0
100500814,0.6184799093951499
100500816,0.0
100500817,0.0
100500818,0.0
100500819,0.0
100500820,0.0
100500821,0.0
100500822,0.0
100500823,0.0
100500824,0.0
100500825,0.0
100500826,0.0
100500827,0.0
100500828,0.6626077685944046
100500829,0.0
100500830,0.0
100500831,0.739320741902133
100500832,0.0
100500834,0.0
100500835,0.2448608343336134
100500836,0.0
100500837,0.0
100500838,0.0
100500839,0.0
100500841,0.0
100500842,0.0
100500843,0.0
100500844,0.0
100500845,0.0
100500846,0.0
100500847,0.0
100500849,0.0
100500850,2.242866232968717
100500851,0.0
100500852,0.0
100500853,0.5840655753053491
100500854,1.4559574729446167
100500855,0.0
100500856,0.0
100500857,0.0
100500858,0.0
100500859,0.0
100500860,0.0
100500861,0.0
100500862,0.0
100500863,0.0
100500864,0.0
100500865,0.0
100500866,0.0
100500867,0.0
100500868,0.0
100500869,0.0
100500870,0.0
100500871,0.0
100500872,0.0
100500873,0.0
100500875,0.0
100500876,0.0
100500877,0.0
100500878,0.0
100500879,0.0
100500880,0.0
100500881,0.0
100500882,0.0
100500883,0.0
100500884,0.0
100500885,0.0
100500886,0.0
100500887,0.0
100500888,0.0
100500889,0.3040716729452808
100500890,0.0
100500891,0.0
100500893,0.0
100500894,0.0
100500895,0.0
100500896,0.0
100500897,0.0
100500898,0.0
100500899,0.0
100500900,0.0
100500901,0.0
100500902,0.0
100500903,0.0
100500904,0.7220895421323716
100500905,0.0
100500906,0.0
100500907,0.0
100500908,0.0
100500909,0.0
100500910,0.0
100500911,0.0
100500912,0.0
100500913,0.0
100500914,0.0
100500915,0.0
100500916,0.0
100500917,0.0
100500918,0.0
100500919,0.0
100500920,0.0
100500938,0.043016088629042
100505383,0.0
100505385,0.2720447868895051
100505474,0.0086971754034013
100505475,0.0744674501196066
100505477,0.0
100505478,0.0501079362162316
100505495,1.1145247118055746
100505501,0.3107768124017167
100505502,0.0336664500279098
100505515,0.0
100505534,0.0516758077965697
100505538,0.9096637859255786
100505540,0.0
100505545,0.0
100505549,0.859514311175389
100505561,0.2624326809349534
100505566,0.2202246523198821
100505573,2.269770778060397
100505576,0.4050331401957274
100505583,0.0
100505588,0.0
100505591,0.1354292185439032
100505592,0.275916367201021
100505609,0.0
100505616,0.3040716729452808
100505619,0.0
100505621,0.0346660352741282
100505624,0.0503040803202519
100505625,0.1029366335610796
100505633,0.3553467159933039
100505635,0.1646353512832717
100505641,2.6243067627909187
100505648,1.8998263920083764
100505658,0.0
100505659,0.0
100505663,0.0074601518934053
100505664,0.054997842915243
100505666,1.2530463043607862
100505676,0.1608697997347039
100505678,0.5657547907899197
100505683,0.4571642175319148
100505685,0.0
100505694,0.0
100505696,1.3590479450045263
100505716,0.1697422064994797
100505718,0.0
100505724,0.0
100505738,1.1673075241923672
100505739,0.0
100505741,0.1719452278307409
100505746,0.6719367398785445
100505753,0.0
100505755,0.1920023178353444
100505761,1.6959434073124888
100505767,0.6914012007515759
100505768,0.0
100505771,1.5214224343226674
100505776,0.0138321417599086
100505782,0.1089903385970567
100505783,1.340997611303938
100505795,0.0
100505806,1.6216063158811498
100505811,0.0344662129356738
100505812,0.9410975488338584
100505817,0.0
100505826,0.3506401217746132
100505832,0.0487336436053482
100505839,0.1424784549426613
100505841,0.0132175827499873
100505851,0.37623968825772
100505853,0.0177140457770852
100505854,1.444520047792096
100505869,0.3476668142229261
100505876,2.1196291302174237
100505877,0.052263005646635
100505878,0.0
100505879,0.0534361704016004
100505881,1.416583451484728
100505890,0.0
100505893,0.0
100505894,0.7535149501307794
100505915,0.178182758872508
100505929,0.0491265280900879
100505933,0.085446105720894
100505942,0.2465586152299185
100505948,0.0
100505964,0.0
100505967,0.0
100505975,0.3725786824432509
100505984,0.5515001186306734
100505985,0.0
100505989,0.0266360241092229
100505993,0.2765103030942561
100505996,0.0126025784990239
100506013,0.3816983109679298
100506020,0.2076959907404222
100506022,0.6749609456297507
100506025,0.0882619910836516
100506033,0.6951780925306236
100506035,0.2067240747419362
100506049,0.0
100506050,0.0
100506054,1.1826863452672334
100506068,0.207534086575862
100506070,0.508267041833569
100506071,0.0
100506076,0.0179178651438874
100506082,0.0579181636361618
100506083,0.5202876995951733
100506084,0.1276043426051557
100506085,0.0
100506099,0.1636101126354953
100506103,0.0
100506108,0.0
100506115,0.2320887894316884
100506119,1.0208144487726598
100506122,0.0
100506125,0.4164967827374138
100506126,0.0203598820990786
100506127,0.5958538648978178
100506142,0.3787139303793794
100506144,0.1293892898749843
100506159,0.0
100506161,1.2590050839937106
100506164,0.140897664497433
100506169,0.2088284047437949
100506172,0.0
100506175,0.0434116529118274
100506178,0.2031502683975658
100506195,0.0
100506211,0.9400654033666186
100506215,0.7686139943207354
100506224,0.0
100506229,0.0
100506233,1.0262685373276497
100506235,1.0315252429800927
100506237,0.0
100506241,0.0422244019181622
100506243,0.2191082719804654
100506258,0.8400440039142266
100506271,0.0
100506272,0.0144462560950847
100506274,0.0635354152782802
100506275,0.0
100506286,0.8542087925292201
100506289,0.4738343859925213
100506299,0.2631878694942116
100506302,0.8285107273878656
100506305,1.0287042725325148
100506311,1.0322160789303714
100506314,0.8882109065962174
100506319,0.0
100506321,0.2874176667700592
100506334,0.6493131509949253
100506343,0.0846935889461878
100506356,0.0
100506368,0.4525838389567712
100506374,0.9021467437300676
100506376,0.0700734830017112
100506380,0.7693637376803959
100506384,0.0
100506385,0.3304124086642045
100506388,0.502456473412168
100506392,0.3171427714128614
100506394,1.097429721806849
100506405,0.0358639763576893
100506406,0.0
100506409,1.1712791175616568
100506411,1.241818569172238
100506412,0.0
100506413,0.0171022935190702
100506421,0.0758001637739616
100506422,0.0183253569229505
100506428,0.5999960836640804
100506433,0.4389104136592731
100506443,0.0481439722271771
100506444,0.0406387916047836
100506451,1.057370603456775
100506457,0.0731326033913595
100506462,0.3378546211044128
100506465,0.0
100506469,1.2256599768224044
100506470,0.0
100506474,0.424369349249134
100506475,0.0
100506476,0.9409256440503704
100506489,0.0
100506492,0.1345437802827254
100506495,0.5971087354572803
100506497,0.3993616143824341
100506498,0.0
100506504,1.4585339691492607
100506506,0.0
100506516,1.0684687476590786
100506526,0.0
100506527,0.0
100506530,0.0
100506532,0.0
100506540,0.8427279855132577
100506542,0.0
100506551,0.1498152965710392
100506564,0.1325924415353502
100506571,0.0
100506581,0.0994309548859968
100506599,0.9161978624231508
100506606,0.5137064337140409
100506622,0.3089279848405443
100506637,0.812291599190769
100506649,0.6074481687994394
100506655,0.0820544050747075
100506658,1.681443346707004
100506660,0.1414249343325171
100506668,2.015261793012788
100506674,1.7813013418500023
100506675,0.0
100506677,0.0
100506679,0.2779931777239645
100506680,0.4252254058786104
100506681,0.3732337282394972
100506682,0.0438070313509447
100506686,1.16452638643427
100506688,0.2068861426155446
100506691,0.1885281149238238
100506696,1.563492414091644
100506697,0.1778468215978626
100506710,2.1559038638650434
100506713,0.2659005667718562
100506714,1.3648016499846425
100506721,0.0
100506724,0.0
100506725,0.1727909512670478
100506731,0.1584644237132182
100506733,0.0
100506736,0.1906805781336168
100506737,0.8314474950285975
100506742,0.5282982013223516
100506749,0.4396300692556715
100506757,0.0152643844692303
100506765,0.0
100506775,0.1931570629018073
100506776,0.269952155905544
100506779,0.5436412041404304
100506791,0.1928273047309902
100506795,0.6033497469993226
100506801,0.3482082744348004
100506804,0.1758282624310461
100506810,0.5933373999561397
100506811,0.0
100506827,0.1080759571659009
100506834,1.1615736186147003
100506835,0.1765016753129527
100506844,1.195689245167513
100506860,0.0693069482704467
100506866,0.197267676699121
100506869,0.0
100506881,0.7779251845647122
100506885,0.1555340154263538
100506888,0.0
100506895,0.720640174720867
100506897,0.0
100506901,0.2330303265697469
100506907,0.0
100506911,0.0
100506915,0.0314631865193807
100506922,0.819064183529247
100506929,0.0
100506930,1.609244141176381
100506937,0.0
100506939,0.0201566492701331
100506963,0.4082906420820218
100506990,0.0994309548859968
100506994,0.6677674478483135
100506999,0.0146508621545966
100507003,0.0199533676763937
100507027,0.0144462560950847
100507032,0.5516029528291112
100507034,0.2880029443553827
100507040,0.1793574413186224
100507043,0.944981299874796
100507050,0.1477257762004251
100507053,0.770711137366108
100507055,0.3374430473673273
100507057,0.9181032328778646
100507058,0.0596654842894622
100507059,0.0
100507062,0.5830824811498677
100507064,0.0386525717956126
100507086,0.3004813987113197
100507091,0.018529029376588
100507096,0.0
100507098,0.8902650863202098
100507114,0.4673962719559912
100507117,0.061215604083323
100507118,0.0664261626900539
100507127,0.3309661565700914
100507135,0.2618280083802535
100507143,0.0
100507144,0.272194047426621
100507156,0.1985786473235092
100507157,0.0
100507163,0.0
100507170,0.0
100507171,1.443847217836052
100507173,0.4760060034358719
100507175,0.0
100507178,0.3913491054749176
100507201,0.0
100507203,0.1414249343325171
100507206,0.0191397532419228
100507218,0.1837056568939827
100507240,0.2262578936399773
100507244,0.2208618836338299
100507246,1.695644101595254
100507249,0.0453866897349848
100507250,0.1130016249722951
100507254,0.3342803124530755
100507257,0.2253083066279462
100507261,0.0
100507266,0.4664719282130878
100507274,0.0
100507277,0.0
100507283,0.5600870380260856
100507290,1.6577012550047985
100507291,0.7094236258103165
100507300,0.4324020073764664
100507303,2.5995955993216784
100507308,0.0105493414072734
100507316,1.6185668401792968
100507331,0.0
100507336,0.051284114267885
100507341,0.043016088629042
100507347,1.546828288113513
100507362,0.0
100507373,0.8287844786102173
100507377,0.0
100507384,0.0
100507388,0.0
100507389,0.0
100507391,0.0126025784990239
100507392,0.6000921248908186
100507398,0.2118940526257159
100507401,0.2477910822028433
100507403,0.1544972297209149
100507404,0.0671953437318986
100507406,0.0398448655326076
100507410,0.0983208065549586
100507420,0.6045913291986373
100507421,0.8775217767216155
100507423,0.235379301880427
100507428,0.057140405596366
100507433,0.4492777962582927
100507435,0.0
100507436,1.5501260184472194
100507437,1.0419016867934692
100507458,1.147222566691999
100507459,0.7540519400778255
100507461,0.0
100507462,0.4595021694922117
100507463,1.133537839029393
100507466,0.1637810756568249
100507468,0.2844846878967373
100507470,0.0
100507475,0.6114283011279696
100507477,0.0356644376201233
100507480,0.0382547653609949
100507487,0.8144637158265926
100507495,0.8598403742462348
100507500,0.1407218323048948
100507501,0.9340679949025756
100507506,0.3487493523901473
100507507,2.337806555639922
100507516,2.0086876963783684
100507524,0.4001202900220116
100507526,0.0068409645610921
100507527,0.0
100507528,0.0
100507533,0.0262325134658017
100507534,0.0
100507537,0.0532407567944813
100507540,0.2828668492080381
100507547,0.2739829642168674
100507551,0.6181056126779353
100507554,0.7118779083308554
100507562,0.0
100507564,0.6647988043200539
100507567,1.1550627147777306
100507582,0.6087773912275745
100507584,0.8553259501636526
100507588,0.0278454019696254
100507599,1.7251629726258155
100507600,0.0
100507602,1.862282375901636
100507605,0.0
100507607,0.0396462670429822
100507608,0.0
100507612,0.0378567710724885
100507629,0.0
100507632,0.2324027590350898
100507639,0.1982511050965841
100507642,1.135400815800721
100507650,0.3240155696308804
100507651,0.0334663908138561
100507657,0.0134224851965348
100507661,0.1565694824896934
100507670,0.1213263021618315
100507679,0.0
100507747,1.43146012698318
100508046,0.0
100508120,0.6759947501741739
100508631,0.0
100509620,0.0402419221072167
100509894,0.1345437802827254
100509927,0.0
10051,1.56967856881176
100510707,0.0
10052,0.7260992589702441
100526416,0.0
100526664,0.0
100526693,0.0600532833173621
100526694,0.0
100526737,0.2563649813792048
100526738,0.0
100526739,0.0189362275154237
100526740,0.0440046509270564
100526760,0.035464851664874
100526761,0.0
100526767,0.0
100526771,0.5819994980813803
100526772,0.0402419221072167
100526773,0.0248187083181388
100526783,0.0
100526794,0.0
100526825,0.0
100526830,0.0
100526831,0.0
100526835,0.1793574413186224
100526836,0.0
100526842,0.0
100527943,0.0
100527945,0.0
100527949,0.0
100527963,0.0
100527978,0.444886359154383
100528016,0.0975798800301689
100528017,0.0
100528018,0.0
100528019,0.0
100528020,0.0
100528021,0.0
100528030,0.0382547653609949
100528062,0.0
100528064,0.0
100529063,0.0528497930137067
100529097,0.0
100529144,0.0
100529145,0.1324148165236816
100529209,0.0
100529215,0.1040406105580704
100529239,0.0
100529240,0.0
100529241,0.0
100529251,0.0
100529257,0.0
100529261,0.0
10053,2.689616483866452
100532724,0.0
100532726,0.0
100532731,0.0
100532732,0.0696903035798559
100532735,0.0
100532737,0.0
100532746,0.0528497930137067
100533105,0.0
100533106,0.0921882600032804
100533107,0.1629259004538207
100533111,0.0134224851965348
100533177,0.2197463947522698
100533179,0.0134224851965348
100533181,0.0
100533182,0.5873979117531304
100533184,0.0
100533195,0.0
100533464,0.0
100533467,0.0
100533483,0.0
100533496,0.0
100533619,0.1322371530186809
100533622,0.0
100533626,0.0
100533627,0.0
100533628,0.0
100533629,0.0616026860516921
100533631,0.0378567710724885
100533634,0.0
100533643,0.1272468869287004
100533653,0.0
100533658,0.0
100533663,0.0
100533666,0.0
100533667,0.0
100533669,0.0
100533670,0.0
100533672,0.0
100533674,0.0
100533675,0.0
100533676,0.2364731183324891
100533677,0.0
100533679,0.0
100533695,0.0
100533705,0.0
100533706,0.0
100533708,0.0
100533711,0.0752292615879394
100533713,0.0
100533714,0.0
100533717,0.0
100533718,0.0
100533723,0.0
100533727,0.0
100533728,0.0
100533729,0.0
100533731,0.0
100533736,0.0
100533757,0.0390501905320824
100533787,0.0270393423001977
100533844,0.0
100533848,0.0
100533849,0.0
100533851,0.0
100533852,0.0
100533952,0.0
100533970,0.3918603722166712
100533997,0.0
100534589,0.0
100534592,0.0
100534593,0.3774127029756018
100534595,0.0
100534599,0.0
100534612,0.0
10054,2.4668430879987353
10055,2.4917455103986814
10056,2.0744018355334433
10057,1.7426176604238734
10058,0.1010933910344035
10059,2.178230574502906
1006,0.0759903776592968
10060,1.0555241523666177
10061,1.715419760475012
100616109,0.0
100616110,0.0
100616111,0.0
100616112,0.0
100616113,0.0
100616114,0.0
100616115,0.0
100616116,0.726339083300941
100616117,1.4870247660181048
100616118,0.0
100616119,0.0
100616120,0.0
100616121,0.0
100616122,0.0
100616123,0.0
100616124,0.0
100616125,0.0
100616126,0.0
100616127,0.0
100616128,0.0
100616129,0.0
100616130,0.6422070707448908
100616131,0.0
100616132,0.7597023150823811
100616133,0.0
100616134,0.0
100616135,0.0
100616136,0.0
100616137,0.0
100616138,0.0
100616139,0.0
100616140,0.0
100616141,0.0
100616142,0.0
100616143,0.0
100616144,0.0
100616146,0.5129473690495815
100616147,0.0
100616148,0.0
100616149,0.0
100616150,0.0
100616151,0.0
100616152,0.0
100616153,0.0
100616154,0.0
100616155,0.0
100616157,0.0
100616158,0.7199950087241007
100616159,0.0
100616160,0.0
100616161,0.632556426711956
100616162,1.977622963417114
100616163,0.0
100616164,0.0
100616165,0.0
100616166,0.0
100616167,0.0
100616168,0.0
100616169,0.0
100616170,0.0
100616171,0.0
100616172,0.0
100616173,0.0
100616174,0.0
100616175,0.0
100616176,0.0
100616178,0.0
100616179,0.0
100616180,0.0
100616181,0.0
100616182,0.0
100616183,0.0
100616184,0.0
100616185,0.0
100616186,0.0
100616187,0.0
100616188,0.0
100616189,0.0
100616190,0.0
100616191,0.0
100616192,0.0
100616193,0.0
100616194,2.082541809125716
100616195,0.0
100616196,0.4340948411158832
100616201,0.0
100616202,0.0
100616203,0.0
100616204,0.0
100616205,0.0
100616206,0.0
100616207,0.0
100616208,0.0
100616210,0.0
100616211,0.0
100616212,0.0
100616213,0.0
100616214,0.0
100616215,0.0
100616216,0.0
100616218,0.0
100616219,0.0
100616220,0.0
100616221,0.0
100616222,0.0
100616223,0.0
100616224,0.0
100616225,0.0
100616226,0.0
100616227,1.0105738741591774
100616228,0.0
100616229,0.0
100616230,0.0
100616231,0.0
100616232,0.0
100616234,0.8548004717582419
100616235,0.0
100616236,0.0
100616237,0.0
100616238,0.0
100616239,0.0
100616240,0.0
100616241,0.0
100616242,0.0
100616243,0.0
100616244,0.0
100616245,0.0
100616246,0.0
100616247,0.0
100616248,0.0
100616249,0.909121215366553
100616250,0.0
100616251,0.0
100616252,0.0
100616253,0.0
100616254,0.7017582828126417
100616255,0.0
100616256,0.0
100616257,0.0
100616258,0.0
100616259,0.0
100616260,0.0
100616261,0.0
100616262,0.494932836298095
100616263,0.0
100616264,0.0
100616265,0.0
100616266,0.0
100616267,0.0
100616268,0.0
100616269,0.944696559330058
100616270,0.0
100616271,0.0
100616272,0.0
100616273,0.0
100616274,0.4130263439997707
100616275,0.0
100616276,0.0
100616277,0.0
100616278,0.0
100616279,0.0
100616280,0.0
100616282,0.0
100616283,0.0
100616284,0.7965212445065479
100616285,0.4254698134707198
100616286,0.0
100616287,0.0
100616288,0.0
100616289,0.0
100616290,0.0
100616291,0.0
100616292,0.0
100616293,0.0
100616294,1.361482650543823
100616295,0.0
100616296,0.0
100616297,0.0
100616299,0.0
100616300,0.0
100616301,0.0
100616302,0.0
100616303,0.0
100616304,0.0
100616305,0.0
100616306,0.9978628248634522
100616307,0.4254698134707198
100616308,0.0
100616309,0.0
100616310,0.0
100616311,0.0
100616312,0.0
100616313,0.0
100616314,0.0
100616315,0.0
100616316,0.0
100616317,0.3903255331569754
100616318,1.937432924449851
100616319,0.0
100616320,0.0
100616321,0.0
100616322,0.4130263439997707
100616323,1.2066502965173231
100616324,0.0
100616325,0.0
100616326,0.0
100616327,0.0
100616328,0.0
100616329,0.0
100616330,0.0
100616331,0.0
100616332,0.0
100616333,0.0
100616334,0.0
100616335,0.0
100616336,0.0
100616337,0.0
100616338,0.0
100616339,0.0
100616340,0.0
100616341,0.0
100616342,0.0
100616343,0.4130263439997707
100616344,0.0
100616345,0.0
100616346,0.0
100616347,0.0
100616348,0.0
100616349,0.0
100616350,0.0
100616351,0.0
100616352,0.4051586900092324
100616354,0.0
100616355,0.6095358174421385
100616356,0.0
100616357,0.0
100616358,0.0
100616359,0.8957104370486572
100616360,0.0
100616361,0.0
100616362,0.0
100616363,0.0
100616364,0.0
100616365,0.0
100616366,0.0
100616367,0.0
100616368,0.0
100616369,0.0
100616370,0.0
100616371,0.0
100616372,0.0
100616373,0.0
100616374,0.0
100616375,0.0
100616376,0.0
100616377,0.0
100616378,0.0
100616379,0.0
100616380,0.0
100616381,0.0
100616382,0.0
100616383,0.0
100616384,0.6373074701868539
100616385,0.0
100616386,0.4297340493389502
100616387,0.0
100616388,0.0
100616389,0.0
100616390,0.0
100616391,0.0
100616392,0.0
100616393,0.0
100616394,0.0
100616395,0.0
100616396,0.0
100616397,0.0
100616398,0.0
100616399,0.3939019859550799
100616400,0.0
100616401,0.0
100616402,0.0
100616403,0.0
100616404,0.0
100616405,0.0
100616406,0.0
100616407,0.0
100616408,0.0
100616409,0.4575153821884988
100616410,0.0
100616413,0.0
100616414,0.0
100616415,0.0
100616416,0.0
100616417,0.8700590775306306
100616418,0.0
100616419,0.0
100616420,0.0
100616421,0.4575153821884988
100616422,0.0
100616423,0.0
100616424,0.0
100616425,0.0
100616426,0.0
100616428,0.0
100616429,0.0
100616430,0.0
100616431,0.0
100616432,0.0
100616433,0.0
100616434,0.0
100616435,0.0
100616436,0.0
100616437,0.0
100616438,0.0
100616439,0.0
100616440,0.0
100616441,0.0
100616447,0.0
100616449,0.3765005148400954
100616450,0.0
100616451,0.0
100616452,0.0
100616453,0.0
100616454,0.0
100616455,0.0
100616456,0.0
100616457,0.0
100616459,0.0
100616460,0.0
100616463,0.0
100616464,0.0
100616465,0.0
100616466,0.0
100616467,0.0
100616468,0.3939019859550799
100616469,0.4432179339371198
100616470,0.0
100616471,0.0
100616472,0.0
100616473,0.0
100616474,0.0
100616475,0.0
100616476,0.4728034812884282
100616477,0.7597023150823811
100616478,0.0
100616479,1.3226848780142688
100616480,0.0
100616481,0.0
100616482,0.4625304851600768
100616483,0.0
100616484,0.0
100616485,0.0
100616486,0.0
100616487,0.0
100616488,0.0
100616490,0.0
100616491,0.0
100616492,0.0
100616493,0.0
100616494,0.0
100616495,0.0
100616498,0.0
100616499,0.0
100616500,0.0
100616530,0.1541513409448461
10062,2.026370183560897
100628307,0.0
100628560,0.0
10063,2.185147746242937
100630918,1.3626004242106462
100630920,0.0
100631239,0.0332662841654657
100631242,0.0382547653609949
100631243,0.0
100631247,0.5409327359682732
100631248,0.0
100631249,0.0
100631251,0.1292109697369215
100631252,0.0
100631258,0.0
100631260,0.0
100631261,0.0
100631269,0.0
100631383,0.0260306859239784
100652739,0.0
100652740,0.0384536920503017
100652748,0.9779579412124736
100652749,0.0
100652758,1.4328622174467678
100652759,0.0758001637739616
100652770,0.2928148227845346
100652791,0.5008035125254379
100652792,0.0780798702999492
100652824,0.096838290181438
100652833,0.0
100652840,0.0685397094214406
100652856,0.0
100652865,0.737593838186495
100652871,0.0
100652909,0.0326656794165476
100652929,0.0
100652939,2.755062362763344
100652955,0.0
100652960,0.0
100652967,0.3850578708962719
100652974,0.0
100652997,0.0
100652999,0.1480744014416773
100653233,0.0871367817651098
100653489,0.031262604438497
100653515,0.0455839386189831
10066,2.578347078452274
10067,2.5310027192141584
10068,1.3862868333212623
10069,2.110256431921584
1007,0.0
10071,0.0248187083181388
10072,1.9563115278081349
10073,1.6356550983858509
100736411,0.0
10075,2.496794791107681
100750225,0.1233045730531342
100750245,0.0
100750325,0.4288831485727865
100750326,0.0
10076,1.861876912555393
10077,0.2603142938058052
100775107,0.2858058900056053
10078,2.1074997893105145
10079,2.427759057099059
1008,0.0567512557756906
10081,2.144862839421838
10082,0.9632129226996232
100820709,0.0
100820734,0.0
100820735,0.1175363422620864
100820829,0.9801124363936812
10083,0.1593243036188781
10084,2.353352732971723
100846978,0.3334531094010107
100846991,0.0
100846992,0.0
100846993,0.0
100846994,0.0
100846995,0.3377174543308366
100846996,0.0
100846997,0.0
100846998,0.0
100846999,0.0
100847000,0.0
100847001,0.0
100847002,0.0
100847003,0.0
100847004,0.5356952716314062
100847005,0.0
100847006,0.0
100847007,0.0
100847008,0.6978511742099751
100847009,0.0
100847010,1.6562029126592566
100847012,0.0
100847013,1.090412404467603
100847014,0.0
100847015,0.0
100847016,0.0
100847017,0.4254698134707198
100847018,0.0
100847019,0.0
100847020,0.4676271768005791
100847021,0.0
100847022,0.0
100847023,0.0
100847024,0.0
100847025,0.0
100847026,0.0
100847027,0.0
100847028,1.356381325412725
100847029,0.0
100847030,0.0
100847031,0.0
100847032,0.0
100847033,0.0
100847034,0.0
100847035,0.5323231738955457
100847036,0.0
100847037,0.0
100847038,0.0
100847039,0.3832507283333926
100847040,0.0
100847041,0.8287844786102173
100847042,0.2662014012677841
100847043,0.0
100847044,0.4297340493389502
100847045,0.0
100847046,0.9230183565443631
100847047,0.0
100847048,0.0
100847049,0.0
100847050,0.0
100847051,0.0
100847052,0.0
100847053,0.0
100847054,0.0
100847055,0.0
100847056,0.0
100847057,0.0
100847058,0.0
100847059,0.3939019859550799
100847060,0.0
100847061,0.0
100847062,0.0
100847063,0.0
100847064,0.0
100847065,0.0
100847066,0.0
100847067,0.0
100847068,0.3576223679762332
100847069,0.0
100847070,0.0
100847071,0.0
100847072,0.3636136275317336
100847073,0.0
100847074,0.0
100847075,1.394415496361631
100847076,0.0
100847077,0.0
100847078,0.5257444929287105
100847079,0.0
100847080,0.4130263439997707
100847081,0.0
100847082,0.0
100847083,0.0
100847084,0.0
100847085,0.0
100847086,0.0
100847087,0.0
100847088,0.0
100847089,0.0
100847090,0.0
100847091,0.0
100847092,0.0
100847093,0.0
10085,1.644004132857281
100852407,0.015877463426456
100852408,0.0268377072511832
100852409,0.0
100852410,0.2131813471486692
100856809,0.0
100856810,0.0
100856811,0.0
100856881,0.0
100859919,0.0637284429094406
100859921,0.1975956198799462
100859925,0.0
100859930,1.6282106931395326
10086,0.0
100861402,0.0485371324516474
100861412,0.9490105141528992
100861429,0.0
100861430,0.0
100861435,0.3212177200696997
100861436,0.0
100861468,0.0
100861469,0.0
100861470,0.0
100861485,0.0
100861504,0.0
100861507,0.0
100861510,0.1948038299851561
100861513,0.3090703588283134
100861514,0.0
100861516,0.1111807302691279
100861517,1.0459153685688207
100861518,0.2234057317392093
100861520,0.0
100861522,0.0
100861540,0.0
100861542,0.0
100861544,0.0
100861545,0.0
100861546,0.0
100861547,0.0
100861548,1.0213671196990304
100861549,0.2272063501845077
100861552,0.0
100861553,0.0
100861554,0.0302589788495971
100861563,0.3939019859550799
100861573,0.0
100862662,0.1292109697369215
100862664,0.0
100862665,0.3576223679762332
100862666,0.0
100862667,0.0
100862668,0.0
100862669,0.0
100862670,0.0
100862671,0.0
100862672,0.0
100862673,0.0
100862675,0.0
100862676,0.0
100862679,0.0
100862680,0.0060146795562324
100862692,0.1801954562545614
100862704,0.1883623024484596
100862850,0.0
100862853,0.0
100862854,0.0
100862855,0.0
10087,1.8277046004123343
100873165,0.0
100873168,0.0
100873169,0.0
100873170,0.0
100873172,0.0
100873173,0.0
100873174,0.0
100873175,0.0
100873176,0.0
100873177,0.0
100873178,0.0
100873179,0.0
100873180,0.0
100873181,0.0
100873182,0.0
100873183,0.0
100873184,0.0
100873185,0.0
100873186,0.0
100873188,0.0
100873189,0.0
100873191,0.0
100873192,0.0
100873193,0.0
100873194,0.0
100873196,0.0
100873197,0.0
100873198,0.0388514046163894
100873199,0.0
100873200,0.0
100873201,0.0
100873202,0.1721144431730159
100873203,0.0
100873204,0.0
100873205,0.0
100873206,0.4810104907803276
100873207,0.0
100873208,0.0
100873209,0.0721778321548017
100873210,0.0
100873211,0.0
100873212,0.0
100873213,0.0
100873214,0.0
100873215,0.0
100873217,0.0
100873218,0.0
100873219,0.0
100873220,0.0
100873221,0.0
100873222,0.0
100873223,0.0
100873224,0.0
100873226,0.0
100873227,0.0
100873228,0.0
100873229,0.0635354152782802
100873231,0.0
100873232,0.0
100873233,0.0
100873234,0.0
100873235,0.0
100873236,0.0
100873237,0.0
100873239,0.3114867284343438
100873240,0.0406387916047836
100873241,0.0
100873243,0.0
100873244,0.0
100873245,0.0
100873246,0.0771307503330335
100873247,0.2681540263022023
100873248,0.0
100873249,0.0
100873250,0.0
100873254,0.2742807210695635
100873256,0.0
100873257,0.110998419529435
100873258,0.1258155061858682
100873260,0.0
100873261,0.0
100873262,0.0
100873263,0.0
100873264,0.0
100873265,0.0
100873266,0.0
100873267,0.0
100873269,0.0
100873270,0.0
100873271,0.0
100873273,0.2957167376189304
100873274,0.0
100873275,0.0
100873276,0.0
100873277,0.0
100873278,0.0
100873279,0.0
100873280,0.0
100873281,0.0
100873282,0.0
100873283,0.0
100873284,0.0
100873285,0.2977416696292913
100873286,0.0
100873287,0.0
100873288,0.0
100873289,0.0
100873290,0.0
100873291,0.0
100873292,0.0
100873293,0.0
100873294,0.0
100873295,0.0
100873296,0.3459044228515163
100873297,0.0
100873298,0.0
100873299,0.0
100873300,0.0
100873301,0.0
100873302,0.0
100873303,0.0
100873304,0.0
100873305,0.0
100873306,0.0
100873307,0.0
100873308,0.0
100873309,0.0
100873310,0.0
100873311,0.0
100873312,1.1786416066581786
100873313,0.5497496731204269
100873314,0.0
100873316,0.0
100873317,0.0
100873318,0.2997613515480545
100873319,0.0
100873320,0.0
100873321,0.0
100873322,0.0
100873323,0.0
100873324,0.0
100873325,0.0
100873326,0.0
100873327,0.0
100873328,0.0
100873329,0.0
100873330,0.0
100873331,0.0
100873332,0.4116585521766364
100873333,0.2101206348407074
100873335,0.0
100873337,0.0
100873338,0.0
100873339,0.0
100873340,0.0
100873341,0.0
100873344,0.0
100873345,0.0
100873346,0.0
100873347,0.052263005646635
100873348,0.0
100873349,0.0
100873350,0.0
100873353,0.0
100873355,0.0
100873356,0.0
100873357,0.0
100873358,0.0
100873359,0.0
100873360,0.0
100873361,0.0
100873362,0.0
100873363,0.0
100873365,0.0
100873366,0.0
100873367,0.0
100873368,0.0
100873369,1.0559507688489058
100873370,0.0
100873371,0.9230183565443631
100873372,0.0
100873373,0.0
100873374,0.0
100873375,0.0
100873376,0.0
100873377,0.0
100873378,0.0
100873379,0.0
100873380,0.0
100873381,0.7574174111415869
100873382,0.0
100873383,0.0
100873384,0.0
100873385,0.7306413430559724
100873386,0.0
100873387,0.0
100873388,0.0
100873389,0.0
100873390,0.0
100873391,0.0
100873392,0.9770399708727175
100873393,0.0
100873394,0.8548004717582419
100873395,0.0
100873396,0.0
100873397,0.0
100873398,0.0
100873399,0.301919497498654
100873400,0.0
100873401,0.301919497498654
100873402,0.0
100873403,0.0
100873404,0.0
100873405,0.0
100873406,0.0
100873407,0.0
100873408,0.0
100873409,0.0
100873410,0.0
100873411,0.0
100873412,0.0
100873413,0.0
100873414,0.0
100873415,0.0
100873416,0.0
100873417,0.9359195376320594
100873418,0.0
100873419,0.0
100873420,0.9628811890582322
100873421,0.0
100873422,0.0
100873423,0.0
100873424,0.0
100873425,0.3377174543308366
100873426,0.0
100873428,0.0
100873429,0.0
100873430,0.0
100873431,0.0
100873432,0.0
100873433,0.0
100873434,0.0
100873435,0.0
100873436,0.0
100873437,0.0
100873438,0.0
100873439,0.0
100873440,0.0
100873441,0.0
100873442,0.0
100873443,0.0
100873444,0.0
100873445,0.0
100873446,0.0
100873447,0.0
100873448,0.0
100873449,0.0
100873451,0.0
100873452,0.0
100873453,0.0
100873454,0.0
100873455,0.0
100873456,0.0
100873457,0.3040716729452808
100873458,0.0
100873459,0.0
100873460,0.0
100873461,0.0
100873462,0.0
100873463,0.0
100873464,0.6246270203796348
100873465,0.0
100873466,0.0
100873467,0.0
100873468,0.0
100873469,0.0
100873470,0.0
100873471,0.0
100873472,0.0
100873473,0.0
100873474,0.0
100873475,0.0
100873476,0.0
100873477,1.0666102502920545
100873478,0.0
100873479,1.1303359477962664
100873480,0.0
100873481,0.0
100873482,0.0
100873483,0.0
100873484,0.0
100873485,0.3130462598802482
100873486,0.0
100873487,0.0
100873488,0.0
100873489,0.0
100873490,0.0
100873491,0.0
100873492,0.0
100873493,0.0
100873494,0.0
100873495,0.0
100873496,0.0
100873497,0.0
100873498,0.0
100873499,0.0
100873500,0.301919497498654
100873501,0.2957167376189304
100873502,0.2997613515480545
100873503,0.0
100873504,0.0
100873505,0.0
100873506,0.0
100873507,0.0
100873508,0.0
100873509,0.0
100873510,0.0
100873511,0.0
100873512,0.0
100873513,0.0
100873514,0.0
100873515,0.0
100873516,0.0
100873517,0.0
100873518,0.0
100873519,0.0
100873520,0.0
100873521,0.0
100873522,0.0
100873523,0.0
100873524,0.0
100873525,0.0
100873526,0.0
100873527,0.0
100873528,0.0
100873529,0.0
100873530,0.0
100873531,0.0
100873532,0.0
100873533,0.3085007061259728
100873534,0.0
100873535,0.0
100873536,0.6825061481727459
100873537,0.0
100873538,0.0
100873539,0.0
100873540,0.0
100873541,0.0
100873542,0.0
100873543,0.4920355179076667
100873544,0.0
100873545,0.0
100873546,0.0
100873547,0.0
100873548,0.2957167376189304
100873549,0.0
100873550,0.0
100873551,0.0
100873552,0.0
100873553,0.0
100873554,0.0
100873555,0.0
100873556,0.0
100873557,0.0
100873558,0.0
100873559,0.0
100873560,0.0
100873561,0.0
100873562,0.0
100873563,0.0
100873564,0.301919497498654
100873565,0.0
100873566,1.1786416066581786
100873567,0.0
100873568,0.0
100873569,0.0
100873570,0.0
100873571,0.0
100873572,0.0
100873573,0.0
100873574,0.3062179067585128
100873575,0.0
100873576,0.509903143471486
100873577,0.0
100873578,0.0
100873579,0.0
100873580,0.0
100873581,0.0
100873582,0.0
100873583,0.3298582626860887
100873584,0.0
100873585,0.0
100873586,0.0
100873587,0.7138349358068095
100873588,0.0
100873589,0.0
100873590,0.0
100873591,0.0
100873592,0.0
100873593,0.0
100873594,0.0
100873595,0.0
100873596,0.0
100873597,0.0
100873598,0.0
100873599,0.0
100873600,0.0
100873601,0.0
100873602,0.0
100873603,0.0
100873604,0.0
100873605,0.0
100873606,0.0
100873607,0.0
100873608,0.0
100873609,0.0
100873611,0.0
100873612,0.0
100873613,0.0
100873614,0.2678539377990642
100873615,0.0
100873616,0.2997613515480545
100873617,0.0
100873618,0.0
100873619,0.0
100873620,0.0
100873621,0.0
100873622,0.0
100873623,0.0
100873624,0.0
100873625,0.0
100873626,0.0
100873627,0.0
100873628,0.0
100873629,0.2877103603551462
100873630,0.0
100873631,0.0
100873632,0.0
100873633,0.0
100873634,0.0
100873635,0.3130462598802482
100873636,0.0
100873637,0.0
100873638,1.1696082284148732
100873639,0.0
100873640,0.3200957386126905
100873641,0.0
100873642,0.0
100873643,0.0
100873644,0.0
100873645,0.0
100873646,0.0
100873647,0.0
100873648,0.0
100873649,0.0
100873650,0.0
100873652,0.0
100873653,0.0
100873654,0.0
100873655,0.0
100873656,0.0
100873657,0.0
100873658,0.0
100873659,0.0
100873660,0.0
100873661,0.0
100873662,0.0
100873663,0.0
100873664,0.0
100873665,0.0
100873666,0.0
100873667,0.0
100873668,0.0
100873669,0.0
100873670,0.0
100873671,0.0
100873672,0.0
100873673,0.0
100873674,0.0
100873675,0.0
100873676,0.0
100873677,0.0
100873678,0.0
100873679,0.0
100873680,0.0
100873681,0.0
100873682,0.0
100873683,0.0
100873684,0.0
100873685,0.0
100873686,0.0
100873687,0.0
100873688,0.0
100873689,0.3832507283333926
100873690,0.0
100873691,0.0
100873692,0.0
100873693,0.0
100873694,0.0
100873695,0.0
100873696,0.0
100873697,0.5160869046194793
100873698,0.0
100873699,0.0
100873700,0.0
100873701,0.0
100873702,0.0
100873703,0.0
100873704,0.0
100873705,0.0
100873706,0.0
100873707,0.0
100873708,0.0
100873709,0.859318593441616
100873710,0.0
100873711,0.301919497498654
100873712,0.0
100873713,0.0
100873714,0.0
100873715,0.0
100873716,0.3765005148400954
100873717,0.0
100873718,0.0
100873719,0.0
100873720,0.0
100873721,0.0
100873722,0.0
100873723,0.0
100873724,0.0
100873725,0.301919497498654
100873726,0.0
100873727,0.0
100873728,0.0
100873729,0.0
100873730,0.3062179067585128
100873731,0.0
100873732,0.6246270203796348
100873733,0.0
100873734,0.0
100873735,0.3732337282394972
100873736,0.4864312564898177
100873737,0.0
100873738,0.3224780060156172
100873739,0.0
100873740,0.3248529526034982
100873741,1.1595172788437775
100873743,0.0
100873745,0.3273596661759082
100873746,0.0
100873747,1.351340783847952
100873748,0.5569300582202276
100873749,0.0
100873750,0.3273596661759082
100873751,0.0
100873752,0.0
100873753,0.0
100873754,0.0
100873755,0.0
100873756,0.0
100873757,0.0
100873758,0.0
100873759,0.0
100873760,0.0
100873762,0.0
100873763,0.0
100873764,0.0
100873765,0.3377174543308366
100873767,0.0
100873768,0.0
100873769,0.0
100873770,0.0
100873771,0.0
100873772,0.0
100873774,0.0
100873776,0.0
100873777,0.0
100873778,0.0
100873779,0.0
100873780,0.0
100873781,0.0
100873782,0.0
100873785,0.0
100873788,0.0
100873790,0.0
100873796,0.0
100873797,0.0
100873801,0.0
100873802,0.0
100873803,0.0
100873804,0.0
100873805,0.0
100873806,0.0
100873807,0.0
100873808,0.0
100873812,0.0
100873813,0.0
100873814,0.0
100873815,0.0
100873816,0.0
100873817,0.1137288585710933
100873818,0.0
100873820,0.0
100873821,0.0
100873822,0.3667898289338502
100873823,0.0
100873824,0.3798831303314721
100873825,0.0
100873826,0.0
100873828,0.0
100873829,0.2977416696292913
100873830,0.0
100873831,0.0
100873832,0.0
100873833,0.0
100873834,0.0
100873835,0.0
100873836,0.0
100873837,0.0
100873838,0.0
100873839,0.0
100873840,0.0
100873841,0.0
100873842,0.0
100873843,0.0
100873845,0.0
100873846,0.0
100873847,0.0
100873848,0.0
100873849,0.0
100873850,0.0
100873851,0.0
100873852,0.211088440665768
100873853,0.0
100873855,0.0
100873856,0.0
100873857,0.0
100873858,0.0
100873860,0.2279958687871773
100873861,0.0
100873862,0.0
100873863,0.0
100873864,0.0
100873865,0.0
100873866,0.0
100873867,0.0
100873870,0.0
100873871,0.3062179067585128
100873872,0.0
100873873,0.0
100873874,0.0
100873875,0.0
100873877,0.5323231738955457
100873880,0.0
100873882,0.0442022240997431
100873884,0.0
100873885,0.0
100873886,0.0
100873887,0.0729417365234151
100873888,0.0
100873889,0.0
100873890,0.4877802009998662
100873891,0.0
100873893,0.0
100873894,0.8696740037640643
100873899,0.2981748997706817
100873900,0.0
100873901,0.0
100873905,0.0
100873907,0.1934866860254196
100873908,0.0
100873910,0.0
100873912,0.9425282347343272
100873913,0.0841287540882683
100873919,0.0195466581122431
100873920,0.0
100873921,0.0
100873922,0.0973945447953161
100873923,0.1445814306542895
100873924,0.2024987713287518
100873930,0.2967298613788855
100873932,0.0
100873933,0.0
100873934,0.0735142061810224
100873935,0.0546076972506679
100873937,0.0
100873939,0.0
100873940,0.3945388599466234
100873941,0.2259414903600505
100873942,0.1620698240114415
100873944,0.0
100873945,0.0
100873946,0.12867577671514
100873947,0.0
100873948,0.0491265280900879
100873949,0.1813672189915267
100873952,0.0
100873955,0.9762288485537188
100873960,0.0
100873962,0.0
100873964,0.0
100873965,0.0758001637739616
100873966,0.0
100873967,1.3754304029075666
100873969,0.0
100873972,0.0
100873974,0.6117117334221375
100873976,0.1808652430448176
100873977,0.1424784549426613
100873978,0.0364623094604789
100873979,0.2107659687066258
100873980,0.2226116503176634
100873982,0.0
100873983,0.0698819152678692
100873984,0.0
100873986,0.0
100873987,0.197267676699121
100873988,0.1361368806434324
100873989,0.0
100873990,0.1146369993408919
100873993,0.0
100873995,0.1040406105580704
100873997,0.0
100873998,0.016081724652309
100874001,0.7930608225960453
100874002,0.503226572627941
100874004,0.0
100874006,0.0382547653609949
100874008,1.4188577327533043
100874010,0.0
100874012,0.0
100874013,0.132770028068318
100874016,0.7693637376803959
100874018,0.1636101126354953
100874019,0.0
100874021,0.0858221088259321
100874023,0.0
100874024,0.0
100874027,0.0852580403731478
100874028,0.1160879462910086
100874029,0.1477257762004251
100874031,0.2684540003248531
100874032,1.3928770978573095
100874034,0.0
100874035,0.0
100874037,0.0
100874039,0.1726218772089289
100874041,0.0
100874042,0.0837519842731955
100874044,0.0575293748341413
100874047,0.0497155105434259
100874051,0.0
100874054,0.4096645771812045
100874055,0.0
100874056,0.0
100874058,1.0310312987462538
100874059,0.0
100874063,0.1155441405508978
100874064,0.0
100874065,0.0
100874068,0.1820360353720198
100874078,0.2858058900056053
100874079,0.3600245172607447
100874080,0.1236637478282847
100874082,0.0
100874083,0.0
100874084,0.0893856781967923
100874085,0.0
100874086,0.0
100874088,0.0
100874089,0.1348980704403251
100874090,0.0706479226552025
100874091,1.3343989833197845
100874093,0.2178304945613746
100874095,0.0
100874097,0.3248529526034982
100874098,0.0
100874100,0.0
100874101,0.0
100874102,0.0
100874104,0.0
100874106,0.0775105280642577
100874109,0.0
100874111,0.1202452363628534
100874112,0.0
100874114,0.3133294743166249
100874117,0.0
100874118,0.4146396168447367
100874123,0.0
100874124,0.0
100874131,0.4340948411158832
100874135,0.0
100874137,0.0
100874143,0.0
100874144,0.0
100874145,0.0
100874146,0.0
100874150,0.1445814306542895
100874156,0.0252228938178094
100874157,0.0
100874169,0.1835388500322361
100874176,0.0
100874178,0.0
100874179,0.2131813471486692
100874180,0.0
100874182,0.0
100874183,0.0
100874185,0.0
100874187,0.0
100874188,0.4025177347293569
100874190,0.0
100874193,0.0
100874194,0.0
100874195,0.0
100874198,0.0818655711838594
100874200,0.0
100874201,0.0
100874202,0.5739734255739812
100874203,0.4248586445341375
100874204,0.1768381716659198
100874205,0.0
100874206,0.0714132279076869
100874208,0.0
100874212,0.0310619747051902
100874213,0.1801954562545614
100874214,0.0951672823362936
100874216,0.0
100874221,0.0
100874222,0.0097266548872287
100874223,1.0852060983149088
100874225,0.0
100874231,0.0
100874234,0.0467664613262632
100874236,0.0744674501196066
100874237,0.0
100874238,0.0668108416886656
100874239,0.0826206497668653
100874241,0.0503040803202519
100874243,0.0171022935190702
100874246,0.5682705510066657
100874248,0.0
100874249,0.0
100874251,0.0
100874253,0.9837042355361186
100874254,0.2906312808724575
100874258,0.0
100874261,0.541767199500542
100874262,0.0955389086838045
100874263,0.2183099007008225
100874264,0.0
100874268,0.0
100874270,0.0
100874273,0.0
100874275,0.0
100874276,0.0
100874278,0.4238797334458498
100874284,0.0
100874286,0.0
100874287,0.0
100874288,0.0
100874291,0.2900479700082339
100874295,0.1073437223162539
100874298,0.0
100874300,0.0
100874312,0.0
100874313,0.219427397119987
100874314,0.0
100874323,0.3016320903001918
100874324,0.0
100874326,0.0
100874330,0.0
100874333,0.0
100874334,0.3712668955750554
100874337,0.0
100874342,0.3967002205234858
100874343,0.0687315852068485
100874348,0.0
100874351,0.0
100874353,0.1975956198799462
100874355,0.0
100874356,0.0
100874358,0.3224780060156172
100874361,0.0
100874362,0.8830146341520662
100874363,1.8058326715300608
100874364,0.3688999641191207
100874366,1.278832737717764
100874374,0.3725786824432509
100874379,0.0
100874380,0.3468539061389696
100874381,1.424704109665214
100874389,0.0
100874390,0.0
100874393,0.0
100874394,0.0
100874395,0.0
100874397,0.0
100874398,0.0
100874399,0.0
100874401,0.0
100874402,0.0
100874404,0.0
100874405,0.0
100874409,0.0
100874410,0.1331250857566386
100874412,0.0
100874416,0.0
100874420,0.0
100874421,0.0
100874422,0.0
100874423,0.0
100874427,0.0
100874429,0.0
100874430,0.0
100874431,0.5284044099823861
100874432,0.0
100874434,0.3212177200696997
100874436,0.0
100874438,0.0
100874439,0.0
100874440,0.0
100874441,0.4397499441774085
100874442,0.0
100874443,0.0
100874445,0.0
100874446,0.0
100874449,0.0
100874451,0.0
100874454,0.0
100874461,0.0
100874465,0.0
100874470,0.0
100874489,0.0
100874490,0.0719867467506061
100874492,0.0
100874495,0.0
100874497,0.0
100874499,0.0
100874500,0.2784374937181194
100874501,0.0
100874502,0.0
100874504,0.0
100874506,0.0
100874508,0.0
100874510,0.0
100874511,0.3867320790387663
100874512,0.0
100874517,0.0
100874519,0.0
100874523,0.0
100874524,0.4007519367174282
100874528,0.0
100874530,0.1160879462910086
100874531,0.0
100884155,0.0
100885775,0.0
100885776,1.1189226815522688
100885778,0.3800129302731301
100885779,0.0217811482126814
100885780,0.0
100885781,0.046963386855558
100885782,0.0
100885789,0.0280467968559265
100885796,0.0
100885798,0.0
100885848,0.4421433922430008
100885850,0.0
100885864,0.0
100886964,0.0
100887068,0.0639214260144302
100887072,0.2171908384806782
100887073,0.0
100887074,0.0
100887080,0.5271288730962247
100887740,0.0
100887744,0.0
100887748,0.0
100887749,0.8718530135949529
10089,0.3836383362629247
1009,1.4805564967849667
10090,1.847188768542916
100913179,0.0
10092,2.346563477150568
10093,2.4860626985308607
10094,2.67245157265333
10095,0.129745813935983
10096,2.371504741419785
100967223,0.0
10097,2.818769041373212
10098,2.236171394842928
10099,2.351996002744197
100996246,1.0631096703900265
100996249,0.0489301088118718
100996251,0.6135041463419842
100996255,0.5572361831632843
100996263,0.0
100996279,0.0179178651438874
100996280,0.0242120678044732
100996286,0.0758001637739616
100996288,0.0555827213422205
100996291,0.0288518968796068
100996301,0.8556541552306675
100996307,0.3750648589324213
100996331,0.0
100996333,0.3274986896152399
100996335,0.0
100996338,0.0951672823362936
100996342,0.0635354152782802
100996345,0.0
100996350,0.0658488120877697
100996351,0.0538268611423806
100996361,0.0
100996384,0.0
100996385,0.0
100996404,0.0
100996419,1.0606703345236406
100996425,0.0
100996435,0.1712680127981029
100996437,0.6452743305949026
100996447,0.0193432301006561
100996455,0.3290262962364426
100996465,0.0
100996478,0.0
100996481,0.0140368959186701
100996485,0.2003777465210845
100996490,0.0
100996492,0.1534591224248764
100996501,0.0860100466169922
100996521,0.0671953437318986
100996539,0.9934079105081992
100996569,0.0314631865193807
100996570,0.1222261062390532
100996571,0.0878870906234544
100996590,0.0066344685557293
100996597,0.0
100996609,0.8534190354899139
100996624,0.0
100996630,0.0
100996631,0.0
100996635,2.0849857977308277
100996637,0.0569458532680942
100996645,0.0616026860516921
100996648,0.0
100996654,0.0846935889461878
100996660,0.2981748997706817
100996665,0.0113712320035829
100996671,0.0236049920866109
100996679,0.0
100996693,0.0871367817651098
100996694,0.2322457897286582
100996696,0.0
100996702,0.089572811643912
100996717,0.3541392113228169
100996732,0.1354292185439032
100996746,0.0
100996758,0.0428182367483027
100996763,0.0
100996792,0.0
100996842,1.466627898883479
100996851,0.0
100996876,0.0
100996886,0.0
100996928,0.0
100996939,0.0
100996941,0.0
100996944,0.0
101,0.951888588933786
1010,1.292103289987513
10100,1.7988970100769892
10101,1.939596962509392
10102,0.3092127067048581
10103,2.4521282893250205
10105,2.4133225942350345
101056700,0.4130263439997707
101059915,0.0
101059918,0.2707001641383658
101059938,0.0
101059948,0.0704564866776887
101059953,0.0
101059974,0.0
10106,2.879087109273336
101060000,0.0
101060004,0.0
101060006,0.0
101060019,0.0109603861112779
101060021,0.0
101060035,0.0
101060038,0.4416653188439572
101060039,0.0332662841654657
101060040,0.0891985025665453
101060042,0.0
101060056,0.0
101060067,0.0
101060091,0.3157326270918106
101060111,0.0
101060113,0.0
101060119,0.1198845651997117
101060152,0.029254159459327
101060160,0.1055102904479631
101060164,0.0
101060176,0.0
101060199,0.0
101060200,0.6686381418395899
101060211,0.0
101060226,0.0123974780415539
101060233,0.0
101060264,0.4742921022220122
101060301,0.0
101060321,0.0
101060351,0.0
101060376,0.4878925008671732
101060389,0.1820360353720198
101060391,0.4254698134707198
101060498,0.2984635860502864
101060542,0.0627628591308276
101060544,0.0729417365234151
101060684,0.6695077327714577
101060691,0.7294490335582665
10107,0.0
10109,2.599313630548127
1011,0.0
10110,0.4694718140338474
101101772,0.1357831260270535
101101773,0.0
101101775,0.4680887694584253
10111,0.4200743027685432
10112,0.6395801069644538
10113,2.413162919141702
10114,2.4986556858195126
101154753,0.0
10116,2.527762171615186
10117,0.0
101180976,0.0232000328901817
1012,1.3177533213872792
10120,2.584960332620063
10121,2.5441595322280506
10123,2.561669736974518
101234261,0.5450953876461878
10124,2.543997943627823
101241875,0.0
101241877,0.0
101241891,0.0
101241892,1.0117487205787357
101243545,0.0150599263207783
101243555,0.1393138122542398
10125,1.287789403158365
10126,2.2792143275652936
10127,2.045810645926594
10128,2.4352415573111923
10129,1.7517305014839957
101290500,0.0
1013,0.0538268611423806
10130,2.643109325922795
10131,2.082212968177085
10133,2.3944579296381225
10134,2.843845193681444
101340250,0.0
101340251,0.0
101340252,0.0
10135,2.147229591924593
10136,0.0
10137,2.363550646554714
10138,1.2434562132917062
10139,1.5927544306305028
1014,0.0
10140,2.8578808069099466
101409253,0.0
101409254,0.0
101409257,0.1111807302691279
101409258,0.2562126892250005
101409261,0.1198845651997117
10141,0.1966113887139408
101410534,0.0166942133416963
101410535,0.2197463947522698
101410536,0.0
101410538,1.9063067444191708
101410540,0.0
101410541,0.0
101410542,0.0
101410545,0.0103437444480222
10142,2.0609685880355126
10143,2.3843377198185567
10144,1.673863050307108
101447996,0.0
10146,2.275538110175848
10147,2.20388284270067
10148,1.018699552763726
10149,0.2627348432514378
1015,0.2392788897468582
10150,2.585923480561563
10152,1.8573249096727615
10153,2.2897136027528107
10154,1.4441025358166928
10155,2.876246834946666
101559451,0.4706223697029582
10156,0.2391232734865712
10157,1.848667102582867
10158,2.584136322451305
10159,2.4500217745526593
1016,0.0132175827499873
10160,1.6111991999294792
10161,2.26474814630018
10162,1.8772395932292871
10163,2.774189592241236
10164,0.3171427714128614
10165,2.0079685796164366
10166,1.7446431128734907
101669762,0.6175437915532348
101669766,0.2718954979794535
101669767,0.1379033647729047
10168,1.6759302113713164
10169,2.360156923240977
1017,2.041638940318766
10170,0.4070394264911365
10171,1.8063071793483223
10172,1.7387603820437123
101730217,0.0
10174,2.382050661244632
10175,2.451055377932532
101752399,0.0650783906040881
101752400,0.7926993087072234
10178,0.3172836446937965
10179,1.7426298902584336
1018,0.2634897422815651
10180,2.279898537256408
101805488,0.0242120678044732
101805491,0.0
101805492,0.0246165431357565
10181,2.1795534656439317
10184,2.1996079625525344
10186,2.364244182932224
101867536,0.0066344685557293
10188,1.8939051425849889
10189,2.365939655884662
1019,2.3869559896151316
10190,2.2123740246949017
101926888,0.7098332921776558
101926890,0.0
101926892,0.0179178651438874
101926895,0.6021059672161457
101926896,1.2222358973381473
101926897,0.0
101926898,0.0234025367070836
101926900,0.0
101926903,0.0744674501196066
101926904,0.387246475887361
101926905,0.0402419221072167
101926906,0.0
101926907,1.1752614340922385
101926908,0.0485371324516474
101926911,0.1277830120988136
101926913,0.1178980435863406
101926924,0.0
101926926,0.0758001637739616
101926928,0.0841287540882683
101926933,0.6780576868461847
101926940,0.2298875252519026
101926942,0.0
101926943,0.1229452412768831
101926945,0.0
101926948,0.0
101926951,0.0
101926955,0.0274424681999785
101926956,0.294702295350584
101926963,0.5072836091381951
101926964,0.0099324012091867
101926966,0.0
101926967,0.4781712195300542
101926971,0.0298571944893556
101926975,0.37623968825772
101926977,0.4611343443843866
101926978,0.0
101926983,0.0
101926987,0.2763618612815031
101927000,0.1384325675089229
101927003,0.011781879253164
101927007,0.0
101927009,0.0
101927015,0.0780798702999492
101927017,0.0209692882026594
101927018,0.1570867224494012
101927020,0.0
101927023,0.0
101927027,1.3006586404637406
101927034,0.0274424681999785
101927038,0.0716044446446561
101927039,0.1042244635039507
101927040,0.0136273381928503
101927043,1.1614946666624448
101927049,0.0199533676763937
101927051,0.043016088629042
101927056,0.7457183605770688
101927058,0.0
101927059,0.0
101927062,0.0
101927067,0.4446482421126153
101927070,0.4074150099184874
101927072,0.0
101927074,0.0
101927075,0.0
101927081,0.0
101927082,0.0
101927084,0.6592639732024037
101927087,0.0934928992017695
101927089,0.0
101927093,0.4365065213864079
101927096,0.2809505366450674
101927098,0.2245161188612271
101927101,0.0
101927109,0.0
101927111,0.610104099232803
101927112,0.0
101927115,0.061215604083323
101927117,0.2760648933442085
101927120,0.0146508621545966
101927123,0.0
101927124,0.1843725398343365
101927125,0.0
101927129,0.0252228938178094
101927131,0.0
101927132,0.0
101927134,0.0
101927136,0.010754888621307
101927138,0.0
101927139,0.0
101927141,0.0086971754034013
101927143,0.3846709888672575
101927145,0.0
101927149,0.0
101927150,0.1177172127846447
101927151,0.5691740518297465
101927152,0.0
101927155,0.6596167174579664
101927159,0.0771307503330335
101927164,0.2507105201109866
101927171,0.0
101927176,0.0
101927179,0.0
101927188,0.0
101927193,0.0366616595234452
101927195,0.0
101927204,1.4784174361674247
101927207,0.0
101927215,0.1992333314916197
101927219,0.0
101927220,0.0
101927227,0.0
101927228,0.0
101927229,0.0388514046163894
101927233,0.6990173476710674
101927237,0.1341893368520052
101927239,0.0
101927244,0.0
101927245,0.4054097267887918
101927248,0.0
101927249,0.0
101927253,0.0
101927256,0.0
101927257,0.0846935889461878
101927259,0.3431851201226468
101927265,0.0
101927267,0.0501079362162316
101927269,0.0
101927273,0.0
101927274,0.0
101927275,0.9086988910980096
101927278,0.6365786520285666
101927279,0.7007628598478982
101927282,0.0
101927285,0.2102820170793421
101927288,0.4847415723773285
101927289,1.170968629384437
101927292,0.0
101927293,0.1047757771404354
101927295,0.0076664475141711
101927297,0.1883623024484596
101927300,0.5174898793740458
101927305,0.0306605722017031
101927314,0.0070474104382352
101927318,0.8171861105467714
101927320,0.0
101927322,0.2178304945613746
101927331,0.0
101927332,0.0
101927344,0.1997239947427288
101927346,0.0
101927347,0.0
101927348,0.0471602662673416
101927350,0.0262325134658017
101927351,0.0598594062479726
101927352,0.1852053693049191
101927354,0.0878870906234544
101927355,0.4550537199587505
101927356,0.0
101927358,0.0
101927359,0.0074601518934053
101927360,0.0
101927362,0.3628175053096492
101927363,0.0
101927367,0.0
101927375,0.0
101927377,0.5474780208698097
101927378,0.0
101927379,0.0
101927381,0.0
101927392,0.0406387916047836
101927394,0.1175363422620864
101927396,0.0240097576149657
101927401,0.8915067995495364
101927404,0.0
101927406,0.0
101927410,0.0
101927411,0.0
101927412,0.0
101927413,0.0217811482126814
101927414,0.0
101927416,0.0
101927417,0.0272409292764164
101927419,0.0
101927420,1.1995022665998964
101927422,0.1313482575810238
101927423,0.332486914834159
101927430,0.0
101927431,0.0
101927433,0.0
101927434,0.0
101927438,0.0
101927440,0.8946004339262484
101927447,0.0
101927449,0.0
101927450,0.0
101927459,0.0
101927460,0.0388514046163894
101927464,0.0
101927468,0.1126377675040334
101927476,0.0130126308322217
101927480,1.9625676169505228
101927481,0.7739932616263334
101927482,1.5348915078543697
101927483,0.188030575137308
101927487,0.0
101927492,0.5016855586164207
101927494,0.0
101927495,0.350774998302549
101927496,0.0
101927497,0.0621829736100838
101927498,0.035464851664874
101927501,0.0
101927502,0.3331771774676362
101927503,0.0717956175864252
101927504,0.0
101927505,0.0555827213422205
101927511,0.3613557864860852
101927512,0.0604409028617613
101927513,0.0
101927521,0.0
101927523,0.3423674470386791
101927524,1.2117982118270274
101927525,0.0384536920503017
101927526,0.1265315084029311
101927528,0.0
101927532,0.6220257626858451
101927539,0.0
101927540,0.3968271667745437
101927541,0.2896102007349427
101927543,0.0
101927547,0.0769407965432616
101927551,0.1224059489718711
101927553,0.0
101927554,0.0
101927557,0.0
101927559,0.7884911200916332
101927565,0.4291263621006556
101927571,0.4854179140327855
101927572,0.4875555495384593
101927575,0.0
101927577,0.0867613730983522
101927580,0.0
101927581,0.0
101927586,0.0189362275154237
101927587,0.1191627482987562
101927588,0.0352652184723042
101927590,0.0633423431029015
101927591,0.0
101927592,0.0
101927596,0.2439332358021009
101927597,0.5829840965811484
101927599,1.1122915719684645
101927605,0.0
101927606,0.0
101927608,0.0
101927609,0.1805304190528387
101927612,0.5005828339838213
101927616,0.0
101927619,0.0
101927620,0.112091680115918
101927629,0.0
101927630,0.0477506279872771
101927631,1.2282579143553256
101927632,0.509249145046031
101927635,0.3228976450753028
101927637,0.0
101927641,0.0197500372972908
101927642,0.0
101927646,0.0756099064785592
101927650,0.052263005646635
101927653,0.0386525717956126
101927657,0.0288518968796068
101927659,0.0754196057556881
101927661,0.0
101927664,0.0
101927666,0.0
101927667,0.6644487074538893
101927668,0.6572321810198901
101927671,0.0
101927678,0.0
101927682,0.3741498450981821
101927683,0.0
101927685,0.0658488120877697
101927686,0.8044540549613329
101927687,0.0123974780415539
101927688,0.4030214888145507
101927689,0.0
101927690,0.0
101927692,0.2003777465210845
101927693,0.0
101927694,0.0
101927697,0.0
101927700,0.1191627482987562
101927701,0.3744113900740466
101927702,0.2151084127640693
101927704,0.0
101927708,0.3090703588283134
101927711,0.0
101927712,0.2072101800793139
101927715,0.0
101927718,0.0
101927720,1.2705352640620675
101927721,0.1780148076809264
101927722,0.1108160684965277
101927726,0.3414123933619201
101927727,0.4658936240192695
101927735,0.0
101927740,0.5365358335632141
101927750,0.0
101927751,1.0130231311349145
101927752,2.089912281842534
101927755,0.0
101927760,0.0089031710875008
101927761,0.1785185566320452
101927762,0.2684540003248531
101927765,1.3336798427861023
101927766,0.0
101927768,0.1329475761372088
101927769,0.0
101927780,0.0082850342053478
101927787,0.051284114267885
101927788,0.0683477895576427
101927793,0.1768381716659198
101927795,0.0
101927796,0.0
101927797,0.0
101927798,0.0
101927801,0.0481439722271771
101927808,0.015877463426456
101927809,0.6422070707448908
101927811,1.5557503793566243
101927815,0.1348692413317515
101927821,0.0
101927822,0.0708393147493007
101927824,0.4030214888145507
101927825,0.4521124496200571
101927827,0.0
101927828,0.3521224584682674
101927832,0.0
101927833,0.0
101927837,0.7817602612219203
101927839,0.0
101927843,0.022997480615535
101927844,0.0086971754034013
101927845,0.5690737195017648
101927847,0.0358639763576893
101927849,0.0390501905320824
101927851,0.5046545982458458
101927857,0.0
101927858,0.1400181252501461
101927863,0.6595285483307368
101927866,0.0
101927869,0.0
101927870,0.3330391744193237
101927873,0.3308277568855052
101927876,0.0
101927877,0.0
101927879,0.0677717653179942
101927880,0.1553613094606595
101927884,0.035464851664874
101927886,0.0668108416886656
101927888,0.0338664618273812
101927889,0.0294552189612712
101927891,0.0670031148207685
101927895,0.7555838122437639
101927896,0.234283977346928
101927900,0.0
101927901,0.0660413065929845
101927904,1.2066502965173231
101927905,0.7254593087492711
101927907,0.0
101927908,0.0
101927911,0.509140088022557
101927913,0.0
101927914,0.0105493414072734
101927917,0.0
101927921,0.0
101927922,0.0581124904196997
101927924,0.219427397119987
101927926,0.0
101927931,0.9657502709042852
101927934,1.1782585186518504
101927936,0.0557775902066152
101927943,1.0405901651057494
101927944,0.0702650067990862
101927948,0.0
101927950,0.0
101927953,0.0962816618610842
101927957,0.0336664500279098
101927963,0.8794844640089394
101927972,1.4363386319944125
101927973,0.0918151287903754
101927974,0.6612897892453705
101927983,0.2093132354086442
101927988,0.0
101927989,0.6158556146928788
101927990,0.0
101927993,0.0
101927994,1.4264136478536
101928002,0.0
101928007,0.2350665060588626
101928008,0.0
101928009,0.0
101928014,0.0
101928015,0.3857022353430552
101928016,0.0
101928022,0.2154291393132636
101928031,0.0
101928033,0.2437785304032752
101928035,0.0227948798627598
101928036,0.0111658338983268
101928040,0.0
101928043,0.1020155256679961
101928045,0.1569143456541531
101928052,0.0
101928053,0.5876911886994094
101928058,0.0858221088259321
101928059,0.2601627623289084
101928062,0.2447063099864552
101928063,0.3400459678450734
101928067,0.0
101928075,0.0428182367483027
101928076,1.3578400399588804
101928087,0.0
101928089,0.1270681007161791
101928093,0.0499117462968908
101928099,0.3216380437299648
101928100,0.4156306778630096
101928101,0.2147875574936126
101928103,0.5081578372451316
101928104,0.0342663432615378
101928105,0.0
101928107,0.0
101928108,0.0
101928111,0.6693339027124129
101928114,0.0
101928118,0.3545419247418729
101928132,0.0
101928134,0.1768381716659198
101928136,0.0463724718392014
101928137,0.0
101928138,0.0
101928141,0.4231447079646865
101928144,0.0
101928147,0.0
101928150,0.0
101928151,0.0
101928153,0.5998039618701432
101928154,0.0
101928158,0.0495192289370227
101928161,0.8158612403736625
101928162,0.0
101928165,0.0
101928167,0.096838290181438
101928173,0.0831865093464727
101928174,0.0
101928176,0.282130360912648
101928185,0.0
101928188,0.2738340434194801
101928190,0.0
101928196,0.0
101928200,0.2275222515585524
101928201,0.0
101928203,0.0
101928205,0.1825372844358325
101928222,0.363746233807929
101928223,0.0195466581122431
101928227,0.0
101928228,0.7561955741748254
101928230,1.0994569199510325
101928231,0.0
101928232,0.0
101928233,0.8582737521215299
101928235,0.1905152080494213
101928238,1.120112464682486
101928241,0.0
101928243,0.3683729782535312
101928251,0.0
101928253,0.0
101928254,0.0
101928259,0.132770028068318
101928266,0.0795962166369358
101928270,0.0402419221072167
101928271,0.0
101928276,0.0138321417599086
101928280,0.0
101928284,0.1761650389354001
101928287,0.033066130062972
101928288,0.0
101928290,0.9618295146090609
101928292,0.0754196057556881
101928295,0.3434574844047044
101928298,0.0
101928300,0.0372594270725486
101928304,0.1064275149657084
101928309,0.0467664613262632
101928311,0.3388141040129317
101928317,0.0
101928333,0.0
101928335,0.0215782561623971
101928336,0.0432138940104846
101928337,0.0893856781967923
101928345,0.0
101928357,0.0
101928363,0.5211463955904805
101928371,0.0
101928372,0.0
101928373,0.058501008843608
101928376,0.0146508621545966
101928380,0.0
101928386,0.0
101928388,0.0818655711838594
101928389,0.0
101928392,0.0
101928398,0.0
101928399,0.8212138086017571
101928401,0.0260306859239784
101928403,1.0405901651057494
101928404,0.0
101928405,0.0
101928414,0.2191082719804654
101928416,0.0
101928417,0.0
101928418,0.0
101928420,0.0
101928424,1.2019686357734538
101928435,0.0
101928436,0.0740862832627668
101928443,0.2416094779085426
101928445,0.4806703579152258
101928446,0.0
101928449,0.0
101928450,0.218469638822162
101928460,0.0
101928461,0.4090403726974694
101928463,0.1315261137724414
101928464,0.542184067933255
101928469,0.0304597993916931
101928470,0.0
101928471,0.0
101928475,0.0
101928476,0.0
101928478,0.0
101928483,0.3987288007645533
101928484,0.0
101928489,0.363746233807929
101928495,0.0
101928496,0.0
101928499,0.0
101928504,1.1882853290646334
101928505,0.0
101928509,0.0721778321548017
101928513,0.0
101928514,0.0138321417599086
101928516,0.0
101928517,0.0
101928523,0.0
101928525,0.073704942137793
101928527,1.8282750156610592
101928532,0.0
101928536,0.0
101928537,0.0
101928539,0.0
101928545,0.666808407497876
101928550,0.0479473231186116
101928554,0.6091567068671335
101928555,0.6243487776794596
101928557,0.0
101928559,0.0
101928565,0.0101380977223869
101928569,0.1817016964086886
101928571,0.3560167289396578
101928578,0.760006375648981
101928580,0.0390501905320824
101928583,0.2055886812295905
101928590,0.0346660352741282
101928595,1.1078859441210438
101928596,0.0
101928597,0.0324653828330247
101928600,0.0
101928601,0.1553613094606595
101928602,0.2046142054746045
101928603,0.0505001786277436
101928611,0.0
101928612,0.5804212872334236
101928614,0.0
101928616,0.0
101928618,0.0
101928622,0.0
101928627,0.0
101928628,0.0
101928646,0.1007242492434112
101928650,0.1003549427233438
101928651,0.0
101928656,0.0
101928659,0.5830824811498677
101928661,0.0
101928673,0.3634809981927294
101928674,0.1639520026951061
101928677,0.1227655164757016
101928682,0.0
101928684,0.0
101928685,0.1620698240114415
101928694,0.0191397532419228
101928696,0.043016088629042
101928698,0.0
101928700,0.0
101928708,0.029254159459327
101928710,0.0368609624667365
101928716,0.0471602662673416
101928718,0.1539783414563714
101928725,0.6274957112311763
101928731,0.1036727819699854
101928733,0.0
101928734,0.0
101928736,0.7025866872862648
101928737,0.1744797530975475
101928738,0.0348658102965977
101928739,0.0
101928743,0.0
101928744,0.0260306859239784
101928748,0.0
101928751,0.0
101928752,0.0
101928765,0.1038567167187382
101928766,0.0242120678044732
101928767,0.2202246523198821
101928770,0.0
101928773,0.0829979322484961
101928776,0.0
101928778,0.0
101928781,0.9645380663167752
101928782,0.0
101928784,0.3134710427387107
101928790,0.0
101928795,0.0
101928796,0.1671927972655278
101928797,0.1601832752529271
101928807,0.0
101928809,0.0495192289370227
101928813,0.0702650067990862
101928819,0.0499117462968908
101928820,0.0
101928823,0.0
101928834,0.1119095706081079
101928837,0.6349360092944882
101928844,0.0
101928846,0.152246322955713
101928847,0.0286506937617837
101928850,0.0
101928851,0.0
101928855,0.0132175827499873
101928856,0.3138955929198037
101928857,0.0
101928858,0.1364904825088563
101928865,0.4715415208155216
101928866,0.0
101928868,0.1971036549237277
101928869,0.0
101928877,0.0
101928879,0.0
101928881,0.0
101928882,0.3548102826051378
101928886,0.0
101928887,0.0
101928891,1.043936096482344
101928893,1.0931316598900929
101928894,0.0
101928896,0.0
101928904,0.0
101928909,0.0994309548859968
101928917,0.0332662841654657
101928922,0.0
101928924,0.0
101928929,0.0
101928937,0.0
101928940,0.0298571944893556
101928942,0.0
101928943,0.076750799447613
101928944,0.1726218772089289
101928952,0.0
101928965,0.4739488417740011
101928969,0.5843602374019601
101928971,0.0
101928973,0.1200649205425508
101928978,0.0
101928982,0.2356919745933813
101928988,0.2115719051452569
101928989,0.0
101928991,0.2860991875947336
101928992,0.051479983874231
101928994,0.0
101928995,0.0
101928999,0.0
101929002,0.0
101929004,0.6790868271789564
101929010,0.0561671921294347
101929011,0.0
101929019,0.0
101929023,0.2144665734113071
101929025,0.0
101929027,0.0
101929050,0.0
101929052,0.0043596979037672
101929053,0.0
101929054,0.3707415467133199
101929058,0.0
101929059,0.0262325134658017
101929064,0.0382547653609949
101929071,0.0442022240997431
101929073,0.0
101929074,1.6512725190737274
101929076,0.0
101929080,0.193816174198769
101929081,0.1876987112634928
101929082,0.0
101929084,0.0
101929086,0.0280467968559265
101929089,0.4350604506089697
101929093,0.0
101929095,0.0899469520555108
101929099,0.1231249267976725
101929104,0.0
101929106,0.015877463426456
101929107,0.1207859468404668
101929109,0.0266360241092229
101929110,0.0264342928541542
101929111,0.0199533676763937
101929116,0.0201566492701331
101929120,0.0679638175237219
101929122,0.3032115173749001
101929123,0.0
101929124,0.0
101929125,0.0962816618610842
101929127,0.2980305164951732
101929130,0.1401941087850785
101929134,0.6020102006287544
101929140,0.5736744126717913
101929141,0.0
101929144,0.0524586470199822
101929145,1.071707046713603
101929147,1.083806857637331
101929148,0.0
101929151,0.0520673186640733
101929152,0.677800159635622
101929153,0.0
101929159,0.043016088629042
101929162,0.4145156420597463
101929164,0.0105493414072734
101929172,0.0
101929174,0.4069141903041223
101929176,0.0951672823362936
101929178,0.0
101929180,0.0
101929181,0.0
101929184,0.0209692882026594
101929191,0.4602021147950215
101929199,0.0
101929200,0.6228629392815743
101929210,0.0402419221072167
101929212,0.3193936727377908
101929215,0.2366292549290747
101929224,0.440468788138026
101929225,0.1220462241655084
101929227,0.0
101929231,0.0296562306312831
101929237,0.0314631865193807
101929238,0.0
101929239,0.0
101929241,0.0557775902066152
101929243,1.6853461140548869
101929244,0.0
101929247,0.0080788886488122
101929260,0.0
101929261,0.0
101929265,0.0
101929268,0.129924017888448
101929269,0.0646929135332517
101929270,0.6881954234885487
101929282,0.0128076294222381
101929284,0.0
101929288,0.0
101929290,0.0970237498872507
101929295,0.5253179952353421
101929297,0.0
101929305,0.0
101929308,0.0
101929309,0.0471602662673416
101929310,0.0
101929315,0.0
101929316,0.0
101929328,0.0921882600032804
101929329,0.0
101929335,0.4074150099184874
101929337,0.0
101929338,0.16258357811886
101929341,0.0506962311574882
101929344,0.263338820352192
101929350,0.0561671921294347
101929351,1.1019152958770413
101929352,0.0635354152782802
101929353,0.0
101929355,0.0
101929372,0.0
101929374,0.4909180971716037
101929378,0.8900164503523055
101929384,0.0544125563488178
101929386,0.0
101929387,0.1111807302691279
101929390,0.0
101929397,0.0171022935190702
101929402,0.4209352871099618
101929406,0.0
101929407,0.2308316701084366
101929408,0.0532407567944813
101929410,0.7162732691812004
101929412,0.0
101929413,0.0
101929415,0.0056012358560772
101929422,0.0850699324727219
101929423,0.4087905456075128
101929425,0.0
101929428,0.0
101929437,0.0947954893080635
101929439,0.150163030160434
101929440,0.2852189645943883
101929441,0.1051431153898577
101929445,0.0248187083181388
101929450,0.0304597993916931
101929457,0.0440046509270564
101929460,0.0
101929467,0.0673875284399155
101929468,0.1281402344712371
101929469,0.5963367720027236
101929470,0.0280467968559265
101929473,0.0
101929475,0.057140405596366
101929478,0.0
101929480,0.0
101929486,0.0278454019696254
101929488,0.0
101929494,0.2881491952836383
101929495,0.0
101929497,0.8731951528330149
101929505,0.0
101929510,0.0
101929511,0.1317039313972478
101929512,0.2039638965631334
101929516,0.4203203993811211
101929517,0.0
101929524,0.1998874825803323
101929526,0.0
101929528,0.0
101929529,0.0981356370534185
101929530,0.0
101929531,1.381005536474777
101929532,0.0975798800301689
101929536,0.1014623682252616
101929538,0.0189362275154237
101929541,0.0
101929542,0.0812988122919001
101929544,0.0
101929548,0.330550882940382
101929549,0.0336664500279098
101929551,0.0473570995805846
101929557,0.1220462241655084
101929559,0.0858221088259321
101929560,0.6175437915532348
101929563,0.2191082719804654
101929566,0.481463755983178
101929570,0.0
101929572,0.0
101929577,0.0
101929582,0.0
101929586,0.0
101929589,0.0
101929590,0.0
101929591,0.1177172127846447
101929592,0.0
101929595,0.1848723406568188
101929596,1.6775487684599584
101929602,0.1891910239108802
101929607,0.3205166724505941
101929608,0.0
101929609,0.96706994736047
101929620,0.0
101929623,0.0324653828330247
101929624,0.0
101929628,0.0
101929631,0.0
101929634,0.033066130062972
101929639,0.4067889332513551
101929651,0.1553613094606595
101929653,0.0
101929657,0.1276043426051557
101929662,0.0
101929663,0.0
101929664,0.0294552189612712
101929667,0.1918372189643938
101929680,0.0136273381928503
101929681,0.0
101929684,0.0
101929688,0.0694986479199568
101929690,0.0
101929691,0.473719912386878
101929692,0.0606346453732357
101929693,1.2155742298923655
101929694,0.0
101929696,0.0
101929698,0.1343665777337765
101929700,0.0
101929701,0.0
101929704,1.606867268441
101929705,0.437829623085357
101929709,0.9404669977702952
101929717,0.0660413065929845
101929718,0.2957167376189304
101929721,0.0
101929723,0.0
101929726,0.6282341055012692
101929730,0.2655996172193899
101929733,0.0
101929741,0.1560519136043738
101929743,0.0308612972995617
101929745,0.1252780946513598
101929746,0.0581124904196997
101929748,0.0706479226552025
101929753,0.0068409645610921
101929754,0.0227948798627598
101929756,0.4663563036721709
101929765,0.1320594510057083
101929796,0.0378567710724885
101929897,0.0725598717535938
101929901,1.1431596616176316
101929918,0.0706479226552025
101929926,0.0
101929947,0.112091680115918
101929977,1.289043386368466
101929983,0.0
101929989,0.0260306859239784
101929998,0.0105493414072734
10193,2.2151260315504513
101930023,0.2189486615675671
101930028,0.0362629122582597
101930041,0.0
101930085,1.806570564073924
101930090,0.0
101930094,0.0906947274148189
101930100,0.1062441514989379
101930114,0.5153303297958082
101930275,0.1536322322100882
101930276,0.0
101930294,0.0
101930370,0.5808161697549722
101930420,0.0
101930421,0.0256268862991105
101930452,0.1694027480215364
101930593,0.0
101930746,0.0
101930749,0.0
10194,2.0117840578021
10195,2.1481310070138693
101954264,0.0
101954266,0.0
101954267,0.0
101954269,0.0
101954271,0.0
101954272,1.3125656641303003
101954273,0.769663397208521
101954275,0.0
101954276,0.0
101954277,0.0
101954278,1.6316423042792416
10196,1.607908650530297
10197,2.5136262824767073
10198,1.0168302337770978
10199,2.2153842452890977
102,2.1612368180716484
1020,1.8556247080985044
10200,2.282462784725667
10201,1.7613586388389604
10202,1.8585536360515316
10203,1.534756547770807
102030688,0.0
102031319,0.0
10204,2.4600211268043384
10205,2.4064204811571837
10206,1.870822896400845
102060282,0.0528497930137067
102060414,0.05293865122098285
10207,2.1879580719630627
10208,1.9668510491420068
10209,3.087852551569211
1021,1.642750760150399
10210,2.1612661513276974
10211,2.7531404599936753
10212,1.9926450176886616
10213,1.9648755508200737
10214,0.0
10215,0.0
102157401,0.301919497498654
102157402,2.041638940318766
10216,0.7353106356896871
10217,2.457014978505881
10218,2.183696677821605
10219,0.5772542806543307
102191832,0.3667898289338502
1022,2.21607186345761
10220,0.8279628770583829
10221,2.7784240924745163
102216268,0.0412337454202869
102216342,0.022997480615535
10223,0.0833750437052461
102238594,0.1211462231579099
10224,1.6399719141568148
10225,0.8586657677862872
10226,2.465095519934746
10227,2.4397113543840874
10228,1.991376528218692
102288414,0.0
10229,2.0709612169239606
10230,1.8172913292593185
10231,1.7122327243064814
10232,1.3052348334079438
10233,1.8003210785129131
10234,1.3549737822970231
10235,0.775999244931683
10236,2.402471344116486
10237,2.0293800286257193
10238,2.4561336095567805
10239,1.598720566822234
1024,1.6659345485016197
10240,2.2148388985604135
10241,2.3810434381218757
10242,0.0460008576860026
10243,1.75478546032544
10244,2.019641827323004
10245,2.1280604112786743
10246,0.0
102464817,0.0
102464823,0.0
102464824,0.0
102464825,0.0
102464826,0.0
102464827,0.0
102464828,0.7057254221234369
102464829,0.0
102464830,0.0
102464831,0.0
102464832,0.0
102464833,0.0
102464834,0.0
102464836,0.0
102464837,0.0
102465133,0.0
102465134,0.0
102465135,0.0
102465136,0.9722659319089824
102465137,0.3224780060156172
102465138,0.0
102465139,0.0
102465140,0.0
102465141,0.3975883959245259
102465246,0.0
102465247,0.3273596661759082
102465248,0.0
102465249,0.0
102465250,0.0
102465251,0.0
102465252,0.0
102465253,0.0
102465254,0.0
102465255,0.4254698134707198
102465256,0.0
102465257,1.087366070342166
102465427,0.0
102465428,0.0
102465429,0.0
102465430,0.0
102465431,0.0
102465433,0.0
102465434,0.0
102465435,0.0
102465436,0.0
102465437,0.0
102465438,0.0
102465439,0.0
102465440,0.0
102465441,0.0
102465442,0.0
102465443,0.3130462598802482
102465444,0.0
102465445,0.0
102465446,0.0
102465447,0.0
102465448,0.0
102465449,0.0
102465450,0.0
102465451,0.9352836928642309
102465452,0.0
102465453,0.0
102465454,0.0
102465455,0.0
102465456,0.0
102465457,0.0
102465458,0.0
102465459,0.0
102465460,0.0
102465461,0.0
102465462,0.0
102465463,0.0
102465464,0.0
102465465,0.0
102465466,0.0
102465467,0.0
102465468,0.0
102465469,0.0
102465470,0.0
102465471,0.0
102465472,0.0
102465473,0.0
102465474,0.0
102465475,0.0
102465476,0.0
102465477,0.0
102465478,0.9230183565443631
102465479,0.0
102465480,0.0
102465481,0.0
102465482,0.0
102465483,0.0
102465484,0.0
102465485,0.0
102465486,0.0
102465487,0.0
102465488,0.0
102465489,0.0
102465490,0.0
102465491,0.5068461003684477
102465492,0.0
102465493,0.0
102465494,0.0
102465495,0.0
102465496,0.5922700320693856
102465497,0.5129473690495815
102465498,0.0
102465499,0.0
102465500,0.0
102465501,0.0
102465502,0.0
102465503,0.0
102465504,0.0
102465505,0.0
102465506,0.0
102465507,0.0
102465508,0.0
102465509,0.0
102465510,0.0
102465511,0.0
102465512,0.0
102465513,0.0
102465514,0.0
102465515,0.4728034812884282
102465516,0.0
102465517,0.0
102465518,0.0
102465519,0.0
102465520,0.0
102465521,0.0
102465522,0.4836129464704479
102465523,0.0
102465524,0.0
102465525,0.5129473690495815
102465526,0.0
102465527,0.0
102465528,0.4892387561825916
102465529,0.0
102465530,0.0
102465531,0.0
102465532,0.0
102465533,0.0
102465534,0.0
102465535,0.0
102465536,0.0
102465537,0.3667898289338502
102465538,0.0
102465539,0.6900532383974165
102465665,0.0
102465666,0.0
102465667,0.0
102465668,0.4478563932861349
102465669,0.0
102465683,0.0
102465684,0.0
102465688,0.0
102465689,0.0
102465690,0.0
102465691,0.0
102465692,0.5129473690495815
102465693,0.0
102465694,0.0
102465695,0.0
102465696,0.0
102465800,0.0
102465801,0.0
102465802,0.0
102465803,0.0
102465832,0.0
102465833,0.0
102465834,0.0
102465835,0.0
102465836,0.0
102465837,0.0
102465838,0.0
102465839,0.0
102465840,0.0
102465841,0.0
102465842,1.7393522483667627
102465854,0.0
102465855,0.0
102465856,0.0
102465857,0.0
102465858,0.0
102465859,0.0
102465860,0.0
102465861,0.5965298421965575
102465862,0.0
102465863,0.3798831303314721
102465864,0.0
102465865,0.0
102465866,0.0
102465867,0.0
102465868,0.0
102465869,0.0
102465870,0.0
102465871,0.0
102465872,0.0
102465873,0.0
102465874,0.0
102465875,0.0
102465876,0.0
102465877,0.0
102465878,0.0
102465879,0.0
102465880,0.0
102465881,0.0
102465882,0.0
102465906,0.0
102465907,0.0
102465908,0.0
102465909,0.0
102465910,0.0
102465944,0.0
102465974,0.3867320790387663
102465975,0.4836129464704479
102465976,0.0
102465977,0.0
102465978,0.0
102465985,0.0
102465993,0.0
102465995,0.0
102466081,0.0
102466103,0.0
102466104,0.0
102466162,0.0
102466189,0.0
102466190,0.0
102466191,0.0
102466192,0.0
102466193,0.0
102466194,0.0
102466195,0.0
102466196,0.0
102466197,0.0
102466198,0.0
102466199,0.0
102466200,0.0
102466201,0.0
102466202,0.0
102466203,0.0
102466204,0.0
102466205,0.0
102466222,0.0
102466223,0.0
102466225,0.0
102466227,0.0
102466235,0.0
102466247,0.0
102466250,0.0
102466251,0.0
102466252,0.0
102466253,0.0
102466259,0.0
102466268,0.0
102466270,0.0
102466271,0.0
102466515,0.0
102466516,0.0
102466518,0.0
102466519,0.0
102466615,0.0
102466616,0.0
102466656,0.0
102466657,0.0
102466658,0.5533488766984636
102466659,0.0
102466719,0.0
102466720,0.0
102466721,0.0
102466722,0.4728034812884282
102466723,0.0
102466724,1.2676430924188915
102466725,0.0
102466726,0.0
102466727,0.0
102466728,0.0
102466729,0.0
102466730,0.0
102466731,0.7199950087241007
102466732,0.0
102466733,0.0
102466734,0.0
102466735,0.0
102466736,0.0
102466737,0.0
102466738,0.0
102466739,0.0
102466740,0.0
102466741,0.0
102466742,0.0
102466743,0.0
102466745,0.0
102466746,0.0
102466747,0.0
102466748,0.0
102466749,0.0
102466750,0.0
102466751,0.0
102466752,0.0
102466753,0.0
102466754,0.0
102466755,0.0
102466756,0.0
102466757,0.0
102466758,0.0
102466759,0.0
102466806,0.0
102466812,0.0
102466814,0.0
102466815,0.5391562760289466
102466816,0.0
102466854,0.0
102466864,0.0
102466865,0.0
102466866,0.0
102466872,0.0
102466873,0.0
102466874,0.0
102466875,0.0
102466876,0.0
102466877,0.0
102466878,0.0
102466879,0.0
102466880,0.0
102466889,0.0
102466906,0.3939019859550799
102466911,0.0
102466912,0.0
102466918,0.0
102466953,0.0
102466967,0.0
102466972,0.0
102466982,0.0
102466983,0.0
102466984,0.0
102466985,0.0
102466986,0.0
102466995,0.5129473690495815
102467003,0.0
102467004,0.0
102467005,0.0
102467079,0.0
102467146,0.0534361704016004
102467212,0.7634930920487442
102467213,0.0479473231186116
102467214,0.0
102467222,0.0
102467225,0.0
102467226,0.0
102467655,0.0
10247,2.0967457076874014
10248,2.4892039038493565
10249,0.0272409292764164
1025,2.4481731442497483
10250,2.3902936509823993
10251,0.4714266897038167
10252,2.4758265550300527
10253,2.4166605970841704
10254,2.177695211510205
102546227,0.1858710144881974
102546228,0.0
102546294,0.1324148165236816
102546299,0.0
10255,0.2154291393132636
102557615,0.0
10256,2.1069390996925996
10257,0.7713091012703333
102577424,0.0
102577425,0.0
102577426,0.0266360241092229
102578074,0.1025683134842556
1026,2.5238969162721214
10260,1.735341455972356
102606463,1.6373929156053777
102606465,0.6425686305596003
102606466,0.0691152046135907
10261,1.3378657640071436
10262,2.8124240502568805
10263,2.4106635520603388
10265,2.488106382284069
102659353,0.0
10266,2.541915453454493
10267,1.3453227989176306
10268,2.377515355924158
102682016,0.0
10269,2.5243359563417016
1027,2.5884368639257755
10270,2.0597107311665277
10272,1.5786237117475637
102723099,0.6537732228651794
102723165,0.1421274322450643
102723166,0.2788815579750946
102723167,0.0072538062085478
102723168,0.0
102723169,1.9274592083079427
102723170,2.016472134732751
102723305,0.1370205991519871
102723313,0.5290413337794537
102723314,0.1627547573177827
102723318,0.0
102723322,0.1979234293138989
102723323,0.0
102723324,0.089572811643912
102723330,0.0
102723335,0.2355356536201727
102723341,0.6382174182062886
102723360,0.0
102723362,0.0
102723364,0.0
102723377,0.0
102723378,0.0489301088118718
102723380,0.0
102723385,0.0
102723413,0.0
102723423,0.0
102723430,0.2977416696292913
102723446,0.0985059346638177
102723448,0.0
102723449,0.0
102723451,0.0
102723471,0.0
102723472,0.0
102723475,0.6679416750088943
102723481,0.0
102723483,0.1178980435863406
102723495,0.0
102723508,1.2881659064168485
102723510,0.426080482886625
102723518,0.0
102723525,0.0
102723526,0.0
102723538,0.0
102723544,0.0
102723547,0.0
102723548,0.08431707500591
102723553,0.0
102723555,0.0350655380227658
102723557,0.0
102723562,0.0
102723566,0.9668501985693814
102723567,0.0
102723575,0.473490911683664
102723582,1.069905053665938
102723604,0.0777003520403405
102723605,0.0
102723617,0.0
102723619,0.2308316701084366
102723623,0.0
102723626,0.1139105667826226
102723631,0.0
102723640,0.2831612505969013
102723641,0.8771411994582996
102723644,0.0
102723647,0.8794844640089394
102723654,0.0
102723661,0.0
102723663,0.623513382995225
102723670,0.0256268862991105
102723672,1.0281086828728438
102723678,0.0
102723680,0.0
102723684,0.0
102723690,0.0516758077965697
102723692,0.0645001083526856
102723699,0.009520858735307
102723701,0.3610897183286638
102723708,0.0
102723727,0.0
102723737,0.0
102723741,0.0
102723742,0.0187326529005272
102723749,0.0
102723757,0.1270681007161791
102723775,1.3856361450344543
102723786,0.0
102723796,0.0
102723809,0.6809695706342527
102723817,0.0406387916047836
102723824,0.1644645680444395
102723828,0.0
102723831,0.0
102723833,0.0
102723834,0.403273239498817
102723838,0.0
102723849,0.0148554188895284
102723854,1.7109856122353957
102723859,0.0
102723878,0.3975883959245259
102723885,0.4478563932861349
102723895,0.0049806933258769
102723896,0.0
102723899,0.0
102723924,0.0374585887741673
102723932,0.0199533676763937
102723944,1.3384365850294124
102723966,0.0
102723971,0.0
102723981,0.0
102723989,0.2041265232242545
102723996,0.6356665523461821
102724015,1.3745263691019824
102724019,0.0925612234809782
102724023,0.3374430473673273
102724030,0.5810135284963543
102724039,0.0
102724053,0.0
102724064,0.8818820801408369
102724076,0.0
102724087,0.0
102724094,0.3411393026160296
102724097,1.4124984138321284
102724101,0.0
102724105,1.2431836132356031
102724127,0.0
102724135,0.0
102724153,0.0
102724159,0.8349134159572603
102724163,0.9040952596118138
102724165,0.0
102724167,0.095353116336939
102724168,0.2866854529014875
102724178,0.0
102724190,0.3549444262336366
102724200,0.5326399796680187
102724201,0.0404403802309502
102724219,0.0
102724220,0.0
102724224,0.7073715638091468
102724233,0.1067941198550825
102724238,0.0156731530012164
102724246,0.0510881989588056
102724264,0.0
102724265,0.2485604005374601
102724289,0.0
102724297,0.9167939150462872
102724312,1.0804531288549173
102724321,0.0
102724323,1.1730997868675646
102724330,1.4491587103807646
102724334,0.0
102724338,0.0
102724339,0.1343665777337765
102724341,0.0
102724344,1.49254696377656
102724354,0.0
102724357,0.0
102724362,2.0963942545442076
102724373,0.0
102724380,0.0
102724386,0.1053267233098706
102724397,0.1021998293216098
102724398,0.0
102724428,1.400978319183922
102724430,0.0
102724433,0.0
102724434,0.0
102724446,0.0
102724452,0.0
102724473,0.1463297841307743
102724474,0.233187141084176
102724479,0.0304597993916931
102724481,0.0
102724482,0.0223895328412295
102724485,0.0
102724488,0.2453242265811973
102724497,0.029254159459327
102724502,0.0716044446446561
102724508,0.5765596082244228
102724511,0.0
102724515,1.433549949137442
102724536,0.5927553995314246
102724548,0.3580232511579675
102724550,0.3499653826091219
102724551,0.0
102724555,0.0
102724560,0.010754888621307
102724571,0.6575859668194167
102724587,0.0833750437052461
102724589,0.2186293449996029
102724594,0.1771745280964104
102724596,0.1334799897055372
102724601,0.0981356370534185
102724602,0.0
102724605,0.0
102724623,0.0
102724624,0.0406387916047836
102724627,0.0
102724631,0.0
102724637,0.0364623094604789
102724642,0.7585608459103578
102724643,0.0
102724651,0.0113712320035829
102724652,0.0
102724655,0.0
102724657,0.0
102724659,0.0
102724663,0.0209692882026594
102724679,0.1159067175904995
102724684,0.0
102724691,0.0645001083526856
102724698,0.0
102724699,0.04578114125236
102724700,0.0
102724701,0.0058079828238362
102724708,0.3675818149571468
102724710,0.0
102724714,0.350505221488065
102724719,0.0964672461846826
102724737,0.0664261626900539
102724742,0.0
102724745,0.1570867224494012
102724763,0.0
102724768,0.2016836555872125
102724814,0.0999854713451175
102724816,0.0
102724826,0.8460006705485836
102724827,0.7963774247278423
102724832,0.7256993614864193
102724843,0.0
102724849,0.0
102724850,0.0248187083181388
102724858,0.0
102724859,0.010754888621307
102724862,0.0
102724877,0.0
102724880,0.0362629122582597
102724890,0.0300581105554705
102724907,0.1284973014560392
102724908,0.0177140457770852
102724917,0.0
102724919,0.2341273790923397
102724927,0.2563649813792048
102724929,0.0
102724933,0.0899469520555108
102724934,0.0
102724940,0.0066344685557293
102724950,0.0
102724951,0.0
102724954,0.0616026860516921
102725019,0.0
102725021,0.0432138940104846
102725022,0.2358482648106615
102725045,0.0248187083181388
102725068,0.7541286175514763
102725079,0.0
102725080,0.0
102725105,0.0
102725191,0.0338664618273812
102725220,0.0
102725532,0.0
10273,1.885405770044863
10274,1.927498385432603
10276,2.4484195901652455
10277,2.1549495548557855
10278,2.445121074041104
10279,1.9621158650181627
1028,2.2003091532807777
10280,2.533350282440789
102800315,0.0
102800317,0.0
10281,0.0
10282,1.9428058335873024
10283,2.0005329791835584
10284,2.6774661931392827
10285,1.9646974056739688
10286,2.651952420878964
10287,1.7853401438272931
10288,0.5603918124637641
10289,2.5740995457752565
1029,0.8432634407569275
10290,1.4913462724765012
10291,2.6390539066312004
10293,1.1561397901050177
10294,2.4469762375898902
10295,2.3366628935769858
10296,1.9395513659456496
10297,0.2994731460902649
10298,2.1602716485103275
10299,2.390968213405082
103,2.688817499511482
1030,1.362954337751472
10300,1.9045512322835256
10301,0.2406780642448516
10302,2.018670787832225
10307,1.6901254360131128
10308,1.6953309754624406
10309,1.4271342487928151
103091864,0.3248529526034982
1031,1.6202257592643554
103106903,0.2021728243568805
10311,1.9558378923211464
10312,1.843513001680127
10313,2.6990909184908483
10314,2.546609717786921
103157000,0.0
10316,0.3613557864860852
103164619,0.0471602662673416
10317,1.0400063368080692
10318,2.472958531524927
10319,0.7239369812094448
1032,1.4204412331116012
10320,0.859644756370587
10321,1.4777890776144602
10322,2.286698522891801
10324,0.5658555920828099
10325,2.09575575040148
10326,0.219427397119987
10327,2.650069007591799
10328,1.929382148547568
103283057,0.0
10329,1.340060021726012
1033,0.8185777971623969
10330,1.0171843354689918
10331,1.545849576981291
103312105,0.0
10332,0.0
10333,0.6461738860735954
103344928,0.0852580403731478
103344929,0.0
103344930,0.0324653828330247
103344931,1.437398043885688
10335,1.8241444477971729
103352539,1.173756879507711
103352670,0.0
10336,2.032885242638143
10340,0.0
10342,2.101650514798047
10343,0.2977416696292913
10344,0.2604657961588657
10345,0.0260306859239784
103456507,0.0
10346,2.2232129657633632
10347,1.3768894622520496
10349,1.1853414920685996
10350,1.129376057506668
103504726,0.0
103504727,0.0
103504729,0.0
103504730,0.0
103504731,0.0
103504732,0.0
103504733,0.0
103504734,2.2691722968517865
103504735,0.0
103504736,0.0
103504737,0.0
103504738,0.0
103504739,0.0
103504740,0.0
103504741,0.0
10351,1.3026159629953815
10352,2.002302073025728
103581031,0.0
1036,1.9685202518654268
10360,2.4304234774033593
10361,0.9956132579844548
103611157,0.0
10362,2.425836475051178
103625681,0.5348537267151464
103625684,0.7306413430559724
10363,1.7935652496375558
10365,2.3767979402493697
10367,2.3919293446246743
10368,0.0
103689911,0.0
103689912,0.6309042400654432
103689913,0.0
103689917,0.0
10369,0.0
103695364,0.0
103695365,0.0
103695431,0.0
103695433,0.0
103695434,0.0
103695435,0.0314631865193807
10370,2.6327714453156075
10371,0.5522196478807352
103724388,0.041431969987866
103724390,0.0209692882026594
103752554,0.0
103752555,0.0
103752584,0.3835091556517567
103752589,0.2026616951876663
10376,2.5389276251801243
10379,0.6760808301316688
10380,2.2285248426332585
10381,0.0742768884659622
10382,0.076560759028747
10383,2.928875790116806
10384,1.7463197602412603
10385,1.581113554788799
10388,1.6404951999243065
10389,0.8181606042982974
1039,2.1207860956470115
10390,1.8719848423538132
103908605,0.1238432763780587
10391,1.5453971860632143
103910,3.198238366603403
103911,0.1651474855524761
10392,1.5147752815159017
10393,1.0327583181169324
10394,0.0
10395,1.7693186364106006
10396,1.24372867737549
10397,2.36231264725138
10398,3.159314798053147
10399,3.256864084044288
104,1.7630418051327843
1040,2.3842030203483104
10400,1.805304813231076
10401,2.3018947334152196
10402,1.393775059334419
10403,0.5178132571921691
10404,2.353366884267756
10406,2.946931995836355
10407,0.0
10408,0.0084911297831118
10409,1.643637648716596
1041,0.0801641354811421
10410,3.19611571924923
10411,1.411211961752387
10412,2.51461019849033
10413,2.6378352903594355
104169670,0.0
104169671,0.0035309985040075
10417,1.4185160209528036
10418,2.3258895116053573
10419,2.09685107747209
10420,1.9479130028418965
10421,2.396555298222551
10422,2.2548211795310973
10423,2.604751842873715
10424,2.565885683442008
10425,2.121264722843232
10426,1.839814006334382
104266956,0.0
104266957,0.094098227928529
104266959,0.0
104266960,0.0733234266047182
104266961,0.0
104266962,0.0664261626900539
104266963,0.0818655711838594
10427,2.302019235213415
10428,2.175320145365404
1043,1.9802269790676603
10430,2.482075078448818
104310350,0.0
104310351,0.0784592157513684
10432,2.2057867705625274
104326056,0.0
104326057,0.0
104326058,0.0
104326193,0.0
10434,2.4551444817304864
10435,0.0
104355137,0.0
104355138,0.0
104355139,0.0
104355141,0.2378772436632628
104355143,0.0
104355145,0.0
104355146,0.0
104355152,0.0777003520403405
104355218,0.0
104355285,0.0
104355286,0.0
104355287,0.0041525986866217
104355291,0.0
104355292,0.0487336436053482
104355293,0.0
104355294,0.0
104355296,0.0
104355297,0.0
104355426,1.275856494713321
10436,1.8895098410351256
10437,0.0871367817651098
10438,1.8493995365087543
10439,1.7253665898914152
1044,0.1544972297209149
10440,2.228383390393621
104413890,0.0
104413892,0.0
10443,2.018094409814927
10444,2.5827597418793773
10445,2.381177346228025
10446,1.6062214292781034
10447,2.2498680845567045
104472519,0.0
104472714,0.0
104472717,0.120425512675816
10449,2.237749352721305
1045,0.0
10450,1.9027213180684124
104502416,0.1666819524291762
104502417,0.0
10451,2.4238490468592144
10452,2.1399479762475897
104533120,0.7187836545714098
10454,2.0906631643392335
104548972,0.0410354741801234
104548973,0.0205630661837875
10455,2.0582145993371443
10456,2.682889771064701
104564224,0.0759903776592968
10457,2.5843134885732084
10458,1.782908095027831
10459,1.993472917469348
1046,0.0
10460,0.8733228279665448
10461,1.6759159876358638
104613533,0.3576223679762332
10462,0.7865228949073402
10463,2.308377164193287
10464,1.9340026398613912
10465,1.6494210373285467
10466,1.8766975993111488
10467,2.199776828634926
10468,2.1638712200260013
10469,1.7804844890176008
1047,1.698411779297072
10471,1.9952682771823012
10472,2.2827210510296387
10473,2.7795827136719806
10474,2.510496867106892
10475,1.8628990165302544
10476,2.405273605803804
10477,2.4321271027792712
10478,2.18788818748831
10479,1.3062969720689543
104797537,0.0553878071845259
104798195,0.0717956175864252
1048,0.120425512675816
10480,2.3997085724865195
10481,0.4298555274178127
10482,2.3658081623531766
10483,2.517665705037446
10484,1.932960767304934
10485,0.458684727480093
10486,2.1312623344392247
10487,2.9378498193309293
10488,2.710994267085796
10489,2.3013574482771264
10490,2.004191698663053
104909134,0.0
10491,2.5739439972702822
10492,1.2316663603148004
10493,2.8378893457686596
10494,2.1751993560512104
10495,1.7384517993897697
104968399,0.3017758071714653
10497,1.7267765853807804
10498,2.1154644270672622
10499,2.178298434980478
105,0.0358639763576893
1050,1.3073569925545754
10500,1.5872119064462875
10501,1.4364564549915302
10505,1.532650112885823
10507,1.4888724268407545
10509,2.4058445842095635
1051,2.526758124007522
10512,2.8543492393600407
10513,2.0470703589916406
10514,2.2622018876776115
10516,2.4057508245692905
10517,0.0569458532680942
10518,1.3130747497678423
105180390,0.0
105180391,0.0
10519,2.771809327984226
1052,2.3956558047116805
10520,1.8716159003344728
10521,2.9739542217990937
10522,2.062899687658893
105221694,0.6172627115969037
10523,1.897983226643225
10524,1.720479226768019
10525,2.383524364050406
10526,2.2864549585467286
10527,2.572510716098785
105274304,0.1796927515744965
10528,2.363036356007608
10529,2.2393867918885433
1053,0.0693069482704467
10531,1.868280327889314
10533,1.6732052682677376
10534,2.1329229688975477
10535,0.0207662015448037
10536,1.6564257524313934
105369147,0.5883750285577206
105369165,0.096838290181438
105369167,0.0103437444480222
105369187,0.0581124904196997
105369192,0.1515524834278699
105369201,1.210208189651532
105369250,0.5862235854783087
105369274,0.0
105369292,0.0
105369301,0.2828668492080381
105369302,0.043016088629042
105369306,0.0
105369308,0.0
105369317,0.1646353512832717
105369318,0.0891985025665453
105369323,0.983864567777892
105369332,0.4597355583041642
105369344,0.212055077748509
105369347,0.8527601599524941
105369360,0.1396660445520418
105369363,1.2482385800547244
105369378,0.120425512675816
105369413,0.0683477895576427
105369423,0.0
105369428,0.0
105369431,0.0
105369438,0.0
105369443,0.0
105369473,0.0
105369482,0.0
105369490,0.0
105369496,0.0
105369507,0.0
105369515,0.0
105369525,0.0
105369527,0.0
105369528,0.1683835190067455
105369536,0.0708393147493007
105369541,0.0
105369547,0.6458142041700256
105369549,0.0
105369557,1.5831551669280022
105369558,0.0
105369563,0.0334663908138561
105369564,0.0
105369576,0.0
105369584,0.0150599263207783
105369589,0.0
105369591,0.0
105369595,0.0
105369635,2.2136627302423366
105369668,0.0
105369691,0.0485371324516474
105369717,0.0
105369723,0.2003777465210845
105369728,0.0
105369730,0.0
105369734,0.0
105369736,0.0
105369739,0.0286506937617837
105369740,0.0
105369758,0.0557775902066152
105369759,0.096838290181438
105369779,1.7438389431748489
105369784,0.0
105369785,0.0
105369791,0.1423029624369139
105369804,0.0
105369807,0.0666185243177208
105369810,0.0
105369840,0.0
105369848,0.2896102007349427
105369854,0.0
105369860,0.0
105369865,1.0463489609202627
105369885,0.8494555835594059
105369893,0.0
105369897,0.0432138940104846
105369900,0.0
105369908,0.0
105369911,0.6950106753009021
105369920,0.1029366335610796
105369921,0.032865928486596
105369954,0.074848442848116
105369971,0.451876642372601
105369980,0.0
105369984,0.9364392898545734
105369995,0.0
10537,0.0467664613262632
105370000,0.3602909569068961
105370014,0.0
105370015,0.0
105370016,0.0
105370022,0.0
105370024,0.0
105370027,0.2289422589237593
105370035,0.0
105370047,0.7098332921776558
105370057,0.0975798800301689
105370060,0.0
105370061,0.0
105370103,0.3506401217746132
105370109,0.0
105370115,0.0685397094214406
105370117,0.0447946653885956
105370141,0.0
105370145,0.0
105370158,1.0293983777270308
105370169,0.0344662129356738
105370174,0.1157254490155959
105370185,0.0
105370208,0.1943101536388631
105370232,0.0
105370295,0.0
105370306,0.0
105370308,0.0
105370315,0.0
105370340,0.0
105370349,0.0
105370357,0.0
105370369,0.0
105370401,0.0637284429094406
105370404,0.1452812212828696
105370409,0.0
105370414,0.041828279182458
105370423,0.0
105370424,0.0
105370431,0.0
105370455,0.1364904825088563
105370458,0.0
105370460,0.055972413796195
105370471,0.0505001786277436
105370473,0.0
105370474,0.0491265280900879
105370479,1.2019319045720744
105370489,0.0
105370500,0.1220462241655084
105370503,0.2812456594128502
105370509,0.0326656794165476
105370524,0.1384325675089229
105370525,0.3456329258702239
105370526,0.1485970601752414
105370532,0.2739829642168674
105370540,0.0372594270725486
105370578,0.0710306629776471
105370586,0.0
105370589,0.0
105370600,0.0
105370607,0.0
105370611,0.0
105370622,0.0
105370623,0.0366616595234452
105370625,0.3431851201226468
105370629,0.0
105370635,0.2008677113527925
105370645,0.0378567710724885
105370646,0.0
105370648,0.0
105370650,0.0
105370654,0.0
105370670,0.0
105370681,0.0264342928541542
105370722,0.0
105370728,0.0
105370737,0.0066344685557293
105370738,0.0
105370757,0.0555827213422205
105370764,0.3617547148701902
105370769,0.0215782561623971
105370781,0.0191397532419228
105370787,0.0
105370791,0.0
105370792,0.6162311174050886
105370802,0.2612228714096791
105370804,0.0865736051467432
105370809,0.2136635490584076
105370829,0.0
105370833,0.0693069482704467
105370868,0.1979234293138989
105370880,0.0
105370887,0.0400434172142254
105370906,0.2422298130789489
105370911,0.0
105370921,0.201520533066984
105370941,0.4037764883971546
105370947,0.1974316650138717
105370954,0.0
105370969,0.5983613740455903
105370985,0.0
105370987,0.0
105370993,0.0280467968559265
105370997,0.1100862611199595
105371006,0.0
105371008,0.0641143646112851
105371009,0.0428182367483027
105371011,0.2810981119313987
105371018,0.3256894285398761
105371022,0.2199058457810981
105371027,0.0
105371045,0.0848817820027076
105371046,0.5541690156461883
105371048,0.0
105371049,0.2642439183390903
105371055,0.0803533557144177
105371062,0.6816529207072184
105371074,0.0
105371079,0.0
105371083,0.0370602183099194
105371090,0.0
105371113,0.0
105371115,0.1207859468404668
105371129,0.3027810825165379
105371142,0.0
105371143,0.0
105371146,0.0
105371152,0.0
105371184,0.0
105371200,0.0
105371240,0.2724924834198263
105371242,0.0
105371251,0.0
105371252,0.0
105371254,0.1010933910344035
105371256,0.0051875911285856
105371260,0.178182758872508
105371264,0.0
105371267,2.36250518729924
105371272,0.0396462670429822
105371279,0.0567512557756906
105371286,0.1731289935300493
105371296,0.0
105371335,0.0
105371346,0.0
105371350,0.0
105371361,0.0
105371374,0.2978861064509409
105371401,0.035464851664874
105371414,0.875680202464293
105371416,0.4806703579152258
105371423,0.0639214260144302
105371430,0.0625696085978943
105371450,0.4251031720970188
105371455,0.0
105371485,0.0408371562480633
105371508,0.0
105371509,0.0
105371541,0.0
105371559,0.0
105371562,0.1012779001967963
105371564,0.0729417365234151
105371574,0.0
105371580,0.0
105371595,0.0
105371597,0.0
105371609,0.0
105371620,0.316155940087768
105371622,0.3072174572540063
105371653,0.031262604438497
105371660,0.0
105371672,0.0
105371673,0.0
105371689,0.4854179140327855
105371708,0.0
105371712,0.0
105371722,1.1563788625759135
105371729,0.1341893368520052
105371730,0.3461758237645608
105371734,0.2047767003527363
105371735,0.0
105371745,0.1555340154263538
105371757,0.0
105371762,0.0
105371773,0.1202452363628534
105371786,0.1091730934233686
105371789,0.0
105371795,0.2871248635282031
105371798,0.1934866860254196
105371807,0.0
105371824,0.0979504261429475
105371828,0.0227948798627598
105371830,0.0
105371831,0.0
105371841,0.609251503728106
105371848,0.0
105371855,0.0262325134658017
105371856,0.2046142054746045
105371887,0.0
105371899,0.0432138940104846
105371907,0.1724527678491707
105371941,1.2629634776113627
105371956,0.0
105371964,0.0
105371967,0.0
105371969,0.0
105371993,0.0
105371994,0.0
105372009,0.0820544050747075
105372035,0.0
105372040,0.5426006944716532
105372041,0.1748170911334096
105372042,0.0
105372045,0.0
105372058,0.0
105372061,0.0503040803202519
105372068,0.0
105372069,0.0
105372079,0.032865928486596
105372080,0.0376577034343075
105372097,0.035464851664874
105372107,0.0876995769262763
105372126,0.0318642078034075
105372127,0.0
105372132,0.0
105372138,0.0
105372143,0.0725598717535938
105372145,0.0
105372147,0.0
105372155,0.0
105372165,0.2114107827647142
105372173,0.0
105372180,0.095353116336939
105372187,0.0
105372188,0.0
105372207,0.0
105372209,0.0
105372244,0.0
105372253,0.246404421848082
105372266,1.205374070014196
105372267,0.0
105372268,0.1714373696317186
105372280,0.0955389086838045
105372281,0.0
105372295,0.5022362953304824
105372316,0.0195466581122431
105372321,0.7423711534509136
105372348,0.0
105372360,0.0
105372363,0.0
105372397,0.0
105372401,0.6627833085667015
105372424,0.0957246593932778
105372429,0.0
105372430,0.0
105372432,0.0706479226552025
105372435,0.0
105372440,0.1423029624369139
105372441,0.0
105372444,0.0
105372476,0.7585608459103578
105372480,0.622304933141411
105372481,1.146979608209532
105372482,1.0779023304103756
105372502,0.2385005031018857
105372524,0.0270393423001977
105372556,0.0
105372558,0.0
105372589,0.1078929593095223
105372608,0.0
105372626,0.0
105372629,0.0
105372640,0.0637284429094406
105372668,1.4588945157036552
105372676,0.0
105372682,0.0
105372703,0.4710820887895752
105372705,0.8068647723146359
105372710,0.029254159459327
105372725,0.0
105372733,0.0771307503330335
105372738,0.0912551171776534
105372747,0.0
105372749,0.0
105372751,0.035464851664874
105372753,0.0
105372763,0.0
105372779,0.1361368806434324
105372791,0.0627628591308276
105372802,0.0860100466169922
105372808,0.0
105372832,0.9776880932965056
105372833,0.0
105372840,0.046963386855558
105372860,0.7701874748400676
105372876,0.2024987713287518
105372883,0.3885309400974964
105372893,0.0
105372894,0.0
105372897,0.0
105372906,0.1584644237132182
105372907,0.1361368806434324
105372937,0.0
105372944,0.0
105372950,0.0
105372969,0.0
105372971,0.0
105372972,0.0
105372978,0.0
105372980,0.0
105372984,0.1250988793227
105372988,0.1093558077997425
105372990,0.1140922349498855
105373006,0.0
105373009,0.0232000328901817
105373010,0.0
105373044,0.0
105373051,0.0
105373054,0.0
105373058,0.3763701127468108
105373085,0.6342046973283466
105373098,0.3450896434646048
105373100,0.0209692882026594
105373113,0.7283342973496691
105373144,0.1649768100240471
105373148,0.1729599900364498
105373158,0.2443971708333719
105373159,1.2426380047271133
105373170,0.0
105373175,0.0
105373199,0.0
105373220,0.0
105373223,0.0
105373244,0.1768381716659198
105373251,0.0880745620036581
105373277,0.0
105373289,0.7335733440716511
105373297,0.0
105373299,0.4184726998140936
105373314,0.3686365167826566
105373334,1.7877143303804857
105373343,0.0
105373346,0.0352652184723042
105373347,0.0
105373352,0.0693069482704467
105373354,0.0704564866776887
105373368,0.0
105373373,0.0
105373377,0.0
105373390,0.0
105373400,0.0
105373411,0.0
105373418,0.0561671921294347
105373422,0.043016088629042
105373429,0.0091091168566818
105373436,0.0376577034343075
105373440,0.0
105373460,0.0
105373496,0.0925612234809782
105373507,0.0
105373508,0.0
105373509,0.0
105373514,0.0
105373519,0.0
105373525,0.0
105373530,0.0
105373537,0.0326656794165476
105373538,0.0
105373559,0.0
105373575,0.0
105373593,0.0
105373600,0.0
105373604,0.0
105373615,0.1605266099672951
105373643,0.0
105373647,0.0
105373669,0.0
105373682,0.7715331983228734
105373683,0.0
105373684,0.0
105373696,0.0
105373742,0.0
105373757,0.0600532833173621
105373764,0.022997480615535
105373780,0.0598594062479726
105373805,0.2171908384806782
105373818,0.0740862832627668
105373845,0.0
105373852,0.0
105373863,0.0
105373869,0.0639214260144302
105373876,0.0
105373878,0.4036507077159547
105373884,0.3972078773881758
105373888,0.0
105373934,0.5143564287335809
105373951,0.4828218725218858
105373953,0.5235025653408306
105373958,0.9587750008069704
105373973,0.0
105373974,0.0
105373979,0.0
105373984,0.773323243520579
105374003,0.0
105374041,0.0
105374042,0.1551885668524069
105374057,0.0
105374058,0.0
105374059,0.0
105374088,0.0211723261778742
105374104,0.5477882160830811
105374105,0.2118940526257159
105374114,0.031262604438497
105374134,0.0
105374158,0.0
105374171,0.6779718552141233
105374174,0.8708285267523724
105374177,0.0
105374205,0.076750799447613
105374219,0.0675796689626678
105374243,0.0
105374250,0.041431969987866
105374272,0.0
105374289,0.0
105374293,0.0
105374308,0.0
105374312,0.1485970601752414
105374313,0.374934210114378
105374322,0.0
105374328,0.3713981761218102
105374338,0.0
105374344,0.0938652766473933
105374363,1.216039948479145
105374374,0.042620338349058
105374408,0.0
105374409,0.0
105374419,0.3927542573442393
105374425,0.0
105374428,0.0
105374436,0.0
105374449,0.0
105374461,0.0
105374464,0.0933066477599419
105374468,0.7017582828126417
105374484,0.0
105374516,0.0
105374524,0.0111658338983268
105374540,0.0
105374561,0.0
105374582,0.0652710625303166
105374588,0.0532407567944813
105374593,0.015877463426456
105374596,0.0
105374597,0.0
105374629,0.0
105374642,0.0
105374644,0.0
105374645,0.0
105374647,0.0
105374648,0.0
105374652,0.1069773613093653
105374655,0.0
105374676,0.0091091168566818
105374698,0.0
105374716,0.0162859366995967
105374727,0.1060607473296442
105374736,0.0434116529118274
105374758,0.2502502720460832
105374768,0.0
105374769,0.0
105374774,0.0
105374780,0.0
105374791,0.0
105374796,0.1632680785905308
105374802,0.0
105374811,1.1476677213360835
105374845,0.3200957386126905
105374847,0.0
105374852,0.3882742216663623
105374880,0.0981356370534185
105374885,0.0890112847364733
105374888,0.0
105374901,0.1654887289915786
105374910,0.0
105374928,0.0
105374943,0.0
105374971,0.6549281373726102
105374974,0.0
105374978,0.0938652766473933
105374988,0.0
105374989,0.0322650387162132
105375009,0.0
105375013,0.2565172441529399
105375014,0.0
105375015,0.0
105375022,0.5167347691109367
105375050,0.0
105375070,0.0
105375082,0.0
105375095,0.4120318336113919
105375115,0.0725598717535938
105375118,0.4804435149992831
105375130,0.0942374869521354
105375132,0.0833750437052461
105375148,0.0
105375166,0.0
105375168,1.094286837200725
105375210,0.035464851664874
105375216,0.0191397532419228
105375224,0.0
105375233,0.0717956175864252
105375240,0.336481851319876
105375261,0.0
105375266,0.0
105375268,0.0775105280642577
105375283,0.0
105375297,0.0
105375298,0.0
105375303,0.498261664719046
105375304,0.1656592969286946
105375341,0.0
105375342,0.0
105375344,0.0
105375355,0.3922435953642581
105375358,0.0
105375366,0.0
105375380,0.0
105375387,0.041828279182458
105375392,0.0318642078034075
105375405,0.0105493414072734
105375421,0.1452812212828696
105375423,0.6948432168324369
105375430,1.1782585186518504
105375440,0.0754196057556881
105375448,0.0
105375475,0.0
105375483,0.0
105375484,0.0
105375501,0.16651159931817
105375519,0.1229452412768831
105375523,0.1663412104357765
105375538,0.1377268877932005
105375553,0.0
105375556,0.0
105375563,1.0715224811420505
105375564,0.1832051328693448
105375589,0.0
105375591,0.8708926055398637
105375594,0.0
105375606,0.0
105375610,0.0219839916622789
105375614,0.0364623094604789
105375622,0.0
105375623,0.3994881133746474
105375624,0.9773101055615476
105375635,0.1845391745051366
105375645,0.0775105280642577
105375650,0.1115452309313575
105375666,0.4001202900220116
105375671,0.0
105375679,0.0
105375680,0.0685397094214406
105375706,0.073704942137793
105375709,0.0
105375726,0.1384325675089229
105375732,0.0
105375743,0.0516758077965697
105375744,0.0
105375747,0.0
105375750,0.0
105375754,0.1838724292925855
105375759,0.0
105375775,0.0322650387162132
105375781,0.0
105375787,0.0
105375790,0.1687234043797212
105375814,0.0
105375822,0.0508922379282558
105375826,0.2840437908116426
105375840,0.0784592157513684
105375843,0.0
105375844,0.0
105375851,0.0
105375861,0.0
105375875,0.0
105375878,0.3209373772901978
105375888,0.0
105375903,0.1588084847758757
105375924,0.0886367224100169
105375968,0.0780798702999492
105375971,0.0
105375972,0.0
105375976,0.0
105375977,0.658557942272337
105375992,0.0
105376020,0.0551928477150357
105376030,0.0
105376034,0.057723791780431
105376070,0.2872712788607249
105376072,0.0
105376114,1.488469508943636
105376116,0.0
105376121,0.0
105376124,0.0
105376144,0.0276439590910099
105376162,0.112455778548313
105376174,0.0
105376199,0.0461754078434364
105376219,0.0
105376230,0.4079154960698664
105376244,0.0408371562480633
105376277,1.6931739554330951
105376292,0.096838290181438
105376310,0.0
105376314,0.0627628591308276
105376323,0.2951372179654887
105376348,0.0
105376350,0.0
105376365,0.0
105376380,0.0831865093464727
105376381,0.0356644376201233
105376382,0.1345437802827254
105376386,0.0
105376387,0.0181216355189445
105376388,0.1329475761372088
105376412,0.0497155105434259
105376419,0.1080759571659009
105376429,0.184705774775147
105376435,0.0
105376440,0.0
105376444,0.0
105376453,0.0
105376468,0.1444063892768966
105376473,0.1060607473296442
105376478,0.0
105376479,0.0681558255976688
105376480,0.0
105376499,0.0
105376527,0.0828093123943021
105376541,0.3016320903001918
105376550,0.0211723261778742
105376554,0.0
105376556,0.1113630007312303
105376561,0.0
105376562,0.0173062599854029
105376567,0.0
105376569,0.0324653828330247
105376570,0.0248187083181388
105376588,0.0
105376603,0.0
105376605,0.0
105376606,0.0
105376607,0.0508922379282558
105376619,0.0
105376620,0.0
105376633,0.0
105376640,0.0310619747051902
105376647,0.0
105376650,0.0487336436053482
105376654,0.0
105376662,0.0
105376671,0.509140088022557
105376672,0.0
105376673,0.0
105376679,0.0128076294222381
105376680,0.0
105376713,0.0818655711838594
105376744,0.0
105376745,0.0
105376748,0.8033876652430059
105376752,0.054997842915243
105376762,0.112455778548313
105376805,0.6598811571284289
105376827,0.0
105376834,0.0
105376843,0.2630368896979078
105376854,0.0
105376892,0.2589494608773174
105376944,0.0066344685557293
105376946,0.0
105376955,0.0
105376975,0.0
105376992,0.0
105377007,0.0091091168566818
105377023,1.723517844158886
105377031,0.1465044137579888
105377035,0.950423013561136
105377043,0.6222118887285641
105377068,1.6875274004052163
105377096,0.0
105377105,0.971830072930108
105377108,0.2270483524983386
105377134,0.3306893323448751
105377139,0.0
105377144,0.119343261883879
105377146,0.0
105377155,0.5485114831314237
105377156,0.0
105377175,0.0
105377180,0.0
105377188,0.0
105377192,0.0
105377198,0.0
105377199,0.2830140637454333
105377203,0.2738340434194801
105377205,0.1421274322450643
105377209,0.0
105377224,0.0
105377245,0.0
105377247,0.0
105377248,0.0
105377249,0.0
105377253,0.0
105377259,0.0
105377267,0.0140368959186701
105377303,0.0
105377321,0.1591524003533607
105377329,0.3549444262336366
105377342,0.3234568095556919
105377349,0.0
105377355,0.0
105377366,0.0
105377372,0.8313111967260587
105377373,0.0
105377389,0.0
105377391,0.0
105377411,0.0
105377424,0.0
105377438,0.0
105377441,0.1716066910730517
105377443,0.0187326529005272
105377451,0.0933066477599419
105377456,0.0
105377466,0.0246165431357565
105377480,0.0
105377489,0.0590834488965626
105377500,0.0
105377503,0.0742768884659622
105377532,0.0
105377536,0.0
105377540,0.4288831485727865
105377543,0.0
105377555,0.1055102904479631
105377556,0.0
105377557,0.0134224851965348
105377595,0.290777040522898
105377602,0.0
105377603,0.0
105377606,0.0290530521054448
105377617,0.0
105377623,0.5630277498618992
105377633,0.9556492752956128
105377652,0.0
105377663,0.5348537267151464
105377671,0.0
105377672,0.0
105377682,0.0
105377716,0.0
105377724,0.0
105377727,0.4087905456075128
105377728,0.0
105377730,0.1058773024419657
105377750,0.9106873614316574
105377753,0.0
105377779,0.1729599900364498
105377797,0.0
105377820,0.0
105377848,0.0
105377849,0.0
105377853,0.0
105377858,0.249328971537643
105377860,0.0298571944893556
105377862,0.0
105377880,0.0
105377918,0.0
105377924,0.0
105377926,0.0
105377935,0.193321891338453
105377946,0.0
105377953,0.0
105377957,0.7131832232210908
105377959,0.0443997508881444
105377962,0.0
105377986,0.2275222515585524
105378013,0.0
105378044,0.1905152080494213
105378049,0.0
105378065,0.0045667467349953
105378066,0.0
105378073,0.0
105378078,0.0
105378083,0.411036003645149
105378147,0.3046445817346442
105378209,0.0162859366995967
105378220,0.0453866897349848
105378231,0.0
105378238,0.0
105378242,0.0
105378250,0.0352652184723042
105378268,0.859514311175389
105378270,0.0
105378277,0.0459782976541651
105378289,0.0
105378305,0.0629560650472485
105378311,0.0
105378325,0.0
105378333,0.0664261626900539
105378349,0.0
105378385,0.2189486615675671
105378397,0.0
105378402,0.0
105378421,0.0402419221072167
105378464,0.0
105378473,0.0
105378478,0.0
105378482,0.0487336436053482
105378499,0.0473570995805846
105378500,0.0
105378516,0.032865928486596
105378531,0.0
105378580,0.2866854529014875
105378591,0.0763706752693144
105378597,0.0
105378614,0.0
105378622,0.5524250948388105
105378644,0.6679416750088943
105378645,0.3648062545982056
105378653,0.4297340493389502
105378663,0.3453613327611243
105378666,0.0346660352741282
105378668,0.0
105378687,1.5214422586133307
105378696,0.0
105378710,0.0
105378712,0.0
105378715,0.2235644531810927
105378716,0.0696903035798559
105378720,0.2345970813119669
105378734,0.0
105378736,0.0481439722271771
105378738,0.025020825205399
105378739,0.0
105378744,0.1267104114681807
105378753,0.722813057269883
105378763,0.0272409292764164
105378769,0.0
105378785,0.0070474104382352
105378786,0.0
105378788,0.0
105378798,0.0
105378803,0.0
105378810,0.0
105378828,0.1171744819931155
105378831,0.0
105378842,0.4444100486698154
105378853,0.279621106332293
105378855,0.0
105378872,0.0
105378897,0.0
105378909,0.6853991720022198
105378920,0.0
105378930,0.0
105378934,0.0276439590910099
105378949,0.5104476925284843
105378952,0.0
105378960,0.0
105378966,0.0
105378976,0.0
105378992,0.0
105379003,0.110451245488528
105379006,0.281688135119667
105379030,0.0
105379033,0.0
105379036,0.0
105379051,0.0
105379054,0.0477506279872771
105379057,0.2102820170793421
105379087,0.0
105379098,0.0
105379100,0.0191397532419228
105379104,0.0
105379109,0.0
105379132,0.1518994770252737
105379152,0.3404561507267515
105379158,0.0
105379178,0.0
105379191,0.0
105379194,0.1350751580780401
105379196,0.0
105379197,0.1717759771350716
105379199,0.2278380276741225
105379224,0.1140922349498855
105379230,0.0
105379242,0.0
105379269,0.0
105379270,0.0
105379301,0.0
105379311,0.0
105379327,0.0581124904196997
105379340,0.0
105379342,0.0
105379350,0.9086385358270876
105379388,0.0
105379407,1.541116017774555
105379427,0.0156731530012164
105379444,0.0
105379478,0.0
105379479,0.0
105379487,0.0
105379499,0.0467664613262632
105379507,0.0
105379699,0.0
105379825,0.0608283430685188
105379829,0.352391666129312
105379839,0.1229452412768831
10538,2.085927829360247
10539,2.0743431539389308
1054,2.3714178778249946
10540,2.2847974252016443
10541,2.8162194241648373
105416157,0.9118894304630354
10542,2.3710010444530756
10544,1.9969307114193575
105447648,0.1515524834278699
10548,1.0612341545835984
10549,2.5435615744954654
10550,2.948830519302936
10551,3.078346770752163
10552,2.0619850495052083
10553,2.092017989637862
10554,2.219510600109289
10555,2.2081528578205547
10556,2.0073501998138528
10557,1.8074228011140572
10558,2.3947598991524552
10559,2.1346481994126356
1056,0.2476371287437008
10560,2.1820776843197733
10561,1.9061827859449765
105616916,0.0
105616981,0.0
105616982,0.0
10562,2.521939331807959
10563,0.1876987112634928
10564,2.2688665335343976
10565,2.1736738216321254
10566,0.9027563043167632
105664404,0.0
10567,1.5273726214875476
10568,2.5336102338683855
10569,2.388278038763876
1057,0.0236049920866109
10570,1.397732891262839
10572,2.0495029424575812
10573,2.236252322256019
10574,2.845748283984788
105748977,0.0177140457770852
10575,2.782956539458094
105751187,0.0475538868142473
105755953,0.0
10576,2.6749032922434774
10577,2.698282436607254
10578,1.0492794282952678
10579,1.6086180940153665
1058,0.3241551965213768
10580,2.1377336358763377
10581,2.815178426607794
105827617,0.0
10584,0.1749857074436463
10585,1.843753933879136
10586,0.0
10587,1.5623109337922674
10588,0.2549932931012345
10589,2.355964723999004
1059,2.5851532278213325
10590,1.3571249556827667
10591,1.9885991642471932
10592,1.8215203400295792
10594,2.699211087495053
10595,0.0
10597,1.5785358002168928
10598,2.600316710312262
10599,0.0152643844692303
1060,1.8071914998605028
10600,2.2003166449435816
10602,1.94542012657296
10603,1.0377141441252988
10605,2.4282025839025168
106050037,0.0
10606,2.3582210914635717
10607,1.9497464112952936
10608,2.273972383854461
10609,1.88950122633102
1061,0.0164900995891271
10610,1.9057444921844024
10611,2.5612219065112
10612,1.6294257104421657
10613,2.4369581156204307
10614,2.4469744944404628
106144526,0.0479473231186116
106144531,0.0
106144544,0.0
106144568,0.0
106144578,0.0
106144584,0.7602343296892616
106144585,0.0
106144593,0.5129473690495815
106144598,0.0
106144599,0.0
106144607,0.0
106146149,0.0
10615,0.8982315003085372
10616,2.2918748826852187
10617,2.057679200105316
10618,2.831795556976935
106182118,0.4668186930220099
106182249,0.0
1062,0.2955718980899506
10620,0.9412121255046996
10621,1.9797747691338448
10622,0.9506487135772012
10623,2.0883031663189637
10625,2.3301555571287427
10626,1.1823060096123117
10627,2.826889847693367
10628,3.1994008058770116
10629,1.4970078306709274
1063,1.0128703443525764
10630,2.1680513478579533
10631,2.602711021862228
10632,2.1278394817944357
10633,1.09738557361017
10634,2.013282006224436
10635,1.0377141441252988
10636,1.6854853676346104
10637,0.1458056710234613
10640,1.949539005474484
10641,2.02113987994786
10642,0.0089031710875008
10643,0.0099324012091867
10644,1.3447030746002269
10645,2.265366998591656
106456574,0.0
10647,2.993309349180684
106478909,0.0
106478911,0.0
106478912,0.0
106478913,0.0
106478914,0.0
106478915,0.0
106478916,0.0
106478917,0.0
106478918,0.0
106478919,0.0
106478920,0.5569300582202276
106478921,0.0
106478922,0.0
106478923,0.0
106478925,0.0
106478926,0.0
106478927,0.0
106478928,0.0
106478929,0.0
106478930,0.0
106478931,0.0
106478932,0.0
106478934,0.0
106478935,0.0
106478936,0.0
106478938,0.0
106478939,0.0
106478940,0.0
106478941,0.0
106478942,0.1454560752901778
106478943,0.6771129461159252
106478944,0.0
106478945,0.0
106478946,0.0
106478947,0.0
106478948,0.0
106478949,0.0
106478950,0.0
106478951,0.0
106478952,0.0
106478953,0.0
106478956,0.0
106478957,0.0
106478958,0.1086247075317278
106478959,0.0
106478960,0.0
106478968,0.0
106478970,0.0
106478980,0.0
106478981,0.0
106478982,0.0826206497668653
106478983,0.0
106478984,0.3404561507267515
106478987,0.0
106478988,0.0
106478989,0.0
106478990,0.3273596661759082
106478992,0.0
106478994,0.0
106478995,0.0
106478996,0.0
106478998,0.0
106478999,0.0
106479001,0.0
106479002,0.0
106479003,0.0
106479004,0.0
106479005,0.0
106479006,0.5257444929287105
106479007,0.0
106479008,0.5840655753053491
106479010,0.0
106479011,0.0
106479012,0.0
106479013,0.0
106479014,0.0
106479015,0.0
106479016,0.0
106479018,0.0
106479020,0.3980954554791694
106479021,0.0
106479022,0.0
106479024,0.0
106479025,0.2408333758426099
106479026,0.0
106479027,0.0
106479028,0.0
106479029,0.0
106479032,0.0
106479033,0.0
106479034,0.0
106479035,0.0
106479036,0.0
106479037,0.8009640484863725
106479039,0.0
106479040,0.0
106479041,0.0
106479042,0.1896878480350211
106479043,0.0
106479044,0.0
106479045,0.0
106479046,0.0
106479048,0.0
106479049,0.0
106479051,0.3062179067585128
106479052,0.0
106479053,0.0
106479054,0.0
106479055,0.0
106479057,0.0
106479058,0.0
106479059,0.0
106479060,0.0
106479061,0.0
106479062,0.0
106479063,0.0
106479064,0.0
106479065,0.0
106479067,0.5068461003684477
106479068,0.0
106479069,0.0
106479070,0.494932836298095
106479071,0.0
106479072,0.0
106479073,0.0
106479074,0.0
106479075,0.0
106479076,0.0
106479077,0.0
106479078,0.0
106479079,0.0
106479080,0.0
106479081,0.0
106479082,0.0
106479083,0.0
106479085,0.7965212445065479
106479086,0.0
106479087,0.0
106479088,0.0
106479089,1.1520600653123725
106479090,0.0
106479091,0.0
106479092,0.0
106479093,0.0
106479094,0.0
106479095,0.0
106479096,0.0
106479097,0.0
106479098,0.0
106479099,0.0
106479100,0.0
106479101,0.0
106479102,0.0
106479103,0.0
106479105,0.352391666129312
106479106,0.6589110481945927
106479108,0.1198845651997117
106479109,0.0
106479110,0.0
106479111,0.0
106479112,0.0
106479113,0.0
106479114,0.0
106479116,0.0
106479117,0.0
106479118,0.0
106479119,0.0
106479120,0.0
106479121,0.0
106479122,0.0
106479125,0.0
106479130,1.1139243313951197
106479131,0.0
106479132,0.0
106479134,0.0
106479135,0.0
106479137,0.0
106479138,0.0
106479139,0.0
106479140,0.0
106479141,0.0
106479142,0.0
106479143,0.0
106479144,0.0
106479145,0.0
106479146,0.0
106479147,0.0
106479148,0.0
106479149,0.0
106479150,0.0
106479151,0.0
106479152,0.3468539061389696
106479154,0.0
106479155,0.0
106479157,0.0
106479158,0.0
106479159,0.0
106479162,0.4938198432530161
106479163,0.0
106479164,0.0
106479165,0.0
106479166,0.221021111993137
106479167,0.0
106479169,0.0
106479170,0.0
106479172,0.0
106479173,0.0
106479174,0.0
106479175,0.0
106479176,0.0
106479177,0.0
106479178,0.0
106479179,0.0
106479181,0.0
106479182,0.0
106479184,0.0
106479186,0.0
106479187,0.0
106479188,0.0
106479190,0.0
106479192,0.0
106479193,0.0
106479194,0.0
106479195,0.0
106479198,0.0
106479199,0.1304583976107058
106479201,0.0
106479203,0.0
106479205,0.0
106479206,0.0
106479207,0.0
106479208,0.0
106479211,0.0
106479212,0.0
106479214,0.0
106479216,0.0
106479217,0.4240021674653565
106479218,0.0
106479219,0.0
106479221,0.0
106479222,0.0
106479223,0.0
106479224,0.0
106479225,0.0
106479227,0.0
106479228,0.0
106479229,0.0
106479230,0.5117529458957238
106479231,0.0
106479232,0.0
106479233,0.0
106479234,0.0
106479235,0.129924017888448
106479236,0.0
106479237,0.0
106479238,0.0
106479239,0.0
106479240,0.1348980704403251
106479241,0.0
106479242,0.0
106479243,0.0
106479244,0.0
106479245,0.0
106479246,0.0
106479247,0.0
106479248,0.0
106479249,0.0
106479250,0.1553613094606595
106479251,0.254382888076708
106479252,0.0
106479253,0.8287844786102173
106479254,0.0
106479255,0.0
106479256,0.0
106479258,0.0
106479259,0.0
106479260,0.0
106479261,0.0
106479262,0.0
106479263,0.1387851793074599
106479264,0.0
106479265,0.0
106479266,0.0
106479267,0.0
106479268,0.0
106479269,0.9725926223376142
106479270,0.0
106479271,0.0
106479272,0.0
106479273,0.0
106479274,0.0
106479275,0.0
106479276,0.0
106479277,0.3248529526034982
106479278,0.0
106479279,0.0
106479280,0.0
106479281,0.444290923284619
106479282,0.0
106479283,0.1343665777337765
106479284,0.0
106479285,0.0
106479286,0.1308144574602704
106479287,0.0
106479288,0.0
106479289,0.0
106479290,0.0
106479291,0.0
106479292,0.0
106479293,0.0
106479294,0.0
106479295,0.0
106479296,0.0
106479297,0.0
106479298,0.0
106479299,0.0
106479300,0.0
106479301,0.0
106479302,0.0
106479303,0.0
106479304,0.0
106479305,0.0
106479306,0.1311703628083161
106479307,0.0
106479308,0.0
106479309,0.0
106479310,0.0
106479311,0.0
106479312,0.0
106479313,0.0
106479314,0.1340120576228596
106479315,0.0
106479316,0.0
106479317,0.8221131482665073
106479318,0.0
106479319,1.0864670532246568
106479320,0.0
106479321,0.0
106479322,0.0
106479324,0.0
106479325,0.0
106479326,0.1489453134079853
106479327,0.0
106479328,0.0
106479329,0.0
106479330,0.0
106479331,0.0
106479332,0.0
106479333,0.0
106479334,0.0
106479335,0.0
106479336,0.0
106479337,0.1449314009166019
106479338,0.0
106479339,0.0
106479340,0.0
106479341,0.0
106479342,0.0
106479343,0.0
106479344,0.0
106479345,0.0
106479346,0.907430208774344
106479347,0.135252207441062
106479348,0.0
106479349,0.0
106479350,0.0
106479351,0.1576036338499989
106479352,0.0
106479353,0.0
106479354,0.0
106479355,0.0
106479356,0.3742806288380695
106479357,0.0
106479358,0.0
106479359,0.0
106479360,0.1419518643529123
106479361,0.0
106479362,1.0864670532246568
106479363,0.0
106479364,0.0
106479365,0.2214986065228349
106479366,0.0
106479367,0.0
106479369,0.0
106479370,0.1416006154108587
106479371,0.0
106479372,0.1405459622981713
106479373,0.1370205991519871
106479374,0.0
106479375,0.0
106479376,0.0
106479377,0.0
106479378,0.0
106479379,0.0
106479380,0.0
106479381,0.0
106479383,0.2491753170632973
106479384,0.4340948411158832
106479385,0.0
106479386,0.0
106479387,0.5244642435424225
106479388,0.0
106479389,0.2598596119643578
106479390,0.0
106479391,0.0
106479392,0.0
106479393,0.0
106479394,0.0
106479395,0.135252207441062
106479396,0.4351810638244424
106479397,0.4502238862543102
106479398,0.0
106479399,0.0
106479400,0.0
106479401,0.0
106479402,0.0
106479403,0.0
106479404,0.0
106479405,0.0
106479407,0.2536192177458344
106479408,0.0
106479409,0.0
106479410,0.3844129576717742
106479411,0.0
106479412,0.0
106479413,0.3487493523901473
106479414,0.0
106479415,1.1367631522434931
106479416,0.0
106479417,0.6544841682361359
106479418,0.0
106479419,0.0
106479420,0.0
106479421,0.0
106479422,0.0
106479423,0.0
106479424,0.0
106479425,0.0
106479426,0.0
106479427,0.0
106479428,0.0
106479429,0.0
106479430,0.0
106479431,0.0
106479432,0.0
106479433,0.1396660445520418
106479434,0.0
106479435,0.0
106479436,0.0
106479437,0.5377948377550712
106479438,0.1284973014560392
106479439,0.0
106479440,0.2491753170632973
106479441,0.0
106479442,0.0
106479443,0.0
106479444,0.2528548084136774
106479445,0.0
106479446,0.0
106479447,0.0
106479448,0.0
106479449,0.132770028068318
106479450,0.0
106479451,0.1642937488756426
106479452,0.257430204361254
106479453,0.0
106479454,0.0
106479455,0.0
106479456,0.0
106479457,0.0
106479458,0.0
106479459,0.2456330041876151
106479460,0.1324148165236816
106479461,0.0
106479462,0.0
106479463,0.0
106479464,0.0
106479466,0.1311703628083161
106479470,0.0
106479471,0.0
106479472,0.2507105201109866
106479473,0.0
106479474,0.0
106479475,0.0
106479476,0.0
106479477,0.1416006154108587
106479478,0.0
106479479,0.0
106479480,0.4432179339371198
106479481,0.0
106479482,0.0
106479483,0.0
106479484,0.0
106479485,0.0
106479486,0.0
106479487,0.2687538599435117
106479488,0.132770028068318
106479489,0.0
106479490,0.0
106479491,0.0
106479492,0.1331250857566386
106479493,0.272194047426621
106479494,0.0
106479495,0.0
106479496,0.0
106479497,0.0
106479498,0.0
106479499,0.0
106479500,0.1370205991519871
106479501,0.0
106479502,0.0
106479503,0.0
106479504,0.0
106479505,0.0
106479506,0.0
106479507,0.0
106479508,0.0
106479509,0.0
106479510,0.0
106479511,0.0
106479512,0.0
106479513,0.0
106479514,0.1295675712697485
106479515,0.0
106479516,0.5167347691109367
106479517,0.0
106479518,0.1416006154108587
106479519,0.0
106479520,0.0
106479521,0.0
106479522,0.0
106479523,0.0
106479524,0.6054496023328715
106479525,0.0
106479526,0.0
106479527,0.0
106479528,0.0
106479529,0.0
106479530,0.1357831260270535
106479531,0.0
106479532,0.0
106479533,0.0
106479534,0.0
106479535,0.0
106479536,0.0
106479537,0.0
106479538,0.0
106479539,0.0
106479540,0.0
106479541,0.0
106479542,0.0
106479543,0.0
106479544,0.0
106479545,0.0
106479546,0.0
106479547,0.0
106479548,0.0
106479549,0.0
106479550,0.7460288770173628
106479551,0.3431851201226468
106479552,0.0
106479553,0.0
106479554,0.269652753139376
106479555,0.0
106479556,0.4297340493389502
106479557,0.0
106479558,0.0
106479559,0.0
106479560,0.0
106479561,0.0
106479562,0.0
106479563,0.0
106479564,0.0
106479565,0.0
106479566,0.0
106479567,0.0
106479568,0.739320741902133
106479569,0.0
106479570,0.0
106479571,0.0
106479572,0.0
106479573,0.4478563932861349
106479574,0.0
106479575,0.9875405921687676
106479576,0.0
106479577,0.0
106479578,0.0
106479579,1.043936096482344
106479580,0.0
106479581,0.0
106479582,0.2613741992254882
106479583,0.0
106479584,0.0
106479585,0.0
106479586,0.6439228018818798
106479587,0.0
106479588,0.0
106479589,0.0
106479590,0.0
106479591,0.0
106479592,0.0
106479593,0.0
106479594,0.7888549597865797
106479595,0.0
106479596,0.0
106479597,0.2916510273594812
106479598,0.0
106479599,0.0
106479600,0.0
106479601,0.0
106479602,0.0
106479603,0.0
106479604,0.0
106479605,0.0
106479606,0.0
106479607,0.5682705510066657
106479608,0.0
106479609,0.0
106479610,0.0
106479611,0.3351066276827368
106479612,0.0
106479613,0.0
106479614,0.0
106479615,0.0
106479616,0.0
106479617,0.0
106479618,0.752823896988401
106479619,0.0
106479620,0.0
106479621,0.0
106479622,0.0
106479623,0.0
106479624,0.0
106479625,0.0
106479626,0.0
106479627,0.0
106479628,0.0
106479629,0.0
106479630,0.0
106479631,0.0
106479632,0.0
106479633,0.0
106479634,0.0
106479635,0.0
106479636,0.0
106479637,0.0
106479638,0.0
106479640,0.0
106479641,0.0
106479642,0.0
106479643,0.0
106479644,0.0
106479645,0.0
106479646,0.0
106479647,0.0
106479648,0.0
106479649,0.0
106479650,0.0
106479651,0.0
106479652,0.739320741902133
106479653,0.0
106479654,0.0
106479655,0.0
106479656,0.0
106479657,0.0
106479658,0.0
106479659,0.0
106479660,0.0
106479661,0.0
106479662,0.7437743525054578
106479663,0.0
106479664,0.0
106479665,0.0
106479666,0.0
106479667,0.0
106479668,0.0
106479669,0.0
106479671,0.0
106479672,0.0
106479673,0.0
106479674,0.0
106479675,0.0
106479676,0.5569300582202276
106479677,0.0
106479678,0.0
106479679,0.0
106479680,0.0
106479681,0.0
106479682,0.0
106479683,0.0
106479684,0.0
106479685,0.0
106479686,0.0
106479687,0.0
106479688,0.0
106479689,0.0
106479690,0.0
106479691,0.3377174543308366
106479692,0.0
106479693,0.0
106479694,0.0
106479695,0.0
106479696,0.3273596661759082
106479697,0.0
106479698,0.0
106479699,0.0
106479700,0.0
106479701,0.0
106479702,0.0
106479703,0.0
106479704,0.0
106479705,0.0
106479706,0.3273596661759082
106479707,0.0
106479708,0.0
106479709,0.0
106479710,0.0
106479711,0.0
106479712,0.0
106479713,0.0
106479714,0.0
106479715,0.0
106479716,0.0
106479717,0.0
106479718,1.309952664645726
106479719,0.3351066276827368
106479720,0.0
106479721,0.0
106479722,0.0
106479723,0.9770399708727175
106479724,0.0
106479725,0.0
106479726,0.0
106479727,0.0
106479728,0.0
106479729,0.0
106479730,0.0
106479731,0.0
106479732,0.0
106479733,0.3404561507267515
106479734,0.0
106479735,0.0
106479737,0.5644430740397096
106479738,0.0
106479739,0.0
106479740,0.0
106479741,0.0
106479742,0.0
106479743,0.0
106479744,0.0
106479745,0.8827002389108376
106479746,0.0
106479747,0.5569300582202276
106479748,0.0
106479749,0.0
106479750,0.0
106479753,0.0
106479754,0.0
106479755,0.0
106479756,0.0
106479757,0.0
106479758,0.0
106479759,0.0
106479760,0.0
106479761,0.0
106479762,0.0
106479763,0.0
106479764,0.0
106479765,0.0
106479766,0.0
106479767,0.0
106479768,0.0
106479769,0.3248529526034982
106479770,0.0
106479771,0.0
106479772,0.0
106479773,0.0
106479774,0.0
106479775,0.0
106479776,0.0
106479777,0.8685173828745578
106479778,0.0
106479779,0.0
106479780,0.9770399708727175
106479781,0.0
106479782,0.0
106479783,0.0
106479784,0.0
106479785,0.0
106479786,0.0
106479787,0.0
106479788,0.0
106479789,0.0
106479790,0.0
106479791,0.0
106479792,0.0
106479793,0.3273596661759082
106479795,0.3200957386126905
106479796,0.0
106479797,0.0
106479798,0.0
106479799,0.0
106479800,0.0
106479801,0.0
106479802,0.8827002389108376
106479803,0.0
106479805,0.0
106479806,0.3431851201226468
106479807,0.0
106479808,0.0
106479809,0.0
106479810,0.0
106479811,0.0
106479812,0.3298582626860887
106479813,0.0
106479814,0.0
106479815,0.0
106479816,0.0
106479817,0.3351066276827368
106479818,0.0
106479819,0.0
106479820,0.5569300582202276
106479821,0.0
106479822,0.0
106479823,0.0
106479824,0.0
106479825,0.3605573035957628
106479826,0.0
106479827,0.0
106479828,0.8459340473834102
106479830,0.0
106479831,0.0
106479832,0.0
106479833,0.3459044228515163
106479834,0.5426006944716532
106479835,1.5305538467319255
106479836,0.9966082835834936
106479837,0.0
106479838,0.3273596661759082
106479839,0.0
106479840,0.0
106479841,0.0
106479842,0.0
106479843,0.0
106479844,0.0
106479845,0.0
106479846,0.0
106479847,0.0
106479848,0.0
106479849,0.0
106479850,0.0
106479851,0.0
106479852,0.0
106479853,0.0
106479854,0.0
106479855,0.0
106479856,0.0
106479857,0.0
106479858,0.8731951528330149
106479859,0.0
106479860,0.0
106479861,0.0
106479862,0.0
106479863,0.0
106479864,0.0
106479865,0.9722659319089824
106479866,0.0
106479867,0.0
106479868,0.0
106479869,0.0
106479870,0.0
106479871,0.0
106479872,0.0
106479873,0.0
106479874,0.0
106479875,0.0
106479876,0.5569300582202276
106479877,0.0
106479878,0.0
106479879,0.0
106479880,0.0
106479881,0.0
106479882,0.0
106479883,0.0
106479884,0.0
106479885,0.0
106479886,0.5569300582202276
106479887,0.332486914834159
106479888,0.0
106479889,0.0
106479890,0.0
106479891,0.0
106479892,0.0
106479893,0.332486914834159
106479894,0.0
106479895,0.0
106479896,0.0
106479897,0.0
106479898,0.0
106479899,0.0
106479900,0.0
106479901,0.5840655753053491
106479902,0.0
106479903,0.752823896988401
106479904,0.0
106479905,0.0
106479906,0.0
106479907,0.0
106479908,0.0
106479909,0.0
106479910,0.0
106479911,0.0
106479912,0.0
106479914,0.0
106479915,0.0
106479917,0.0
106479918,0.0
106479919,0.0
106479920,0.0
106479921,0.0
106479922,0.0
106479923,0.5569300582202276
106479924,0.0
106479925,0.0
106479926,0.0
106479927,0.0
106479928,0.0
106479929,0.0
106479930,0.3298582626860887
106479931,0.0
106479932,0.0
106479934,0.0
106479935,0.5461322881673503
106479936,0.0
106479937,0.0
106479939,1.2569817719568477
106479940,0.0
106479941,0.0
106479942,0.0
106479943,0.0
106479944,0.0
106479945,0.7306413430559724
106479947,0.0
106479948,0.0
106479949,0.0
106479950,0.0
106479951,0.0
106479952,0.0
106479953,0.0
106479954,0.3200957386126905
106479955,0.0
106479956,0.0
106479957,0.0
106479958,0.0
106479960,0.5426006944716532
106479961,0.0
106479962,0.0
106479963,0.0
106479964,0.0
106479965,0.0
106479966,0.0
106479967,0.0
106479968,0.0
106479969,0.0
106479970,0.0
106479971,0.0
106479972,0.0
106479973,0.3273596661759082
106479974,0.3487493523901473
106479975,1.4176851869375096
106479976,0.0
106479977,0.0
106479978,0.0
106479979,0.0
106479980,0.0
106479981,0.0
106479982,0.0
106479983,0.3273596661759082
106479984,0.5569300582202276
106479985,0.0
106479986,0.0
106479987,0.0
106479988,0.0
106479989,0.0
106479990,0.0
106479991,0.0
106479992,0.0
106479993,0.0
106479994,0.0
106479995,0.7306413430559724
106479996,0.3273596661759082
106479997,0.0
106479998,0.0
106479999,0.0
10648,0.1710986205592281
106480001,0.0
106480002,0.0
106480003,0.0
106480004,0.0
106480005,0.0
106480007,0.0
106480008,0.0
106480009,0.0
106480010,0.0
106480011,0.7306413430559724
106480012,0.3273596661759082
106480013,0.0
106480014,0.0
106480015,0.0
106480016,0.0
106480017,0.0
106480018,0.0
106480019,0.0
106480020,0.0
106480021,0.0
106480022,0.0
106480023,0.0
106480024,0.3273596661759082
106480025,0.0
106480026,0.5569300582202276
106480027,0.8685173828745578
106480028,0.0
106480029,0.3351066276827368
106480030,0.0
106480031,0.0
106480032,0.0
106480033,0.5881797132712221
106480034,1.082358956726235
106480035,0.0
106480036,0.0
106480037,0.0
106480040,1.0627350443277588
106480041,0.7306413430559724
106480042,0.0
106480043,0.0
106480044,0.0
106480045,0.0
106480046,0.0
106480047,0.0
106480048,0.0
106480050,0.0
106480051,0.0
106480052,0.0
106480053,0.0
106480054,0.0
106480055,0.0
106480056,0.0
106480057,0.0
106480059,0.0
106480060,0.0
106480061,0.0
106480062,0.0
106480063,0.0
106480064,0.0
106480065,0.0
106480066,1.246513622666412
106480067,0.0
106480069,0.0
106480070,0.0
106480071,0.0
106480072,0.0
106480073,0.0
106480074,0.0
106480075,0.0
106480076,0.0
106480077,1.0066753925955536
106480078,0.0
106480079,0.5569300582202276
106480080,0.0
106480081,0.3298582626860887
106480082,0.0
106480083,0.0
106480084,0.0
106480085,0.0
106480086,0.0
106480087,0.0
106480088,0.0
106480089,0.3636136275317336
106480090,0.0
106480091,0.0
106480092,0.0
106480093,0.0
106480094,0.0
106480095,0.3273596661759082
106480096,0.0
106480097,0.0
106480098,0.0
106480099,0.0
106480100,0.0
106480101,0.0
106480102,0.0
106480103,0.0
106480104,0.0
106480105,0.0
106480106,0.0
106480107,0.0
106480108,0.0
106480109,0.0
106480110,0.0
106480111,0.0
106480112,0.3273596661759082
106480113,0.0
106480114,0.0
106480115,0.0
106480116,0.0
106480117,0.0
106480118,0.332486914834159
106480119,0.0
106480120,0.0
106480121,0.0
106480122,0.0
106480123,0.0
106480124,0.0
106480125,0.0
106480126,0.3459044228515163
106480127,0.0
106480128,0.0
106480129,0.0
106480130,0.0
106480131,0.0
106480132,0.0
106480133,0.0
106480134,0.0
106480135,0.0
106480136,0.0
106480137,0.0
106480138,0.0
106480139,0.0
106480140,0.0
106480141,0.0
106480142,0.0
106480143,0.0
106480144,0.0
106480145,0.0
106480146,0.0
106480147,0.0
106480148,0.0
106480149,0.0
106480150,0.0
106480151,0.0
106480152,0.0
106480154,0.0
106480155,0.0
106480156,0.0
106480157,0.0
106480158,0.0
106480159,0.0
106480160,0.0
106480161,0.0
106480162,0.0
106480163,0.2143060330373782
106480164,0.0
106480165,0.2279958687871773
106480166,0.0
106480167,0.0
106480168,0.0
106480169,0.5485114831314237
106480171,0.0
106480172,0.0
106480173,0.230517079620253
106480174,0.0
106480175,0.0
106480176,0.0
106480177,0.2279958687871773
106480178,0.0
106480179,0.0
106480180,0.0
106480181,0.0
106480182,0.0
106480183,0.0
106480184,0.0
106480185,0.0
106480186,0.0
106480187,0.0
106480188,0.2330303265697469
106480190,0.0
106480191,0.0
106480192,0.0
106480193,0.0
106480194,0.0
106480195,0.0
106480196,0.0
106480197,0.0
106480198,0.0
106480199,0.0
106480200,0.0
106480201,0.0
106480202,0.0
106480203,0.5356952716314062
106480204,0.3605573035957628
106480205,0.0
106480206,0.0
106480207,0.0
106480208,0.3590912456398448
106480209,0.0
106480210,0.0
106480211,0.0
106480212,0.0
106480213,0.3815687992175671
106480214,0.0
106480215,0.0
106480216,0.0
106480217,0.0
106480218,0.0
106480219,0.0
106480220,0.0
106480221,0.0
106480222,0.0
106480223,0.0
106480224,0.0
106480225,0.1966113887139408
106480226,0.0
106480227,0.0
106480228,0.0
106480231,0.0
106480232,0.0
106480233,0.0
106480234,0.0
106480237,0.0
106480239,0.0
106480240,0.3057891339474701
106480241,0.0
106480242,0.0
106480243,0.0
106480244,0.0
106480246,0.0
106480247,0.0
106480248,0.0
106480250,0.0
106480251,0.0
106480259,0.0
106480261,0.2491753170632973
106480262,0.0
106480263,0.0
106480264,0.0
106480265,0.0
106480267,0.0
106480268,0.1823702359819901
106480270,0.0
106480271,0.0
106480272,0.0860100466169922
106480273,0.0
106480276,0.0
106480278,0.0
106480279,0.0
106480280,0.0
106480281,0.0
106480282,0.0
106480283,0.3181283464112395
106480284,0.0
106480285,0.0
106480286,1.355250071516487
106480287,0.0
106480288,0.0
106480289,0.0
106480291,0.5644430740397096
106480293,0.0
106480294,0.0
106480295,0.0
106480296,0.0
106480299,0.2377213523100385
106480301,0.0
106480304,0.0
106480307,0.0
106480308,0.0
106480309,0.739320741902133
106480310,0.0
106480311,0.0
106480312,0.9628811890582322
106480313,0.0
106480314,0.3576223679762332
106480315,0.0
106480316,0.0
106480317,0.0
106480318,0.0
106480319,0.0
106480321,0.0
106480323,0.0
106480324,0.0
106480328,0.0442022240997431
106480329,0.0
106480331,0.0
106480333,0.0
106480335,0.3582903897982544
106480336,0.0
106480337,0.0
106480342,0.0
106480346,0.0
106480347,0.0
106480348,0.0
106480351,0.0
106480352,0.0
106480353,0.0
106480355,0.0
106480357,0.0
106480358,1.307901323589714
106480359,0.0
106480360,0.7086035478350071
106480361,0.0
106480362,0.0
106480363,0.0
106480365,0.0
106480366,0.0
106480368,0.0
106480369,0.0
106480370,0.0
106480371,0.0
106480372,0.0
106480373,0.246404421848082
106480374,0.0
106480375,0.0
106480376,0.0
106480377,0.0
106480378,0.0
106480379,0.0
106480380,0.0
106480381,0.0
106480382,0.1331250857566386
106480383,0.0
106480385,0.0
106480386,0.0
106480387,0.0
106480388,0.0
106480389,0.0
106480390,0.0
106480392,0.0
106480393,0.0
106480395,0.0
106480396,0.0
106480397,0.3298582626860887
106480398,0.0
106480399,0.0
106480400,0.0
106480401,0.0
106480402,0.0
106480403,0.0
106480404,0.0
106480405,0.613975072428142
106480406,0.0
106480407,0.0
106480408,0.0
106480409,0.6007640465925782
106480410,0.0
106480411,0.0
106480412,0.0
106480413,0.0
106480414,0.0
106480415,0.3502353496098125
106480416,0.0
106480417,0.1419518643529123
106480418,0.4285181796048409
106480419,0.0
106480420,0.0
106480421,0.0
106480422,0.0
106480423,0.0
106480424,0.0
106480425,0.0
106480427,0.0
106480428,0.0
106480429,0.5447840249395133
106480430,0.0
106480433,0.0
106480434,0.0
106480435,0.5497496731204269
106480436,0.0
106480437,0.0
106480438,0.0
106480439,0.0
106480444,0.0
106480445,0.0
106480446,0.0
106480447,0.0
106480448,0.0
106480449,0.0
106480450,0.0
106480451,0.0
106480452,0.0
106480453,0.5068461003684477
106480454,0.0
106480455,0.0
106480456,0.0
106480457,0.0
106480459,0.0
106480460,0.0
106480462,0.0
106480463,0.4749781425206428
106480464,0.0
106480465,0.0
106480466,0.0
106480467,0.0
106480469,0.0
106480472,0.0
106480475,0.0
106480476,0.0
106480477,0.0
106480478,0.0
106480479,0.0
106480480,0.0
106480481,0.0
106480482,0.3710042664928334
106480483,0.2197463947522698
106480484,0.0
106480485,0.0
106480486,0.0
106480487,0.0
106480488,0.0
106480489,0.8809367359646315
106480490,0.2520896588262283
106480491,0.0
106480492,0.6169815186052734
106480493,0.0
106480494,0.1430047064851852
106480495,0.0
106480496,0.0
106480497,0.3636136275317336
106480498,0.1375503727556631
106480499,0.0
106480500,0.0
106480501,0.0
106480502,0.0
106480503,0.2491753170632973
106480504,0.2671032151864317
106480505,0.0
106480506,0.0
106480507,0.0
106480508,0.0
106480509,0.2687538599435117
106480510,0.0
106480511,0.0
106480512,0.0
106480513,0.0
106480514,0.0
106480515,0.0
106480516,0.1410734588900477
106480517,0.0
106480518,0.0
106480519,0.0
106480520,0.0
106480521,0.9392039659333348
106480522,0.0
106480523,0.0
106480524,0.0
106480525,0.0
106480526,0.0
106480527,0.0
106480528,0.0
106480529,0.0
106480530,0.0
106480531,0.0
106480532,0.0
106480533,0.1320594510057083
106480534,0.0
106480535,0.0
106480536,0.0
106480537,0.0
106480538,0.0
106480539,0.0
106480541,0.0
106480542,0.2858058900056053
106480543,0.0
106480544,0.0
106480545,0.0
106480546,0.0
106480547,0.0
106480548,0.0
106480549,0.0
106480550,0.0
106480551,0.0
106480552,0.0
106480553,0.0
106480554,0.0
106480555,0.0
106480556,0.0
106480557,0.0
106480558,0.0
106480559,0.7306413430559724
106480560,0.0
106480561,0.0
106480562,0.0
106480563,0.0
106480564,0.0
106480565,0.0
106480566,0.0
106480568,0.0
106480569,0.0
106480570,0.0
106480571,0.0
106480572,0.0
106480573,0.0
106480574,0.0
106480575,0.0
106480576,0.0
106480577,0.0
106480578,0.0
106480579,0.0
106480580,0.0
106480581,0.0
106480582,0.0
106480583,0.0
106480585,0.0
106480586,0.3273596661759082
106480587,0.0
106480588,0.0
106480589,0.3576223679762332
106480590,0.0
106480591,0.0
106480592,0.0
106480593,0.0
106480594,0.0
106480595,0.0
106480596,0.0
106480597,0.0
106480598,0.0
106480599,0.0
106480600,0.0
106480601,0.0
106480602,0.0
106480603,0.0
106480604,0.5569300582202276
106480605,0.0
106480606,0.0
106480607,0.0
106480608,0.0
106480609,0.0
106480610,0.0
106480611,0.0
106480612,0.3351066276827368
106480613,0.0
106480614,0.0
106480615,0.0
106480616,0.3273596661759082
106480617,0.0
106480618,0.5569300582202276
106480619,0.0
106480620,0.3404561507267515
106480621,0.0
106480622,0.3459044228515163
106480623,0.0
106480624,0.5682705510066657
106480625,0.0
106480626,0.0
106480627,0.0
106480628,0.0
106480629,0.0
106480630,1.825807621047576
106480631,0.0
106480632,0.0
106480633,0.0
106480634,0.0
106480635,0.0
106480636,0.0
106480637,0.0
106480638,0.0
106480639,0.0
106480640,0.0
106480641,0.0
106480642,0.0
106480644,0.0
106480645,0.0
106480646,1.2312269611130553
106480647,0.0
106480648,0.0
106480649,0.5391562760289466
106480650,0.0
106480651,0.0
106480652,0.0
106480653,0.0
106480654,0.0
106480655,0.0
106480656,0.0
106480657,0.0
106480658,0.3273596661759082
106480659,0.0
106480660,0.0
106480661,0.0
106480662,0.0
106480663,0.0
106480664,0.0
106480665,0.0
106480666,0.0
106480667,0.0
106480668,0.0
106480669,0.0
106480670,0.2011941885601803
106480671,0.0
106480672,0.0
106480673,0.0
106480677,0.0
106480678,0.1512053420531817
106480679,0.0
106480680,0.0
106480682,0.0
106480683,0.0
106480684,0.0
106480685,0.0
106480686,0.7574174111415869
106480688,0.1957902746995032
106480689,0.0
106480690,0.1649768100240471
106480691,0.0
106480692,0.0
106480693,0.0
106480694,0.0
106480695,0.7122860902594829
106480696,0.0
106480697,0.0
106480698,0.0
106480699,0.0
106480700,0.0
106480701,0.0
106480702,0.0
106480703,0.0
106480704,0.0
106480705,0.0
106480706,0.0
106480707,0.0
106480708,0.0
106480709,0.0
106480710,0.0
106480712,0.0
106480713,0.0
106480714,0.0
106480715,0.0
106480716,0.0
106480717,0.0
106480718,0.0
106480719,0.0
106480723,0.0
106480724,0.0
106480725,0.3530642712957951
106480726,0.0
106480727,0.0
106480728,0.0
106480729,0.0
106480732,0.0
106480733,0.0
106480734,0.0
106480738,0.0940514026841421
106480744,0.0
106480745,0.0
106480747,0.0
106480748,0.0
106480749,0.0
106480750,0.0
106480751,0.0
106480752,0.0
106480753,0.0
106480754,0.2916510273594812
106480755,0.0
106480756,0.0
106480758,0.0
106480759,0.0
106480760,0.0
106480761,0.0
106480762,0.0
106480763,0.0
106480764,0.3224780060156172
106480767,0.0
106480768,0.8685173828745578
106480769,0.0
106480770,0.14887083481464564
106480771,0.0
106480773,0.1304583976107058
106480774,0.0
106480775,0.0
106480776,0.0
106480777,0.0
106480778,0.3560167289396578
106480780,0.0
106480783,0.0
106480784,0.0
106480785,0.0
106480787,0.0
106480788,0.0
106480789,0.1721144431730159
106480790,0.0
106480793,0.0
106480794,0.0
106480795,0.0
106480796,3.1531292710653
106480797,0.0
106480798,0.0
106480799,0.0
106480800,0.0
106480801,0.0673875284399155
106480802,0.1515524834278699
106480803,0.0
106480804,0.0
106480805,0.0
106480806,0.4978186978501309
106480807,0.0
106480808,0.0
106480809,0.0
106480810,0.0
106480811,0.0
106480812,0.0
106480813,0.0
106480814,0.0
106480815,0.0
106480816,0.0
106480817,0.0
106480818,0.0
106480819,0.0
106480820,0.0
106480821,0.0
106480822,0.0
106480823,0.0
106480824,0.0
106480825,0.0
106480826,0.0
106480827,0.0
106480828,0.0
106480829,0.0
106480830,0.0
106480831,0.0
106480832,0.0
106480833,0.0
106480834,0.0
106480835,0.0
106480836,0.0
106480837,0.7636442732956193
106480838,0.0
106480839,0.0
106480840,0.0
106480841,0.0
106480842,0.0
106480843,0.0
106480844,0.0
106480845,0.0
106480846,0.0
106480847,0.0
106480848,0.0
106480849,0.0
106480850,0.0
106480851,0.0
106480852,0.0
106480853,0.0
106480854,0.0
106480855,0.0
106480856,0.0
106480858,0.0
106480860,0.0
106480861,0.0
106480863,0.0
106480864,0.0
106480865,0.0
106480867,0.0
106480868,0.0
106480869,0.0
106480872,0.0
106480873,0.4330070323782402
106480874,0.0
106480875,0.0
106480877,0.0
106480878,0.0
106480879,0.0
106480881,0.0
106480882,0.0
106480883,0.0
106480885,0.0
106480886,0.0
106480887,0.0
106480889,0.0
106480890,0.0
106480891,0.0
106480892,0.0
106480893,0.0
106480894,0.0
106480896,0.0
106480897,0.0
106480898,0.0
106480899,0.0
106480900,0.0
106480901,0.0
106480903,0.0
106480905,0.0
106480906,0.0
106480907,0.9108678189314242
106480908,0.0
106480911,0.0
106480912,0.0
106480913,0.0
106480914,0.0
106480917,0.5826888607966154
106480918,0.0
106480919,0.0
106480920,0.1254572708948052
106480921,0.3810505308621166
106480923,0.0
106480924,0.0
106480925,0.0
106480926,0.1366672261961176
106480927,0.0
106480928,0.0
106480929,0.1331250857566386
106480930,0.4563441840621564
106480931,0.0
106480932,0.0
106480933,0.0
106480934,0.0
106480935,0.0
106480936,0.0
106480937,0.0
106480938,0.0
106480939,0.0
106480940,0.0
106480941,0.0
106480942,0.0
106480943,0.0
106480944,0.0
106480945,0.0
106480946,0.0
106480947,0.0
106480948,0.0
106480949,0.0
106480950,0.0
106480951,0.7636442732956193
106480952,0.1315261137724414
106480953,0.0
106480954,0.0
106480955,0.0
106480956,0.0
106480957,0.0
106480958,0.0
106480959,0.1479001074389033
106480960,0.0
106480961,0.0
106480962,0.0
106480963,0.0
106480964,0.1393138122542398
106480965,0.0
106480966,0.0
106480967,0.0
106480968,0.0
106480969,0.0
106480970,0.4408279496398549
106480971,0.0
106480972,0.0
106480973,0.0
106480974,0.7092596897469567
106480975,0.0
106480976,0.0
106480977,0.0
106480978,0.2491753170632973
106480979,0.0
106480980,0.0
106480981,0.0
106480982,0.2606172693978964
106480983,0.0
106480984,0.0
106480985,0.6169815186052734
106480986,0.0
106480987,0.0
106480988,0.0
106480989,0.2491753170632973
106480990,0.0
106480991,0.0
106480992,0.0
106480993,0.59787985366893
106480994,0.0
106480996,0.0
106480997,0.0
106480998,0.0
106480999,0.0
106481000,0.0
106481001,0.0
106481002,0.0
106481003,0.0
106481004,0.0
106481005,0.0
106481006,0.0
106481007,0.0
106481008,0.1375503727556631
106481009,0.0
106481010,0.0
106481011,0.0
106481012,0.0
106481013,0.0
106481014,0.7668111362092798
106481015,0.0
106481016,0.0
106481017,0.0
106481018,0.0
106481019,0.0
106481020,0.1553613094606595
106481021,0.0
106481022,0.0
106481023,0.0
106481024,0.1343665777337765
106481025,0.0
106481026,0.0
106481027,0.0
106481028,0.1331250857566386
106481029,0.0
106481030,0.0
106481031,0.2528548084136774
106481032,0.0
106481033,0.0
106481034,0.1304583976107058
106481035,0.4340948411158832
106481036,0.0
106481037,0.0
106481038,0.0
106481040,0.0
106481041,0.0
106481042,0.0
106481043,0.0
106481044,0.0
106481045,0.0
106481046,0.0
106481047,0.0
106481048,0.0
106481049,0.0
106481050,0.0
106481051,0.0
106481052,0.0
106481053,0.0
106481054,1.084709977154578
106481055,0.0
106481056,0.0
106481057,0.0
106481058,0.0
106481059,0.0
106481060,0.0
106481061,0.0
106481062,0.1331250857566386
106481063,0.0
106481064,0.0
106481065,0.0
106481066,0.0
106481067,0.0
106481068,0.0
106481069,0.1396660445520418
106481070,0.0
106481071,0.0
106481072,0.0
106481073,0.0
106481074,0.247021015259454
106481075,0.0
106481076,0.0
106481077,0.0
106481079,1.02227039247151
106481080,0.0
106481081,0.0
106481082,0.0
106481083,0.0
106481084,0.0
106481085,0.0
106481086,0.5142481366902564
106481087,0.2606172693978964
106481088,0.0
106481089,0.0
106481090,0.0
106481091,0.0
106481092,0.0
106481093,0.1311703628083161
106481094,0.0
106481095,0.0
106481096,0.0
106481097,0.0
106481098,0.0
106481099,0.0
106481100,0.0
106481101,0.0
106481102,0.0
106481103,0.247021015259454
106481104,0.0
106481105,0.0
106481106,0.0
106481107,0.0
106481108,0.0
106481109,0.0
106481110,0.0
106481111,0.8171861105467714
106481112,0.0
106481113,0.0
106481114,0.0
106481115,0.1438810399905316
106481116,0.0
106481117,0.0
106481118,0.0
106481119,0.0
106481120,0.0
106481121,0.0
106481122,0.0
106481123,0.0
106481124,0.0
106481125,0.0
106481126,0.0
106481127,0.2559080167354376
106481128,0.0
106481129,0.0
106481130,0.0
106481132,0.0
106481133,0.0
106481134,0.0
106481135,0.0
106481136,0.1331250857566386
106481137,0.0
106481138,0.0
106481139,0.0
106481140,0.0
106481141,0.0
106481142,0.0
106481143,0.0
106481144,0.0
106481145,0.0
106481146,0.0
106481147,0.0
106481148,1.0059544926393946
106481149,0.0
106481150,0.0
106481151,0.0
106481152,0.0
106481153,0.0
106481154,0.0
106481155,0.0
106481156,0.0
106481157,0.0
106481158,0.0
106481159,0.0
106481160,0.0
106481161,0.0
106481162,0.0
106481163,0.0
106481164,0.0
106481165,0.0
106481166,0.0
106481167,0.6825061481727459
106481168,0.0
106481169,0.0
106481170,0.0
106481172,0.2477910822028433
106481173,0.0
106481174,0.0
106481175,0.0
106481176,0.0
106481177,0.0
106481178,0.0
106481179,0.2630368896979078
106481180,0.0
106481181,0.2165506698612004
106481182,0.0
106481183,0.0
106481184,0.0
106481185,0.0
106481186,0.0
106481187,0.0
106481188,0.4625304851600768
106481189,0.0
106481190,0.0
106481191,0.0
106481192,0.0
106481193,0.0
106481194,0.0
106481195,0.0
106481196,0.0
106481197,0.0
106481198,0.6124669927522506
106481199,0.0
106481200,0.0
106481201,0.0
106481202,0.0
106481203,0.0
106481204,0.0
106481205,0.8731951528330149
106481206,0.5569300582202276
106481208,0.7349161920748244
106481209,0.0
106481210,0.0
106481211,0.0
106481212,0.0
106481213,0.0
106481214,0.0
106481215,0.0
106481217,0.0
106481218,0.7482758082109136
106481219,0.3273596661759082
106481220,1.7575000329032129
106481221,0.0
106481222,0.0
106481223,0.0
106481224,0.0
106481225,0.0
106481226,0.0
106481227,0.0
106481228,0.0
106481229,0.0
106481230,0.3273596661759082
106481231,0.0
106481232,0.0
106481233,0.0
106481234,0.0
106481235,0.0
106481236,0.0
106481238,0.0
106481239,0.0
106481240,0.0
106481241,0.0
106481242,0.0
106481243,0.0
106481244,0.3351066276827368
106481245,0.0
106481246,0.0
106481247,0.0
106481248,0.0
106481249,0.0
106481250,0.0
106481251,0.0
106481252,0.0
106481253,0.0
106481254,1.077354282023966
106481255,0.0
106481256,0.0
106481257,0.0
106481258,0.0
106481259,0.0
106481260,0.0
106481261,0.0
106481262,0.0
106481263,0.0
106481264,0.0
106481265,0.0
106481266,0.7349161920748244
106481267,0.0
106481268,0.0
106481269,0.0
106481271,0.0
106481272,0.0
106481273,0.0
106481274,0.7306413430559724
106481275,0.3273596661759082
106481276,0.0
106481277,0.0
106481278,0.0
106481279,0.0
106481280,0.0
106481281,0.3273596661759082
106481282,0.0
106481283,0.0
106481284,0.0
106481285,0.0
106481286,0.0
106481287,0.0
106481288,0.0
106481289,0.0
106481290,0.0
106481291,0.0
106481292,0.0
106481293,0.0
106481294,0.0
106481295,0.0
106481296,0.0
106481297,0.0
106481298,0.0
106481299,0.0
106481300,0.0
106481301,0.0
106481302,0.0
106481303,0.0
106481304,0.0
106481305,0.0
106481306,0.0
106481307,0.0
106481308,0.0
106481309,1.501014923036833
106481310,0.7306413430559724
106481311,0.0
106481312,0.0
106481314,0.0
106481315,0.0
106481316,0.0
106481317,0.0
106481319,0.0
106481321,0.0
106481322,0.0
106481323,0.0
106481325,0.0
106481326,0.0
106481327,0.0
106481328,0.0
106481329,0.0
106481330,0.0
106481331,0.5644430740397096
106481332,0.0
106481333,0.5569300582202276
106481334,0.0
106481335,0.0
106481336,0.0
106481337,0.3273596661759082
106481338,0.0
106481339,0.0
106481340,0.0
106481341,0.0
106481343,0.0
106481344,0.0
106481345,0.0
106481346,0.0
106481347,0.0
106481348,1.581550543691712
106481349,0.0
106481350,0.0
106481351,0.0
106481352,0.0
106481353,0.0
106481354,0.0
106481355,0.0
106481356,0.0
106481357,0.0
106481358,0.0
106481359,0.0
106481360,0.0
106481361,0.0
106481362,0.0
106481363,0.0
106481364,0.3404561507267515
106481365,0.0
106481366,0.0
106481367,0.0
106481368,0.0
106481369,0.0
106481370,0.0
106481371,0.0
106481372,0.0
106481373,0.0
106481374,0.0
106481375,0.0
106481376,0.5391562760289466
106481377,0.0
106481378,0.332486914834159
106481379,0.0
106481380,0.0
106481381,0.0
106481382,0.0
106481383,0.5682705510066657
106481384,0.0
106481385,0.0
106481386,0.3298582626860887
106481387,0.0
106481388,0.8685173828745578
106481389,0.0
106481390,0.0
106481391,0.0
106481392,0.0
106481393,0.0
106481394,0.0
106481395,0.0
106481396,0.0
106481397,0.5569300582202276
106481398,0.0
106481399,0.0
106481400,0.0
106481401,0.0
106481402,0.0
106481403,0.0
106481404,0.0
106481405,0.0
106481406,0.0
106481407,0.5682705510066657
106481408,0.0
106481409,0.0
106481410,0.8685173828745578
106481411,0.5426006944716532
106481412,0.0
106481413,0.0
106481414,0.0
106481415,0.0
106481416,0.3273596661759082
106481417,0.0
106481418,0.0
106481419,0.0
106481420,0.0
106481421,0.0
106481422,0.0
106481423,0.0
106481425,0.0
106481426,0.0
106481427,0.5682705510066657
106481428,0.0
106481429,0.0
106481430,0.0
106481431,0.0
106481432,0.0
106481433,0.0
106481434,0.0
106481435,0.0
106481436,0.0
106481437,0.0
106481438,1.077354282023966
106481439,0.0
106481440,0.0
106481441,0.0
106481442,0.0
106481443,0.0
106481444,1.5305538467319255
106481445,0.0
106481446,0.0
106481447,0.0
106481448,0.0
106481449,0.0
106481450,0.0
106481451,0.9125495861221496
106481452,0.0
106481453,0.0
106481454,0.0
106481455,0.0
106481456,0.0
106481457,1.5115891396336365
106481458,0.0
106481459,0.0
106481460,0.5881797132712221
106481461,0.0
106481462,0.0
106481463,0.0
106481466,0.0
106481467,0.0
106481468,0.0
106481469,0.0
106481470,0.0
106481471,0.0
106481472,0.0
106481473,0.0
106481474,0.3298582626860887
106481475,0.0
106481476,0.0
106481477,0.0
106481478,0.0
106481479,0.0
106481480,0.0
106481481,0.0
106481483,0.0
106481484,0.0
106481485,0.0
106481486,0.0
106481487,0.0
106481488,0.0
106481489,0.0
106481490,0.0
106481491,0.0
106481492,0.0
106481493,0.0
106481494,0.0
106481495,0.0
106481496,0.0
106481497,0.0
106481498,0.0
106481499,0.0
106481500,0.0
106481501,0.0
106481502,0.0
106481503,0.0
106481504,0.8685173828745578
106481505,0.0
106481506,0.0
106481507,0.0
106481508,0.0
106481509,0.0
106481510,0.0
106481511,0.0
106481512,0.0
106481513,1.433312906617798
106481514,0.0
106481515,0.0
106481516,0.0
106481517,0.0
106481518,0.0
106481519,0.0
106481520,0.0
106481521,0.0
106481522,0.0
106481523,0.0
106481524,0.0
106481525,1.5256660173732823
106481526,0.5569300582202276
106481527,0.0
106481528,0.0
106481529,0.0
106481530,0.0
106481531,0.0
106481532,0.0
106481533,0.0
106481534,0.0
106481535,0.0
106481536,0.0
106481538,0.0
106481540,0.0
106481541,0.0
106481542,0.0
106481543,0.0
106481544,0.0
106481545,0.0
106481546,0.0
106481547,0.3273596661759082
106481548,0.0
106481549,0.0
106481550,0.0
106481551,0.5569300582202276
106481552,0.0
106481553,0.0
106481554,0.0
106481555,0.0
106481556,0.0
106481557,0.0
106481558,0.0
106481559,0.0
106481560,0.0
106481561,0.3377174543308366
106481562,0.0
106481563,0.0
106481565,0.0
106481566,0.7437743525054578
106481567,0.0
106481568,0.0
106481569,0.0
106481570,0.0
106481571,0.0
106481572,0.0
106481573,0.0
106481574,0.0
106481575,0.3273596661759082
106481576,0.0
106481577,0.3200957386126905
106481578,0.0
106481579,0.0
106481580,0.0
106481581,0.0
106481582,0.0
106481583,0.0
106481584,0.9818305655053948
106481585,0.0
106481586,0.0
106481587,0.0
106481588,0.0
106481589,0.0
106481590,0.0
106481591,0.3351066276827368
106481592,0.0
106481593,0.0
106481594,0.0
106481595,0.0
106481596,0.0
106481597,0.0
106481598,0.0
106481599,0.0
106481600,0.0
106481601,0.0
106481602,0.0
106481603,0.0
106481604,0.0
106481605,0.0336664500279098
106481606,0.0
106481607,0.0
106481608,0.0
106481609,0.0
106481610,0.0
106481611,0.0
106481612,0.0
106481613,0.0
106481614,0.0
106481615,0.0
106481616,0.6679416750088943
106481617,0.0
106481618,0.0
106481619,0.0
106481620,0.0
106481621,0.0
106481622,0.0
106481623,1.2676430924188915
106481624,0.0
106481625,0.0
106481626,0.0
106481627,0.0
106481628,0.0
106481629,0.0
106481630,0.2243575867846448
106481631,0.0
106481632,0.0
106481633,0.0
106481634,0.0
106481635,0.0
106481636,0.0
106481637,0.498814995044631
106481638,0.0
106481639,0.0
106481640,0.0
106481641,0.0
106481642,0.0
106481643,0.0
106481644,0.0
106481645,0.0
106481647,0.0
106481648,0.0
106481649,0.0
106481650,0.0
106481651,0.0
106481652,0.0
106481653,0.0
106481654,0.0
106481655,0.0
106481656,0.3459044228515163
106481657,0.0
106481658,0.0
106481659,0.0
106481661,0.0
106481662,0.0
106481663,0.8715330386717132
106481665,0.0
106481666,0.0
106481667,0.0
106481668,0.0
106481669,1.5405638773843315
106481671,0.0
106481675,0.0
106481677,0.5461322881673503
106481680,0.0
106481682,0.0
106481683,0.0
106481684,0.0
106481686,0.0
106481688,0.0
106481690,0.0
106481692,0.2456330041876151
106481693,0.0
106481694,0.698601087046596
106481695,0.5703769369515354
106481696,0.0
106481697,0.0723688738166034
106481698,0.0
106481699,0.0
106481701,0.1832051328693448
106481702,0.0
106481703,0.0
106481704,0.0
106481706,0.0
106481707,0.0
106481708,0.0
106481709,0.0
106481710,0.0
106481711,0.0
106481712,0.0
106481713,0.0
106481714,0.0
106481715,0.0
106481716,0.0
106481717,0.0
106481718,0.0
106481720,0.0404403802309502
106481721,0.0
106481722,0.0693069482704467
106481723,0.0
106481725,0.0
106481726,0.0
106481728,0.0
106481729,0.1055102904479631
106481730,0.0
106481731,0.2830140637454333
106481732,0.0886367224100169
106481734,0.0
106481735,0.5586630337048301
106481736,0.0
106481737,0.0
106481738,0.0
106481739,0.0
106481741,0.0
106481743,0.0
106481745,0.0
106481746,0.0
106481747,0.0
106481748,0.0
106481749,0.0
106481750,0.0
106481751,0.0
106481752,0.3646738325719965
106481753,0.7138349358068095
106481754,0.0
106481755,0.0
106481756,0.0
106481757,0.0
106481758,0.0
106481759,0.0
106481760,0.0
106481761,0.0
106481762,0.0
106481763,0.0
106481764,0.0
106481765,0.0
106481766,0.0
106481767,0.0
106481768,0.3177061107824478
106481769,0.0
106481770,0.0
106481771,0.0
106481772,0.0
106481773,0.7306413430559724
106481774,0.0
106481775,0.0
106481776,0.0
106481777,0.0
106481778,0.0
106481779,0.0
106481780,0.0
106481781,0.0
106481782,0.0
106481783,0.7668111362092798
106481784,0.0
106481785,0.0
106481787,0.0
106481788,0.0
106481791,0.0
106481792,0.0
106481793,0.0
106481794,0.0
106481796,0.0
106481798,0.0
106481799,0.0
106481800,0.0
106481801,0.0
106481802,0.0
106481803,0.0
106481804,0.0
106481805,0.0
106481806,0.0
106481807,0.0
106481808,0.0
106481811,0.0
106481813,0.0
106481815,0.0
106481816,0.0
106481818,0.0
106481820,0.0
106481821,0.1268892755676334
106481822,0.0
106481824,0.0
106481825,0.0
106481827,0.0
106481828,0.0
106481829,0.0
106481830,0.0
106481831,0.0
106481832,0.0
106481833,0.0
106481834,0.0
106481835,0.0
106481836,2.12117092461179
106481837,0.1324148165236816
106481839,0.0
106481840,0.0
106481841,0.0
106481842,0.0
106481843,0.0
106481844,0.0
106481845,0.0
106481846,0.0
106481847,0.0
106481848,0.0
106481849,0.3487493523901473
106481850,0.5895457875063634
106481851,0.0
106481853,0.0
106481854,0.0
106481855,0.0
106481856,0.0
106481857,0.1324148165236816
106481858,0.132770028068318
106481859,0.0
106481860,0.0
106481861,0.0
106481862,0.0
106481863,0.1366672261961176
106481864,0.0
106481865,0.0
106481866,1.443986498353569
106481867,0.0
106481868,0.0
106481869,0.0
106481870,0.0
106481871,0.0
106481872,0.0
106481873,0.2630368896979078
106481874,0.0
106481875,0.0
106481876,0.0
106481877,0.0
106481878,0.0
106481879,0.0
106481880,0.0
106481881,0.0
106481882,0.0
106481883,0.0
106481884,0.0
106481885,0.0
106481886,0.0
106481887,0.0
106481888,0.0
106481890,0.0
106481891,1.1696082284148732
106481892,0.0
106481893,0.0
106481894,0.0
106481895,0.0
106481896,0.0
106481897,0.0
106481898,0.0
106481899,0.0
106481900,0.0
106481901,0.0
106481902,0.3404561507267515
106481903,0.0
106481904,0.0
106481905,0.0
106481906,0.0
106481907,0.0
106481908,0.0
106481909,0.0
106481910,0.0
106481911,0.0
106481912,0.0
106481913,0.0
106481914,0.0
106481915,0.0
106481916,0.0
106481917,0.0
106481918,0.0
106481919,0.7482758082109136
106481920,0.0
106481921,0.0
106481922,0.0
106481923,0.0
106481924,0.0
106481925,0.0
106481926,0.0
106481927,0.0
106481928,0.0
106481929,0.8685173828745578
106481930,0.0
106481931,0.7306413430559724
106481932,0.3404561507267515
106481933,0.0
106481934,0.0
106481935,0.9230183565443631
106481936,0.0
106481937,0.0
106481938,0.0
106481939,0.0
106481940,0.0
106481941,0.0
106481942,0.0
106481943,0.0
106481944,0.0
106481945,0.0
106481947,0.0
106481948,0.0
106481949,0.0
106481950,0.0
106481951,0.0
106481952,0.0
106481953,0.0
106481954,0.0
106481955,0.0
106481956,0.0
106481957,0.0
106481958,0.0
106481959,0.0
106481960,0.0
106481961,0.0
106481962,0.0
106481963,0.0
106481966,0.1331250857566386
106481968,0.0
106481970,0.0
106481971,0.0
106481972,0.0
106481973,0.0
106481975,0.0
106481976,0.0
106481977,0.0
106481978,0.0
106481979,0.0
106481980,0.2448608343336134
106481981,0.0
10650,0.8542745616732785
10651,2.378235493102988
10652,2.221086641718888
10653,2.426043846548283
10654,2.6744000717100676
10655,0.3170018724926201
10656,1.2679036970661903
10657,2.7983954488545093
10658,2.2609073321509445
10659,1.5869874515858224
1066,1.6364472449471987
10660,0.0
10661,0.1003549427233438
106614088,0.8003924767601357
10663,0.9776880932965056
106632260,0.0
106633802,0.0
106633815,0.0
106635527,0.0
106635537,0.0
10664,2.152354805842255
10665,0.0173062599854029
10666,0.3529297975460799
106660605,0.3963192535426587
106660609,0.0189362275154237
106660610,0.5977835100613366
106660611,0.4542313418576185
106660616,0.0
106660619,0.0
10667,1.7764896864617064
10668,1.8169421140874544
10669,1.1429149634820337
106699570,0.1111807302691279
10670,2.8710238244141553
10671,2.151911883400966
10672,2.3154053146262665
10673,1.1058880575617456
10675,0.2742807210695635
10677,1.1364331868520852
10678,2.591006328727774
106780802,0.0
1068,0.0
10681,1.5271963565635365
10682,1.890146820275364
10683,0.0933066477599419
10686,0.3000494503470126
106865372,0.0
106865373,0.0
106865374,0.0
106865375,0.0
106866913,0.0
106866914,0.0
106866915,0.0
106866980,0.0
106866981,0.0
10687,1.472294851974488
1069,2.700730128768829
10690,0.2702514446490945
10691,1.7473371649951714
10692,0.1971036549237277
10693,1.3245333841375695
10694,2.706830156486982
10695,2.5979698345548043
10699,0.1966113887139408
107,2.001823347029167
1070,2.0245331692769857
107048981,0.0
107048983,0.0
107048985,0.0
107057644,0.4688958611274185
107057646,0.7639465323691077
107057647,0.0
107063536,0.1361368806434324
107063537,0.0
107063539,0.1405459622981713
107063540,0.0
107063543,0.0
107063544,0.0
107063611,0.0
107063612,0.0
107074708,0.0
107075094,0.0
107075096,0.0
107075097,0.0
107075098,0.0
107075099,0.0
107075100,0.0
107075102,0.0
107075103,0.0
107075104,0.0
107075105,0.2106046840008167
107075109,0.0
107075112,0.5150058414852697
107075113,0.2765103030942561
107075116,0.2349100619558004
107075117,0.1694027480215364
107075118,0.0
107075120,0.0
107075121,0.0
107075122,0.0
107075123,0.0
107075124,0.0
107075125,0.0
107075126,0.0372594270725486
107075127,0.0
107075128,0.0
107075129,0.0
107075130,0.328054533004933
107075131,0.0
107075132,0.0
107075133,0.0
107075134,0.0
107075135,0.0416301479021601
107075136,0.0
107075137,0.0
107075138,0.0
107075139,0.0
107075141,2.4438186426850805
107075142,0.0
107075143,0.0
107075144,0.0818655711838594
107075145,0.0
107075146,0.0
107075147,0.063149226365247
107075148,0.1717759771350716
107075149,0.0
107075150,0.0
107075151,0.0
107075152,0.0
107075153,0.0538268611423806
107075154,0.0717956175864252
107075155,0.0
107075157,0.0
107075158,0.0
107075159,0.0
107075160,0.0
107075161,0.0
107075162,0.0
107075163,0.112273749424129
107075164,0.0
107075165,0.0
107075166,0.0272409292764164
107075167,0.0
107075168,0.0
107075169,0.199396919210256
107075170,0.0710306629776471
107075171,0.0831865093464727
107075172,0.7926993087072234
107075173,0.0
107075174,0.1473770019605207
107075175,0.0
107075176,0.0
107075177,0.0
107075178,0.0
107075179,0.0
107075180,0.0
107075181,0.0
107075182,0.0
107075183,0.0
107075184,0.0
107075185,0.1038567167187382
107075186,0.0
107075187,0.0
107075188,0.0
107075189,0.0
107075190,0.3914769545950876
107075191,0.0
107075192,0.0
107075193,0.0
107075194,0.0
107075195,0.2080197009600495
107075196,0.0
107075197,0.0
107075198,0.0
107075199,0.0
107075200,0.0
107075201,0.0
107075202,0.0
107075203,0.0
107075204,0.0666185243177208
107075205,0.0
107075207,0.0
107075208,0.0
107075209,0.0
107075210,0.0
107075211,0.0
107075213,0.0
107075214,0.0
107075215,0.0
107075216,0.0
107075217,0.0
107075218,0.0
107075220,0.0635354152782802
107075221,0.0
107075222,0.0
107075223,0.0
107075224,0.0
107075225,0.0
107075226,0.0
107075227,0.0
107075228,0.0
107075229,0.0
107075230,0.0616026860516921
107075231,0.0
107075232,0.0
107075234,0.0
107075235,0.0
107075236,0.0
107075237,0.0
107075238,0.0
107075239,0.0
107075240,0.0
107075241,0.0
107075242,0.0
107075243,0.0
107075244,0.0
107075245,0.0
107075246,0.3707415467133199
107075249,0.0
107075250,0.0
107075251,0.0
107075252,0.0
107075253,0.0
107075254,0.0
107075255,0.0
107075257,0.0
107075258,0.0
107075259,0.0
107075260,0.1419518643529123
107075261,0.0788383885327216
107075262,0.0
107075263,0.0
107075264,0.0544125563488178
107075265,0.0805425329522405
107075266,0.0
107075267,0.0
107075268,0.0
107075269,0.0
107075270,1.1321262235484073
107075271,0.0
107075272,0.0
107075273,0.0
107075274,0.0
107075275,0.0
107075276,0.0
107075277,0.0
107075278,0.0
107075279,0.0
107075280,0.1830382225432
107075281,0.0
107075282,0.0
107075283,0.0573349127789155
107075284,0.0
107075285,0.114818507485862
107075286,0.0
107075287,0.0
107075288,0.0
107075289,0.0
107075290,0.0
107075291,0.0
107075292,0.0
107075293,0.0
107075294,0.0
107075295,0.0
107075296,0.0
107075297,0.0
107075298,0.0
107075299,0.0
107075300,0.0
107075301,0.511861611113703
107075302,0.0
107075303,0.0
107075304,0.0
107075305,0.1375503727556631
107075306,0.0
107075309,0.0
107075310,0.4665875346150472
107075311,0.0
107075312,0.0
107075313,0.1515524834278699
107075314,0.0
107075315,0.0
107075316,0.054997842915243
107075318,0.0
107080108,0.2527018377567929
107080551,0.0
107080620,0.0996158349795007
107080622,0.0
107080626,0.0
107080627,0.0
107080629,0.0
107080632,0.4232672624027204
107080633,0.0
107080636,0.9655851113547947
107080637,0.0
107080639,0.2692034350311641
107080652,0.0
107080653,0.0
107080654,0.1343665777337765
107080655,0.0
1071,0.2406780642448516
107105253,1.7809882133249628
107105254,0.0
107105256,0.0
107105259,0.0
107105261,0.0
107105262,0.0
107105264,0.0
107105282,0.0134224851965348
10712,2.050209704795207
107126287,0.3545419247418729
107126289,0.0
107126294,0.0
10713,2.372000962740786
107131119,0.0
107131120,0.0
107131122,0.8685173828745578
107131123,0.0
107131124,0.0
107133487,0.0
107133494,0.0
107133497,0.0812988122919001
107133499,0.0
107133502,0.0
107133508,0.0
107133511,0.0
107133513,0.0
107133522,0.0
107133524,0.6250905116558814
10714,1.8652557667118004
10715,0.076750799447613
10716,0.0
107161153,0.0
107161159,0.0
107161162,0.0
107161164,0.0
107161230,0.2287846053397926
10717,1.4933877972667968
107178918,0.0
107178919,0.0
10718,0.7444748478370495
1072,2.8746251818502273
10720,1.4360085803103688
10721,0.2131813471486692
10723,2.309860364820416
10724,2.6414951405586615
10725,1.8728922782660529
10726,2.6116050261779424
10728,2.979140153341766
107282092,0.0248187083181388
1073,2.0208752239258194
10730,2.522693193577305
10732,1.955721217088592
10733,0.9103262904039094
10734,0.7293694708972702
10735,2.5058103515213257
10736,0.3060750087792166
10737,0.1270681007161791
10738,0.0
10739,0.0567512557756906
107397391,0.0
107397392,0.0
107403069,0.0
107403154,0.0
10741,2.2669583453643787
10742,2.451656679280904
10743,1.823851446766923
107436076,0.0
10744,0.1100862611199595
10745,1.2566493609043647
10746,2.0115758922049647
10747,1.048464195376159
10749,2.326982463477113
1075,1.4575185265134554
10750,0.2878566660488788
10752,1.881769306446236
10753,0.5929494530405456
107548099,0.0
10755,2.2519952076971013
10758,2.0932462187074723
10761,0.0858221088259321
10762,2.1266912174247
10763,2.6483187166209023
10765,1.9482848301323688
10766,2.4711130763329447
10767,1.9613833454547416
10768,2.7375087470400867
10769,2.7716763984403276
10771,2.611294628942208
10772,2.223023716654881
10773,1.960843848941878
10775,1.9777332507985177
10776,2.6109345244731452
10777,0.0
10780,1.5887972863947744
10781,2.130778618344715
10782,1.9743552649785965
10783,2.211280060277299
10785,1.540373336248447
10786,0.0
10787,2.1930028255500535
10788,2.228376488776993
10791,2.480202921272948
10793,1.0560929059384057
10794,0.9017196992898638
10795,1.7584679267389955
10797,1.7506153275938583
10798,0.0
107983981,0.0
107983987,0.0
107983988,0.0
107983993,0.0
107984000,0.0
107984009,0.0
107984010,0.1267104114681807
107984028,0.0
107984036,0.9020857551419322
107984098,0.0
107984132,0.0
107984178,0.0
107984195,0.0
107984208,0.0
107984262,0.4829349353870622
107984265,0.1089903385970567
107984270,1.7717490252667745
107984273,0.591395528274822
107984322,0.0
107984324,0.0
107984345,0.392881868914514
107984359,0.8509778045379813
107984365,0.0
107984366,0.4557578885791677
107984367,0.0
107984377,0.0
107984399,0.184705774775147
107984414,0.0912551171776534
107984440,0.0
107984508,0.1157254490155959
107984516,0.0064279224007442
107984539,0.1606982229626605
107984548,0.0
107984574,0.1206057494966272
107984588,0.515762754990545
107984640,0.0
107984643,0.2364731183324891
107984714,0.0
107984757,0.150163030160434
107984761,0.4635758600217035
107984764,0.0646929135332517
107984773,0.5132727797674865
107984780,0.0
107984784,0.0
107984807,0.301919497498654
107984811,0.0
107984827,0.324573925812795
107984851,0.0368609624667365
107984875,0.9274266491736932
107984918,0.0
107984921,0.7979577067831822
107984928,0.0318642078034075
107984948,0.3255500787994247
107984953,0.0
107984955,0.0
107984969,0.3641439143298541
107984970,0.2096362928752736
107984977,0.0
107984992,0.0
107985020,0.8552602889492199
107985028,0.0
107985040,0.3941568000258886
107985049,0.0861979419229091
107985092,0.1463297841307743
107985099,0.0
107985101,0.0
107985113,0.0
107985122,0.0
107985126,0.0260306859239784
107985128,0.0
107985177,0.1985786473235092
107985181,0.3875035432439886
107985190,0.4074150099184874
107985194,0.1340120576228596
107985206,0.1858710144881974
107985209,0.3768915868124113
107985210,0.4122805847992972
107985213,0.0
107985222,0.1605266099672951
107985228,0.1911764847688737
107985246,1.7066126842822331
107985265,0.1284973014560392
107985274,0.0
107985305,0.5356952716314062
107985312,0.0
107985359,0.0616026860516921
107985380,0.0
107985432,0.0
107985433,0.1517259986918346
107985453,0.0
107985463,0.0
107985532,0.0752292615879394
107985535,0.1584644237132182
107985565,0.0
107985578,0.0346660352741282
107985579,0.0175101773978301
107985593,0.0
107985628,0.0
107985629,0.0
107985640,0.0
107985643,0.0
107985644,0.0
107985645,0.0
107985651,0.0
107985655,0.0
107985659,0.0
107985688,0.3654680198730576
107985694,0.7761475939734118
107985711,0.1029366335610796
107985740,0.0616026860516921
107985781,0.2068861426155446
107985789,0.0
107985792,0.0240097576149657
107985793,0.0538268611423806
107985818,0.0
107985820,0.0
107985844,0.0
107985876,1.041561940362537
107985879,0.094423529467826
107985885,0.0
107985893,0.0
107985953,0.0
107986032,0.0
107986034,0.0
107986036,0.0
107986046,0.0
107986096,0.0
107986100,0.3345558494274694
107986119,0.7958018294580095
107986163,0.7754055149555282
107986178,0.0284494427319338
107986208,0.0
107986226,0.0
107986237,0.0
107986266,0.1229452412768831
107986277,0.0
107986281,0.1117274208851172
107986313,0.0
107986315,0.0
107986319,0.0
107986322,0.0
107986337,0.0
107986374,0.9570466517381166
107986375,0.0
107986376,0.0
107986400,0.0
107986407,0.0
107986412,0.2130205485608581
107986443,0.0788383885327216
107986448,0.0111658338983268
107986453,0.3056461570780727
107986474,0.515762754990545
107986482,0.1620698240114415
107986494,0.0
107986521,0.0
107986524,0.0
107986558,0.1948038299851561
107986571,0.4920355179076667
107986588,0.1384325675089229
107986593,0.3331771774676362
107986618,0.0
107986626,0.0
107986639,0.1329475761372088
107986669,0.270101814525391
107986703,0.0
107986732,0.1159067175904995
107986739,0.0
107986742,0.1524196905802636
107986749,0.0
107986756,0.2256249613852226
107986763,1.028952259814922
107986768,0.089572811643912
107986777,0.1491193842892281
107986782,0.0
107986806,0.1959545645915504
107986809,1.2731863177825125
107986818,0.1967755109431192
107986821,0.0
107986822,0.6671573044214626
107986837,0.0
107986838,0.1890253477766942
107986878,0.0
107986951,0.0
107986952,0.0
107986954,0.0
107986962,1.4856184318496102
107986980,0.0049806933258769
107987013,0.085446105720894
107987014,0.0
107987018,0.0
107987035,0.0
107987106,0.0376577034343075
107987127,0.0
107987142,0.0453866897349848
107987155,0.0
107987217,0.0
107987232,0.0
107987282,0.0
107987295,0.1412492154969934
107987327,0.0
107987328,0.0
107987329,0.0
107987423,0.0134224851965348
107987443,0.0660413065929845
10799,1.5452274288367094
108,0.4215496699875918
1080,0.2160702066097536
10800,1.0011436703549876
10801,2.43249301782288
10802,1.9048415873748457
10803,0.0873244225138922
10804,0.1222261062390532
10806,1.9223726669580905
10807,2.1353837500839687
10808,2.3470016983515
10809,2.632116136925628
1081,0.1753228347129015
10810,1.443266464352022
10811,1.713397880627836
10813,1.9881499666213425
10814,0.0
10815,1.4123995717456777
10816,0.3009131074817633
10817,1.322184963233325
10818,2.271486946387805
10819,1.357455116849963
1082,0.0
10821,0.1961188209270054
10823,0.0
10824,0.0364623094604789
10825,1.7042163738120246
10826,2.1641664104038756
10827,1.8533436448887528
10830,0.0
10838,1.6547592301764489
1084,0.0
10840,0.4010044471831929
10841,0.1424784549426613
10842,0.1268892755676334
10844,2.195047487756722
10845,2.193163478793192
10846,0.3277766613678189
10847,0.5444725270272069
10848,2.363975162131969
10849,1.1461689967530624
10850,0.0
10855,0.9351680146709695
10856,2.4118747014423536
10857,2.95261175305724
10858,0.2881491952836383
10859,0.6454543352442891
10861,0.8731951528330149
10863,1.1310444000586652
10864,0.01219232802879
10865,2.6416363473822173
10866,1.5529743562402147
10867,2.348279208205187
10868,2.038502864375262
10869,2.35726968836088
1087,0.1482486582226979
10870,0.4107868396102578
10871,0.6776284209555032
10873,1.7563404265977185
10874,0.1957902746995032
10875,1.958627701142964
10876,0.0875120208953502
10877,0.0
10878,0.0861979419229091
108783646,0.0440046509270564
108783654,1.1255203507772815
10879,0.8519686138740015
1088,0.0
10880,0.0
10881,0.0557775902066152
10882,1.0735035266661686
10884,2.1815521590046867
10885,1.8667981729828431
10886,0.0530452976713926
10887,0.0858221088259321
10888,0.0489301088118718
1089,0.089572811643912
10890,2.7508176343470683
108903150,0.0960960359655527
10891,0.4831610087974954
10892,1.6039788644123316
10893,1.1987269700872976
10894,1.5648520050834231
10897,2.4127828706090857
10898,1.8788877857638484
10899,1.739167376564163
109,1.865118585377899
1090,0.0406387916047836
10900,0.3046445817346442
10901,1.801164687535922
10902,2.1683225104109285
10903,1.988733151490018
10904,2.396129547307397
10905,2.1258727374062647
10906,2.421935696371788
10907,2.13185467872298
10908,1.98335053618496
10910,1.7810329600474528
10911,0.0236049920866109
10912,1.1804386273099028
10913,0.7593220433926237
109136578,0.0
10914,2.36430798474631
10915,1.9331770850814125
10916,3.234481755140069
10917,0.0
10919,1.9652600663380977
10920,2.311479272399618
10921,2.354839881562679
10922,2.2177385992548304
10923,2.70538996309185
10924,1.9475408231068283
10926,1.3470372901249423
10927,2.694333370797409
10928,2.2929288817004876
109286551,0.0
109286553,0.3517184693718995
10929,2.54179173833997
10930,0.4895749331352011
10933,2.680513333615663
10935,2.790734334055338
10936,1.5110020589525868
10938,2.0408457017472363
10939,2.003193232599646
10940,1.396739933163428
10941,0.0
10942,1.2161473662964049
10943,1.751155286670287
10944,2.435402784262339
10945,2.9229201286314788
10946,2.565754555361119
10947,1.745482246215865
10948,2.0127917322123534
10949,2.4475718049742223
1095,0.0
10950,2.1221124848564976
10951,2.601147460397433
10952,2.768592430383394
10953,2.526121483910597
10954,1.9339563926514451
10955,2.784466100902006
10956,2.6880427912291096
10957,2.621688692403549
10959,2.907250687194086
10960,2.8269357470357543
10961,2.7061401315150317
109616958,0.0
109616959,0.0
109616960,0.0
109616961,0.0
109616962,0.4701623632416249
109616963,0.0
109616964,0.2645453866014184
109616965,0.4728034812884282
109616966,0.0
109616967,0.0
109616968,0.0
109616969,0.0
109616970,0.4864312564898177
109616971,0.0
109616972,0.4754351471414527
109616973,0.0
109616974,0.0
109616975,0.4550537199587505
109616976,0.4385503245729024
109616977,0.6341132291977163
109616978,0.0
109616979,0.0
109616980,0.0
109616981,0.0
109616982,0.0
109616984,0.0
109616985,0.0
109616990,0.3351066276827368
109616991,1.4778757954628288
109616992,0.0
109616993,0.0
109616994,0.0
109616995,0.0
109616997,0.0
109616998,0.0
109616999,0.269652753139376
109617000,1.2548841785251537
109617001,0.0
109617002,0.0
109617003,0.0
109617004,0.0
109617005,0.0
109617006,0.0
109617007,0.0
109617008,0.0
109617009,0.0
109617010,0.0
109617011,0.0
109617012,0.0
109617013,0.0
109617014,0.0
109617015,0.0
109617016,0.0
109617020,0.0
109617022,0.4701623632416249
109617023,0.0
109617024,0.0
10962,1.260459852838807
109623459,0.0
10963,2.595221827929845
10964,1.037127486230225
10965,2.117758843788585
10966,1.857716266923802
10969,2.357488601181165
1097,0.0
10970,2.541249539400466
109703458,0.0445972313113895
10971,3.044372388534707
10972,2.9464626220790886
109729114,0.0
109729115,0.0
109729116,0.0
109729117,0.0
109729118,0.0733234266047182
109729119,0.0
109729120,0.0
109729121,0.0
109729122,0.0
109729124,0.0
109729125,0.0
109729126,0.0
109729127,1.947793943701456
109729131,0.0910683626288553
109729133,0.1220462241655084
109729135,0.0
109729137,0.0126025784990239
109729140,0.0
109729141,0.6861629238728784
109729142,0.0
109729143,0.0
109729144,0.0
109729147,0.1857046546754418
109729150,0.0370602183099194
109729151,0.0
109729152,0.0
109729153,0.0
109729154,0.0
109729155,0.0
109729156,0.0
109729157,0.0
109729158,0.0
109729161,0.058501008843608
109729163,0.0
109729168,0.0246165431357565
109729169,0.0272409292764164
109729170,0.0
109729173,0.6212807618630699
109729174,0.0
109729180,1.2434562132917062
109729181,1.88435140796805
109729184,0.0189362275154237
10973,1.801441962935756
109731405,0.0
10974,0.0
10975,1.9511804326244564
10978,2.066143249561263
10979,2.085094617505259
1098,0.0
10980,2.5922024962049703
10981,2.4401181801724885
10982,2.0446680590832247
10983,3.1003242006050256
10984,0.1496413741592798
10985,2.3435494988309293
109864269,0.1577758647003239
109864281,0.0
10987,1.8709221062151755
10988,2.4552191185980363
10989,2.5500418526670607
10990,0.3327630941206541
10991,1.170541428561836
109910381,0.0
109910384,0.0
10992,2.515388853547555
10993,0.7401042266728028
10994,2.078486456972474
10998,0.9818305655053948
10999,2.2569488976220473
11000,1.9717183142949428
11001,1.2161831675965988
11004,0.7429951614670096
11005,0.4999203969465767
11006,1.050141395451942
11007,1.864166194917572
11009,0.2903396799106517
110091775,0.1391376392196552
1101,1.8776655731642389
11010,1.8497415274968387
11011,1.7274862155219264
110117498,0.0
110117499,0.0
11012,1.0347259522202632
11013,1.1265706631667367
11014,2.8197724061512086
11015,2.2496931840622105
11016,1.978909986880667
11017,2.175308068313665
110175910,0.0
11018,1.641294360572731
11019,1.1385745639997888
1102,2.100475213313003
11020,1.5275879687497975
11021,2.226372551786633
11022,1.670650829754736
11023,0.0
11024,0.4164967827374138
11025,0.4742921022220122
11027,0.3433213143432003
11029,0.0
1103,0.0
11030,2.3063826210143907
11031,2.288994802925062
11033,0.3698213124515176
11034,3.1610881132012976
11035,1.1980985574480465
11036,0.0
11037,1.249250717188402
1104,2.124899228865387
11040,1.881909774920342
11041,2.35113262672692
11043,1.881356398953573
11044,1.939186403505351
110440226,0.5868109924907947
11045,0.7024210873423955
11046,1.111861129849813
110467518,0.0
110467520,0.0
110467521,0.0
110467522,0.0
110467523,0.0
11047,2.214953780684099
1105,2.028928273037559
11051,2.5769896661853395
11052,2.265929156431912
11054,1.8763240030680208
11055,0.1357831260270535
11056,1.7044432477060156
11057,2.267339630630429
11059,2.513087054171008
110599563,0.0
110599564,1.3506445749345193
110599583,0.0
110599588,0.0
1106,2.0440317760219533
11060,2.186569394620226
11061,0.2284692044778477
11062,0.8979245934036711
11063,0.2254666497348655
11064,1.6438514669506583
11065,1.1774915579214114
11066,1.7356273929861905
11067,2.6886495676495645
11068,2.0425758272331964
11069,1.1382867687646503
1107,2.4837968099632883
11070,2.5063375020844356
11072,2.3253364941018777
11073,1.9324349312034117
11074,0.4203203993811211
11075,0.5655531453878263
11076,1.7664116595298618
11077,0.751593583422533
11078,2.0191349708315056
11079,2.371096942749777
1108,1.4016855113480606
11080,2.242022105462663
110806272,0.5636346616005768
110806273,0.0491265280900879
110806277,0.8806844058204235
110806278,0.0
110806279,0.0962816618610842
110806280,0.0288518968796068
110806281,0.0
110806283,0.0516758077965697
110806285,0.1683835190067455
110806290,0.0627628591308276
110806291,0.0
110806292,0.0
110806296,0.0
110806297,0.0
110806298,1.2842625627934698
110806299,0.0
110806300,0.073704942137793
110806301,1.5472793244404328
110806308,0.0
11081,0.5358003955886173
11082,0.7517474970362725
11083,2.1514684053953927
110841583,1.0601530256011826
11085,0.0
11086,0.3618876446659664
1109,0.0
11091,2.2465881663304237
11092,1.8178453676439976
11093,0.8699307454931646
11094,2.1803598748831146
11095,0.7980294471878667
11096,2.1744091696656453
11097,1.5996963324128932
11098,2.141027816049927
11099,1.9312958039615136
111,1.7525918923830557
11100,2.639601170136684
11101,2.1477959658131716
11102,1.0500456832273113
11103,1.804120006701128
11104,2.1468980613142454
11105,0.0394476217259577
111064647,0.0
111064649,0.0
111064650,0.0
11107,1.0083712537702272
11108,2.1159501811657693
111082961,0.0
111082962,0.0846935889461878
111082963,0.0
111082964,0.0
111082965,0.1588084847758757
111082966,0.0
111082967,0.0816766944344988
111082968,0.0
111082969,0.0
111082970,0.0
111082971,0.0
111082972,0.5022362953304824
111082973,0.0
111082974,0.0828093123943021
111082976,0.0829979322484961
111082977,0.2330303265697469
111082978,0.0
111082979,0.0
111082980,0.0831865093464727
111082981,0.2507105201109866
111082982,0.0
111082983,0.0
111082984,0.0
111082985,0.2742807210695635
111082987,0.0
111082989,0.1371972284494705
111082993,0.258493991100522
1111,0.9196470781155228
11112,2.6261361078595007
11113,0.2858058900056053
11116,1.0839875932690035
11117,1.908942099355255
11118,2.002379647766283
111188157,0.1489453134079853
11119,2.0878303603112087
1112,1.8828916951379824
11120,2.112098614766479
111216275,0.0
111216276,0.0
111216277,0.08431707500591
111216278,0.0
111216280,0.0
111216284,0.1801954562545614
11122,1.8233559085725088
11123,2.040161936217107
11124,2.1011253227851183
11126,0.3550785463363491
11127,1.7573463867053774
11128,1.8283850059959443
11129,1.8551751290488503
1113,0.1191627482987562
11130,1.6428731922452298
11131,1.508280074985345
11132,1.1651935409834966
11133,1.481116731094379
11135,2.727755225721727
11136,0.1086247075317278
11137,2.43469020338838
11138,2.146408924060473
1114,0.561102446883527
11140,2.625799647951937
11141,0.1111807302691279
11142,2.355817315604209
11143,1.9829971661894528
11144,0.5104476925284843
11145,2.5731005108734983
11146,1.5363927841898557
11147,2.121929986955709
11148,0.011781879253164
11149,1.0778110246145798
111501764,0.0
11151,1.5843550411518008
11152,1.833314622325338
11153,1.6650611172023198
11154,1.2108592050338334
11155,0.5608994807062866
11156,1.7865233719585458
11157,1.6408795864702246
11158,1.84260583891408
11159,1.5189778167435466
1116,2.781628025388876
11160,2.38623230955984
11161,2.485359921509971
11162,0.5664601003485856
11163,1.83119488819646
11164,2.120386752093375
111644132,0.6926624959080744
111644133,0.0698819152678692
111644134,0.0
111644135,0.0
111644136,0.0
111644137,0.0
111644138,0.0
111644139,0.0
111644142,0.0
111644143,0.0
111644144,0.6539510278899517
111644145,0.0
111644146,0.0
111644147,1.3230668465142688
11165,0.0627628591308276
11166,0.0569458532680942
11167,2.621382833666079
111674481,0.0
11168,2.141360438848872
11169,1.1428741702457976
1117,2.2485573559751875
11170,1.84402361143035
11171,2.798619838654325
11172,0.1157254490155959
11173,0.3581568321547633
11174,0.2078578621979574
11176,2.3141472127756293
11177,1.9388972351868616
11178,1.961138866164264
11179,1.9878076881631823
1118,1.4962776162843945
11180,2.6308650384636967
11181,0.2029874437103106
11182,0.513923163473374
11183,2.1047121656488996
11184,0.7098332921776558
11185,1.6637185628820668
11186,2.0637846235170487
11187,2.255248443854472
11188,2.454261002855909
11189,0.0126025784990239
1119,2.045568570814443
11190,1.2185052899362092
11193,2.1416174539308908
11194,1.5242687756470972
11196,2.1798436701362114
11197,2.688340056356544
11198,2.5358954667647073
11199,0.0232000328901817
112,2.1803638427256877
1120,0.085634128532859
11200,1.384906393394062
11201,1.8375708297062456
11202,1.3774983913765777
1121,1.8301010890113347
11211,0.5547835030991647
11212,2.4286954589569625
11213,0.9912473044334652
11214,1.9815463206801311
11215,2.150510664479213
11216,2.0183796096182527
112163659,0.1215063417494183
112163686,0.0
11218,2.0071715115743136
11219,0.1712680127981029
1122,1.6501143450155986
11221,2.1044715233823905
11222,2.5731660930438087
11223,0.387246475887361
11224,3.2012297904215643
11226,2.505547134782929
112267859,0.0
112267871,0.1437058484632928
112267877,1.0099088148526558
112267897,0.0
112267949,0.0
112267968,0.0066344685557293
112267969,0.212055077748509
112267975,0.0
112267977,0.0
112267986,1.132250917947031
112267992,1.6148407812897532
112268018,0.0
112268032,0.0
112268039,0.0
112268065,0.0
112268105,0.423512311032106
112268124,1.0741930187813815
112268136,0.0227948798627598
112268162,0.0
112268164,0.1284973014560392
112268165,0.0432138940104846
112268173,0.0
112268176,0.0
112268184,0.5002516907632928
112268198,0.2007044229568114
112268208,0.0215782561623971
112268216,0.0
112268234,0.0
112268241,0.8884602541040943
112268243,0.0775105280642577
112268252,0.1394899473602603
112268270,0.0326656794165476
112268276,0.0
112268293,0.1209661047225065
112268404,0.0
112268408,0.0
112268410,0.0
112268411,0.0
112268419,0.4499874769642042
112268431,0.0
112268449,0.0187326529005272
112268472,0.0
112268475,0.0
112268476,0.0
112268487,0.0
11227,1.145885009826089
112272612,0.0
11228,1.9571335615276568
1123,1.543564391711576
11230,1.6707515597629214
11231,2.4078862522524993
11232,1.450283021486155
11234,2.1196573932323797
11235,2.233686969775561
11236,2.411786671663542
11237,1.9937242453686272
11238,1.3650456543783591
112398,0.939663548337633
112399,1.4827506868592275
1124,0.0049806933258769
11240,2.466619485798172
11243,1.8259786023232116
112436690,0.0
112436692,0.301919497498654
11244,2.144630124902515
112441426,0.0
112441428,0.0
112441429,0.0
112441430,0.0
112441431,0.0
112441432,0.0
112441434,1.0745604168111234
112441435,0.0
112441436,0.0
112441437,0.0
112441438,0.0
112441442,0.816349664835727
11245,1.3263754327711377
112464,0.8315837645778195
11247,0.6888715788246175
112476,0.7025866872862648
112479,1.5517105328037848
11248,1.586814720725469
112483,2.532885684757387
112487,1.4330994726715351
112488736,0.0
112488737,0.0
112488738,0.0
112488739,0.0
112488740,0.0
112488741,0.0
112488742,0.0
112488745,0.0
112488746,0.0
112488747,0.0
112488748,0.0
11249,0.2572781176619668
112495,2.647653379081293
11250,0.2556032266047128
11251,0.4810104907803276
11252,2.565487469443596
11253,2.208456621249312
11254,2.01862743504659
112543478,0.0940514026841421
112543493,0.0
11255,0.015877463426456
112552163,0.0
11257,1.1452759890512172
112574,2.1542064767110096
112577460,0.0
112577461,0.0
112577462,0.0
112577464,0.9039736542705494
112577465,0.0
112577466,0.2372534944972522
112577467,0.0
112577516,0.0
112577518,0.0
112577592,0.1527663152168473
11258,2.3457697762377254
11259,2.0544842743883858
112590798,0.0
112597,0.531900549383075
11260,2.2019347671264495
112609,1.898606976118352
11261,2.6721949962476814
112611,1.4208302579930674
112616,2.3986345011604633
11262,0.310918847596584
11264,2.182630012857707
11266,2.0061424250025746
11267,1.829931790663267
11269,1.7444239415135163
112694756,0.9198249686936492
11270,1.9908572990628983
112703,1.3540056130437883
112714,0.1064275149657084
11272,0.515762754990545
112724,1.3586913562218723
11273,2.3195125073955007
11274,1.408031347805738
112744,0.0
11275,2.1407970147857753
112752,1.8585257512392857
112755,0.9325014478601268
11276,1.7767157414748311
11277,0.0
112770,2.0369426328015647
11278,1.4813320359310675
11279,1.5601036807045523
1128,1.1554219672407884
11280,0.1979234293138989
112802,0.0
112806053,1.1347804973828202
11281,0.0
112812,0.0308612972995617
112817,0.444290923284619
11282,2.2707851197845454
11283,0.1033047896802982
11284,1.746149960535053
112840,1.8539550457937188
112840933,0.7017582828126417
112840934,0.0635354152782802
112849,1.3372371421367035
11285,1.782451233003534
112858,2.250324340089845
112869,2.0028318533194076
112885,0.4582172113752395
1129,0.0
112903833,1.0278106653447394
112935960,0.5644430740397096
112935969,0.0
112936,2.227699449131308
112937,0.1924974114159267
112939,2.1499615995554677
112942,2.493659409438622
112950,2.137002922926078
112970,1.3214783942077104
113,0.5174898793740458
1130,1.5144535864726816
113000,1.8049772088014475
113026,2.0560179036712696
11309,1.7304139149328566
113091,0.0
1131,0.296874485886237
11311,2.003972903826583
113115,0.3958109981351239
11313,2.598075344099611
113130,0.8304928024951845
11314,1.4293854781368187
113146,1.2786412179219848
11315,2.8807125266052727
11316,2.336381935966149
11317,0.0152643844692303
113174,1.7256464092475188
113177,0.5116442644017182
113178,2.3642305094375353
113179,0.2776968270837076
11318,0.1908459142734483
113189,2.259818400686964
11319,2.2606942188617336
1132,0.1786864032253949
11320,2.272713850827621
113201,2.450635473640936
11321,2.164892934857782
113218477,0.1550157875879565
113219467,0.0
11322,1.4716805868353189
113220,2.34567555901098
113230,1.7631467848050737
113235,1.4143235248149444
113246,2.249605699639904
11325,2.442229160386882
113251,2.090055426191868
11326,1.7257608293212543
113263,1.5678474017325044
113277,1.4919575188239342
113278,1.2234738456060466
11328,2.496477587468666
11329,2.4212421291408823
1133,0.074848442848116
11330,0.0244143296379668
11331,2.7422039675148384
11332,1.7127305835008564
11333,2.462178239045782
11334,2.346452622508936
11335,2.6608325473700174
11336,2.1499962114746825
11337,0.2624326809349534
11338,2.543984160531092
11339,0.2723432796002477
113391335,0.174311031346234
1134,0.1206057494966272
11340,1.955473166591576
113402,2.3237855681830686
11341,0.9310474096432472
113419,2.572046843148702
11342,2.476759086983067
11343,2.0487033715131657
11344,1.7633683244831777
113444,1.6609773089217943
11345,2.652808801680248
113451,0.9810257957800768
113452,2.419863603535027
113455421,0.0
113457,0.5912010468298661
11346,2.2399175047833424
1135,0.2026616951876663
113510,1.7684440004799162
113523636,0.0698819152678692
113523638,0.0
113523639,0.0
113523640,0.7334151848992378
113523642,0.0
113540,0.7408867944180314
1136,0.0938652766473933
113612,1.6291419683965618
113622,0.7041578722077786
113655,1.9686684358842503
113675,1.9257315744273749
113691,0.0
1137,0.0
113730,1.1510154289572947
113746,0.0
113791,2.3274891959467565
1138,0.3518531560943878
113802,2.0395237990446
113828,1.651978007439619
113829,2.653757807679118
113835,0.9292980610695402
113878,1.5899141607903908
1139,0.0828093123943021
113939904,0.0
113939925,0.0
114,0.0916285002418245
1140,1.7026383904173303
114026,0.0
114034,1.958019130167808
114036,0.1975956198799462
114041,0.628141849012342
114042,0.0538268611423806
114044,0.700430727325006
114049,2.141422493987002
114088,0.808772836790267
1141,0.8821968816668895
114108587,0.4166204303394463
114112,1.809749756347379
114131,0.0664261626900539
114132,0.0396462670429822
114134,0.8702515270787087
1142,0.0
114294,1.80309118314384
1143,0.1128197163068454
114327,1.2686847578903957
114335,0.0
114336,0.0
1144,0.0
114483833,0.2403673497812929
114483834,0.0
1145,0.4691262963598183
114515514,0.0
114515515,0.0
114515518,0.0771307503330335
114515520,0.1331250857566386
114515521,0.0442022240997431
114548,0.8581430267972809
114569,2.7237014772433517
114571,0.0
114599,0.5950805244603776
1146,0.0
114609,1.3223614578177552
114614,0.3454971413353746
114625,1.7019412196577342
114655,0.0
114659,1.1635045061011602
1147,1.8177223113011711
114757,1.620450783162022
114758,0.0
114760,0.0
114761,0.0
114769,1.5719129978093132
114770,0.7954418252909621
114771,0.0358639763576893
114780,0.2216577078869951
114781,1.6138964001963578
114783,1.0746981317613502
114784,0.1211462231579099
114785,2.2467581536800756
114786,0.0575293748341413
114787,0.5950805244603776
114788,0.0105493414072734
114789,1.9983443354462884
114790,1.8028043626843564
114791,1.5627111496611783
114792,0.5305253054894595
114793,1.8495895665114952
114794,0.02949474857181915
114795,0.0453866897349848
114796,1.256150362571547
114798,0.0320646470462866
114799,1.8988174840490972
114800,0.3449537627274193
114801,1.3287924679731562
114803,1.836062068078205
114804,0.5104476925284843
114805,0.1534591224248764
114815,0.5814080810744081
114818,1.4244628632616458
114819,0.7662843762212245
114821,0.9813478312754332
114822,1.6224550674510745
114823,2.5205929104890465
114824,0.0368609624667365
114825,1.6536099315596169
114826,1.5995282428701667
114827,0.305360124389833
114836,0.627588053329627
114841035,0.0505001786277436
114841037,0.0
114876,2.3351008355581717
114879,1.9059347539752476
114880,1.2062859597030149
114881,1.380926690887144
114882,2.2378533936185865
114883,2.3523085167021383
114884,1.537736090785005
114885,1.8755311997686137
114897,1.8893461302628631
114898,0.654306500554788
114899,1.149565831324726
1149,0.784987966438084
114900,0.5355901323150711
114902,0.0
114904,1.3467566114318998
114905,0.5497496731204269
114907,2.837964777728862
114908,2.913524991903353
114926,2.1327822283315565
114928,2.1108554485854945
114932,2.727388045693465
114960,0.0
114971,0.9178059015091332
114984,2.2390492385847462
114987,1.675602951350141
114990,2.1143236675887196
114991,1.8677899023105995
115,1.7600449461081782
115004,0.9763911592838268
115019,0.0660413065929845
115024,2.271550675287986
115072896,0.0113712320035829
115098,2.24910303282015
115106,2.0777841660856065
115111,0.2825723370389634
115123,0.6816529207072184
115196,1.498485774204486
1152,2.07205798397444
115201,1.924423001716765
115207,2.627734229776712
115209,1.899271805728876
115253419,0.0
115253422,1.0004161305435786
115265,0.936092836776521
115273,1.2521417975378246
115286,1.8348924398078177
115290,1.2878521720764118
115294,2.4229900859862212
1153,2.798162658517521
115308161,0.2878566660488788
115330,0.5117529458957238
115350,0.0424223934120883
115352,0.0702650067990862
115353,2.385302435087396
115361,1.7166933370984825
115362,0.5381092447199157
115399,1.4401186922859368
1154,2.04560316257841
115409980,1.6121981803159553
115409985,0.8254230173197181
115409986,0.4701623632416249
115409987,0.0
115409990,0.2243575867846448
115416,1.7474097455123068
115426,1.8092477200732209
115482682,0.0
115482683,0.0
115482684,0.1038567167187382
115482685,0.0586952005206574
115482686,0.0
115482687,0.0
115482688,0.0
115482689,0.0
115482690,0.0
115482691,0.0
115482692,0.0
115482694,0.0
115482700,0.0
115482701,0.0
115482702,0.0
115482704,0.0
115482705,0.1153627921809967
115482708,0.0
115482709,0.0
115482710,0.0
115482711,0.2060754753648871
115482715,0.0
115482717,0.0
115482720,0.2962958267391992
115482721,0.0
115482722,0.0
115482724,0.0
115482725,0.0
115482726,0.0
1155,2.223111345056846
115509,1.817188649118531
115548,2.1508819889836355
115557,1.288542145276407
115560,1.4495490647538238
115572,2.416466038593449
115584,0.0248187083181388
115650,0.6317308239098093
115653,0.0
115677,1.8774082636336349
115701,0.1555340154263538
115703,1.3260542688000223
115704,1.520807477028394
115708,1.809383747402218
115727,0.4414261667561673
115749,0.0332662841654657
115752,2.0062640147029516
115761,0.896326261621711
115795,0.1051431153898577
1158,0.1513789312195854
115804232,1.2529793553998256
115811,0.8239770299496458
115817,2.159687064786614
115825,1.2804260893762287
115827,0.3796234637963165
115830329,1.2457678359381528
115830330,0.0
115838655,0.0
115861,0.0
115891964,0.1891910239108802
1159,0.7558897635910169
115908,1.6529668458247588
115939,2.3283804393551475
115945146,0.0
115948,0.454818848047692
115950,1.1634258233287278
115992,1.3486342831900917
116,0.1610413402968344
1160,0.9766615812810888
116028,0.7650033546578522
116033993,0.0
116039,1.9200164118379313
116064,2.1227434930883837
116068,2.1109905730530083
116071,1.1762237794747583
116085,0.0126025784990239
116092,2.35122761795121
1161,0.9459484375052648
116113,2.413030442727901
116115,1.659106075128321
116135,0.5921729184902303
116138,2.7818628915341495
116143,1.4395101750065542
116150,2.1056388629872855
116151,2.8933636762785775
116154,0.1180788346824814
116159,2.458110543247379
116173,0.9006202511636081
116179,0.053631538511365
116211,0.0442022240997431
116224,2.2049377751482617
116225,1.8788877857638484
116228,0.5022362953304824
116236,1.788297564308161
116238,1.5659188099976864
116254,2.5690467587833044
116255,0.0358639763576893
116285,1.3949016924719468
1163,2.015929830175597
116328,0.1023840919216796
116337,0.0483405753318879
116362,2.6003413305586895
116369,0.1437058484632928
116372,0.1482486582226979
116379,0.8671653313912274
1164,2.5366446219141383
116412,0.9333722397073928
116435278,0.1014623682252616
116435280,0.0
116435281,0.1695724950282078
116435282,0.0
116435284,0.0
116435285,0.0
116435286,0.0
116435287,0.0
116435289,0.0
116435296,0.2491753170632973
116435298,0.2511705004141448
116435299,1.8784984936170184
116435302,0.8196890022942457
116435303,0.1304583976107058
116437,0.0199533676763937
116441,2.5279424239867656
116442,0.8503825830828389
116443,0.318409708905874
116444,0.0
116447,1.7549043575934975
116448,0.0370602183099194
116449,0.0207662015448037
116461,1.6258503857067237
116496,2.677228321082138
116511,0.1553613094606595
116512,0.0
116519,0.0416301479021601
116534,0.5048740459031809
116535,1.8550532834314133
116540,0.0
116541,2.5169991075628557
116729,0.0846935889461878
116804915,0.0
116828,0.7662090905698413
116832,2.126852842574929
116835,1.5042915182596204
116840,2.0153242762445176
116841,1.9323188438131216
116842,0.8478633186115889
116843,2.1194076597099607
116844,2.0889445871868
116931,0.2176706285523731
116935,1.0157159815248944
116937,1.140666990858718
116938,0.0
116966,0.8501178627648568
116969,0.5711777312257221
116983,1.403021443502722
116984,1.2403473349795648
116985,2.0738092554183036
116986,0.5224325309402954
116987,1.8747368497036856
116988,1.9342106853929373
117,0.9937760262360272
117134595,0.0
117134596,0.0246165431357565
117134597,0.0
117134598,0.0
117134600,0.1144554512135472
117134601,1.5117307423034407
117143,2.0071715115743136
117144,0.0625696085978943
117145,1.7249465255825818
117154,0.0181216355189445
117155,0.9521137531136764
117156,0.1793574413186224
117157,0.3052170685540204
117159,0.4700473166871431
117166,0.2812456594128502
117177,1.4332891962124443
117178,1.6017421486059222
117194,0.0404403802309502
117195,1.3465319597959744
117196,0.2324027590350898
117245,2.0416214605238103
117246,2.161814651567329
117247,0.1567419323387753
117248,1.7951263910845627
117283,0.0152643844692303
117285,0.0
117286,0.3415489023344227
117289,1.3025243740261134
1173,2.807981787134035
117314529,0.2151084127640693
117369447,0.0
1174,2.472525052390017
1175,2.585352485335777
117531,0.0526542428027862
117532,0.0716044446446561
117579,0.0
117581,1.3554157746397968
117583,1.4778324384481123
117584,1.3923118570420756
1176,2.298103856549545
117608,1.5847196113904638
117751731,0.0
117751732,0.0
117751734,0.5986501282560626
117751736,0.0270393423001977
117751737,0.0
117751738,0.0
117751739,0.0
117751740,0.572077547613224
117751741,0.0
117779438,0.0837519842731955
1178,0.0
117854,1.7324592137504822
1179,0.0128076294222381
117981787,0.9672896173535096
117981788,0.439150376240363
117981789,0.0
118,2.5300243751531974
1180,0.689293835437384
1181,0.7403390931984822
118126072,0.4842903306740939
1182,2.449194061956055
1183,0.8044540549613329
1184,0.6843795043657691
118421,0.1366672261961176
118424,2.086625025821093
118425,0.0
118426,1.4700094332400966
118427,0.0193432301006561
118429,1.780282832656099
118430,3.1002139057895204
118442,0.3164380202550693
118460,2.1596449709547265
118461,0.0
118471,0.0555827213422205
118472,1.4912619026679927
118487,2.3704429165071734
118490,0.8652934835183536
118491,1.1333304666980986
1185,1.618970039406125
118568799,0.3761092413660876
118568801,0.0
118568802,0.4661250001535367
118568803,0.4763483043873615
118568804,0.0
118568805,0.0
118568808,0.0
118568811,0.3412758601249733
118568819,1.3944666966824342
118568822,0.0
118568823,0.0
118568825,0.4316753285789973
118597831,0.3702158348429686
118597835,1.5130033078313854
118597843,0.0
1186,1.995689495839618
118611,0.7314350406505584
118663,0.0177140457770852
118670,0.0
118672,1.0223205343914872
1187,0.3638788170283364
118732296,0.8368759621613169
118732298,0.7921204714999507
118738,0.6049729134243438
118788,1.3925431674052953
1188,0.6126556804146047
118812,1.934287711520854
118813,2.186421252546531
118827809,0.0
118827811,1.4547323507372047
118827812,0.051871586053616
118827814,0.3600245172607447
118856,0.5106653978299407
118881,1.2249557210313975
118924,1.7989184602046044
118932,1.1504923895712085
118980,1.6730907730270883
118987,1.8404651768890523
119,0.4837258873436339
119016,0.869031696031156
119032,2.2765349895067373
1191,3.086290095378431
119139901,1.4014078028816397
119139902,0.3517184693718995
119139903,0.1936514469748223
119139905,1.069997598148226
119139906,0.0
119180,0.0510881989588056
1192,3.0479895423628767
1193,1.8657675044115016
119385,0.0368609624667365
119391,1.9291013245476425
119392,1.8093314344037337
119395,0.0981356370534185
119437,0.4693566594925347
119467,0.199396919210256
1195,2.4888178114774107
119504,2.605874244266684
119545622,0.0
119545623,0.0
119545626,0.4398697997772173
119545627,0.1025683134842556
119545628,0.2684540003248531
119545629,0.4162494263135362
119548,0.035464851664874
119559,2.2825567231370725
119587,2.1211849959077504
1196,2.151007115238641
119678,0.0
119679,0.0
119682,0.0
119687,0.0
119692,0.0
119694,0.0
119695,0.0
119696,0.0
119710,0.9707390643669548
119722,0.0
119746555,1.8730089303854545
119749,0.0
119764,0.0
119765,0.0
119772,0.0
119774,0.0
119775,0.0
1198,1.486364717390524
119863861,1.3372943207340129
119863864,0.0362629122582597
119863865,0.6331062845623755
119863870,1.1002043142580276
119863871,0.0
12,1.1865133333981988
120,2.400401580533658
1200,2.3685693162029127
120017342,0.0
120065,0.1128197163068454
120066,0.0352652184723042
120071,2.055670161811259
1201,0.0777670077131769
120103,1.144828959532502
120114,0.265147976990959
120126,0.0
120146,0.0
120224,1.6910201825684508
120227,1.713123233538507
120237,0.0
1203,0.7913237350880711
120318,0.0557775902066152
120356739,1.5523986178751323
120356740,0.0
120376,1.2452248046701375
120379,1.040687414128162
1204,0.0
120400,0.0288518968796068
120406,0.0227948798627598
120425,0.7991046101879994
120526,1.3481864975676825
120534,2.088426406491152
120586,0.0
1207,2.4184865041403354
120766138,0.0792173887819751
120766140,0.0750388739578922
120766143,0.0
120766144,1.2855878474057854
120766146,0.5663593846070586
120766149,0.0
120766150,0.0761805481519545
120775,0.0
120776,0.0
120787,0.0376577034343075
120793,0.0
120796,0.0
1208,0.1322371530186809
120824,0.0
120863,0.4838388108081963
120872,0.4047819776906567
120883619,0.0
120892,0.9506487135772012
1209,2.5748715058022307
120935,0.1505106155300797
120939,0.4231447079646865
121006,0.147028078610212
121009647,0.4882292970710771
121014,0.0
121053,0.7773331866431122
121054,0.0
1211,2.662209358064196
121129,0.0
121130,0.0
121131,0.0
1212,2.421291450833055
121214,0.0910683626288553
121227,2.121569398069981
121232368,0.6489550983052548
121232370,0.4763483043873615
121232371,0.01219232802879
121232372,0.08431707500591
121232375,0.3935196035363652
121233923,0.7515166132698674
121233924,0.0
121233925,0.0215782561623971
121256,0.0
121260,2.005296624380206
121268,0.786084709578018
121270,0.0
121273,0.698850874047932
121274,1.7302629618382943
121275,0.0934928992017695
121278,0.0
121296,0.0
1213,2.651906557396478
121328,0.2026616951876663
121340,0.0372594270725486
121355,0.1692329654664143
121360,0.0
121364,0.0
121391,0.2565172441529399
121441,2.0764392084105654
121457,1.8067390439190445
1215,0.984398703670576
121504,1.0451437546473945
121506,2.3203475991541547
121512,1.5385402700135693
121536,1.966042165536352
121549,0.0372594270725486
121551,1.4375626403253343
121599,0.0
121601,0.1126377675040334
121627959,0.0
121642,1.9882371653920785
121643,0.0
121665,2.288026254328096
121676925,0.0
121725015,0.1785185566320452
121725057,0.0
121793,0.5598837827191709
121832807,0.0
121832810,0.0673875284399155
121832811,0.3713981761218102
121832813,0.392498969506788
121832815,0.6315472234642965
121838,0.4953775587218285
121847981,0.0
121847984,0.0
121847985,0.1961188209270054
121847986,0.0
121853074,0.0
121853075,0.8773315166183091
121853076,0.0109603861112779
121952,0.2787335645114763
121981,0.0
122011,0.0350655380227658
122042,0.0
122046,0.0
122060,1.485917082346982
122145,0.0
122149298,1.7497018648446152
122149299,0.0
122149300,0.0
122149301,0.1946393048600189
122149302,0.7908162166136228
122149303,0.0
122149304,0.0
122152325,0.7268184753527944
122152326,0.5058607417400891
122152331,0.2442425560068213
122152365,0.0
122183,0.0
122258,0.0
122319436,0.2904854940046766
122319696,0.0
122394732,0.0
122394733,0.1178980435863406
122402,0.3815687992175671
122405565,0.0
122409,0.0795962166369358
122416,1.6522179237570358
122455332,0.0
122455333,0.096838290181438
122455334,0.184705774775147
122455337,0.5352746221720364
122455338,0.0
122455339,0.0
122455340,0.0972091680864421
122455341,0.0
122455342,0.6777142956844485
122481,0.8148133787527969
122509,1.5091755457316958
122513141,1.9752857659580791
122525,1.4686198366436682
122526776,0.7977424383582331
122526777,0.0
122526779,0.0
122526780,0.1003549427233438
122526782,0.4688958611274185
122539212,0.9340679949025756
122539214,1.0512887374187476
122553,1.0954397252298802
122589,0.1259945652633729
122592,0.0
122616,1.7800922918822577
122618,1.4664060765218392
122622,1.1927842602465315
122651,0.0
122664,0.3600245172607447
122665,0.0
122704,2.146932973878822
122706,0.022997480615535
122740,0.0
122742,0.0
122748,0.0
122769,1.5300672933288226
122773,1.492946540005324
122786,2.4528283381074565
122809,1.910196027005854
122830,1.953563759013188
122876,0.0
122945,0.4990362096084059
122953,1.665832735304346
122961,1.8543684022441655
122965330,0.0
122965331,0.0
122965332,0.0
122965333,0.0
122965335,0.0
122965336,0.0
122965337,0.0
122965338,0.174311031346234
122970,1.8564943710900232
123,1.9491906133109835
1230,1.3720454468860646
123016,2.0248257431920686
123036,2.664348172199298
123041,0.0481439722271771
123096,1.9789786911303175
123099,2.098977027128981
123103,0.188030575137308
123169,2.252776172837038
1232,0.046963386855558
123207,1.2676756748717062
123228,1.0354130929747174
123258399,0.4756635428944551
123258400,0.0
123263,1.5919520091872146
123264,0.9295899612160315
123283,1.6935569753755335
1233,0.2339707499754988
123346,0.0725598717535938
123355,1.477463749573199
1234,1.214210645004008
123464508,0.0
123464509,0.0280467968559265
123464510,0.0
123464511,0.0
123464512,0.0
123464513,0.0
123464515,0.2422298130789489
123464517,0.7385363382224092
123464518,0.8261791525034617
123464519,0.0
123466203,0.3526607791358305
123466204,0.8276202348076216
123466205,0.0
123466206,0.2739829642168674
123466212,1.7767383404027652
123466215,0.3588243869820759
123497957,0.1694027480215364
1235,0.0386525717956126
123591,0.4065383565242155
1236,0.8260417390575421
123606,1.3421601608562508
123624,0.0
123688,1.11883760288574
1237,0.0284494427319338
123706506,0.0132175827499873
123706507,0.8607524665437613
123706512,0.9670150175519532
123706513,0.5630277498618992
123706523,0.5639379237582378
123706524,0.3440019232102286
123706528,0.5772542806543307
123706533,1.14896073956193
123706537,0.1820360353720198
123706540,0.9308726961674698
123706541,0.9610534420549228
123706542,0.2704010462861587
123706543,0.4422628625458896
123706545,0.6848895286497899
123706547,1.5472981083651518
123706549,0.0
123706550,0.8128528401855872
123720,1.7451297645783268
123722,0.0386525717956126
123745,0.0432138940104846
123775,0.0526542428027862
1238,0.9481614596935374
123803,1.8355120650779435
123811,2.48956833499527
123872,0.9531259749864416
123876,0.0156731530012164
123879,1.6890355513150863
123904,0.1236637478282847
123920,2.4149748311141157
123970,0.0
124,0.2762133913679275
1240,0.8522985435742263
124044,1.819339664460443
124045,1.2068323752642007
124056,0.0
124093,0.2566694775561359
1241,1.5267652147747908
124152,1.5114272573420409
124220,2.402342262659974
124222,1.3150167555924952
124245,1.8389961652639284
124274,0.0173062599854029
124296660,0.0
124359,1.7989506333559326
1244,0.2163905475377656
124401,1.2309830567730136
124402,1.8689514379844017
124404,0.0207662015448037
124411,1.4082058034997005
124446,2.758860817297207
124454,1.9031379405972677
124460,0.6513683617114199
124491,1.975722468863
124512,1.9273181386164449
124535,0.0205630661837875
124538,0.0
124540,1.8697390382041343
124565,2.2521914234989517
124583,2.5484598807835304
124590,0.046963386855558
124599,0.2678539377990642
124602,0.2372534944972522
124626,0.0
124637,0.0422244019181622
124641,0.0
124739,1.390405997923383
124751,1.0894733225241928
124773,0.0348658102965977
124783,0.2487141744835275
124790,1.0327090440031623
124801,1.6873055907761805
124808,1.9108827908916444
124817,1.166877539612739
124842,0.0805425329522405
124857,0.0223895328412295
124871,0.0227948798627598
124872,0.0374585887741673
124900174,0.0
124900175,0.0
124900177,0.0
124900178,0.0
124900179,0.0
124900180,0.7926993087072234
124900181,0.0
124900182,0.0
124900183,0.0
124900184,0.0
124900185,0.0
124900186,0.0
124900187,0.0
124900188,0.0
124900192,0.5310545560348755
124900193,0.8561789334803357
124900196,0.0
124900197,0.0
124900198,0.0
124900199,0.0
124900200,0.0
124900201,0.2536192177458344
124900202,0.0
124900203,0.0
124900204,0.0
124900205,0.0
124900206,0.0
124900207,0.0
124900208,0.0
124900209,0.0
124900210,0.0
124900211,0.0
124900212,0.0
124900217,0.9591089594484744
124900219,0.0
124900220,0.0
124900221,0.0
124900222,0.0
124900223,0.0
124900224,0.4920355179076667
124900225,0.0
124900226,0.0
124900227,0.0
124900228,0.0
124900229,0.0
124900230,0.0
124900235,0.0
124900236,0.0
124900237,0.0
124900238,0.0
124900239,0.0
124900240,0.0
124900241,0.0
124900242,0.0
124900243,0.0
124900245,0.0
124900246,0.0
124900247,0.0
124900256,0.0
124900257,0.0
124900259,0.0
124900260,0.0
124900261,0.0
124900262,0.0
124900263,0.0
124900264,0.0
124900265,0.0
124900266,0.0
124900267,0.0
124900268,0.0
124900269,0.0
124900270,0.0
124900271,0.0
124900275,1.6510771903026138
124900277,0.0
124900278,0.0
124900279,0.0
124900280,0.0
124900281,0.0
124900282,0.0
124900283,0.0
124900284,0.0
124900285,0.0
124900291,0.0
124900293,0.0
124900294,0.0
124900295,0.0
124900296,0.0
124900297,0.0
124900298,0.0
124900299,0.0
124900300,0.0
124900304,0.0
124900305,0.0
124900306,0.0
124900307,0.0
124900309,0.0
124900310,0.0
124900311,0.0
124900312,0.0
124900313,0.0
124900314,0.0
124900315,0.0
124900316,0.0
124900318,0.0
124900319,0.0
124900320,0.0
124900321,0.0
124900322,0.0
124900323,0.0
124900324,0.0
124900325,0.0
124900326,0.0
124900327,0.0
124900328,0.0
124900329,0.0
124900330,0.0
124900332,0.0
124900333,0.0
124900334,0.0
124900339,0.0
124900341,0.0
124900342,0.0
124900343,0.0
124900344,0.0
124900345,0.0
124900346,0.0
124900347,0.0
124900348,0.0
124900349,0.0
124900350,0.0
124900351,0.0
124900352,0.0
124900353,0.0
124900354,0.0
124900356,0.0
124900357,0.0
124900358,0.2730890153463308
124900359,0.0
124900360,0.0
124900361,0.301919497498654
124900362,0.0
124900363,0.0
124900364,0.0
124900366,0.0
124900367,0.0
124900369,0.2765103030942561
124900370,0.0
124900371,0.0
124900372,1.16389775572826
124900375,0.0
124900376,0.0
124900377,0.0
124900378,0.0
124900379,0.0
124900380,0.0
124900381,0.0
124900382,0.269652753139376
124900383,0.0
124900393,0.0
124900394,0.0
124900395,0.0
124900396,0.9484446076578896
124900397,0.0
124900398,0.0
124900399,0.0
124900400,0.0
124900402,0.0
124900406,0.0
124900407,0.0
124900408,0.0
124900409,0.0
124900410,0.0
124900411,0.3939019859550799
124900414,0.0648856742777243
124900418,0.1067941198550825
124900419,0.0
124900421,0.0
124900422,0.0
124900423,0.4781712195300542
124900424,0.0
124900425,0.0
124900426,0.0
124900427,0.0
124900428,0.0
124900429,0.0
124900430,0.0
124900431,0.0
124900432,0.0
124900433,0.0
124900434,0.0
124900435,0.0
124900436,0.0
124900437,0.3248529526034982
124900438,0.0
124900439,0.0
124900440,0.0
124900441,0.0
124900442,0.0
124900443,0.0
124900444,0.0
124900446,0.0
124900447,0.0
124900448,0.0
124900449,0.0
124900450,0.0
124900452,0.0
124900453,0.0
124900454,0.0
124900455,0.0
124900456,0.0
124900457,0.0
124900460,1.072444729377811
124900461,0.0
124900462,0.0
124900463,0.0
124900464,0.0
124900469,1.025820076971098
124900470,0.0
124900471,0.0
124900472,0.0
124900473,0.0
124900475,0.0
124900476,0.2672534170449826
124900481,0.0
124900488,0.3377174543308366
124900490,0.0
124900492,0.2747271446341556
124900493,0.0
124900494,0.0
124900495,0.0
124900496,0.0
124900497,0.0
124900498,0.0
124900500,0.0
124900501,0.0
124900502,0.0
124900503,0.0
124900504,0.0
124900505,0.0
124900506,0.0
124900507,0.0
124900508,0.0
124900516,0.7360200493382384
124900517,0.0
124900518,0.0
124900519,0.0
124900520,0.0
124900521,0.0
124900522,0.0
124900524,0.0
124900525,0.0
124900526,0.0
124900527,0.0
124900528,0.0
124900529,0.0
124900530,0.0
124900531,0.0
124900532,0.0
124900533,0.6309042400654432
124900534,0.0
124900535,0.0
124900536,0.0
124900537,0.5895457875063634
124900538,0.0
124900539,0.0
124900540,0.0
124900541,0.0
124900542,0.0
124900551,0.0
124900552,0.0
124900553,0.0
124900554,0.0
124900555,0.0
124900556,0.0
124900557,0.4728034812884282
124900558,0.0
124900559,0.0
124900560,0.0
124900561,0.0
124900562,0.0
124900563,0.0
124900564,0.1931570629018073
124900577,0.0
124900589,0.0
124900609,0.0
124900632,0.0
124900637,0.0132175827499873
124900638,0.0826206497668653
124900656,0.0
124900669,0.0
124900731,0.0
124900758,0.4440526151597954
124900774,0.0
124900775,0.0
124900778,0.0
124900787,0.0
124900792,0.0138321417599086
124900810,0.0
124900818,0.0
124900824,0.5637357633271645
124900838,0.0
124900848,0.0
124900869,0.0
124900881,0.0
124900883,0.0
124900885,0.0
124900886,0.0
124900887,0.0
124900890,0.0
124900891,0.7327821747699373
124900892,0.0
124900893,0.0
124900916,0.0
124900922,0.9160189357387722
124900945,0.0
124900957,0.0
124900964,0.4781712195300542
124900989,0.9959800366176892
124901016,0.0
124901018,0.0801641354811421
124901020,0.0
124901037,0.0
124901048,0.0528497930137067
124901051,0.0931203544834532
124901065,0.0
124901067,0.0
124901073,0.0812988122919001
124901075,0.0
124901107,0.2403673497812929
124901121,0.0
124901122,0.0
124901151,0.999479433719386
124901165,0.949914886309771
124901168,0.0
124901186,0.1463297841307743
124901188,0.0
124901189,0.0
124901190,0.0
124901194,0.0
124901196,0.0
124901197,0.0
124901220,0.0
124901221,0.0
124901333,0.7301646734249297
124901351,0.0
124901355,0.2500967964746218
124901358,0.0
124901391,0.3062179067585128
124901405,0.8763158317104184
124901407,0.0581124904196997
124901409,0.0
124901427,0.1276043426051557
124901437,0.0
124901447,0.0203598820990786
124901449,0.0493229014588557
124901457,0.1249196248938618
124901462,0.0
124901499,0.0
124901505,0.0
124901506,0.0
124901507,0.0
124901508,0.0
124901509,0.0
124901521,0.0
124901524,0.0
124901525,0.0
124901526,1.9382572677980217
124901527,0.0
124901528,0.0
124901582,0.0
124901604,0.0
124901612,0.0865736051467432
124901616,0.0366616595234452
124901617,0.0
124901619,0.0
124901628,0.1317039313972478
124901632,0.0
124901635,0.0
124901641,0.0
124901656,0.0
124901671,0.2324027590350898
124901728,0.5800261844811762
124901766,0.0
124901813,0.0298571944893556
124901826,0.0
124901827,0.0
124901856,1.40583306687321
124901858,0.0
124901859,0.0
124901860,0.0
124901861,0.0
124901864,0.0
124901872,0.0
124901880,0.096838290181438
124901882,0.16258357811886
124901899,0.0
124901902,0.0
124901942,0.0
124901966,0.1049594666720178
124901990,0.0234025367070836
124901995,0.0
124902005,1.6272775248002933
124902013,0.0
124902018,0.0
124902022,0.0
124902026,0.4197050060744942
124902027,0.0
124902031,0.0
124902033,0.398475526494279
124902045,0.0
124902062,0.0
124902076,0.0
124902078,0.0
124902079,0.0
124902081,0.0
124902096,0.0
124902100,0.0
124902101,0.0
124902105,0.0
124902108,0.2715968350027382
124902114,0.8492567663895121
124902157,0.0
124902165,0.0
124902178,1.4535497450803592
124902202,1.26525925493695
124902204,1.0372742048957142
124902229,0.0
124902232,0.0
124902280,0.5644430740397096
124902301,0.0646929135332517
124902324,0.0
124902333,0.0
124902337,0.4211811008025209
124902338,0.0
124902371,0.092934019355804
124902374,0.0
124902388,0.2510172033808796
124902392,0.0
124902436,0.0
124902438,0.0
124902447,0.0782695646180464
124902453,1.7459315489351703
124902473,0.0
124902479,0.0
124902532,0.0
124902534,0.0
124902537,0.0449920531388688
124902542,0.0
124902546,0.3004813987113197
124902567,0.3487493523901473
124902568,0.0
124902571,0.0
124902572,0.0
124902573,0.2598596119643578
124902595,0.0
124902596,0.0
124902606,0.063149226365247
124902609,0.0
124902623,0.0
124902629,0.1254572708948052
124902632,0.2041265232242545
124902665,0.0
124902684,0.0
124902694,1.787945518790054
124902709,1.1226960060174702
124902718,1.794866599913017
124902723,0.7443192457157815
124902727,0.0
124902739,0.1283187873796772
124902752,0.0362629122582597
124902762,0.0
124902769,0.6720233312132253
124902771,0.2771037895233045
124902803,0.1157254490155959
124902809,0.0
124902814,0.5526304828167481
124902815,0.0
124902819,0.0
124902824,1.21049762427055
124902825,0.0
124902826,0.0
124902827,0.0
124902828,0.0
124902847,0.0
124902860,1.0216181653986942
124902888,0.0
124902897,0.0
124902904,0.1220462241655084
124902923,0.0
124902940,0.0
124902947,0.0803533557144177
124902964,0.0324653828330247
124902988,0.0
124902995,0.0852580403731478
124903002,0.0
124903026,0.0
124903031,0.7790337496816259
124903037,0.0
124903074,0.0
124903092,0.0
124903094,0.0
124903098,0.0
124903099,0.0
124903100,0.3732337282394972
124903101,0.0
124903183,0.0646929135332517
124903185,0.0
124903233,0.0
124903236,0.0
124903254,0.0
124903255,0.0
124903256,0.0
124903257,0.0
124903275,0.0
124903317,0.061215604083323
124903324,0.0
124903342,0.184705774775147
124903372,0.0041525986866217
124903386,0.0771307503330335
124903387,0.0
124903398,0.4892387561825916
124903413,0.0
124903416,0.0
124903417,0.0
124903418,0.0
124903419,0.0
124903420,0.0
124903421,0.0
124903422,0.0
124903423,0.0
124903435,0.1786864032253949
124903436,0.3248529526034982
124903437,0.0
124903478,0.0
124903523,0.0
124903525,0.2928148227845346
124903564,0.3227577907068129
124903567,0.0
124903574,0.0
124903585,0.0126025784990239
124903587,0.0
124903590,0.0
124903592,0.0
124903594,0.4591519479514422
124903595,0.0
124903615,0.0
124903619,0.0
124903624,1.50648416360229
124903629,1.4016855113480606
124903639,0.0
124903658,0.0
124903659,0.1259945652633729
124903667,0.8040987852581473
124903670,0.2896102007349427
124903732,0.0352652184723042
124903750,0.0
124903753,0.0
124903770,0.1108160684965277
124903780,0.0
124903784,0.3377174543308366
124903808,0.0
124903809,0.0
124903824,0.3510446801118828
124903825,0.0
124903852,0.0246165431357565
124903859,0.0
124903871,0.0
124903883,0.530207568554897
124903889,0.035464851664874
124903903,0.0
124903916,0.0
124903925,0.0
124903931,0.1080759571659009
124903940,0.057140405596366
124903956,1.5601585304847152
124903957,0.4047819776906567
124904023,0.0
124904027,0.0
124904039,0.8683244082941425
124904048,0.5757648630317661
124904072,0.0
124904076,0.0177140457770852
124904108,0.0
124904114,0.0
124904115,0.465083235124783
124904116,0.0
124904117,0.0
124904135,0.0
124904136,0.0
124904137,0.0
124904138,0.0
124904139,0.0
124904140,0.0
124904141,0.0
124904142,0.0
124904143,0.0
124904144,0.0
124904145,0.0
124904146,0.0
124904151,0.0
124904152,0.752823896988401
124904153,0.0
124904154,0.0
124904219,0.0344662129356738
124904242,0.0
124904256,0.0
124904288,0.0
124904332,0.0
124904351,0.0302589788495971
124904358,0.0
124904362,0.6679416750088943
124904363,0.0
124904380,0.4701623632416249
124904381,0.0
124904382,0.0
124904403,0.0
124904411,0.2036385443040874
124904434,1.1867021105342004
124904441,0.0
124904471,0.0
124904478,0.0
124904498,0.0
124904503,1.1963945837057517
124904522,0.0
124904530,0.1060607473296442
124904535,0.3052170685540204
124904542,0.3405928297090988
124904544,0.0
124904546,0.0
124904553,0.7276964733841322
124904559,0.1801954562545614
124904576,0.0152643844692303
124904580,0.0
124904582,0.0
124904585,0.0
124904601,0.0
124904611,0.0
124904613,0.0
124904616,0.0
124904619,0.0
124904621,0.8548004717582419
124904624,0.0
124904631,0.0
124904634,0.0
124904640,0.0
124904641,0.0
124904642,0.4181026121442722
124904666,0.0
124904668,0.0
124904669,0.0
124904671,0.0
124904682,0.0
124904686,0.3298582626860887
124904687,0.0
124904695,0.3188315609238258
124904701,0.2897561510938904
124904706,0.0
124904710,0.0
124904715,0.0
124904721,0.0
124904732,0.0
124904756,0.0
124904767,0.0
124904769,0.0
124904778,0.0
124904784,0.1682135228864451
124904795,0.0
124904802,0.0
124904806,0.0
124904808,0.2662014012677841
124904809,0.0
124904812,0.0
124904813,0.0
124904863,0.0
124904880,0.0
124904882,0.4181026121442722
124904917,0.3519878191240783
124904963,0.0
124904965,0.0933066477599419
124904972,0.0
124904974,0.0
124904975,0.0
124904983,0.0
124904984,0.0
124904986,0.0
124905012,0.0
124905013,0.0698819152678692
124905014,0.2504037178358816
124905040,0.0183253569229505
124905061,0.0
124905065,0.0
124905067,0.0
124905068,0.0
124905069,0.0
124905092,0.0691152046135907
124905119,0.0
124905134,1.1664863600558208
124905142,0.0
124905143,0.0
124905150,0.0
124905166,0.0
124905168,0.0
124905169,0.0
124905170,0.0
124905171,0.0
124905172,0.0
124905173,0.0
124905174,0.0
124905176,0.0
124905179,0.015877463426456
124905218,0.0816766944344988
124905221,0.0
124905237,0.0
124905258,0.0
124905265,0.0
124905266,0.0
124905267,0.0
124905268,0.4599688733915179
124905269,0.0
124905270,0.0
124905271,0.0
124905290,0.0
124905291,0.0
124905292,0.0
124905293,0.0
124905313,0.0
124905349,0.1242022158771549
124905527,0.0
124905594,0.0
124905716,0.4385503245729024
124905951,0.0
124905956,0.1088075433050862
124906002,0.0
124906013,0.3404561507267515
124906033,0.4781712195300542
124906080,0.0
124906135,0.0
124906140,0.0
124906141,0.0
124906142,0.0
124906143,0.0
124906144,0.0
124906145,0.0
124906146,0.0
124906147,0.0
124906148,0.0
124906189,0.0
124906194,0.3248529526034982
124906195,0.1765016753129527
124906196,0.0
124906201,0.0
124906209,0.950423013561136
124906232,0.0508922379282558
124906237,0.052263005646635
124906280,0.1131834935159202
124906284,0.0
124906339,0.3832507283333926
124906340,0.0
124906343,0.0
124906345,0.0
124906346,0.0
124906347,0.0
124906348,0.3351066276827368
124906350,0.0
124906377,0.0
124906378,0.0
124906379,0.0
124906380,0.0
124906381,0.0
124906382,0.0
124906495,0.0350655380227658
124906551,0.0
124906598,0.0
124906683,0.0
124906685,0.0
124906712,0.2038012369269854
124906839,0.0
124906859,0.1610413402968344
124906892,0.074848442848116
124907582,0.0
124907725,0.1959545645915504
124907726,0.4714266897038167
124907748,0.0
124907760,0.1683835190067455
124907871,0.0166942133416963
124907878,0.0402419221072167
124907879,0.2973081984128339
124907880,0.0586952005206574
124907890,0.0
124907913,0.0
124907968,0.0
124907978,0.0
124907995,0.0
124907998,0.0
124908005,0.0
124908011,0.0280467968559265
124908058,0.0
124908063,0.0126025784990239
124908064,0.3754566706338884
124909376,0.2375654303383231
124909383,0.0
124909384,0.1288542131717881
124909396,0.445956941528477
124909397,0.0132175827499873
124909401,0.0
124909423,0.1989060560900838
124909425,0.0
124909426,0.2672534170449826
124909439,0.114818507485862
124909446,0.0
124909475,0.1202452363628534
124909496,0.0
124912,0.0
124923,0.6777142956844485
124925,0.0256268862991105
124930,1.214210645004008
124935,1.683867351943705
124936,2.382990251486978
124944,0.3536019300948766
124961,1.8376490572525104
124975,2.2727168746128825
124976,1.8716699126973944
124989,0.7888549597865797
124995,2.4873688742479345
124997,1.67565988328067
125,1.6461209072554563
125050,0.0
125058,2.146998425671011
125061,2.149870727159801
125078041,0.0
125078044,0.0
125111,0.5804212872334236
125113,0.7104064084060709
125115,0.512078892738641
125144,2.6547488675181157
125150,2.114562619001749
125170,2.0064303377848764
125177372,0.0
125177373,0.1744797530975475
125177374,0.2712980584208171
125177376,0.98434531117767
125206,0.0453866897349848
125208,2.1444192328250775
125228,1.6587072538789125
125336,0.1215063417494183
125467750,0.0
125476,1.3755897738754663
125488,1.7688239956157996
125704,0.328054533004933
125775238,0.1961188209270054
125775239,0.0
125775240,0.0
125775241,0.0
125775243,0.0298571944893556
1258,0.0946095302476571
125875,0.5641400268502366
125893,1.728308453524044
1259,1.2672845557661052
125919,1.609820015916462
125931,0.1272468869287004
125950,1.6190667547795865
125958,0.0
125962,0.0
125963,0.0
125965,0.6740119185408197
125972,0.0
125981,0.1386088924011609
125988,2.4189150037740452
125997,0.0
126,1.332354046016769
1260,0.0
126003,0.3469894506890091
126006,0.9963465932309914
126014,1.077993621974506
126017,1.398190528998246
126037,1.1720158417975162
126068,1.8565037123141743
126069,1.1236671227837385
126070,1.5777790814250237
126074,1.5403161591032226
126075,1.7927498723901836
1261,0.3168609479248995
126119,1.8163457217475496
126123,0.0
126129,0.8657458124149134
126133,1.665585378939037
126147,0.7893639968293955
126170,0.2363169510329401
1262,0.3306893323448751
126204,0.265147976990959
126205,0.1855382605489196
126206,0.2527018377567929
126208,1.5973037530567826
126231,0.7730997529864704
126235,0.0
126248,0.9172108138803176
126259,0.0654636900743731
126272,1.009704033348859
126282,1.2869727374975586
126295,0.2256249613852226
126298,1.7988862846051257
126299,1.347121464317875
1263,2.3038095669090684
126306,0.1601832752529271
126308,2.264370081028646
126321,1.8158309085962936
126326,1.087904816431586
126328,1.021467550597674
126353,1.6697432434946489
126364,1.0449989653001888
126370,0.0
126374,1.213599530081234
126375,1.408604334558514
126382,2.118255701062338
126393,1.045433227435353
1264,3.005671035268266
126402,0.0
126410,2.1357577122045113
126432,1.3266672302321103
126433,1.5347951116705
1265,2.7901404064131072
126520,0.0625696085978943
126526,1.6863477721900424
126536,0.0
126541,0.0
126549,0.1636101126354953
126567,0.2078578621979574
126568844,0.9453797163620904
126568847,0.0758001637739616
126568848,0.0
126568849,0.0617961599388916
126581,0.0
1266,2.9511497084410467
126626,1.5555658148913225
126637,0.0236049920866109
126638,0.0
126661,1.0251218031624318
126668,0.8323327336077455
126669,1.3367794887713866
126695,2.374331374560514
1267,2.2917750046428216
126731,1.644355070435925
126755,0.0938652766473933
126767,0.0
126789,1.374632808315147
126792,2.1475390313823124
1268,0.8102530336965772
126811,0.0
126820,0.3298582626860887
126823,1.8202683503217656
126859,0.0346660352741282
126868,0.0260306859239784
1269,0.0242120678044732
126917,2.521066837400092
126961,0.0
126969,2.1203961535115448
127,0.6618172839628073
1270,0.7937110455374492
127002,1.0856567520709095
127003,0.2674035902259319
127018,1.927717705858291
127059,0.0
127062,0.0
127064,0.0
127066,0.0
127068,0.0
127069,0.0
127074,0.0400434172142254
127077,0.0
127086,0.0
127099,0.0
1271,1.4250898640168277
127124,0.0
127138859,0.0
127138860,0.288733925393611
127138861,0.509249145046031
127138862,1.2562169221728143
127138863,0.9066435459844396
127138864,0.0
127138865,1.286249263875127
127138867,0.0342663432615378
127138868,1.0921524081537228
1272,1.933848461455615
127247,0.0
127253,2.128432920885017
127254,0.8563756144178305
127255,0.3997410476776342
127262,2.7390740509384663
127281,2.2036937235676772
127294,0.8120810089459634
127343,0.041431969987866
127379681,0.4158782385397301
127379682,0.0
127379683,0.0
127379685,0.2388119493839321
127379686,0.0
127379687,0.0
127379688,0.0
127379689,0.0
127379691,0.0
127379692,0.0
127379693,0.8784089036678792
127379694,0.0
127379695,0.0
127379696,1.2506981760357427
127379697,0.0
127379698,0.0
127379699,0.0
127379701,0.0
127379703,0.0
127379704,0.0
127379705,0.0
127379706,0.0
127379708,0.0
127379709,0.0
127379711,0.0
127379712,0.0
127379713,0.0
127379714,0.0
127379715,0.0264342928541542
127379721,0.0
127379725,0.0
127379726,0.0
127379728,0.0
127379729,0.0
127379730,0.0
127379732,0.0
127379733,0.0
127379734,0.0
127379736,0.0
127379740,0.0
127379741,0.4558751848662594
127379742,0.0
127379743,0.0
127379744,0.0
127379745,0.0
127379746,0.0
127379747,0.0
127379748,0.0
127379749,0.0
127379754,0.0
127379755,0.0
127379757,0.0
127385,0.0
127391,0.0
127396,1.2949909763112566
127406,0.046963386855558
127428,1.1499688683392857
127435,1.9639197390532748
127460871,0.0
127460872,0.0
127460873,0.0
127460874,0.0861979419229091
127460876,0.0
127460877,0.0
127460878,0.0
127460880,0.0
127460881,0.0
127460882,0.0
127460883,0.0
127460885,0.1896878480350211
127460886,0.0
127481,0.0
127482536,0.0
127482537,0.0
127482538,0.0
127482540,0.0
127482543,0.0
127482545,0.0
127482546,0.0
127482547,0.0
127495,0.5754666039400431
127525787,0.3844129576717742
127525788,0.0
127525789,0.0
127525790,0.7668111362092798
127525791,0.0
127525792,0.0
127525793,0.0
127525794,0.0
127525795,0.0
127525796,0.0
127534,0.1113630007312303
127540,0.0
127544,2.2717266248957344
127545,0.0780798702999492
127550,0.0410354741801234
127566421,0.0
127566423,0.0
127566424,0.0
127566425,0.0
127566426,0.0
127566427,0.0
127566429,0.0
127566430,0.0
127579,1.1324586816236306
127602,0.591395528274822
127608,0.0662337567877756
127617,0.0280467968559265
127623,0.0199533676763937
127665,0.3724476055343745
127670,0.2336573991124095
127687,2.124518378233849
1277,2.621231678027512
127700,1.9924858563694616
127703,2.063608904009836
127707,2.1978506094299153
127731,0.0833750437052461
127733,1.9923996164267963
127748585,0.1084418312612436
127795,0.0097266548872287
1278,2.619840752875606
127814295,0.5225396056888886
127814297,0.0
127829,2.5484561800619328
127833,0.2621304026705514
127841,0.0
127845,1.877346130042264
127882475,0.0
127898561,0.0
127933,2.431980613471278
127943,0.5614067878966693
128,2.6223798898145847
1280,1.1069747210291605
128025,0.0173062599854029
128031833,0.0
128031834,0.0
128031835,0.0
128031836,0.0
128031837,0.0
128061,1.367155556428992
128071539,0.0
128071540,0.0465694896604753
128071543,0.0
128071544,0.0
128071545,0.0
128071547,0.0
128077,2.0411433631732736
128092246,0.0
128092247,0.0
128092248,0.0
128092249,0.0
128092250,0.0
128092251,0.0
128092252,0.0
128092253,0.0
1281,2.7106631122537252
128125814,0.0
128125816,0.0
128125817,0.0
128125818,0.0
128125822,0.0528497930137067
128136,0.0
128153,0.6926624959080744
128178,1.8728474031770048
128193286,0.0
128193289,1.903087968707716
128193290,2.975232942237941
1282,1.9572134902504232
128209,0.1827042983389634
128218,2.2852402501800007
128229,0.2338140899857443
128239,0.5216825633504433
128240,2.678953456535055
128266842,0.0
128266843,0.0
128266846,0.0181216355189445
128272,1.9731087856793148
128308,2.2793388347324472
128312,0.5816052749646541
128322,0.0
128338,2.4139488100409277
128344,1.7934022995744094
128346,1.6743200704109389
128360,0.0
128366,0.0
128367,0.0
128368,0.0
128370,0.0
128371,0.0
128372,0.0
128385369,0.2024987713287518
128385372,0.0493229014588557
128385375,0.0
128385376,0.1336573840641972
128385377,0.1515524834278699
128387,1.7143251838876594
1284,2.125094142167537
128408,0.0
128414,0.0326656794165476
128434,0.3089279848405443
128439,1.5952043587419602
128486,1.8522785817811385
128488,0.0538268611423806
128497,0.9303482608561374
1285,0.3862173323295896
128500,0.2270483524983386
128506,0.0
128553,2.1265803465913766
128580,0.9737346656573128
1286,0.5031166083304995
128602,0.0
128611,0.1673630074226078
128615,0.3212177200696997
128637,2.2998154719010673
128646,0.0506962311574882
128653,0.0
128667224,1.2831556533838435
128667226,0.2339707499754988
128667229,0.1361368806434324
128668,0.0
128674,0.009520858735307
128676,0.0
1287,2.0950102511800206
128706665,0.0
128706666,0.0
128709,0.1649768100240471
128710,1.6576271961756717
128718,0.0
128756,0.0
128760,0.6807131380640379
128770,0.0
128790,0.0
1288,1.6568711033463177
128817,0.112455778548313
128821,0.1157254490155959
128822,1.1347391188923983
128826,0.0
128853,1.0099599993492416
128859,0.0
128861,0.0
128862,0.0
128864,0.1012779001967963
128866,2.936953138005832
128869,2.056617274437812
128876,0.0652710625303166
1289,1.6135539926749112
128954,0.1178980435863406
128966558,0.0
128966594,0.0
128966682,0.0
128977,1.883521676855584
128989,1.0687933817174449
128997,0.0
1290,1.740865242150477
129025,0.0
129049,1.3313430419635928
129080,1.6498281070170209
129099,0.0
1291,2.642504034086373
129138,1.9856125701709255
1292,2.6857139103183383
129285,2.0478390515557985
129293,0.172283623174845
1293,2.0139786145568443
129303,2.0490462547107424
1294,1.6429343959648484
129401,1.8609354295759224
129446,0.0
129450,1.0997208160836685
1295,1.4773335581425715
129521,0.0
129530,0.9812941705142656
129531,1.7506633512390732
129560,0.0
129563,1.4788503199503762
1296,2.342533601758038
129607,0.9050672555206134
129642,2.037072408734595
129656,0.0225922306114602
129684,0.0
129685,1.5776381620211362
1297,0.1033047896802982
129787,1.829204020378962
1298,1.850462578402353
129804,1.3226554843668743
129807,0.0191397532419228
129810495,0.6173564174712305
129810498,0.0
129810500,1.2538156257228463
129810502,1.570394738492574
129810503,0.0
129831,1.5322819880123044
129841,0.0
129852,0.4825956944480629
129868,0.0
129870,0.0
129880,1.3665613260347635
129881,0.8148832887750573
1299,0.6967665028250085
13,0.2289422589237593
130,0.1756598215993468
1300,0.5080486162390175
130013,0.4680887694584253
130026,0.7241775779413865
130074,2.6432242574673017
130075,0.0
1301,0.2919421389692491
130106,0.0786488237171767
130120,0.0
130132,0.8428618911257286
130162,1.153903573355471
130195,0.0
1302,0.3274986896152399
130271,1.428548430261337
1303,2.1906533796599974
130340,0.9534068528318312
130355,1.9764422991874104
130367,1.549546821849726
130399,0.2896102007349427
130429,0.0
130453475,0.0
130497,2.0850428025993
1305,0.2628858809535586
130502,1.7091413155221018
130507,2.056634065298166
130535,1.9698448439246805
130540,0.3527953001618497
130557,1.7618268454985784
130560,0.0
130572099,0.0
130574,2.219088853289124
130576,1.9920013346937375
130589,1.953549091515844
1306,2.3466959701657837
130612,1.2617789917071387
130617,2.0648755103312983
1307,2.0922314502514423
130700,0.0
130728,0.1582923385912082
130733,1.718713089636243
130749,0.5523223787341425
130752,1.0604352503387913
130773,0.0
1308,2.8779601497100544
130813,0.4730326961733743
130814,2.418270113895022
130827,1.2372551414448916
130865,0.0
130888,1.6637770179352902
130916,1.6438820042242392
130932198,0.0
130932201,0.2531606609068825
130940,1.072444729377811
130951,0.5703769369515354
131,0.3362070031462806
1310,0.0530452976713926
131034,0.1184402978192798
131054,0.0
131076,2.023537942075807
131096,1.1315439571076722
1311,1.3027075362110967
131118,2.121841044115065
131149,0.0
131177,1.1725580751892264
131183827,0.0
131185,0.0
1312,2.332382173388611
131368,0.1243816268565123
131375,0.0805425329522405
131377,0.0
1314,2.6672701093603486
131405,0.0146508621545966
131408,1.482407147452059
131450,0.3247134518098527
131474,2.0528255701109126
1315,2.6444704504830736
131540,0.1606982229626605
131544,1.4470870240644973
131566,1.897822918707485
131578,1.04808016806005
131583,1.8188898895068897
1316,2.725784450029893
131601,1.9768086214739664
131616,1.8177838439907084
131669,0.0123974780415539
131675794,0.0215782561623971
1317,2.3789387556957773
1318,0.2268903234648771
131831,0.1852053693049191
131840634,0.7144046687264961
131870,2.1049035831009917
131873,0.812291599190769
131890,0.0132175827499873
131920,0.0
131965,1.4861516088026778
131973,0.0
132,2.081915191039496
132001,1.3298083824770026
132014,1.960671052347481
132112,0.0
132141,0.0546076972506679
132158,0.6176374597668
132160,2.0787817571959017
132200,0.4794218528220889
132203,0.2324027590350898
132204,0.031262604438497
132228,0.0
132243,0.0
132243159,0.0
132299,2.306996161978573
132320,0.9584408606119468
132321,1.5300672933288226
132332,0.0140368959186701
132391,0.0
132430,0.8430626972829608
1325,0.4290047652446949
132532400,0.0
132542979,0.0
132542980,0.0880745620036581
132542981,0.0
132542983,0.0
132542984,0.0
132565736,0.0
1326,1.979438694839472
132612,0.0
132625,0.0
132660,1.50381890804887
132671,1.780697245164053
1327,2.768277980043534
132719,0.0
132720,2.1770028165155932
132724,0.0
132789,1.8197583384464944
132851,0.6793438704534895
132864,1.8734752053291692
132884,1.3480744910943614
1329,2.654288735643446
132946,0.7577225196065144
132949,1.8636708093045593
132954,0.0
132989,0.09839267477650035
133,1.4046801722126108
133015,1.552937232855222
133022,1.7965847547492206
133039958,0.0
133039959,0.0
133039961,0.0
133039962,0.0
133039963,0.0
133039964,0.0
133039969,0.0
133039970,0.3422310834944084
133039974,0.0
133060,0.0
1331,0.0
133121,0.6773707320783453
133150,0.0
133308,1.131918339196183
133332,0.0
133383,1.7312808850583967
133395143,0.0
133395144,0.0
133395146,0.085634128532859
133395147,0.0
133395148,0.0
133395149,0.0109603861112779
133396,0.0134224851965348
133418,1.9753551167718688
133482,0.0
133491,0.04578114125236
133522,0.7464943808482034
133558,0.0278454019696254
133569,0.0
133584,1.7136984883576956
133619,2.2511317822638524
133629,0.2730890153463308
133686,2.147308066933687
133688,0.0346660352741282
133690,0.4067889332513551
1337,2.234067245588839
133746,1.864431988189811
133748,0.0526542428027862
133790,0.1697422064994797
133874,0.0266360241092229
1339,0.0
133923,0.2779931777239645
133957,1.6593865165036932
134,1.7180408687839457
1340,2.878011475986918
134006662,0.6883645252290381
134082,0.0
134083,0.0
134111,0.7099970892524007
134121,1.131419108680339
134145,1.74069329658169
134147,2.3401431651348883
134187,0.0051875911285856
134218,1.9751470270605664
134265,1.2981094829612263
134266,1.8694223701309016
134285,0.1274256342200705
134288,0.0
134353,1.3887260610049623
134359,1.772502851342041
134391,0.0
134429,0.7060549708273669
134430,2.048623320058143
134490,0.0
134492,1.6522928716061334
1345,2.5033693909312493
134505,0.2279958687871773
134510,2.3921920937510164
134526,0.0673875284399155
134548,1.2962591021656436
134549,1.6771375837928777
134553,2.307181360479728
1346,2.510598161005694
134637,1.1698416733449089
1347,2.618066867117812
134701,0.0203598820990786
134728,1.3416500912245442
134756,0.0
134829,0.0555827213422205
134860,0.0
134864,0.0
1349,2.5049927465388007
134957,1.5832596258169789
135,0.0101380977223869
1350,2.890599554470677
1351,2.781552780396177
135112,2.3230552684799854
135114,2.437778628455166
135138,1.2021155363191112
135152,0.1653181252039118
135154,2.0254467110420715
1352,1.4804702501998606
135228,1.666036338715394
135250,0.4501056910371862
135293,2.1077725065672213
135295,0.4846287880128685
1353,1.9455997837107863
135398,1.1240888362022228
135458,0.4177323415203641
1355,2.163075883267433
1356,1.5182998800150558
135644,0.0
135656,0.0
1357,0.5106653978299407
1358,0.1531127924617492
135886,0.043016088629042
135892,0.0338664618273812
1359,0.9768778326349692
135924,0.0
135927,0.4236348052349767
135932,1.5452651578835972
135935,0.0
135941,0.0378567710724885
135942,0.0465694896604753
135946,0.0082850342053478
135948,0.0
136,1.6713985717938942
1360,2.301221602314212
136051,1.680402465995563
1361,0.0191397532419228
136157,0.0
1362,2.331706468202973
136227,0.308785584733161
136242,0.0916285002418245
136259,0.0590834488965626
136263,0.0
136288,0.0187326529005272
1363,2.662451207345045
136306,0.4645038400483839
136319,2.76132388701414
136332,0.4647356527155944
136371,0.0
1364,2.8093017474717397
1365,2.6473088626276033
136541,0.0
1366,2.5833883809742466
136647,1.585776995054661
1368,1.0842134342105174
136853,0.5128388663575475
136895,1.2581767696176651
1369,0.0
136991,0.0
1370,0.0140368959186701
137012,0.3373058071621018
137075,1.7008261508491938
1371,1.7503991552435565
137107,0.0
137196,0.0033236975274522
137209,1.140585079242785
1373,1.1618893162640445
137362,0.0
137392,1.3554157746397968
1374,2.2921429762777974
137492,1.856214035605012
1375,0.1263525663569857
1376,1.1032280092427826
137682,1.6155234403447332
137695,1.5693380070268734
137735,0.0306605722017031
137797,0.1340120576228596
1378,0.1806978483933106
137805484,0.0
137805493,0.4092901167367211
137814,0.0
137835,1.491050914475033
137868,0.0565566131007352
137872,0.894415243207556
137886,2.1693190773854
1379,0.0154687933557568
137902,0.1835388500322361
137933868,0.0
137964,2.109569239257275
137970,0.0274424681999785
137994,0.7076181401318046
1380,0.3410027208275318
138009,0.0
138046,0.0
138050,2.4087884620955613
138065,1.1187099613129687
1381,2.210887991816093
138151,1.7856722220550147
138159,0.0
138162,1.4809013319092463
138199,1.9017781563359069
1382,3.169802014583481
138234,0.08431707500591
138240,0.0
138241,1.4520675260298466
138255,0.0
138307,0.0
138311,0.9427568377818664
1384,2.2085992606742644
138428,0.051284114267885
138429,0.9869028781277496
138474,0.0068409645610921
1385,2.031379304981814
1386,2.2555478415128167
138639,1.1389854486387236
138652,0.0
1387,2.2135762465112094
138715,0.7069604035245971
138716,2.489822112122992
138724,0.0111658338983268
138799,0.0
1388,2.5679006340020747
138802,0.0
138803,0.0
138804,0.0
138805,0.0
138842257,0.0723688738166034
138842259,0.0128076294222381
138842260,0.0436093653522559
138842261,1.589862671433012
138842262,0.1317039313972478
138842265,0.0232000328901817
138842266,0.2853657372489276
138842268,0.0
138842269,0.0687315852068485
138864,0.0
138881,0.2385005031018857
138882,0.0
138883,0.0
1389,2.615200706524959
138948,0.5371656111364315
138971,0.0
1390,1.604444880431371
139060,0.0
139065,0.5345378935351073
139067,0.0
139081,0.2179903285816389
139105,0.0
139135,0.0
139170,0.0128076294222381
139189,0.0
139198561,0.6105773157417858
1392,0.0643072587180317
139212,0.0
139221,1.1993177701035764
139225793,0.1820360353720198
139231,2.2458909739950927
139281638,0.0921882600032804
139281640,0.0
139281641,0.0
139281643,0.0350655380227658
139281645,0.0
139281648,0.2011941885601803
139281650,0.0
139281654,0.0
139281663,0.6367609283011315
139281666,0.0
139281668,0.0
139285,1.1325833036538786
1393,0.4350604506089697
139322,1.910367828521308
139324,0.887774311584308
139341,2.3343257065173395
139355198,0.4680887694584253
139355203,0.0
139355210,0.031262604438497
139355214,0.0
139355215,0.2377213523100385
139355216,1.475420119457289
139355217,0.0
139355220,0.4764623692625881
139355222,0.0130126308322217
139355228,0.0
139355230,0.0
139355231,0.4413065618462461
139355238,0.4135231053081815
139355239,0.0
139355241,0.0
139378,0.0
1394,0.0130126308322217
139411,1.3219495452842744
139420,0.0
139422,0.0217811482126814
139425,0.0
139432815,0.0884493778801894
139452,0.0942374869521354
1395,0.2259414903600505
139562,0.0
139596,1.8261495135644672
139599,0.1862036312220281
1396,0.6850594520683956
139604,0.0
139628,0.0
139629,0.0
139637961,0.0
139637965,0.0
1397,2.660865410936527
139716,0.9374774891081148
139728,0.3636136275317336
139735,0.2581901983896828
139741,0.0
139748,0.0
139760,0.0
139793,0.0
1398,2.55468627262778
139804,0.0
139818,1.4519304831364754
139886,1.6170476490851955
1399,2.522320561004249
139952,0.0
14,2.6605431740831555
140,1.089965411304063
1400,1.553660616581338
140032,0.0
1401,0.1375503727556631
140100,0.0
140101,0.0
140258,0.0
140290,0.0575293748341413
1404,0.0602471155158791
140432,0.0306605722017031
140453,0.0
140456,0.0
140458,0.0
140459,2.0101282012642003
140460,1.8353056260089693
140461,2.2527280177550413
140462,1.140544119025205
140464,0.0
140465,1.9991795816685785
140467,2.338026879981073
140469,0.211088440665768
140545,0.595950472802396
140564,0.1548429716536619
140576,3.002987071974739
140577504,0.200050937148015
140577505,0.0348658102965977
140577506,0.7327821747699373
140577507,0.0
140577508,0.3835091556517567
140577509,0.3593580110842576
140577510,0.0727508259833435
140578,1.0315746149317475
140596,0.0
140597,1.3734074293465215
1406,0.0070474104382352
140606,2.429881757221786
140609,2.304924583830718
140612,1.4703397143748365
140625,0.0
140628,0.0162859366995967
140660,0.0
140679,0.0166942133416963
140680,2.212840251286303
140683,0.0
140685,1.0913945839891757
140686,0.6924944582244335
140687,0.2024987713287518
140688,1.9110951219573904
140689,0.508921924834691
140690,0.0
140691,1.61779170811933
140696,0.1393138122542398
140697,0.0
140699,0.7191068953470723
1407,2.1333312565106506
140700,1.701095098710426
140701,0.0
140706,1.165663999575001
140707,1.7240286220442642
140710,2.097502688279491
140711,0.0803533557144177
140713,0.0
140714,0.0897599029245919
140715,0.0
140716,0.0
140730,0.8475975566312697
140731,0.0404403802309502
140732,0.0
140733,0.8098304634209943
140735,2.5508295600066435
140738,1.3707870975268308
140739,1.498693575931101
140748,0.0
140749,0.0
140752,0.0876995769262763
140753,0.2863923752026195
140754,0.0
140755,0.0
140756,0.3094973241578156
140758,0.5469607303095628
140759,0.0
140760,1.140666990858718
140761,0.0
140766,0.0524586470199822
140767,0.0506962311574882
140771,0.0150599263207783
140775,2.108220096244158
1408,2.2884791752032325
140801,0.1045920467791873
140803,0.4901348847807807
140807,0.0579181636361618
140809,0.0
140823,2.5930978421071513
140825,0.229730058806874
140828,0.0
140831,1.591353564258938
140832,0.0
140834,0.0246165431357565
140836,0.0610219959658159
140838,1.5372951339924232
140848,0.041828279182458
140850,0.0
140851,0.3815687992175671
140856,0.0
140857,0.0
140862,2.4454611363423924
140870,0.2383447341173207
140873,0.0
140875,0.0702650067990862
140876,0.6917377747430666
140880,0.0
140881,0.0
140883,0.3864747494427827
140885,2.4419882440451057
140886,0.7505922767532284
140890,1.841909643425902
140893,1.3072359543243568
140894,0.0972091680864421
140895,0.0
1409,0.0
140901,2.1262706504759725
140902,0.0
140909,0.0
140913,0.0
140921,0.0671953437318986
140947,0.0
141,1.8425382046085577
1410,2.851017838103187
1411,0.1014623682252616
1412,0.057140405596366
1413,0.051479983874231
141374963,0.0
1414,0.4040279867096877
1415,0.247021015259454
1417,0.6050682770956669
1418,0.0
1419,0.0
142,2.067781578630591
1420,0.0
1421,0.0
1424,0.0
142678,1.2107507555834711
142679,1.2905443006314192
142680,0.0884493778801894
142683,0.0
142684,0.5186748926034581
142685,0.0173062599854029
142686,0.4090403726974694
142689,0.5284044099823861
1427,1.2328965353415344
1428,0.4136472442534319
142827,0.0590834488965626
142891,1.9305656607237065
1429,2.438733096954521
142910,0.163439113617829
142940,2.175211436862625
143,2.39776354758694
143098,2.2114505426905575
1431,2.510932743309293
143162,0.1334799897055372
143187,1.552008205242161
1432,2.2453137981324303
143241,0.0
143244,0.1806978483933106
143279,1.460603545035669
143282,0.9538559911358712
143341,0.4102882633523751
143379,0.6619051604507309
143384,2.1506834220314217
1434,2.5845676292227746
143425,1.1857575875489426
143458,2.3416441752061044
143471,0.1066108377458085
143496,0.0374585887741673
1435,2.251383307081961
143501,0.0
143502,0.0064279224007442
143503,0.200214358457645
143506,0.0
143570,1.0403956193416244
1436,2.132241450475809
143630,0.7819808357197465
143662,2.212786071493764
143678,0.154670119035868
143684,1.6837695254195837
143686,2.26398848206807
143689,0.8092666095743325
1437,0.0528497930137067
1438,0.5545493398300212
143872,1.2333131365134795
143879,1.4459323609707009
143884,2.1476958270892883
143888,2.089082986338662
1439,1.2727668967208612
143903,2.001266235105941
143941,1.3496403977419746
144,0.0140368959186701
1440,0.2491753170632973
144097,1.829154126541034
1441,1.3877413870541588
144100,1.756328577809107
144108,2.161039802851398
144110,1.8729640681357975
144124,0.0
144125,0.0
144132,0.7606140791632702
144165,0.8050220845193654
144193,0.7762959096605132
144195,0.0227948798627598
1442,0.0
144203,0.5252113314448094
144233,1.3617827775727434
144245,1.4128442094805884
1443,0.0
144321,0.9448674193984864
144347,1.762306229524266
144348,2.6272490766190546
144360,0.0
144363,2.201001443846423
1444,0.0
144402,1.2900757167858374
144404,1.3322097358795315
144406,0.2367853608332744
144423,0.4385503245729024
144448,0.0897599029245919
144453,0.1003549427233438
144455,0.2155894543456707
144481,1.042289730789754
144486,0.6995996840481663
1445,2.1797761098542896
144501,2.2538594369905476
144535,0.2107659687066258
144568,0.1484228777959074
144571,0.7703371350371612
144577,1.416142084867998
144581,2.089533701447255
1446,0.0
144608,0.9913000938181772
144699,1.90552930489462
1447,0.0394476217259577
144715,0.4910299161724296
144717,1.778306045326341
144742,0.0
144766,0.0
144776,0.0
1448,0.614445681934327
144809,0.0128076294222381
144811,1.4258123588812128
144817,0.0
144983,1.7290282238372578
145173,1.612459851212367
145195,0.0358639763576893
1452,2.3800958064187023
145200,0.4897989652617399
145216,0.0986910213962365
145226,0.1800279227715205
145235,0.0
145258,0.8844588448381462
145259,0.380531908022198
145264,0.1168124626568068
145270,1.7218280454453203
145282,0.8763158317104184
1453,2.286501365648782
145370,0.411036003645149
145376,1.0970322672227513
145389,1.1694136170981544
1454,2.221921179960254
145407,0.870636251658755
145447,0.1229452412768831
145482,0.5225396056888886
145483,1.9165281775485743
145497,0.0716044446446561
1455,2.1307009802922887
145501,0.0410354741801234
145508,0.9075511463032674
145553,0.0394476217259577
145567,0.6630465345587568
145581,0.5080486162390175
1456,2.1904992647497927
145624,0.0
145645,0.0
145694,0.612183865918579
1457,1.757417307133519
145741,0.4836129464704479
145748,1.5224522188110243
145767,1.441963124209733
145773,0.6683770495748502
145781,0.6551056450545139
145783,0.5274479687514931
145788,1.6562029126592566
145814,0.0
145820,0.5472711494452819
145837,0.3153090826049388
145853,1.0202109534013686
145858,0.112455778548313
145864,1.9607358600401348
145873,0.825766824621669
1459,1.6854157462706112
145942,0.0
145946,0.0
145957,0.1629259004538207
145978,0.0
146,0.1198845651997117
1460,1.516961155924743
146050,1.8000751539077342
146053,0.9382262197448616
146057,1.3269588661561689
146059,1.614319982145897
146110,0.6495815688516904
146167,0.0
146177,0.1117274208851172
146183,0.0763706752693144
146198,2.1092154550095525
1462,1.527685822017343
146206,0.2214986065228349
146212,0.0884493778801894
146223,2.353838233691466
146225,0.1687234043797212
146227,0.6328314099887317
146279,0.5700764063858177
1463,0.0123974780415539
146310,0.0837519842731955
146325,0.0
146330,1.6154909556402457
146336,0.0
146378,0.0738956344925407
146395,0.0078726930921942
1464,1.3556642303904762
146429,0.0775105280642577
146433,2.3959483746631585
146434,1.4507411963098418
146439,1.653804173478414
146456,0.7555073023993615
1465,3.0306497066044784
146512,0.0424223934120883
146513,0.0
146540,1.4497785423165856
146542,1.540392393778126
146547,0.698684359592182
146556,2.6792549721743923
146562,0.5247845186917746
1466,1.6408795864702246
146664,0.1796927515744965
146691,2.384688093858111
146705,1.0653058003977094
146712,0.8769508252115751
146713,0.0173062599854029
146722,0.8574235593871435
146723,0.0152643844692303
146754,0.652883509990897
146760,2.0548668693515877
146779,0.0
146795,0.0
1468,1.315106214956997
146802,0.3207971677744509
146822,0.2787335645114763
146845,0.2520896588262283
146849,0.114273863088368
146850,0.2572781176619668
146852,0.0614091674392234
146853,0.1796927515744965
146857,1.6708378818225718
146861,0.0
146862,0.051479983874231
146894,1.7767722365546268
1469,0.5497496731204269
146909,0.2157497372316905
146923,2.30747256266353
146956,0.2467127785855971
147,0.2155894543456707
1470,0.1080759571659009
147007,1.424076628836887
147011,0.6222118887285641
147015,0.9512689629676692
147040,2.018782243645292
147081,1.1213845088435166
147093,0.0392489295621294
1471,2.8765442988321777
147111,0.0432138940104846
147138,1.085746841096356
147179,2.234423366687376
147183,0.0
147184,2.01076105862344
147199,0.0
1472,0.583475882716164
147276,0.0168982779780871
1473,0.6078282036960866
147323,0.0666185243177208
147339,1.773300916801185
147372,0.3311045314064483
147381,0.0
1474,1.4293854781368187
147407,0.0940514026841421
147409,0.0181216355189445
147429,0.0990610707966686
147463,1.6654398117937874
147468,0.0540221383132408
147495,2.2247929388609387
1475,1.851333745425185
1476,2.502709714667824
147645,0.9417274581926968
147646,0.0567512557756906
147650,0.9394912448969436
147657,1.7556051861407265
147658,0.063149226365247
147660,0.6245342851465172
147664,0.0567512557756906
147670,0.4639239893741421
147685,1.4077820214325865
147686,1.4241249243168526
147687,1.535623486221487
147694,1.839434495076198
147699,1.0984001342516758
1477,2.120386752093375
147700,1.263357731409979
147710,0.1398421038439008
147719,0.0
147727,2.446169828807923
147741,0.068923416931643
147744,0.0
147746,0.3963192535426587
147798,2.6499449739366607
1478,1.9876800947745643
147807,1.8956312817181764
147808,1.7398940864487658
147837,1.3787404905086484
147841,0.4943765519069651
147872,0.0076664475141711
1479,1.907346485115682
147906,0.6535953720179594
147912,1.4317931805136122
147920,0.1001702276495741
147923,1.6800361759671607
147929,0.9917749916850384
147945,0.0
147948,1.1492431958565874
147949,0.8729397256075345
147965,1.6220068653593986
147968,0.3706101527949399
147991,1.764881068951573
148,0.2272063501845077
1480,0.0
148003,0.0
148014,0.0704564866776887
148022,2.14460377024467
148046,0.927485216082064
148066,0.0
1481,0.0
148103,1.185606315875676
148109,0.0696903035798559
148113,0.5043253025734872
148137,1.394645857430928
148145,0.0062213260747212
148156,1.7157189921585791
148170,1.7375494846890855
148189,0.9287722952797142
148198,0.8764428812345527
1482,0.2039638965631334
148203,1.4864712369644728
148206,1.195057395502006
148213,1.1644871175001292
148223,1.860732080915376
148229,0.4905825374804504
148231,0.0
148252,1.8228496507708756
148254,1.2798530265091117
148266,1.4320547107167438
148268,1.3776042186536122
148281,0.2091516577938769
148304,1.3429808951792093
148327,2.565918165953627
148345,0.035464851664874
148362,2.3852747304424797
148398,0.4480934830968592
148413,1.9159801214994767
148418,0.9847189602592168
148423,1.8906797338289263
148479,2.3425043194314497
1485,0.0
148523,1.2461408567279488
148534,1.1390265208471926
148545,0.0942374869521354
148581,0.022997480615535
1486,1.0721221072570095
148641,1.8241444477971729
148645,0.0700734830017112
1487,2.054489903637614
148738,0.0845053532862342
148741,1.448722070113953
148753,0.0
148756,0.0920017153720052
148789,1.5242884832686243
1488,2.1485699967813
148808,0.9612752771836404
148811,0.1906805781336168
148823,0.0873244225138922
148867,1.876315103737907
148870,0.1898533880244812
148898,0.8276887777790027
1489,2.1407215280239105
148930,0.0
148932,1.9414921461410848
148979,0.3713981761218102
1490,2.946549348642466
149013,1.3492773024281175
149018,0.0
149041,1.932682470539457
149047,0.0
149069,0.1277830120988136
149076,2.3087242109996406
149095,0.5043253025734872
1491,1.3845411281902125
149111,0.7955858507090149
149175,1.3278619126599476
149224,1.0152595546725376
149233,0.0264342928541542
149281,0.0
149297,0.5791363969557822
1493,0.5059702920090801
149345,2.17352818471918
149371,1.9443554722326803
149373,0.0
149420,1.944393009057902
149428,2.328087035570443
149461,1.8966735844401588
149465,0.6738392268106977
149466,2.189016264009799
149473,1.7596806258831594
149478,1.2665014677385336
149483,0.4317964909096636
149499,0.0625696085978943
1495,2.7926210926975408
149501,0.9034261386948792
149563,1.7460529022861826
1496,0.0056012358560772
149603,2.6580691500262836
149628,0.3863460518290937
149643,0.222452739113652
149647,0.018529029376588
149684,0.0138321417599086
149685,0.1858710144881974
149699,0.0497155105434259
1497,1.7676714587557705
149708,0.1505106155300797
149773,1.527078810736986
149775,0.1601832752529271
149830,0.0
149837,0.7356260234218235
149840,1.4701195514886911
149844,0.0
1499,2.8560093593325635
149935,0.0809207585101274
149950,0.0
149951,2.4667109054723393
149954,0.0
149986,2.279774240815148
149998,0.0933066477599419
15,0.0942374869521354
150,1.9697252525777975
1500,1.6249919699414397
150051,0.4935970408709675
150082,0.9346471957383196
150084,0.3616217619129963
150094,0.0244143296379668
1501,1.4388305709945746
150135,0.1487712053746272
150142,0.1421274322450643
150147,0.0392489295621294
150159,0.4220408132841297
150160,0.0
150165,0.0
150197,0.0394476217259577
150209,0.1850388721625969
150221,0.0
150223,1.9018700658728895
150248,0.2136635490584076
150274,2.0373495070387047
150275,2.237611701027443
150280,0.018529029376588
150290,1.023222372039602
150291,0.2443971708333719
150297,0.0207662015448037
1503,1.2150722476378166
150350,0.0138321417599086
150353,0.0949814066654706
150356,1.2962282080713177
150365,0.3076454425599115
150368,1.994879555786646
150372,0.7294490335582665
150379,0.0
150383,1.838157177046516
150384,0.7353106356896871
1504,0.0193432301006561
150465,1.4397677148560073
150468,0.1956259512388426
150472,1.3526749028948213
150483,0.2205433315744429
150538,0.1565694824896934
150568,0.0294552189612712
150572,2.164133161912509
150577,0.0126025784990239
150590,1.5260981442501165
150596,0.0175101773978301
1506,0.0
150677,0.0
150678,2.3871869589013026
150681,0.0750388739578922
150684,2.220490298778018
150696,2.565485145850335
150709,0.7681637400807481
150726,1.3715906530879582
150737,1.92577092245445
150763,0.9668501985693814
150771,1.5892443563685172
150786,0.1550157875879565
1508,2.763774837523858
150864,1.6999509421959489
1509,2.5614529811355657
150921,0.0723688738166034
150946,0.9805961501427798
150962,1.1921864921064818
150967,1.7762748234258756
150992,0.0
151,1.9724805467067703
1510,0.0583067721494003
151009,0.5206098300591449
151011,2.547100962634226
151050,1.424728227959528
151056,0.781613170483608
1511,0.805873202712395
151112,0.0
151121,0.0
151126,1.1883982448255634
151171,0.0
151174,0.0643072587180317
151176,0.0119871284396815
151188,1.790338074402183
151194,1.218077324568911
151195,1.639941113951902
1512,2.049120504538512
151230,1.5446989087820495
151242,0.0428182367483027
151246,1.1417716482174525
151254,0.1858710144881974
151258,0.3175653143704257
151278,0.0219839916622789
151295,0.2101206348407074
1513,2.1413959002541385
151306,0.3569537616059188
151313,1.991961483787957
151354,1.017992927351043
151393,1.0055937192611502
1514,2.070443960216526
151449,0.0754196057556881
151473,1.5626202212133584
151475,0.057723791780431
151477,0.3849289321797631
151484,0.0
1515,1.451564850993623
151516,1.2943092752798977
151525,2.058637910058702
151531,0.2601627623289084
151534,1.0596352626935548
151556,1.245971333435116
151613,1.882304582042697
151636,2.2871388008365425
151645,0.3832507283333926
151647,0.0635354152782802
151648,0.2718954979794535
151649,0.1985786473235092
151651,0.6254610829816507
151658,0.0
151742,1.3780008773883847
151790,0.1135471102998034
151825,0.0
151827,0.5664601003485856
151835,0.1677033206330719
151871,0.0
151877,0.4121562195115498
151887,2.1096418917858384
151888,0.1113630007312303
1519,2.544544971948887
151903,1.873017902242978
151963,1.874495560476693
151987,2.3031789681370007
152,1.0361484371043153
1520,2.137590301216891
152002,1.4141757874487333
152006,2.3552949856529115
152007,2.225555826688365
152015,1.5783775180040955
152024,0.0
152048,0.9404096430866072
152065,0.0195466581122431
152098,0.4205664151012701
1521,1.377736472179469
152100,1.0320681099595457
152110,1.8582188932601775
152118,0.0
152137,2.257135896301774
152138,0.2507105201109866
152185,0.5287229421774463
152189,2.1692289698050513
1522,2.911059848882113
152206,0.0643072587180317
152217,2.3544969496468764
152225,0.0
152273,1.6547443228767351
152274,0.0111658338983268
1523,1.896224792640546
152302,1.5440185220590856
152330,1.0880842879443149
1524,2.2770875169649294
152404,0.1949683214694214
152405,0.0
152485,1.6487266703636103
1525,2.0181750315243723
152503,2.374185677126711
152518,1.549845849990099
152519,1.5452274288367094
152559,1.358197213412686
152573,0.4345778023295284
152579,2.073285282716592
152586,0.0
152641,0.5393654994026742
152663,0.230202364696839
152687,1.7420914517334514
1527,0.0
152756,0.988761009615318
152789,0.0111658338983268
1528,2.1250709437582462
152815,1.6119854636561814
152816,0.0207662015448037
152831,0.2723432796002477
152845,0.0284494427319338
152877,0.4460757998473342
152926,1.5213431290144914
152940,0.2695030089740229
152992,1.4222864385479417
153,0.4542313418576185
153020,1.2665667684041235
153090,2.39502439823067
153129,1.2315055763384553
153163,0.052263005646635
153201,0.0296562306312831
153218,0.0358639763576893
153222,1.836219078071747
153241,1.5514685367477388
153328,0.9160189357387722
153339,2.459588502969998
153364,1.6049935136897415
153396,1.3827370873684677
1534,2.5642077689162712
153443,1.9498500730991368
153469,0.0
153478,1.3468408308836697
1535,2.1273003943807565
153527,2.772986009705681
153562,2.1136920739763507
153572,2.4891691005612007
153579,1.701753332301319
1536,2.069650502508658
153642,1.4478015763707497
153643,0.3261073269068962
153657,0.5238232669773065
153684,0.8893321962771523
1537,2.6258594933275217
153733,1.60592304608138
153743,0.0557775902066152
153745,0.0
153768,1.0077037567376494
153769,1.722776158174016
153770,0.3831214816130382
1538,0.0
153830,2.4669686887608075
1539,0.0
153910,0.0
153918,0.0
153932,0.0213753154909553
154,1.6878599082788828
1540,1.9354950581553705
154007,1.7395493584518107
154043,0.632556426711956
154064,0.1189821951149861
154075,0.1482486582226979
154091,1.3464195977255675
154092,0.0473570995805846
154141,2.358817458496193
154150,0.0
154197,0.610104099232803
154214,1.381793328145817
154215,0.1084418312612436
154288,0.0792173887819751
1543,0.0
154313,0.0348658102965977
154386,0.1853718320962182
1544,0.0
154442,0.2235644531810927
154449,0.0316637209677261
154467,2.2109824196656573
1545,2.0739160970787003
154661,1.1361855877540572
154664,0.1853718320962182
154743,1.842286894663199
154790,0.0465694896604753
154791,0.4760060034358719
154796,2.0863049968625327
1548,1.7914529153506022
154807,2.184642520782672
154810,2.322050352178247
154822,0.1921673828594753
154860,0.0
154865,0.6166064186461808
154872,0.0
154881,1.6634846669425911
1549,0.2311461362475948
154907,0.0
155,0.0148554188895284
1550,0.0
155006,0.4384302561316384
155038,1.8608152811903296
155051,0.5605949231158076
155054,1.4642269406715904
155061,1.5269808339459872
155066,1.9818805666627692
1551,0.0358639763576893
155100,0.0252228938178094
155184,0.0274424681999785
155185,0.4740632797361733
1553,0.1557066847631222
155340,0.041431969987866
155368,1.006109043765155
155382,1.3243869137399775
155400,1.377339609681905
155435,1.7904037343833326
155465,2.908402897505273
1555,0.0338664618273812
1557,0.0
1558,0.5398882915099977
1559,0.0
156,2.229592456524815
1562,0.0183253569229505
1565,0.5194279831872105
1568,0.2260997077064084
157,1.9046176176868117
1571,0.1766699409861253
1572,0.0142416006900836
157206,0.3557487942158129
157285,2.236039846481815
1573,2.2702889972321594
157310,1.6797260041036504
157313,0.5272352539912157
157376,0.0
157378,1.7601271693589473
157381,0.0553878071845259
157506,1.6424598520902796
157567,1.8739319958796377
157570,0.2380331044085317
157574,0.9567115707500148
1576,0.0493229014588557
157627,0.0080788886488122
157638,2.5337401215774253
157657,1.5033046799830438
157680,1.7371409748070217
157693,0.0727508259833435
157695,2.1937633561210585
157697,1.268424529695177
1577,0.8104642160525107
157724,0.4251031720970188
157739,0.2757678129290351
157753,0.2226116503176634
157769,2.140330516688189
157773,1.344364733153515
157777,0.7776292520511233
1578,0.1531127924617492
157807,0.0723688738166034
157848,0.0
157855,0.1209661047225065
157869,2.054630607182169
1579,0.0639214260144302
157916,0.0
157922,1.886136113709876
157927,0.0
157956,1.518997741665005
157983,0.8990900443865096
158,0.483499988183941
1580,1.8091744563668952
158038,0.4311904822786587
158046,1.6092112124109283
158055,0.4873308290771032
158056,0.6682899967473335
158062,0.0499117462968908
158067,1.3337086273243297
1581,0.1247403313498729
158104,0.7355471904111105
158131,0.0
158135,1.2867526532073603
158158,2.361904257747279
1582,0.2322457897286582
158219,1.3223320461517756
158234,1.864706765279762
158248,0.1139105667826226
158257,0.1885281149238238
158293,2.168507273777925
158297,0.1023840919216796
1583,0.4954886969919165
158326,0.8823227584854364
158345,0.9117693273396008
158358,1.8950793808416473
158376,0.6876032367789747
158399,1.5068929087770837
1584,0.0
158401,0.1558793174845897
158405,1.1853414920685996
158427,1.7089564614707178
158431,1.2074146260561234
158434,0.1384325675089229
158452,0.0662337567877756
158471,1.0331031230092462
1585,0.0144462560950847
158506,0.0
158511,0.0
158521,0.0368609624667365
158572,0.9937760262360272
158584,2.1144479420875943
158586,1.8231737264166297
1586,0.0493229014588557
158674,0.0918151287903754
158724,0.0489301088118718
158747,1.6920640740956463
158763,2.8545460003520757
158787,1.1145247118055746
158798,0.1036727819699854
1588,0.0544125563488178
158800,0.8518365944201848
158809,0.0
158830,0.0
158833,0.0288518968796068
158835,0.0
158866,1.1246366013283553
158880,1.5037161059090678
1589,0.4375892340392048
158931,0.5615082060480268
158960,2.083209023149941
158983,0.0
159,2.4348081756804283
159013,1.785085374955099
159090,2.1121034249222026
159091,0.6469824874373531
1591,0.2496361909689343
159119,0.0
159163,0.0
159195,1.9426776778278336
1592,0.855785390144333
159296,0.0
1593,2.394567582653546
159371,0.74850781777223
1594,0.9454935024779144
1595,0.6415738868217261
1596,0.0
159686,0.4721154076465216
159963,0.0113712320035829
159989,0.1739734823125703
16,2.296115776610732
160,2.071853931387428
1600,0.1555340154263538
160065,0.0179178651438874
1601,2.180530451311445
160140,0.3629502500681105
1602,2.0946369284923994
160287,0.1517259986918346
160298,0.4035249060099343
1603,3.0688234564988406
160335,1.4515419900721414
160364,0.1671927972655278
1604,2.4312930034471125
160410,0.0710306629776471
160418,1.948663731503442
160419,0.0076664475141711
160428,1.0074468301259538
160492,0.0
1605,2.6916495113147225
160518,1.2129517306628572
1606,1.5371800349912157
160622,1.592720313118663
1607,0.0526542428027862
160728,0.5625215950241232
160760,2.08290163008977
160762,0.0
160777,0.0123974780415539
1608,0.2041265232242545
160851,1.2156817382438665
160857,1.18416719334139
160897,1.3727402399223894
1609,1.5795896544523431
161,2.1534661157283184
1610,0.0217811482126814
161003,0.373757358787233
1611,2.8146688949609584
161142,0.1159067175904995
161145,1.6514527480068557
161159,0.2717461806870164
161176,0.999375266662239
161198,2.323203015533363
1612,1.003528008445293
161247,0.4142676309860906
161253,0.5487179968222254
161271,0.0
161291,2.5553649467475466
1613,2.149502671809367
161357,0.0097266548872287
161394,1.0527197954834882
161406,0.6378535821355332
161424,1.8894839963721444
161436,0.3252713038436599
161497,0.2059132434918138
1615,2.4987186848403264
161502,0.212055077748509
161514,0.0
161582,0.490470650005224
1616,2.500427671340295
1617,0.0
161725,0.490470650005224
161742,2.2504407315561603
161753,1.3156426539503063
161779,0.7896546979977486
1618,0.0
161823,1.5147149799785529
161829,0.0232000328901817
161835,1.529268277938858
161882,0.8018204697926444
161931,0.1525930213293895
162,2.433549867141453
1620,1.981764636557752
162073,1.9948531875222264
162083,0.0508922379282558
1621,0.2191082719804654
1622,2.770533420562074
162239,1.8598898844005356
162282,0.2474831453300078
162333,0.0342663432615378
162387,1.25718112096836
162394,1.930860987128881
162417,1.3874819476921685
162427,2.5136248904087504
162461,0.1055102904479631
162466,0.3699528426422865
162494,0.5878866390625748
162514,0.0811098068644656
162515,1.0801803601340578
162517,0.2730890153463308
162540,0.1274256342200705
162605,0.0
162655,0.5818024139580646
162681,0.9437845071542303
1627,2.2286903704191676
1628,1.2563167462863851
1629,1.7593395311805289
162962,1.5623473310363072
162963,1.4463945466490713
162966,1.4259086133372836
162967,1.6094252075522826
162968,0.5075022647920432
162972,1.5074237638340102
162979,1.4078568321910203
162989,2.1180854272653056
162993,1.5931977314959311
162998,0.1049594666720178
163,2.8213042414440817
1630,0.0320646470462866
163007,0.1447564345294934
163033,1.3543100889485962
163049,2.0815648628332233
163050,0.1317039313972478
163051,0.0996158349795007
163059,1.6500089098897976
163071,0.2347535870437137
163081,1.5210257773867533
163087,1.3384651097679334
163126,2.206169976720677
163131,1.6083047529106047
163154,0.7203983098884846
163175,1.1953919933355095
163183,1.8131021709778232
1632,2.1575380750244464
163223,0.8189947220737962
163227,1.2607899386031294
163255,1.4120040106346503
163259,0.9536876026526128
1633,1.969288783564308
163351,0.3468539061389696
1634,2.7777462280937613
163404,0.0
163479,0.0274424681999785
163486,1.5938959283869958
1635,2.564688189799455
163589,1.3716976994339436
163590,1.7936847065579895
1636,1.3396902068513723
163688,0.2830140637454333
163702,1.8984721932392912
163732,2.648905986373323
163747,0.1543243036951329
163778,0.0
163782,1.2850518169871514
163786,1.333363108701702
1638,0.5599854176098789
163859,2.1565457170678792
163882,1.9952551066379196
1639,2.3260924753009173
163933,0.1594961705535451
164,2.4185841169976037
164045,0.057140405596366
164091,1.9543476700309996
1641,0.547167691337005
164118,0.0586952005206574
164127,0.0606346453732357
164153,0.1071605621244834
1642,2.525341755734802
164237,0.031262604438497
164284,2.0128231790204114
1643,2.1283685642134533
164312,0.2827196069755909
164395,0.4246140369334645
1644,0.0923747627007558
1645,0.9618295146090609
164592,0.1825372844358325
1646,1.0104716051477136
164633,0.0501079362162316
164656,1.2571146794287535
164668,0.4599688733915179
164684,0.6599692811232684
1647,1.995722384060289
164714,0.0
164781,0.0
164832,1.2112205499278668
1649,1.9306356263549351
165,2.588481827549404
1650,2.864865003114492
165055,0.9303482608561374
165082,0.3331771774676362
165100,0.0
165140,1.1383690107729605
165186,0.1130016249722951
1652,0.0
165215,1.804490616488657
165257,0.6343875974830766
1653,2.2865854618532726
165324,1.8941777343205175
1654,2.6586976665582296
1655,2.9434155997948515
165530,0.8765699053378195
165545,0.057723791780431
1656,2.527726372824295
165631,0.367053915781504
165679,1.66420059081499
1657,1.8733138628179755
165721,0.0
165829,0.407540162703302
1659,2.0596496692260247
165904,0.0197500372972908
165918,1.8348727540195011
166,2.5749029694162235
1660,2.649763525426143
166012,0.1987423683833813
1662,1.7114192193061848
1663,1.6501143450155986
166336,1.536968948302651
166348,0.08431707500591
166378,1.1867398583216175
166379,1.7070638667513705
1665,2.426002757080216
1666,2.252239655704591
166614,0.8405816964651199
166647,2.0216932125546965
166655,0.0
1667,0.0
166752,0.0366616595234452
166785,1.4096489932198912
166793,1.513567821304773
1668,0.0
166815,1.8525521794384776
166824,2.110077500525997
166863,0.0211723261778742
1669,0.0
166929,1.5999987406403324
166968,2.0488977106927937
166979,0.009520858735307
167,0.0
1670,0.0
1671,0.0
167127,0.5713777889066898
167153,2.232591292477909
1672,2.529305246642713
167227,1.9579611215468489
1673,0.0
167359,0.1714373696317186
1674,1.5864171976940826
167410,0.0
167465,0.8110270343683322
1675,2.741668671808861
167555,0.6572321810198901
1676,2.1007830437973456
167681,0.3174244923435959
167691,1.728763183037606
1677,1.3165057749237523
1678,1.4290747371189738
167826,0.0382547653609949
167838,1.104406914668185
168002,0.8878367007685914
168090,0.0735142061810224
168330,0.0
168374,2.4307877672196256
168391,0.0128076294222381
168400,0.0
168417,0.0
168433,0.1934866860254196
168448,0.0
168451,2.0576568750391155
168455,1.722750560418934
168507,0.1563969960933261
168537,2.336965952101612
168544,1.7034949434744369
168620,0.4748638469383223
168667,0.1567419323387753
1687,1.309199416166032
168850,1.9789237287075796
168975,0.0162859366995967
1690,0.1099037083863086
169026,0.3557487942158129
169044,0.1855382605489196
169166,0.1029366335610796
169200,1.9109644700251036
169270,1.182153803081348
169355,0.0191397532419228
169436,0.6103880674728039
169522,0.0573349127789155
169611,2.228817909703366
169693,0.5473745926216265
169714,1.7014847835640752
169792,0.6432009066097824
169834,0.3446819290378812
169841,0.9024515979288618
169966,0.0132175827499873
169981,1.2139590911999214
170062,0.0
170067,0.0
170082,1.0490397702854584
170261,0.2797689322761834
170302,0.8132033700955728
170370,0.0
170371,1.677888774320344
170384,1.829313765792872
170392,0.0863857947605423
170393,0.0610219959658159
170394,1.8846217952562687
170425,0.0
170463,1.8757629649150545
170482,0.0270393423001977
170487,0.0
170503,0.0750388739578922
170506,2.0179765472195004
170511,0.1225857523790576
170513,0.0
170523,0.0
170526,0.0
170527,0.0326656794165476
170529,0.0925612234809782
170535,0.0
170540,0.0
170547,0.0
170548,0.1091730934233686
170559,0.1324148165236816
170572,0.0957246593932778
170575,1.3098021004461502
170589,0.1283187873796772
170591,0.1227655164757016
170622,2.638251931567366
170626,0.0
170627,0.0376577034343075
170679,0.8636105901216348
170680,0.2896102007349427
170685,1.2092664817123466
170689,2.3564859531497877
170690,0.4074150099184874
170691,0.4102882633523751
170692,0.587202326149724
170712,0.0
170825,0.0238073990491231
170850,0.0227948798627598
170954,2.1447179596304893
170958,1.4404927972849837
170959,1.33700836537828
170960,1.8127390710762885
170961,0.613032903302933
171017,1.8772129546659249
171019,0.0616026860516921
171023,2.0189060449841576
171024,2.110087174758894
171169,0.1605266099672951
171177,2.5540991137180153
171222,0.2257832415899689
171389,0.1808652430448176
171391,1.506136459630077
171392,1.3927743732394546
171420,0.0
171422,0.0
171425,1.0048199061413217
171482,0.0
171483,0.0062213260747212
171484,0.0072538062085478
171546,2.6415048508841856
171558,0.0
171568,1.7034949434744369
171586,1.683783501947923
1716,2.437557524348553
1717,2.2610983915993557
1718,2.999832858004641
1719,1.383888221937157
1723,1.3983175777993166
1725,0.3930094589276579
1727,2.6532942860490603
1728,2.559319005813407
1729,2.5151576915325533
173,0.0
1730,1.276754300385257
1731,1.184432572838159
1733,1.0478400246117965
1734,1.3960768867935236
1735,0.2460959449649312
1736,2.3861430597244127
1737,2.0649083514911277
1738,2.388583954544937
1739,1.866579487050722
174,2.261270564600083
1740,0.7040752690169217
1741,2.1849480937330372
1742,1.2922589393331405
1743,2.5730473554920033
1745,0.7115511851391465
1746,0.2155894543456707
1747,1.4079814923174905
1748,0.3741498450981821
1749,0.3706101527949399
175,2.30802159983791
1750,0.1588084847758757
1755,0.1918372189643938
1756,1.9358404338451285
1757,1.2203559820117158
1758,0.0
1759,1.1000285433402135
176,0.1410734588900477
1760,1.5633834778417297
1761,0.0
1762,1.802846866906637
1763,0.7236160516377695
1767,1.012105827752685
1768,0.5434332228472657
1769,0.0138321417599086
177,1.1836360569543611
1770,0.1612128446624533
1773,1.087635505580786
1774,1.4861302928495344
1775,0.442621158228576
1776,1.1629534965393622
1777,2.5014062087303848
1778,2.2121316253432557
178,2.094732818130725
1780,0.9167343353585652
1781,2.4643396615115476
1783,2.37750224719508
1785,2.0493488728648397
1786,1.843098269771948
1787,0.7695135844178126
1788,1.587367235236408
1789,0.9881245759903232
1791,0.0
1793,2.3848759375087836
1794,0.9371316158310072
1795,0.4062876962609993
1796,1.4908187223374196
1797,1.8351974502946
1798,2.17099412727034
18,1.961570196849451
1800,0.0154687933557568
1801,1.6882336837048029
1802,2.083386047867023
1803,0.9385714828547714
1804,0.4206893926412255
1805,2.118732983944107
1806,2.0519424300484426
1807,0.135252207441062
1808,2.652151921059654
1809,2.611069742139446
181,0.2256249613852226
1810,2.1034531658132116
1811,1.1391497197498888
1812,0.0908815660467812
1813,1.2521082683930316
1814,0.0
1815,0.1798603545490436
1816,0.0
1819,1.7684900784204485
182,2.251173716163659
1820,0.6995996840481663
1821,0.0608283430685188
1822,2.8196619587059777
1823,1.2187191482903033
1824,2.2022738699299103
1825,2.394124595167228
1826,0.0946095302476571
1827,2.7099381358906784
1828,1.539724928086437
1829,2.769527486231973
183,0.8551946209982849
1830,2.2932557875969652
1831,2.5190585474127554
1832,2.950958442178302
1833,0.0687315852068485
1834,0.0
1836,1.8703084225666913
1837,1.3959237537861184
1838,1.9212917954011777
1839,1.976905327980184
1840,1.0017146949418114
1841,2.053390585462566
1842,1.7343329653244763
1843,3.175431877357797
1844,2.8030342438818256
1845,2.5128387011839277
1846,2.6620073773236483
1847,2.641870940946529
1848,2.7496622621150135
1849,1.9885991642471932
185,1.4780275149488378
1850,1.9154959166826475
1852,0.5511915273499198
1854,2.237823191496669
1855,2.0378560087200484
1856,1.996064254346156
1857,2.362981448905958
1859,1.765658640836783
186,0.0
1861,2.290743057545726
1869,0.9226643420481128
187,2.34378777858076
1870,0.4920355179076667
1871,1.7291922162814992
1874,2.302151984828959
1875,1.249486612271071
1876,1.7182736769281044
1877,1.5551964706686674
1879,1.531428403149638
1880,1.684746828599396
1889,2.929295848860899
189,0.0702650067990862
1890,1.881602436968832
1891,2.6453665346646194
1892,2.9238438613869144
1893,1.7103804785179255
1894,1.7739724186785353
1896,0.6887870960897735
19,1.8601306884492617
190,0.0820544050747075
1901,1.9743830735163912
1902,1.9708493627001584
1903,1.8577907689079405
1906,2.1905994472392445
1907,1.238631606797323
1908,2.0221414329271448
1909,2.1783463285441846
191,2.6608333690082993
1910,1.6547443228767351
1911,1.5740126241483958
1912,2.5618168950426163
1915,3.4656500483765655
1917,1.765971593461947
192111,2.164000136471414
192133,1.5673254765565316
192134,0.0320646470462866
192217,0.2621304026705514
192286,2.6369264781061528
192666,0.3026375512736929
192668,1.2489809976968282
192669,1.3491934752919927
192670,1.9728925071617336
192683,1.7151073017766765
1933,3.1459107313456784
1934,0.3558827733153809
1936,2.081674703210916
193629,0.0386525717956126
1937,0.0
1938,3.440911499761227
1939,2.2310404119862164
1942,2.791157276931449
1943,0.0
1944,1.6671255082763186
1945,2.3581095831985595
1946,2.048446002106214
1947,2.235742831312545
1948,1.8644869583643364
1949,2.0524408691601255
1950,1.5230848412779427
1951,0.3669218838017817
1952,2.3713644113794077
1953,1.591798196576372
1954,1.9445131028320504
1955,2.4128686661924377
1956,2.2765230327741173
1958,3.34521097853835
195814,1.750783387049916
195827,2.0138657378153613
195828,1.0217185542419656
1959,2.7231819915563604
195977,0.4706223697029582
196,2.168519587873535
1960,2.7503467818679903
196047,0.3851867876616777
196051,0.0666185243177208
196074,1.4536180487715735
1961,0.0179178651438874
196120,0.0
196188,0.0
1962,1.7148206864344702
196264,2.169507409288611
196294,1.310614640072728
196335,0.1051431153898577
196374,0.0260306859239784
196383,1.860759816215695
196385,0.1366672261961176
196394,1.3778422505534391
1964,2.622951250617482
196403,2.2663085394404385
196410,0.5145729643021499
196415,0.0
196441,1.8076749849346616
196446,0.3536019300948766
196463,2.145279587660479
196469,0.0
196472,0.0227948798627598
196475,0.095353116336939
196477,0.0
196483,1.5225511207923434
1965,2.3536780533662096
196500,0.6164187931976987
196513,1.8595933160572071
196527,2.467714678598144
196528,1.849599065713668
196541,0.0
1967,2.4046314924797896
196740,1.1994653721923902
196743,0.2175107305434104
196792,1.0610932500922283
1968,2.898313031102995
196872,1.2361514729388834
196883,1.5258035543561237
1969,2.2340265221731443
196951,1.2043143983334543
196993,2.0389315261480156
196996,2.004455372753537
197,0.0
197003,0.0
197021,0.1034888062958342
197131,1.8721916638061968
197135,0.2409886570316065
197187,0.6413928708365233
197196,0.0
197257,1.515317657518843
197258,1.7374628630774689
197259,1.1938660860053107
1973,0.7407303541407927
197320,1.2679688286002753
197322,1.2555176393378464
197331,0.2275222515585524
197335,1.3807952547070823
197342,0.8517045477666533
197358,0.8399767607584209
197370,2.3818977377292185
1974,2.8994769068435686
197407,1.7779681781764989
1975,2.8864145356761
1977,1.5869356390204223
1978,2.4510605370489515
1979,2.6671353221579115
1981,2.6551268144067586
1982,2.9898289892157375
1983,2.5545148412000303
1984,2.8157232782362493
198437,0.0
1986,0.0400434172142254
199,2.239062613451697
1990,0.0
1991,0.5728764288793804
1992,2.547001789323681
199221,1.0775826978359366
199223,1.0877701765483496
1993,0.3216380437299648
1994,2.2798896604895953
1995,0.0
1996,0.073704942137793
199675,0.0221867865316464
199692,2.2395404172587714
199699,0.1012779001967963
1997,2.569815509975485
199704,1.0390807685879373
199713,0.0322650387162132
199720,0.3172836446937965
199731,2.4355041865906975
199745,1.589399011819093
199746,0.6416643770907534
199777,1.5677034799717178
199786,0.0828093123943021
1998,1.979733632881037
199800,1.167112117270367
199834,0.0
199857,1.1381222492156688
199870,1.906736170645119
199899,0.0510881989588056
1999,2.451093209400802
199920,1.3947737909583175
199953,1.638491155824281
199964,1.018699552763726
199974,1.5897940101323786
199990,1.4579023821779946
2,3.172281904125498
20,1.9426852175568885
2000,1.8306682346099936
200008,0.0
200010,0.798818072818059
200014,1.7926954581242427
200030,1.3601709698288955
200035,1.385401695134323
200081,2.5085627336239544
2001,2.353847653547825
200132,0.3576223679762332
200149,0.0
200150,0.1520729184419736
200159,0.3577560190758578
200162,0.2114107827647142
200172,0.2628858809535586
200185,0.8971874058579302
200186,2.3164072341760713
200197,0.428639855758516
2002,2.263220859448519
200205,1.1609021755265672
200232,0.3174244923435959
200261,0.0
200298,0.0940514026841421
200312,1.1429149634820337
200315,0.1345437802827254
200316,1.5800455913576
200350,0.0664261626900539
200373,0.0643072587180317
2004,2.3710835633468528
200403,0.201520533066984
200407,0.0645001083526856
200424,1.586278849652862
2005,1.9088682164514987
200504,0.0
200523,0.0
200539,0.5324287912999273
200558,1.0167290234987003
200576,1.8258478582393571
2006,1.9183362480688453
200634,2.3596856338588412
200726,0.0
200728,1.1130225879363356
200734,2.3272487253681966
200765,0.8388999141799861
200772,0.016081724652309
200844,0.4015092143095131
200845,1.8296627635142737
200879,2.055765542767501
200894,1.8184805835112583
200895,1.7973712637480217
2009,1.1105247170907204
200909,0.0
200916,2.195077913710532
200931,0.8486599449506352
200933,1.8114293064411169
200942,2.3597457391868844
200958,1.0338413201612493
200959,0.0074601518934053
2010,2.6383162483159253
2011,2.0665303543668294
201134,1.0604822746712357
201140,0.0
201158,0.700015332905797
201161,1.6914187982948252
201163,1.6353440778146062
201164,1.1854171687945183
201176,1.4192723582795643
201181,1.0192541752597124
201191,0.0569458532680942
2012,2.7570084740030874
201229,1.2999534674402835
201232,1.5642361413097972
201243,0.0
201254,2.2709675550964676
201255,1.531195343737232
201266,2.1401748812616987
201292,1.7845199082502277
201294,1.4929675612899105
201299,0.1761650389354001
2013,2.451936304586357
201305,0.5080486162390175
2014,2.2266293276777187
201456,0.7728016479105142
201475,2.313277257499671
201477,0.0164900995891271
2015,0.2904854940046766
201501,1.8113355954095465
201514,1.6268498483956284
201516,0.172283623174845
201562,2.4501321946777272
201595,2.789027836768868
2016,0.0822431961241168
201617,0.0193432301006561
201625,0.1034888062958342
201626,1.947860918909917
201627,2.1540525409739844
201633,0.1660003253041142
2017,2.5843243540086203
201725,1.525036776224859
201780,0.1250988793227
201798,0.8047381315460629
201799,1.3234778882032263
2018,0.5173820546692663
201853,1.4828150737580597
201895,2.703703603982505
2019,0.4333698117664147
201931,1.788682280520426
201965,1.9926450176886616
201973,1.777065890659817
202,2.5112023787669133
2020,0.1069773613093653
202018,2.015442966044905
202020,1.2748285953661087
202051,1.66420059081499
202052,1.5869529105128442
2021,0.6532395327734617
202122,0.0975798800301689
202151,1.491114220486356
2022,2.5303950920195324
202243,1.8484480711778184
202299,0.3869893211696156
2023,3.1008246885844932
202309,0.8336243646331889
202333,1.932643802724628
202374,0.6422974783857428
2025,0.0
202500,0.1169934922160474
202559,0.0177140457770852
2026,1.981941927329742
202658,0.0
2027,0.7879814055720077
202781,1.9379445253712717
202789,0.0758001637739616
2028,0.8639993444225774
202865,0.0
2029,2.6890148861576986
202915,1.351813675176022
203,1.223191131082672
2030,2.755612001466928
203054,1.2232618233142176
203062,1.6808810090123028
203068,3.024548293101351
203069,2.2849227584299174
203074,0.0400434172142254
203076,0.0
203100,0.3553467159933039
203102,0.2894642230962408
203111,0.8941682375957044
203190,0.0816766944344988
203197,2.205783083813089
203228,1.4578572380787311
203238,0.8247348545461005
203245,1.6113795034162928
203259,1.8911690511811592
203260,0.8905136244241156
203286,0.8033876652430059
2033,2.3031293497215484
203328,2.6662140617387027
2034,2.5567102634772008
203413,0.0794068242501354
203427,2.0687578496837364
203430,0.188196455857058
203447,0.6761668992662615
2035,1.6521729491062165
203510,0.0
203522,1.731920585420898
203523,1.3778951315942354
203547,2.3140885774736435
203562,0.2070481777241334
203569,0.0
2036,2.1429527096705403
203611,0.0
2037,2.17026381021602
2038,0.0288518968796068
203859,0.5548858663425813
2039,2.081496849918889
204,2.3405509986677253
2040,2.9237526523123853
2041,1.920519081927828
2042,0.6273109903075856
204219,0.4369879214705011
2043,1.6558015246327422
2044,0.0342663432615378
204474,0.0
2045,0.702835011380947
2046,0.053631538511365
2047,1.842644482126586
204777,0.0
2048,0.347802215138303
204801,0.0294552189612712
204851,2.2829849780710454
2049,2.483026823803607
204962,0.8546690347312379
205,2.1787013339606345
2050,2.5120783739549557
2051,1.758078669580519
205147,0.0
2052,2.7524003628891656
205251,1.7046566699149284
2053,2.362777751738455
205327,1.957416871445345
2054,1.5014902624798585
205428,2.1159596992123717
2055,1.4435917694013845
205564,1.974709674400344
2056,0.2253083066279462
205655,0.0
2057,1.4251139638679156
205717,1.701323576198701
2058,2.571978729023538
205860,0.0
2059,2.2701762771680047
2060,2.278106523106799
2063,2.2221075273911315
206338,0.1371972284494705
206358,1.2522758934625855
2064,2.69465690012189
206412,0.7085214853245897
2065,2.6997018572677756
2066,2.004840909122575
2067,2.2168366446746632
2068,1.7216484421641105
2069,0.8601662710059388
207,2.1680225758870435
2070,0.068923416931643
207032,0.2051015913711928
207063,0.9456531484814236
2071,2.0393421118374295
207107,0.0524586470199822
207147,0.0
2072,1.3028296093347982
2073,0.5324287912999273
2074,1.278736986342678
2077,2.3576934038897104
2078,1.7405827242439316
2079,2.8135497164173286
208,2.0285001114469017
2081,1.8500263035037856
2086,1.8855623831451935
2091,2.9024308778909904
2098,2.6565957503919915
2099,2.8351920398071724
21,2.153744468069447
210,2.4177946683234803
2100,0.1318817104701158
2101,1.8074648422409303
2103,0.1818688831908015
2104,1.0038900186153283
2107,2.716149630419917
2108,2.346748951956804
2109,1.1817731059085024
211,2.468264019200552
2110,1.9881499666213425
2113,2.376331177040289
2114,2.437246267589984
2115,1.8627426433090275
2116,0.5547835030991647
2117,2.208676041969164
2118,1.8718499022735384
2119,2.2774305155980845
212,0.0801641354811421
2120,2.3818761931972103
2121,1.942918877561884
2122,1.3022800597209288
2123,0.7224915910107516
2124,1.5350842421083808
2125,1.680824736372839
2128,0.0
213,2.7623140184815
2130,2.430973424126091
2131,2.0331773649518436
2132,2.16854011040486
2134,1.1717445291823585
2135,1.9768569777482592
2137,1.8814354988648976
2138,0.1242022158771549
2139,2.1473124261469794
214,2.589425460799547
2140,1.9788962445652003
2145,2.218808581977082
2146,1.0906357725309634
2147,0.0
2149,2.034117767345729
215,1.5027280986284952
2150,1.9429866883674571
2151,1.4444504866769452
2152,2.519051715941797
2153,0.0746579682411712
2155,0.959498348631007
2157,1.618841054008635
2158,0.0111658338983268
2159,0.973408585292776
216,2.2154487682703334
2160,0.0
2161,0.7169220058734365
2162,1.632676187537871
2165,0.0
2166,2.2482321270543792
2167,2.7351928757711557
2168,0.0348658102965977
2169,0.0
217,1.8845781966012976
2170,1.5640911155797843
2171,1.2183983296873946
2172,0.0
2173,2.3272231328240323
2175,0.5548858663425813
2176,1.1978025883192702
2177,1.159279527389353
2178,1.5832596258169789
218,0.8441326056401708
2180,2.235638138821561
2181,2.5538692360997715
2182,2.1297542679686576
2184,1.93403346832992
2185,1.8363662210312344
2186,2.0662414271746012
2187,0.5073929451890942
2188,2.080643000504249
2189,0.2587976668438312
219,2.129254748573644
2191,0.7529007161231417
2192,2.4529291888626643
219285,1.783186429264458
219287,0.0039454490619983
219293,1.7406441567901805
2193,2.4315645657727636
219333,2.1311528711282857
219348,2.0031803320846877
2194,2.646168569881937
219402,2.4842956898891475
219409,0.0
219417,0.0
219428,0.0
219429,0.0
219431,0.0
219432,0.0
219436,0.0
219437,0.0
219438,0.0
219447,0.0
219453,0.0
219464,0.0
219469,0.0
219473,0.0
219477,0.0
219479,0.0
219482,0.0
219484,0.0
219487,0.0
219493,0.0
2195,2.5275207753183473
219525,0.0
219527,0.3027810825165379
219537,0.3875035432439886
219539,0.672888643494807
219541,2.0878457875485816
219557,0.0404403802309502
219578,0.0708393147493007
2196,1.9422174811046289
219621,0.950027839660554
219623,2.001816873649042
219654,2.1436096505486564
219670,0.2130205485608581
219681,0.2202246523198821
219699,1.583294440275678
2197,3.0280322584096124
219731,0.7215262699506658
219736,1.5029752885784258
219738,2.203994040706689
219743,1.980808591786931
219749,1.8868304567973608
219770,0.0
219771,2.3504811729228603
219790,0.4748638469383223
219793,0.0
219833,0.99288164281869
219844,1.614271127116171
219854,1.8324838645758263
219855,0.9761206174163112
219858,0.0
219865,0.0
219869,0.0376577034343075
219870,0.0
219873,0.0
219874,0.1108160684965277
219875,0.0
219899,1.5984678803582837
2199,2.354139530573883
219902,1.6278787658210063
219927,2.166923364617381
219931,1.0275124991776208
219938,0.0906947274148189
219952,0.0
219954,0.0
219956,0.0
219957,0.0
219958,0.0
219959,0.0
219960,0.0404403802309502
219965,0.0
219968,0.0
219970,2.543833756329591
219972,1.7904803248641574
219981,0.0
219982,0.0
219983,0.0
219986,0.0
219988,2.2311020358922806
219990,0.0
219995,0.0187326529005272
22,1.951445963691426
220,2.02551969897636
2200,1.801782975245534
220001,0.2994731460902649
220002,1.5258821292847808
220004,1.0631096703900265
220032,0.0773206608342586
220042,0.6109556590499493
220047,0.1029366335610796
220064,1.4447981954760327
220070,0.0497155105434259
220074,0.0544125563488178
220081,0.1347209445133961
220082,0.0201566492701331
2201,0.4486858761673934
220107,0.1023840919216796
220108,1.1146104294554409
220112,0.2189486615675671
220134,0.4369879214705011
220136,1.356160786096077
220158,0.0
220164,0.1444063892768966
2202,2.745052021357419
220202,0.0548027927666294
220213,2.143653697054796
220296,0.0957246593932778
2203,2.464604429416527
220323,2.072497923399177
220359,0.4336115666127381
220382,0.5657547907899197
220388,1.2264336188727534
2204,0.0742768884659622
220416,0.3694265854349449
220429,0.0
220433,0.9285969412024382
220441,1.7487020615771902
2205,1.7418832399144728
2206,0.3233170563685997
2207,2.279223222489897
220717,1.9627968778852336
2208,0.1146369993408919
220869,0.8632215987993364
220885,0.8809367359646315
2209,0.7248187487457236
220929,1.4647837545445397
220930,1.0687470163966144
220963,1.617015271460018
220965,1.0129722065200382
220972,2.3676576278282235
220974,0.0
220979,1.0599648007442704
220980,0.1790219919026922
220988,2.716096993646995
220992,1.2981402683414605
221,1.246852279898755
221002,1.5435075950433037
221035,2.4263275864296014
221037,2.206457101154191
221044,0.0
221060,0.1594961705535451
221061,2.042331647972072
221074,0.3146026601000115
221078,1.826712020612584
221079,1.9377231675620492
221091,1.2616472221885546
221092,2.1960273774185666
221120,2.2098257042345537
221122,0.0
221143,2.09304349083506
221150,0.5843602374019601
221154,2.360855633660094
221178,1.0382594315920333
221184,1.6742915202743025
221188,0.613692554789897
221191,0.0201566492701331
2212,1.3693375406531216
221223,0.0132175827499873
221241,0.0
221262,0.2047767003527363
221264,1.0619850770885908
221294,2.1927463908754694
2213,0.5301016251181656
221301,0.0643072587180317
221302,1.7692496509898532
221303,1.4120040106346503
221322,1.2396959918769874
221336,0.4031473746814073
221357,0.2117329950951104
221391,0.0
221393,0.0493229014588557
221395,2.05309123416953
2214,2.186253541831852
221400,0.5616096097788555
221409,0.0276439590910099
221416,0.0376577034343075
221421,0.6649737859089059
221424,0.8729397256075345
221443,1.944362979884297
221458,0.1639520026951061
221468,0.3827336091282766
221472,0.5097941846309146
221476,2.594334348710121
221477,2.52709186568535
221481,0.4179792089390181
221491,2.189576997127046
221496,1.833018113620302
2215,0.2042891169220665
221504,2.105349830934244
221527,1.3441108332686402
221545,1.7452878089874104
221613,0.0
221656,1.9309309006131556
221662,1.4874713913527715
221687,0.4362657045468734
221692,0.3258287531326413
2217,2.648238652683501
221710,1.6839232432052955
221711,0.2589494608773174
221749,2.452189972709227
221785,1.7136070207510228
221786,1.903279493857032
2218,1.2628648693055664
221806,0.7565776396287318
221823,0.0
221830,2.1486481754914197
221833,0.0
221883,0.0402419221072167
221895,1.695766569202328
2219,0.2563649813792048
221908,1.4916414522791008
221914,0.3133294743166249
221927,1.960253144341536
221935,1.0630628551542236
221937,1.8538046313541032
221938,0.0173062599854029
221955,1.7291669906758798
221960,0.9689893935100504
221981,0.8681957260802473
222,2.794094477186853
2220,0.920121340371038
222008,0.0213753154909553
222052,0.071221967357895
222068,2.617553661525312
222166,2.308208930245139
222171,2.0190359928515615
222183,0.6892094050487839
222194,1.9193212035629004
2222,2.6015920299409085
222223,1.7605380504353072
222229,1.353977924581589
222234,1.4052318826000516
222235,0.3592246400101575
222236,1.7466349263351586
222255,1.2910124745825111
222256,0.5530410819506881
222389,1.517221198409886
2224,2.0174923057300416
222484,2.077657293807196
222487,0.4090403726974694
222537,0.0308612972995617
222545,0.0
222546,0.8145336634585467
222553,0.187532728084775
222584,1.191999558236341
222642,0.3261073269068962
222643,0.7926993087072234
222658,2.3498975367137382
222659,0.0600532833173621
222662,0.2496361909689343
222663,0.7508234811974857
222696,0.501134405018386
222698,1.0288530772512372
2227,0.0
222701,0.1160879462910086
2228,0.1498152965710392
222826,0.0270393423001977
222865,0.7974553035764077
222894,0.0
2229,0.0
222901,0.836673216924033
222950,0.5141398284686006
222962,0.4101635675469852
222967,0.0338664618273812
223,2.712679540577793
2230,2.049228996931855
223075,0.6953454685393786
223082,2.1036501729923116
223117,1.2751500246244465
2232,1.49113532067015
2235,1.78798954042719
2237,2.0424363157377976
2239,1.9645762203970432
224,2.099311045350169
2241,1.4947301292845443
2242,1.6327074809423068
2243,0.0109603861112779
2244,0.3148853064053546
2245,1.3073267355820073
2246,2.418137906664613
2247,1.81911483738201
2248,0.147028078610212
2249,0.0
225,0.2957167376189304
2250,0.0
2251,0.0
2252,1.2755675961926296
2253,0.0
2254,0.1754913456975675
2255,0.8885225756103349
2256,0.0573349127789155
225689,0.8808105834504033
2257,0.8811259176631122
2258,0.9727014803594298
2259,0.393137027390045
226,1.0902783425166431
2260,2.382627220701084
2261,1.6950176286545204
2262,0.3026375512736929
2263,2.2596612010251316
2264,1.2594683883332802
2266,0.1012779001967963
2267,0.1211462231579099
2268,1.2564830790548145
2271,2.5767263257739
2272,1.2855878474057854
2273,2.154941022606793
2274,2.494202896588563
2275,2.3402562313372703
2277,1.4824501030191768
22794,2.570408683982821
22795,0.8727480878142113
22796,1.6310302751243466
22797,0.4333698117664147
22798,0.1560519136043738
2280,2.5064060046599024
22800,2.022748445776093
22801,1.6048107079802043
22802,1.1137526793294572
22803,2.6873029950440857
22806,0.692326379034071
22807,1.224638511787855
22808,2.2051446802566077
22809,2.0813398488860693
2281,0.9990105405991622
22818,2.7794907406079647
22820,2.7289056482848526
22821,1.8669803219651484
22822,2.0708158117878193
22823,1.9339101400319023
22824,1.5668570528491603
22826,2.6374090471820235
22827,2.5652712935322164
22828,2.2191526803932597
22829,0.0
22832,1.5340039313034293
22834,1.9958078802279984
22835,1.4495031565658545
22836,1.9225234375282232
22837,1.6576271961756717
22838,2.100946782702263
22839,2.1287958596566425
22841,1.8128532220206617
22843,0.3127629419324117
22844,0.5184595798714745
22845,2.2407103490470393
22846,1.2706000790922567
22847,1.696391988326366
22848,1.4110137561658185
22849,1.4311744768171435
22850,2.067428401114317
22852,1.1008190935344586
22853,1.8490762844438635
22854,0.0807316672117631
22856,2.347569045480301
22858,2.120142228870173
22859,1.869177915444756
2286,0.0304597993916931
22861,1.215323295736788
22862,2.3188434035649186
22863,2.0684977630157504
22864,1.8921715862796036
22865,0.0627628591308276
22866,0.2499432911113673
22868,1.9097211440633473
22869,1.7275621791516975
2287,2.308417852892295
22870,2.101105489333435
22871,0.2751733143663593
22872,2.5145866123456595
22873,1.327133770238645
22874,2.2916494005534065
22875,1.997919488072398
22876,1.8590645222558608
22877,2.01605456654585
22878,2.0004615251084887
22879,2.107714084457505
2288,2.742540365187834
22880,1.8391130985385051
22881,1.2037654979893475
22882,2.3182360775535655
22883,2.842472747181137
22884,1.933994932368685
22885,1.98627376881398
22887,2.305803469853165
22888,1.7911144007357545
22889,2.0526785255121673
2289,1.6624159764728
22890,2.187876538707159
22891,1.033644556906195
22893,1.9826298620840257
22894,1.9661273904278576
22895,0.0041525986866217
22897,1.6139941843425156
22898,1.0754779061814776
22899,1.8017297102215717
229,0.4209352871099618
2290,0.0
22900,1.6330515673653765
22901,1.7139336036407946
22902,1.9164476282754337
22903,2.100062708784277
22904,2.0494687102716136
22905,1.6578197239358217
22906,2.1481484030972986
22907,2.2015915981601877
22908,2.138261684462606
22909,1.4259086133372836
22911,1.9015106635542025
22913,2.341321023395194
22914,0.1888596375756467
22915,1.5392858002241332
22916,2.4409390881507553
22917,0.0175101773978301
22918,2.320984900130074
22919,2.801249635361858
22920,2.1397164730225824
22921,2.2309274057338
22924,1.9727598897030507
22925,1.6212535439034872
22926,2.31407791537096
22927,1.577461953342062
22928,2.69934185980075
22929,2.441931529967059
22930,2.3098009504040986
22931,2.5231636991143627
22932,1.535931353596809
22933,2.157986687090775
22934,2.207063690193285
22936,2.103349694179552
22937,2.406004109628895
22938,2.524105107017539
2294,0.1756598215993468
22941,1.73603732322423
22943,0.6665466184510738
22944,1.5742078759769895
22945,0.0
22947,0.0
22948,2.510866700765101
22949,2.3787864797713953
2295,0.6395801069644538
22950,1.9866376182452263
22953,0.3206569328306082
22954,2.098248101560346
22955,2.2434740183628796
2296,1.949123864614554
2297,0.0581124904196997
22970,1.572732609399721
22974,1.1907642229443598
22976,1.3924660755693614
22977,2.5115657108699363
22978,1.7241051874436144
22979,0.885899767346475
2298,0.5995156807810642
22980,2.260631512581001
22981,1.5527144316673347
22982,1.924935908312547
22983,0.1503368413657982
22984,2.098942111984141
22985,2.415636337403377
22986,0.0152643844692303
22987,0.188196455857058
22989,0.032865928486596
2299,2.432633777872867
22990,1.9979652635286371
22992,2.4234104494796025
22993,2.3276885991592913
22994,1.5120542502829035
22995,0.7485851363496727
22996,2.4427952669447546
22997,1.271797755468045
22998,2.260719298076337
22999,0.1644645680444395
23,2.4231616942465113
230,2.1204713560053063
2300,0.3393618428051317
23001,1.9123911610530944
23002,2.086831347623446
23005,1.7732895263315942
23007,1.2675127429652666
23008,2.2848061709273018
2301,0.0
23011,1.970027677126203
23012,2.150125976032492
23013,2.24687578691873
23014,2.2644940841362287
23015,1.972438627896128
23016,1.8597786963876413
23017,0.4905825374804504
23019,2.388389891079644
2302,0.0792173887819751
23020,2.6314519199963886
23022,2.7092350840571977
23023,1.9228089514230988
23024,1.8279048350152824
23025,0.0449920531388688
23026,0.0473570995805846
23028,2.478765922946244
23029,0.4897989652617399
2303,0.3836383362629247
23030,1.986327694132074
23031,1.4651842732348994
23032,2.3496995720532508
23033,1.673834471105434
23034,1.3747658264475469
23035,1.3731673405052884
23036,1.827464191876061
23037,1.4436614501006333
23038,2.6370871306771786
23039,2.3560489266197298
2304,0.0708393147493007
23040,0.0024939884663487
23041,1.8738066533728752
23042,2.389779416052605
23043,1.7078324698578649
23046,0.6844645348878436
23047,1.8460597677902493
23048,2.1130977495822263
23049,1.8912033669981512
2305,0.775999244931683
23051,1.769663397208521
23052,2.488317411222742
23053,1.9921275019495923
23054,1.9733458557196817
23057,0.6512791317359106
23059,1.5833118465356646
2306,0.6841243492185872
23060,1.932001364429658
23061,2.361849153611387
23062,2.4388101127881874
23063,2.291926236706729
23064,2.176698208064487
23065,2.129364794392675
23066,1.13171037935901
23067,2.015136795674191
2307,1.0845294649185997
23070,2.246921522068172
23071,2.360929334852108
23072,0.2257832415899689
23074,1.825666760315459
23075,2.3861324330433886
23076,2.123531861725559
23077,1.9089256821102631
23078,1.9620369339835748
2308,2.037985469136652
23080,1.8387134402869505
23081,1.6898635550822176
23082,2.223121858950059
23085,1.925519027675959
23086,1.3183759929012215
23087,1.8927445688144755
23089,2.7402053774116
2309,2.2893975244350417
23090,1.2199294497509674
23091,2.2490575935898542
23092,1.4416134379405232
23093,1.5985184286251657
23094,2.0274487529407037
23095,1.9020872230646104
23096,1.2914178942703478
23097,1.894467161343497
23098,0.8611429649039495
23099,1.83355167713034
231,2.2555255551679023
2310,0.917151273930956
23101,0.1525930213293895
23102,1.852608763164255
23105,0.6820796676643939
23107,2.3643148198903967
23108,1.821703244089199
23109,0.1157254490155959
2311,0.0
23111,2.294738402257956
23112,1.624243523469765
23113,1.729746811856359
23114,1.7908412082925025
23116,1.6849977900945932
23117,0.547167691337005
23118,2.524779689287452
23119,1.0161720618665024
2312,0.1276043426051557
23120,0.0763706752693144
23122,1.9689364348201428
23125,2.0872745457477815
23126,2.332530738704098
23127,0.7095875221415768
23129,2.1963041293609415
2313,1.5652681645090922
23130,1.8588881061628968
23131,2.054253401778136
23132,1.6344876795227623
23133,2.060282005687944
23135,2.183334929430591
23136,1.4591197244326084
23137,2.156082509839783
23138,1.6691082865120457
23139,2.074220425822843
2314,2.570940222127696
23140,1.8919747031553689
23141,1.8736902293704365
23142,1.9593292778659075
23143,1.847647141390938
23144,1.8984216380216137
23145,0.2866854529014875
23148,1.4539594266953244
23149,0.9352258564637348
2315,0.3738882100795494
23150,1.660889078259555
23151,2.0448933905306252
23152,2.262148828378626
23154,2.098163131589889
23155,1.6250715202577533
23157,2.091198564878049
23158,2.8310434762396084
2316,3.0336550977842776
23160,2.356273357712178
23161,1.7219562885306428
23162,1.5343128399053765
23163,1.9912301500146916
23164,2.211755023558455
23165,2.134046900584172
23166,1.5774090778570775
23167,2.4247093524452947
23168,2.4018900528864706
23169,1.9497982456214025
2317,2.793585655249273
23170,2.291237996383997
23171,2.579696853211802
23172,2.19796377093065
23173,2.418532443474053
23174,1.9922138030328025
23175,1.6468344304066849
23176,2.2437775003936262
23177,2.0692937004116123
23178,1.0965019045510611
23179,2.0774880626035706
2318,1.367506372096152
23180,1.519495597774412
23181,1.637996501027384
23184,2.131421908360569
23185,1.9460485676499075
23186,2.189534490530207
23187,1.6721594163436604
23189,2.0094942894149255
2319,2.7085877500645874
23190,2.6782362690498043
23191,2.473514251824869
23192,2.0870014755344206
23193,2.9647821981300564
23194,1.6500691615291585
23195,1.8629909729067655
23196,2.609129893844799
23197,2.327399680005232
23198,2.2265877015178748
23199,2.186869383564668
23200,2.069174689681023
23201,2.393809565754662
23203,2.038344194006614
23204,2.735133457060965
23205,0.0708393147493007
23207,2.2568315739031792
23208,1.4560707576662442
23209,0.199396919210256
2321,1.6566484826283745
23210,1.7727994492896657
23211,2.129332701191951
23212,1.9777608177308037
23213,1.9759164010490944
23214,2.283011359165478
23215,2.393454775490603
23216,2.007567065779974
23217,0.112273749424129
23218,1.946183102967332
23219,2.2223570030260955
2322,0.6349360092944882
23220,1.5748640385203163
23221,1.623062644501715
23223,1.8118871486844537
23224,2.0502438690070934
23225,2.000481013907959
23228,1.033004627659838
23229,1.683084139807724
2323,0.0723688738166034
23230,1.638444804681397
23231,1.691638571623226
23232,1.578131195215544
23233,1.809906519879858
23234,1.5595731386772305
23235,2.110125869100697
23236,1.3633352054035834
23237,1.9816554940534912
23239,1.8004065839684016
2324,1.3472336754680458
23240,1.8955718825294592
23241,1.803632423771244
23242,1.9054713501241471
23243,1.9257630531609813
23244,2.2890005595639
23245,1.5786412920801844
23246,1.849494562454473
23247,1.7067188862877738
23248,2.191276844844001
23250,1.417856352595921
23251,0.3299968365272935
23252,1.7555458379714497
23253,1.8439754676196771
23254,1.4908398352667716
23255,0.5931434531735541
23256,1.4353714382997966
23258,2.171263022198132
23259,1.9444305423013388
2326,1.1105247170907204
23261,1.8254453116324936
23262,1.679711900278102
23263,1.376253289717539
23264,2.30826320876352
23265,2.145279587660479
23266,1.6207238787995408
23268,1.91997649019191
23269,1.7393276033289653
2327,2.303256137346007
23270,2.425044928226871
23271,2.1171142741136073
23272,2.2023148377649955
23274,1.6554295517351652
23275,1.7906990787109092
23276,1.718467589608779
23277,2.2023036652024643
23279,2.0932056821511846
2328,0.6737528646191896
23281,0.4726888470464556
23283,2.319771904635399
23284,0.9308726961674698
23286,2.11363460148925
23287,1.6683711914178097
23288,1.8337589892536557
2329,1.9197448656890297
23291,2.2534015601795385
23293,1.7076735581382096
23294,2.1057465786431604
23295,1.9826979077524611
23299,1.9815804406762745
2330,1.9132528586030468
23300,2.4170743459499047
23301,1.7556289231250692
23302,0.8944769794920745
23303,2.088364791600065
23304,2.1921332397963336
23305,0.1690631473497824
23306,1.885162029272911
23307,1.9115928412847476
23308,0.1589804607435198
23309,2.0338323242049112
2331,2.848418870822373
23310,1.5684585803284148
23312,1.0257702272852869
23313,2.244307936879289
23314,0.5055319918632792
23315,1.8823133511730703
23316,0.1175363422620864
23317,2.0243074887496024
23318,1.5751829223223262
2332,1.9902439716336644
23321,2.0269946754731434
23322,1.1138385117448255
23324,2.178370272859435
23325,1.996956937124538
23326,2.729351089750538
23327,1.7926845744332738
23328,2.147904780162156
23329,0.5513972696538072
23331,1.778632396389887
23332,2.06524753951106
23333,1.766515819716565
23334,1.467248472945217
23335,1.6345967647169923
23336,3.0438270194948656
23338,2.12533531668545
23339,2.2908804563867213
2334,0.1837056568939827
23341,1.9088189536078404
23344,2.739169128475491
23345,1.3947737909583175
23347,1.939771700505785
23348,2.0842750833786083
23349,0.3549444262336366
2335,2.20739777547584
23350,2.199758069820513
23351,2.143944267041762
23352,2.1264278431519577
23353,2.332026848927621
23354,1.652367807080556
23355,1.8417257297482956
23357,1.9278977712496057
23358,2.038878703916702
23359,0.1617271407141531
23360,2.181619375657557
23361,2.0921196531295494
23362,1.4956926572624336
23363,2.162245315279526
23365,2.336918773299383
23366,1.571163410074648
23367,2.4338066794576294
23368,1.8197889566923835
23369,2.601807415075407
23370,1.6137985953570368
23371,2.3838906362138124
23373,1.728270538059485
23376,2.2856475894262505
23378,1.6438361975464015
23379,2.114314106237442
23380,1.2837252061533602
23381,2.4419084868370713
23382,1.836856321207464
23383,1.984293534790776
23384,1.927623726237853
23385,2.671392190281276
23386,2.35138666470834
23387,2.146304021084094
23389,1.933632510649276
2339,1.913699234652137
23390,1.912472532689517
23392,2.484417202859077
23394,2.48869354882254
23395,1.3759879858683388
23396,2.176922682172216
23397,0.3939019859550799
23398,2.10875938669247
23399,2.278237395698609
23400,2.226233673213721
23401,1.8522974564212984
23403,2.0446102599006983
23404,1.9187209106843597
23405,2.103369405338624
23406,2.1337028458142675
23408,1.686903279659003
23409,1.1860222146685446
23410,2.138006707898036
23411,2.1783463285441846
23412,1.5537532785349326
23413,1.9158994614871772
23414,0.614445681934327
23415,0.0654636900743731
23416,0.9889730060404576
23417,1.1736796142991908
23418,0.1254572708948052
2342,1.3742868005297983
23420,2.0960676010138526
23421,1.702745550165555
23423,2.026915913089937
23424,1.9166328672927144
23426,1.1559803524298278
23428,2.511988793027813
23429,2.2427835687757742
23430,0.1489453134079853
23431,1.4353714382997966
23432,1.4090025531868895
23433,2.2044162656132316
23434,0.0
23435,2.3571718273572917
23436,0.0
23438,2.0955997248605684
23439,0.0179178651438874
23440,0.0
23443,1.6003680839276129
23446,2.547621058264445
23450,2.3883856709662847
23451,2.6839540553829475
23452,2.5681435825591254
23456,1.8518158827214164
23457,0.7097513787575963
2346,1.418369502322796
23460,0.8719809585027012
23461,1.7766705400343892
23462,1.6347214016818024
23463,2.487240953483277
23464,2.0265157886423752
23466,2.360055331932464
23467,1.959964670921689
23468,2.2970439263597933
23469,1.9802475214923587
23471,2.8315372652352666
23473,2.141639601705899
23474,2.2606754082142464
23475,1.4682884036992605
23476,2.100907095202285
23478,2.497092503161363
23479,2.4424610383131347
2348,2.4055552341129545
23480,2.336729988604144
23481,2.33162316735978
23483,1.880467663743881
23484,2.189256136751705
23491,0.4701623632416249
23492,2.242257349461705
23493,2.3333328105611404
23495,0.1130016249722951
23498,1.6231105769660246
23499,2.1450076600880856
2350,1.591062614110728
23500,1.040979065811644
23503,1.6540132640869896
23504,0.2078578621979574
23505,2.047770277920925
23506,2.1701208325766466
23507,1.8062861014552147
23508,2.1846229236062387
23509,2.3097145100509997
23510,2.340622193366894
23511,2.17962902159001
23512,2.072883779049947
23513,2.0739000728059316
23514,2.1969212831224367
23515,2.0460237726812256
23516,2.2828178487962805
23517,2.2231428857627504
23518,1.676967328081909
23519,0.0394476217259577
2352,0.0302589788495971
23521,3.392307034822053
23522,1.3826061132839491
23523,2.154787406850115
23524,2.83274433375023
23526,1.399738367142527
23527,1.988465130314408
23528,2.104496086037845
23529,1.8608522536734071
2353,3.3174677810631916
23530,1.7192681892632165
23531,1.666501372977297
23532,0.1060607473296442
23533,0.6936698513727624
23534,2.371045651948252
23536,1.9760064079798616
23538,0.0
23539,0.7019240446928626
2354,2.840413754240862
23541,2.263768010408048
23542,1.2030327863325168
23543,2.4029549202989187
23544,0.3893005729866418
23545,1.3964850171849634
23546,0.0
23547,0.2234057317392093
23548,1.5928738222879262
23549,2.316539531551305
2355,2.536995357807144
23550,2.044263277000662
23551,1.4657622288403036
23552,1.4240524793628346
23553,0.0308612972995617
23554,2.1055507081624945
23555,2.665932064986895
23556,1.680557344709177
23557,2.498904672771065
23558,2.6201998847871653
23559,1.3906123791277605
2356,2.196996931599946
23560,2.135888281267188
23562,0.1177172127846447
23563,0.120425512675816
23564,2.6242390523726247
23566,1.002699740634385
23567,1.6358571484200113
23568,0.0623763134303502
23569,0.1336573840641972
2357,1.0133794827469438
23576,2.374580669393924
2358,0.011781879253164
23580,2.499574423081131
23581,0.0491265280900879
23582,2.208277323540463
23583,1.8765197391124535
23584,2.2860747542086073
23585,2.74405797038142
23586,2.0956953613497893
23587,2.263534959297099
23588,2.050403260600582
23589,1.894569262491374
2359,1.2239682472003683
23590,1.348969870377669
23591,0.1931570629018073
23592,2.1036600205419234
23593,2.1905377999048103
23594,0.4486858761673934
23595,2.149359676544896
23596,0.7153802362835506
23597,1.851503975959287
23598,2.3971712934777636
23600,0.2508638766165288
23601,0.5509857258876966
23603,2.453695574521821
23604,1.1049301036200316
23607,2.289414772909299
23608,2.5707863388508394
23609,1.7297090208535713
23612,2.2891501968091563
23613,2.067613182241824
23616,0.8384282270534684
23617,0.0
23619,0.0276439590910099
23620,0.0
23621,1.670362905402269
23623,1.8906539638620583
23624,2.2136339047599467
23625,1.4064335413538045
23626,0.0
23627,1.4566820494954773
23630,0.1591524003533607
23632,0.6320978794836891
23633,2.3190298421061515
23635,1.9675238360579557
23636,2.1466273722964067
23637,2.30302733261373
23639,1.4683547080652282
23640,2.2310335641942585
23641,2.2409298838873632
23642,1.9894157612452008
23643,1.855128269621514
23644,2.033719276379667
23645,2.6140756896857713
23646,2.6809746367748604
23647,2.4517459131146833
23648,2.373995727484163
23649,0.7303236009278387
23650,2.734031725527676
23654,2.72281409372339
23657,0.6619051604507309
23658,2.067835883673171
23659,1.7780695663840105
23660,1.7293813619685705
23670,2.0589495145381007
23671,0.0637284429094406
23673,2.523657647754872
23676,0.0318642078034075
23677,2.511865574244808
23678,1.789615143786906
23682,2.1248528053158036
23683,1.85504390919634
23704,1.1539435831964695
23705,1.918103667689664
23708,2.127853293882043
23710,2.400202575684473
23729,1.2055200730595448
23731,2.3572417311570573
23732,0.2516302132284079
23738,0.0140368959186701
23741,2.9471063456262345
23742,0.0
23743,0.6722830396126965
23746,0.0
23749,0.0
23753,2.100961664396388
23757,0.0
23759,1.9023042629520743
23760,2.3375662541416964
23761,2.078892433596315
23762,1.1908766391132364
23764,1.91794318831722
23765,1.7402139466865756
23766,0.0
23767,1.60016666030842
23768,0.8973103303995694
23769,0.2517833914382879
23770,2.810856172264176
23772,0.0
23774,2.104304453162786
23779,0.8982928637381223
23780,2.0915448818533875
23781,0.0
23784,0.0717956175864252
23786,2.257971357795915
23787,2.8191249162821186
23788,2.559333253959079
238,0.4722301313014518
239,0.7287326299206998
2395,1.042338218479992
24,1.250227332535796
240,2.215161906230653
241,1.924146546734084
24137,0.3950479725611193
24138,2.0869447750237073
24139,1.8982024920126093
24140,2.2142063563125594
24141,1.0609523119278814
24142,1.7721375255566456
24144,2.0437479918473263
24145,2.0643606178362255
24146,1.4348753235652218
24147,1.8911089914866437
24148,2.7638915382980014
24149,1.8206962804306548
24150,0.0142416006900836
242,0.1948038299851561
2444,1.5666226667199066
245711,0.3311045314064483
245802,0.0
245806,0.0
245812,1.8244170572002532
245908,0.0
245909,0.1191627482987562
245910,0.0
245911,0.0
245913,0.0
245915,0.0
245927,0.0
245928,0.0
245929,0.0
245930,0.0
245932,0.0
245934,0.0
245936,0.0
245937,0.3346935809413965
245938,0.0
245939,0.0
245940,0.0
245972,0.09665278895269
245973,0.7390855173695152
246,0.9743863047390422
246100,0.0
246119,0.0
246122,0.0
246175,2.1612326274068545
246176,0.4340948411158832
246181,0.955873068907741
246184,2.034248523031377
246210,0.112455778548313
246213,0.0489301088118718
246243,1.990644078801082
246269,0.7758508625221845
246285,0.6589110481945927
246312,0.0820544050747075
246329,0.8984769181425153
246330,1.6276889852697662
246717,0.1126377675040334
246721,0.0602471155158791
246744,0.3170018724926201
246777,1.5805536146422796
246778,0.0332662841654657
247,2.14498133345362
2475,2.0638779405844923
248,0.0
2483,2.4197416144487685
2487,2.437284067232317
2488,0.0
249,2.325127901751725
2491,0.38260427417016
2492,0.0
2494,1.0098576260049743
2495,2.2621238563760286
2497,1.4105675103249002
25,2.359250686178137
250,0.0
251,0.0171022935190702
2512,3.4737609536177554
2515,0.0
2516,0.2298875252519026
2517,2.6444329035873984
2519,2.249158200765663
2520,0.2394344754937768
2521,2.4969746334911647
2523,1.5104751057095744
2524,1.1368043845272358
2525,0.542496560501212
2526,1.1312526017722682
2527,0.0213753154909553
2528,0.2229293777728488
252839,2.626247235517844
252840,0.0
252841,0.377673126978139
252884,1.4168039905514016
2529,0.0254249141756302
252949,0.0
252951,0.0
252952,0.0
252954,0.0
252955,0.0
252968,0.0
252969,2.109297874054431
252983,1.025221606463953
252995,0.776740656725372
2530,2.072025772654692
253012,1.8482956329068363
253013,0.0
253017,0.0
253018,0.6451843107142609
253044,0.0
2531,2.3542077534404706
253128,0.0990610707966686
253143,1.8679806933089071
253152,1.0375675338276134
253175,0.0
253190,1.850661593985836
2532,2.6550042498499167
253260,1.7924341724308743
253264,0.0925612234809782
2533,1.233937445706038
253314,0.0
2534,1.7339214295319552
253430,1.6534305574638803
253461,2.1252935865500513
2535,1.2598982454959085
253512,1.8870905287805289
253558,1.388596606661136
253559,0.3927542573442393
253573,0.0
253582,0.0581124904196997
253635,1.7617332448845988
253639,1.1606254671793677
253650,0.4897989652617399
253665,0.0
2537,2.6603382865343113
253714,0.8099713506468724
253724,0.1675331818740776
253725,2.0682320687652265
253738,1.1465339147694884
253769,1.0971647822943464
253782,2.2029101830588353
2538,0.0
253827,2.3993828721772954
253832,2.315540675123947
2539,2.1815521590046867
253935,0.1644645680444395
253943,2.4153599159760235
253959,1.506115998704939
253962,0.2356919745933813
253970,0.0
253980,1.4984026287129777
253982,0.7863038387661465
253986,0.6412118075704485
254013,1.1027470260650385
254028,0.0
254042,1.4957762657589078
254048,1.6397870817499656
254050,0.4785125127605076
254065,1.3234485387006254
254099,0.3069320026278125
254102,1.7761164341711986
254122,0.3841548385408826
254128,1.1425477192351474
254158,0.2583421093709769
254170,1.9338870116931768
254173,0.2726416588947935
254187,0.0406387916047836
2542,1.7594218890997615
254225,1.5646528427793347
254228,0.6684640913644322
254240,0.0191397532419228
254251,0.9401801712062556
254263,0.5275543026248639
254268,0.1191627482987562
254272,0.0
254295,2.3442977799819213
2543,0.0
254359,1.635950372188088
254394,1.3007199157807636
254427,1.4073329254574147
254428,1.9232051587073289
254439,0.0
254528,0.2130205485608581
254531,1.9971863354745312
254552,1.5198338470274348
254559,1.0169314269995426
2547,2.9803340912987912
254773,0.1617271407141531
254778,0.0440046509270564
254783,0.0
254786,0.0
2548,2.5668966892976144
254827,1.7312306728516655
254863,2.0877737882032954
254879,0.0181216355189445
254887,1.2223775179568577
254896,0.0979504261429475
2549,1.9980241096448128
254910,0.0485371324516474
254950,0.0
254956,0.3875035432439886
254973,0.0
2550,1.9447081770408312
255022,0.0132175827499873
255025,0.0
255027,1.7809434619081026
255031,1.112721693451457
255043,0.7807299352597321
255057,0.1379033647729047
255061,0.6231417751222605
255082,0.5752676948823711
2551,2.1469940625941644
255101,0.1180788346824814
255104,2.303682994200023
255119,0.0191397532419228
255130,0.0342663432615378
255187,0.1086247075317278
255189,0.9869028781277496
255193,0.0314631865193807
255220,0.0
255231,0.8698023875740271
255239,1.205811964012305
255252,1.5120542502829035
255275,0.0344662129356738
2553,1.7470346153403715
255308,0.257430204361254
255313,0.0
255324,0.1758282624310461
255349,0.434698493723104
255374,0.748043717867816
255394,1.5590603272091856
2554,0.0
255403,1.685220748710591
255411,0.0
255426,0.6997659741412915
255480,0.6169815186052734
255488,2.3579259736841154
2555,0.2024987713287518
255512,1.431935850220099
255520,2.145529401840266
2556,0.0103437444480222
255626,0.0
255631,0.3231772778981793
255649,0.0
255654,0.0
2557,0.0729417365234151
255725,0.0
255738,0.0074601518934053
255743,2.260559385794034
255758,0.9974449333089984
255762,0.2945572672178883
255783,2.082781729014047
255798,0.0
2558,0.0
255809,0.7251391050339007
255877,1.94315239895061
2559,0.0
255919,1.7105910539269458
255926,0.0
255928,0.0506962311574882
255967,2.2134500852203165
2560,0.1825372844358325
256006,0.2536192177458344
256021,0.5104476925284843
256051,1.429839293199732
256076,0.0
256085,0.0
2561,0.0487336436053482
256126,0.780361570640417
256130,0.0199533676763937
256144,0.0
256148,0.0
256158,0.4658936240192695
256190,0.0
2562,0.2809505366450674
256223,0.0
256227,0.1569143456541531
256281,1.8666615079802484
256297,0.0258288102084853
2563,0.2179903285816389
256302,2.04893199533314
256309,1.3292861571400023
256329,0.7060549708273669
256355,0.5409327359682732
256356,1.734033705059855
256364,2.0152992841865127
256369,0.0
256380,0.1710986205592281
256394,2.1279039336449865
2564,0.9017196992898638
256435,0.7525165317411224
256471,1.5154180308443048
256472,0.0166942133416963
2565,0.0189362275154237
256536,0.1895222740277748
256586,1.842547867328945
2566,0.0
256643,1.6096720022211364
256646,0.1058773024419657
256691,2.1926353378102754
2567,0.0899469520555108
256710,0.5365358335632141
256714,0.3154502898354606
256764,0.5757648630317661
2568,2.9206449080866292
256815,0.0197500372972908
256892,0.0
2569,0.1364904825088563
256933,0.0
256949,0.9031826451767722
256957,0.0837519842731955
256979,0.0
256987,1.996838907307448
257,0.0215782561623971
2570,0.1990697104555288
257000,1.227732295965019
257019,1.490755378083562
257044,0.5530410819506881
257062,0.0152643844692303
257068,0.2884416150412991
257093,0.8882109065962174
2571,0.0700734830017112
257101,1.1572943740529242
257106,1.5236969037781865
257144,1.0402496682461322
257160,1.7797782744498385
257169,0.6628710617570719
257177,2.227778967581973
257194,0.9049458382873676
2572,0.0
257202,0.0
257203,0.0860100466169922
257218,1.1408307788240777
257236,1.2973392705411917
257240,0.0346660352741282
257313,0.1340120576228596
257364,2.0977079544173107
257396,0.7135091581413294
257397,1.7622127330851818
257407,1.81834747288245
257415,1.644919055533019
257468,0.9475947738081476
25758,0.950930722472634
25759,1.8243766818494704
257629,0.057723791780431
25763,0.076750799447613
25764,0.1962830437178839
25766,1.085746841096356
25769,0.0
25770,0.0822431961241168
25771,2.0193575767454517
25774,0.041431969987866
25775,0.1233045730531342
25776,2.1746028500162766
25777,2.3835715108578683
25778,1.9836492888846933
25780,0.9475947738081476
25782,1.9467580957743391
25786,0.7868878262652975
25788,0.3235965374674634
25789,0.961607879675112
25790,0.5061893430382601
25791,1.155940486004359
25792,2.242187787344456
25793,2.3730553328563606
25794,0.7131832232210908
25796,2.332626388473422
25797,1.287224151804106
25798,2.0874032817053303
25799,1.4537773876088864
258,0.0
2580,1.8872638173259308
25800,3.228126899264202
25801,1.8519859142039512
258010,2.202188194157071
25802,2.5639684202320945
25803,2.893757759995796
25804,2.40572887671102
25805,2.574626418631882
25806,0.5085945571359952
25807,1.735341455972356
25809,1.9694718786785592
2581,1.9837307267404032
25813,2.0945410136053253
25814,2.5639462264394126
25816,1.3809529740928124
25817,0.6613777331143925
25818,2.85773245867495
25819,1.6492249106909096
2582,1.8484956965917132
25820,1.83979455267002
25821,1.33629279410151
25822,1.1860977994476178
25823,0.802604537608156
25824,3.018917217516554
25825,2.0412833573082305
25826,0.0
25827,1.4167059850523698
25828,2.8193652711646595
25829,2.2564349053923776
2583,0.4523481818008428
25830,0.4755493538937113
25831,2.319389286353736
25832,0.9123696126972068
25833,1.4034240561242484
25834,0.0979504261429475
25836,2.1447969923034154
25837,0.9850923799667498
25839,2.300127232019836
2584,1.7398079300454112
25840,2.6768393894399756
25841,1.189075261009498
25842,2.242846395411534
25843,2.160934962560974
25844,2.663689705809199
25845,0.0884493778801894
25847,2.5620474850963295
25849,2.162884066968672
2585,1.4473176365925131
25850,1.346588131766342
25851,1.4271582510820504
25852,1.8220586619979513
25853,2.460219690732515
25854,0.6530615443347936
25855,2.3458446470044465
25858,0.0
25859,0.5710776812642496
25861,1.7579488390927187
25862,1.0073440288087532
25864,1.40583306687321
25865,2.2744479927671906
2587,0.0232000328901817
25870,2.6447427277630204
25871,2.118714093688593
25873,3.1335380953062937
25874,2.379764107146441
25875,2.3275301092356013
25876,0.8185082836343549
25878,2.339343187379689
25879,1.843725029423961
2588,1.441963124209733
25880,1.885083652876111
25884,0.3991085526853754
25885,1.765043662943995
25886,1.2853671938638582
25888,1.4331231920328922
2589,2.5136332427165957
25890,1.455753495380672
25891,2.609469534998221
25893,1.047599783868393
25894,1.7592453885740955
25895,2.000941959070952
25896,1.9157138815591863
25897,2.31147658539711
25898,1.9781190091528256
259,0.8105345949538272
2590,1.9629902119468272
25900,1.101126239064401
25901,2.5216632358457773
25902,1.380926690887144
25903,2.050471550420757
25904,2.0340464268824854
25906,1.1634258233287278
25907,1.2972776054905133
25909,1.9369053578785045
2591,2.3820721937615157
25911,2.138051453835135
25912,2.875838436195585
25913,1.83263233594424
25914,0.8870251606703334
25915,2.4883037520471216
25917,2.0628391489385387
259173,1.3295473346011502
259197,0.1290326108407842
2592,1.4769644953822678
25920,2.50670408918419
25921,2.5870609071232966
259215,0.0
259217,1.2364621044995718
25923,2.458370803464978
259230,1.9885723611967725
259232,0.5265967333109205
259234,0.0
259236,0.311628633700008
259239,0.0
25924,1.0756612319020171
259240,0.0
259249,0.0
25925,1.9782979805228835
25926,2.2654720892086755
259266,0.2648467394595812
25927,1.4938286565423893
25928,2.341303877432641
259282,1.8674899078307212
259283,0.0197500372972908
259285,0.0
259286,0.0
259287,0.0
259289,0.0
25929,2.019969069042034
259290,0.3120541937650887
259292,0.0449920531388688
259293,0.025020825205399
259294,0.3168609479248995
259295,0.7456407088809948
259296,0.0420263638480368
2593,2.1968531853198026
25930,2.2686553927204702
259307,0.5255312755676408
259308,0.0586952005206574
25932,2.875965087124609
25934,2.325724991573924
25936,1.5723407990865443
25937,2.37672128974508
25938,1.5049277888318844
25939,1.863634090224504
25940,2.142405065966939
25941,2.0669279412472035
25942,2.183338863501892
25943,1.8746564358415927
25945,1.0306358489127228
25946,2.348003488415318
25948,2.3162695875804533
25949,2.4235968831876664
2595,1.233833443504823
25950,1.2740563820564454
25953,2.0334633056911646
25956,0.960887013101694
25957,2.283927524683267
25959,2.0810466003647283
2596,0.2844846878967373
25960,1.6368660617992778
25961,1.2298317609013982
25962,2.1330182777747466
25963,2.5073263754804125
25966,1.8840808402049205
2597,3.268044957168388
25970,2.0743164773941034
25972,2.4050937086648236
25973,1.6941035754589313
25974,1.5418765460135777
25975,0.2774003643749096
25976,2.318856536556261
25977,1.8103660227595084
25978,2.0418952169154494
25979,2.0021662793084065
25980,2.51380441221103
25981,1.047455592691846
25983,2.021834490002603
25984,2.369348348607727
25987,2.273016092979224
25988,1.4011804742440797
25989,2.0914430580361913
25992,1.1644478458362182
25994,2.413351794123693
25996,1.9683790716715697
25998,2.1921869338982525
25999,2.104790708118769
26,0.0964672461846826
26000,2.0276423263757053
26001,2.7307086348466645
26002,1.0383490385601395
26003,2.534624395496408
26005,1.7155108525159397
26007,1.9408260804367672
26009,2.117555170767724
26010,1.692269816527079
26011,0.2138242184483477
26012,2.069958372376078
26013,0.4350604506089697
26015,1.9138857531987563
26017,2.6970639485525085
26018,2.6271402170493565
26019,2.0885496051159675
26020,2.726177631357297
26022,2.389890730718045
26024,0.6298926356634209
26025,0.3800129302731301
26027,0.524677776085414
260293,2.223461633351367
26030,1.7437657629474663
26031,1.398876217034087
26032,0.6825061481727459
26033,1.360198330352578
260334,0.2287846053397926
260338,0.0
26034,0.3566861551835944
26035,2.188640646029365
26036,1.5752537560585094
26037,1.892761660276868
26038,0.1551885668524069
26039,1.8260791468258517
26040,1.530047820942748
260425,2.058871637946452
260429,0.0590834488965626
26043,1.9521016443920276
260434,0.1813672189915267
260436,2.8879727927507703
26045,0.641754855547664
26046,1.923442693689476
26047,0.0583067721494003
26048,1.3997130305760035
26049,0.6475210304462719
26050,0.7627366681616733
26051,1.5980295653297112
26052,0.6146338371778239
26053,1.985220713242246
26054,2.180466990770804
26056,2.1674342882600466
26057,2.2834800045617407
26058,1.9989970272858248
26059,0.2753219812469242
26060,2.288678032493
26061,2.0297410434557484
26063,1.4939545433251562
26064,2.0266855902432144
26065,2.6458655882251447
26070,0.0
26071,2.612948993873532
26073,2.7086261554155646
26074,0.167022551389696
26080,0.0
26082,0.0320646470462866
26084,1.7809882133249628
26085,0.5206098300591449
26086,1.3709211102912615
26088,1.9710667830880908
26090,2.1115016582082395
26091,1.7241817394767387
26092,2.5339296524033728
26093,1.835629984204474
26094,1.5818998420476948
26095,1.034627724562301
26097,2.227433099651672
26098,1.367829990946067
26099,2.467621938585713
26100,2.211407023328292
26102,0.0
26103,0.0
26108,1.1285818906785474
26112,1.9799598280901256
26115,1.3530911152817289
26118,2.2990012681133787
26119,2.2046641737256105
26121,2.072315573226984
26122,2.1012443007461528
26123,2.574042070475294
26127,2.120908159215722
26128,1.9554658686067885
26130,1.916745579373631
26133,2.667071916554365
26134,0.6076382119781336
26135,2.706034184770593
26136,2.6377475890964632
26137,0.4209352871099618
26138,0.0
26140,1.3097719824797125
26145,2.2716962954107616
26146,2.005206808119574
26147,1.524564305373643
26149,1.379531755724363
2615,1.941711398590116
26150,1.070136387548639
26151,1.960462154297203
26152,0.972919138257846
26153,0.9130292624237047
26154,1.3067212340259784
26155,2.215441599651409
26156,2.692961740121066
26157,1.6727327872702364
26160,1.6220068653593986
26164,1.7588568328814125
26165,0.0
26166,0.2834555412785291
26167,1.365181162721743
26168,1.4509930130456998
2617,1.8157072593342287
261726,2.4706591821961856
261729,1.8157072593342287
26173,2.238995733818971
261734,1.0757070543760952
26175,1.8910145939236311
2618,2.145367261792769
26184,0.0
26188,0.0
26189,0.0
2619,2.41695316568473
26190,2.1349146168585005
26191,0.8770142896386385
262,2.292752501557916
2620,1.550611253596887
26205,1.9086054112280668
26206,0.7975988867173968
26207,1.3646117892929923
2621,2.414317718627801
26211,0.0082850342053478
26212,0.0
26219,0.0
2622,1.5257642620833851
26220,0.1485970601752414
26224,2.30656816861622
26225,1.9402651069701704
26226,0.4996994506783486
26227,2.2022738699299103
26228,0.1956259512388426
26229,2.2415179320228913
2623,0.0
26230,0.9129093778079744
26232,2.1667872675286612
26233,1.3135235372231688
26234,2.703722471057332
26235,1.7807196343773506
26238,0.4664719282130878
26239,0.0
2624,1.5722338851661977
26240,2.006238420094006
26242,0.0
26245,0.0072538062085478
26246,0.0
26247,0.1175363422620864
26248,0.0
26249,1.0260692631160853
2625,2.976172216246242
26251,0.0388514046163894
26253,0.118620969890508
26254,0.0
26255,0.0681558255976688
26256,1.5353154209987931
26257,0.4790809823431844
26258,2.1906880460688996
26259,1.852042575772514
2626,0.0286506937617837
26260,1.7970374453059932
26261,0.2349100619558004
26262,2.0199382092634943
26263,1.6148570468069858
26266,0.6758225577809439
26267,0.926723416048778
26268,2.1786933602797913
26269,2.305890954888509
2627,1.2423991295810128
26270,1.9243282388180756
26271,1.3023411488077568
26272,1.8797799803957211
26273,1.953196906646866
26275,1.9629400975108091
26276,0.5942095009541963
26277,2.529113967598606
26278,1.608881795946402
26279,0.7357048471541768
2628,1.9898768404454208
26280,0.7431510724234671
26281,0.3989819899680454
26284,2.4876139008865983
26285,0.0
26286,2.4657446877723315
26287,0.0573349127789155
26289,2.544863693443106
2629,2.299812686988965
26290,0.4721154076465216
26291,0.0
26292,2.2632737484592043
26297,1.86906922193535
26298,2.793622981366291
26301,0.812291599190769
26307,0.0
2631,2.3782986988625257
2632,1.9551446224073503
2633,2.1484874560840814
26330,0.0561671921294347
26333,0.0113712320035829
26338,0.0
26339,0.0
2634,2.695742549571487
26341,0.0
2635,2.316774887300902
26353,2.4654563428357292
26354,2.574489166498409
26355,2.250217612447594
2636,0.0
2637,0.0
2638,0.0
2639,1.9605342007430917
2641,0.0
2642,0.0262325134658017
2643,1.773209784559053
2644,0.1820360353720198
2645,0.2031502683975658
2646,0.0528497930137067
26468,1.3906381709309947
26469,2.4089464726138656
2647,1.2188616745168246
26470,2.435317652602246
26471,1.3536732542478591
26472,2.424489810265038
26476,0.0
2648,2.3062816168754643
2649,1.1774531823856114
26492,0.0
26493,0.0
26494,0.0
26495,0.0
26496,0.1347209445133961
26497,0.0
26499,1.812053513162316
265,0.0
2650,1.8554749030197293
26502,1.8444470354552895
26503,2.334970944563902
26504,2.287945413066886
26505,2.1298046394546244
26507,0.5288290883275357
26508,1.0225210601179855
26509,2.737482986463242
2651,1.685708083110992
26511,2.376318018717493
26512,1.3658040448139073
26514,0.0
26515,2.3994948702883216
26517,2.3620006668811815
26519,2.4357322181326015
2652,0.0
26520,2.3478595398162394
26521,2.4027696387980404
26523,1.9566972987073596
26524,1.850367775297257
26525,0.0392489295621294
26526,0.1036727819699854
26528,2.0409682968718896
26529,0.0
2653,0.5271288730962247
26530,0.0
26531,0.0
26532,0.0
26533,0.0
26534,0.0
26538,0.0
26539,0.0191397532419228
26541,0.238188934556376
26548,0.266952984640683
2657,0.0
26574,2.1678457819598385
26575,0.3123377707816712
26576,0.2284692044778477
26577,1.0902783425166431
26578,2.5568013224774155
26579,1.375058345621364
2658,0.0
26580,0.9284800110147948
26583,0.0
26585,0.5550905488635629
26586,1.7914310838438332
26589,0.3926266242104571
26591,0.0
26592,0.1309924294396301
26595,0.0
266,0.0
2660,0.3136125853077581
26608,2.034212866901612
26609,0.0
2661,0.5015753612651984
26610,0.6858235841656884
2662,0.7240973885931077
26637,0.0440046509270564
2664,2.5186565833131005
26644,0.0
26645,0.083940390516352
26647,0.0213753154909553
26648,0.0
2665,2.902542427525625
26651,0.0
26658,0.0
26659,0.0936791088254262
266619,0.0
266623,0.2967298613788855
266625,0.1066108377458085
266629,0.011781879253164
26664,0.1302803097110695
266655,1.9339641008954052
266656,0.0763706752693144
266657,0.7123676970579517
266673,0.0138321417599086
266675,0.7471920280133381
26669,0.0
266694,0.0
266722,0.6919900960613564
266727,0.5213609103981269
266740,0.0
266743,0.4647356527155944
266747,0.1189821951149861
266783,0.0899469520555108
26679,0.0
2668,0.2744295571436418
26681,0.0
266812,1.9299509870742269
26682,0.0
26683,0.0
26685,0.0
26686,0.0
26687,0.0
26689,0.0342663432615378
2669,2.6448543520097623
26690,0.0
266917,0.0
266919,0.2592529613172205
26692,0.0
266920,0.3085007061259728
26693,0.0
26694,0.0
26695,0.0
266954,0.0
26696,0.0
266977,0.5371656111364315
267,2.7216570354429037
2670,1.186135588010442
267002,1.694485796334805
267005,0.046963386855558
267006,0.0
267008,0.0240097576149657
267009,1.272734620048238
26701,0.186037339999593
267010,0.0
267012,0.0
267017,0.0
267020,0.0
26707,0.0
2671,1.0090380121623836
26716,0.0115765804481612
26717,0.0
2672,0.4263246109472187
2673,2.378259469202143
26735,0.0
26737,0.0
2674,2.9358320534582476
26740,0.0
26742,0.0
26747,1.714077223473586
2675,0.2545355335728673
26750,1.8224442024889047
26751,1.7951372122602325
2676,0.7244982397573867
26762,0.0
26765,0.0
26766,0.0
26767,0.0
26768,1.056661112658847
2677,2.061604203128662
26771,0.0
26772,0.0
26773,0.0
26775,0.0
26777,0.0
26778,0.0
26779,0.2747271446341556
2678,0.0569458532680942
26780,0.0
26781,0.0
26782,1.234249334034356
26783,1.4273262350907887
26784,0.0
26785,0.0
26786,0.0
26787,0.0
26788,0.0
26789,0.0
2679,0.1304583976107058
26790,0.0
26791,0.0
26792,0.0
26793,0.0
26795,0.0
26796,0.0
26797,0.0
26798,0.6788296872446413
268,0.3581568321547633
26800,0.0
26801,0.0
26804,0.0
26805,0.0
26807,0.0
26808,0.0
26809,0.0
2681,1.669541308860064
26810,0.0
26811,0.0
26812,0.0
26813,0.0
26814,0.0
26815,0.0
26816,0.0
26817,0.0
26818,0.0
26819,0.0
26820,0.0
26821,0.0
26822,1.6505508871880057
26823,0.238188934556376
26824,0.0
26826,0.0
26827,0.0
26828,0.5224325309402954
26829,0.0
2683,2.81774551666871
26830,0.0
26831,0.0
26832,0.0
26834,0.7360200493382384
26835,0.4550537199587505
26852,0.2101206348407074
26853,0.0
26854,0.0
26855,0.0
26858,0.0
26859,0.0
2686,2.2761880688029215
26860,0.0
26863,0.0
26864,0.4051586900092324
26865,0.0
26866,0.0
26869,0.0
2687,1.8268725976874127
26870,0.0
26871,0.0
26872,1.7960128106562552
26873,1.531408985850499
2688,0.0352652184723042
2689,0.0
269,0.0
2690,1.9154636154630975
2691,0.7593220433926237
2692,0.0
2693,0.0
2694,0.0
2695,0.0
26952,0.0
26953,2.2364646646217423
26958,2.3498426913699197
26959,2.3330815928672664
2696,0.6062116320956573
26960,1.39395446257974
2697,2.7265311754691206
26973,1.5684226505374352
26974,1.0989727985846665
26983,0.0
26984,1.7003147001159782
26985,2.3195518233815444
26986,3.057128745948983
26993,1.8340352446746064
26994,2.805193960289818
26995,1.9593003717744335
26996,2.174977800425302
26998,0.1188016023173223
26999,1.3368367172881193
27,1.39943424523951
270,0.4728034812884282
2700,0.0
27000,1.7057222399137515
27005,2.1546379940861433
27006,0.0
2701,2.0683839174606247
27010,0.6596167174579664
27012,0.0246165431357565
27013,2.493985622214778
27018,2.8184765978083384
27019,0.696515947904612
2702,1.6920915119127469
27020,2.715344254746064
27022,0.2818355714733183
27023,0.0350655380227658
2703,0.0
27030,1.646925437995297
27031,1.0163240117245158
27032,2.4639972536227694
27033,0.231617602490273
27034,1.9329298551073957
27035,0.3844129576717742
27036,0.5550905488635629
27037,1.8385378588072347
27039,0.0876995769262763
27040,0.0380557917082188
27042,1.7031605495378253
27043,2.250172323800435
27044,2.693435975557239
2705,1.314300536103172
2706,1.009806432805548
27063,0.0691152046135907
27065,1.9619938739553957
27067,1.854706294372232
27068,2.3889654008963666
27069,2.8951915057782176
2707,1.118071328767339
27071,1.5221158002968955
27072,2.1286902319129313
27074,0.9010480427939882
27075,3.0414668376745357
27076,2.6000765482725123
27077,1.417831903904581
27079,1.8689695608030077
27085,0.7237765355629939
27086,1.5555473544994995
27087,0.4680887694584253
27089,2.4226239180434073
2709,1.6520379984087017
27090,1.8683620082941728
27091,0.0
27092,2.135442348372125
27094,0.4514048025102579
27095,2.4513458704992246
27097,1.8817956479884528
27098,1.1161511726809294
27099,0.0340664262320136
271,1.6466068317716804
2710,1.0204121860238409
27101,2.2826799767288546
27102,2.632795145582493
27106,1.9782979805228835
27107,1.922118608317194
27109,1.692598806806768
27111,1.0385442545453056
27112,0.5258510780052004
27113,0.953968224551182
27115,0.9320946600992932
2712,0.0
27120,0.5115355666274195
27121,0.6505648766946648
27122,2.4452753765403097
27123,1.0858369162220267
27124,2.1300563905260703
27125,2.370605992223072
27127,0.2361607530198453
27128,1.2565828542730486
27129,1.011595609743044
2713,0.0227948798627598
27130,1.2984172568398515
27131,2.2056872144440867
27132,0.6154799103201788
27133,0.0035309985040075
27134,2.064722213022682
27136,0.0
27141,0.0
27143,1.6717001925094948
27145,0.5650487819556612
27146,0.3813097093238859
27147,1.0547174802310164
27148,1.9373412243725083
27151,1.645177949858153
27152,1.4944577663865215
27153,1.982432461752422
27154,2.21461979757593
27156,0.18153447501312
27158,1.8439176876480712
27159,0.0183253569229505
27161,1.798875558861208
27163,2.17503823862526
27164,0.0058079828238362
27165,0.1855382605489196
27166,2.089717924715429
2717,1.9426701379543772
27173,0.304501394118264
27175,2.2077168720690588
27177,0.0225922306114602
27178,0.0
27179,0.0
27180,0.6320978794836891
27181,0.8662623670251132
27183,2.0905355721787973
27185,0.6919900960613564
27189,0.0
2719,2.3783923942877925
27190,2.0257811232364475
27197,0.2451697926206867
27198,2.483286281437622
27199,0.950874331011319
272,1.358197213412686
2720,2.3194679435005363
27200,0.136843931739014
27201,0.0039454490619983
27202,1.3669935612504325
27229,1.1860977994476178
27230,2.7956117951908275
27231,0.1060607473296442
27232,1.3694181783365804
27233,1.5821092963048669
27235,1.5233218608862575
27236,2.3465466104523354
27237,1.6237332450411686
27238,2.26752396672709
27239,1.3503379481644786
27240,0.8097600083777452
27241,1.493324784896517
27242,2.2421281512463276
27243,2.7286639135431594
27244,2.0722243642905567
27245,2.066301411771011
27246,1.9261406034186623
27247,2.4708025071725617
27248,2.624413936688909
27249,2.7268995756485785
27250,2.8510368645151263
27252,1.8772040747571563
27253,0.5697757487396776
27254,0.6357578162338087
27255,0.1164502841304022
27257,1.9002124701754008
27258,2.285505077974177
27283,0.0
27284,0.1852053693049191
27285,1.0065209865682252
27286,1.3496683176826487
27287,0.7037447555180064
27288,0.0579181636361618
27289,1.289638001487731
2729,1.8040246543790963
27290,0.407540162703302
27291,1.8894667656790032
27292,1.4987974435948874
27293,1.9163428898988013
27294,0.805873202712395
27295,2.5022483577905774
27296,0.5870066864043573
27297,2.187184676802275
27299,0.6935859620366922
273,0.531160359528085
2730,2.1591478833884694
27300,1.8528915652257671
27301,2.3029280421067577
27302,0.0
27303,1.5212439790473808
27304,1.6251351506016316
27306,0.8166285997609187
27309,2.3549642789345224
2731,0.1936514469748223
27314,2.1198033834284606
27315,2.289486631812332
27316,2.6900953037320687
27319,0.4893508323413079
27320,0.0156731530012164
27324,1.2128436903301762
27327,1.9224678971256328
27328,0.2112496279420356
27329,0.0848817820027076
2733,2.304219215563389
27330,1.2956099504933802
27332,2.2793595813679124
27333,2.1609810961370735
27334,0.5579499648335893
27335,2.8602247699742085
27336,2.605518068199769
27338,1.4211946969418183
27339,2.789938626300863
2734,2.451369922408616
27340,1.7730046660723435
27341,1.949731600229741
27342,0.5019059032972142
27343,1.9068352037127527
27344,0.8057314267706928
27345,1.373113972257248
27346,2.049326042324755
27347,2.1277335714173384
27348,2.1986645451662485
27349,2.1068512609052537
2735,0.3959380940880423
27350,2.5588341426084695
27351,2.1142136967384846
27352,0.1632680785905308
2736,0.9091815241841226
2737,2.05557475637123
2738,1.1320846527144428
2739,2.830220940270545
274,1.5029340989714437
2740,0.8961415774464995
2741,0.0344662129356738
2742,0.0340664262320136
27429,1.9201441342155
2743,1.5992255285927806
27430,2.4642129504498884
27433,1.517780815288097
27434,1.7077927472841783
27436,2.082353936134079
27439,0.4161257174798992
2744,2.0284397678973587
27440,1.9371348212810224
27442,0.0
27443,0.2230881940461186
27445,1.0153610128310115
2745,1.5376019295154708
2746,2.917927874532668
2747,1.0117487205787357
275,0.051479983874231
2752,2.842149061293738
2753,0.0
276,0.0
2760,2.4986586163065176
2762,1.884115762323097
2764,2.232499257691315
2765,0.0
2766,1.8098647219840065
2767,2.1525782065321755
2768,2.3163410652262657
2769,1.72356894872352
277,0.0183253569229505
2770,0.9907191578232872
2771,2.6776259420258346
2773,2.274808759195959
2774,1.4735210931701657
2775,0.5712777671053793
2776,2.4736609930625852
2778,2.8935481405421015
2779,0.0109603861112779
278,0.0
2780,0.3418218475162929
2781,1.4941223419375094
2782,2.836134269193148
2783,2.8384209680596983
2784,0.631179877144196
2785,0.2551458206572647
2786,0.6262016352244051
2787,1.0406387916047837
2788,2.159750196100938
279,0.0
2790,0.0350655380227658
2791,2.431160804408151
2792,0.0
2793,0.7833027324698961
2794,2.0942682754398114
2796,1.3318921140213795
2797,0.2272063501845077
2798,0.1596680011708285
2799,2.690800896621152
28,1.1457632577685344
280,1.1221463874299242
2800,2.009100733110599
2801,2.282048549792961
2802,2.1085457100987135
2803,2.270103140990835
2804,2.5290308206115553
2805,2.3467658079528557
2806,2.6602114905101737
280636,1.4875564167227773
280658,0.0
280664,0.2858058900056053
281,0.0
2810,2.777205026676611
2811,0.3331771774676362
2812,0.0
2813,1.063484058435829
2814,0.0119871284396815
2815,0.0
2817,2.1436845263585584
2819,0.8758709580577596
2820,2.378198435523097
2821,2.3169783718228425
2822,0.4897989652617399
28227,0.5730033679272749
2823,0.3483435797417242
28231,0.457398345838149
28232,1.6628847549063206
28234,0.0
2824,2.2773142341618677
2825,0.1394899473602603
282566,0.7122044736013773
2826,0.1361368806434324
282616,0.0
282617,0.0
282618,0.0
282679,1.2074146260561234
282697,0.073704942137793
2827,0.6143515853416084
282706,0.0
282754,0.0
282756,0.0
282763,0.0213753154909553
282769,0.0
282770,0.0
282775,0.0
282776,0.0
282786,0.0
282790,0.0957246593932778
282791,0.4544664003159852
282795,0.0
2828,1.2656845435392947
282801,0.0
282808,0.0
282809,1.5775148228809226
282890,1.4888724268407545
2829,0.2497897559461853
282966,0.0
282969,1.3572350327107892
282973,0.3033549427328108
282974,1.3143602580685187
28299,2.6345278660010205
282991,2.2680119638567935
282996,0.4291263621006556
283,2.0453205694045
2830,0.0639214260144302
283008,0.0
283025,0.0
283033,0.0501079362162316
283038,0.1062441514989379
283045,0.0972091680864421
283050,0.6512791317359106
28307,0.1348980704403251
283078,0.3918603722166712
283080,0.0
283089,0.1137288585710933
283092,0.0
283093,0.0
2831,0.0300581105554705
283102,0.3052170685540204
283104,0.7849147851292461
283106,0.2031502683975658
283110,0.0
283111,0.0
283116,0.0
283120,1.4358198818185068
283129,0.1518994770252737
283130,1.1596361171395204
283131,2.3338095833235535
283140,0.507611567951372
283149,1.9684849616253588
283150,0.1295675712697485
283152,0.6654984635367283
283159,0.0
28316,0.0583067721494003
283160,0.0
283162,0.0
283165,0.0
283171,0.0240097576149657
283177,0.3964462639138413
283189,0.0
283193,0.0
283194,0.5499558301586809
2832,0.0
283208,0.4930397372969597
283209,1.548948201792412
283212,0.9258432559893192
283214,0.0
283219,1.6741630221956103
283229,2.360025310076531
283232,1.9267847555591808
283234,0.7814660468718109
283236,0.076750799447613
283237,2.018243236497137
283238,0.0
283248,0.7334151848992378
283254,1.4260529605636123
283267,1.592532622218101
283284,0.641754855547664
283297,0.0
283298,1.5616188540652285
283299,0.5206098300591449
2833,0.9757958088151396
283303,0.0
283310,0.1790219919026922
283314,0.8143237979826842
283316,0.950930722472634
283320,0.0392489295621294
283332,0.0173062599854029
283335,1.0459153685688207
283337,1.9961102520628575
283345,0.840648876466301
283349,2.371449062388382
283352,0.0
283358,1.4147172806377477
283365,0.0
283373,2.0987575047655507
283375,0.0710306629776471
283377,1.38373140084947
28338,0.0
283383,0.5230747416546213
283385,0.5781464322663141
283387,0.0146508621545966
28339,0.0
2834,0.0
28340,0.0
283404,0.2023358143890825
28341,0.0
283416,0.6649737859089059
283417,0.940581691200039
28342,0.0
283420,0.5390516414985462
283422,0.0
28343,0.0
283431,0.6148219418518983
283432,0.0
28344,0.0
283440,0.0548027927666294
283446,0.4602021147950215
283450,1.766966888900419
283455,0.4189658657186333
283459,1.8581537726847663
28346,0.0
283460,0.0091091168566818
283461,0.0
283463,0.0115765804481612
283464,1.7554864816456808
28347,0.0
283471,0.0858221088259321
28348,0.0
283480,0.0693069482704467
283481,1.664696687737606
283486,0.0
283487,1.1491221603393216
283489,2.1498793826789546
2835,0.3669218838017817
28350,0.0
28351,0.0
283514,0.2086667292854055
283518,0.2094747804319355
283521,0.0503040803202519
28353,0.0
283537,2.203459962209168
28354,0.0
283547,0.3202360753497218
28355,0.0
283551,0.3895569433205307
283553,0.7709354372325545
283554,0.3628175053096492
28356,0.0
283562,0.0
283571,0.4872184429598525
283575,0.3531987214182662
283576,0.0111658338983268
283578,1.9857003455182605
283579,0.0
283585,0.0
283587,0.0183253569229505
28359,0.0
283592,0.0775105280642577
283596,0.7926993087072234
283598,0.0
28360,0.0
283600,0.0
283601,0.0
283603,0.7199950087241007
28361,0.0
283617,0.0
28362,0.0
283624,1.6696999794131189
283629,1.1724032046377877
28363,0.0
283635,1.9960773971143744
283638,2.1171996511010716
28364,0.0
283643,0.7137535061258078
283652,0.0
283659,0.7304030505666571
28366,0.0
283663,0.7356260234218235
28367,0.0
283673,1.8122509854537177
283677,0.0455839386189831
283683,0.0621829736100838
283685,0.0
283688,0.0
28369,0.0
283692,0.0168982779780871
283694,0.0
2837,0.0386525717956126
28371,0.0
283710,0.2778450164077647
28372,0.0
283726,1.019556480642268
28373,0.0
283731,0.2747271446341556
283738,0.0
28374,0.0
283742,2.0345217743473
283748,0.0164900995891271
28376,0.0
283761,0.0
283767,0.0
283768,0.0
28378,0.3425037863712844
2838,0.184705774775147
28380,0.0
283804,0.0
283807,0.9760664946501664
28382,0.3047877429779049
283820,1.335375436266549
28383,0.1211462231579099
283847,0.0246165431357565
283848,0.9626599336217364
283849,0.8821968816668895
28385,1.1363506657344045
283854,0.0
283856,0.0886367224100169
283860,0.010754888621307
283867,0.0
283869,0.12867577671514
28387,0.3506401217746132
283870,0.567667579050338
283871,1.5280379290831798
283875,0.1128197163068454
283876,0.798818072818059
28388,2.3451725965852006
283887,0.8015351207342132
283888,0.0633423431029015
283897,1.0192541752597124
283899,1.873493128332962
28390,0.6774566391548213
283902,0.031262604438497
28391,1.1613367296910668
283914,0.0
28392,1.9785525278068132
283927,1.21575339886417
28393,1.2778105101220825
283932,0.6570552199974408
283933,0.8835801525105892
28394,1.8913834772287896
283948,0.976823776980512
28395,1.84302106445772
283951,2.13587927803918
283953,0.0
283955,0.1393138122542398
283970,0.5211463955904805
283971,0.0
28398,1.4706477776527167
283982,0.0
283985,0.0296562306312831
283987,2.381412626458629
283989,2.092007821730071
283991,2.2916494005534065
283994,0.0
283999,0.0162859366995967
284,0.7309589347844888
2840,0.6869258214436141
28400,1.1820776843197736
284001,1.6183408945285849
284004,1.7696748844643495
28401,1.5347758301082908
284013,0.5299956661121584
284018,2.352779075051527
28402,0.5235025653408306
284021,0.951438013648436
284023,1.5961028380258415
284029,1.6664142155837622
284034,0.0266360241092229
284040,0.7492033622576086
28405,0.0
284058,1.7139336036407946
28406,0.1343665777337765
284067,0.0553878071845259
284069,0.3404561507267515
28407,0.0
284071,0.0625696085978943
284076,0.025020825205399
28408,2.1336077195392704
284080,0.4164967827374138
284086,1.2132037427791382
28409,1.6711830045097864
284098,1.7515148855194485
284099,0.0436093653522559
2841,0.3150265908981102
28410,1.5609075085882316
284106,2.0573944549138465
28411,0.112091680115918
284110,0.0189362275154237
284111,0.0473570995805846
284114,1.5179605546350483
284119,3.023000061246037
28412,1.339006784998234
284124,0.0
284129,1.804712826122328
28413,0.0
284131,1.720813606065262
28414,0.1790219919026922
28415,0.4665875346150472
28416,0.7044056213734522
284161,1.1719383372439338
284167,0.2067240747419362
28417,0.0
28418,0.0
284184,2.079697784918971
284186,0.5793342240876441
28419,0.0
284191,0.0567512557756906
284194,0.0769407965432616
284196,0.1515524834278699
2842,0.2279958687871773
28420,1.7062009104503555
284203,0.055972413796195
284207,1.7688355053688372
28421,0.1137288585710933
284215,0.4480934830968592
284217,0.9201805978220357
28422,0.0
28423,1.812604125402577
284230,0.0
28424,2.3005998718470044
284241,0.0
284252,2.0628226366605844
284254,0.0
284257,0.0
28426,1.069997598148226
284260,0.0232000328901817
284266,1.233590694987895
28427,0.0
284273,2.09651981249251
284274,0.0
284276,0.2008677113527925
28428,0.2165506698612004
28429,0.0
284293,0.0972091680864421
284294,0.0
284297,1.312475774709982
2843,0.1033047896802982
28430,0.0
284306,1.2611198235255867
284307,1.53084554246907
284309,1.9344802112096788
28431,0.0
284312,0.7013437007666868
28432,0.3715294340147893
284323,1.5775500659373485
284325,1.7973820277019614
28433,0.0
284338,0.7544352390776703
284339,0.2191082719804654
28434,1.7642649769666596
284340,1.9145257412574015
284346,0.7539752537637653
284348,1.1236249344159577
284349,1.2417843993487576
28435,0.3092127067048581
284352,1.8289345226408225
284353,1.0099599993492416
284355,0.0
284358,0.8773949429908968
284359,0.1389614282421753
284361,2.0861138783643765
284366,0.0
284369,0.0
284370,1.7766366358171104
284371,1.6863338756444124
28438,0.0
284382,0.0
284383,0.0
284385,1.138697860435038
28439,2.0152742904822913
284390,1.1916255026580296
284391,1.549116639730239
284393,2.001052243795025
284395,0.0
2844,0.1726218772089289
28440,0.1131834935159202
284402,0.5142481366902564
284403,0.3541392113228169
284406,1.2512357848431468
284408,0.8832660380051301
28441,0.0
284415,0.0
284417,0.0721778321548017
284418,0.0
28442,2.293885938167641
284422,0.5892532796602422
284424,0.0660413065929845
284427,0.3545419247418729
284428,0.0
28443,0.0
284433,0.0
284434,0.5187825249579999
284439,1.5768976413743243
28444,2.2674410281251305
284443,1.4614558575173846
28445,1.5467530738992974
284451,0.0487336436053482
284459,2.155231003434356
28446,0.444290923284619
284467,0.8264538919055399
28447,0.0
28448,2.1330500417480818
284485,0.1389614282421753
284486,1.7348312767789862
28449,0.7656818511998323
284498,0.0260306859239784
2845,0.0115765804481612
28450,2.0966202276697876
28452,2.001052243795025
284521,0.990824823927722
284525,0.0248187083181388
28453,0.4605518388321173
284532,0.0308612972995617
28454,1.4195891955631186
284541,0.0219839916622789
284546,0.0
28455,1.6355929111855152
284565,1.7255828296272984
28457,1.996254780377464
284573,0.1751542886325345
284576,0.0740862832627668
284577,0.0
28458,0.2138242184483477
284593,0.063149226365247
2846,0.2983192562861579
28461,0.186369888167896
284611,1.9853018197956704
284612,0.3000494503470126
284613,1.9782566867892684
284615,0.5056415916715438
284618,0.9518322850329188
28462,0.0
28463,0.3789739083451749
284632,0.022997480615535
28464,0.6184799093951499
284648,0.3092127067048581
284649,0.0493229014588557
28465,1.8812684920836764
284654,0.7102427104826377
284656,0.8250790273512496
28466,0.8228041000262761
284661,0.0795962166369358
28467,1.6292680976355989
284677,0.0298571944893556
28468,2.153830070833933
284680,0.7833760933679341
284685,0.2278380276741225
284688,0.0463724718392014
28469,0.1198845651997117
284695,1.7722859767339123
284697,1.1538235452096706
2847,0.4632275662924953
28470,0.1617271407141531
28471,0.1872006591820415
284716,0.4821431287945434
284723,0.6764250417564394
28473,1.701753332301319
284739,0.2195869118689518
28474,2.002379647766283
284749,0.0215782561623971
28475,0.0
284751,0.1389614282421753
284757,0.2391232734865712
284759,0.3433213143432003
28476,0.0
28477,1.1578509186172985
28478,0.0
284788,0.0
28479,1.705615798310007
284798,0.0
2848,0.2467127785855971
28480,0.0
284800,0.0447946653885956
284801,0.0
284802,0.0573349127789155
284805,0.0700734830017112
28481,0.8827002389108376
28482,0.0
284825,0.1454560752901778
284827,0.052263005646635
28483,0.5682705510066657
284835,0.5566238020273249
284837,0.7450968938389182
28484,0.0
28485,0.0
28486,0.0
284865,0.0
28487,0.0
28488,0.0
28489,0.0
2849,0.0643072587180317
28490,0.0
284900,1.05210009504508
284904,0.0927476423604853
28491,0.0
28492,0.0
28493,0.0
284930,0.0723688738166034
284933,0.0
28494,0.0
284948,0.0396462670429822
28495,0.0
284958,0.0
28496,0.0
28497,0.0
28498,0.0
28499,0.0
284992,0.1160879462910086
284996,2.198935430932011
285,1.194015138896334
2850,2.0212813641829523
28500,0.0
285000,0.0
28501,0.0
285016,0.780877223432198
28502,0.0
285025,0.051284114267885
28503,0.0
28504,0.0
285045,0.0596654842894622
28505,0.0
285051,0.0394476217259577
285053,1.3220966938055958
28506,0.0
28507,0.0
285074,0.0191397532419228
28508,0.0
285084,0.1694027480215364
28509,0.0
285093,0.0635354152782802
285095,0.4282747677761113
285097,0.5836725015206955
28510,0.0
28511,2.029963496908725
28512,1.6099515439390577
285126,0.0534361704016004
28513,0.5310545560348755
28514,1.4346861984235515
285141,1.4457704948869388
285148,1.8215305034653064
285150,0.0983208065549586
285154,0.215268792123166
28516,0.0
28517,0.0
285172,1.438971254373187
285175,0.0109603861112779
285176,2.85231246366991
28518,0.0
285180,0.0754196057556881
28519,0.0
285190,0.375978772065176
285193,1.113194457249942
285194,0.0
285195,1.3588833959885058
2852,1.0647925460498495
28520,0.8204518534841524
285203,2.2945035586424107
285205,0.248867918546407
28521,0.0
28522,0.576062996811702
285220,0.1498152965710392
285224,0.0
28523,0.0
285231,0.1967755109431192
285237,2.0544561268640593
28524,0.0
285242,0.0
28525,0.0
285260,0.2046142054746045
285266,0.3003374425562574
285267,1.5802733939115974
285268,1.8349908547590632
285282,2.055866507694375
285286,0.0045667467349953
2853,0.0606346453732357
285303,0.0
285311,0.0
285313,1.080089408963068
285315,0.9582179995332764
285326,0.0
285331,1.409922239518462
285335,0.3113447971994957
285343,1.5282725240327155
285346,0.9102058871355038
285349,0.8796740795601606
285362,2.36587391596968
285367,1.700812699173274
285368,1.4639371498988922
285370,0.0
285375,0.0
285381,2.138967508571683
285382,0.9731911016710528
285386,1.38665085863982
285389,0.0949814066654706
2854,0.0
285401,0.0
285412,0.0666185243177208
285419,0.3273596661759082
285423,0.0
285429,0.110998419529435
285440,1.8544059595206943
285441,0.0
285453,0.0
285456,0.1304583976107058
285463,0.7717572194030038
285489,0.7420589307200414
285498,0.8327408963317001
285500,0.6413023451149458
285501,0.1010933910344035
285505,1.6832380933511988
285513,1.0941092668210168
28552,0.0
285521,1.528389778616385
285525,0.1315261137724414
285527,1.8066758718735352
285533,0.9801124363936812
285547,0.0
28555,0.0
285550,1.535931353596809
285555,0.154670119035868
285556,0.0
28556,0.0
28557,0.4900229287577378
285577,0.033066130062972
28558,0.9305813978488352
285588,0.0590834488965626
28559,0.6231417751222605
285590,2.199134697110109
285593,0.7203983098884846
285596,0.0
285598,1.2598321357934883
2856,0.0
28560,1.194015138896334
285600,0.5974944001172152
285601,0.0986910213962365
285605,1.6727327872702364
28561,0.0
285613,0.3258287531326413
28562,0.0
285626,0.0064279224007442
285627,0.0156731530012164
285629,0.0183253569229505
28563,0.0
285634,0.0495192289370227
285636,2.126363125107426
285638,0.2125379587842801
28564,0.0
285641,0.0338664618273812
285643,0.0
28565,0.0
285659,0.0
28566,0.0
285668,0.0076664475141711
28567,1.025820076971098
285671,1.6574345865011897
285672,1.776048535096956
285676,0.6949269512226242
285679,0.0
28568,0.6852293331797261
28569,0.0949814066654706
285692,0.0
285696,0.0070474104382352
2857,1.7583382133826255
28570,0.0
285704,1.5370649083279595
285708,0.0
28571,0.0
28572,0.0964672461846826
28573,0.0998006737938156
285735,0.0
28574,0.3652033827063985
28575,0.0
285753,0.8441326056401708
285755,1.239146890345206
285758,0.3195341368984075
285759,0.0551928477150357
28576,0.7551246210430511
285761,1.1247208265496993
285766,0.0
285768,0.0074601518934053
28577,0.0990610707966686
28578,0.0
285780,0.042620338349058
285782,0.1354292185439032
28579,0.0
285796,0.1119095706081079
28580,0.0
285800,0.2361607530198453
285804,0.0
28581,0.0992460334971177
28582,0.0
28583,1.432268588802954
285830,0.5956606093410176
285834,0.0384536920503017
28584,0.0
285848,0.0
28585,0.186369888167896
285852,0.0
285855,2.3865720752449726
285857,0.0
28586,0.1036727819699854
285877,0.0
285878,0.0140368959186701
28588,0.0
285888,0.0
28589,0.6952617856865111
2859,0.5224325309402954
285900,0.2178304945613746
285908,1.0722603955910297
28591,0.0
28592,0.3517184693718995
28593,0.0
28594,0.0
285941,0.0614091674392234
28595,0.1020155256679961
285954,0.0366616595234452
285955,0.265147976990959
285958,1.8014206405204545
28596,0.8073599922596094
285962,0.9750914634561328
285965,0.0918151287903754
285966,1.3593768867016902
28597,0.0
285971,0.8364027907166484
285972,0.6515467870880264
285973,0.3593580110842576
285989,1.3556366300561595
28599,0.0
286,0.1324148165236816
28600,0.116631393300044
286006,0.2049391623143697
28601,0.1966113887139408
28602,0.098876066768446
286023,0.0
28603,0.0
28604,0.2592529613172205
286042,0.9782816012029164
286046,0.5184595798714745
286053,1.986644352956256
286059,0.0629560650472485
28606,0.3452255001400199
286075,1.188624007974774
286077,2.261830295231366
28608,0.0
286083,0.0
28609,0.0
286094,0.0314631865193807
286097,1.188624007974774
2861,0.8608175661864105
28610,0.0
286103,0.0761805481519545
28611,0.0756099064785592
286114,0.0
28612,0.0
286122,0.1267104114681807
286128,1.1618104083702443
286133,1.989509358275076
286135,0.0203598820990786
28614,0.5174898793740458
286144,1.9690421730042524
286148,1.9397185275739173
286150,0.0927476423604853
286151,0.0921882600032804
28616,0.3113447971994957
28617,0.2036385443040874
286177,0.0
286178,0.0342663432615378
286183,0.085446105720894
286184,0.0
286186,0.0146508621545966
286187,0.314178497218857
286189,0.218469638822162
28619,0.1952972035635645
286190,0.0156731530012164
2862,0.1577758647003239
28620,0.1828712777039117
286204,0.9239025141767864
286205,1.2059943179509778
286207,0.7345215160700613
28622,0.6095358174421385
28623,0.0
286234,0.0
286238,0.0142416006900836
28624,0.0
28625,0.0
286256,0.6435619482908753
28626,0.0
286262,1.519794065292433
28627,0.0
28628,0.576062996811702
28629,1.1132803727198133
2863,1.38615676165783
28630,0.5606964567607127
28631,0.0
286310,0.1550157875879565
286319,2.1929530844252816
28632,0.0
28633,0.0
286333,0.4228995388131237
286336,0.8825115268206394
28634,0.0
286343,2.229527118627524
286348,0.0
28635,0.9230183565443631
286362,0.0
286365,0.0
28637,1.6562029126592566
286370,0.0
28638,2.1661969026528496
286380,0.0
28639,1.9009249017069216
2864,0.0183253569229505
28640,0.2232469786978939
28641,0.0
286410,1.7178855948596812
286411,0.0162859366995967
28642,0.1207859468404668
286423,0.096838290181438
28643,0.1023840919216796
286430,0.1014623682252616
286436,0.0225922306114602
28644,0.3026375512736929
286442,0.0
286444,0.7351528861151925
286451,2.225287791697612
286453,0.0442022240997431
286456,0.0
28646,0.0
286464,0.0111658338983268
286467,0.3377174543308366
28647,0.3200957386126905
28648,0.1149999756639092
28649,0.0
286494,0.031262604438497
286499,0.2507105201109866
2865,0.0
28650,0.0
28651,0.0
286512,0.0352652184723042
286514,0.0
28652,0.2226116503176634
286527,0.1162691351325153
286528,0.0
28653,0.4728034812884282
286530,0.30618631492802134
28654,0.0
286544,0.1998874825803323
28655,0.0955389086838045
286555,0.0
28656,0.4061623347881265
28657,0.2708496803724958
28658,0.0
28659,0.4645038400483839
2866,0.0449920531388688
28660,0.2674035902259319
28661,0.0878870906234544
28662,0.3099240547125964
28663,0.5780473597224134
28664,0.6910644602656041
28665,0.2511705004141448
28666,0.5973015941884212
28667,0.0
286676,1.923569321000803
28669,0.2587976668438312
2867,0.222452739113652
28670,0.3390880221956519
28671,0.1117274208851172
28672,0.8712769427855801
28673,1.2736698601539944
28674,0.0
286749,0.0099324012091867
28675,0.0
286753,0.4211811008025209
286754,0.0
28676,0.1064275149657084
28677,0.275916367201021
28678,0.0
2868,1.1368868401720895
28680,0.2609201285730693
28682,0.2377213523100385
286826,1.2342839773469283
286827,0.8661332676123566
28683,0.2203840078521228
28684,0.201520533066984
28685,0.0
28686,0.0
28688,0.2143060330373782
286887,0.6224909847645499
28689,0.1023840919216796
2869,1.5120946736006713
28690,0.1512053420531817
28691,0.1153627921809967
28692,0.1905152080494213
28693,0.0
28694,0.0
28695,0.0
28696,0.0
286967,0.0
28697,0.494932836298095
28698,0.0
28699,0.0
287,0.985465570547432
2870,2.036464434248748
28700,0.0
28701,0.0
287015,0.0
28702,0.0
28703,0.0
28704,0.0
28705,0.0
28706,0.0
28707,0.0
28708,0.5323231738955457
28709,0.0
28710,0.4781712195300542
28711,0.494932836298095
28712,0.0
28713,0.0
28714,0.0
28715,0.0
28716,0.494932836298095
28717,0.0
28718,0.0
28719,0.0
2872,2.590465842270162
28720,0.0
28721,0.0
28722,0.0
28723,0.0
28724,0.5323231738955457
28725,0.0
28726,0.0
28727,0.0
28728,0.5192128943969841
28729,0.0
2873,2.2676038139873005
28730,0.0
28731,0.0
28732,0.0
28733,0.0
28734,0.0
28735,0.0
28736,0.0
28737,0.0
28738,0.0
28739,0.0
2874,0.2904854940046766
28741,0.0
28742,0.0
28743,0.0
28744,0.0
28745,0.0
28746,0.0
28747,0.0
28748,0.0
28749,0.0
2875,0.6599692811232684
28750,0.0
28751,0.0
28752,0.0
28753,0.0
28754,0.0
28755,2.305622957758906
28757,0.0
28758,0.0
28759,0.0
2876,2.945682145763101
28762,0.0
28763,0.1036727819699854
28764,0.0
28765,0.0
28767,0.1058773024419657
2877,2.054377302460644
28770,0.1058773024419657
28772,1.3411962782654752
28773,0.4059115491293562
28774,0.2645453866014184
28775,1.4939755213030983
28776,1.7216356105462929
28778,2.321561045181658
2878,2.4831226025142774
28780,0.0
28781,0.415506866858674
28783,0.9037303729316728
28784,1.7188035024704789
28785,1.644751457218888
28786,0.1005396165825761
28787,0.0
2879,2.9401922445134816
28791,1.4701415721932696
28793,2.3657106403803794
28795,0.0
28796,2.232103564357349
28797,2.4910817168545782
28798,0.0
28799,0.5461322881673503
288,1.5630746888889846
2880,0.0
28800,0.0
28802,0.0
28803,2.0387554230924554
28804,1.5099069765447517
28805,0.0
28806,0.0
28811,0.186369888167896
28812,1.380558584907434
28813,2.4719690838739825
28814,1.646333563070889
28815,2.451823113359578
28816,2.2215481791219047
28817,1.8890616328758016
2882,1.947160836063876
28820,0.1961188209270054
28821,0.5790374626792876
28822,1.9200643125306167
28823,2.321935899926756
28824,0.2690536052345982
28825,2.4893219018187516
28826,1.4599970635998103
28827,0.0
28829,0.0
28830,0.0
28834,0.1753228347129015
2885,2.7197685107223486
2886,2.1710267315989213
28863,0.1379033647729047
28869,0.2903396799106517
2887,2.1852142715938387
28870,1.0309324608393535
28874,1.5193761591001864
28875,0.907430208774344
28876,1.079543404894137
28877,0.0
28878,0.9230183565443631
28879,0.0
2888,0.4994784373896387
28880,0.0
28881,0.5362207379047143
28882,1.042629061570946
28883,0.1905152080494213
28884,0.0
28885,0.4211811008025209
28887,0.0
28888,0.2026616951876663
2889,2.317698788575271
28891,0.7017582828126417
28892,0.2890261264122564
28893,1.2662075171366185
28894,0.0
28896,1.0601530256011826
28897,0.0
28899,0.0
2890,0.201846744967738
28900,0.7632662555020175
28901,1.1207488382820867
28902,1.20952017591553
28903,0.4377094382697407
28904,1.0783586459923693
28906,0.7551246210430511
28907,1.8022833382897725
28908,2.6599272166329455
28909,0.0
2891,0.7668863534320642
28912,2.7236309350656875
28913,2.1510631919539835
28914,2.4456555360446175
28915,1.0568030790017366
28916,0.0
28917,0.0
28918,0.0
28919,2.134273071652718
2892,0.4285181796048409
28920,1.6880675999493246
28921,0.1036727819699854
28922,0.1168124626568068
28923,1.8885956595728843
28925,0.0
28926,0.0
28928,0.2147875574936126
28929,0.1178980435863406
2893,1.502130204123606
28930,0.9356305980789388
28931,0.0
28933,0.5635335455285408
28935,2.1260393594356244
28936,0.0
28937,2.125534626979872
28938,1.9465043065801304
28939,0.1157254490155959
2894,0.7365712963848814
28940,1.8144274113883
28941,2.2815454811775613
28942,1.235598803896836
28943,1.997422144793705
28946,1.5335208630604924
28947,1.2748928965584538
28948,1.043936096482344
28949,0.0
2895,0.0119871284396815
28950,2.03792074451392
28951,2.2994392940359187
28952,2.1705046975932434
28954,1.141485460900815
28955,0.6199750947368011
28956,2.4578399691725012
28957,1.1864755703290957
28958,2.594444390786698
28959,2.698044046855306
2896,2.908258154208893
28960,1.572109121597202
28962,1.9502718421242011
28964,2.2423699434179416
28965,2.2065601129643846
28966,1.568853627655549
28968,0.6343875974830766
28969,2.4537433023228177
2897,1.5052353630406368
28970,1.761370350211696
28971,1.697206431828966
28972,2.459518288878858
28973,2.7220057384965535
28974,2.726842687032613
28976,2.1507352328517837
28977,1.64997878107354
28978,2.611501599280231
2898,0.1162691351325153
28981,1.6197753815474365
28982,1.4676470027074733
28983,0.4303412420251875
28984,2.3788343458953713
28985,1.7940754212866512
28986,2.4660474779103327
28987,2.477473099762714
28988,2.072642666628969
28989,1.5320881246448743
2899,1.823669480626396
28990,1.765194588036184
28991,2.05155681506964
28992,1.984943470299484
28996,2.1100194496890947
28998,2.0274669046721527
28999,0.853221443975024
29,2.155141475954485
290,2.795227113016946
2900,0.4319176335537664
2901,1.1153385156374982
29015,1.9484631822199885
29018,0.0
2902,0.3980954554791694
29028,1.606287710597502
2903,0.3189721271692777
29034,0.0
29035,1.848838437398724
2904,0.0432138940104846
2905,0.129745813935983
29057,0.0627628591308276
29058,2.6883222743462087
2906,0.3408661147519204
29062,1.7477724659603089
29063,1.5267652147747908
29066,2.168700144920676
29068,2.196160094374831
2907,2.91586599032081
29070,1.6552508962326673
29071,2.421975443574267
29072,2.209227630703461
29074,2.624939796001869
29075,0.0698819152678692
29078,2.0651819144881913
29079,2.2152121244615257
2908,2.3631758686277515
29080,2.0050399503582095
29081,2.0579469962414163
29082,0.5221112115096428
29083,1.481052121248765
29085,2.4139021795451248
29086,1.8877226734920984
29087,2.4981057016347714
29088,2.3882210419582286
29089,1.409276147485258
2909,2.398033682250131
29090,1.7015922225826807
29091,0.5575421769549007
29092,0.692326379034071
29093,1.6881091266846724
29094,2.053368001311547
29095,1.752412577341589
29097,2.081334614360691
29098,0.435301657509237
29099,1.9701050037257837
291,2.15429196757949
2910,0.0794068242501354
29100,2.3425604415333
29101,2.4306516694881855
29102,2.166750140975559
29103,1.7797333959506183
29104,1.6167885644593964
29105,2.2892767597696
29106,0.2648467394595812
29107,2.4526829851905765
29108,1.9614336604073024
29109,1.7909942177211782
2911,0.0561671921294347
29110,1.4212918362697553
29113,1.4665170001324843
29114,0.1384325675089229
29115,2.036818713894029
29116,2.516260630123555
29117,2.1166348385001283
29118,0.1845391745051366
29119,0.2072101800793139
2912,0.1341893368520052
29121,1.3611823497774094
29122,0.0
29123,1.8558680250079105
29124,0.0
29125,0.2606172693978964
29126,1.1539835902166673
29127,1.6466371848342234
29128,0.2984635860502864
2913,0.1080759571659009
2914,0.036063467897197
2915,0.0049806933258769
2916,0.1896878480350211
2917,0.1171744819931155
2918,0.0402419221072167
2919,1.588280904789259
292,2.9742531909687733
2920,2.398534445515494
2921,0.8318562174588269
2922,2.3800091215763763
2923,2.978665796110852
2925,2.1306415986382774
2926,2.3656743454385203
2928,0.0
293,1.5863923436801504
2931,1.9875591777905597
2932,1.827714614426928
2934,2.9136346231899335
2935,2.5271596306247277
2936,2.2772545868005016
2937,2.1541594479099357
2938,2.4993917826641403
2939,0.407540162703302
2940,0.3715294340147893
2941,2.2449427025395825
2942,0.0
2944,2.5118711762296626
2946,1.6670819919884703
2947,2.673812949067103
2948,1.8844648181457129
2949,1.3475421318209693
2950,3.108209082557357
2953,0.5365358335632141
2954,1.7595395159818057
2956,1.9741188117868609
2957,2.2071040914006907
2958,2.217606841440914
2959,2.3407179129808537
2960,1.8861187398699484
2961,2.0680041785807997
2962,2.5834374340005217
2963,2.0464956746748024
2965,2.0253006928222916
2966,0.1699118824483975
2967,2.0830319128688988
2968,0.0183253569229505
2969,1.6365403485171632
2971,2.584154805140756
2972,1.5138498314797433
2975,2.0872281897054012
2976,2.2054732555976315
29760,1.484657250583579
29761,2.0836254158373175
29763,2.1029355121599047
29765,0.7334942691505462
29766,1.9417643033152845
29767,1.5952552623213758
2977,0.6910644602656041
29775,1.897974790974524
29777,2.252300739874279
2978,0.0132175827499873
29780,1.2313314583903714
29781,2.083599405154162
29785,1.1237514902292287
29789,2.5155755867735135
2979,0.9198842542885736
29796,2.365311166218785
29798,0.8777119797982087
29799,1.105931563289077
2980,0.0
29800,1.872838427566428
29801,1.905711393961355
29802,0.2586458435881859
29803,2.4933507384527167
2981,0.0
2982,2.1567410166385033
2983,1.763391637815053
2984,0.1414249343325171
29841,2.1696138129868725
29842,1.871903883662853
29843,1.8193192306236696
29844,1.8947818902315168
29850,0.0
29851,0.2756192305189168
29855,2.174868985306812
2986,0.0
2987,2.4787424102786826
29880,2.3862131867440555
29881,0.4187193233642668
29882,2.0635649610956004
29883,2.2288075704648516
29886,1.7351424326430585
29887,1.7848193665227134
29888,2.095393265751477
29889,2.2583346381212768
29890,2.3165818553048747
29893,0.8347778475574208
29894,2.1745504055215528
29895,0.3970809952005987
29896,2.576643702071028
29899,0.5570321144463675
2990,2.5900818748894063
29901,1.6062048574682397
29902,1.4162156727005584
29903,1.6905661511318038
29904,2.172766649176407
29906,0.0136273381928503
29907,0.4127778399457104
29909,0.5352746221720364
29911,1.8871945108095347
29914,2.069455925949544
29915,1.661902692358778
29916,2.161689116306327
29919,1.916882401236276
2992,2.13763509949402
29920,2.0445929184029645
29922,1.4026437048556566
29923,1.8945862768366568
29924,1.673305427677662
29925,1.6012734122062435
29926,2.040395842652612
29927,2.845724071759301
29928,2.1329638186742454
29929,1.6996543261678736
2993,0.0
29930,0.0623763134303502
29933,1.1012578230979584
29934,2.6511895631523945
29935,0.0270393423001977
29937,2.7858125922155255
2994,0.0
29940,1.1907267458608728
29941,1.7397463793128212
29942,0.1364904825088563
29943,0.0428182367483027
29944,0.263338820352192
29945,1.864642667120308
29946,2.6587225116233246
29947,0.0
29948,1.689049363984559
29949,0.0203598820990786
2995,2.0933374094807538
29950,2.4825350839010776
29951,0.7010118525742659
29952,2.4933447706056744
29953,0.0575293748341413
29954,1.7296712265848395
29956,2.5160784778429757
29957,2.2200096430850076
29958,0.3873750204825673
29959,2.495002154959692
2996,0.1380798037091699
29960,0.0148554188895284
29964,0.1155441405508978
29965,2.2115629421340386
29966,2.092444786005292
29967,1.3449848585847306
29968,1.920263836747157
29969,2.134377062226928
2997,2.2859701936382093
29970,0.4244917031046245
29974,0.0089031710875008
29978,2.464540314609335
29979,2.5349194125651633
2998,0.0
29980,1.356022901508733
29982,2.2797357586296667
29984,2.3864383366661843
29985,1.2997693557134289
29986,0.9259019720515532
29988,1.773278135558982
29989,0.6885335850197372
2999,0.8015351207342132
29990,0.3809209084016326
29991,0.1162691351325153
29992,1.266991030638586
29993,0.272194047426621
29994,1.564616622438828
29995,1.7303007049985044
29997,2.8338362236170354
29998,1.398850837606355
29999,0.1036727819699854
30,2.040816506515773
3000,0.3160148614633159
30000,2.256304695626808
30001,1.9240754272109448
30008,2.127793437653791
30009,0.3433213143432003
3001,1.2774906653628155
30010,1.1597153288127735
30011,1.67959905368519
30012,0.0
30014,0.0
3002,0.2597079930570676
3003,0.257582261749483
3004,0.5862235854783087
3005,3.045556763762343
3006,2.466405519684338
30061,2.7745863289875494
30062,0.0
3007,0.454818848047692
3008,0.1498152965710392
3009,0.0
301,3.0519675016177907
3010,0.0
3012,1.8128324696111475
3013,0.0
3014,2.1457877962741616
3015,2.578935842668724
3017,2.436947304597663
3018,0.0
302,2.84301246604663
3020,2.2903305159021614
3021,3.0598878285498174
3024,0.0
3026,0.528191977024764
3028,2.7553913737850233
3029,1.6497678234015567
3030,2.892991383408116
3031,0.0368609624667365
3032,2.687593664306421
3033,2.16137927098332
3034,0.1168124626568068
3035,1.733297150132207
3036,0.2615254979860056
3037,0.8976175368100506
3038,2.420890956725906
3039,0.2627348432514378
3040,2.3369684350040703
3041,0.0
3042,0.0
3043,2.686546947471898
3045,0.0364623094604789
3046,0.0436093653522559
3047,0.0
3048,0.0
3049,0.0
3050,0.0710306629776471
3051,0.0
3052,2.1177967237311277
3053,0.0183253569229505
3054,2.220804479199832
3055,1.4400017271362406
3059,1.6459385517336982
306,2.556758192905082
3060,0.0
3061,0.1806978483933106
3062,0.0633423431029015
3064,2.0401677856582627
3065,2.649729276162346
3066,2.0463115887361427
3067,0.5191053260257926
3068,2.7910972548762305
3069,2.7798366333564983
307,2.1223089173905785
3070,0.9592758707407596
3071,1.186853086409752
3073,1.2342146885332084
3074,2.5005703660944243
3075,2.033939390789528
3077,1.8149749210254211
3078,0.0
308,3.0048877898828557
3080,0.0
3081,1.932535512735732
30811,1.3945434875495692
30812,0.7220091035293397
30813,0.090507846716347
30814,0.0530452976713926
30815,0.0773206608342586
30816,0.0738956344925407
30817,0.6386719452204884
30818,1.0544325094475486
30819,0.613692554789897
3082,0.8483281374693554
30820,0.2882954188426201
30827,2.2283488809078302
3083,0.1164502841304022
30832,1.5088908023913743
30833,1.8260992528192992
30834,1.5311564895057022
30835,0.4405885279206463
30836,2.2191526803932597
30837,1.925424525922832
3084,1.8914092007074703
30844,2.1985779673665897
30845,2.1115787403447963
30846,2.7329914255984336
30848,0.0
30849,2.205340386539577
30850,2.0279083276863106
30851,0.1687234043797212
3087,1.533772119245087
309,2.776149658208318
3090,0.8364027907166484
3091,2.4247637444974
3092,2.2240108599582986
3093,2.4880699303498153
3094,2.4794845108258152
3096,1.7037756393977277
30968,2.703115947572143
3097,1.7125079264985064
3098,2.602293712052182
3099,2.12366231194116
31,2.054934345264581
310,2.764656225039212
3101,0.1541513409448461
3104,1.7477966365369872
3105,3.0159237813088
3106,3.149349286608468
3107,3.0953598032220486
3108,2.3431332987064866
3109,1.7629251310073872
311,2.570988079795129
3110,0.0871367817651098
3111,1.9974286929801768
3112,0.8578160965045931
3113,2.552878640943195
3115,2.4624979039068062
3116,0.2123770308163702
3117,2.034040481232545
3118,2.2880060458750138
3119,1.7924015003996197
312,0.5455103277793159
3120,1.8874803237342703
3122,3.238712687572878
3123,2.9892030300228463
3127,2.6593883297501595
313,1.3334207109258065
3131,2.024319691145305
3133,3.142198655465918
3134,1.8437732023938105
3135,0.9794130602650972
3136,2.2572752849165334
3138,1.8181630959907464
314,0.6924104238187144
3140,2.0112413269204734
3141,1.865017956500581
3142,0.5891557501154158
3145,1.6622693833735591
3146,2.6713013477223173
3148,2.55120732755858
3149,1.9983247374822473
3150,2.686807898120344
3151,2.8034556177767795
3155,2.116031076547355
3156,2.1251637283909117
3157,1.945195439637745
3158,2.5682321894645215
3159,2.554605398842809
316,1.8939477471871553
3161,0.4502238862543102
3162,1.7651133272631452
3163,2.1791834026616175
3164,2.4213028316335943
3166,0.0388514046163894
3167,0.0260306859239784
3169,2.7623106799570945
317,1.6254372745179382
3170,0.0
3171,0.4181026121442722
3172,0.0115765804481612
3174,0.6253684586133536
3175,0.0
3176,2.360807257919554
317649,1.9512542092989
317662,1.7513351234446393
317671,0.3312428814023871
3177,1.835177778955693
317701,0.0
317703,0.0
317705,0.0
317719,0.3667898289338502
317727,0.055972413796195
317749,1.945405151438173
317751,0.211088440665768
317753,0.0
317754,0.0
317761,0.1695724950282078
317762,1.1692968180534458
317772,0.0824319443491516
317774,0.0
317778,0.0
317781,1.8774703877355936
3178,2.9683766869722037
318,2.5005703660944243
3181,2.7361885673378517
3182,2.7080618513071992
3183,2.8295751604223778
3184,2.585193307315998
3185,2.919386570183872
3187,2.6216791988206167
3188,2.807816293770828
3189,2.505544272428644
319,0.7300057082753153
3190,3.0031963157366883
319085,0.0091091168566818
319089,1.3843845063794888
319099,0.1389614282421753
3191,2.4464912540767156
319100,0.0
319101,0.016081724652309
319103,0.0
319112,0.1617271407141531
319117,0.0256268862991105
319129,0.2135028473860635
319135,0.0
319139,0.0
319140,0.3545419247418729
319142,0.0
319143,0.5500588864244506
319144,0.1620698240114415
319145,0.147028078610212
3192,2.512236473031672
3195,0.0
3196,0.0300581105554705
3198,0.9184004227737924
3199,1.3892694124357223
32,1.7246790021782743
320,1.2936267034190545
3200,1.4064835489011378
3201,0.5533488766984636
3202,2.24413011960059
3203,1.2581436107328987
3204,1.3056902955393046
3205,1.5939469749671125
3206,0.9455503876790176
3207,0.0621829736100838
3208,0.2609201285730693
3209,0.0960960359655527
321,0.5558064764308395
3211,0.0824319443491516
3212,2.067613182241824
3213,1.2307739096579
3214,1.2934093385223986
3215,0.4190891064620089
3216,0.2041265232242545
3217,1.4411701509550368
3218,0.1910112164811311
3219,0.2183099007008225
322,2.0871509165732536
3221,1.3374658191236712
3222,0.1908459142734483
3223,1.5604692260561022
3224,1.0983560597494129
3225,1.8119599412493437
3226,2.0924295518750964
3227,1.003269296783413
3228,0.3049308778565532
3229,1.3860787028292878
323,2.01014720231197
3231,0.1267104114681807
3232,0.6067826120682459
3233,1.0096528270902956
3234,1.4233032717161964
3235,1.7248064146375064
3236,0.8737694890721405
3237,0.0201566492701331
3238,0.0
3239,0.0
324,1.7519460100569826
3240,0.0078726930921942
3241,1.7688930495036113
3242,0.8435310012741807
3248,0.8191336375513363
3249,1.7000318030706674
325,0.0
3250,0.0219839916622789
3251,2.419333360362147
3255,0.0
3257,2.3531238661582807
326,0.0
326275,0.1582923385912082
326276,0.0
326278,0.4309479408633949
326286,0.0
326288,0.0
326289,0.1454560752901778
326291,0.0744674501196066
326292,0.3652033827063985
326293,0.1668522697819637
326294,0.0871367817651098
326297,0.0
326298,0.0
326299,0.0955389086838045
3263,1.9502866328041524
326307,2.5361891829724006
326309,0.0
326310,1.5746158683441955
326311,0.0
326317,0.0
326320,1.0619850770885908
326323,0.0
326326,0.0
326340,0.0
326341,0.0
3265,2.1268020539563333
3266,0.1506843526671244
326606,0.0
326624,0.9100854607245216
326625,1.8723264908772828
3267,2.1652991329923528
3268,1.8595562299398865
3269,1.0112892711515826
327,2.525186627520741
3270,0.7458736368623339
3273,0.0
3274,0.8415215789687135
3275,2.429069215981449
3276,2.468546421961938
327657,0.3168609479248995
328,2.888933875334832
3280,2.7941189842343177
3281,2.3770562239844395
3283,0.0
3284,0.0370602183099194
329,2.3914888464783592
3290,0.9148845426864805
3291,1.2017849554982178
3292,0.529783701376297
3293,0.0
3294,0.531900549383075
3295,2.380747341032399
3297,2.237184960363592
3298,2.1194689311575416
3299,1.324064535593062
33,0.3431851201226468
330,1.5923107083670145
3300,2.4000948973023286
3301,2.9018535305001483
3303,2.879720716660725
3304,2.896156612547641
3305,1.3144199733006865
3306,1.9253063670983608
3308,2.6264814827405765
3309,3.0877441027948316
331,2.142391806058491
3310,1.2460730537310598
3311,1.1196028586949407
3312,3.2026885551177218
3313,2.589239764990221
3314,0.2248330884582169
3315,3.006732591402828
3316,0.0495192289370227
332,0.739320741902133
3320,3.2355896343794135
3321,2.2659847029125615
3326,3.364897155357823
3327,0.6679416750088943
3329,2.661378381355222
333,0.8822598232030635
3336,1.9567045737457869
3337,2.637066493487762
3338,2.252027382090516
3339,2.2269413614932225
333926,1.043016631049631
333929,0.5746706330251755
333932,0.0
334,3.0819360111034273
3340,2.6624226216870306
3344,1.516961155924743
3346,0.0
3347,0.0
335,0.1438810399905316
3350,0.0
3351,0.1934866860254196
3352,0.0443997508881444
3354,0.0
3355,0.193816174198769
3356,1.4028703816632768
3357,0.2965852100244166
3358,0.0
3359,0.0304597993916931
336,0.0
3360,0.0060146795562324
3361,0.0086971754034013
3362,0.0960960359655527
3363,0.4247363507413907
3364,1.6318461325221885
337,0.0
3371,2.662544293762822
3373,1.2273465229390073
3375,0.0
3376,2.388064775041189
337867,2.4143021945621275
337872,0.0
337873,0.7266587159999359
337874,0.3975883959245259
337876,0.7445526352980902
337878,0.1622411114790308
337879,0.0
337880,0.0
337882,0.0
337959,0.0
337960,0.0
337963,0.0
337964,0.0
337966,0.0
337967,0.0
337968,0.0
337969,0.0
337970,0.0
337971,0.0
337972,0.0
337973,0.0
337974,0.0
337975,0.0
337976,0.0
337977,0.0
337978,0.0875120208953502
337979,0.0
337982,0.0
337985,0.0
337986,0.0
338,0.0588893471988714
338005,0.009315012732202
338069,0.0
338091,0.0
338094,0.1197041703191302
338095,0.256060367680391
338096,0.058501008843608
338097,0.0
338098,0.0
338099,0.9541365363302146
3381,0.0
3382,2.137101634290534
3383,1.9687389798447317
338321,0.068923416931643
338322,0.0193432301006561
338323,0.0754196057556881
338324,0.0
338328,1.9686472701983315
338339,0.0
338376,0.7266587159999359
338382,1.66172657489522
338388,0.0
338396,0.0459782976541651
338398,0.085446105720894
338399,0.0
3384,1.3821867717687066
338412,0.0177140457770852
338413,0.045189394581304
338414,0.0
338427,0.0
338428,0.0
338429,0.0
338433,0.0
338436,0.0
338440,1.4395804262802008
338442,1.270243500097735
3385,0.2510172033808796
338557,0.3823455380195691
338567,0.0
338588,0.0264342928541542
338596,2.151227057550569
338599,0.0
3386,0.0
338637,0.0
338645,1.6300398835094654
338651,0.1954615941975408
338653,0.0
338657,1.56854839284469
338661,0.0368609624667365
338662,0.0
338667,0.5165188786510904
338674,0.0
338675,0.0
338692,1.7310800016062198
338694,0.0
338699,1.6196788147483758
338707,1.509216209716287
338739,0.010754888621307
338751,0.0
338755,0.0495192289370227
338758,1.2301110845782288
338761,0.5178132571921691
338773,1.7554983535634503
338785,0.0
338799,1.6045945720045087
338811,0.3258287531326413
338817,0.6611138677878833
338862,0.0
338864,0.0
338872,0.6469824874373531
338879,0.0350655380227658
338917,0.0
338949,0.0
339,0.0
339039,0.425958388930797
339044,0.0062213260747212
339059,0.0376577034343075
339105,0.1820360353720198
339122,0.4006256497371725
339123,1.9973108084877784
339145,0.0
339166,0.0
339168,0.0675796689626678
339175,1.7265355565070335
339201,1.493177724435912
339210,1.1131514947189016
339221,0.0
339229,2.085327693862696
339230,1.867862595098132
339231,1.9457793587793253
339244,0.3252713038436599
339257,0.0
339263,0.7419027646216719
339287,2.326521104956624
339290,1.7371409748070217
339291,0.0
339298,0.0
339302,0.0
339318,1.65259253929222
339324,2.092718891577057
339327,0.9683319752571848
339344,1.50648416360229
339345,0.0
339366,0.9656952226656956
339390,0.0
339396,0.0
339398,0.7360200493382384
3394,1.502068311034312
339400,0.0
339403,0.029254159459327
339416,0.13674936219974201
339442,0.0
339448,1.970589701409405
339451,1.0167290234987003
339453,0.2866854529014875
339456,0.644824114089851
339479,0.0860100466169922
339487,1.7802043849936775
339488,0.7609936114179878
339500,1.3220378393191414
339501,0.0332662841654657
339512,0.0294552189612712
339524,0.2933960701910224
339529,0.0416301479021601
339535,0.7751827284005205
339541,0.7868148562074102
339559,1.429337684313172
339568,0.0
3396,2.3536474214553524
339622,0.0334663908138561
339665,0.7442414310518527
339666,0.1512053420531817
339669,0.0
339674,0.1788542149780509
339685,0.0097266548872287
3397,2.368126182440919
339745,2.2697768794585347
339751,0.0933066477599419
339761,0.129924017888448
339766,0.112273749424129
339768,0.0561671921294347
339778,0.5669634654336171
339779,0.0
339789,0.0320646470462866
339799,2.0563765220074166
3398,2.6353634694209114
339804,0.7362563536471602
339807,0.0209692882026594
339822,0.1665449978043457
339829,0.0625696085978943
339834,0.275916367201021
339845,0.0
339855,1.1704637208752702
339874,0.3342803124530755
339881,0.0
339883,0.2292574724518689
339894,0.0
339896,0.0288518968796068
339897,0.0465694896604753
3399,2.557738968031757
339926,0.0
339929,1.5590603272091856
339965,1.0170326031710837
339966,0.0
339967,0.010754888621307
339976,0.0
339977,0.3265249991591786
339978,0.0
339983,0.9670150175519532
339988,0.6436521793153711
34,2.3431357342027033
3400,2.7829155305590687
340017,0.1080759571659009
340024,0.0
340061,2.160153968684474
340069,0.0
340073,0.0
340074,0.0
340075,0.8240459597439788
340090,0.0362629122582597
340094,0.0
340096,0.0
340107,0.0
340113,0.0
340120,0.0546076972506679
340146,0.0
340152,0.1577758647003239
340156,0.6351187170878454
340168,0.0629560650472485
340198,0.1832051328693448
340204,1.088398230263628
340205,0.4036507077159547
340217,0.0
340252,2.0438233025186348
340260,0.0
340267,0.7203176689720477
340268,0.0412337454202869
340273,0.2403673497812929
340274,0.0
340277,1.1314607278463022
340286,0.3290262962364426
340307,0.0162859366995967
340348,1.6168695440299463
340351,0.7104064084060709
340357,0.0
340359,0.2745783649953818
340371,2.097287284632136
340385,1.5742966000499636
340390,0.2678539377990642
340393,0.0189362275154237
340419,0.0
340441,0.0
340443,0.2923786028755929
340460,0.0
340481,1.751957979608579
340485,1.808199883232996
340512,0.0
340515,0.0
340526,1.917614003489752
340527,1.3312273747330567
340529,0.0
340533,0.4744064867553829
340542,2.053480908361991
340543,1.6216544002198798
340547,0.2367853608332744
340554,0.7973835001895707
340562,0.0650783906040881
340578,0.4498692440300991
340581,0.0
340595,0.0
340596,0.7575699828917215
340598,0.0
340602,0.0223895328412295
340654,0.0
340665,0.0477506279872771
340706,1.7349557657599322
340719,1.2786731426231697
340745,0.0140368959186701
340749,0.1468535609837009
340784,0.0
340811,0.036063467897197
340895,0.2639423345951417
340900,0.0348658102965977
340947,0.1438810399905316
340970,0.0
340980,0.0
340990,0.0
341,1.893973307788957
341019,0.3488845622067646
341032,0.2474831453300078
341112,0.0
341116,0.0
341128,0.0
341152,0.0097266548872287
341208,0.0503040803202519
341230,0.1852053693049191
341276,0.015877463426456
341277,1.520191735231213
341333,0.0
341346,0.0
341350,0.1579480590982811
341356,0.0
341359,0.1034888062958342
341392,0.3486141187120186
341405,0.0115765804481612
341416,0.0
341418,0.0
341511,0.0873244225138922
341567,0.0637284429094406
341568,0.0372594270725486
3416,1.5814107515104074
341640,0.2686039444299036
341674,0.0
341676,0.8281683753191996
341689,0.0
3417,2.6340129279622864
341784,0.0677717653179942
341799,0.0
3418,2.72734721564317
341880,0.0392489295621294
341883,0.0078726930921942
3419,1.5102722788207874
341947,0.3754566706338884
3420,2.535494342975694
342035,0.6668956483458611
342096,0.0
3421,2.4056091336468604
342125,0.2388119493839321
342132,1.0510976680493511
342184,1.2776506115014712
3422,2.1692166806120152
3423,0.9420707750548072
342346,0.3294423916660163
342357,1.2065045904928515
342371,2.219081760651745
342372,0.055972413796195
342374,0.033066130062972
342419,0.0298571944893556
342443,0.0
3425,1.487109868890511
342510,0.2114107827647142
342527,0.3593580110842576
342538,0.3103505507186644
342574,0.068923416931643
3426,1.193828816560045
342618,0.0294552189612712
342667,2.9386901136796086
342705,0.029254159459327
342732,0.1605266099672951
3428,2.39105609212557
342808,0.0
342850,0.0089031710875008
342865,0.0284494427319338
342892,0.7240973885931077
342897,1.6512574967663205
342898,0.0
3429,2.138002232995102
342900,0.0
342908,1.6080902394809804
342909,1.0175382284418204
342918,0.2126988543900615
342926,1.4472254043653512
342931,0.0
342933,0.0408371562480633
342945,1.2715066733073912
342977,0.8277573134884215
342979,1.0471190102187968
343,0.1157254490155959
3430,2.281857415198936
343035,0.01219232802879
343066,0.0
343068,0.0
343069,0.0
343070,0.0
343071,0.0
343099,0.5670640957507678
3431,1.6645216569799794
343169,0.0475538868142473
343170,0.1648060986053919
343171,0.9681126788783604
343172,0.129745813935983
343173,0.0
343184,0.135606191401068
343263,0.0240097576149657
343296,0.0
3433,1.6629433180104545
343301,0.1798603545490436
343326,0.224991526000587
343332,0.0
3434,1.7452027153024026
343406,0.0
343409,0.0
343413,0.6523491313204828
343450,0.2684540003248531
343472,0.0
343477,0.0270393423001977
343495,0.1033047896802982
343521,0.5825904214978823
343563,0.0
343578,2.1765618497375647
343637,0.5829840965811484
343641,0.0
3437,1.895198315655997
343702,0.0056012358560772
343727,0.0
343851,0.1049594666720178
3439,0.0
343930,0.0
343981,0.0
343990,1.8443123566534436
344,0.0334663908138561
3440,0.0
344018,0.1113630007312303
344022,0.051479983874231
344065,0.5284044099823861
3441,0.0
344148,1.438666390450045
344167,0.3517184693718995
344178,0.0
344191,0.0101380977223869
3442,0.0424223934120883
3443,0.0
344320,0.0575293748341413
344387,0.0
3444,0.0
344454,0.1343665777337765
344462,0.0324653828330247
3445,0.0
344558,1.060388222257559
344561,0.0
344595,1.254850818022058
3446,0.0
344653,0.0227948798627598
344657,0.04578114125236
344658,0.0
344697,0.0850699324727219
3447,0.0
344729,0.0408371562480633
344752,0.025020825205399
344758,0.0453866897349848
344787,1.5072604856045837
3448,0.0
344805,0.0412337454202869
344807,0.0
344813,0.0
344838,0.0039454490619983
344866,0.1532859758466703
344892,0.0
3449,0.0
344901,0.1007242492434112
344905,1.2038753214525264
344978,0.110998419529435
345,0.0
345016,0.0
345041,0.1380798037091699
345051,0.338540088196072
345062,0.0424223934120883
345079,1.7572518079993071
3451,0.0
345193,0.4512867955625774
3452,0.0
345222,0.0886367224100169
345274,0.7839626862103243
345275,0.5350642052090143
3454,2.3387215176123095
345430,0.0
345456,0.0
345462,1.3617009419666812
345471,0.0
3455,0.3389510753047519
345557,0.5191053260257926
345576,0.0
3456,0.0
345611,0.0725598717535938
345630,1.0287042725325148
345643,0.2715968350027382
345645,0.0
345651,0.4495144320083605
345757,2.3680248714926693
345778,1.8599547301636936
3458,0.1610413402968344
345895,0.6725426496560567
3459,2.708310515220551
345930,0.3496953204272714
346,0.0
3460,2.513720927476591
346007,0.041828279182458
3461,0.0
346157,1.3748722162559983
346171,0.2479450057176448
346288,0.0
3463,0.7668111362092798
346389,1.8210423797266064
346517,0.0
346524,0.0
346525,0.0501079362162316
346528,0.0625696085978943
346562,0.0340664262320136
346606,0.0
346653,0.6701157914124977
346673,0.0
346689,0.9004979715141742
3467,0.0
346702,0.5724771005409004
346708,0.0
346711,0.0
347,3.1716994294016936
347051,0.7637954200644839
347088,1.5961367090174772
347097,0.0
347148,0.3368939395607091
347168,0.0
347169,0.0
347193,0.0
347240,0.8998250081749553
347252,0.1833720086948557
347265,0.932849911147578
347273,0.1403700544629917
347275,0.0
347333,0.057723791780431
347344,1.249014719935158
347359,0.0344662129356738
347365,1.3844367189579625
3474,0.0
347404,0.380661596988309
347411,0.0
347422,0.0
347442,0.0
347454,0.5141398284686006
347468,0.0
347475,1.6161888736721406
347487,0.0
3475,1.352425015701087
347516,0.0248187083181388
347517,0.7097513787575963
347527,0.5704770855829259
347541,0.0
347544,0.2131813471486692
347549,0.0
347584,0.0
3476,2.6763917615643287
347613,0.1198845651997117
347686,0.0
347687,0.0
347688,0.1989060560900838
347689,0.0438070313509447
347694,0.0
347703,0.0
347704,0.0
347717,0.0
347730,0.057723791780431
347731,0.0201566492701331
347732,0.7095055789414048
347733,2.18370060780259
347734,2.595571645102523
347735,2.720061363981123
347736,0.2732380775371331
347741,0.0
347744,1.13266636994058
347853,0.0
347862,2.140001378683909
347894,0.0455839386189831
3479,0.375978772065176
347902,2.7254819411051585
348,2.6578814707116853
3480,2.4528676568291523
348013,0.7199950087241007
348021,0.0
348093,1.0545750120057031
348094,1.0559507688489058
3481,0.5330621707526466
348110,1.8151607052781504
348120,0.0520673186640733
348156,0.0487336436053482
348158,0.0
348174,0.0342663432615378
348180,1.3378657640071436
3482,2.0148554010340427
348235,1.9944772425970372
348254,0.0310619747051902
348262,2.3593803075614437
3483,0.542496560501212
348303,0.1581202170574014
348327,1.0651192142149295
348378,0.2112496279420356
3484,0.5215753615953906
348487,0.2377213523100385
3485,2.521885216083193
3486,2.6092411674100244
348645,0.2314604781238472
348654,0.9819377878369476
3487,3.225123883976753
348751,0.8350489558731066
348761,0.0744674501196066
348793,1.8864053129628156
3488,2.919612782208664
348801,1.6291577364476306
348807,0.0126025784990239
348808,0.0
348840,0.0
3489,2.4918205060676275
348910,0.0
348932,0.0
348938,0.0497155105434259
348980,0.0246165431357565
348995,2.2072105808993983
3490,2.8363551236759252
349075,0.8821968816668895
3491,3.0161386010368427
349136,1.4242456427905317
349149,1.981464420382788
349160,0.0
349198,0.0
3493,3.304424107021075
349334,0.0
3494,3.054118186000081
349408,0.031262604438497
3495,0.9895026735285388
349565,0.9612752771836404
349633,0.0
349667,0.7132647217010527
3497,0.051479983874231
3498,0.0
3499,0.0658488120877697
35,2.2335816393625825
350,0.0
3500,2.2724294918681665
3501,1.671470404600909
3502,1.158565673457401
350297,0.0
3503,0.7609177223341407
350383,0.3269424455108905
3507,2.6323006589289055
3508,1.3448158064270483
351,3.265007642823629
351143,0.0
3512,3.0599118748681415
3514,3.5060327865181704
351449,0.0
3516,2.252634898311626
3527,0.1272468869287004
352896,0.0
352909,0.5058607417400891
352990,0.2189486615675671
352999,0.2624326809349534
353,2.63217369928364
353013,0.1016467951358945
353088,1.6439430726325277
353091,0.7559662294291101
353094,0.0
3531,0.0
353116,0.9069462253493342
353131,0.0
353132,0.0
353133,0.3077880519267111
353134,0.0
353135,0.0
353137,0.0
353139,0.0
353140,0.0
353141,0.0
353142,0.0
353143,0.0
353144,0.0
353145,0.0
353149,0.0
353163,0.0304597993916931
353164,0.0
353174,0.0099324012091867
353189,0.4060369524129456
353196,0.0786488237171767
3532,0.0
353219,0.3494251630054874
353238,0.0
353267,0.1570867224494012
353274,1.4686419242750832
353288,0.0
353299,0.0
353322,1.239318543771894
353323,0.0
353324,0.2665021207842197
353332,0.0
353333,0.0
353345,0.2123770308163702
353355,0.8401784691601663
353376,0.025020825205399
353497,0.1796927515744965
353500,0.4466698060073014
353511,0.5659563791083099
353512,0.1553613094606595
353513,0.0
353514,0.347937592140479
3537,0.0
3538,3.010351691589349
3539,2.0239473406199875
354,0.5893507957381732
3540,0.0
3541,0.135252207441062
3542,0.4925935880154536
3543,0.0
3547,2.2066520617013707
3549,0.0173062599854029
355,1.6882475212273782
3550,2.5283025914091977
3551,2.111241384452158
3552,0.3842839091015332
3553,1.7246790021782743
3554,2.35492673014882
3556,1.2649318822547104
3557,1.9491461154416256
3558,0.1080759571659009
3559,0.1117274208851172
356,0.697016965376996
3560,1.4698331929743875
3561,1.1048865225855298
3562,0.0
3563,1.036912641821948
3565,0.4051586900092324
3566,2.3859453441992784
3567,0.0777003520403405
3568,0.0382547653609949
3569,1.3694719298048692
357,1.532882467440121
3570,1.8869951884514136
3572,2.7768118847526684
3574,0.8077134906179447
3575,1.60592304608138
3576,0.882008019524656
3577,0.0342663432615378
3578,0.0683477895576427
3579,0.4803300672253103
358,3.0176846439295675
3581,0.0409327855919297
3586,0.105693816820032
3587,1.1609021755265672
3588,0.2163905475377656
3589,0.464155984355703
359,0.0099324012091867
3590,1.8752100762271104
3592,0.2932507989349053
3593,0.0528497930137067
3594,0.5206098300591449
3595,0.1309924294396301
3596,0.029254159459327
3597,2.7271480765920453
359710,0.0
359730,0.0
359731,0.0
359732,0.0
359738,0.0
359742,0.0
359743,0.7519013750732291
359745,0.0727508259833435
359746,0.0
359748,0.0
359752,0.0
359753,0.0
359755,0.0
359757,0.0
359758,0.0
359769,0.0
359771,0.0
359778,0.0
359780,0.0
359783,0.0
359787,0.0
359791,0.0
359792,0.3178468815878214
359793,0.0
359794,0.0
359797,0.0
3598,0.3754566706338884
359802,0.1058773024419657
359809,0.612183865918579
359819,0.1891910239108802
359822,0.0043596979037672
359845,1.9594809997406848
359941,0.0
359948,2.6759332846715256
359996,0.0
36,2.609268978790132
360,2.19160736471258
3600,0.658557942272337
360001,0.0
360014,0.0
360015,0.0
360019,0.2062376744147988
360020,0.0
360021,0.0
360023,1.971228016312475
360030,0.0
3601,1.4296960273928714
360155,0.6929984468269492
360156,0.0
360158,0.0
360163,0.0
360176,0.0
360183,0.1320594510057083
360200,0.2903396799106517
360203,0.0
360205,0.0
360226,0.0
3603,1.0085764888036552
3604,0.0396462670429822
3605,0.0873244225138922
3606,1.1550227837869538
3607,1.8884315782534344
3608,2.919625552661858
3609,2.4820146205684814
361,0.7232949688870104
3611,0.3309661565700914
3612,1.7622828573181724
3613,1.8204314229285912
3614,2.251383307081961
3615,2.775103584672167
3617,0.4555232401831049
3619,1.6607861207146752
362,1.8313537470925747
3620,0.59701228628292
3621,1.6436834753561134
3622,1.7620139857050765
3623,0.4953775587218285
3624,0.8067939958930789
3625,2.568665617042418
3626,0.1913417191488781
3627,1.5644354791184485
3628,2.088852291949709
363,0.1598397954841866
3630,0.0
3631,1.472119425639958
3632,2.0393714221837036
3633,1.4618142882396208
3635,1.6136681567017528
3636,2.2888969246423145
3638,2.274351722014515
364,0.6140692196438545
3640,0.2750246193102813
3641,0.0
3642,0.0
3643,2.1924361188968096
3645,0.0244143296379668
3646,2.2838719833071184
3647,0.0
3651,0.0
3652,1.8714988490095368
3654,2.390423649356107
3655,2.633520650638321
3656,1.1584069169752331
3658,1.984571245509568
3659,1.5327856667108868
366,0.0639214260144302
3660,2.4171993230646565
3661,2.1244486666557925
3662,0.5205024691748595
3663,1.1940896504119234
3664,2.7923793661346004
3665,1.7757315301192311
3667,2.329411606778172
3669,1.1755695638532984
367,2.4022877902590265
3670,0.0
3671,2.8307071092000773
3672,1.698249451239246
3673,2.4161112781034526
3674,0.1763333746336354
3675,2.463392143467087
3676,0.8542745616732785
3678,2.042982438891996
3679,1.608469695694806
368,0.970684462819634
3680,1.8387914526416436
3681,0.0660413065929845
3682,1.3208593697315567
3683,1.0488000153260333
3684,1.1388211302570197
3685,2.439882716029519
3687,1.0404929001784278
3688,2.642079787500125
3689,1.7484245989325522
369,2.499371319852341
3690,1.1911763050175774
3691,2.7249331819989933
3692,2.574392374735284
3693,2.5874372317102865
3694,2.5226365195482687
3695,0.4863187321312953
3696,1.9987491355098397
3697,0.009520858735307
3698,1.670564471793862
3699,0.3954295817838556
37,2.827057531431971
3700,0.053631538511365
3702,0.4833870124794141
3703,2.5699504838383156
3704,2.1749898889018984
3705,2.025987702671859
3706,0.0203598820990786
3707,2.194297402474228
3708,2.053633278553954
3709,2.2634790027751133
3710,2.020739746898372
3712,2.445736061431995
3713,0.0390501905320824
3714,2.1596954829491906
3716,2.506788182418818
3717,1.6005358703372037
3718,1.135318145540234
372,2.7893467922363686
3720,1.9034459632431608
3725,3.016453929275967
3726,2.9535898257920645
3727,2.8578408034591543
3728,3.000253724010636
373,1.882777844085923
3730,1.7572754546192646
373156,2.702209492073393
3732,2.3413136752381267
3735,2.6889779336053867
373509,0.2426947461122555
3736,0.1873667107284053
3737,0.1137288585710933
3738,0.2900479700082339
373856,0.1252780946513598
373861,0.2076959907404222
373863,0.0
3739,0.0
374,2.773245623698791
3741,0.3640113771999735
3742,0.5805200285020452
374286,0.0142416006900836
374291,0.5387376464866304
3743,0.0477506279872771
374308,0.1527663152168473
374354,1.8999187487678648
374355,0.0
374378,1.601072380413664
374383,0.3691633203181554
374387,0.4473819861471035
374393,0.8277573134884215
374395,2.384758548469547
3744,0.0
374403,0.8547347566178427
374407,0.0453866897349848
374443,0.114273863088368
374454,0.0
374462,0.0205630661837875
374470,0.051479983874231
3745,0.8270030210542091
374569,0.0675796689626678
3746,0.090507846716347
374618,1.224391667096273
374654,1.1677762248868533
374655,1.636136762740014
374659,0.9660804565488744
3747,0.4148875049406991
374739,1.013124967430164
374768,0.0412337454202869
374786,0.0540221383132408
3748,1.7011891919356277
374819,1.0424351819938469
374860,1.1550227837869538
374864,0.7252191702614728
374868,1.44291768824389
374872,0.2451697926206867
374875,1.2150363743168555
374877,0.304214939732099
374879,1.326433805193879
374882,2.224531282178315
374887,0.6484176713277247
374890,0.0487336436053482
374897,0.0
374899,1.1046249674953297
3749,1.3899155089883892
374900,1.2817608648637606
374907,1.2346302901546593
374918,0.7745882629574726
374920,1.2208886840093531
374928,1.1040142126375525
374946,0.1687234043797212
374955,0.0189362275154237
374969,2.034782959350947
374973,0.293686531565202
374977,0.1858710144881974
374986,1.7961747600297309
374987,0.105693816820032
375,3.027325037839047
3750,0.988707998943934
375033,1.4899734574639492
375035,2.150610010378607
375056,2.149680252168244
375057,0.9937234519606604
375061,1.318020270392109
3751,1.0192541752597124
375189,0.9086385358270876
375190,0.894415243207556
375196,0.0
3752,1.760185890648589
375248,0.5167347691109367
375287,1.8455708532322797
375295,1.2313662863974066
375298,0.0179178651438874
3753,0.4545839015488136
375307,0.1444063892768966
375316,0.167022551389696
375318,0.0
375323,0.0619895891189751
375337,0.0
375341,1.4052318826000516
375346,0.2292574724518689
375387,1.464316072967234
3754,0.676511067623234
375444,0.922014792960622
375449,1.8645144406839704
375484,1.3612369628474044
3755,0.4648515317258649
375519,0.2785855430955679
375567,0.0516758077965697
375593,0.0378567710724885
3756,0.0302589788495971
375607,0.0
375611,0.2010309665499715
375612,0.0227948798627598
375616,0.1562244731360848
375686,0.0386525717956126
3757,0.3648062545982056
375704,1.180972799739169
375743,1.99929689207531
375748,1.3125656641303003
375757,2.0438638481371147
375759,0.1562244731360848
375775,1.5062182947163911
375790,2.4486866350749272
375791,0.465199059523442
3758,0.0362629122582597
375850,0.0
3759,1.7350926626177932
3760,0.1445814306542895
3761,0.0
376132,0.0
3762,0.9810257957800768
376267,2.1642121219420014
3763,0.0043596979037672
3764,2.003940717532886
376497,2.018057194008505
3765,0.0
3766,0.0532407567944813
3767,1.69211894803938
3768,0.2729399248486203
3769,0.3353818690870569
376940,1.5403542779594392
377,2.728049993815699
3770,0.7574937013969529
377007,0.1648060986053919
3772,0.276658716815503
3773,1.5094804425848558
377381,2.031792244727399
3775,1.9273730050127944
3776,1.960620638920172
377630,0.0221867865316464
377677,1.3898638512404051
3777,1.0542424526048866
3778,1.3801902153097838
377841,0.7158674916741882
3779,2.254012989748472
377997,0.0
378,2.9406005443494374
3780,0.4522303250911695
378001,0.0
378009,0.0
378010,0.0
378013,0.0
3781,0.1939808677093617
378108,0.1347209445133961
3782,0.4676271768005791
3783,2.2784038859474967
3784,1.4317931805136122
3785,0.0033236975274522
3786,0.3433213143432003
3787,0.7552011749381409
378706,0.0
378707,0.247021015259454
378708,0.691905999348411
3788,0.061215604083323
378805,0.5457177078531997
378807,0.061215604083323
378825,1.2709564227252674
378828,0.0
378832,0.0246165431357565
378884,1.5199929412013968
378925,0.1558793174845897
378938,2.512432229015241
378948,0.0
378949,0.0
378950,0.0
378951,0.0
378952,0.0
378955,0.0
379,1.9456222350811323
3790,2.083448506764181
379005,0.0
379006,0.0
379007,0.0
379008,0.0
379011,0.0
379012,0.0
379024,0.0
379025,2.044974245616789
3791,2.042843078956886
3792,0.9009869475189412
3795,1.2215981539483631
3796,1.5770387828706702
3797,1.7150942778520766
3798,0.7916135694277115
3799,2.7123816188883425
38,2.061355613993886
3800,0.8542087925292201
3801,1.368315039928793
3802,0.025020825205399
3804,0.0266360241092229
3805,0.0246165431357565
3809,0.0
381,2.733608638132462
3811,0.0225922306114602
3812,0.0445972313113895
3814,0.0581124904196997
3815,2.820406733818631
3816,0.9012923645479196
3817,0.1078929593095223
3818,0.5461322881673503
382,2.757517630742464
3820,0.9345892999743016
3821,0.3833799530107722
3822,0.1800279227715205
3823,0.0
3824,0.4367472603462599
3827,0.0
383,0.2051015913711928
3831,1.0978710193529226
3832,1.10606206085862
3833,1.3622735202378562
3834,0.1400181252501461
3835,2.061885736013162
3836,1.9060339851740635
3837,2.444569851616195
3838,2.02113987994786
3839,2.271228871009106
384,1.2256247854226263
3840,2.0625473235771623
3841,1.4039268745966893
3842,2.244561328854353
3843,2.4471121722387927
3845,2.007439512516024
3846,0.2745783649953818
3848,0.2642439183390903
3849,0.0
3850,0.0183253569229505
3851,0.057723791780431
3852,3.26806780685608
3853,1.602043229739953
3854,2.7957316123012577
3855,2.971210449773146
3856,3.0125793544246577
3857,0.3704787361816643
3858,2.012401575405714
3859,0.096838290181438
3860,0.5610009710141508
3861,3.351360789979646
386593,0.0168982779780871
386597,0.1407218323048948
3866,3.0441431902350957
386617,0.1584644237132182
386618,0.3659970186845886
386627,0.4116585521766364
386653,0.0
386672,0.0
386674,0.0
386675,0.0
386676,0.0
386677,0.0
386678,0.0
386679,0.0
386680,0.0
386681,0.0
386682,0.0416301479021601
386683,0.0
386684,0.0910683626288553
386685,0.0
386688,0.0
386689,0.0
386690,0.0
386691,0.0
386692,0.0
386693,0.0
386695,0.0
386697,0.0
386724,0.0
386731,0.0
386732,0.0
386734,0.0
386735,0.0
386736,0.0
386742,0.0
386745,0.0
386746,0.0
386758,1.2788646510558055
3868,2.3142298172626914
387,2.975823907117194
387032,1.3999410143714477
387043,0.0792173887819751
387044,0.0
387055,0.0
387066,2.1451568074658587
387074,0.0
387082,0.0412337454202869
387103,1.8087346060260316
387104,0.1622411114790308
387111,0.0625696085978943
387119,0.9088799220540924
387122,0.2308316701084366
387129,0.0
3872,3.1444284606374144
387263,2.269331182667848
387264,0.7577225196065144
387266,0.0
387267,0.0
387273,0.1952972035635645
387317,0.0
387321,0.0
387322,0.0471602662673416
387323,0.7597023150823811
387332,0.0
387338,1.798972080763566
387357,0.3896850958985421
387361,0.0
387363,0.0
387364,0.0
387486,0.0
387491,0.0
387494,0.1617271407141531
387496,1.5893130984402128
3875,3.112103114440258
387509,1.4669382832170503
387521,1.585222599626277
387522,0.0
387597,0.0960960359655527
3876,0.2067240747419362
387601,0.0
387640,0.4655464235762513
387646,0.3546761154436263
387680,2.0877172073392827
387694,0.0633423431029015
387695,0.0
387700,0.982473616482372
387707,0.1741422744221952
387712,0.4771463867105815
387715,0.3397723909026121
387718,0.0
387723,0.9107475197081308
387733,0.2923786028755929
387742,0.0
387745,0.7759250578987265
387747,0.12867577671514
387748,0.0205630661837875
387751,0.4588015603007881
387753,0.7783688343865427
387755,0.1270681007161791
387758,2.035287007620915
387763,1.3668045027607525
387775,0.0871367817651098
387778,0.0424223934120883
387787,1.3198851488147902
387804,0.4803300672253103
387810,0.0
387815,0.0
387820,2.1718083256678424
387836,0.0
387837,0.032865928486596
387841,1.5260392406878334
387845,0.7230540562231278
387849,0.2276801552682055
387853,0.0
387856,1.0689788064419588
387867,0.8347778475574208
387882,1.9819896455492187
387885,0.1162691351325153
387890,0.1768381716659198
387893,2.042633941674573
3879,0.2251499320535076
387911,0.1259945652633729
387914,2.6398854889708843
387921,1.9949191047834385
387923,1.6543565609270832
387933,0.3682411747744474
387978,0.0
387990,0.805093053459449
388,3.030598648829497
3880,3.1610876410930784
388011,0.5346431866589378
388015,0.0
388021,0.0
388076,0.0
3881,0.1003549427233438
388112,0.1069773613093653
388115,1.872937148416092
388121,1.1554618701370771
388122,0.0477506279872771
388125,0.841856918888491
388132,0.3177061107824478
388135,0.1329475761372088
388181,0.076560759028747
3882,1.05614027737237
388228,1.609474577008379
388248,0.0738956344925407
388254,0.041431969987866
388255,0.3858310424510105
388272,1.136268132702738
388282,0.4551711279567966
388284,1.0257203734457854
3883,0.3009131074817633
388323,0.5613053553211942
388324,1.8115542219868708
388325,0.5696755012679477
388327,1.2574800073310373
388333,0.0394476217259577
388335,1.742886637314107
388336,0.7651541917433635
388339,1.5122159233264183
388341,0.66750602418801
388344,2.217706554734802
388363,2.5395187778697004
388364,0.0
388381,0.1290326108407842
388387,0.12867577671514
388389,0.0
388394,0.0
3884,0.0
388401,0.0557775902066152
388403,1.683867351943705
388406,0.0
388407,0.1055102904479631
388419,0.0
388428,0.0
388456,0.0
388460,0.1082589144778865
388468,0.0
388474,0.9896614837144996
3885,0.0
388512,0.16258357811886
388523,0.5345378935351073
388531,0.129745813935983
388532,0.2961510947909775
388533,0.3196745755581008
388536,1.4142250380240144
388551,0.0
388552,1.8616924783658797
388553,0.0
388555,0.0610219959658159
388556,0.8254230173197181
388558,1.234907183004752
388559,1.7793180459986966
388561,1.857893187076615
388564,1.368018675158677
388566,1.335805647464016
388567,1.2603938115659192
388569,1.1794834814529105
388579,0.2447063099864552
388581,0.2818355714733183
388585,0.2970190835551979
388588,1.3288505730949671
388591,1.2639485744677508
388595,0.0
3886,0.1130016249722951
388610,2.286199602509156
388611,1.4685093836813607
388621,0.2330303265697469
388630,1.7434240921126154
388633,0.1336573840641972
388646,0.1749857074436463
388649,0.1111807302691279
388650,2.039183796347975
388662,0.3009131074817633
388667,0.0
388677,0.2276801552682055
388685,1.0383978485589485
388695,1.6892426964486884
388697,0.0177140457770852
388698,0.0324653828330247
3887,2.522032657675311
388701,0.2226116503176634
388707,0.6127500051867429
388719,0.1584644237132182
388722,1.2757281144989128
388730,1.1944248291326862
388743,2.2522718066546443
388753,1.7741657069469043
388759,0.3989819899680454
388761,0.0
388762,0.0
388789,2.193698451451235
388795,0.0639214260144302
388796,1.6312029814851703
388799,0.3070747430554275
3888,0.0473570995805846
388815,0.5904225847101632
388818,0.0
388820,0.0
388830,0.0
388849,0.4598522250608687
388882,0.2559080167354376
388886,1.928030810539058
3889,0.2203840078521228
388907,0.9738976406031246
388910,0.0
388925,0.0
388931,0.0461754078434364
388939,0.1366672261961176
388942,0.0
388946,0.0
388948,0.2613741992254882
388951,0.0140368959186701
388960,0.0
388962,1.0251218031624318
388963,0.3829922128431253
388969,2.120837742986422
388996,0.0
389,2.6902270107647897
3890,0.0
389000,0.0
389015,0.0187326529005272
389023,0.0272409292764164
389053,0.2850721643902694
389058,0.4618327448878967
389072,1.4907131440254588
389073,0.0
389075,0.0
389084,1.808304784397309
389090,0.0
3891,0.0
389101,0.3024939935382192
389114,1.7540475661288706
389118,0.0134224851965348
389119,1.7296082288779282
389120,0.0526542428027862
389123,0.0
389124,0.0
389125,0.0
389127,0.0
389136,1.1611392464485049
389141,0.1366672261961176
389144,0.0
389151,0.0
389152,0.0
389156,0.411036003645149
389158,0.0199533676763937
389161,0.0066344685557293
389170,0.2994731460902649
389177,0.0
389179,0.5875934432407934
389197,0.0062213260747212
389199,0.0
3892,1.215466700629234
389203,2.29512284292347
389206,0.0286506937617837
389207,0.0
389208,0.0
389223,0.5731757778794394
389240,1.1545034249456538
389247,0.3712668955750554
389257,0.2692034350311641
389273,0.0
389289,0.8674230863556706
389320,0.0
389322,0.8434641215819205
389332,0.0
389333,0.9229003740471332
389336,1.3230668465142688
389337,2.4211681316999063
389342,2.789064352369878
389362,1.1529024095444278
389376,0.2465586152299185
389383,1.0246724822355775
389384,0.0
389386,0.0
389396,0.0
389400,0.0
389404,0.473490911683664
389421,0.0
389428,0.1738046550044918
389432,2.241405053149449
389434,0.1410734588900477
389435,2.089446674814281
389458,0.0
389465,0.0352652184723042
389493,1.4046801722126108
3895,2.444531193222374
389524,1.3852192711436813
389537,0.1939808677093617
389541,2.5087822035026472
389549,0.0
389558,1.0841682730061766
389602,0.0
389610,0.1444063892768966
389611,0.0
389616,0.0
389626,0.0
389630,0.0
389634,0.1135471102998034
389641,0.824390498733882
389643,0.1731289935300493
389644,0.1345437802827254
389649,0.3293037181343514
389658,0.0368609624667365
389668,0.527022476519273
389672,1.20299612537838
389676,0.0
389677,1.564290514498029
389690,0.0089031710875008
389692,0.0
3897,1.242501517429931
389727,0.0
389730,0.0
389740,1.0067783079844683
389741,0.3144612982709531
389756,0.0404403802309502
389761,0.0
389762,0.0
389763,0.0
389766,0.0288518968796068
389791,0.0400434172142254
389792,1.2780023257780924
389799,0.0946095302476571
3898,2.080700684817382
389812,0.0
389813,0.4537610008247003
389816,0.6606738673300082
389827,0.0
389831,0.0148554188895284
389840,0.141776258746249
389852,0.1600115535070715
389856,1.508707664842064
389857,0.0
389860,0.0
389874,0.0
389895,0.0
389898,0.0
3899,2.2090158670571247
389901,0.2078578621979574
389903,0.0
389941,0.7401042266728028
389948,0.0
389976,0.0756099064785592
39,1.8736364839951096
390,2.6228520102313855
390003,0.0
390010,0.516302923831799
390012,0.0
390028,0.0
390030,0.0162859366995967
390031,0.0
390033,0.0704564866776887
390034,0.0
390035,0.0940514026841421
390036,0.0078726930921942
390037,0.0
390038,0.0
390039,0.0
390040,0.0
390041,0.0
390043,0.0
390044,0.0
390046,0.0
390053,0.0
390054,0.0
390058,0.0
390059,0.0
390061,0.0
390063,0.0443997508881444
390064,0.0
390066,0.0394476217259577
390067,0.0
390072,0.4338532430477267
390073,0.129745813935983
390075,0.0
390077,0.0792173887819751
390078,0.0
390079,0.0
390081,0.0
390082,0.0
390083,0.0
390084,0.0
390091,0.0495192289370227
390093,0.1939808677093617
390098,0.0
390099,0.0
390101,0.0
390102,0.0
390110,0.0
390113,0.0
390116,0.0
390117,0.0
390131,0.0
390133,0.0
390134,0.0
390136,0.0
390137,0.0
390139,0.0
390142,0.0
390144,0.0
390148,0.0
390151,0.0
390152,0.0
390154,0.0
390155,0.0
390157,0.0
390158,0.2114107827647142
390162,0.0
390166,0.0
390167,0.0
390168,0.0
390174,0.0
390181,0.0
390183,0.5087036960968921
390186,0.0
390190,0.0
390191,0.0
390195,0.0
390197,0.0
390199,0.0068409645610921
3902,0.7738444274618372
390201,0.0
390205,0.6155738553293906
390206,0.095353116336939
390212,0.0296562306312831
390215,0.0
390218,0.3487493523901473
390224,0.0
390225,0.0
390228,0.0
390231,0.0
390233,0.0
390239,0.0
390243,0.0505001786277436
390245,0.181199928331334
390251,0.0
390259,0.0
390260,0.0
390261,0.0
390264,0.0
390265,0.0
390267,0.0
390269,0.0
390271,0.0
390273,0.0
390274,0.0
390275,0.0
390282,0.0
390283,0.8652288388997291
390297,0.0
3903,1.2005711418676386
390301,0.0
390306,0.0520673186640733
390313,0.0
390318,0.0
390320,0.0
390321,0.0
390322,0.0
390323,0.0
390324,0.0
390326,0.0
390327,0.0
390329,0.0
390332,0.045189394581304
390340,0.0
390345,0.0
390354,2.2626073564288145
390378,0.0
3904,0.2165506698612004
390407,0.1003549427233438
390413,0.1579480590982811
390415,0.051284114267885
390418,0.0
390421,0.265147976990959
390429,0.0
390431,0.0
390433,0.0
390434,0.0
390435,0.0
390436,0.0
390437,0.0
390438,0.0
390439,0.0
390440,0.0
390441,0.269652753139376
390442,0.0256268862991105
390443,0.0
390445,0.0
390502,0.0
390530,0.1137288585710933
390531,0.5806187560096068
390535,0.0
390538,0.0
390539,0.0
390576,0.0
390578,0.0445972313113895
390581,0.0
390594,0.0394476217259577
390595,1.0933095288031964
390597,0.0390501905320824
390598,0.1322371530186809
3906,0.0
390601,0.0
390612,0.1484228777959074
390614,0.0
390616,0.0171022935190702
390627,0.5171663570865035
390637,0.9780118964729856
390648,0.0
390649,0.0
390650,0.0
390652,0.0
390660,0.0086971754034013
390664,0.0
390667,0.2222937962439548
390671,0.2581901983896828
390714,0.524677776085414
390735,0.0
390748,0.063149226365247
390766,0.0
390790,0.0368609624667365
390792,0.1570867224494012
3908,1.630496043773841
390834,0.1386088924011609
390836,0.0
390846,0.0
390848,0.1966113887139408
390857,0.0
390860,0.1084418312612436
390872,0.0
390874,0.0177140457770852
390876,0.2091516577938769
390882,0.0
390883,0.0
390885,0.0
390886,0.0
390892,0.0
390895,0.0
3909,2.436402651742106
390916,2.1512529241273683
390927,0.9936708731245352
390928,0.0278454019696254
390937,0.0790279102152443
390940,0.8947238641875251
390948,0.0
390949,0.0
390980,1.3402874703813328
390992,0.0
390997,0.0
390998,0.0
390999,0.0
391,2.5546778242035653
3910,1.6885380100978375
391002,0.0
391003,0.0
391004,0.0
391013,0.6536843031706674
391053,0.0652710625303166
391059,1.5649967977322017
391073,0.04578114125236
391077,0.0
391092,0.0
391099,0.0304597993916931
3911,2.2043533351219833
391102,0.0
391104,0.0606346453732357
391106,0.0
391107,0.0
391109,0.0
391110,0.0
391112,0.0
391114,0.0225922306114602
391117,0.0
391119,0.0
391120,0.0
391121,0.0
391123,0.0
391124,0.0
391126,0.0934928992017695
391130,0.0
391135,0.2994731460902649
391140,0.0
391151,0.0
391168,0.0534361704016004
391171,0.0
391175,0.0888240246898696
391179,0.0
391181,0.0489301088118718
391189,0.0
391190,0.0
391191,0.0364623094604789
391192,0.0567512557756906
391194,0.0
391195,0.0
391196,0.0
3912,1.8400571001173152
391211,0.0205630661837875
391242,0.0
391253,0.0794068242501354
391256,0.3039283797512765
391269,0.2279958687871773
391279,0.0
391282,0.0
3913,2.8424490088501457
391349,0.0
391356,1.849352015324804
391365,0.0
391387,0.0
3914,2.873771347863713
391436,0.0
391448,0.0
391458,0.0
391462,0.0
391470,0.0
391472,0.0344662129356738
391475,0.0302589788495971
391490,0.0
391496,0.0
3915,2.5613303935768306
391524,0.0
391526,0.0
391533,0.1211462231579099
391548,0.0
391560,0.0
391566,0.0
391576,0.0
391581,0.2021728243568805
391584,0.0960960359655527
391589,0.7357048471541768
391598,0.0
3916,2.88449630489622
391622,0.0
391627,0.0
391630,0.0
391632,0.0
391634,0.6434717055107504
391636,0.0
391642,0.0818655711838594
391647,0.1249196248938618
391655,0.0
391656,0.1036727819699854
391674,0.1169934922160474
391679,0.0
391696,0.045189394581304
391698,0.1049594666720178
391701,0.097765173807287
391703,0.0
391706,0.1964472329761948
391711,0.0
391712,0.1191627482987562
391713,0.0
391714,0.0455839386189831
391719,0.0698819152678692
391723,0.0
391739,0.052263005646635
391741,0.0
391742,0.0
391744,0.0
391746,0.0
391747,0.0
391765,0.0
391768,0.0
391769,0.0
391777,0.837888732829624
391798,0.0
3918,2.7880880975226408
391803,0.0
391819,0.0
391827,0.0326656794165476
391833,0.5437451721879315
391845,0.0
391850,0.0
392,2.607608305060023
3920,2.671705556735506
392027,0.0
3921,3.128492767353374
392100,0.0
392106,0.0
392132,0.0
392138,0.022997480615535
392145,0.0
392180,0.0
392187,0.0
392188,0.0
392193,0.0706479226552025
392194,0.0
392196,0.0
392197,0.0
392206,0.1796927515744965
392214,0.0
392255,0.1768381716659198
392262,0.0
392265,0.0
392266,0.0197500372972908
392271,0.0992460334971177
392281,0.0
392282,0.0
392288,0.0
392292,0.0
392298,0.0179178651438874
3923,0.0477506279872771
392302,0.0
392305,0.2031502683975658
392307,0.1496413741592798
392308,0.0
392309,0.0619895891189751
392311,0.0442022240997431
392313,0.9583294401717596
392322,0.0
392335,0.2583421093709769
392368,0.0189362275154237
392371,0.0946095302476571
392374,0.0
392375,0.0
392376,0.0
392377,0.0
392382,0.0
392387,0.1229452412768831
392390,0.0
392391,0.161898500427602
392392,0.0440046509270564
392399,0.0
3924,0.0
392424,0.1304583976107058
392426,0.0
392433,0.0
392436,0.0
392439,0.0
392440,0.0
392451,0.0698819152678692
392456,0.0
392465,1.0344803527226822
392479,0.029254159459327
392485,0.0
392489,0.0721778321548017
392497,0.1060607473296442
3925,2.176630035560455
392501,0.1771745280964104
392505,0.0483405753318879
392508,0.0225922306114602
392509,0.426080482886625
392516,0.0
392517,0.3751954852871808
392520,0.0
392522,0.0794068242501354
392529,0.0
392538,0.0
392540,0.0
392543,0.0654636900743731
392545,0.0
392547,0.0074601518934053
392552,0.0
392555,0.0
392557,0.5552951727878813
392561,0.0
392617,0.4452433915588897
392636,0.6238847930396446
3927,2.6301287345227156
392713,0.2031502683975658
392752,0.7407303541407927
392781,0.1363137006627803
392787,0.0758001637739616
392843,0.0
392862,0.5400973019034722
392872,0.4993679056014837
3929,0.7893639968293955
392979,0.3273596661759082
393,1.3383224705475043
3930,1.8927445688144755
393046,0.0340664262320136
3931,1.647349899548484
3932,1.1043632942518675
3933,0.0
3934,2.0734992391793803
3936,2.609654076704881
3937,1.2139231456022812
3938,0.0130126308322217
3939,2.831496856039946
394,2.0194502906005254
394214,0.0
394255,0.2251499320535076
394263,0.0
3945,1.20646815800846
3948,1.0046650243540525
3949,2.139226257812953
395,0.6264791395981495
3950,0.0
3952,0.2660509983970706
3953,1.6591651298678634
3954,2.0293138050276527
3955,2.193602981277326
3956,3.1308203525390694
3957,1.7343578944184148
3958,2.9972153295886335
3959,2.9149532775169553
396,2.6236618937062692
3960,0.3037850601415601
3963,0.0
3964,2.1389005600408355
3965,1.5738172913273276
397,3.0368638214637738
3972,0.2361607530198453
3973,0.0084911297831118
3975,0.0086971754034013
3976,1.833798465557154
3977,2.15395415800272
3978,1.7172380295304324
398,0.022997480615535
3980,1.581061088766586
3981,1.7958724044138428
3982,0.041828279182458
3983,2.5595101088499197
3984,1.8365427237653265
3985,2.4996284628330203
3987,2.014185468136022
3988,2.5232579778397803
399,2.160972708664002
3990,0.2881491952836383
3991,1.398876217034087
3992,0.9742777464859012
3993,1.9951694870680048
399473,0.6800288471100738
399474,1.3111256014192074
399496,0.0459782976541651
3995,1.4957971656462072
399512,1.7738359273297717
3996,2.0830631738451344
399664,1.9391179354299828
399665,2.5703527343565304
399668,1.883565389269954
399671,0.5879843439736677
399687,1.8499978347515311
399693,0.0074601518934053
399694,1.2922589393331405
399697,0.0
399706,0.0
399715,0.4222862640579615
399717,1.3144796818010165
399726,0.6356665523461821
399748,0.3638788170283364
399774,0.0
3998,2.626078191504825
399804,0.0
399806,0.0
399814,0.0
399818,1.3651540638892492
399821,0.3754566706338884
399823,0.4603187078780552
399827,0.0
399829,0.0142416006900836
399839,0.0
399857,0.0
399876,0.0
399886,0.0
399888,0.490470650005224
399909,2.165025622657633
399937,0.0
399939,0.0
399942,0.2894642230962408
399947,0.0144462560950847
399948,1.4383848128866727
399949,0.098876066768446
399959,1.2151798536383376
399965,0.0378567710724885
399967,0.0254249141756302
399968,0.0148554188895284
399972,0.5649478663962841
399979,2.0522143886418815
40,0.170759729813761
400,2.593570190974621
4000,2.7965007642359128
400002,0.0
400011,0.1617271407141531
400013,0.0555827213422205
400026,0.0
400036,0.0
400043,1.7109198770088505
400046,0.0164900995891271
400055,0.3867320790387663
400064,0.4804435149992831
400073,1.3681264638148594
400084,0.2631878694942116
400087,0.0
4001,1.6010221088813912
400120,0.0
400121,0.0128076294222381
400126,0.4429792811857149
400129,0.2677038505933879
400141,0.0
400165,0.0
400174,0.0
400208,0.0983208065549586
400221,0.3399091915477006
400224,0.310634751196004
400236,1.3088073041380146
400238,0.0
400242,1.0146504457192846
400258,0.0286506937617837
400347,0.0
400359,0.0
400360,0.0274424681999785
400385,0.3494251630054874
4004,0.0248187083181388
400406,0.0445972313113895
400410,0.7072893517325806
400451,2.3711170107873234
400456,0.2367853608332744
400499,0.2133421134199432
4005,2.090698882153389
400500,0.0
400506,1.3579499656373903
400511,0.0
400512,0.4248586445341375
400533,0.0
400548,0.0816766944344988
400550,0.0
400558,0.0
400566,1.5539200245469027
400569,1.8657949008774304
400579,0.3352442606887486
400581,0.0215782561623971
400591,0.0
400604,0.2038012369269854
400609,0.0
400612,0.1433553526763596
400617,1.0417561049566235
400618,0.6395801069644538
400619,0.085634128532859
400620,0.0
400622,0.0501079362162316
400624,0.0242120678044732
400627,0.0101380977223869
400629,0.0
400643,0.0086971754034013
400644,0.0442022240997431
400645,0.0
400652,0.5891557501154158
400654,0.0
400655,0.0089031710875008
400657,1.569086909406587
400658,0.425958388930797
400668,0.0
400673,1.6665885135228515
400680,0.1651474855524761
400684,0.7431510724234671
400685,0.7998919411691903
4007,1.5474483531274028
400709,0.1331250857566386
400710,0.3226179110229265
400713,1.9178629243961016
400720,1.6361212330949986
400728,0.1419518643529123
400735,0.0
400736,0.0
400743,0.0
400745,0.0282481437700031
400746,2.0424479436826024
400748,0.0
400750,0.2287846053397926
400752,1.2276271119723658
400757,0.0
400761,0.5061893430382601
400765,0.0089031710875008
400793,2.385285386366107
400794,0.0195466581122431
400797,0.0126025784990239
400798,0.4944878427081043
4008,1.459659808941287
400800,0.0
400804,0.0370602183099194
400818,0.98828374692476
400823,0.1084418312612436
400830,0.1967755109431192
400831,0.3950479725611193
400839,0.0
400866,0.0171022935190702
400891,0.0154687933557568
4009,0.0784592157513684
400916,2.38269599262185
400931,1.0015071120711965
400932,0.0
400935,0.0453866897349848
400941,0.0
400945,0.5715777902881366
400946,0.2834555412785291
400950,0.0097266548872287
400952,0.0
400954,0.2525488374796599
400957,0.0410354741801234
400958,0.3658648034044902
400961,1.7038023630658885
400963,1.047215196131993
400966,0.0
400984,0.5575421769549007
400986,0.8860874720300352
400997,0.3294423916660163
401,0.0912551171776534
4010,2.301304780017527
401007,0.0
401014,0.0528497930137067
401018,0.0
401019,1.980185890940633
401022,0.989873166026414
401024,0.2029874437103106
401027,0.4921471660429486
401036,0.0
401039,0.0
401040,0.0
401067,0.0
401074,0.5430170793612656
401076,0.6753918872301874
401081,0.0
401082,0.0064279224007442
401089,0.0723688738166034
401093,0.8786621408285414
401097,0.4678580092881662
401103,0.0
401105,0.0187326529005272
401109,1.606834170354252
401115,1.3876635690278325
401124,0.0286506937617837
401134,0.0134224851965348
401136,0.0099324012091867
401137,0.0080788886488122
401138,0.2855124823629437
401145,0.9306396684359876
401152,2.8465779671419167
401172,0.304214939732099
401177,0.0
401190,0.2677038505933879
4012,1.9869607515608587
401207,0.7627366681616733
401232,0.9998959225931484
401236,0.8566377616501489
401242,0.0138321417599086
401247,0.3496953204272714
401250,0.7327821747699373
401251,0.1178980435863406
401253,0.0201566492701331
401258,0.0491265280900879
401260,0.0
401262,0.3702158348429686
401264,1.1120763910148843
401265,0.5996117876013615
401282,0.036063467897197
401286,0.0368609624667365
401288,0.2880029443553827
4013,2.3535814349952515
401335,0.057140405596366
401337,0.0053944386314874
401375,0.2944122121066854
401387,0.046963386855558
401393,0.944696559330058
401397,2.415528118091427
401398,0.1872006591820415
401399,0.0453866897349848
4014,0.1570867224494012
401409,1.2979247333617985
401427,0.4932627097696588
401428,0.4203203993811211
401431,0.8960800040214218
401442,0.1699118824483975
401447,0.0266360241092229
401450,0.043016088629042
401463,0.1018311809447803
401466,1.6766692250002662
401474,1.4364093291134934
401475,0.0
401491,0.1766699409861253
401492,1.8831718078216884
401494,1.1164502841304025
401498,0.0
4015,1.7410739418605192
401505,0.8074307072684179
401533,0.0
401535,0.1347209445133961
401537,0.3811801311673248
401540,0.0
401541,0.4253476196679362
401546,2.28604861717801
401548,1.733734239443652
401551,0.0882619910836516
401554,0.0130126308322217
401561,0.1499891819001348
401562,0.0105493414072734
401563,0.1709291929021107
401565,0.0687315852068485
401588,1.414914043836798
401589,0.0
4016,1.6154584686506177
401602,0.073704942137793
401612,0.5267031926561887
401613,0.0
401638,0.0
401640,0.1928273047309902
401646,0.0
401647,1.231784050253892
401661,0.0
401662,0.0
401664,0.0
401665,0.0
401666,0.0
401667,0.0
401675,0.0
401677,0.2078578621979574
401687,0.0
401696,0.0
4017,1.7746201588178567
401703,0.3798831303314721
401717,0.3939019859550799
401720,0.092934019355804
401725,0.0946095302476571
401742,0.0
401744,0.0
4018,0.0
401817,0.347124971281415
401822,0.0388514046163894
401825,0.0
401827,0.0
401863,0.120425512675816
401865,0.2736850943622116
401895,0.0
401898,0.243623794793028
401903,0.0
401913,0.4942652441353157
401914,0.097765173807287
401934,1.171007449765929
401944,0.5569300582202276
401957,0.0694986479199568
401967,0.0201566492701331
401973,0.0
401974,0.0
401975,0.051284114267885
401981,0.1108160684965277
401982,0.0438070313509447
401992,0.0
401993,0.0
401994,0.0
402,2.2470325672559657
402016,0.231617602490273
402055,1.7823174246022817
402057,1.3065697507736278
402069,0.1756598215993468
402077,0.0
402093,0.0
402117,0.0080788886488122
402120,0.0964672461846826
402123,0.0
402133,0.0
402134,0.0
402135,0.1484228777959074
402150,0.3951751970760664
402152,0.0561671921294347
402160,0.3185503518002548
402175,0.0
402191,0.01219232802879
402192,0.0
402193,0.1333025569412144
402214,0.0
402220,0.0
402226,0.0262325134658017
402229,0.0
402236,0.0
402240,0.0
402246,0.0119871284396815
402249,0.0
402273,0.0
402279,0.0
402287,0.5755660375665058
4023,1.5782015863300176
402317,0.1508580527907702
402329,0.0
402342,0.4190891064620089
402359,0.0240097576149657
402360,0.0
402374,0.0
402381,0.0
402415,0.1827042983389634
402424,0.0
402425,0.1697422064994797
402429,0.0846935889461878
4025,0.0947954893080635
402509,0.0
402569,0.0942374869521354
402573,0.6259240203204224
4026,2.2372152195722825
402635,0.1366672261961176
402665,0.0324653828330247
402679,0.0
402682,0.9416129768968
402694,0.1888596375756467
402778,0.3043581801202541
402779,0.0
403,2.1973333664838712
403150,0.2568216815987181
403219,0.0
403223,0.0
403224,0.0
403226,0.0
403227,0.542808917107226
403228,0.0493229014588557
403230,0.0
403236,0.0
403238,0.0
403239,0.0
403241,0.0
403244,0.0
403247,0.0
403248,0.0
403250,0.0
403251,0.0
403252,0.0
403253,0.0
403255,0.0
403257,0.0
403259,0.0
403260,0.0
403263,0.0
403264,0.0
403266,0.0
403271,0.0
403272,0.0
403273,0.0058079828238362
403274,0.0
403275,0.0
403276,0.0
403277,0.0
403278,0.0
403281,0.0
403282,0.0
403283,0.0
403284,0.0
403285,0.0
403288,0.0
403296,0.0
403297,0.0
403299,0.0
4033,0.8224587162150587
403303,0.0
403304,0.0
403305,0.0
403312,0.0
403313,1.954640318181637
403314,0.0
403323,0.3043581801202541
403339,0.0
403341,1.7475185935128446
4034,1.23815023744727
4035,2.358190895183714
4036,2.3096685792658507
4037,1.8806438054286552
4038,1.6208202268568066
4040,2.0775779763837057
404024,0.0
404037,0.0
404093,1.88672638120741
4041,2.425430665913381
404201,0.8046671239921342
404203,0.1311703628083161
404204,0.0
404216,0.0
404217,1.9550642696216949
404266,0.1629259004538207
404281,0.4889024246040634
4043,2.050539827729272
4045,0.2320887894316884
404550,1.5353924558650214
404552,0.0
4046,1.5260392406878334
404636,1.5048867642320192
404663,0.0
404665,0.1250988793227
404672,1.9116662228728851
4047,1.9344109221194
404718,0.0654636900743731
404734,0.2687538599435117
404744,0.0
404770,0.0105493414072734
404785,0.0
4048,2.4148450707172033
4049,0.2168708182832729
405,2.344886909211381
4050,0.7512856494070617
4051,0.0306605722017031
4052,1.7532129428698686
4053,2.8113133223816567
4054,2.353057770830662
4055,2.2710465792767596
4056,1.3195008710440674
4057,3.3364987760372364
405753,0.0955389086838045
405754,0.1119095706081079
4058,0.167022551389696
4059,2.921256097447463
406,1.7715317686429823
4060,2.734978656319481
4061,2.9634056920619813
4062,0.147028078610212
4063,0.2677038505933879
4064,0.989873166026414
4065,1.587280947829058
4066,1.0746522303708936
4067,1.9805281585244197
4068,0.4407082484194444
406881,0.0
406882,0.726339083300941
406883,0.0
406884,0.0
406885,0.3975883959245259
406886,0.0
406887,0.0
406888,0.0
406889,0.0
406890,0.3975883959245259
406891,0.3975883959245259
406892,0.0
406893,0.7077003122774207
406894,0.0
406895,0.0
406896,0.4211811008025209
406897,0.0
406898,0.0
406899,0.0
4069,1.8264208170103804
406900,0.6679416750088943
406901,0.0
406902,0.0
406903,0.8548004717582419
406904,0.0
406905,0.0
406906,0.0
406907,0.0
406908,0.0
406909,0.0
406910,0.0
406911,0.8232183177804616
406912,0.0
406913,0.6522600279841941
406914,0.0
406915,0.0
406916,0.0
406917,0.0
406918,0.0
406919,0.3798831303314721
406920,0.0
406921,0.0
406922,0.0
406923,0.0
406924,0.0
406925,0.0
406926,0.0
406927,0.0
406928,0.0
406929,0.0
406930,0.0
406931,0.0
406932,0.0
406933,0.3605573035957628
406934,0.0
406935,0.0
406936,0.0
406937,2.758988262090729
406938,0.0
406939,0.0
406940,0.0
406941,0.0
406942,0.0
406943,0.0
406944,0.0
406945,0.0
406946,0.0
406947,0.0
406948,0.0
406949,0.0
406950,0.0
406951,0.0
406952,0.0
406953,0.0
406954,0.0
406955,0.0
406956,0.0
406957,0.0
406958,0.3200957386126905
406959,0.0
406960,0.0
406961,0.0
406962,1.9818805666627692
406963,0.0
406964,0.0
406965,0.0
406966,0.0
406967,0.0
406968,0.0
406969,0.0
406970,0.0
406971,0.0
406972,0.0
406973,0.3200957386126905
406974,0.0
406975,0.0
406976,0.7327821747699373
406977,0.0
406978,0.0
406979,0.0
406980,0.0
406981,0.0
406982,0.0
406983,1.3876635690278325
406984,0.786376865594097
406985,0.0
406986,0.0
406987,0.0
406988,2.1929377780251693
406989,0.0
406990,0.0
406991,0.0
406992,0.0
406993,0.0
406994,0.0
406995,0.0
406996,0.0
406997,0.5461322881673503
406998,0.0
406999,0.0
407,0.4890145523185797
4070,3.2591616853086824
407000,0.0
407001,0.0
407002,0.5461322881673503
407003,0.0
407004,0.0
407006,1.3364932524833932
407007,0.5461322881673503
407008,0.0
407009,0.0
407010,0.0
407011,1.6176947249624003
407012,0.0
407013,0.0
407014,1.6180986870059406
407015,0.0
407016,0.0
407017,0.6958473494174554
407018,0.0
407019,1.650896812219383
407020,0.0
407021,0.0
407022,0.0
407023,0.0
407024,0.0
407025,0.0
407026,0.0
407027,0.0
407028,0.0
407029,0.0
407030,0.0
407031,0.0
407032,0.0
407033,0.0
407034,0.0
407035,0.0
407036,0.739320741902133
407037,0.0
407039,0.0
407040,0.0
407041,0.0
407042,0.0
407043,0.0
407044,0.0
407045,0.0
407046,0.0
407047,0.0
407048,0.0
407049,0.0
407050,0.6788296872446413
407051,0.0
407052,0.0
407053,0.0
407054,0.0
407055,0.4090403726974694
407056,0.0
4071,3.0923531166670717
4072,2.8662565295589717
4074,2.53265375617605
4076,2.7383818486246785
4077,2.6334006252465443
407738,0.071221967357895
407975,0.9254320884659132
407977,0.0
408,2.228704160759709
408029,0.0260306859239784
408050,0.602393188728104
4081,1.3183759929012215
408187,0.2507105201109866
4082,2.7967273596756828
408263,0.0
4084,1.698398254225555
4085,1.1259827249674708
4086,1.9858960800164571
4087,1.6909101568170573
4088,2.184924597658756
4089,2.091274986589263
409,1.9716343072033853
4090,2.286057329752024
4091,0.691317031244572
4092,2.0890214820773245
4093,1.1765698209467728
4094,1.9088846360526937
4097,1.9610669313160527
4099,0.0561671921294347
41,0.9243735525178244
410,2.315014841392544
4100,0.0
4101,0.0
4102,0.0240097576149657
4103,0.1049594666720178
4105,0.0
4107,0.0863857947605423
4108,0.0
4109,0.0434116529118274
411,1.0264179494342451
4110,0.0
4111,0.0
4112,0.0
4113,0.076750799447613
4114,0.0
4115,0.092934019355804
4116,2.3922921302988676
4117,0.8827002389108376
4118,0.8925603384473381
412,1.3268130683763704
4121,2.193748085529727
4122,1.853607128941596
4123,1.783308838757386
4124,1.897755401530144
4125,2.0428895380368597
4126,1.9164154040114671
4128,2.1797045611569397
4129,2.934384486861222
4130,1.3556642303904762
4131,2.1944498357815685
4133,1.439369642896383
4134,2.4732700543687365
4135,1.1635045061011602
4137,2.1219440285488
4139,0.7298467054633757
414,2.5215291531971347
4140,1.6469406041572048
414059,0.058501008843608
414060,0.0205630661837875
414062,1.0684687476590786
4141,2.226400320694733
414134,0.0
414149,0.6288795589617144
414152,0.0260306859239784
414157,0.0
414189,0.1489453134079853
414196,0.0173062599854029
414197,0.7965212445065479
4142,0.0115765804481612
414208,0.0
414217,0.0
414228,0.5022362953304824
414230,0.0
414235,0.1290326108407842
414236,0.3665256505055654
414241,0.0336664500279098
414245,0.4381900610975544
414254,0.1348980704403251
4143,0.6203483916265583
414301,0.0
414319,0.0
414325,0.0
414328,1.7158230250939743
414332,0.0
414351,0.0
4144,2.771820580890472
4145,0.5396792203037503
4146,0.0886367224100169
4147,2.610749850156889
414760,0.186037339999593
414761,1.1309194427033729
414764,0.338540088196072
414765,0.3268033218138417
414777,1.4226013915777396
4148,1.3006280001626205
414899,0.0
4149,2.1961904225212443
414918,1.4340236988273032
414919,1.8812421163105852
415,0.9398358038538248
4150,1.609935104979265
415056,0.0324653828330247
4151,2.0524635096361963
415116,2.4961496964209924
415117,1.4536408145858963
4152,2.213601473190186
4153,0.0
4154,2.393290729657594
4155,1.602210412796463
4157,0.5746706330251755
4158,0.0
4159,0.0758001637739616
416,0.1431800483883791
4160,0.0
4161,0.0
4162,2.479639272336873
4163,1.9949784206304964
4166,0.2772520909716023
4168,0.0962816618610842
417,0.0
4170,2.879120245070278
4171,1.5936065588888613
4172,2.549290095298261
4173,2.1138069914837954
4174,1.9307133514526724
4175,2.0661105178949577
4176,2.433660996964474
4179,2.697031693387211
4182,0.0
4184,0.1049594666720178
4185,0.4227769240880622
4188,2.258160944613002
4189,2.404599451879018
419,0.1975956198799462
4190,2.5013147456797444
4191,2.757238487357484
4192,2.74132568749384
4193,2.032407820028545
4194,1.889328893693574
4199,0.9263715013267424
420,0.2405227222278928
4200,1.286878426722757
4201,2.2641777849572526
4204,1.92421765353095
4205,2.2317313276147894
4208,1.698046457674185
4209,2.2729526449705872
421,1.7895932175780347
4210,0.0434116529118274
4211,1.120960806517047
4212,1.4148402665936584
4214,2.4000501896165845
4215,2.043121746932086
4216,1.984672797019711
4217,1.838732944751689
4218,1.7118655207194915
4221,2.1048839551949814
4222,2.070071733389745
4223,1.9692183393786848
4224,0.0
4225,0.0641143646112851
4232,2.251566994498651
4233,2.2698378872774456
4234,2.0078220442483956
4236,2.505708812280554
4237,0.9990626577910412
4238,1.7018070225306952
4239,2.6069430313531123
4240,2.7502067568559676
4241,1.6964191605079766
4242,1.803229212386173
4245,2.17334200477031
4246,2.118350262811676
4247,0.0314631865193807
4248,1.1264447270915972
4249,2.2583062217228296
4250,3.2071265291249995
425054,0.0
425057,0.0
4253,1.8796299460641903
4254,2.300791513152075
4255,1.9321949797180584
4256,3.6903423836364606
4257,2.525256178048498
4258,2.271523364400542
4259,2.098977027128981
4261,0.9148247807436256
4267,1.2172070754119984
427,2.396524466330628
4277,1.1879087784703188
4281,1.7528189180967686
4282,0.0
4283,1.1606254671793677
4284,0.058501008843608
4285,2.127871709170029
4286,1.1721708189113984
4287,1.7094448364639026
4288,0.6151040040973638
4289,1.83773704561398
429,0.0505001786277436
4291,2.000636888549389
4292,1.902604586275399
4293,1.4277579368878994
4294,1.1113872726827425
4295,0.073704942137793
4296,1.9744525861294344
4297,1.8097811137285469
4298,2.372358735043475
4299,2.1985779673665897
43,0.5715777902881366
430,0.9963465932309914
4300,1.788912943190644
4301,2.298646511698584
4302,2.280164729425765
4303,2.2498324640664804
4306,1.9349956485845976
4308,0.0
4311,2.6461729081260135
4312,0.1403700544629917
4313,2.6169477506293535
4314,0.9958228729747594
4316,2.5246604443115386
4317,0.0246165431357565
431704,0.0
431705,1.0614689206121215
431707,0.0
4318,1.3839927427343506
4319,0.5584593724035771
432,0.3348312878167729
4320,0.9145856758503184
4321,0.3269424455108905
4322,0.0298571944893556
4323,2.5651968721857417
432355,0.0
4324,1.8880599904027615
4325,0.8151628537014005
4326,0.6135041463419842
4327,0.9290644422577106
4329,2.10258506051899
433,0.0822431961241168
4330,1.0357563664978016
4331,1.7249592607207689
4332,1.478309155699823
4335,1.500808108932199
4336,0.0
4337,1.916334831961466
4338,2.0413766576611883
434,0.1513789312195854
4340,0.0396462670429822
4342,0.0
4343,2.142015902889529
4345,2.2978405965141175
435,1.3831036373066754
4350,2.0988173876509735
4351,1.895792463978184
4352,0.6006680970652911
4353,0.4950440423145666
4354,1.654311797815425
4355,1.7001934806162593
4356,1.215323295736788
4357,1.7527591860412723
4358,2.1480048598559747
4359,0.9082158861653308
4360,0.9083366722866004
4361,1.9522194033141096
4363,1.975160903187188
438,0.14973657304513244
43847,1.0794978815538687
43849,0.0473570995805846
439,2.7096958005967133
439915,0.0
439916,0.0
439921,2.284899444228913
439927,0.029254159459327
439933,0.0268377072511832
439934,0.0
439936,0.0
439941,0.0
439945,0.0
439949,0.7512086436451805
439950,0.0175101773978301
439954,0.0
439957,0.5420798735122674
439990,0.6372164097453008
439992,1.2452248046701375
439994,0.5027866157120824
439996,0.0
440,0.2487141744835275
440013,0.0
440014,0.0
440017,0.0
440021,0.0
440023,0.0
440026,2.147251392281216
440027,0.8542745616732785
440028,0.3740190388476034
440050,0.0
440051,0.0
440061,0.0
440072,0.1393138122542398
440073,0.655460523435464
440077,0.0
440078,0.8816301262403236
440086,0.6794295300760422
440087,0.0964672461846826
440093,0.3913491054749176
440097,0.2828668492080381
440101,0.0744674501196066
440107,0.0260306859239784
440117,0.0
440119,0.6185734522639644
440138,0.8084199127014836
440142,0.1292109697369215
440145,2.0854674684710863
440153,0.0
440159,0.0
440163,0.0510881989588056
440173,0.6695077327714577
440176,0.0822431961241168
440180,0.0
440184,0.0298571944893556
440193,1.6011226465112391
440243,0.0
440270,1.785107534823842
440275,2.075094637557689
440279,0.0520673186640733
440288,0.9995835828356248
440295,0.8271402305596578
440307,0.0217811482126814
440311,0.0758001637739616
440335,1.7051631356027848
440345,0.7027522467893206
440346,0.08431707500591
440348,1.3015464435398287
440350,0.0493229014588557
440353,0.0575293748341413
440366,0.0072538062085478
440387,0.0
440390,0.0
440400,0.6615535871455607
440416,0.5364308170100254
440434,0.0324653828330247
440435,0.1007242492434112
440465,2.04785624298429
440487,0.0
440498,2.121175615105011
440503,0.8460672868045369
440515,1.7596100767069456
440519,0.107634396061583
440533,0.0207662015448037
440560,0.0
440561,0.0
440563,0.0714132279076869
440567,0.9512689629676692
440568,0.1140922349498855
440574,1.5312924655685891
440575,0.7460288770173628
440577,0.3240155696308804
440584,0.4794218528220889
440585,1.2309830567730136
440587,0.2675537347388714
440589,0.5257444929287105
440590,0.9715029746777292
440594,0.3299968365272935
440600,0.2536192177458344
440602,0.0
440603,0.151031715914848
440606,0.5398882915099977
440672,0.0
440686,0.3200957386126905
440689,0.5039958577725172
440695,0.4575153821884988
440699,0.2659005667718562
440704,0.0
440712,0.2741318567637659
440714,0.0
440730,0.0957246593932778
440732,0.5627241000883338
440737,1.642153432440674
440738,1.1319599221038796
440757,0.0
440792,0.3368939395607091
440804,0.0070474104382352
440822,0.0
440823,0.1998874825803323
440829,0.0300581105554705
440836,1.829822207986873
440854,0.2419197061654351
440888,0.0
440894,0.723696298386228
440896,0.0
440900,0.0835635353418218
440905,0.4355427863089285
440925,0.4883415280217969
440944,1.4100463937797496
440955,0.0
440956,0.0788383885327216
440957,1.667806715372745
440970,0.0
440991,1.2240035446266218
441009,0.0138321417599086
441013,0.3150265908981102
441024,1.4645611041090396
441025,0.0
441027,2.499238276762876
441034,0.9790900004437324
441046,0.054997842915243
441051,0.3283323045897103
441054,1.361100419392194
441056,0.0
441061,0.0225922306114602
441072,0.3594913588692676
441073,1.5801156962230942
441094,0.3687682518465182
441116,0.0
441133,0.032865928486596
441150,1.9520501137323412
441151,0.231617602490273
441154,0.2327166047192115
441155,0.0
441160,0.3492900485612392
441161,0.0837519842731955
441168,0.1641228937636206
441177,0.0205630661837875
441178,0.1901843659990476
441179,0.4677426020865176
441191,1.1027470260650385
441194,1.1428741702457976
441204,0.6765970826790284
441218,0.0869490986322006
441234,0.0082850342053478
441239,0.1480744014416773
441246,1.503633848553084
441250,1.428404796475412
441261,0.0398448655326076
441263,0.0316637209677261
441272,0.0406387916047836
441273,0.1515524834278699
441282,0.6904747633538331
441294,0.0
441307,0.3046445817346442
441308,0.0
441314,0.0
441315,0.0
441317,0.0
441320,0.0
441323,0.0
441324,0.0
441326,0.0
441327,0.0
441328,0.0
441331,0.0
441332,0.0
441355,0.2003777465210845
441369,0.2149480012246582
441374,0.0402419221072167
441376,2.2223780771055988
441381,0.0
441389,0.1536322322100882
441394,0.0
441410,0.0
441440,0.0
441442,0.0
441452,0.0
441457,0.1034888062958342
441459,0.090507846716347
441476,0.1466790060376274
441478,1.8690420440379552
441495,0.0
441501,0.0205630661837875
441511,0.0
441518,2.256603150276367
441519,0.0
441521,0.0
441525,0.0
441531,0.0495192289370227
441533,0.092934019355804
441549,1.49929570059239
441550,0.6238847930396446
441581,0.0
441584,0.0
441592,0.0
441608,0.0
441630,0.0
441631,0.9374198569620784
441632,0.957269937690735
441639,0.0
441642,0.1012779001967963
441654,0.0
441669,0.0
441670,0.0
441711,0.0
441727,0.234283977346928
441744,0.3975883959245259
441750,0.0
441774,0.0532407567944813
441775,0.1389614282421753
441781,0.0
441783,0.0927476423604853
441795,0.0
441864,0.0
441869,1.8783037076614528
441871,0.0
441873,0.0
441876,1.0194053469948257
441878,0.0
441880,0.2709991681579604
441887,0.0
441907,0.2165506698612004
441925,0.0
441933,0.0164900995891271
441951,1.426437684496362
441957,0.0420263638480368
441996,0.0193432301006561
442006,0.0
442038,0.8356585332860873
442041,0.2775486097425162
442078,0.0
442083,0.0
442086,0.0662337567877756
442087,0.0673875284399155
442097,0.1466790060376274
442098,0.0
442101,0.0
442104,0.0
442105,0.0
442108,0.0
442114,0.0
442117,0.1489453134079853
442131,0.0
442153,0.1215063417494183
442155,0.1931570629018073
442157,0.0553878071845259
442160,0.0848817820027076
442162,0.3165790218143073
442164,0.0
442167,0.0668108416886656
442171,0.1732979617607553
442172,0.0
442175,0.1178980435863406
442179,0.0863857947605423
442181,0.0
442183,0.0
442184,0.0
442185,0.0
442186,0.0
442188,0.0
442189,0.0
442190,0.0
442191,0.0
442194,0.0
442195,0.2690536052345982
442197,0.8794212462226388
442205,0.0
442206,0.0
442210,0.0723688738166034
442213,0.2369414360556601
442215,0.0918151287903754
442216,0.188030575137308
442217,0.2147875574936126
442218,0.0
442225,0.0
442227,0.0
442232,0.0740862832627668
442233,0.0998006737938156
442236,0.0
442237,0.0710306629776471
442242,0.0
442247,0.0
442249,0.032865928486596
442252,0.0
442258,0.4246140369334645
442266,0.0302589788495971
442267,0.1005396165825761
442291,0.0
442292,0.0388514046163894
442308,0.0
442317,0.0
442318,0.0
442319,1.4249693474798997
442325,0.495710922760668
442326,0.2086667292854055
442361,0.0
442405,0.0
442406,0.0
442415,0.0
442416,0.0
442425,0.0
442426,0.0
442427,0.0
442429,0.0
442444,0.1099037083863086
442445,0.0
442459,0.0236049920866109
442479,0.0
442486,0.0
442497,0.4269345822336409
442517,0.0236049920866109
442525,0.132770028068318
442572,0.2554507873990374
442590,0.3353818690870569
442659,0.186369888167896
442660,0.0
442673,0.0310619747051902
442709,0.1910112164811311
442712,0.0
442720,0.1238432763780587
442721,0.046963386855558
442723,0.2690536052345982
442726,0.0
442730,0.0610219959658159
442867,0.0
442868,0.0
442890,0.0
442891,0.0
442892,0.0
442893,0.0
442894,0.0
442895,0.0
442896,0.0
442897,0.0
442898,0.4013830542380782
442899,0.0
442900,0.0
442901,0.0
442902,0.0
442903,0.9337202147799702
442904,0.0
442905,0.0
442906,0.0
442907,0.7913962056815869
442908,0.0
442909,0.7668111362092798
442910,0.3517184693718995
442911,0.0
442912,0.0
442913,0.0
442914,0.0
442915,0.0
442916,0.0
442917,0.0
442918,0.0
442919,0.0
442920,0.0
443,0.6116172687297831
4430,2.3148021412026116
4435,0.7179748737128936
4436,1.634830431188386
4437,1.9441376879820071
4438,0.0873244225138922
4439,0.4025177347293569
444,2.2769024483486557
4440,1.489359726512118
444882,0.1082589144778865
445,2.5446062440456383
445328,1.729998668449183
445329,0.0
445347,0.3429126591743592
445372,0.0
445571,0.4010044471831929
445582,0.0203598820990786
445815,2.1302210771350247
446209,0.0
447,0.1596680011708285
4477,1.024872222069834
4478,2.845319248621511
4481,1.1282053221924124
4482,1.7805180891473913
4485,0.8497868086389657
4486,1.5839554242472773
4487,1.0361974277947723
4488,2.4051716769585485
448831,0.0
448834,0.0171022935190702
448835,0.0
4489,1.1816588463441102
448990,0.4918121704345737
449,0.0
4490,0.1029366335610796
4493,2.8086019770546544
4494,2.1357712215664613
449491,0.0
449492,0.0
449493,0.0
4495,2.4389587159562645
449518,0.0
4496,0.3370312532664493
4499,2.1066559872511936
450,0.0
4501,1.9758956272467088
4502,3.049152863651599
450208,0.0
450209,0.0
450210,0.0
450211,0.0
4504,0.0497155105434259
4507,1.577990381351407
4508,3.5738851526355795
4509,3.2467971890273706
451,0.0
4511,1.7407301477828558
4512,3.6663401150287913
4513,3.631549588002798
4514,3.699361201469636
4515,0.4558751848662594
4519,3.605702703289922
4520,1.8831105496990503
4521,1.7293561472688088
4522,1.6545206545365714
4523,0.1023840919216796
4524,1.6117398997488162
4528,2.2466241323584497
4534,1.980917973939362
4535,3.5963201742946564
4536,3.5894204045174303
4537,3.571094280090218
4538,3.6584051694450648
4539,3.3971339123012196
454,0.0
4540,3.4590412394275343
4541,3.517803493688535
4542,1.090412404467603
4543,0.0326656794165476
4544,0.0
4547,0.0388514046163894
4548,1.937578072684887
4549,3.359986263804836
455,0.0338664618273812
4550,3.616054838094097
4552,1.9357406896550764
4553,0.0
4555,0.0
4556,0.0
4558,1.5691586652167664
4563,0.4676271768005791
4564,0.0
4565,0.0
4566,0.0
4567,1.1696082284148732
4568,0.0
4569,0.0
4570,0.0
4571,3.2865295005580415
4572,0.0
4573,0.4836129464704479
4575,0.0
4576,1.3364932524833932
4577,0.0
4578,0.0
4579,1.4902060508523278
4580,1.761393772001787
4581,1.3491655299191896
4582,2.7170700468128506
4583,0.0168982779780871
4584,0.1324148165236816
4585,0.2230881940461186
4586,0.0024939884663487
4588,2.3575281756567117
4589,0.3755872296393489
459,0.0
4591,2.044367405691942
4593,0.0232000328901817
4594,2.3699934626801347
4595,0.1550157875879565
4597,1.4763560237655604
4598,1.6241797696161635
4599,1.7089432546492016
460,0.6768550630041905
4600,0.7789599033258783
4601,2.4416974720077627
4602,2.565003750478928
4603,0.8216290434600533
4604,1.3577026001495511
4605,0.840245691252871
4606,0.1766699409861253
4607,0.0099324012091867
4608,0.1106336771547726
4609,2.5808840134353095
4610,1.2472583912173267
4613,0.6760808301316688
4615,2.350585875909
4616,2.2841145426153724
4617,0.0
4618,0.0316637209677261
4619,0.0619895891189751
462,0.0923747627007558
4620,0.033066130062972
4621,0.8825115268206394
4622,0.0070474104382352
4624,0.0058079828238362
4625,0.0070474104382352
4626,0.0140368959186701
4627,3.101255994256551
4628,2.246372289361947
4629,2.646531873294884
463,1.3097117414189414
4632,0.0
4633,0.0298571944893556
4634,0.4740632797361733
4635,0.0990610707966686
4636,1.255950634825686
4637,2.98346050912012
4638,2.6974449762239145
4640,0.046963386855558
4641,2.637276381312551
4642,2.306489050946221
4643,1.9218723341729576
4644,1.6775204229973788
4645,2.0726480263974687
4646,2.5005296032533235
4647,0.8814410950392749
4648,0.1637810756568249
4649,1.675332426022583
4650,1.988491940837571
4651,1.759903955455443
4653,0.4215496699875918
4654,0.0
4656,0.0
4659,2.1765939388430273
466,2.2279275826008296
4660,2.231386045785748
4661,0.0308612972995617
4664,2.3228659497736506
4665,2.4132739215904317
4666,2.781972008648173
4668,2.311414778204993
4669,2.1074803016386507
467,2.713802626284552
4670,2.6477594948166057
4671,0.1377268877932005
4673,2.533104412376015
4674,1.9298731122401185
4675,1.55913361995595
4676,2.6324722800224265
4677,2.678522454048246
4678,2.2021956450705757
468,2.978583429780177
4680,1.3680725722945255
4681,2.570317331919231
4682,1.7470830374721678
4683,2.3988283946193296
4684,1.4454003181914723
4685,1.5485736819279377
4686,2.187122419351497
4688,1.3298373798023877
4689,1.2069051900373398
4690,1.9308687559033224
4691,2.805801089639751
4692,2.2974593344246883
4693,1.8796034636654488
4694,3.0462695217278277
4695,2.2449985572312543
4696,2.303702258432622
4697,2.695829697763615
4698,2.0291090402785703
47,2.5964250205914285
4700,2.591673851897672
4701,0.4595021694922117
4702,2.726241074357452
4703,0.2026616951876663
4704,0.8755530002274254
4705,1.997919488072398
4706,2.5040894378274685
4707,2.2913866184618517
4708,2.0700285523487905
4709,2.6256097391612827
471,2.502285987769688
4710,2.7094108539188815
4711,2.260474695329837
4712,2.493197027809712
4713,2.8917950804081274
4714,1.1805149687991572
4715,1.747421841084071
4716,2.7241701907605647
4717,2.2825919431474895
4718,2.211403396465274
4719,2.070228222307587
472,1.5362390233505816
4720,2.2442124540868793
4722,2.243358491416945
4723,2.3901216342371407
4724,2.630404736777052
4725,3.094829525477364
4726,2.5745004191933902
4728,2.1643741422088856
4729,0.3238759174970587
473,2.4020112453389135
4730,0.9258432559893192
4731,1.9421872854709568
4733,2.555957911124062
4734,1.676825398940162
4735,2.799357542686391
4736,3.403518687490711
4738,1.9025545479776171
4739,2.239547095037203
474,0.0
4741,0.1801954562545614
474148,0.0
474149,0.0
474150,0.0
474151,0.0
474170,0.5274062199906361
474343,1.0590227748136305
474344,2.139261932606077
474345,0.2241990231746858
474354,0.0761805481519545
474381,0.0
474382,0.0
474384,0.0
4744,0.6652361747927348
4745,0.016081724652309
4747,0.063149226365247
475,2.1481657983265245
4750,1.6593865165036932
4751,0.5231817213210643
4752,1.6318461325221885
4753,1.247968359095886
4756,2.423320016443253
4758,2.432158222674948
4759,0.0
476,2.6989970203608697
4760,0.0
4761,0.0662337567877756
4762,0.0
4763,1.8313934523434507
4764,0.0
4768,0.0
477,1.3740471206395004
4771,2.075690468960216
4772,1.604511415978742
4773,1.9183522830930997
4774,1.3368367172881193
4775,1.683056142559602
4776,1.5892443563685172
4778,0.2496361909689343
4779,2.7394151911190607
478,0.0
4780,2.599374370670025
4781,2.612748993283661
4782,2.5142673175339656
4783,2.4050877102883748
4784,2.650157079608434
479,0.305360124389833
4790,2.314748944349667
4791,2.0869705490729067
4792,2.7043694164271272
4793,1.6950039998701063
4794,1.8932228564097937
4795,1.8631748237627512
4796,0.9690988946130424
4798,2.1136920739763507
4799,2.183527646607363
48,2.078818653035433
480,0.6765970826790284
4800,2.3131489687281515
4801,2.151851637490014
4802,2.193285831214454
4803,0.8308339260812
4804,2.451050218727735
4807,0.1943101536388631
4808,0.0
4809,2.7120407188734323
481,2.945809822184571
4810,1.1514576249710111
4811,1.9660492683237307
4814,2.725231830912806
4815,0.8244593845450776
4817,2.1001024886645685
4818,1.6051098071175876
482,1.3192642534499972
4820,2.0075032944864986
4821,0.0
4824,1.897147236989489
4825,0.0138321417599086
4826,1.62637418492175
4828,1.766515819716565
4829,0.2360045242826168
483,2.4325131303890526
4830,1.4544824184406524
4831,0.4006256497371725
4832,2.3774847680369637
4833,2.3638861980655888
4835,1.958258324716858
4836,2.4182854385825965
4837,2.556520863147208
4838,0.1677033206330719
4839,0.1115452309313575
4841,2.64753513601266
4842,0.1018311809447803
4843,0.2439332358021009
4846,1.1014332220575431
4848,1.955049658251053
4849,1.978600666554296
4850,1.852806744999056
4851,1.9316448646588809
4852,0.0912551171776534
4853,2.3698166358353228
4854,2.4988197480295793
4855,1.843869531504693
4856,2.189201986443037
4857,1.751095324469333
4858,0.8293316336000823
486,0.2327166047192115
4860,1.6101323339864766
4861,0.9377079641208126
4862,1.3351745502788497
4863,1.74436304094201
4864,1.9684708446318917
4867,0.8110270343683322
4868,0.0
4869,2.872017068351788
487,0.3244343746043497
4878,0.4130263439997707
4879,0.0586952005206574
488,2.498011734609582
4880,0.7130201967488918
4881,1.670650829754736
4882,1.623876818073788
4883,0.6850594520683956
4884,1.034627724562301
4885,0.1668522697819637
4886,2.2157031569195587
4887,2.553776022260938
4889,0.4950440423145666
489,2.0736382442526735
4891,2.257287953728535
4892,0.0223895328412295
4893,2.3874029404728905
4897,0.7937110455374492
4898,2.383567225078401
4899,1.9212838369314895
49,0.1520729184419736
490,2.297366755307581
4900,1.3863388527549505
4901,0.7668111362092798
4902,1.1554219672407884
4904,2.8790819313857137
4905,2.1427275713072467
4907,1.8933679387803064
4908,0.8001065033533171
4909,1.398850837606355
491,0.2133421134199432
4913,1.579343966508453
4914,0.071221967357895
4915,2.593257836162319
4916,0.8938593444369385
4917,0.0384536920503017
4919,1.2630292065103033
492,0.0113712320035829
4920,1.6923246651242705
4921,1.953079441266939
4922,0.1962830437178839
4923,0.0
492307,0.0205630661837875
492311,2.080978491274436
4924,2.8181091064310233
4925,2.5379349637261943
4926,2.466372839608806
4927,1.939657749726736
4928,2.3622117461146437
4929,2.168433380117757
493,2.4645699077674728
4931,1.8377468209467185
4935,1.3647745312887511
493753,2.2488887654702037
4938,1.526902438150183
493812,2.004564647619029
493821,0.083940390516352
493825,0.498814995044631
493829,0.0201566492701331
493856,1.6611684162902245
493860,0.0162859366995967
493861,1.3470092290445717
493869,2.0411316946324636
4939,1.580133220804184
493901,0.0
493911,1.7249465255825818
493913,0.0
4940,1.7430699352386838
494115,2.1824880692364084
494118,0.0
494119,0.0
494143,0.9454935024779144
494188,0.018529029376588
494197,0.0
4942,2.874563616979659
4943,1.9487973741203235
494323,0.0
494324,0.0
494325,0.0
494326,0.0
494327,0.7668111362092798
494328,0.0
494329,0.0
494330,0.0
494331,0.0
494332,0.0
494333,0.0
494334,0.0
494335,0.0
494336,0.0
494337,0.0
494470,0.8533531784237944
494513,1.0145996587618402
494551,0.1419518643529123
494558,0.0
4946,2.9256983837409116
4947,2.319158448334582
4948,0.7086035478350071
495,0.1229452412768831
4951,0.0
4952,2.206604251429486
4953,2.5669810656297605
4956,0.0
4957,2.0598383736571386
4958,1.6070492656999775
496,0.0818655711838594
4967,2.50338669282697
4968,1.37566944088752
4969,2.006372772622804
497048,0.2289422589237593
497189,0.0635354152782802
497190,0.0530452976713926
497258,0.6074481687994394
4973,1.5305732986247396
4974,0.2742807210695635
4975,0.0
4976,2.092779775954509
497634,0.0
497661,1.2997693557134289
4978,0.0442022240997431
498,2.762207720493436
4982,1.871282665985868
4983,1.6848304980924709
4985,0.0706479226552025
49854,1.9008327757643175
49855,1.4642269406715904
49856,1.538999195243732
4986,0.06565627325421
49860,0.0
49861,0.2958615502395921
4987,0.2613741992254882
4988,0.0020788305397574
4990,0.0
4991,0.0
4992,0.0
4993,0.1394899473602603
4994,0.0254249141756302
4995,0.076750799447613
4998,0.5747701782176049
4999,1.9056948438254695
50,1.9307366660079848
5000,1.8771152650072251
5001,1.9603036052720868
5002,1.7161089889735683
5003,0.8437984504966886
5004,0.2806553026210401
5005,0.6794295300760422
5007,2.4971057605389886
5008,0.7926993087072234
5009,0.0964672461846826
501,2.1215787685957133
5010,2.128777491853692
5013,0.2248330884582169
5015,0.0
5016,1.0648392240275633
5017,1.6897808238678511
5018,2.555600837322251
5019,2.267517823836116
5020,0.3388141040129317
5021,2.8740021120227457
5023,0.391093342326679
5024,0.0097266548872287
5025,1.8888891127601009
5026,0.051871586053616
5027,0.9934079105081992
5028,0.4609013973094382
5029,1.5308261015952132
5030,0.2130205485608581
5031,0.6647112968182946
5032,0.9660804565488744
5033,2.3965594089100013
5034,2.9327328670467945
503497,0.0
503519,0.0
503538,0.6977677994182612
503542,0.1155441405508978
503569,0.4187193233642668
503582,0.0
5036,2.5362754372733627
503611,0.0
503612,0.0
503614,0.0
503618,0.0
503627,0.0
503630,0.1678734237127189
503637,0.498261664719046
503643,0.1336573840641972
503644,0.0
503645,0.3616217619129963
503647,0.0725598717535938
503693,1.3876635690278325
5037,3.2181344250404935
503834,0.1786864032253949
503835,0.0
503838,0.8700590775306306
503841,0.0
504175,0.0438070313509447
504180,0.0
504181,0.0
5042,0.3386771083125778
5045,2.3619386929558037
5046,0.9276023333653728
5047,0.0
5048,2.2746915531858622
50484,2.089804886743745
50485,1.9805281585244197
50486,1.6272616920330083
50487,0.2044516776682815
50488,2.32328074999018
50489,0.8336922736745319
5049,2.510071611593449
5050,2.2459106330053773
50506,0.3613557864860852
50507,0.4530549283611449
50508,0.0
50509,0.988389837714176
5051,2.1537230641363916
50511,0.2906312808724575
50512,2.1133662754028646
50514,0.0860100466169922
50515,1.162362532556706
5052,2.9868714834248755
5053,0.2793253707446482
5054,1.8167262769115744
5055,0.1033047896802982
5058,2.3043510734200403
506,3.151809149711335
50604,0.3154502898354606
50613,0.0
50614,0.0177140457770852
50615,0.1770063673650971
50616,0.0
50617,0.7240973885931077
50618,1.8008552039349923
50619,1.9896229811863884
5062,2.469603865446454
50624,0.0443997508881444
50626,1.7085204277525998
50628,2.136585340692399
5063,1.403021443502722
50632,0.041828279182458
50636,0.4686653537558338
50639,0.1240227657226751
5064,1.9394069420329063
50640,2.1357937360323316
50649,0.9963465932309914
50650,2.1792829205819677
50651,0.797239869775638
50652,0.0060146795562324
5066,2.517941517082093
5067,0.6832731425656989
50674,0.0
5068,0.0
5069,0.3955567419893469
507,0.0
50700,0.0211723261778742
5071,0.75458849684469
50717,2.039699541547756
5073,2.0147740703904264
5074,2.2564476060715646
5075,0.0217811482126814
5076,0.338265974684118
5077,0.1160879462910086
5078,0.0
5079,0.052263005646635
5080,0.0062213260747212
50801,0.0162859366995967
50804,1.260756939068142
50805,1.7243985643543898
50807,1.752603844076335
50808,2.41885191420434
50809,2.517434974363833
5081,0.0
50810,1.7322839192989834
50813,2.584210245884192
50814,2.2815778653995804
5082,2.164199655748761
5083,1.2237917261339335
50831,0.2065619740916918
50832,0.655637894175622
50833,0.0
50834,0.0
50835,0.0
50836,0.0
50837,0.0
50838,0.0508922379282558
50839,0.4124049294806126
50840,0.9028172278680984
50846,0.1508580527907702
50848,2.516979842832883
50852,0.1589804607435198
50853,1.4323398612771798
50854,1.6507765203501987
50855,1.6028618525998282
50856,0.0951672823362936
50858,0.0
50859,1.7211477309852203
50861,2.3237441769242135
50862,2.2494598416022895
50863,0.4802166019010028
50865,2.4748736179502604
5087,2.2452481472877404
5089,2.2618677855092093
509,2.7862864527716686
5090,2.231091766018884
5091,1.7492444099452622
5092,2.710053422029601
5093,1.3010568041197523
50937,1.3493611160937953
50939,0.1108160684965277
5094,2.477184864214061
50940,0.4369879214705011
50943,0.6893782553635487
50944,0.1184402978192798
50945,0.1477257762004251
5095,1.8101989888915135
5096,1.9140802884309625
50964,0.018529029376588
5097,2.4239261598764053
5098,1.8792943747527604
5099,1.4128935896123542
50999,2.080354442832687
51,2.165033913980608
5100,0.2380331044085317
51000,2.051681616554363
51001,2.1560995190252155
51002,2.2279310379905706
51003,1.3460823663941326
51004,1.1453572294628662
51005,1.2086135915615726
51006,2.0901167565956693
51008,1.7807532159943618
51009,2.101551480109698
5101,0.2135028473860635
51010,1.3220966938055958
51011,1.7099985543700442
51012,2.586976971366739
51013,1.9682802150089145
51014,2.6057535580276823
51015,2.5183800808014456
51016,1.659725765695273
51018,1.8062123205242144
51019,2.224412598172277
51020,2.095347929785755
51021,2.5213529907715606
51022,1.5994105440500672
51023,1.1023094220615512
51024,2.689550854637146
51025,1.0452885086874046
51026,2.1866551322018073
51027,2.0467543920843956
51028,2.3184254962483215
51029,2.149740868966349
51030,1.942753068621163
51031,2.3231537740278907
51032,0.2537720108920371
51035,2.5518126665199
5104,2.5150635129970196
51042,0.0
51043,2.4363557153813415
51046,0.0
5105,0.0308612972995617
51050,2.993712080680872
51052,0.0
51053,2.1496282866494947
51056,2.551025230312732
51057,0.8621831279064538
51058,2.0437827525033825
51059,0.0388514046163894
5106,2.105124323806382
51060,1.2283629777662397
51061,2.2724930400185155
51062,1.620755997057651
51063,2.137119578873663
51065,2.0848095447255695
51066,0.2160702066097536
51067,1.9623453917446956
51068,2.3357195930575023
51069,0.5706773405308029
51070,2.0576457120026044
51071,2.2432528321035843
51072,0.454818848047692
51073,1.8748083153667856
51074,1.704963284166861
51075,2.640134910863376
51076,2.081292735468101
51077,2.243497118999
51078,2.369076916295873
51079,0.5363257851251646
5108,2.3720343127669423
51081,2.315060022214794
51082,2.0098937769495855
51083,0.4276658907318465
51084,2.043458193994042
51085,0.5256378921175457
51086,0.0179178651438874
51087,0.6985178042862784
51088,1.971669312368888
51090,1.448262035514667
51091,1.710893580176301
51092,2.2530681654790174
51093,2.2822160690845488
51094,2.7175774060648292
51095,1.6017421486059222
51096,2.3055928626866264
51097,2.676339825081544
51098,2.377733754081158
51099,1.9548742792276783
5110,2.508476316319286
51100,2.4924946089566538
51101,1.876910928980127
51102,1.809687034570846
51103,1.7910379245727437
51104,1.855774458620464
51105,1.4911775183081846
51106,1.6211572864487112
51107,2.8206880813820923
51108,2.359935227417916
51109,2.2661882940773173
5111,2.728407973519366
51110,1.737376224240775
51111,2.228879938523437
51112,1.8005134414610269
51114,2.2263308941711686
51115,2.0879537599836366
51116,2.161664003876992
51117,2.2583251662568866
51118,2.1622202425336736
51119,2.83145517702173
51121,2.2441202381094265
51122,2.235999359767464
51123,2.103655096800551
51124,2.1406549087488944
51125,1.9272554248711031
51126,2.560924533433728
51127,1.0180434281961717
51128,2.112512054046095
51129,2.0131249360096266
51130,1.638784603897233
51131,2.1299694420079134
51132,2.1522301556407206
51133,2.6468522844539963
51134,1.2540161394025608
51135,1.8876274819656833
51136,1.787064127545417
51138,2.359375679140016
51141,2.227979409756612
51142,3.048066294675505
51143,2.040664654614606
51144,1.9113889328578444
51146,0.0694986479199568
51147,2.3941680938649443
51148,2.0655208518297634
51149,1.4976120387904934
51150,2.434523148897762
51151,0.0390501905320824
51154,2.370907348121329
51155,2.246382104957707
51156,0.392498969506788
51157,2.0185840772987267
5116,1.5956114318414332
51160,2.523667060929389
51161,1.7658325315421002
51162,2.1280926187736964
51163,2.046777380514466
51164,2.4778255321235063
51166,1.1803240955989125
51167,1.382579914460912
51168,0.2313033227132047
51170,2.2128330278092614
51171,1.7196163822464667
51172,1.3539502346463743
51174,1.8422772258481357
51175,1.591045493751445
51176,1.5173011833518375
51177,1.772217467198088
51179,0.0869490986322006
5118,2.144533481588129
51181,2.5166920959068912
51182,1.933609366067221
51184,2.2284799983020114
51185,1.9170915674526636
51186,2.5323002922986064
51187,2.499327466161511
51188,1.920239899119648
5119,2.3005804236945844
51191,1.2841993722815936
51192,0.1971036549237277
51193,1.9233160260283908
51194,1.7509873715696058
51195,1.4990673960113574
51196,1.244885135568336
51199,1.6870420485927933
51200,0.9819913919241346
51201,2.066884390946316
51202,0.3210775613859247
51203,0.0350655380227658
51204,2.04821708014162
51205,1.4914095402862722
51206,0.2693532362744614
51207,0.1031207321073816
51208,0.2818355714733183
51209,1.2017849554982178
5121,1.035314978496814
51213,0.0
51214,0.085446105720894
51218,2.383674351934
5122,0.1798603545490436
51222,1.5739060890174763
51224,0.0
51225,1.6854157462706112
51226,1.923735458151773
51227,1.8444758894921889
51228,2.524174918104808
51230,2.152277441926016
51231,1.7802492139952353
51232,2.76204791122168
51233,0.4830479808106961
51234,2.0347236150649635
51236,2.0795978699844615
51237,1.6759159876358638
51239,0.7548949064578574
51241,1.722353604155267
51244,1.991748875747813
51246,2.5885952749705208
51247,2.327601694988
51248,2.516959200632632
51249,2.4731949992028675
5125,0.9340100450788668
51250,2.0017003340478636
51251,1.98804261791921
51252,0.4611343443843866
51253,2.5161681883124465
51255,2.6858971796600466
51256,1.1003361075180118
51257,2.3234801827927445
51258,2.743931198758245
51259,2.327136102962462
5126,0.041828279182458
51260,2.534335555063164
51263,2.1356991657207365
51264,2.175388574104491
51265,0.2259414903600505
51266,0.0115765804481612
51267,1.134904614898023
51268,0.4285181796048409
5127,2.3036554718943147
51270,0.5857337065355926
51271,2.615504790266997
51272,2.386085671347073
51274,2.1362392299339685
51275,1.9186728481590225
51276,1.0966345406010596
51277,1.4966115641407127
51278,2.3769905787918617
51279,2.322227153207774
5128,2.078402041856038
51280,2.7247766396876765
51281,1.0883085497014942
51282,2.1903797785251724
51283,2.3368268788522233
51284,1.0688861013904496
51285,2.073483196755588
51286,0.0260306859239784
51287,2.36601218058584
51289,0.0168982779780871
5129,1.6618586694287216
51290,2.0844723541143564
51291,1.6694547377057742
51292,2.515264298054246
51293,2.1101016856226353
51294,1.5492850181338509
51295,2.3637173255361392
51296,1.3735674265380518
51297,0.0
51298,0.3869893211696156
51299,2.254406147729327
513,2.1989203873021927
5130,2.079303225579313
51300,2.4972088530487273
51301,1.4276140774000727
51302,1.877195194654552
51303,1.4687302649331966
51304,1.9949586497011016
51305,0.0310619747051902
51306,2.244630402674724
51307,2.194526027241428
51308,1.2748285953661087
51309,2.4966753266968875
51310,2.411146231158996
51311,0.2388119493839321
51312,2.275214152424776
51313,2.6429987350171316
51314,0.1746484396889903
51315,2.612956834074172
51316,0.6756503220675005
51317,1.8915977895131064
51318,2.3211466372662803
51319,1.7582792398672642
5132,0.1202452363628534
51320,2.238309452915033
51321,2.313752552807989
51322,2.3194102634629887
51324,2.473857066696195
51326,0.4311904822786587
51327,0.1494674146509814
51329,0.0152643844692303
5133,0.2155894543456707
51330,2.50109250217478
51332,0.8551289463096358
51333,0.7425272101132736
51334,0.8906378567981776
51335,1.7088375858598783
51337,2.2131110217254646
51338,1.26378451605438
51339,1.4010541367279894
5134,2.209668993110915
51340,2.287283500482275
51341,2.1787093074591115
51343,2.047690025991432
51347,1.873672315032876
51348,0.3548102826051378
51350,0.0
51351,1.7516107281013742
51352,0.0
5136,0.8885225756103349
51360,1.6816259544526524
51361,2.134462944630659
51362,1.8885956595728843
51363,2.133263240989849
51364,1.5456234351357363
51365,0.6347532534439964
51366,2.263553609383796
51367,2.202299940934391
51368,2.213038837210224
5137,1.6080902394809804
51371,2.714168081194986
51372,2.1219440285488
51373,1.9297484806617544
51374,2.759331367659361
51375,2.3964052208479805
51377,1.8906625540336184
51378,0.4974862959890671
51379,1.7696519096450434
5138,1.692338376217957
51380,2.0497994898164467
51382,2.3541936395673515
51384,0.0130126308322217
51385,1.713476319803818
51386,2.888026972521428
51388,2.118080696287296
51389,2.184822762974535
5139,0.4893508323413079
51390,2.148756728412234
51393,1.2055565678224929
51397,2.2318235711393983
51398,0.0
51399,2.120363247472042
514,2.5702807828045646
5140,0.258493991100522
51400,2.12750783174902
51406,2.4165931897887414
51409,1.3348299953130665
5141,1.5945590986213694
51411,1.1660949092191857
51412,0.0179178651438874
5142,2.0941672094677997
51421,2.4289193981444943
51422,1.4946672897845976
51426,1.5943721460496114
51427,1.930013275923084
51428,2.3031072946705873
51429,2.4496211621010073
5143,0.0
51430,2.2649834456491624
51433,2.20691673663781
51434,2.0080641157959596
51435,2.318354477227094
51438,0.0
51439,2.401655612777509
5144,0.7958018294580095
51440,0.0089031710875008
51441,2.626908397027219
51442,2.0660232192804076
51444,2.072009665939024
51447,2.4409195262127215
51449,2.6660384530065113
5145,0.0227948798627598
51450,1.6130480699463468
51451,2.3007637460131636
51454,1.3290248499797657
51455,1.895487011359342
51458,0.1236637478282847
5146,0.3491549102849444
51460,1.8277746934637185
51463,0.8861671501313642
51465,2.505890413929415
51466,2.274838805341723
5147,1.936721691090628
51473,2.354261850808948
51474,2.669306877228404
51475,0.0
51477,2.445986253338338
51478,1.338493632953971
51479,1.949879685726546
5148,0.2665021207842197
51480,0.0
51481,0.0
5149,0.0
51490,0.0368609624667365
51491,1.7332096797291472
51493,2.6823552616748434
51495,2.7164738774279
51496,1.9117884956017823
51497,2.3896848723576296
51499,2.472894589071104
515,2.7093971795815404
5150,1.7407178643960004
51501,2.0198579620636368
51503,2.437891814525357
51504,2.873132578021113
51506,2.7280665366842687
51507,2.4282378156950473
5151,1.6378108673301173
51510,2.6311989823270405
51512,0.5420798735122674
51513,0.9025734982142886
51514,0.8149531912796318
51517,2.152913043022481
5152,1.6624599451266393
51520,2.0813136755121024
51522,2.879759271211291
51523,2.517628635686348
51524,1.7749266412138007
51526,2.508884094672452
51527,2.0043653581825995
51528,2.210542745646882
51529,2.112684981128645
5153,0.6564354984263006
51530,1.9888336112995009
51531,1.789154455574918
51533,1.5919520091872146
51534,2.1241882903201303
51535,1.788297564308161
51537,0.147202558931156
51538,2.396795681885426
5154,2.436292520358197
51540,0.181199928331334
51542,2.1211662340573323
51545,2.1865499058530378
51547,1.4804918132644875
51548,1.71947455914396
5155,2.2252668969813016
51550,1.8862316565093105
51552,2.7478592518148752
51554,0.5499558301586809
51555,0.1247403313498729
51557,0.0
51559,1.6680239052628514
5156,2.1995141123152235
51560,1.2985403166829532
51561,0.8792947917395868
51562,2.0609575242103526
51564,2.1132751908287917
51566,2.5136318506819375
51567,2.376274153654981
51569,2.462547562100451
5157,2.0514489983056357
51571,1.8583491034396415
51573,2.4119979008375116
51574,2.1636423808303955
51575,2.0268553154479356
5158,1.4666722514253896
51582,2.6406543205360915
51585,2.107041551342712
51586,2.074193740382548
51588,1.9401892384690007
5159,2.272623124449604
51592,2.0903466538996587
51593,2.406852196749594
51594,2.1430983114364435
51596,2.824715850200897
51599,2.6422435796742114
516,2.373429615177956
5160,2.2293860834523103
51601,1.51589953316881
51602,2.368094666969594
51603,2.229894910210511
51604,2.1981522910131632
51605,1.9497982456214025
51606,2.260706758704552
51608,0.270101814525391
5161,0.0
51611,2.187032904697218
51614,2.735096932493029
51616,2.4391126135266687
51617,0.0111658338983268
51619,1.8084725718983696
5162,2.1520495498031096
51621,2.271295686237621
51622,1.2554843176967387
51626,2.009100733110599
51629,2.5879546557392197
5163,0.990930471635334
51631,1.9761725196590585
51633,1.636617920346895
51634,2.099908520587982
51635,2.523938566408427
51637,2.346073980268059
51639,2.804535056370512
5164,1.9805213161442292
51642,1.857464722922231
51643,1.8040246543790963
51645,2.4738522859499534
51646,2.69943350368343
51647,2.6122758649597917
51649,1.9754452542655416
5165,2.2276925336037268
51650,2.0348066944407788
51651,1.7891983521722403
51652,2.416080409980566
51654,1.9642267104772728
51655,2.240717003717237
51657,2.422393422782544
51659,1.481762362852408
5166,2.240790196427707
51660,2.3954413530605048
51661,1.8023152562310727
51663,2.44190139629029
51665,1.962259335059019
51666,0.4319176335537664
51667,2.342626311423664
51668,1.9744456354293587
51669,3.057468595661856
5167,2.11172322501295
51673,2.152552436734561
51676,0.4716563340055335
51678,1.0075496139133735
5168,2.399191363440403
51684,1.9619149182161664
51686,0.6832731425656989
5169,1.0968555334396912
51690,2.2611704020236827
51691,1.5925838181300225
51692,2.246175917276327
51693,2.0136524346019726
51696,2.194480314380371
51699,2.381257231832718
517,2.902305828927363
5170,1.7815136910720395
51700,1.486215551103625
51701,1.9547426933526089
51702,0.372840768490936
51703,1.9637768791682
51704,2.2962030784628222
51705,2.2036195308165016
51706,2.5313211131706033
51710,1.8276945861572005
51714,2.5900478134742273
51715,1.3985461859614328
51719,2.470812167050176
5172,0.6084927698074708
51720,1.913910075285038
51725,0.0
51726,1.763240078572775
51727,2.8127783350459956
51728,2.1003062922002744
51729,2.520720634702317
5173,0.0240097576149657
51733,0.0727508259833435
51734,2.269682295192787
51735,1.1769156495052526
51738,0.5069555022544764
5174,2.351872806771716
51741,1.81911483738201
51742,1.948663731503442
51744,0.394029403740415
51747,2.3849911492823908
5175,2.5964728736912868
51750,0.1005396165825761
51751,1.1865510939195971
51752,2.1818999638066017
51754,1.7818822570163495
51755,1.9336247959390864
51759,2.2568886554470007
5176,2.6590469425380907
51760,1.2107146010480323
51761,1.0253213931239236
51762,2.086119045042076
51763,2.2561807905163693
51764,0.0
51765,2.062034696269123
51768,2.285115037675423
51773,1.8659501128735057
51776,2.1179529363653593
51778,0.3405928297090988
5178,1.2190041639552616
51780,2.46727512853671
5179,0.5027866157120824
518,2.5836782141525125
51802,0.0493229014588557
51804,1.3812157322954992
51805,1.9745707289545211
51806,1.5100896620719164
51807,0.089572811643912
51808,2.2638798170836987
51809,2.1755334377774447
51816,2.039072349054285
5184,2.2610013094814514
5187,2.1958680497406355
5188,1.3467846860918593
5189,1.6457713283093802
5190,2.486899560239759
5191,1.837912966369476
5192,1.609820015916462
5193,1.9711439029881104
5194,2.0461907330067204
5195,1.9854166915270708
5196,0.0
5197,0.1577758647003239
5198,1.7011085418223313
5199,0.0803533557144177
52,2.3748451907549297
5201,2.5127479576444594
5202,2.5836553434953435
5203,2.131585967233604
5204,0.7908162166136228
5205,2.1624207744620967
5207,0.6349360092944882
5208,1.5347179807697944
5209,2.4384822121207033
521,1.7224432708312076
5210,1.3477943696927244
5211,2.279368472384473
5212,2.0944147713186374
5213,2.1101742312018748
5214,1.7960775978386898
5216,3.041757136147648
5217,2.5705764662721053
5218,1.903279493857032
522,2.47839891292812
5222,0.0152643844692303
5223,2.3211283806744603
5224,0.0
5225,0.0809207585101274
5226,2.597634420372803
5228,1.693091836828366
5229,1.7997006460170917
523,2.4963890043509465
5230,2.7702860872540565
5232,0.0
5233,0.4092901167367211
5236,2.505289410567517
5238,1.709088507972509
5239,1.753236811623274
5241,2.3746512302163767
5243,1.8366603505737904
5244,0.2961510947909775
5245,2.26403504193075
525,0.4206893926412255
5250,2.713535600294391
5251,0.904277623485986
5252,2.465366177947364
5253,2.353882975520642
5255,1.8641845310286005
5256,1.7110907682346588
5257,2.2062951630249734
5258,0.0
526,2.2290866194471586
5260,0.7456407088809948
5261,1.612018195663794
5262,0.0
5264,2.1072853671757783
5265,3.0205381601984276
5266,2.3239045384905315
5267,0.1924974114159267
5268,2.5613256776114417
5269,2.105477229415526
527,0.2587976668438312
5270,1.6476074152632096
5271,1.5332307885037189
5272,1.4857891115421025
5273,0.0156731530012164
5274,2.168289653391855
5275,0.2086667292854055
5276,0.0443997508881444
5277,1.5198935134855545
5279,2.060498084010017
528,2.3119223237138007
5281,1.272928251117173
5283,1.9678279783456087
5284,2.6192935104131676
5286,2.195420021252433
5287,1.9269966258404152
5288,1.990163900187861
5289,1.6887315643047487
529,2.6547387816588066
5290,1.6116088790155
5291,2.1346527166204763
5292,2.06749362853754
5293,1.6698153410570562
5294,0.8524304679063458
5295,2.6954073719985456
5296,0.0563619252247972
5297,2.16952787404844
5298,2.4552632134892103
53,2.2813864579966068
5300,1.7359752373497626
5303,1.7822505046478732
5304,3.726070122161489
5305,1.9528297102913164
5306,2.556204114782293
5307,0.7563484267158794
5308,0.0505001786277436
5309,0.0296562306312831
5310,1.5026456740711067
5311,2.2500428939897263
5313,0.0134224851965348
5314,0.2385005031018857
5315,2.995396462380782
5316,1.8000323697983585
5317,2.33997595055838
5318,1.953512420368379
5319,0.6318226059637279
5320,0.8684530645116083
5321,1.8415320481053687
5322,0.534748464384304
5324,0.6658480262045691
5325,1.6941172318609314
5326,1.9777470345102663
5327,2.843390715240784
5328,2.119883417408076
5329,1.3940057090904054
533,2.5636996414546713
5330,1.164172867727184
5331,1.972410679504888
5332,1.576032224250458
5333,2.0275878938904217
53335,0.8274145623082121
53336,0.0
53339,2.3994195305620396
5334,1.3768629707387967
53340,1.3578400399588804
53342,0.6507435096977078
53343,2.1577709167037087
53344,1.5954927389000575
53345,0.1605266099672951
53346,0.9230183565443631
53347,0.4515227906598616
53349,2.1544116200342485
5335,2.0185840772987267
53353,0.4339740518748788
53354,0.6835286160226829
53358,0.5343272610762845
5336,1.4305073280503138
5337,1.53964858696602
53371,2.2862170194398814
53373,2.180859467416725
5338,2.3185122761174983
5339,2.476735414781345
534,0.617918389133058
5340,0.0
53405,1.147222566691999
53407,1.9583887327602771
53409,0.0
5341,1.509602347700424
5342,0.0314631865193807
5343,0.0262325134658017
5345,1.560743200143366
5346,1.2466829775640649
5347,0.7044056213734522
5348,0.0438070313509447
5349,0.7132647217010527
535,2.166873880875812
5350,1.115252906129519
5351,2.546106433060519
5352,1.6048771911146464
5354,1.412745434786271
5355,2.9010242872256633
5356,2.3482264802692563
5357,1.7851296935391456
5358,2.722733566587415
5359,2.204930383376852
5360,2.5434373133274084
5361,2.0351328999418232
53615,1.7978123614816368
53616,0.9863177185174874
5362,1.1147818265533505
53630,0.2109272209244526
53632,0.0740862832627668
53635,1.7465137357035827
53637,0.8100417828323898
5364,2.328813677456378
5365,1.4332180582809737
5366,1.9348495480432208
5367,0.0
5368,0.1206057494966272
537,2.667607581072299
5370,0.0148554188895284
5371,1.941885201723108
5372,1.648968309633226
5373,0.9569908175817298
5375,0.1033047896802982
5376,2.340079240469455
5378,1.6771092123286868
538,1.867298887558284
53820,0.4773742510025947
53822,0.068923416931643
53826,1.4525696942760653
53827,2.7124958287323775
53828,0.0501079362162316
53829,1.620611447259111
53831,0.678143507709941
53832,2.237114345007615
53833,0.3410027208275318
53834,2.0086113944177955
53836,0.3519878191240783
53838,2.165054641431547
53840,0.0619895891189751
53841,0.0434116529118274
53842,0.0
539,2.012577824863951
53904,0.1405459622981713
53905,1.245971333435116
53916,0.3434574844047044
53917,0.5711777312257221
53918,1.9261406034186623
53919,0.2748758960693336
5393,1.8525804722732004
53938,1.9380360853995051
5394,2.204630883024338
53940,0.0
53942,0.0679638175237219
53944,1.6619173657155797
53947,1.7147033809277703
5395,1.5965429690128945
5396,1.965765055643388
53981,1.8951473478886576
54,2.2425155974394917
540,0.9436133474789348
54014,1.81995221618426
54016,0.0
54020,1.7036419968610634
54022,0.0670031148207685
54026,0.0
54027,0.0
54028,1.1683225506588886
54029,0.0880745620036581
54033,1.340116893151755
54034,0.0
54039,0.4041537043533137
54044,0.0
54045,0.0191397532419228
54047,0.0495192289370227
54051,0.0
54052,0.0447946653885956
54058,0.8036010825948434
54059,1.8485433165095888
5406,0.0
54064,0.6129386166279143
54065,0.0424223934120883
54067,0.3758482803482453
54069,1.992107583559927
5407,0.0
54072,0.0406387916047836
5408,0.4183493575759505
54082,0.1347209445133961
54084,0.1168124626568068
54088,0.0675796689626678
54089,0.0660413065929845
5409,0.5251046518992601
54093,1.5684046846165167
54097,1.739401534256732
54099,0.5344325850088708
541,0.2417646072101112
54101,2.1563205638387246
54102,1.829772388145968
54103,1.5799930058390708
54106,0.0744674501196066
54107,2.5879557282369334
54108,2.1178109276818056
5411,2.52601746377396
54112,0.3545419247418729
5412,2.4909839738799096
5413,0.1144554512135472
5414,1.3874040902802791
54143,0.0
54145,0.0
541465,0.0
541466,0.0
541468,0.9794130602650972
54147,0.0
541471,0.4980402149286043
541472,0.4838388108081963
54148,2.419459328519927
54149,1.9328216433914849
541565,1.6624892551847767
541578,2.196417798781739
54165,1.9082602174489751
54187,1.9059761032922615
542,0.0
5420,2.6745312348519565
54205,2.3546731595810946
54206,2.5288591716847173
54207,0.0103437444480222
54209,2.2927411189376983
54210,0.1591524003533607
54212,0.0434116529118274
5422,1.310614640072728
54221,0.4124049294806126
5423,2.1359647995272892
5424,1.4466716528730346
5425,2.4644169782427268
5426,1.483886947777784
5427,1.1002482486704623
542767,0.0606346453732357
5428,1.8720298124616568
5429,1.6728903361354692
5430,2.7133578794931794
5431,2.452691537306103
5432,2.4484005064778724
54328,1.0202109534013686
54329,0.359757984600491
5433,2.003341557199188
54331,1.2413399971754286
54332,1.125856659836902
5434,2.425993417793529
54344,2.5262907699521144
54345,2.035298859439117
54346,0.015877463426456
5435,1.7152375198439076
5436,2.593275724518068
54360,1.6536099315596169
54361,1.4401888582653384
54363,0.0242120678044732
5437,2.2341486777289488
5438,1.463290082092547
54386,2.4291930837579745
5439,2.3835865106231107
5440,2.542124889874443
54407,2.614740541590079
5441,2.7736241686774457
54413,0.85591659815072
54414,2.1400058285251307
5442,1.871183543805528
54429,0.7684639436197895
5443,0.2616767677010045
54431,2.0362221506909046
54432,2.586347726751203
54433,2.1951197450242392
54434,1.7334220774571862
54436,0.9437274591933378
54437,0.3185503518002548
54438,1.2670888900541446
54439,1.801846884406313
5444,0.1746484396889903
54440,1.5340039313034293
54442,2.0257081858419537
54443,0.8315837645778195
5445,2.455522563962929
54453,2.24766873669212
54454,1.3304459546772658
54455,1.8125625949326083
54456,0.116631393300044
54457,0.1182595860883647
54458,2.355702617252293
5446,1.505583712057723
54460,2.647356378492263
54461,2.384820450008259
54462,2.109545018502208
54463,2.00687777028207
54464,1.8693590070385908
54465,1.5596097468519363
54466,0.1243816268565123
54467,2.1558187625499885
54468,2.033624051833073
54469,2.4011760744927657
5447,2.0935197226143196
54470,2.015786332622409
54471,2.128593761955156
54472,2.3001856539541032
54474,0.0438070313509447
54475,1.844591285507845
54476,2.1126417571257736
54477,1.7800138091820952
54478,0.4664719282130878
54480,2.2825068216859568
54482,1.7217382529893577
54487,1.8727666155672953
5449,0.1951327793248736
54490,1.570072596668319
54491,1.31504657706005
54492,1.907873576129104
54494,1.8962502093006592
54495,2.105820002772302
54496,1.8586279862938304
54497,2.077371670930224
54498,1.4251862565103397
54499,2.5224245683332582
545,1.3466442976950193
5450,0.8343031336949817
54502,2.337402646917361
54503,1.645330171912626
54504,1.8120223248401632
54505,2.2428265566865737
54507,1.2784815659938096
54508,0.9719935564619088
54509,0.0408371562480633
5451,1.5418195483459276
54510,1.6913775787215095
54511,1.4597947383049794
54512,2.092769629264246
54514,0.0
54516,1.170619125533813
54517,1.8217946661258273
54518,1.4858531011181273
5452,0.7300057082753153
54520,1.982956371888452
54521,2.0077774353355675
54522,1.3823964852944426
54529,2.1131505115018174
5453,0.4708522651484668
54531,1.401710750068921
54532,1.965537535939822
54534,2.2086979763269983
54535,1.6444008249795588
54536,1.8120431173121792
54537,2.1488305253971647
54538,1.8209507930711892
54539,2.8126010290889036
5454,0.051284114267885
54540,2.0097416406702444
54541,1.7065861297951517
54542,1.9447381798715204
54543,2.973006028964934
54544,0.0
54545,2.4053515286967486
54546,1.2814116011253485
54549,1.6193728863460704
5455,0.3855734063166763
54550,0.1832051328693448
54551,0.1541513409448461
54552,1.610707105802517
54553,1.6030787963805713
54554,1.8474371170037944
54555,2.2482256192641548
54556,1.6534455080147756
54557,1.1919247671622542
54558,1.827994909218152
5456,0.0
54566,1.8721736834950495
54567,1.7383777070033215
5457,0.009520858735307
54570,0.0
54573,0.0
54574,0.0
54575,0.0
54576,0.0
54577,0.0598594062479726
54578,0.0
5458,0.0
54583,0.5929494530405456
54584,0.6458142041700256
54585,2.074929549302686
54586,0.0298571944893556
54587,2.5541644134763724
5459,0.0795962166369358
54596,0.6468028798941509
546,1.9083506541031916
5460,0.5044350843616178
54600,0.0
54602,2.159699691955011
54606,2.4116105365207243
54617,1.980753889089894
54619,1.6017588804531244
5462,0.1576036338499989
54620,1.554290361939529
54621,1.5854652283749016
54622,2.2418032806390187
54623,2.5466693076287545
54625,2.037667622859621
54626,0.2862457951418161
54627,1.1032280092427826
54629,1.957416871445345
5463,1.7363972470446427
5464,2.6034190082220534
5465,1.5044352650451922
54657,0.0
54658,0.0
54662,2.44101021182111
54663,1.6279894349273747
54664,2.096926322925865
54665,2.0315768544416755
5467,2.169634271531741
54674,1.4916836062866146
54675,0.293686531565202
54676,2.0126029966857275
54677,2.1532904267667807
5468,1.49050191904761
54680,1.9109399680362096
54681,1.8502824338591295
54682,2.191288379918545
5469,2.0979981331774327
547,0.1311703628083161
5470,0.0086971754034013
54700,2.353395184968507
54704,2.3021575148918623
54707,1.9166087105596243
54708,2.366691289921232
5471,1.6592979748510708
54714,0.0252228938178094
54715,0.0831865093464727
54716,0.3223380756768558
54726,2.0220186856534266
54729,0.0
5473,0.3656003040056981
54732,2.6594337601703897
54733,1.7599392074431344
54734,0.219427397119987
54737,2.424555501812885
54738,0.0528497930137067
54739,0.8598403742462348
54741,2.6590312266144234
54742,0.6372164097453008
54749,1.8514377835525937
5475,0.2333439246723052
54751,2.4834714691247415
54752,0.14563089186569
54753,1.8414642381212616
54754,0.0
54756,2.258088282374224
54757,1.3307933958476592
54758,1.4388540209674807
5476,1.8991961210616857
54760,0.9294148375718224
54762,1.8566811552467557
54763,1.323595269887825
54764,1.7624347539792715
54765,2.206372461198533
54766,0.0
54768,0.1990697104555288
54769,0.5520141419128756
54776,1.7930653375311691
54777,0.3433213143432003
54778,1.9679976287636356
5478,2.7128172394027357
54780,2.1085408523448774
54784,1.8015485588670117
54785,1.721455928508711
54788,2.3161027450678873
5479,2.7484875265206745
54790,1.5302035779449892
54793,2.2791787454730645
54795,2.0291572302326264
54796,0.5049837449076889
54797,2.1119302189236304
54798,0.585047305362119
54799,1.9476674037984056
5480,2.1281248233713264
54800,2.1282674089165967
54801,1.6234299991921752
54802,1.749653734441969
54805,0.9826342731680272
54806,1.5966952252410738
54807,1.633020297460458
54808,1.9695070793843357
54809,1.6282580917427285
5481,2.3254651874928594
54810,1.477507139067912
54811,1.7240541453294411
54812,2.4382795607341974
54813,1.6830981377745744
54814,1.7509993676659257
54815,2.165671758575052
54816,1.5181601866534746
54819,2.0497139715137846
54820,1.6507614816261045
54821,0.451640760016628
54822,1.8252237453908489
54823,1.56463473295581
54825,0.0392489295621294
54826,1.4273502282337802
54827,0.092934019355804
54828,1.4910720173888672
54829,1.5840944600815094
54830,1.0531484390428412
54831,0.0
548313,0.0
54832,1.9278899440191364
54834,1.456093411513488
54836,2.607496371128053
54838,2.307546002455097
54839,0.9797359489684208
54840,1.4894867684602122
54841,1.3793735999690997
54842,2.37284474157859
54843,2.291820666946592
54845,2.503725315585547
54847,2.024270879196971
54848,1.6601089585903277
54849,2.0033737940533314
54850,2.0640315880104194
54851,1.8774171390862664
54852,0.9537998667569756
54853,1.6974098096267582
54854,1.3272503407013674
54855,2.238185438905997
54856,1.8009726209595716
54857,0.1069773613093653
54858,2.006270413086683
54859,2.0294342029120016
548593,0.0
548594,0.0
548596,0.7603102969720592
54860,0.0
54861,1.9613905337025632
54862,2.1722593896097884
54863,0.987381226388542
548644,0.0350655380227658
548645,1.818193831109456
54865,1.9212758783026376
54866,0.6853991720022198
54867,2.543264010723409
54868,1.8384793151224552
54869,1.7340212314274952
54870,2.4218789056968375
54872,1.922880297877456
54873,2.031445166325181
54874,2.579812814434728
54875,0.8902029365056233
54876,2.258164103482515
54877,1.694472151242984
54878,1.989596249404692
54879,1.4290508260149386
54880,1.972522460986737
54881,1.7976725510051623
54882,0.2459416614431023
54883,2.0941065564254004
54884,2.4843326105024675
54885,1.3289667640970206
54886,1.0983560597494129
54887,1.5332307885037189
54888,2.26140511073958
54890,2.655682689848387
54891,1.55917026208149
54892,1.5267848205094692
54893,1.8630185557954928
54894,1.4044040925324424
54896,1.901493939342393
54897,1.6917758749073144
54898,2.3234258042466807
54899,1.682649985400248
549,2.1610439958133703
54900,0.3429126591743592
54901,1.8908429054650664
54902,2.3568500711782665
54903,1.394978418019421
54904,1.9898835186888335
54905,0.0152643844692303
54906,1.992983016518732
54908,1.3510345664988708
54910,2.1713485363710165
54913,1.683405982247403
54914,2.066541252858765
54915,2.496056579556774
54916,1.5244658156023954
54918,2.745110374691384
54919,1.7966171058491065
54920,1.4181985102538786
54921,0.4408279496398549
54922,1.974716620364556
54923,0.4041537043533137
54925,1.7828524063592817
54926,2.4684263523076444
54927,2.1619610527665913
54928,2.388691481162102
54929,1.9994076522158055
5493,2.4664888376940963
54930,1.887142523133793
54931,2.486829403821562
54932,1.168556528385611
54933,0.9855188647976916
54934,2.0795505323645047
54935,2.5930641474277456
54936,2.469524646709299
54937,0.0735142061810224
54938,0.6225839919806264
54939,1.9564571464556313
5494,2.136306680470778
54940,2.5965113582486254
54941,1.493324784896517
54942,2.212609024407288
54943,1.0884430653735455
54946,2.26709676553972
54947,2.239550433876887
54948,2.380221456820826
54949,1.843869531504693
5495,1.7394877711382442
54951,2.0018880747986314
54952,1.821459354227443
54953,2.170157603831145
54954,1.5002699809973614
54955,1.888440215771774
54956,1.922729662568169
54957,1.748834698327391
54958,1.5733730515689577
54959,0.6551943817687528
5496,2.5262681153645308
54960,2.1886367715595143
54961,2.432798220100624
54962,1.4555267554655449
54963,2.0438233025186348
54964,1.7217639098508983
54965,2.128423727783225
54967,0.0
54968,1.9600656608771387
54969,2.327095139596682
54970,2.066012305503965
54971,1.3230374741364188
54972,1.920024395686876
54973,2.1338251137854214
54974,1.8126664134089008
54976,2.205033853718854
54977,2.434670234314732
54978,2.44080746531071
54979,2.0177903737117378
5498,1.7446431128734907
54980,1.822748325569156
54981,1.9059182130545655
54982,1.450489252276812
54984,0.6370281910282227
54985,2.56408403341409
54986,0.845400813179266
54987,2.022104612928683
54988,0.8405816964651199
54989,2.1166015866244066
5499,2.5564345122410277
54991,1.2969074654770332
54993,1.2345956687144295
54994,2.5639158531650184
54995,1.8623560534345651
54996,2.1169671884938137
54997,2.15040696944442
54998,2.415895136036869
55,0.8622480818606677
550,2.72618339954687
5500,2.8633698111288104
55000,2.3700493998585124
55001,1.5918323815350472
55002,2.159160529903629
55003,2.3259486154892963
55004,2.6450582960453937
55005,2.1338386965304807
55006,2.010166202410787
55007,1.685875046874472
55008,1.7162129297995834
5501,2.5229683097251043
55010,0.5264902582634474
55011,2.3411985320558126
550112,1.0197579329538409
55012,1.5785885491089402
55013,1.661785288344797
55014,2.01421679975832
55015,2.0425583911405805
55016,0.8639345684881572
55017,2.418897798815526
55018,0.0
5502,1.8245381598346064
55020,2.238878662581325
55022,1.520251357482681
55023,2.032055332182097
55024,0.3393618428051317
55025,0.1485970601752414
55026,1.9198167635736436
55027,1.6683277952891704
55028,1.903820267196912
55030,2.2319635966587885
55031,1.9601666247045653
55032,2.118865187964748
55033,1.7829526407238605
55034,1.6806277264195524
55035,1.8829617414452913
55036,1.098267900709292
55037,1.9588158763275816
55038,1.7487623560422263
55039,2.1418610035893626
5504,2.352748356323818
55040,1.8430403671368896
55041,2.439049990221767
55048,2.2949759041422833
55049,1.4641377923346346
55051,1.1423844236110252
55052,2.4440581062546074
55054,2.1837399051696234
55055,1.4624185532076182
55056,1.8331268580318123
55057,0.0602471155158791
5506,0.0
55061,2.0131375040172106
55062,2.127931552315211
55063,1.6960385987010904
550631,0.7189452943406429
55064,1.0183968151787424
550643,2.1559038638650434
55065,0.6159495092692002
55066,1.8503488120598528
55068,0.8011068633445484
55069,2.6520458223400243
5507,2.4910862272860337
55070,0.6903904792330419
55071,1.6024443680780374
55072,0.0811098068644656
55074,2.1812871198692467
55075,2.088585530225657
55076,1.7110907682346588
55079,0.1084418312612436
55080,2.2559741799920903
55081,2.2889631396098653
55082,2.4370734092413753
55083,0.7052307981688478
55084,1.1302525428599637
55086,0.9450382322447028
55088,2.0022632797465323
55089,0.4080405655496561
5509,1.868797361555219
55090,1.7309292783979744
55092,2.12316821444701
55093,1.4132144432827507
55094,1.7439852666506364
55095,2.329736820625049
55096,0.951663342462974
551,0.0
5510,2.3214151508091576
55100,1.9125620223605817
55101,2.214289084543711
55102,1.8648166244927744
55103,2.134123814831696
55105,1.6500842231905966
55106,1.3316320987484067
55107,2.8469076204429022
55108,2.455341211679176
55109,1.7656470456210092
5511,2.4519448779452615
55110,1.5718059867923837
55111,1.8147374102462217
55112,1.7682481140255994
55113,1.4894655970909374
55114,1.9236326195325373
55116,1.9801584964277368
55117,0.3353818690870569
55118,1.310885210327832
55119,2.126645025413861
5512,0.0786488237171767
55120,2.0699637713094985
55122,2.394466206687996
55124,0.2505571338541427
55125,1.7914201676692951
55127,1.9414165135431911
55128,1.9112665378785507
55129,2.2241506487783544
55130,0.1021998293216098
55131,1.4676470027074733
55132,1.4901637693646077
55133,1.939870431214482
55135,1.5471853937150868
55137,0.7647770346108848
55138,0.742449186339129
55139,1.933246590681357
5514,2.4362022189307
55140,2.125516091161369
55142,1.8751119046117015
55143,1.1301691257840858
55144,2.115502549103573
55145,1.9155524375269612
55146,2.134386103453462
55147,2.067102091140906
55148,2.454208251820246
55149,1.680852873576674
5515,2.5957229221184006
55150,1.001351378102395
55151,1.0793157527789103
55152,2.0398927631532655
55153,2.3680203680277745
55154,1.402542927215639
55156,2.3123781696009797
55157,1.7031471685279205
55159,2.050602404274473
5516,2.5436393671543156
55160,2.0254223785941248
55161,2.2072362803149113
55163,1.982820359719164
55164,1.8912033669981512
55165,0.6384901701389175
55166,1.7305145213802249
55167,2.203151748280727
55168,2.0792137331504223
55170,1.9335399241932552
55171,1.810052779810612
55172,1.869032984336957
55173,2.5170046115367155
55174,2.1327867692157088
55175,1.1956520973540443
55176,1.3923118570420756
55177,2.1187377063529977
55178,1.8446681982956183
55179,1.796185554452581
5518,2.666449100072564
55180,1.4669161193638258
55181,1.9608150548242405
55182,1.7952886797024763
55183,1.87671538105606
55184,1.2681316231052102
55186,2.1411342892049072
55187,1.9984292483628316
55188,1.5485736819279377
5519,1.9368288404325371
55190,1.3806374869411706
55191,1.7079516161620445
55192,1.471878112578418
55193,2.157054967445029
55194,0.0
55195,0.0
55196,2.147883019965673
55197,2.16837179016558
55198,2.374580669393924
55199,1.2067959642941244
552,1.1541435900964547
5520,2.1362482240763305
55200,1.7454214939385737
55201,1.7994864924281926
55203,0.5524250948388105
55204,2.4436389204705975
55205,2.0365294105565366
55206,2.0468003675292317
55207,2.695309260711342
55208,1.6754605899226531
55209,2.230221120393759
5521,0.5572361831632843
55210,1.6466220085560173
55211,0.0084911297831118
55212,1.6632067580268408
55213,2.033796628564734
55214,1.9927312025227824
55215,1.0287042725325148
55216,2.142873265363382
55217,1.509886673905271
55218,2.1325460227579955
55219,2.310327200195064
5522,0.4783987659833207
55220,0.9104466705375392
55222,1.6190183996288463
55223,1.7843201523433383
55224,1.9151889494996417
55225,1.9101551110090464
55226,2.3305281546486034
55227,1.9744247825808745
55228,2.3269927083892528
55229,1.650520794295966
5523,1.928077754929421
55230,2.0657666603208327
55231,0.7193492242120577
55233,2.6219012624831817
55234,2.344334177493234
55236,1.926321385749748
55237,0.0
55238,1.562092491552926
55239,1.9718652829468597
5524,2.5954369914922775
55240,2.337509248987536
55243,2.29052825674626
55244,0.8850230749526783
55245,2.0045775014281837
55246,2.2862460456108544
55247,0.1727909512670478
55248,1.5989057830891371
55249,2.2144113418216502
5525,2.495645330135767
55250,2.488195974153226
55251,2.3828141590245777
55252,1.848076404198284
55253,1.9705124713006668
55254,2.0407055438756845
55255,1.9125376180736464
55256,2.259856117598652
55257,1.8535036374624612
55258,2.175444917118054
55259,1.3417918271125748
5526,1.9897833328531385
55260,1.3426980287774024
55262,1.638135676826593
55266,1.8698385117577272
55268,2.1443620946503636
55269,2.140832532424227
5527,2.172880174531441
55270,2.2547892722621476
55272,2.169523781192114
55273,1.16480119256776
55274,2.454194637147169
55275,1.4968201655804745
55276,2.2103863619495163
55277,1.2802669665086308
55278,1.8105747218270427
55279,1.780842754051804
5528,2.1139314441434425
55280,2.0314092433849775
55281,2.0512673416045417
55282,0.1646353512832717
55283,0.8712769427855801
55284,1.870281327025348
55285,1.398876217034087
552859,0.0
55286,0.8439321333977684
55287,1.1400933624943306
55288,2.0364939703284968
552889,2.572405305968448
55289,0.5288290883275357
552891,0.0
5529,2.0238129601607557
55290,1.561363622166259
552900,0.0
55291,2.3412377343906337
55293,2.0754671452507907
55294,1.7089696678973816
55295,1.7531652014097905
55296,1.5102925653270869
55297,1.866378922167153
55298,2.1445686276563913
55299,1.964911170069148
553,0.0
5530,2.4453156926162753
55300,2.1349507259442917
55301,0.1200649205425508
55303,2.331850300638164
55304,1.6492550895290248
55308,1.245088962391904
5531,2.563507834468651
553103,0.976823776980512
55311,1.7418097295756385
553112,0.2347535870437137
553115,2.7052725978866823
553118,0.0
55312,2.1550775138487226
553121,0.0376577034343075
55313,1.7348810766345384
55314,1.8941266373988537
55315,1.63699008203914
553158,0.2289422589237593
55316,2.1660605234350587
55317,1.5265494989730253
55319,2.0554119493747285
5532,2.3564415768625127
55320,1.8188387481311137
55321,0.221021111993137
55322,2.083812638258062
55323,1.619163449868915
55324,2.1778071463411948
55325,2.263705879376947
55326,2.0058927245813187
55327,2.2217382494283764
55328,1.5748285936473705
55329,1.3263170538805886
5533,1.8760569384829904
55330,2.135942295861374
55331,1.6163186025738026
55332,2.1522258565738444
55333,2.1558528055391695
55334,2.5164013059850543
55335,1.295176743896646
55336,0.9881245759903232
55337,1.5433561042342767
55339,1.8890098845679393
5534,2.238084853577408
55340,0.4528194211296233
55341,2.1742557632138393
55342,1.9706037415966755
55343,1.930394581579501
55344,0.7188518399965204
55345,0.7444748478370495
55346,1.3493331797017158
55347,2.2578354210761225
55349,2.195176779566861
5535,0.0368609624667365
55351,1.6623720035383396
55352,2.576091509682978
55353,2.682617351563614
55355,0.3942841748178501
55356,0.8180214804130458
55357,1.9986969272978587
55359,1.3892176894958126
5536,1.980671820512743
55361,2.037826579665317
55362,2.141803452365224
55363,0.0
55364,2.382558433648774
55365,2.271180269667268
55366,2.47581863969385
55367,1.3187314762456752
5537,2.559913257915277
55374,1.6823836823361211
55379,2.4366985447351586
5538,2.91901992124098
553820,0.0
55384,1.314031703900024
55388,0.2383447341173207
5539,0.0422244019181622
554,1.3075082515753558
5540,0.0209692882026594
5542,0.0
554201,0.0524586470199822
554202,0.6505648766946648
554203,0.291796596737495
55421,1.831125368357342
554210,1.815005890781721
554212,0.0
554213,0.0
554214,0.0
55422,1.781982719736063
554226,0.0256268862991105
55423,0.4463134593821857
554235,0.279621106332293
55425,1.612541593015374
554251,1.1071483980056542
554279,0.9779579412124736
554282,0.018529029376588
554300,0.0
554313,0.0219839916622789
55432,1.5109210264869128
55435,1.9991209129730707
55437,1.8440139831165652
5544,0.2173508005232572
55449,2.001946320416372
5545,0.0
55450,2.754142881177564
55451,0.3394987165389233
55454,2.0530799331781724
5546,2.358564661729607
55466,2.1045648526178136
5547,2.251483219731446
55471,1.6351262375411992
55472,0.7950095588926334
55486,1.373780678980583
5549,2.325017112694033
5550,1.9160768919956537
55500,2.0040501398581125
55501,1.0281086828728438
55502,0.6333810505080788
55503,1.431935850220099
55504,1.7490396025674224
55505,2.8871949534708574
55506,1.492041768754043
55507,0.3646738325719965
55508,1.131294233036692
55509,0.7736955597381665
5551,1.1636225097245525
55510,0.1038567167187382
55511,0.0
55512,1.0473594457605224
55515,0.0
5552,2.5813082743215494
55520,1.37537726830163
55521,1.4491587103807646
55526,2.0905559899217128
55527,0.3536019300948766
55529,1.6740487708107226
5553,0.1293892898749843
55530,0.0
55531,0.0146508621545966
55532,0.0240097576149657
55534,1.823689703001328
55536,1.959603779034479
55539,0.0384536920503017
5554,0.2765103030942561
55540,2.099445562965548
55544,2.2458024942318056
5555,0.1668522697819637
55552,2.058158864598932
55553,0.5460286655585387
55554,0.0
55556,1.783253202438127
55558,1.6459537508176452
55559,0.1485970601752414
55561,2.1509639732536354
55565,1.165350404065774
55567,0.0795962166369358
55568,2.2095413846646546
5557,1.1307527904929604
55571,2.4545365190869055
55572,1.722750560418934
55573,2.7114512081349487
55576,0.5649478663962841
55577,1.939642553800954
55578,1.8302006441321672
5558,1.388415315631388
55582,1.042241239143218
55584,0.0654636900743731
55585,2.4368896393050266
55586,0.0236049920866109
55588,2.507381846927708
55589,1.6784124453608604
55591,2.0930485604060936
55593,2.464232701160858
55596,1.7662958963627564
55599,1.5706809022018438
55600,0.0
55601,1.85528756989633
55602,2.187379159387263
55603,2.0403139920121163
55604,1.9304723539867248
55605,1.2016747182031533
55607,1.6480009810410496
55608,2.4529462788611127
55609,1.1795599529636294
55610,1.8889581296377425
55611,2.3572533802916644
55612,1.6751329871962308
55613,0.5540665497042849
55614,2.257541229234027
55615,1.2047165808151374
55616,2.3048011859140245
55617,1.894390568516949
55619,1.4974246059858862
5562,2.4003122472382437
55620,2.2756789928957373
55621,2.042459571266093
55622,2.1083173251056153
55623,2.4289674958451433
55624,2.3965141883524588
55625,2.396366147705775
55626,2.020585736829618
55627,2.127115904686994
55628,1.2811892241236935
55629,2.715686193809228
5563,1.2776506115014712
55630,1.246208651300002
55631,2.0202220243712596
55632,1.543621181626555
55633,2.0047252891154006
55634,1.736694890460128
55635,0.3265249991591786
55636,1.475093222580952
55638,1.9234901836584677
5564,1.9926450176886616
55640,0.7079467688581604
55643,2.29576351677122
55644,2.0217423585226997
55646,1.8748976298153237
55647,2.2169544260584715
5565,1.9030379905991293
55650,2.0621008816061512
55651,2.4228787720112037
55652,2.20278375830158
55653,1.5159396367393922
55654,2.5305343163149474
55655,1.7640322598510023
55656,1.764474314756061
55657,1.858088641781648
55658,1.946026140618831
55659,1.876742052216532
5566,2.376607374394141
55660,2.2808676279691595
55661,2.143966270232762
55662,2.0992612113714464
55663,1.0825854278094995
55664,2.1266357862969527
55665,1.9567845902337315
55666,2.180776251747052
55667,2.15313180316109
55668,1.5252531706017982
55669,2.1874919093689247
5567,2.3514246342591245
55670,1.6194050988989042
55671,2.373046468700366
55672,1.3836006800256788
55676,2.1354693904887063
55677,2.2495765331001603
55679,2.0853639368498635
5568,0.0
55680,1.5267652147747908
55681,2.173706177152136
55683,2.2717084275373693
55684,1.852872717796418
55686,2.377685719539901
55687,1.2887614959739802
55689,1.7614640297301336
5569,1.631720710485875
55690,2.304109293279367
55691,1.4348280489591965
55692,1.867271591660223
55693,1.0006760667376156
55695,1.8976287763009607
55696,2.48266660383625
55697,1.9205669221859432
55698,1.0175887675551074
55699,2.636101076385917
5570,2.178206620592815
55700,2.261214226849904
55701,2.12633538522382
55702,2.1562313124134636
55703,1.717134330562905
55704,0.9963465932309914
55705,2.0663613866347763
55706,2.1724542643017664
55707,2.290857560570446
55709,1.6516329054260768
5571,2.362814381136146
55711,1.0818604113284074
55713,1.460625993081799
55714,0.9751456727239772
55715,1.8423545700453223
55716,1.830509113823244
55717,2.027012849072307
55718,1.7828969578762568
55719,1.8886215610667303
55720,2.091111934253295
55721,1.3913598144438368
55722,1.141280953445096
55723,1.2407240741605066
55726,2.0831569407762354
55727,1.93659919908679
55728,1.4967575945099376
55729,2.194663129570692
5573,2.75873895173696
55731,2.110125869100697
55732,1.0090892707160668
55733,1.8029106152147296
55734,1.6147269066309498
55735,1.9528370575932823
55737,2.4300771823630716
55738,2.0926833709947763
55739,2.555802873564121
5574,0.0
55740,2.286973765607863
55741,2.2921885874325434
55742,2.4266054704519786
55743,1.0971206139615546
55744,1.6752754525414435
55745,1.8615817780108632
55746,2.293857579030321
55748,2.3520102145921262
55749,2.228873046991915
5575,1.8883624714667404
55750,1.5926179456190244
55751,2.204023687438979
55752,2.091167991711704
55753,0.3094973241578156
55754,2.7250156023867578
55755,2.1232148564902045
55756,1.857623120437521
55757,1.6494059536685644
55758,2.0468176068616075
55759,1.5797124502466908
5576,2.292914661009507
55760,2.234172425080956
55761,2.2525931467154394
55762,1.226820032406163
55763,2.0465819337301276
55764,2.003992214299936
55765,1.0010917322608477
55766,2.5306997219206413
55768,1.8278447747321689
55769,2.1162926725079716
5577,2.3586272999149527
55770,2.319633061279511
55771,0.5183518994856989
55773,2.1257523510799463
55775,1.7634732245297615
55776,2.210291769748983
55777,1.0437910123188188
55778,1.4120040106346503
55779,1.1551026429574904
5578,1.1908016975140512
55780,1.969373299726739
55781,1.9317844028081217
55783,2.0468923014384
55784,1.1198152493554236
55785,1.519157111457088
55786,1.9011425700487352
55787,2.097477647896691
55788,2.1627422224029536
55789,0.2175107305434104
5579,0.5065177958752659
55790,1.7748131548112305
55791,2.015305532355339
55793,2.32802321674422
55794,2.048463165592116
55795,2.1014375568024963
55796,1.3810843699761175
55798,1.6032789622919912
55799,0.3329011466395836
558,2.314754264427652
5580,2.4073865277316244
55800,0.7925546473099078
55801,0.0
55802,2.1154644270672622
55803,1.2694322165251133
55805,0.9135684591728432
55806,1.611117220569405
55808,0.7808035834640121
55809,1.3875338460669124
5581,1.271539023524452
55810,2.1158264236713547
55811,0.1589804607435198
55812,1.3929541277858928
55813,2.0600047978688445
55814,1.773357864604325
55815,0.836673216924033
55816,1.5531970357088651
55818,1.9539962031576328
55819,1.9225075696332223
5582,0.0610219959658159
55821,0.0
55823,2.303636204898751
55824,0.7997488605815561
55825,1.3982921705693638
55827,2.3789017812045095
55829,2.2777255081345387
5583,1.7630768012026576
55830,2.397925247366916
55831,1.7227040316803173
55832,2.289670519056533
55833,1.823932295169316
55835,1.3795844635101415
55837,2.598708592415893
55839,0.7662843762212245
5584,2.2385472983185397
55840,1.1368868401720895
55841,2.1939694431413517
55843,0.9794668869278824
55844,1.95815686612917
55845,3.10036527586397
55846,1.8187876005084544
55847,1.933825329509035
55848,2.442161864830392
5585,2.2636685951979874
55850,2.02487448348001
55851,2.2488790227970754
55852,2.3262619419785886
55853,0.3987288007645533
55854,2.5086717812310013
55856,1.844139133714279
55857,1.8342423158025112
55858,2.219570807125151
55859,1.7420302233141574
5586,2.2729405582592546
55860,2.400458415577651
55861,0.461949080753147
55862,2.215219297892568
55863,2.2319157895699613
55867,0.2978861064509409
55869,0.6574090966204139
5587,1.8214288579908924
55870,2.1988338736962847
55871,1.0927757589135996
55872,0.728891896807043
55876,1.3771278245930931
55879,0.0197500372972908
5588,0.9107475197081308
55884,2.2787366151800783
55885,0.4885659382751088
55888,1.2487111446413373
55889,0.0
5589,2.728124428371352
55890,2.112819422704385
55891,0.0569458532680942
55892,1.8459064450997873
55893,2.455734285558135
55894,0.0
55897,1.330532836491788
55898,2.237346311516903
5590,1.3674254357439064
55900,2.16356745562314
55901,1.655786651578211
55902,2.2435400159783483
55904,2.3025029580820857
55905,2.5148612030170208
55906,1.4910298106510456
55907,2.43971313990075
55908,0.0675796689626678
55909,1.557720741211274
5591,2.308306625061126
55911,0.9686607726280542
55914,2.233849997419542
55915,1.9747027283115783
55916,2.1270789953417424
55917,1.9998308513682437
5592,1.2103529258610128
55920,2.648628417800014
55922,1.5731240941719955
55924,1.557169127919512
55929,2.0437827525033825
5593,0.562622854746794
55930,2.051113999827835
55937,1.418369502322796
5594,2.62290116234751
5595,2.526037470554582
55954,1.557794241225424
55957,0.5440569859799346
55958,2.3988814390603777
55959,2.398620209474368
5596,0.6309042400654432
55964,1.4441489432612276
55966,0.3674498744608463
55967,2.3178463684785355
55968,2.260741240843632
55969,0.266652437449185
5597,2.148635146904738
55970,2.7228108471463175
55971,1.8968005102767656
55972,1.924265050994066
55973,0.1596680011708285
55974,2.409947952987965
55975,1.9633837441137243
5598,1.7132801956852777
5599,1.9249437940130445
55997,0.0
56,0.0633423431029015
5600,1.674120181331885
56000,0.0586952005206574
56001,0.0
56005,2.5650491343011512
56006,1.71947455914396
5601,1.896682047406798
5602,0.4298555274178127
5603,2.3735579644068405
56033,0.2869784207634934
56034,2.0584708713937534
5604,2.1770028165155932
5605,2.307235810588121
56052,1.584997188919939
5606,2.438783249021431
56061,2.196720734470484
56062,0.2460959449649312
56063,1.3287343564358185
5607,1.9436491124810624
5608,1.6531164820188775
5609,1.9534464036466055
56097,0.3389510753047519
56098,0.1990697104555288
56099,1.5548453274708638
5610,2.033868016455381
56100,1.0275622038664896
56101,1.2419552271101797
56102,0.5195355036145572
56103,0.7651541917433635
56104,0.7680135872155843
56105,0.4940425776623713
56106,1.1003361075180118
56107,0.979682146060976
56108,0.9995835828356248
56109,0.9331401479254036
5611,2.540145545459717
56110,0.7370434328660804
56111,0.7031659687318335
56112,0.5523223787341425
56113,1.3606359026905563
56114,0.4164967827374138
5612,2.057718265741325
56121,0.971830072930108
56122,1.5007667355724368
56123,1.2191466166223606
56124,0.7488170382785254
56125,0.5966263574530001
56126,1.1403802487487895
56127,0.9579950576357033
56128,1.3450130286282396
56129,1.318790700237588
5613,1.7982637413502938
56130,1.5350649721686405
56131,1.8006095901034205
56132,0.9555933141737416
56133,1.0519569950650665
56134,0.1468535609837009
56135,0.1562244731360848
56136,0.0828093123943021
56137,0.1424784549426613
56138,0.4504602201420365
56139,0.2833084097715614
56140,0.04578114125236
56141,0.1240227657226751
56142,0.4016353532511816
56143,0.1077099208929781
56144,0.1544972297209149
56145,0.4290047652446949
56146,0.2600112017183644
56147,0.0
56154,0.0
56155,0.5055319918632792
56156,0.0662337567877756
56157,0.0
56158,0.0716044446446561
56159,0.2712980584208171
56160,1.9430243559900957
56163,0.0
56164,0.1872006591820415
56165,0.5017957392922876
56168,0.0
56169,0.437829623085357
5617,0.0
56171,0.4929282255254225
56172,2.244284891787326
5618,2.3348509984865045
56180,1.9511656756231843
56181,2.0941217206325797
5619,0.0
5620,0.0
56203,0.1952972035635645
56204,2.02658250552912
5621,2.969174016090086
5623,1.2136354967105454
5624,0.2254666497348655
56241,2.04046014132594
56242,1.8776389624843035
56243,2.564512207921456
56244,0.4742921022220122
56245,0.1077099208929781
56246,0.0314631865193807
5625,0.4941539193886284
56252,2.127913140105128
56253,0.3052170685540204
56254,2.4183294927934593
56255,2.500169770968203
56256,2.3438072221405437
56257,2.549512635191261
56259,2.2456451394048655
5626,0.0
56260,1.1791774911992516
56261,2.1588568881523655
56262,2.358267541659205
56265,1.9220153506249265
56267,2.412472636907722
56269,0.0
5627,2.3379996570898745
56270,2.6040472625608366
56271,2.7184366561309607
56287,0.0
56288,2.3127397095639584
5629,0.962217183300129
563,3.4433176143397293
5630,0.3114867284343438
56300,0.0308612972995617
56301,0.0792173887819751
56302,0.1613843128449554
5631,2.134571398127341
56311,0.1431800483883791
56339,2.0173866837484686
5634,2.3733189271936186
56341,0.0191397532419228
56342,0.8732589936054395
56344,0.0
5635,2.1786415269086112
5636,1.9788000346747925
5638,1.4982570899835748
5639,2.1507827194391567
5641,2.428106139230946
56413,0.5342219217334042
5644,0.5784435668598199
5645,1.3619191415637446
5646,0.3605573035957628
56474,2.241099426650651
56475,0.3410027208275318
56477,2.7520106730214433
56478,1.9509590192555883
56479,0.4409476315873112
5648,0.2692034350311641
5649,0.9069462253493342
5650,2.432094148832408
5651,0.0290530521054448
5652,2.655820851425017
56521,2.1948420424861843
5653,2.0500274427583096
5654,2.796775369387241
56547,0.0
56548,1.2217044957552765
5655,1.3234191875651231
5657,0.7731742582353429
566,0.749126115376867
5660,3.3351104123527087
56603,1.3210363079223728
56604,0.0
56605,2.041598152860867
56606,1.340429575639874
56616,0.23522291936353
5662,0.4099141138049837
56623,1.4503976046812166
56624,0.3073601452319899
5663,2.249271753305667
5664,0.089572811643912
56647,2.2013452009417436
56648,1.1762622390486357
56649,0.1168124626568068
56650,2.239279880823192
56652,1.806380943671063
56654,2.3683219579572
56655,2.294223223802138
56656,0.0400434172142254
56658,1.7362731689466249
56659,1.0057483628470445
56660,0.1813672189915267
56662,0.632556426711956
56663,0.632556426711956
56664,0.7668111362092798
56666,0.8332847122104546
56667,0.3850578708962719
56670,0.6097252958910533
56672,1.9916558227035293
56673,0.1908459142734483
56674,2.6190932837931924
56675,1.9971601254735796
56676,0.0652710625303166
56681,2.457057124807599
56683,1.267349761937227
5669,0.0
567,3.1597965227429685
5670,0.0
56704,0.9197063806080626
5671,0.0126025784990239
5672,0.4153830354024732
56729,0.0
5673,0.0955389086838045
56731,2.298420048625821
5675,0.0
56751,0.0221867865316464
5676,0.0
56776,0.0763706752693144
5678,0.0334663908138561
5680,0.0
5681,2.2986968155428404
5682,1.6548635675502483
56829,2.186230133895622
5683,0.1753228347129015
56832,0.0
56833,0.3566861551835944
56834,1.9544354874566945
5684,2.4843003052179062
56848,1.1620865378451328
56849,2.087156068623444
5685,2.3065081500743183
56850,1.964540570489007
56851,2.6272016303462986
56852,1.7790821269451575
56853,0.1985786473235092
5686,2.2954391028705303
5687,0.4974862959890671
5688,2.7425578048837544
56882,2.645764808459223
56884,0.0394476217259577
56886,2.053633278553954
56888,2.0908060146294725
56889,2.734407564462707
5689,2.82171473835845
56890,1.5734441580931366
56891,0.0463724718392014
56892,2.5900797461728433
56893,2.303944340362886
56894,2.070869672227134
56895,1.0417075697533422
56896,0.0060146795562324
56897,2.3404797881171633
56898,1.9847675542937375
56899,1.0960595656635348
5690,2.4400379288607947
56900,2.517656094919416
56901,1.6810497845048622
56902,2.2080210213779066
56903,0.0099324012091867
56904,2.410824529192262
56905,2.023531828288554
56906,1.3988000749630756
56907,1.759139453562787
5691,2.8218028001263384
56910,2.7263941705268233
56911,1.004406799671083
56912,2.352901920270951
56913,1.671929863054751
56914,0.1598397954841866
56915,2.240214206644644
56916,2.0916568552398425
56917,1.809383747402218
56919,1.944130176029365
5692,2.895127346209051
56920,2.0536276363261083
56922,2.027841844950778
56923,0.0
56924,1.6042119308915026
56925,2.3897016822234507
56926,2.146111618322923
56927,2.604800298913537
56928,1.7423240411067809
56929,2.0658976913954477
5693,2.749539999862999
56931,1.5659549307247171
56934,0.0097266548872287
56935,2.2806020018367343
56936,0.0970237498872507
56937,2.2596140266955356
56938,0.8411860641959756
5694,2.7663632877562176
56940,2.055294010122978
56941,2.519911216688128
56942,0.8182996983774814
56943,2.018354818156287
56944,2.26575937362572
56945,1.7559848214113387
56946,1.618792675180533
56947,2.1693026959126036
56948,0.8734504774593136
56949,2.3208178607338974
5695,2.825703337381909
56950,2.1386549743177508
56951,2.7731795461869075
56952,1.606950003323446
56953,1.2980786958042458
56954,1.998494553173742
56955,0.0
56956,0.0
56957,1.8120431173121792
5696,2.31027056805115
56961,0.0197500372972908
56963,1.4144712191146218
56964,1.0576541613358172
56965,1.9086382713143328
56967,1.9266512976972403
5697,0.1648060986053919
56970,2.299575882711384
56971,1.05561898264364
56975,2.196080470319739
56977,1.122653746312127
56978,0.562622854746794
56979,0.0
5698,1.8071914998605028
56980,1.540201784305092
56981,1.3680725722945255
56983,1.7499785109086938
56984,2.444852610367517
56985,1.8524955879370664
56986,1.4001688962853474
56987,2.2450642567701293
5699,2.015542886560538
56990,2.3793039161781415
56992,0.3781937070933871
56993,2.604639755755604
56994,2.508246690314683
56995,1.781748269892102
56996,1.756624700005144
56997,0.0356644376201233
56998,2.2614707996087207
56999,1.444589599227192
570,0.0614091674392234
5700,1.5429013433345775
57000,0.2208618836338299
57001,2.199435258371637
57002,1.8710303076028676
57003,2.6073063793766544
57007,2.2156816666072485
5701,2.1641248492979663
57010,1.264506001503751
57016,0.5185672442426722
57017,2.0760995439504817
57018,2.231252624980012
57019,2.29670391014945
5702,2.6559522483451516
57020,2.001428270002104
57026,0.0746579682411712
5703,0.12867577671514
57030,0.5814080810744081
57035,2.0893903524119763
57037,2.2795906700999584
57038,2.3503002411044975
5704,2.5178166794150663
57045,2.366200213855897
57047,0.1586364724369398
57048,0.0150599263207783
5705,2.429617918879447
57050,2.47749513904949
57053,0.576062996811702
57054,0.0
57055,0.0
57057,0.3416853870500316
5706,2.1471947085646796
57060,2.106299341076392
57061,0.0619895891189751
57062,2.50380307142891
5707,1.9837850090903737
5708,2.648977265951145
57082,0.2232469786978939
57084,0.018529029376588
57085,2.5314441836012587
57088,2.3150892535102128
57089,1.4278538203876898
5709,2.5174322264653957
57091,0.3640113771999735
57092,2.7838759333985172
57093,0.0
57094,0.3276376880099102
57095,2.5345428242293453
57096,0.452466019754302
57097,1.6926536148929738
57099,1.3259082204416603
571,2.001246786300783
5710,2.65948331185371
57101,0.8272088244025628
57102,1.7959804133474966
57103,1.081769721023372
57104,2.516339251501358
57105,0.1795251138352385
57106,1.7536185325750866
57107,2.0120614347197514
57109,2.151416701863475
5711,2.3333076976344764
57110,0.8139738715899862
57111,2.7891143650551022
57113,0.0
57115,0.0
57116,0.1073437223162539
57117,1.761967208278661
57118,1.464872786697921
57119,0.1848723406568188
57120,2.280291834454269
57121,1.4265818802793733
57122,1.929428933208999
57124,2.2014908205995223
57125,1.416656975185104
57126,0.1137288585710933
57127,0.212055077748509
57128,2.1100678260340957
57129,2.4358371275175834
5713,2.079171611517697
57130,2.093028281698969
57132,2.4476518209265765
57134,1.2973392705411917
57135,0.0
57136,2.893770084719421
57139,1.4101208717640157
5714,2.6983238115672608
57140,2.0633781454920133
57142,2.804959509466748
57143,1.2931918852006197
57144,1.3232430464521756
57146,2.584833469444064
57147,1.6791756256249124
57148,2.248472826734018
57149,2.1512615458992657
5715,0.6058307206006927
57150,1.0916175758353297
57151,0.0368609624667365
57152,0.2751733143663593
57153,2.8321274835182786
57154,2.043603120991193
57156,1.5816902942397466
57157,1.486662913904012
57158,1.8134545962062365
57159,0.4578663800900948
5716,2.456319553902867
57161,1.6740487708107226
57162,2.4828429035787307
57165,0.7624338567779091
57167,0.3276376880099102
57168,0.7754055149555282
57169,2.180375745982223
5717,2.19862314110326
57171,2.1521140624803987
57172,0.0860100466169922
57175,2.346794701872526
57176,0.1234841800583226
57178,2.3732967849168936
57179,2.6596673987356154
5718,2.222332414952323
57180,1.3239179349031975
57181,1.961160444031914
57182,2.0364821561754964
57184,1.5913022332817632
57185,2.20352676737507
57186,1.8874630074828764
57187,2.0017845051031142
57188,0.5734750007653546
57189,2.275583079257625
5719,2.5845339742821363
57190,2.5103744233274754
57191,0.6005721344474653
57192,1.798499986333972
57194,0.7179748737128936
57198,1.981239104932647
572,1.6232862866304278
5720,2.9278536396825277
57205,1.8345281016442911
57209,1.6679225630114674
5721,2.4286843502527655
57210,1.4900157553916564
57211,1.3628454670066827
57213,1.7759466662655956
57214,0.4673962719559912
57215,2.3658399071893683
57216,2.209658057104178
57217,1.863569823911946
57221,2.115431066976836
57222,2.4510897703727794
57223,2.3991322570562126
57224,1.5081170844912717
57226,1.9706037415966755
57228,1.7821054753663796
5723,1.7122196151555966
57231,2.1950170591243614
57232,1.1781818696845208
5724,1.5799053502201224
5725,2.5950566866669087
572558,0.3272206176840112
5726,0.1058773024419657
5727,1.227977647072188
5728,2.324975879141632
57282,0.2406780642448516
57289,0.3445459760705925
5729,0.2938317217009022
57291,1.6462880023310116
573,2.254623305439792
5730,0.2910684782073524
5731,0.0586952005206574
5732,0.9390890170307858
57325,1.9190171682146284
57326,2.708241847220991
5733,1.8590645222558608
57332,1.2643748938300836
57333,1.8821203865165077
57335,1.188021770268489
57336,1.3075989863204156
57337,1.8782594251084737
57338,0.0463724718392014
5734,1.842789362044425
57343,2.064366099188674
57348,1.634113475649387
57369,0.0
5737,1.0256705154519858
57379,0.0
5738,2.4991432090213324
57380,1.9760133307231849
57381,2.15848963817662
5739,0.3284711528821843
57393,0.7214457640086778
57396,1.6370675776073187
5740,1.7452148725645205
574016,0.1697422064994797
57402,2.8241863374898135
574028,0.0491265280900879
57403,2.0448414030222577
574030,0.0
574031,0.0
574032,0.0
574033,0.0
574034,0.0
574038,0.0
57404,1.648968309633226
574040,0.0
574042,0.0
57405,0.8943535008766985
57406,1.55562119176214
57407,2.242290469235158
57408,0.0
57409,2.010849574685671
5741,0.0
57410,2.3674636947829533
57412,0.0
57413,0.2306743904133587
57414,2.736408556029208
57415,2.1949752153805084
57418,2.0357252759850657
57419,2.0614992636124305
5742,1.6338950487096098
5743,1.863799300165397
5744,1.4435220789901484
574407,0.6945081761081119
574408,0.0
574409,0.0
574410,0.0
574411,0.0
574412,0.0
574413,0.0
574414,0.0344662129356738
574431,0.1149999756639092
574433,0.0
574434,0.0
574435,0.0
574436,0.0
574441,0.0
574442,0.0
574443,0.0
574444,0.3975883959245259
574445,0.0
574447,0.0
574448,0.0
574449,0.0
574450,0.0
574451,0.0
574452,0.0
574453,0.0
574454,0.3404561507267515
574455,0.0
574456,0.0
574457,0.0
574458,0.0
574459,0.0
57446,2.425589687658388
574460,0.0
574461,0.0
574462,0.0
574463,0.0
574464,0.0
574465,0.0
574466,0.0
574467,0.0
574468,0.0
574469,0.0
57447,2.777970643668591
574470,0.0
574471,0.0
574472,0.0
574473,0.0
574474,0.0
574475,0.0
574476,0.0
574477,0.0
574478,0.0
574479,0.0
57448,2.052135087901881
574480,0.0
574481,0.0
574482,0.0
574483,0.0
574484,0.0
574485,0.0
574486,0.0
574487,0.0
574488,0.0
574489,0.0
57449,1.450489252276812
574490,0.0
574491,0.0
574492,0.0
574493,0.0
574494,0.0
574495,0.0
574496,0.0
574497,0.0
574498,0.0
574499,0.0
5745,0.8390346185130442
574500,0.0
574501,0.6715036190848768
574502,0.0
574503,0.0
574504,0.0
574505,0.0
574506,0.0
574507,0.0
574508,0.0
574509,0.0
57451,1.532456398140048
574510,0.0
574511,0.0
574512,0.0
574513,0.0
574514,0.0
574515,0.0
574516,0.0
574517,0.0
574518,0.0
57452,1.3148676230572227
57453,0.4241245814352428
574537,0.0
574538,0.0234025367070836
57455,1.655191328744647
57456,2.1759676685616287
57458,1.559865924948752
57459,2.0635045310695665
5746,0.4807837530666895
57460,1.9424891376581752
57461,1.8103764601734889
57462,1.8410377494922232
57463,1.8138274301603188
57464,0.8870251606703334
57465,1.5345058068083162
57466,2.1146247204364395
57467,0.1741422744221952
57468,0.009520858735307
57469,0.9967129280603092
5747,2.130705547703314
57470,2.26244522807649
57471,0.0664261626900539
57472,2.163155081202562
57473,1.933632510649276
57474,1.044709280623621
57475,1.317931302362011
57476,0.5378996553523642
57477,1.3680456244286052
57478,1.7476515928589176
57479,1.9228961509067457
57480,1.6551168583734868
57481,0.1865361108495833
57482,0.167022551389696
57484,1.7744157151958382
57486,1.6253895839408772
57488,2.5626606933705087
57489,1.7946174838059292
57491,0.0181216355189445
57492,1.582911338984701
57493,2.077593841238031
57494,1.785473006210476
57495,0.0109603861112779
57496,2.068302577711025
57497,0.0398448655326076
57498,2.1489737344819337
575,0.9623279008274034
57501,0.5303134964263557
57502,1.5437158164814129
57504,1.9119677613276176
57505,1.7663422053727742
57506,2.2047233492383476
57507,1.862282375901636
57508,1.4816763276080422
57509,2.257566546237014
57510,1.9884249110256405
57511,1.8723444644526035
57512,0.0471602662673416
57513,2.0911017410629036
57514,1.803971671551001
57515,3.0283408208021143
57519,1.0768971830556622
57520,0.3798831303314721
57521,1.7197452726346931
57522,1.012411750999676
57523,1.8883365533779397
57524,0.3138955929198037
57526,0.9173893996935192
57528,0.0639214260144302
57529,0.1492934180322608
5753,1.5889348919176711
57530,2.281804466044139
57531,1.441216831235303
57532,2.283040669018387
57533,2.045170535169182
57534,2.223905980656872
57535,2.941471964788497
57536,1.127283779443382
57537,0.838023648741446
57538,0.7698880527739679
57539,1.8831105496990503
5754,2.3394442179552386
57540,0.1178980435863406
57541,1.9172523899211071
57542,2.0685302838708313
57544,1.9165764993062773
57545,1.2846731198528505
57546,1.503448718635743
57547,1.224426937398415
57549,1.8434840803836956
57551,1.99893180817693
57552,1.8738066533728752
57553,1.3460542539520304
57554,0.089572811643912
57555,2.0226687925859412
57556,1.9473396992914096
57558,1.13266636994058
57559,0.8419910059333462
5756,2.4850654529435667
57560,1.325820571994048
57561,2.7041671998834267
57562,1.513144497893364
57563,1.751802349602658
57565,0.4084156491467168
57567,1.729998668449183
57568,1.5991750570629213
57569,1.4717025380435538
5757,3.0276111408735646
57570,1.9261327414493916
57571,0.5790374626792876
57572,1.5585102702437077
57573,1.5482738539493603
57574,0.0
57575,0.057140405596366
57576,0.6263866504166176
57577,1.45909720815589
57578,0.1361368806434324
57579,1.2114733511567313
57580,2.7137548911330263
57582,0.0378567710724885
57583,2.3893295517543702
57584,2.070557172126944
57585,1.585811622989166
57586,0.3589578279661939
57587,2.235668536753576
57589,1.751766427034655
57590,2.1305959137303385
57591,2.184634682044703
57592,2.0352395966078176
57593,2.075589458360372
57595,1.31043418321008
57596,0.8924984142421619
57597,1.3367222540093064
57599,2.2031257417090795
576,1.110611030619974
57600,1.6663851593742496
57602,1.9701471753809432
57604,1.6706652211367872
57605,1.0704138680365156
57606,2.2730402604566224
57608,1.6258186211026544
57609,2.0358554734065373
57610,2.067852173629107
57611,0.6148219418518983
57613,2.118510960771675
57614,1.7510473487267757
57615,0.3362070031462806
57616,1.5049482998338313
57617,2.2314476069165856
57619,2.292894751006682
57620,1.945562361910517
57621,2.277746356238972
57622,0.9748745782495772
57623,1.226011767124266
57624,0.0156731530012164
57626,0.0
57628,0.1560519136043738
5763,2.971623286338442
57630,2.2087235646392784
57631,0.978605089516816
57633,2.2292415476059775
57634,1.8226368394661328
57636,1.7738245510859103
57639,1.2481034863183014
5764,3.2026130157266333
57642,0.0
57643,1.301271076746335
57644,0.4127778399457104
57645,2.231078072370538
57646,1.9850652112776663
57647,1.5870737931176675
57648,2.7519185193992253
57649,1.955181140945778
57650,0.7937110455374492
57653,0.0296562306312831
57654,1.3620009427527555
57655,2.1170004066281187
57657,0.8443998047459916
57658,2.3704429165071734
57659,2.648481354055881
57661,2.034474266651368
57662,1.990117184139468
57663,0.0
57664,2.438656061554016
57665,2.1712060011396597
57666,1.7890337165423107
57669,1.8812245315098464
57670,1.312176033179091
57673,1.1460473054148204
57674,1.9655161991461452
57677,1.593963989252687
57678,1.5364888596668609
57679,1.6856245778195151
5768,2.598267640682384
57680,1.9467133213564287
57683,1.2069051900373398
57684,1.7952886797024763
57685,2.1345488063673215
57687,0.411285085014733
57688,1.7038558055644295
57689,1.246513622666412
57690,1.7424341715966531
57691,1.5716811098944523
57692,1.7246535152420517
57693,2.1716741133590696
57695,1.2886988335114462
57696,1.66172657489522
57697,1.142221081209599
57698,2.161986143997334
57699,0.9448104712903872
577,0.4432179339371198
5770,2.5046914751106524
57700,1.9539669000011748
57701,1.7849856412690543
57703,2.2186346270973187
57704,2.2504698231176485
57705,0.5512944058947954
57706,1.611133617603272
57707,1.7717375934533195
57708,2.1282260189636815
57709,0.1182595860883647
5771,1.8254755161000344
57710,0.6199750947368011
57711,1.5325726363675218
57713,1.6290631200125336
57715,1.099324926882936
57716,1.5040655445808313
57717,1.2427403478321866
57718,1.7348063747191875
57719,1.5736396457023814
57720,2.4159897169157403
57721,2.0084778291815177
57722,0.4981509482325933
57724,1.8231636028562364
57727,2.526286772212787
57728,1.851248603778857
57730,0.7617520251394198
57731,0.324992428201703
57732,1.010931678939516
57733,0.1475514077122861
5774,2.0013634642878726
5775,1.6051928560137156
57758,2.8500306733071064
57761,2.313213119452188
57763,2.08538464551708
5777,2.0459834607290226
5778,0.703414080739027
57786,1.810073669934686
57787,1.8571384179645456
57794,1.8640928422611935
57795,0.6616414973127323
57798,2.1748407684458577
57799,1.8616094559020544
578,1.9668226957186496
5780,1.9693240008668915
57801,1.4165589412110011
57804,1.0888464263122075
57805,2.306076782636714
5781,2.476043353230903
57817,0.895833650126899
57818,0.1051431153898577
57819,2.627675722527824
5782,2.397726692800315
57820,2.3189484525744297
57821,0.3272206176840112
57822,1.293906042743301
57823,1.0306358489127228
57824,0.1051431153898577
57826,2.1378724363457935
57827,2.1340016491645297
57828,0.7777032476342899
57829,0.0
5783,2.1086379950258984
57830,0.1642937488756426
57834,1.692681016405996
57835,0.2482527629550388
5784,2.1775752414605067
5786,2.550997110972389
57862,0.2349100619558004
57863,1.18310441667486
57864,0.0986910213962365
5787,1.4223106726815389
5788,1.4488599978113037
5789,0.3231772778981793
579,0.0551928477150357
5790,0.0
5791,1.753761591080337
5792,2.904634459939442
5793,1.7869869188248364
5794,0.1697422064994797
5795,1.7783960981159073
5796,2.440741632433716
5797,1.8684618177312131
5798,0.0103437444480222
5799,1.1882476854110129
58,0.4011306706811184
580,1.31710021159607
5800,0.1687234043797212
5801,0.1338347400317799
5802,1.9837442980443272
5803,1.7398079300454112
5805,1.858943824698915
5806,2.0193266670816947
581,2.016596692896769
5810,1.8855971778360177
5813,1.9827795467154192
5814,2.3458543064683695
58155,1.3313719547953695
58157,0.0
58158,0.0
5816,1.227732295965019
58160,0.0
5817,1.6969351165112212
5818,2.540045202211034
58189,0.2784374937181194
5819,2.7529332650223943
58190,2.685460864612034
58191,2.64370276017567
582,0.1876987112634928
5820,0.5429130057800223
5822,0.0893856781967923
5824,2.417389575057926
5825,2.457035209469191
5826,1.8466820567231697
5827,1.0383490385601395
5828,2.3267621190357537
5829,2.110188738570126
583,2.177695211510205
5830,2.2117695159003525
5831,1.9645904794463485
5832,2.5954766636735633
5833,1.7216356105462929
5834,2.820989323547124
5836,1.761756646945695
5837,0.5567259020143542
58472,2.2226203353671106
58473,1.978985560883672
58475,2.2571327277034623
58476,2.1515028702176218
58477,2.3908405358178366
58478,2.447397784017942
58480,2.2127716221011373
58483,0.0
58484,0.6468028798941509
58485,2.6651061187217753
58486,2.0283069780712557
58487,2.1660439890188696
58488,1.7751648647163412
58489,1.7808539449877407
58490,2.1370074103995793
58491,1.3444775379727465
58492,1.6659636337646908
58493,2.2576677950848025
58494,2.1031870362230514
58495,1.8596767475694151
58496,0.6255536950459538
58497,2.4418304816857197
58498,1.3542547429407543
58499,1.8683892314677684
585,2.031648664903871
58500,1.551095994659113
58503,2.276451283307376
58504,0.5065177958752659
58505,2.741617374160226
58506,2.1856444221311
58508,2.040109287136497
58509,1.262141192762954
58510,0.0
58511,0.691905999348411
58512,0.1001702276495741
58513,1.867917106205232
58515,2.4401199632935686
58516,2.270215885874273
58517,2.17232029961429
58524,0.5049837449076889
58525,1.89590270945068
58526,1.7823508806404866
58527,2.464254096292263
58528,1.5900857510276614
58529,1.431126852674811
58530,0.1295675712697485
58531,0.0
58533,2.369688990196392
58538,0.0342663432615378
5858,0.1732979617607553
5859,2.777305706240718
586,0.6181992056494018
5860,2.4098554328845996
5861,2.783858569430727
5862,2.5944904907172734
5863,2.4777327445467576
5864,1.3285890495163248
5865,1.1543035448714394
5866,1.686139278584455
5867,2.3928854354209608
5868,2.396707357398163
5869,2.7074680844179935
587,1.98607148159302
5870,2.6279430819469427
5871,1.6529069775257854
5872,1.5658284961022944
5873,2.035251449922178
5874,2.4382454733050185
5875,2.0697747616171775
5876,1.9654806352235543
5877,1.8938625334831256
5878,2.3606574765839365
5879,2.988310380665136
5880,2.143054195991493
5881,1.95455254671282
5883,1.708414657767664
5884,2.1358702745838176
5885,2.6777771132846904
5886,2.5128414928443075
5887,2.7396902092185544
5888,0.5386329509961421
5889,1.6811482074994333
5890,1.734320500243402
5891,1.2615483740207734
5892,1.1547831387914202
5893,1.5009528880248375
5894,2.052123757845888
5896,0.5528358118441724
5897,0.0
5898,2.463570341186598
58985,1.1318351643222095
58986,2.021539590230766
5899,2.5467487414211414
59,3.161347321406363
590,0.910988095055
5900,1.2721856209127125
5901,2.7054059317969608
5902,2.1241278187735917
5903,2.372009856426958
5905,2.374679891021765
5906,2.3257301340959415
59067,0.0
5908,1.6058069563204438
59082,0.2294150324176703
59084,2.3703624644831156
5909,1.838645167434497
5910,2.1640042942789615
5911,2.0382148573810226
5912,1.8750940526841209
5913,0.2546881495690168
5914,2.437670792923225
5915,2.0224603894730264
5916,2.344925661476485
5917,2.5128526592181086
5918,2.6791061752309555
5919,2.179179421353699
5920,2.8379725655607753
5921,2.230337793132196
5922,1.9869136448413016
5923,0.269952155905544
5924,0.8667785033251334
5925,2.2306738608033037
5926,1.8612587311468625
59269,1.5981981968697
5927,2.084804359528918
59271,2.002896410423084
59272,0.0882619910836516
59274,1.699492451989961
59277,2.9017595177419224
5928,2.4083277944083545
59283,0.0662337567877756
59284,0.0
59285,0.4643879063814204
59286,2.7016874890752796
5929,2.1619526886252056
593,0.1563969960933261
5930,2.1150543602811607
59307,2.1391638183193753
5931,2.411954884431665
5932,2.48804562655862
5933,1.3458855475180862
59335,0.0505001786277436
59336,0.0132175827499873
59338,1.5148355755414151
59339,1.8720657849782545
5934,2.3603092490802142
59340,0.0675796689626678
59341,1.607776541137245
59342,2.7513410757852466
59343,2.1241789876687696
59344,0.571977624263334
59345,1.8206962804306548
59348,1.7944440992244175
59349,2.364430994707031
5935,2.7432304299491275
59350,0.0074601518934053
59351,0.0168982779780871
59352,2.388803185207468
59353,0.7525933863627773
5936,1.6850117282680257
5937,2.02002461030435
5939,2.111072588252046
594,2.2041126123090504
5940,0.0
5944,0.0
5947,2.1649053764690915
5948,0.3956838807709969
594837,1.649134362151877
594838,1.1625201833590633
594839,1.6401874574237787
594840,0.0
594842,0.0445972313113895
594855,0.0
594857,0.0342663432615378
5949,0.0099324012091867
595,2.7673322692483175
5950,1.1629534965393622
595097,0.0
595098,0.0
595099,0.0
595100,0.0
5954,2.148100561812213
5955,2.0413766576611883
5956,0.0
5957,0.0643072587180317
5959,0.6064020103646603
596,2.191180704279198
5961,0.5702767742105402
5962,2.125775505437131
5965,1.932078821911087
5966,1.0762108653243043
5967,0.0
5968,0.0
597,1.1587243854503022
5970,2.5418371909175876
5971,1.7921836225275056
5972,0.1565694824896934
5973,0.994406562054002
5976,2.3564906239766787
5977,2.120706262428284
5978,2.058404034871251
5979,1.5057270773588027
598,2.41644098745021
5980,1.595272228946236
5981,2.242111583791209
5982,2.240673746014586
5983,1.9372571472508495
5984,1.7361987051328072
5985,1.8856232718930896
5986,2.0290246930250335
5987,2.266567381992664
5988,0.0
5989,1.7822616587031437
599,2.346785070856975
5990,1.4948557840383998
5991,1.3794790425395824
5992,0.0128076294222381
5993,2.07155301625934
5994,1.7289020339575276
5995,0.0424223934120883
5996,1.8351482702004716
5997,2.993949942151826
5998,1.811679100412095
5999,0.8606222473498369
60,3.4853843203620465
6000,0.0326656794165476
6001,2.454124852269677
6002,1.674262968322647
6003,0.0424223934120883
6004,2.182377628593287
6005,0.0162859366995967
6006,0.3979687225531679
6007,0.6635726845112198
6009,2.3742320427332873
6010,0.0600532833173621
6011,0.0086971754034013
6013,0.5862235854783087
6014,0.0
6015,2.501404757158948
6016,2.1458096854581714
6017,0.022997480615535
6018,2.0118723360521824
6019,1.2974317547580294
602,2.318622689582204
6023,0.0
6029,2.1858475807534563
6030,0.0
60312,1.0099088148526558
60313,2.5593308793178298
60314,0.0171022935190702
60343,1.9644050710626308
6035,2.72559630671773
6036,0.905855895625506
6037,0.2977416696292913
60370,2.027539502861511
6038,0.7861577607596879
60385,0.1025683134842556
60386,0.9819913919241346
6039,2.1656427907664355
604,2.3005026195086207
60401,1.5225708987550328
6041,1.8464906830348429
60412,2.206192071735813
6043,0.0
60436,2.233999370508013
60437,0.2771037895233045
60439,0.0
6044,0.0
6045,2.172827470914064
6046,2.5993723119005976
60467,0.0
60468,1.342046855009727
6047,2.233788871250193
6048,2.706516483383449
60481,2.942279598326773
60482,0.0794068242501354
60484,0.0193432301006561
60485,2.355189478396485
60487,1.5356812264179514
60488,2.64749973933106
60489,1.573941603405819
6049,2.207892798499366
60490,1.4988182144727549
60491,2.299678983301864
60492,2.012187448250326
60493,2.115578781078972
60494,0.2581901983896828
60495,1.200165948064143
60496,2.0584875786438728
605,1.8588138030159849
6050,2.423502738957766
60506,0.0
60509,2.1476784087698295
6051,2.4384015264660275
60526,1.784697390425786
60528,2.204057036959121
60529,1.4125972366553714
60558,2.127848689912045
60559,2.5131525951731573
60560,1.973380706735788
60561,1.7454093424625658
6059,2.2477860518296695
60592,2.4338048588572216
60598,1.066098132567718
6060,0.0
60625,1.6468951041548634
60626,2.4000156383473565
6063,0.2267322630732208
606495,1.035167776488728
6066,0.0
60672,1.9315828319124948
60673,1.6776054540103822
60674,2.7122261048163208
60675,0.0763706752693144
60676,0.2865389277861695
60677,0.0
60678,2.137850052831516
6068,0.0
60680,0.6740119185408197
60681,2.3365609816699098
60682,1.3408556601564643
60684,2.159156314449028
60685,2.470696227842144
60686,1.581550543691712
607,1.9481212695072023
6072,0.0
6074,0.0
6075,0.0
6076,0.0
6078,0.0
6079,0.0
608,0.8560477792594992
6080,0.0
6082,0.0
6083,0.0
6084,0.0
6085,0.0
6086,0.0
6089,0.0
6091,1.9155766582957592
6092,0.0880745620036581
6093,2.0362398840595715
6094,1.0732275027874805
6095,1.2084684003909807
6096,0.1243816268565123
6097,2.0587826161091107
6098,0.0
610,0.0723688738166034
6100,1.7507113695575436
6101,0.0428182367483027
6102,2.0312355674848925
6103,1.2622728422348344
611,0.0384536920503017
6117,2.5283872714086346
6118,2.6262939143312245
6119,1.9684496681800432
6120,2.2036380805041653
6121,0.7176510894591558
6122,3.438915457217789
6123,0.129745813935983
6124,3.2580443459778263
6125,3.3024087355643226
6126,0.7231343700294567
6128,3.158029819828976
6129,3.2698542906284596
613,2.054709377919234
6130,3.4077254842230533
613037,0.0404403802309502
613126,0.1473770019605207
6132,3.4078030699389266
613206,1.099280922523677
613209,0.0
613210,0.0
613211,0.0392489295621294
613212,0.1144554512135472
613227,0.2046142054746045
613266,0.0
6133,3.0968748389558978
6134,3.2204564549565142
6135,3.330580156666793
6136,3.3019202564522745
6137,3.221001245749986
6138,3.1223293338628846
6139,1.0283569173631537
6141,3.166260347422378
6142,2.9506975947428407
6143,3.2488165478033446
6144,3.0725186946797103
6145,0.0858221088259321
6146,2.774307405703786
6147,2.8857130968216773
6148,0.0
6150,1.9105804330082872
6152,3.1970908814406074
6154,2.2233250637751287
6155,3.233735881135149
6156,2.848900020343961
6157,3.0099775216382567
6158,2.893360427368537
6159,3.2654956344336132
616,0.0
6160,3.1149135594763737
6161,3.2314512214292925
6163,0.2668027253981361
6164,3.166940626084223
6165,3.182842587221425
6166,3.210185170708272
6167,2.9583741786981244
6168,3.057290468404833
6169,2.935701104715111
617,1.982650277044744
6170,2.8777332097021264
6171,3.1551748683089267
6173,0.7778512138894519
6174,1.3826061132839491
6175,3.3400809368486377
6176,3.316542932231289
618,1.3310827549005693
6181,3.2872591322345035
6182,0.7578750213000554
6183,2.1579528494894404
6184,2.858768971180983
6185,3.026752056931124
6187,3.3337102552165883
6188,3.216238897884661
6189,3.115653094177949
6191,3.4804761483928544
619189,0.0
6192,0.2978861064509409
619207,0.3384030436557935
619208,1.8433201548339104
619279,1.9046673995331285
6193,3.1557046388253425
619344,0.0
619351,0.1160879462910086
619373,0.1656592969286946
619383,0.1137288585710933
6194,3.478863740421423
619434,0.0402419221072167
619445,0.5224325309402954
619448,0.1463297841307743
619455,0.1029366335610796
619457,0.0
619464,0.0
619499,0.0
6195,2.1757948450746967
619505,0.0
619518,0.63994303902559
619552,0.4297340493389502
619553,0.0
619554,0.0
619555,0.0
619556,0.0
619562,0.0
619563,0.0
619564,0.4130263439997707
619565,0.0
619567,0.0
619568,0.0
619569,0.0
619570,0.0
619571,0.0
6196,2.1036747913648584
6197,1.9824460788112497
6198,1.8759945981914363
6199,1.558840380975366
6201,2.9990270929254677
6202,3.344600407597528
6203,3.1507282189495407
6204,0.666808407497876
6205,3.4716072672031255
6206,3.572926225254692
6207,3.22763008532156
6208,3.1536106521126923
6209,2.9814449934926484
6210,2.2537762331864264
6217,3.1613612772392385
6218,1.0319201042915431
6219,0.2678539377990642
622,1.5251744929845188
6222,3.522253924933877
6223,3.1600601579409275
6224,3.0375178147918818
6227,3.2568893109104065
6228,2.8183122502190754
6229,3.118421181893345
623,0.1491193842892281
6230,3.3115635976552156
6231,2.568806883209444
6232,3.4309140453890348
6233,3.192207880590292
6234,2.9572453436001784
6235,2.639652725047351
6236,1.4590746908580183
6237,2.664979943409915
6238,2.4610908141857735
6239,1.8434744395022011
624,1.188849680014489
6240,2.3823068020880833
6241,0.5188901413104611
6242,2.0852655546771506
6244,0.0635354152782802
6246,0.0
6247,0.0
6248,0.0
6249,2.016864354476647
6251,2.5650095693247335
6252,1.6325666437848203
6253,1.9863681331656065
6256,2.071095800206157
6257,2.311153983654687
6258,0.5778491730952041
6259,2.3237183046915124
6261,0.980864714170536
6262,0.1040406105580704
6263,0.806227507803857
627,0.4204434173498403
6271,0.4865437635519107
6272,2.446175072181967
6273,1.9851936739299445
6274,0.9224282206602064
6275,2.811368178197491
6276,0.5391562760289466
6277,3.3282806440556145
6278,0.6355752764663654
6279,1.6032789622919912
6280,2.5878388017294087
6281,3.0685374261454386
6282,3.318068852764348
6283,0.08431707500591
6284,1.874727915614061
6285,2.4609227829953393
6286,0.8794844640089394
6288,2.920791359999531
6289,1.6269766088507474
629,0.5594770983391394
6291,0.8349134159572603
6293,2.1924054596528433
6294,2.168511378524532
6295,0.0627628591308276
6296,1.374659414686458
6297,2.0686495025045892
6299,0.5577461000026143
6300,0.5002516907632928
6301,2.7442396464608905
6302,2.222265666948572
63027,1.676825398940162
6303,2.791859598857356
63035,1.820472181151548
63036,0.1308144574602704
6304,1.7793966567214874
6305,1.9603612669175037
6307,2.3712284765789056
6309,2.2421480311178525
631,1.1409126551794442
6310,1.7121409520665445
6311,1.5234205846760571
6314,1.6918033304855598
6315,0.0
6317,0.0
6318,0.1765016753129527
6319,2.6547597934388314
632,0.3270815441316422
6320,1.62059538337039
6322,1.4459323609707009
6323,0.0091091168566818
6324,0.7900905084586541
6326,0.8721088776746171
6327,1.4779408238257057
6328,0.7794766540989471
6329,0.7577225196065144
633,2.744656892728539
6330,2.184211127449228
6331,0.6881108568814367
6332,0.974006266419178
6334,0.612561342937439
6335,0.2994731460902649
6336,0.0
6337,2.492313501828807
6338,1.7305145213802249
6339,0.8153025910867749
634,1.9308842929950307
6340,1.3011486457987005
6341,1.6838114536938966
6342,2.4696927593695643
6343,0.0
6344,0.0126025784990239
6345,0.4555232401831049
6346,0.0
6347,2.264143656317718
6348,0.753438201883831
635,0.0244143296379668
6351,1.3258790059121563
6352,2.3713131641729626
6354,0.0
6355,1.4616127028349646
6356,0.1557066847631222
6357,0.7865228949073402
6358,0.7419027646216719
6359,0.0
636,1.180209540507916
6360,0.4303412420251875
6361,0.6636603370468349
6362,1.1771844802211997
6363,1.780663659140895
6364,0.4142676309860906
6366,2.6626193925432906
6367,1.154343526520185
6368,0.7126124583163876
6369,0.110451245488528
637,1.84534057547909
6370,0.2594046677433314
6372,0.4193355271103652
6373,0.6634850208017254
6374,0.7353106356896871
6375,0.6078282036960866
6376,2.8701773479057944
638,2.3334081375581346
6382,2.8233711945766355
63826,1.3722860579998402
63827,0.5698759820809096
6383,2.6413927195701734
6385,3.1430539382232277
6386,2.5711521015584147
6387,2.598045350367338
63874,2.279009678209594
63875,2.355688569705721
63876,0.5722773521645261
63877,1.6262472581123188
6388,2.366777206185531
6389,0.6906433003055039
63891,1.684090875076362
63892,1.771234291509992
63893,1.9849502346962653
63894,2.043046294850092
63895,0.4812371584065218
63897,1.6953445942288263
63898,1.880696633040413
63899,1.4804055553315478
639,1.2400389007058734
6390,2.5431182548548152
63901,1.9853693955501963
63904,0.0
63905,2.675356544983325
63906,1.9350187121548352
63908,1.4650285544592188
6391,2.6566099402041705
63910,0.5528358118441724
63915,1.9167053287152416
63916,2.0753341500795117
63917,1.9833301582524163
6392,2.4516446650140136
63920,1.6249760582263082
63922,1.0550023137412714
63923,1.3567670442615034
63924,0.5167347691109367
63925,1.8089860053770483
63926,1.5487609786585237
63928,0.042620338349058
63929,1.416289249837538
63931,2.3712039574932846
63932,2.2552580032364133
63933,1.9832622240333044
63934,1.270081340856864
63935,2.4528625285916164
63939,1.7875491188024253
63940,2.0455916323462913
63941,2.003741101904727
63943,2.0013958685187467
63946,0.0126025784990239
63947,0.022997480615535
63948,0.0
63950,0.0
63951,0.766058493581643
6396,2.3487270435484167
63967,0.1985786473235092
6397,2.13326777576105
63970,1.435890652069521
63971,2.2207021375947096
63973,1.0316733465854704
63974,0.0
63976,0.3206569328306082
63977,1.0384466545556943
63978,0.0
63979,1.673562877971669
6398,1.4165099171025344
63982,0.3568199701072324
6399,1.762259483843043
640,0.0914418297097786
6400,2.4248837478760654
64002,0.0
64005,0.5224325309402954
6401,1.2619107291943772
6402,1.1072352169504325
6403,1.986179381333486
6404,2.0102675202478872
6405,2.301800633898746
6406,0.0
64061,2.151054565345626
64062,2.0923381337275653
64063,1.6082717573070968
64064,0.2256249613852226
64065,3.0467256209467317
64066,0.3345558494274694
64067,1.0214173372518944
6407,0.0
64072,0.5796308612831864
64073,0.0
64077,2.101566337035732
64078,2.1608594582063
64080,1.4599521095504011
64081,1.4461403974580085
64083,2.761639298550875
64084,2.1742961398627605
64087,2.5535810218748685
64089,1.6047774628415792
64090,0.0845053532862342
64091,1.451884793792147
64092,0.7871066878230806
64093,1.357482620815313
64094,2.6231694529147394
64096,0.0
64097,1.2016012145309278
64098,0.5711777312257221
641,0.4679733984104834
64100,0.0
64101,0.6284185818261795
64102,1.2196093340405418
64105,0.5293595848969682
64106,0.0583067721494003
64108,2.0792821704994857
64109,0.0313814295654138
64110,2.591365718476645
64111,0.0
64112,2.4877158085926774
64114,2.671607718637348
64115,2.2767232510965916
64116,2.136405584842937
64118,2.14570898402503
64121,1.7272835813810898
64122,1.830330030214504
64123,2.1027726682983117
64127,0.8409846713364109
64129,2.3535602221496412
641293,0.5557042449639114
641298,0.0060146795562324
64130,0.963102364745864
64131,1.427518148240435
64132,2.07167663612986
641339,0.8856494077553729
64135,1.8967835891421905
641364,0.0138321417599086
641365,0.0
64137,0.0914418297097786
641371,1.4707577537028562
641372,0.0
641384,0.0575293748341413
6414,2.432339387097324
64145,2.001816873649042
641451,0.0
641455,0.0062213260747212
64146,0.0719867467506061
641467,0.290777040522898
64147,1.3415650312624272
64149,1.660462387110733
6415,2.718176998373571
64150,0.4744064867553829
64151,0.4808971306868097
641516,0.0942374869521354
641517,0.0
641518,0.0346660352741282
6416,2.182933420224629
641613,0.2363169510329401
641614,0.3605573035957628
641616,0.5290413337794537
641648,0.0
641649,1.1604672873493995
641654,0.0
64167,0.8106753299391132
64168,0.8425940520161302
641695,0.0
64170,0.7782949134830544
641700,1.3658852350924022
641702,0.0
64172,1.6157507693162931
64174,0.3775429261445328
64175,1.6640107624741
641776,0.0
641790,0.0
6418,2.896857037357052
64180,0.071221967357895
64184,0.0888240246898696
6419,2.2596360422118154
641924,0.0
642,1.993095616680062
642007,0.0
64207,2.516446804183903
64208,0.2294150324176703
6421,2.717513129118029
64210,2.332631421882901
64211,0.0410354741801234
64215,2.2656327519066424
64216,2.17722709482063
64218,2.0926630719655095
64219,2.345044311018857
6422,3.2351239425295346
64220,0.6999322234980744
64221,1.474853360338072
64222,2.219386611026706
64223,2.1137351723326003
64224,2.260960589220214
64225,2.517734339487867
642273,1.9517997255158193
642290,0.0
6423,2.8172845805924207
642306,0.1354292185439032
64231,1.7284348146859312
642311,0.0
642317,0.1229452412768831
642319,0.0
64232,0.0
642345,0.0211723261778742
642357,0.2996172621558362
64236,0.7700377807568173
642361,0.83984225337471
642366,0.0060146795562324
642389,0.0300581105554705
642394,0.0
642395,0.5432251812644078
6424,2.208006369758351
64240,0.0876995769262763
64241,0.0041525986866217
642426,0.0
642446,0.0
642448,0.0
642460,0.3217781008465626
642461,0.0
642474,0.0
642475,0.8421920841149786
642489,0.331796033138066
6425,0.1838724292925855
642515,0.5957572437450851
642517,1.3972239232203836
642531,0.0
642559,0.5540665497042849
642569,0.0
642574,1.946780481069918
642587,2.5765621710899205
642597,0.0
6426,2.268884887268236
642612,0.0
642623,0.0
642633,0.0
642635,0.032865928486596
642636,0.0156731530012164
642641,1.091260747890297
642643,0.0
642658,0.2355356536201727
642659,1.278321866677004
642687,0.3667898289338502
6427,2.63618210907882
642738,0.0875120208953502
642740,0.9592202386803412
642741,0.8194113793339556
642757,0.0217811482126814
642776,0.0384536920503017
642778,0.0286506937617837
642791,0.0
642796,0.0
642797,0.6200684376636297
642799,0.0581124904196997
6428,2.777307803301959
642802,0.0
642819,1.1233717391535496
64282,1.51718120097606
642828,1.9493685543435153
64283,1.7249974639154495
64284,1.9682943389290055
642843,0.2631878694942116
64285,2.17459881610385
642852,1.4461635072751315
642864,0.375978772065176
64288,1.6536248761994452
6429,2.1416528897085603
642907,0.0
642909,0.0
642924,0.0940514026841421
642934,0.0225922306114602
642935,0.0380557917082188
642938,0.4467885501897481
642946,0.9401227899454464
642952,0.0
642959,0.0
642968,0.0
642987,0.5073929451890942
643,0.0099324012091867
6430,2.8167051763403927
643001,0.0
643008,0.3450896434646048
643014,0.061215604083323
643015,0.0947954893080635
643031,0.0
643034,0.0
643037,0.0617961599388916
643067,0.0
6431,2.6974914924653746
643101,0.0
643115,0.258038258146766
643136,0.0505001786277436
643155,2.499494075311337
643160,0.0
643161,0.1126377675040334
643167,0.0266360241092229
643172,0.0
64318,1.9195850461260453
64319,2.156609413594002
643193,0.0
643199,0.0
6432,2.661403799141248
64320,2.2731127523234504
643201,0.011781879253164
643205,0.0
64321,1.5131848303532105
643220,0.3450896434646048
643226,0.2663517753936261
643236,0.0
64324,2.0515114223412905
643244,0.0
643246,1.0317720619103672
64326,2.253282986606227
643263,0.0
643264,0.0
64327,1.8268826317022175
643276,0.1576036338499989
64328,1.7098931378140652
6433,1.7545475675863609
643307,0.0390501905320824
643309,0.0738956344925407
643311,0.0
64332,2.2618677855092093
643329,0.0336664500279098
64333,0.7755539975472682
643338,1.16742473587271
643342,0.0
643343,1.0367850020518812
643348,0.0
643355,0.2557556363801945
643358,1.8128739734047528
643365,0.011781879253164
643371,0.0
643376,0.1016467951358945
643381,0.0
643382,0.1459804127775399
643394,0.2222937962439548
6434,2.285731903905475
643401,0.0076664475141711
643414,0.7876899624046596
643418,0.0
64342,1.4184183465829194
64343,1.585776995054661
64344,0.6410306970018812
643447,0.0294552189612712
643471,0.0
643486,0.0
643499,0.0769407965432616
643507,0.4714266897038167
643513,0.0
643529,0.670463011679597
643542,0.0
643582,0.0
64359,2.0730444330372877
643596,0.1727909512670478
643609,0.0
643615,0.1531127924617492
643617,0.3494251630054874
643623,0.0132175827499873
643627,0.0
643630,0.2973081984128339
643641,1.680106639627143
643650,0.2557556363801945
643664,0.18153447501312
643668,0.1739734823125703
643669,0.4077904057729217
643677,0.0078726930921942
643680,0.3079306351066379
643689,0.0723688738166034
643699,0.2046142054746045
643707,0.0209692882026594
643709,0.0390501905320824
643714,0.0508922379282558
643723,0.2760648933442085
64374,2.034474266651368
643749,0.7024210873423955
64375,1.491620373913073
64376,2.138266156106528
643766,0.0
64377,1.5427875854384427
643770,0.6215602303445739
643779,0.2724924834198263
643783,1.5525844160892657
643784,0.0
643803,0.0
643812,0.0
643834,0.0
643836,2.127687513654001
643837,1.0771714852293497
643847,0.0
643851,0.0
643853,0.7195914659522359
643854,0.2189486615675671
643859,0.0
64386,1.08817400299555
643862,0.0376577034343075
643863,0.5804212872334236
643866,1.2566493609043647
64388,1.08817400299555
643880,0.0
643884,0.0
6439,0.0308612972995617
643904,0.1295675712697485
643906,0.057723791780431
643909,0.0
64393,1.9312880435606992
643932,1.324738374365756
643941,0.0
64395,2.125905142201728
643954,0.0
64396,0.0148554188895284
643960,0.0921882600032804
643965,0.2279958687871773
64397,2.1356901577160974
643971,0.0
643974,0.0485371324516474
643976,0.0
64398,1.7722403049274067
643981,0.3899413359089229
643988,1.704149624063984
64399,0.0691152046135907
644,2.6195222987248266
6440,0.0266360241092229
64400,2.002883499875448
644013,0.0
644016,0.0499117462968908
644019,0.6512791317359106
644020,0.0
644021,0.1825372844358325
644029,1.08434889687925
64403,1.2942162486208717
644030,0.0376577034343075
644041,0.0166942133416963
64405,0.3837674948508504
644054,0.0
644063,0.6025846045586397
64407,0.6396708577845847
644070,0.0
644082,0.0
64409,0.5102299219176948
644090,0.0352652184723042
644093,0.3683729782535312
644094,0.0320646470462866
644096,2.036322628705364
6441,0.5253179952353421
64410,1.31745655326567
644100,0.0
64411,1.8027405983236735
64412,1.9025545479776171
644131,1.0546225052281826
644135,0.0
644138,0.152246322955713
644139,0.0123974780415539
644145,0.0
644150,1.641371129229595
644160,0.0376577034343075
644165,0.0708393147493007
644168,0.0
644169,1.2589388653514806
64417,2.005168308960703
64418,2.1262798990131455
644186,0.9383988753480732
64419,2.0302639010728205
6442,0.4065383565242155
64420,1.6035457160611577
64421,1.3892176894958126
644218,0.02377694340712365
64422,2.0578689089870568
64423,1.9212917954011777
644233,0.0
644236,0.5871045130464247
644242,0.7091777068104688
644246,1.3731940225598658
644248,0.0
64425,2.402799855314366
644253,0.0
64426,2.3927980720753896
644269,0.0
64427,1.874817247693052
64428,1.3985461859614328
64429,2.2935142389870102
6443,2.3123567323708754
64430,1.6562474893843142
64431,2.172328420146936
644315,1.7881655814033597
64432,1.8631472513936929
644325,0.0
64433,0.0673875284399155
644335,0.0
64434,1.5911824390606526
644353,0.3716606692608364
644357,0.0
644378,0.0447946653885956
644384,0.0871367817651098
644388,0.051871586053616
644397,0.0166942133416963
6444,1.2059578519552865
644414,0.0
644429,0.0
644436,0.0
644456,0.4996994506783486
64446,0.0
644464,0.4423823136408459
644495,0.0
6445,0.4142676309860906
644502,0.0
644509,0.0
644511,0.4676271768005791
644517,0.0471602662673416
644522,0.1069773613093653
644524,0.0
644538,1.7654962793414215
644548,0.042620338349058
644578,0.0
644584,0.5494403262401812
644591,0.0
644596,1.3104642636165456
6446,2.2555701263740513
644601,0.0
644619,0.3293037181343514
644627,0.0
644632,0.0920017153720052
644637,0.0
644656,0.4054097267887918
644660,0.4609013973094382
644672,0.0551928477150357
6447,1.787207477993652
644716,0.0
644743,0.0
644746,0.116631393300044
64478,0.3322106364976697
644790,0.739320741902133
6448,2.0211091155022696
644809,0.4581002861179186
644815,1.442359140113343
644820,1.4486760857387464
644838,0.1115452309313575
644844,0.9457778761244467
644873,1.569839801801683
644890,0.3138955929198037
644896,0.0
6449,2.1894765185879157
644903,0.4133989458161449
644907,1.6330515673653765
644909,0.0801641354811421
644911,0.1808652430448176
644924,0.0
644937,0.1272468869287004
644943,1.6956713195348772
644972,1.552695860189249
644974,0.38260427417016
64499,1.218897300324662
644994,0.0729417365234151
644996,0.1005396165825761
644997,0.0893856781967923
644998,0.0290530521054448
645,2.6322422100412313
6450,0.86055712779619
645000,0.3887875714267803
645015,0.4297340493389502
645018,0.6559038647807256
645027,0.0207662015448037
645030,0.1407218323048948
645051,0.0
645054,0.3602909569068961
64506,0.5022362953304824
645065,0.0
645073,0.0
645078,0.043016088629042
6451,3.111131368981148
645104,0.0
645108,0.0
645120,0.0
645121,0.3987288007645533
645157,0.0875120208953502
645160,1.192597526449497
645161,0.3556147916337492
645173,0.2138242184483477
645174,0.4625304851600768
64518,0.6581163052111493
645180,0.0
645188,0.0
645191,0.1245609986757527
6452,1.8812948661433249
645202,0.0
645204,0.1135471102998034
645212,1.7406318709749324
645257,0.0324653828330247
645266,0.0
645280,0.0213753154909553
645296,0.9202990958470502
645297,0.0
645299,0.0
6453,1.252644486955573
645311,0.114273863088368
645319,0.0608283430685188
645323,0.0
645326,0.4126535570478474
645328,0.1315261137724414
645348,0.0
645355,0.0
645359,0.0
645368,0.0
645369,0.5227537076183053
645373,0.0
645382,0.0
645387,1.955283374721428
645388,0.0
645397,0.0
645398,0.0
645402,0.0
645405,0.0
645414,0.0
645415,0.0
645422,0.3298582626860887
645423,0.0
645425,0.0
645426,0.112273749424129
645432,0.0973945447953161
645433,0.0
645434,0.0296562306312831
645441,2.826313010495051
645443,0.1791897340119939
645452,0.0829979322484961
645453,0.022997480615535
645482,0.0
645485,0.0946095302476571
645486,0.0
6455,2.303633452377926
645520,0.0
645529,0.0
645538,0.0
645545,0.055972413796195
645553,0.0621829736100838
645558,0.0
645560,0.0
645572,0.0
645573,0.0565566131007352
645591,0.0
6456,0.0906947274148189
645630,0.4319176335537664
645641,0.0432138940104846
645651,0.0
645654,0.2031502683975658
645656,0.3100662460977685
645668,0.031262604438497
645676,1.0632032897051316
645682,0.0
645686,0.0
645687,0.0
645693,0.6978511742099751
645694,0.1062441514989379
6457,0.1078929593095223
645713,0.0
645715,0.6599692811232684
645744,0.8571617340577576
645745,0.0
64577,0.6243487776794596
645771,0.0254249141756302
645773,0.0
64579,0.0
645807,0.0
645809,0.0
64581,0.8883979264506258
645811,0.311628633700008
64582,0.5979761840948958
645832,0.0
645834,0.0573349127789155
645836,0.0
645841,0.0
645846,0.0520673186640733
645852,0.0
645853,0.2916510273594812
645862,0.0
645864,0.5288290883275357
645879,0.035464851664874
645884,0.0
64591,0.0
645916,0.0
645918,0.0947954893080635
645938,0.0
645939,0.0
645949,0.0
645957,0.0
645961,0.010754888621307
645962,0.0
645967,0.9051279553326336
645968,0.3484788611650034
645973,0.0
645974,0.0
645979,0.2165506698612004
64598,2.1188368626217255
64599,2.1576566318254256
645993,0.0
645998,0.0
646,1.384854228558163
64600,0.0066344685557293
646000,0.0
64601,2.080123433213251
646012,0.0
646013,0.0970237498872507
646019,0.136843931739014
646023,0.0812988122919001
646066,0.0
646071,0.0
646085,0.0927476423604853
646087,0.0
646093,0.0
6461,1.334887436849908
646103,0.0
646108,0.6916536468461693
646112,0.0201566492701331
646114,0.0
646119,0.0660413065929845
646127,0.6831879634990135
646174,0.0841287540882683
646175,0.0
646189,0.4761201214788212
646193,0.0396462670429822
6462,0.1765016753129527
646202,0.1479001074389033
646216,0.1463297841307743
646231,0.0
646241,0.0053944386314874
646249,0.0
646262,0.0
646268,0.1687234043797212
646269,0.2405227222278928
646294,1.1622836906694307
646309,1.388933119964307
646324,0.1045920467791873
646366,0.0400434172142254
646383,0.5560108954978359
6464,2.455473423221981
646409,0.0
64641,0.6625199818074752
646424,2.315447786749373
646433,0.0
646440,0.0
646446,0.0
64645,0.4059115491293562
646450,1.19624616553299
646457,0.0
646476,0.4470259815477046
646479,0.0
64648,0.0
646480,0.0
646483,0.8803688518064933
646486,0.0
646498,0.0
646506,0.0
64651,2.6352099254974246
646522,0.0
646527,0.2355356536201727
646532,0.0822431961241168
646538,0.0
646548,0.0
646557,0.0
646567,0.3177061107824478
646576,0.4822562964079495
646583,0.0546076972506679
646588,0.0733234266047182
646595,1.3770483827324558
646597,0.0
646600,0.0
646603,0.266652437449185
646612,0.3958109981351239
646616,0.2350665060588626
646620,0.035464851664874
646624,0.6639232276353311
646625,0.0
646627,0.0710306629776471
64663,0.0
646640,0.0
646643,0.0729417365234151
646658,0.1040406105580704
646663,0.0
646665,0.0352652184723042
646666,0.0
646672,0.1920023178353444
646674,0.3331771774676362
646685,0.1694027480215364
646688,0.0951672823362936
646693,0.0
646698,0.0284494427319338
646710,0.1357831260270535
646719,1.4767472703714812
646721,0.0
646723,0.1791897340119939
646737,0.0
646745,0.0654636900743731
646754,0.0
646759,0.0
646770,0.0
646784,0.0
646785,0.5437451721879315
646787,0.2036385443040874
646799,0.0
6468,2.3638725090615784
646801,0.0378567710724885
646804,0.0
646817,0.1311703628083161
646819,0.5391562760289466
64682,1.3456042489910804
646820,0.4330070323782402
646828,0.0716044446446561
646851,0.8710848031871513
646862,0.4781712195300542
646864,0.0227948798627598
646870,0.0619895891189751
646877,0.0
64689,2.2341486777289488
646890,0.7897273531757014
646892,0.0716044446446561
646898,0.0
6469,0.0322650387162132
646909,0.0
646912,0.055972413796195
646913,0.0666185243177208
64693,0.0
646942,0.1558793174845897
646949,1.1090554114410351
646951,0.0
646956,0.0
646960,0.0
646962,1.0830833555568309
646966,0.0
646982,0.054997842915243
646985,0.0
64699,2.032879278594651
6470,1.920702438370434
647024,1.9978148378999905
647030,1.0669359114853842
647034,0.0
647042,0.2295725611990668
647060,0.0
647076,0.3248529526034982
64708,2.008356944059174
647087,2.2656296629703587
647094,0.0
647099,0.1651474855524761
64710,2.8900601366394296
647102,0.0
647107,0.0
64711,0.0668108416886656
647112,0.0
647132,0.0
647135,0.3486141187120186
64714,0.1080759571659009
647155,0.0
647158,0.0483405753318879
647166,0.0
647167,0.6055449012955252
647169,0.0
647174,0.2167107601059482
64718,1.4358198818185068
6472,2.275942612251661
647201,0.0
647208,0.0
647219,0.118620969890508
647249,0.0
647264,0.0
647265,0.0
647276,1.4562972497012276
647286,0.0
647288,0.0358639763576893
647298,0.0
6473,0.00967161505032805
647309,0.1668522697819637
647310,0.2874176667700592
647323,0.1833720086948557
64735,0.0
6474,0.603158539471753
647415,0.0540221383132408
64743,2.1515287166302146
647436,0.5154384602881359
64744,2.314993577650641
64745,1.8579490407700203
64746,2.401881971701356
64747,2.399964820653693
64748,2.1846856306814413
64750,2.0543435154586285
64753,0.9628811890582322
64754,1.6436529247751437
64755,2.219220040499448
64756,2.2109424725964124
64757,0.665760652207771
647589,0.0
64759,2.2163972833272307
6476,0.0
64760,2.1325233024486923
64761,1.9175417070089336
64762,1.508198586578424
64763,2.08981511620928
64764,2.4670811952204375
64766,1.644126228764009
64768,1.091795907858596
64769,2.4091438719042704
6477,1.437421560971177
64770,1.9298108013510216
64771,2.6079418388615063
64772,1.6062048574682397
64773,2.213680744936097
64776,2.0730230165534187
64777,2.0179331149149102
64778,2.036930832763663
64779,1.572216063821181
6478,2.422400982758486
64780,1.7703176802381808
64781,2.177279138815566
64782,1.801591189706882
64783,1.581113554788799
64784,1.8337293795654637
64785,1.0539572527740928
64786,2.045095495455428
64787,2.2329557772884976
64788,1.444496861829392
64789,1.3439132702897287
64792,1.8357380473309513
64793,1.768708881102895
64794,1.810532990300041
647946,0.1033047896802982
64795,2.370250691432027
647979,2.9435223250445075
64798,2.468314351911503
64799,1.0168808325199985
648,2.2688665335343976
6480,2.046771633539639
64800,0.939146494148436
648000,0.9371316158310072
64801,2.2254200951036456
64802,1.5992928154521266
64805,1.767763775666945
64806,0.0606346453732357
64816,0.1213263021618315
6482,2.021459681956779
648294,0.4226542892557887
6483,1.3413665042396057
648315,0.0
64834,2.607081219980986
64837,1.7723430596454974
64838,1.9113970911914555
64839,1.9832010730035785
6484,1.4672263229851967
64840,1.671412939273192
64841,1.881716618232663
64843,0.0386525717956126
64844,2.4820161709247595
648442,0.0
64847,2.234467431820618
64848,1.8589159663762111
64849,0.8764428812345527
64850,0.09665278895269
64852,1.397860054021152
64853,1.9024627949064872
64854,1.7139466619236623
64855,2.6763506783201634
64856,2.312048415701751
64857,1.5113260534505308
64858,1.645223621817649
64859,1.0529579691274311
64860,1.7177432122578469
64863,1.5773914513738496
648630,0.6452743305949026
64864,1.6694403075612754
64866,2.0060271989760716
648691,0.0
6487,0.1477257762004251
648729,0.5352746221720364
648791,0.4201973611892954
64881,0.0
6489,1.124847141231391
648927,0.0424223934120883
648947,0.1331250857566386
64895,1.6536099315596169
64897,1.5698935338901698
648987,1.0348241636956002
649,1.5425410170429084
6490,1.216898706961648
64900,1.843136867027364
64901,0.6018186283102045
64902,0.0424223934120883
649024,0.7616004117522867
6491,0.8711488561683158
649133,0.0
649137,0.0
649159,0.0
64919,1.0190021376827674
6492,0.1405459622981713
64921,2.407975403624762
64922,0.0352652184723042
649238,0.0
64924,2.2291933553109984
64925,2.3853983167999084
64926,1.0244227136784088
64927,1.967955223100412
64928,2.562639570346919
649299,0.1254572708948052
6493,0.1102687734821434
649330,0.0366616595234452
64939,0.0501079362162316
6494,1.937455846141006
64943,2.1043142829549324
64946,1.6482883715679322
64949,2.5335478669372935
6495,1.6351106735522596
64951,0.1082589144778865
6496,0.1452812212828696
64960,2.34905951890494
64963,1.5187187179537682
64965,2.116216591457223
64968,1.96530276684675
64969,1.7738131745397057
6497,2.4911674032462705
64975,2.5531687802873337
64976,2.3950966829925435
64978,0.4945991165432626
64979,2.230214256041828
6498,2.213334697048701
64981,2.324550350384499
64983,2.259378055060284
6499,2.1679156878891477
650,0.7692888015774608
6500,2.4789006929425055
650024,0.0
65003,2.2633981601006803
65005,2.282192562734091
650059,0.0
65008,2.2820103317279887
65009,1.0220697828196792
65010,1.140011368499671
65018,1.7711656136090834
6502,1.0098576260049743
650293,0.0876995769262763
6503,0.95609678115826
6504,0.4748638469383223
650474,0.8507794587739111
6505,1.395157399514661
65055,1.8870905287805289
65056,2.4601412820431614
65057,2.0079239878634767
65059,0.8893321962771523
6506,1.0179424222564109
65061,0.0797855659595778
65062,2.151007115238641
65065,0.9789822757828512
6507,1.2036556528138636
65072,0.170081522887999
65078,0.8941064710691013
6508,1.810418207238725
65080,2.4054254373714747
650808,0.0
65082,1.488469508943636
65083,2.2014758880826815
65084,1.9147199650506992
6509,2.2832809116255417
65094,1.32919906916989
65095,1.9218325982545712
650983,0.0
651,0.1719452278307409
6510,2.645915964018889
651053,0.0
65108,3.069321385712345
65109,1.7074748381107911
6511,0.033066130062972
65110,1.8561298976650928
651144,0.0662337567877756
65117,2.140552734950942
6512,0.3400459678450734
65121,0.0
65122,0.0
65123,2.2076582098874296
65124,2.1573982961595117
651249,0.3858310424510105
65125,2.2334966716127407
6513,2.411132506843856
651302,0.5519113667910065
6514,0.0248187083181388
651430,0.1872006591820415
651452,0.0
6515,1.637718022195408
651628,0.1240227657226751
651644,0.0
6517,0.9909832885920892
651746,0.4466698060073014
6518,0.5851454034698659
6519,0.0510881989588056
652,1.8741646725754504
6520,2.6108436841223903
6521,0.0082850342053478
65217,0.0
652170,0.0
6522,1.9434309367777585
65220,2.087871498164121
6523,1.9823575593376648
6524,0.073704942137793
652411,0.0
652423,0.0499117462968908
65243,1.0887120036663227
65244,1.8548282428034757
65249,1.289981950773578
6525,1.8868217848532944
65250,1.2132757251666133
65251,1.896682047406798
652549,0.2935413143981809
65258,1.5098257608880994
6526,1.7854840762039634
65260,2.0422327681946384
652624,0.2858058900056053
65263,1.7118655207194915
65264,2.5488999243572352
65265,2.3513178333389404
65266,1.9604117138681387
65267,0.7311176742878418
652670,0.1034888062958342
65268,1.773038859310626
6527,0.3797533081747531
6528,0.022997480615535
6529,0.1506843526671244
652965,0.0
652966,0.0
652968,0.1699118824483975
652974,0.0
652975,0.0
652985,0.1049594666720178
652991,0.0
653,1.902437767704053
6530,0.6604977883683223
653017,0.0
653061,0.029254159459327
653067,0.0
653073,0.0
653075,0.0983208065549586
653079,0.2977416696292913
653082,0.6138809125492325
6531,0.0191397532419228
653108,0.0384536920503017
653121,1.153703481826203
653125,0.0516758077965697
653140,0.0548027927666294
653145,0.6579330131265478
653147,0.3023504093015504
653149,0.1377268877932005
653156,0.2971636543944906
653166,0.0
653174,0.0
653175,0.0272409292764164
653192,0.0286506937617837
6532,0.0820544050747075
653203,0.0
653220,0.0
653232,1.7102356496309628
653236,0.5135980445372461
653240,0.0
653247,0.0
653268,0.0983208065549586
653269,0.1333025569412144
653275,0.0
653282,0.0
653288,0.0
6533,2.0529442945091056
653308,0.8720449213050708
653314,0.0
653316,0.0503040803202519
653319,1.4534814320150011
653333,0.2200652649665873
653361,0.3598912625609339
653363,0.0
653390,0.0187326529005272
6534,0.0583067721494003
653404,0.0
653423,0.0
653427,0.0
653437,0.0
653440,0.5164530580227513
653458,0.0
653464,0.884270656287316
653486,0.0
653489,0.0773206608342586
653499,2.0376322899756607
6535,1.9521163661929652
653505,0.1211462231579099
653509,0.1146369993408919
653510,0.9540243335892328
653543,0.0
653544,0.0
653545,0.0
653548,0.0
653550,0.0
653567,0.0455839386189831
653583,1.3717512142870896
653590,0.1202452363628534
6536,1.7393276033289653
653604,0.0
653619,0.0
653641,0.0
653643,0.0
653645,0.0
653650,0.1588084847758757
653656,0.0
653657,0.0
653658,1.4488140261495386
653659,0.6095358174421385
653665,0.1596680011708285
653689,1.2876952359929397
653702,1.947979957747129
653707,0.0
653720,0.08313519859664825
653737,0.6007640465925782
653753,0.0
653773,0.6072580741356037
653781,0.0126025784990239
653784,1.7558899438781732
653789,0.3067892359627172
653794,0.0
6538,0.4338532430477267
653808,0.0
653820,0.0811098068644656
653857,0.7478889460693189
6539,0.3309661565700914
654,1.2426721212253475
6540,0.0199533676763937
654029,0.9046421924374056
6541,2.1025751837371365
654170,0.0
6542,1.892197259611354
654231,0.3682411747744474
654254,0.5847529293783413
6543,0.3939019859550799
654319,0.7597023150823811
654320,0.0
654321,0.0
654322,0.8712769427855801
654340,0.0
654346,0.0179178651438874
654350,0.0
654364,0.0
654369,0.1375503727556631
654370,0.1649768100240471
654371,0.1042244635039507
654381,0.0
654382,0.0708393147493007
654383,0.0733234266047182
654386,0.0
654387,0.0
654391,0.1067941198550825
654412,0.1292109697369215
654429,0.1038567167187382
654433,1.424486993095687
654434,1.002544313864459
654463,0.0070474104382352
654483,0.1173554320033511
6545,1.168517538838031
654502,0.096838290181438
654506,0.5192128943969841
6546,0.5513972696538072
6547,0.025020825205399
654780,0.112091680115918
654783,0.0
654790,1.1653896130294368
6548,2.426713571704737
654835,0.0
654841,0.2514770053278157
6549,1.171356712874726
655,1.3891400952950657
6550,0.150163030160434
6553,0.7545118723760342
6554,0.0818655711838594
6555,0.0
6556,0.3936470858594114
6557,0.1067941198550825
6558,2.5473957997788492
6559,0.0340664262320136
656,0.9572141238019048
6560,2.0102358613223306
6561,0.0
6563,0.4820299437065862
6564,0.1663412104357765
6565,1.24498705849349
6566,1.7672904415510895
6567,2.358634258948714
6568,0.0
6569,0.0
657,1.9666454399760764
6570,0.0217811482126814
6571,0.0795962166369358
6572,0.0
6573,1.0144472721355806
6574,2.1690609801805874
6575,2.308848840583303
6576,2.5378914483053348
6578,1.9177264386297477
6579,0.3741498450981821
658,1.989081300022816
6580,0.359757984600491
6581,0.761979380254185
6582,0.0
6583,1.3335071024190348
6584,1.654967880913749
6585,0.0934928992017695
6586,1.7325092849597292
6588,0.4037764883971546
659,2.321402121322161
6590,3.0858543438657184
6591,2.3303913322478835
6594,2.5577425500217927
65944,0.2024987713287518
6595,2.3531451081648274
6596,1.8634320764197765
6597,2.0563485174108793
65975,0.1012779001967963
65977,1.3994088935601523
65979,2.124787802247926
6598,1.827464191876061
65980,1.7658093501796983
65981,1.4075824722157642
65982,1.9033793837703472
65983,2.3718430579383627
65985,1.7136070207510228
65986,1.9204393353864475
65987,1.635530715530274
65988,1.823588581335799
65989,1.8160986903183216
6599,2.5594056709699173
65990,1.369982290163451
65991,1.995669761552457
65992,2.4151374383873736
65993,2.537439265704738
65997,0.2157497372316905
65998,1.8602973161898528
65999,1.851806434469921
660,1.485895756198041
66000,0.8031741781072097
66002,0.4248586445341375
66004,1.9338407509571027
66005,2.3598220102863254
66008,2.174909291154893
6601,2.296979322352725
6602,2.379284364797909
6603,2.7039047826491056
66035,1.2659787783962035
66036,1.6061882850662943
66037,0.0
6604,2.002638116500619
6605,0.998332608145186
6606,1.0598235926859267
6607,1.3885707118681878
6608,2.010583964672375
6609,2.3402857202970275
661,1.8107728900317364
6610,1.9788343980989056
6611,2.683529609755267
6612,2.7178839933461028
6613,2.6738958971647326
6614,0.5396792203037503
6615,1.8652649104992691
6616,0.5066272471831827
6617,1.5587487065954797
6618,2.2559455623246936
6619,1.840669064644893
662,1.7564588966012051
6620,0.0
6621,1.628716026082776
6622,1.158525988508586
6623,2.5169316754165787
6624,2.1643492208775363
6625,2.5658230280543823
6626,2.4220000463983373
6627,1.8485718858226985
6628,2.7659840835706104
6629,2.457094208658865
663,2.264087801911929
6631,2.721726161592248
6632,2.0909131156689793
6633,2.9098160275655136
6634,2.464903450159603
6635,2.470367488213303
6636,2.2214777558044907
6637,2.3564322336948607
6638,1.0907697522763649
664,1.9819487445794712
6640,2.10487414084324
6641,1.1479912515486064
6642,2.4674314871748604
6643,2.1450822416135167
6645,1.8168290703808552
6646,1.7465743352517709
664612,0.0
664613,0.0
664614,0.0
664615,0.0
664616,0.0
664617,0.0
6647,2.9251150279273608
664721,0.199396919210256
6649,2.492303021147137
665,2.7388764694644285
6650,1.3676951743597412
6651,2.542573526911158
6652,1.5372759527460294
6653,2.225110145686399
6654,2.0832038152456795
6655,2.2487425956970997
6656,0.0
6657,0.2621304026705514
6658,0.0203598820990786
6659,2.6608046101694685
666,2.2683246419775913
6660,0.5706773405308029
6662,2.7839974473981695
6663,2.7344379802685426
6664,0.5325343932227614
6665,1.4143973773467091
6666,1.9756046769095572
6667,2.542221986122741
6668,2.298406064285387
667,2.554692307062861
6670,2.1583460111012647
6671,1.7167841660055996
6672,1.8778429332155055
6674,1.6091124120667253
6675,2.5080878308303727
6676,0.9736803310132304
6677,0.0
6678,3.0573478846928115
668,0.1233045730531342
6683,1.6561583315473436
6687,1.4765082121527064
6688,1.634627927140475
6689,0.3791038639321544
669,2.1958073341498787
6690,1.367182550695644
6691,0.5168426902165557
6692,2.852362667440124
6693,0.9170917283075334
6694,0.0
6695,0.8582083928005521
6696,2.5579418762244877
6697,2.5622062007734785
6698,0.1458056710234613
6699,0.0668108416886656
670,1.6049104291110703
6700,0.0
6701,0.0
6703,0.0
6704,0.0
6705,0.0614091674392234
6706,0.0
6707,0.0
6708,0.0616026860516921
6709,2.530148000413485
671,0.1716066910730517
6710,0.3112028399871392
6711,2.5137292770280952
6712,1.8701729268716976
6713,2.0577071045504622
6714,2.137133036717956
6715,1.3682611680546095
6716,0.0372594270725486
6717,2.4862400423726867
6718,0.0608283430685188
672,1.045240261262822
6720,2.589383850071543
6721,2.4794110099015225
6722,2.618052437295232
6723,2.604006773038221
6725,1.1952061304370305
6726,2.9232726402620113
6727,3.002921090874325
6728,1.2241094233359178
6729,2.105271409593034
673,1.5205096355197707
6730,2.308108491115206
6731,2.4938396904391222
6732,1.736880814431155
6733,2.274655481455477
6734,2.733235993979235
6736,0.0
6737,2.2761820842222846
6738,1.927623726237853
6741,2.324082911755862
6742,2.2189256853262376
6744,2.357153183740085
6745,2.391601640001131
6746,2.6101039993641297
6747,2.712751099061177
6748,2.6078559974089464
6749,2.5524069892107226
675,0.4799896185823755
6750,0.0
6751,0.6878570940852776
6752,0.7089316983564568
6753,0.0619895891189751
6754,0.0
6755,0.0310619747051902
6756,0.0
6757,0.0
6758,0.0
6759,0.0
676,0.0848817820027076
6760,2.484689272299688
6764,2.01002051073134
6767,2.960761740686
6768,2.5867659444968667
6769,1.2906067474938596
677,3.0515705329931335
6770,0.4604352825553921
6772,2.328571645691651
6773,2.433784831533169
6774,2.659008064627536
6775,0.8231492998720498
6776,2.2222902598398004
677679,0.0
677681,0.7704119524325979
6777,2.514751675199649
677763,0.0
677765,0.0
677766,0.0
677767,0.5461322881673503
677768,0.0
677770,0.0
677771,0.0
677772,1.007086948788483
677773,0.0
677774,0.0
677775,0.6184799093951499
677776,0.2765103030942561
677777,0.0
677778,0.0
677779,0.0
677780,0.0
677781,0.0
677784,0.0
677790,0.0195466581122431
677792,0.0
677793,1.2775226583931871
677794,0.2662014012677841
677795,0.0
677796,1.2696270357575423
677797,0.941040252543854
677798,0.0
677799,1.13507006303504
6778,2.5755561672650114
677800,0.4408279496398549
677801,0.269652753139376
677802,0.0
677803,0.0
677804,0.0
677805,0.0
677806,0.2747271446341556
677807,0.8675519247417541
677808,0.2080197009600495
677809,0.0
677810,0.0
677811,0.0
677812,0.0
677813,0.280212242818749
677814,0.6439228018818798
677815,0.2662014012677841
677816,0.0
677817,0.0
677818,0.0
677819,0.280212242818749
677820,0.0
677821,0.0
677822,0.0
677823,0.2662014012677841
677824,0.0
677825,0.0
677826,0.6405777134900442
677827,0.269652753139376
677828,0.8530237914922222
677829,0.0
677830,0.0
677831,0.0
677832,0.5856356900058501
677833,0.0
677834,0.0
677835,0.0
677837,0.0
677838,0.0
677839,0.0
677840,0.0
677841,0.0
677842,0.0
677843,0.4978186978501309
677844,0.0
677845,0.0
677846,0.0
677847,0.0
677848,0.0
677849,0.6574090966204139
677850,0.0
677885,0.7017582828126417
6779,0.0
678,2.7742516900052583
6780,2.659043633999095
6781,2.5865957148811636
6782,2.1306278937788563
6783,0.8090550384893841
6785,0.9525075925746104
6786,2.363015766962585
678655,1.8022088537072345
6787,1.867462624684628
6788,1.627894577326678
6789,1.8519859142039512
6790,0.9146454606438444
6792,1.2841993722815936
6793,1.5975401882407412
6794,1.7674059370171276
6795,0.716840947904626
6799,0.1424784549426613
680,0.0304597993916931
6801,1.830737830833856
6803,0.0
6804,0.9979150410220908
6809,2.0175047299106645
6810,2.0153867491886146
6811,2.5300309522998283
6812,1.817239992333825
6813,1.7762748234258756
6814,2.232727594377115
6815,1.9752094657153771
6817,1.08036222007612
6818,0.0
6819,0.2977416696292913
682,2.940256454304194
6820,1.8259886578638032
6821,2.1995741794096255
6822,0.0
6827,0.0404403802309502
6829,2.3580050085435817
683,1.3676412378862688
6830,2.363621438784835
6832,2.021902038825684
6833,0.9947215840942208
6834,2.546911263621947
6835,2.0878972069714243
6836,2.8424003178563826
6837,1.9089585159271576
6838,2.2034562504307544
6839,1.5428255077467448
684,2.571264811170623
6840,2.238979011841009
6843,1.6360435769591215
6844,2.6607405079381325
6845,1.235299788679992
6846,0.8682600704373241
6847,0.0199533676763937
684959,0.0
685,1.5348915078543697
6850,1.989569515764115
6853,0.4153830354024732
6854,1.4101208717640157
6855,0.5355901323150711
6856,2.8665485650661475
6857,1.0403956193416244
686,1.635172926331783
6860,0.0099324012091867
6861,0.0
6862,0.0324653828330247
6863,1.1095744164753374
6865,0.5451991451871315
6866,0.0530452976713926
6867,2.2128185803980083
6868,1.8184191530933231
6869,1.7035216840859446
687,2.1705944776034185
6870,0.076750799447613
6871,1.633020297460458
6872,2.019184450122302
6873,1.9288203014534435
6874,1.4416367579620544
6875,1.4652287553201322
6876,3.0230620856085624
6877,1.2493181262056046
6878,2.0119479868090173
6879,2.863472682546862
688,2.268958292070099
6880,2.2666813321347226
6881,0.874024583114313
6882,2.256685654579103
6883,2.125928286690507
6884,2.424889371878108
6885,2.1328003915217364
6886,0.870636251658755
6887,0.3168609479248995
6888,2.6953763554774435
689,3.017248247948928
6890,2.0094752557343956
6891,1.5647433814967489
6892,2.7501337966659305
6894,1.9865837363157564
6895,1.8357282245723
6897,2.3850743313545526
6898,2.8946241004483193
6899,0.9491236331993234
6900,0.170759729813761
6901,1.428404796475412
6902,2.4605214560988986
6903,2.414288610361291
6904,1.9189451258446129
6905,0.1908459142734483
6906,0.0
6907,2.0603485047388332
6908,2.116971934129203
6909,0.8785355348853539
6910,0.4439334324094268
6911,0.9297066829165608
6913,1.05614027737237
6915,0.6015311719262784
6916,1.2615154206248724
6917,2.4437129366721635
6919,1.919848714022967
6920,2.4130421341193085
692053,0.9966082835834936
692057,0.0
692058,0.6574090966204139
692063,0.0
692072,0.0
692073,0.0
692075,1.6899600554310532
692076,0.0
692084,0.3351066276827368
692085,0.0
692086,0.4171148168189859
692088,0.0
692089,0.752823896988401
692091,0.0
692092,0.0
692093,1.7120885022116148
692094,0.0
692099,1.5538829749322294
6921,1.9680965573227125
692106,0.0
692107,0.0
692108,0.3177061107824478
692109,1.3364932524833932
692110,0.0
692111,0.0
692146,0.0
692148,0.0
692149,0.0
692157,0.4701623632416249
692158,0.0
692199,0.0
692201,0.0
692202,0.0
692203,0.0
692204,0.0
692205,1.043936096482344
692206,0.0
692209,0.0
692210,1.0579848068806266
692211,0.0
692212,1.547504682708732
692213,0.0
692214,0.0
692215,0.0
692223,0.0
692225,1.3992821162592886
692226,0.0
692227,1.087366070342166
692229,0.0
692233,1.1625201833590633
692247,0.2707001641383658
6923,2.855638642396833
692312,0.0
6924,2.242872845228294
6925,1.4870247660181048
6926,2.4962132354338262
6927,0.096838290181438
6928,0.0
6929,2.1366976420773054
693120,0.0
693121,0.0
693122,0.0
693123,0.0
693124,0.0
693125,0.0
693126,0.0
693127,0.0
693128,0.0
693129,0.0
693130,0.0
693131,0.0
693132,0.0
693133,0.0
693134,0.0
693135,0.0
693136,0.0
693137,0.0
693138,0.9522263043610144
693139,0.0
693140,0.0
693141,0.3605573035957628
693142,0.0
693143,0.3636136275317336
693144,0.6007640465925782
693146,0.0
693147,0.0
693148,0.0
693149,0.0
693152,0.0
693153,0.0
693154,0.0
693155,1.650896812219383
693156,0.0
693157,0.0
693158,1.7775736618107412
693159,0.0
693160,0.0
693161,0.0
693162,0.0
693163,0.0
693164,0.3517184693718995
693165,0.0
693166,0.6007640465925782
693167,0.0
693168,0.0
693169,0.0
693170,0.0
693171,0.0
693172,0.0
693173,0.0
693174,0.0
693175,1.5819173001412197
693176,0.0
693177,0.0
693178,0.5840655753053491
693180,0.0
693181,0.8891454528089958
693182,0.0
693183,0.7764441920061228
693184,0.0
693185,0.0
693186,0.0
693187,0.0
693188,0.0
693189,0.0
693190,0.0
693191,0.0
693192,0.0
693193,0.0
693194,0.0
693195,0.0
693196,0.0
693197,0.0
693198,0.0
693199,0.0
6932,2.061670465408439
693200,0.0
693201,0.5965298421965575
693202,0.0
693203,0.0
693204,0.0
693205,0.0
693206,0.0
693207,0.0
693208,0.3517184693718995
693209,0.0
693210,0.3939019859550799
693211,0.0
693212,0.0
693213,0.3605573035957628
693214,0.0
693215,0.0
693216,0.0
693217,0.0
693218,0.0
693219,0.0
693220,2.22619547165869
693221,0.0
693222,0.0
693223,0.0
693224,0.0
693225,0.0
693226,0.3487493523901473
693227,0.0
693228,0.0
693229,0.0
693230,0.3636136275317336
693231,0.0
693232,1.7160050235993127
693233,0.0
693234,0.0
693235,0.0
6934,2.09674068931741
6935,1.519853736665999
6936,1.703481572563199
6938,2.258160944613002
6939,0.3174244923435959
694,2.702790069303855
6940,1.8419386749606432
6941,1.8651460253236
6942,2.057824280323378
6943,0.0344662129356738
6944,2.4609843499171538
6945,2.2021919196339765
6947,2.37834663955684
6948,2.2020764111037328
6949,1.7091941167587903
695,0.8537482192866647
6950,2.68847634530263
6952,0.0
6954,0.0542173700425294
6956,0.0
6958,0.1202452363628534
6959,0.0
696,0.029254159459327
6960,0.0
6961,0.0
6962,0.0
6967,1.2039851232109664
6968,0.0
6969,0.0
6970,0.0
6971,0.0
6972,0.0
6973,0.0
6974,0.3228976450753028
6975,0.0
6976,0.426690653496015
6977,0.265298552533264
6978,0.2645453866014184
6979,0.8204518534841524
6981,0.779992999876471
6982,0.4211811008025209
6983,0.1577758647003239
6984,0.281982980067927
6985,0.0
6987,0.0
6988,2.4262081491451943
699,0.5707774468542421
6990,2.3782202346302013
6991,1.1035775646618442
6992,2.612900967772109
6993,2.5460554338033416
6996,1.8661965050688765
6997,0.5175976880266685
6998,0.061215604083323
6999,0.2021728243568805
70,0.4282747677761113
7001,2.828584948165696
7003,2.164714556641147
7004,1.6267072010592027
7005,2.393313576671632
7006,0.8069355410544893
7007,0.3110608567889462
7008,2.2131471082765857
7009,3.167237326214422
701,0.5918814975213088
7010,1.68608366384602
7011,1.8395999657865851
7012,0.0
7013,1.4463945466490713
7014,1.968823615693908
7015,0.0072538062085478
7016,2.255372694534244
7018,1.5058704003837375
7019,2.36641076866141
7020,2.203437690938109
7021,2.333013730380357
7022,2.85392262533137
7023,1.161928766082833
7024,2.3676734078258472
7025,1.8174350392007204
7026,2.268863474480221
7027,2.421983013884666
7029,1.959517115306703
7030,2.3126138857707463
7031,2.89239056859889
7032,0.8060149478453087
7033,3.060287938418193
7035,1.587815673443992
7036,0.1823702359819901
7037,2.074807016592059
7038,0.0845053532862342
7039,1.693064460592981
7040,2.053774306448406
7041,2.294749715774415
7042,1.5497150482802728
7043,2.157935929470436
7044,0.2289422589237593
7045,2.188613523831396
7046,2.36195246598912
7047,0.0310619747051902
7048,2.665353443610395
7049,2.4588336762484877
705,2.212258273270262
7050,2.155886845244043
7051,0.8733866559174601
7052,1.42547532346427
7053,0.0
7054,0.0775105280642577
7056,2.123885830600741
7057,2.639175912979838
7058,1.3362641509354154
7059,1.881277283627265
706,2.689801485085912
7060,1.460715775111255
7062,0.0302589788495971
7064,1.769916045796006
7066,0.3027810825165379
7067,2.167557787079677
7068,2.077652006511545
7069,1.9206227285550144
7070,1.8783834041049725
7071,2.743693033053067
7072,2.351524282762411
7073,2.264103317963801
7074,1.4027948339368088
7075,1.8376490572525104
7076,3.088290501400746
7077,2.6884430202697667
7078,3.093583042289543
7079,1.4532764365512356
708,2.6415154435696584
7080,0.0
7082,2.25825885568959
7083,1.7233133663400375
7084,1.7418464862986964
7086,2.3860240202206167
7087,0.6108610923690935
7088,2.1209034652297127
7089,2.427257224714852
7090,2.1525309604678555
7091,1.8872464918092955
7092,1.0357563664978016
7093,0.0658488120877697
7094,2.7369991889364793
7095,2.5429472740957983
7096,1.3939032109323122
7097,1.854452901295801
7098,1.6201936040206415
7099,1.3917974593508071
71,3.5386411015960975
710,2.75874854513227
7100,1.7273469146251552
7101,0.0658488120877697
7102,2.230354947504175
7103,1.4970078306709274
7104,0.1055102904479631
7105,2.486336313830699
7106,1.8651551715633377
7107,2.2615239668426796
7108,1.609128880254293
7109,1.4667831153894806
711,0.0
7110,2.058320472288975
7111,1.2783857520919517
7112,2.1240812952616928
7113,1.883679019500386
7114,3.311528827981548
7118,0.6359403080435189
712,2.581595878631182
7122,2.085047984419936
7123,2.2391629080716204
7124,1.2205691245457817
7125,0.509903143471486
7126,2.513006153435903
7127,2.4109344164460564
7128,1.910367828521308
713,2.6218462378397565
7130,1.1939033529612797
7132,2.6250354687555477
7133,2.0956651630671415
7134,0.7449414366813515
7135,0.750052487387956
7136,1.207632812653535
7137,0.061215604083323
7138,0.6359403080435189
7139,0.2551458206572647
714,2.5884315106309157
7140,0.485305233796748
7141,0.0
7142,0.0
7143,0.0232000328901817
7145,2.446085922439355
7148,1.6050931955547847
715,2.6234497433818795
7150,2.5994752316593184
7153,1.2237564151318223
7155,2.731465746825622
7156,1.785295847148893
7157,2.436961719209113
7158,1.878817033097752
7159,2.1631925897864006
716,2.630768632412645
7161,1.2470215296992675
7162,2.5069249603603687
7163,2.333576304069173
7164,2.0433016097341543
7165,2.5137849345822216
7166,0.2877103603551462
7167,2.9433017567549338
7168,2.6817262489209974
7169,2.899784042779702
717,0.6726291644915319
7170,2.339404795183745
7171,2.784973538869585
7172,2.2208715139448483
7173,0.7478889460693189
7174,2.04415911929863
7175,2.2581577857136383
7177,1.0667498414466714
7178,3.171661552030068
7179,0.0
718,2.7456818894751724
7180,0.5375851567139619
7181,1.7067056124318505
7182,1.9528444047574245
7184,3.0094633554132417
7185,1.5528072781811664
7186,1.7663537818453876
7187,1.779115837649477
7188,1.7812342622294728
7189,1.7535946848873816
719,1.533114709568783
7190,0.3117705130048097
72,2.934209672008199
720,2.4269017256487575
7200,0.3473959406229774
7201,0.0
7203,2.8317778975536716
7204,1.9789580811376437
7205,2.5318313814571143
721,2.1758069053035873
7216,1.4606933311269876
722,1.3004441213481
7220,1.5485362137456875
7222,0.1051431153898577
7223,0.1405459622981713
7224,0.0072538062085478
7225,1.4673370628682825
7226,1.2946812200347804
7227,2.605160424556819
723778,0.0
723779,0.0
723809,1.451884793792147
723961,0.0
723972,0.0390501905320824
724,0.0
724022,0.0
724023,0.0
724024,0.0
724025,0.0
724026,0.4211811008025209
724027,1.2066502965173231
724028,0.9023906389179984
724029,0.7764441920061228
724030,0.0
724031,0.0
724032,0.0
724033,0.0
724067,0.0
724068,0.0
724102,1.1661340665198834
7247,2.5929356490372326
7248,1.651948008981594
7249,1.9121632323090352
725,0.281982980067927
7251,2.491200468522242
7252,0.1489453134079853
7253,0.0826206497668653
7257,1.9879486632290568
7258,0.0
7259,2.533724538147638
726,1.6138475003638306
7260,1.6188571791567423
7262,2.141058874013697
7263,2.3691128215970294
7264,2.2435037188898206
7265,2.564918781692223
7266,1.829253908242078
7267,2.527782057914411
7268,0.5056415916715438
727,1.496361124670326
7270,1.9428435185192416
7272,0.5634324151074938
7273,0.2143060330373782
7274,0.6580279438190567
7275,1.643163836756551
7276,0.0573349127789155
727676,0.0
727677,0.99382859595133
727684,0.1412492154969934
727699,0.1949683214694214
7277,2.278810839409465
727701,0.87166104795878
727704,0.0
727708,0.0
727792,0.1137288585710933
7278,0.0
727800,1.7935978321359882
727810,0.0
727821,0.2338140899857443
727826,1.2284330088879594
727828,0.0
727830,0.0
727832,0.0
727835,0.1394899473602603
727837,0.0
727838,0.0
727842,0.0
727851,0.5447840249395133
727857,0.0
727859,0.0
727865,0.5366408347886468
727866,0.0376577034343075
727897,0.6948432168324369
727905,0.0
727909,0.1302803097110695
727910,1.1637404887136942
727914,0.0717956175864252
727915,0.0
727919,0.8401112400477131
727924,0.0
727930,0.0183253569229505
727936,1.4086292323715182
727940,0.0
727944,0.5780473597224134
727951,0.1034888062958342
727956,0.7367287122134233
727957,1.7112221780041077
727964,0.0384536920503017
727969,0.0
727970,0.2378772436632628
727982,0.0
727984,0.4171148168189859
727993,0.0
727997,0.1905152080494213
728,1.142955753799475
7280,2.393313576671632
728002,0.0
728010,0.2046142054746045
728012,0.0
728022,0.0
728036,0.0
728040,0.0
728042,0.0
728047,0.0467664613262632
728049,0.0
728056,0.0
728062,0.0
728064,0.0
728072,0.0
728075,0.0
728081,0.0
728082,0.0
728084,0.0388514046163894
728088,0.2422298130789489
728090,0.0
728096,0.0
728106,0.0
728111,0.0
728113,1.2633905729421555
728116,0.0706479226552025
728118,0.1749857074436463
728121,0.0852580403731478
728128,0.3059320845116927
728130,0.3030680655585852
728132,0.0
728134,0.5224325309402954
728137,0.0
728138,0.4552885173234218
728139,0.7994626054365311
728158,0.0
728167,0.0
728169,0.0
728175,0.2450153285415904
728178,0.2155894543456707
728179,0.1910112164811311
728190,0.691905999348411
728192,0.0201566492701331
728194,0.0
728196,0.0368609624667365
728207,0.2459416614431023
728215,0.1975956198799462
728224,0.0
728226,0.0
728228,0.2690536052345982
728229,0.3228976450753028
728231,0.0
728239,0.0089031710875008
728244,1.1324171349186232
728248,0.0
728255,0.0
728269,0.0221867865316464
728276,0.1064275149657084
728279,0.0
728294,1.558987023132245
728299,0.0
7283,2.174506023261197
728300,0.0326656794165476
728307,0.0
728310,0.0
728311,0.0
728315,0.3810505308621166
728317,0.0
728318,0.0
728327,0.0225922306114602
728339,0.1646353512832717
728340,0.6551056450545139
728343,0.0
728358,0.0
728361,0.2034758186827095
728365,0.0
728369,0.0
728373,0.0
728378,0.0270393423001977
728379,0.0
728386,0.0
728392,1.2676430924188915
728393,0.0
728395,0.0
7284,2.8356675431354774
728400,0.0
728403,0.0
728405,0.0
728410,0.0
728419,0.0
728428,0.0
728430,0.3266641730325784
728431,1.584615477405521
728432,0.0
728447,0.0
728450,0.0
728458,0.0
728464,0.4929282255254225
728481,0.0606346453732357
728484,0.0
728485,0.1817016964086886
728486,0.1749857074436463
728488,0.0378567710724885
728489,0.0920017153720052
728492,0.5636346616005768
728498,0.2846315983898154
728501,1.2443072126289734
728506,0.0
728509,0.4162494263135362
728517,0.0
728523,0.0
728524,0.0
728532,0.324573925812795
728535,0.0380557917082188
728537,1.034382084587647
728538,0.2403673497812929
728553,1.5536420820229866
728558,0.1449314009166019
728562,0.2155894543456707
728564,0.071221967357895
728567,0.293686531565202
728568,1.1555416675074
728577,0.5258510780052004
728586,0.442621158228576
728587,0.0
728588,0.1873667107284053
728590,0.7475792946391352
728591,0.3415489023344227
728597,0.1386088924011609
7286,2.231885052880567
728606,0.1371972284494705
728611,0.052263005646635
728614,0.0
728620,0.0
728621,0.6864173179026941
728633,0.0
728635,0.2642439183390903
728637,0.0
728638,0.9763911592838268
728642,0.2406780642448516
728643,0.140897664497433
728655,0.2459416614431023
728656,0.1442313103832132
728658,2.5036720265003196
728660,0.0
728661,2.2597209456127656
728673,0.7321485663954971
728689,0.4031473746814073
728693,0.0852580403731478
728695,0.0
728698,0.1309924294396301
7287,0.241454318250322
728700,0.238188934556376
728706,0.0826206497668653
728712,0.0
728723,0.258038258146766
728730,0.6424782582904055
728734,0.0181216355189445
728737,0.212055077748509
728741,0.1130016249722951
728743,1.1255203507772815
728746,0.0
728752,0.8681313752217602
728753,0.0
728763,0.0
728769,1.350310064058347
728774,0.1036727819699854
728780,0.6357578162338087
728782,0.7460288770173628
728791,0.5461322881673503
7288,0.2604657961588657
728819,1.2712154340573008
728833,0.0681558255976688
728841,0.9789284063140096
728843,0.0
728858,0.5811121872489315
728877,0.0
728888,0.1678734237127189
7289,2.208215096322081
728911,0.0
728927,1.603645709237872
728929,0.0
728933,0.0
728945,0.0
728957,0.0
728962,0.0579181636361618
728975,0.9837576843105764
728978,0.2135028473860635
728979,0.407540162703302
728990,0.0376577034343075
728992,0.6793438704534895
729,0.1823702359819901
7290,1.4061584118967323
729004,0.3694265854349449
729013,1.704576648644591
729020,0.095353116336939
729025,0.0146508621545966
729032,0.0
729046,1.0112892711515826
729050,0.0332662841654657
729056,0.0213753154909553
729059,0.1211462231579099
729075,0.2330303265697469
729079,0.1748170911334096
729082,2.2263239507389705
729083,0.0
729085,1.5619103793439366
729092,0.0443997508881444
729096,0.3440019232102286
729097,0.8300149267445865
7291,1.148556987037886
729121,0.0
729131,0.187532728084775
729141,0.0
729146,0.4023917435227699
729150,0.3530642712957951
729171,0.0053944386314874
729178,0.1539783414563714
7292,0.3270815441316422
729201,0.0
729203,0.2970190835551979
729208,0.3600245172607447
729211,0.2055886812295905
729212,1.1590020244516168
729215,0.0
729224,0.3055031538950215
729230,1.0334477287139836
729233,0.0
729236,1.1983204311261606
729238,0.1325924415353502
729240,0.0
729241,0.2333439246723052
729246,0.0
729249,0.5674664748038637
729250,0.0
729254,0.0
729257,0.0
729259,0.1954615941975408
729262,0.1543243036951329
729264,0.207534086575862
729274,0.3626847374461915
729277,0.2417646072101112
729279,0.0985059346638177
729293,0.0
7293,0.6574090966204139
729301,0.3792337972640885
729305,0.4126535570478474
729313,0.0
729330,0.0
729332,0.0
729340,1.3265797079623918
729348,0.0
729349,0.266652437449185
729355,0.0
729359,1.6506561966124915
729362,2.4901329933601835
729374,0.403273239498817
729384,0.0
729389,0.8326728871266069
729391,0.0
729396,0.0
729399,0.4187193233642668
7294,0.2453242265811973
729402,1.4472945801333357
729420,0.1357831260270535
729422,0.0
729428,0.0
729431,0.0
729438,1.3693106586298471
729440,1.7694220937465113
729442,0.0
729447,0.0
729449,0.057140405596366
729450,0.0
729458,0.0
729461,0.0
729467,0.1596680011708285
729475,0.1283187873796772
729480,0.4603187078780552
729484,0.0852580403731478
729490,0.0
7295,2.9739318230028435
729501,0.0
729506,0.0
729515,1.9341567581731989
729528,0.0
729532,0.057723791780431
729533,0.1263525663569857
729536,0.2903396799106517
729540,0.0
729558,0.0193432301006561
729561,0.5980725013423904
729565,0.5930464597774577
729568,0.0
729582,0.1075268419004856
729595,0.7476567209803987
729597,0.1146369993408919
7296,2.171425888336645
729608,0.0461754078434364
729614,1.4424755557483997
729617,0.0
729621,0.0
729627,0.0
729646,0.8665204874267673
729650,0.0
729652,0.0510881989588056
729654,1.1091419446413588
729658,0.0
729662,0.359757984600491
729665,0.0132175827499873
729674,0.4056606798125319
729677,0.2497897559461853
729678,0.8737694890721405
729679,0.0912551171776534
729682,0.375978772065176
7297,2.1239091057884116
729707,0.0
729723,0.7355471904111105
729732,0.1527663152168473
729739,0.0340664262320136
729747,0.2516302132284079
729759,0.0
729764,0.0
729767,0.0
729779,0.290777040522898
729780,0.0820544050747075
729786,0.0162859366995967
729789,0.502456473412168
729799,0.7732487550794924
7298,1.062547641957279
729817,0.0366616595234452
729828,0.0771307503330335
729830,1.899868374982444
729838,0.222452739113652
729842,0.290777040522898
729852,1.9350110244476373
729857,0.0242120678044732
729867,0.4942652441353157
729873,0.0
729877,0.0
729894,0.0
7299,0.0
729909,0.4150114182635262
729911,0.0
729920,0.8227350379867654
729950,0.0366616595234452
729952,0.0691152046135907
729955,0.1491193842892281
729956,0.0346660352741282
729960,0.0947954893080635
729962,0.0888240246898696
729966,0.0
729967,2.1828231208878495
729970,1.4986520226695932
729974,0.0358639763576893
729978,0.9053706959065853
729987,0.0
729991,1.2912308156628578
729993,0.5310545560348755
729998,2.634867300406792
730,1.658648139339043
730005,0.4823694465515257
730016,0.0
730029,0.495710922760668
730051,1.2597329561291373
730058,0.0
730066,0.2123770308163702
730070,0.0
730087,0.6038275383121949
730091,0.8642583824030147
730094,1.617937144636467
730098,0.1304583976107058
7301,0.6946757171074402
730100,0.2195869118689518
730109,0.0
730112,0.875362149087915
730130,0.0197500372972908
730159,0.0
730174,0.0366616595234452
730180,0.0645001083526856
730183,0.4051586900092324
730187,1.0631564819068229
730190,0.0
730196,0.0
730213,0.1333025569412144
730227,0.0459782976541651
730249,0.0
730255,0.2645453866014184
730262,0.0
730268,0.0
730291,0.0
730338,0.0152643844692303
7305,2.3840126315770496
7306,0.0227948798627598
730668,0.1157254490155959
7307,0.2021728243568805
730747,0.6331978852770035
730755,0.3214979612336592
730811,0.0
730861,0.0
730993,0.0
731,0.0
7310,0.0
7311,2.9539375634260683
731157,0.2238818013106508
731220,0.2388119493839321
7314,2.952402100677471
731424,0.0197500372972908
7316,3.116908146114386
731605,0.0481439722271771
731642,0.152246322955713
731656,0.2088284047437949
731688,0.4963771942200536
7317,2.824465103143938
731755,0.0
731779,0.0487336436053482
7318,2.209712733651258
7319,2.2582020075884506
732,0.0752292615879394
7320,2.550358177131692
7321,1.9866982264040145
732199,0.170759729813761
7322,2.5015223111464646
732229,0.0646929135332517
732253,0.0
732275,0.0
7323,2.6158570289580623
7324,2.0649959136652085
7325,2.1858163333141563
7326,2.335742025534075
7327,2.335976226544283
7328,2.6108466467800087
7329,1.9333701260442289
733,0.3811801311673248
7332,2.556052814868615
7334,2.3680991693727704
7335,0.7858655073002678
7336,2.0851153414142836
7337,1.9354797011150464
734,2.166027453823662
7341,2.7852139191002667
7342,2.43236865607385
7343,2.435902225464579
7345,0.8714690243658851
7347,0.4798761005785458
7348,0.0553878071845259
7349,0.8391019601164678
735,0.0
7350,0.5530410819506881
7351,2.7405025856008174
7352,0.8693529309066815
7353,1.7476636816856843
7355,2.1669398576468515
7356,0.0706479226552025
7357,2.359419646411861
7358,2.477211651988438
7360,2.47627263896434
7363,0.0499117462968908
7364,0.338540088196072
7365,0.0
7366,1.4346625527703225
7367,0.4728034812884282
7368,1.6266754956347962
7369,0.1705902312811821
7371,1.937501685530473
7372,1.9809794877867375
7373,2.728629633583804
7374,2.4552462546814464
7375,2.294112723024732
7376,2.2288696011736966
7378,1.208068928540966
7379,0.5377948377550712
738,2.3455643952152685
7380,0.7545118723760342
7381,2.161387648770388
7384,2.6975594629165185
7385,2.7252253981517995
7386,2.460676388693792
7388,2.7654713626230256
7389,2.383222026872168
7390,1.6522628939516597
7391,2.3752877653277245
7392,2.357027310634564
7398,2.4220757349907696
7399,0.0563619252247972
740,2.5810390640257586
7401,0.0
7402,2.3817490502412513
7403,1.543545460239255
7404,0.0
7405,1.920136152767046
7407,2.234752022174286
7408,2.6282732064303125
7409,1.0801348863156284
741,1.8010473238949058
7410,2.034616771721947
7411,2.490439026790089
7412,1.5529743562402147
7414,2.6180264617030375
7415,2.6343711306868096
7416,2.8043554772300583
7417,2.4904284792012334
7419,2.5600838307920917
7421,2.2395537726835495
7422,1.8450237339258235
7423,2.537608437185517
7424,1.8012393565137437
7425,0.0617961599388916
7428,2.1233314350854573
7429,0.0246165431357565
7430,2.912156504632651
7431,3.001372994666593
7432,0.2938317217009022
7433,1.9081533114350449
7434,0.3970809952005987
7436,1.1460473054148204
7439,0.4872184429598525
744,1.4763995109599035
7441,0.0
7442,1.2814751205120978
7443,1.9140073488220963
7444,1.919425162406512
7447,1.954157331318253
7448,0.3453613327611243
745,0.369689759524626
7450,2.601978786892919
7451,0.4275440557109228
7453,2.2877258866054304
7454,1.3759614479708564
7455,0.0471602662673416
7456,1.660506546255871
7458,2.694753085963352
746,2.163488350569608
7461,1.553975593554715
7462,1.245598196702132
7464,1.9357560365543445
7465,2.3753647668044016
7466,2.299492263764761
7468,1.5248202845988097
7469,1.959964670921689
747,1.3849846307107851
7471,0.1463297841307743
7472,0.4558751848662594
7473,1.312625581943219
7474,1.9848419900966232
7475,0.911408879689534
7476,0.009520858735307
7477,1.6951675177211798
7478,0.1748170911334096
7479,0.1957902746995032
7480,0.3349689700613149
7481,1.027760981309224
7482,0.4521124496200571
7483,1.270340772271734
7484,0.0942374869521354
7485,1.5477674661191907
7486,1.711209038788113
7490,0.0051875911285856
7494,3.4651479031240027
7498,1.4597272782079878
7499,0.7251391050339007
750,0.4277877058745143
7503,2.094732818130725
7504,0.739869277614871
7507,2.155495190237856
7508,2.079097887031749
751071,0.9824200548317304
7511,1.9978671665620753
7512,0.4508145796862061
7514,2.0468290993076574
7515,2.1796170927928715
751580,0.5371194780609903
7516,0.7289715160847638
7517,1.1139672364344082
7518,1.6539087308330525
752,1.2536819088497952
7520,2.8867886972626935
752014,0.0
7525,2.3892432885846393
7528,2.3966601037438475
7529,2.762408035492201
753,1.641217578995897
7531,3.083192616608649
7532,2.7409320180676886
7533,2.759792616222448
7534,2.899764127558549
7535,0.6231417751222605
7536,2.787406767161297
7538,3.106598218504879
7539,1.226328186249479
754,2.952495135860252
7541,1.7957211456115418
7542,1.0034762749810753
7543,2.0693369675279967
7544,0.0152643844692303
7545,0.5795319960138128
7546,0.1867022992794706
7547,0.0
7549,1.562802060646686
755,0.8048091313742775
7551,2.161383459901792
7552,1.7982422579890354
7553,1.4582182760514333
7554,1.2459374224553816
7555,3.0275199372162036
7556,1.724207253851562
7559,2.181820947772672
7561,2.0857468576464337
7562,1.736670094603726
7564,1.693953327363536
7565,1.5144334734322058
7566,1.756328577809107
7567,1.0122078194546116
7568,0.3040716729452808
7569,1.7072495140305246
757,2.3807927463627157
7570,2.3847222556548533
7571,0.189356665990483
7572,2.5223178590173547
7574,1.0129722065200382
7576,1.7968542717324671
7577,0.0
7579,0.97758012069668
758,0.38260427417016
7580,2.5000662556092883
7581,2.2209667511796947
7582,2.090479417496543
7584,1.8194316043848755
7586,2.4097490988748893
7587,1.5989057830891371
7589,1.61262332037288
759,0.0209692882026594
7592,1.775232904215608
7593,1.5773561964247795
7594,1.7171602575962148
7596,1.960418920042964
7597,1.221846252934028
760,2.170463880886125
761,2.1892213268098932
7617,0.6818236514825977
762,1.1203246674155165
7620,1.3492773024281175
7621,1.306751525495705
7625,1.5794668265445824
7626,1.6833640159321888
7627,1.6774637266964727
7629,1.938607854718337
763,0.0205630661837875
7633,1.7391550489853511
7634,0.042620338349058
7637,1.9479427619871248
7638,0.8251478399664293
7639,1.2713448931273477
764,0.0
7643,0.4924820080984998
7644,1.7129400403712942
765,0.3807912637792411
7652,0.2306743904133587
766,0.0
767,1.9440926141143953
7673,1.2217753789005246
7675,1.9184244327191993
767557,0.2151084127640693
767561,0.4625304851600768
767562,0.0
767563,0.0
767564,0.0
767565,0.0
767566,0.0
767567,0.0
767568,0.0
767569,0.0
767577,0.0
767578,0.0
767579,0.4340948411158832
767581,0.0
767582,0.0
767583,0.0
767585,0.0
767588,0.0
767589,0.0
767590,0.0
767591,0.0
767592,0.0
767593,0.0
767594,0.0
767595,0.0
767596,0.0
767597,0.0
767598,0.0
767599,0.0
767600,0.0
767603,0.0
767604,0.0
767605,0.0
767606,0.0
767608,0.0
767609,0.0
767610,0.0
767611,0.0
767612,0.0
7678,1.057606911142346
768,0.3269424455108905
768097,0.0082850342053478
7681,0.0060146795562324
768206,0.3463114882140881
768211,2.3179596431212235
768212,0.0
768213,0.0
768214,0.0
768215,0.0
768216,0.0
768217,0.0
768218,0.0
768219,0.0
768220,0.7017582828126417
768222,0.0
768239,0.0183253569229505
7686,0.451640760016628
7690,1.8257774406074043
7691,1.641463234568929
7692,1.7523767054109871
7693,2.1079331187410366
7694,1.6378108673301173
7695,1.8127494497170444
7697,1.9233635311312545
7699,1.908334212593876
770,2.034818561423375
7700,1.4168774822228196
7701,1.6998026589698083
7702,1.8766442494136788
7703,1.9287187719138268
7704,1.4583761476831465
7705,2.5709231281340643
7706,2.016004676920036
7707,2.0883750614700225
7709,1.8462130336020817
771,2.7186736229002513
7710,1.3287924679731562
7711,1.2093027308512203
7712,0.3552126429204981
7716,2.52317043432758
7718,1.373833978321832
7726,2.4843372252550364
7727,1.7123900037305626
7728,1.5207280705938848
773,0.068923416931643
7730,0.0455839386189831
7732,0.2344405447499205
7733,1.750639340082375
7737,2.2366196240746485
7738,1.902896352173136
7739,2.424658702863768
774,0.0171022935190702
7741,2.1081179778033823
7743,2.234921307655908
7745,2.133902075840328
7746,1.8615910041822123
7748,1.568386718011917
775,1.094553091184189
7750,2.157813235034817
7752,1.3359776332266584
7753,1.7234539550790244
7755,1.3783708167533315
7756,2.133263240989849
7757,0.7552011749381409
776,1.0838520467870214
7760,1.877975902512072
7761,1.071199351746761
7762,0.4564613873988061
7763,2.5039455701552873
7764,2.339385081976748
7766,0.6801999840862271
7767,1.3985715805473278
7768,1.132167791364903
7769,1.6741773015755117
777,0.0047737452018541
7770,1.5109412858729725
7771,1.5981476138201385
7772,1.6305589268373264
7773,1.2323058084107483
7775,2.08126655873186
7776,1.3871964127074572
7779,2.2477306581169154
778,0.6574975373938305
7780,0.8561789334803357
7781,0.0221867865316464
7782,1.1386567645808174
7783,0.0366616595234452
7784,1.6758733137244102
7786,1.2128797061178758
7789,1.4089776736676405
779,0.0
7791,2.934215937150342
7798,2.040652971148635
7799,2.1067780456291683
780,2.7156948700000245
7802,2.326528799680635
7803,0.0528497930137067
7804,0.2747271446341556
7805,2.2839538304909484
780529,0.0
780776,0.4211811008025209
780815,0.0
780816,0.0
780854,0.0
7809,0.0086971754034013
781,1.6265010766768837
7812,3.0779414854481795
7813,1.6079911997826923
7818,2.5074017571846245
782,1.006881205809418
7827,0.0
783,0.5520141419128756
7832,2.9817427144075173
7837,2.0938638432441934
784,1.7207878936164167
7840,1.5500886721756209
7841,2.3859240770044075
7844,1.999029632671844
7846,3.0272245613032815
7849,0.7868148562074102
785,0.5171663570865035
7850,0.2165506698612004
7851,1.101740042665171
7852,2.3289664459050994
7855,1.096236541614002
7857,0.5473745926216265
786,0.3454971413353746
7862,1.8948669099466493
7866,2.118917111967955
7867,2.2912951666815182
7869,1.4176362718245186
7871,2.0514773741642354
7873,2.4382293252907687
7874,2.4251760587853513
7879,2.6742664999028487
788,2.2911236259248464
7881,1.1219348557062638
7884,2.419306633185603
78986,0.350100378003441
78987,0.7749598666050883
78988,2.404591441209546
78989,0.3277766613678189
78990,0.7865958973957917
78991,1.6414785836510353
78992,2.3787407825570437
78994,2.1402860563713806
78995,0.875807379226691
78996,1.3905865860253943
78997,0.0841287540882683
78998,1.251839960843765
78999,1.0226212978178233
790,2.1250663038962685
79000,0.8628323702021904
79001,1.4730616097993252
79002,2.789523591514739
79003,2.1927885051312495
79004,2.56645358908594
79005,1.9947411021637584
79006,1.647940454622649
79007,1.865621358935652
79008,0.0
79009,2.505487019455443
79012,0.0463724718392014
79015,0.2246746194154232
79016,2.016079508898197
79017,2.409242524151523
79018,1.7522571108194274
79019,0.8419910059333462
79020,0.2298875252519026
79022,2.5644305897607222
79023,1.825002061478493
79024,0.0219839916622789
79025,0.4047819776906567
79026,3.0533925171519214
79027,2.1483570894923667
79029,1.595221327219278
7903,0.9874343529595744
79031,2.3012548759370977
79033,2.4496159782785725
79034,2.2538626367242593
79035,2.32733060784868
79036,2.0367537876561963
79037,0.2426947461122555
79038,1.7516107281013742
79039,2.082646141417726
79041,1.5059522802825245
79042,2.3450418900406045
79047,2.0075096720962575
79048,1.996215368970688
7905,2.9747620493737807
79050,2.10682197657189
79053,2.276782994294963
79054,0.1067941198550825
79055,0.0
79056,2.1644613529471344
79057,0.7257793600190358
79058,1.1882476854110129
79064,1.8749779960761268
79065,2.0294823512936127
79066,1.908966723960716
79068,2.2979274397205285
79070,1.5497150482802728
79071,1.2859344053862378
79072,1.7106305256345034
79073,2.8727432419233447
79074,2.092256853909758
79075,1.2993087980086346
79077,2.391371832211229
79078,0.9797359489684208
79080,1.6562029126592566
79081,0.5389469917339487
79083,2.655183880202307
79084,1.980726534835304
79085,2.250973676597068
79086,2.047695758844462
79087,1.5588220475170251
79088,1.8833030440812208
79089,2.359842808305982
79090,2.5527765970160976
79091,1.222306712195636
79092,1.1838637484865442
79094,0.870636251658755
79095,2.3602330953259867
790952,0.1268892755676334
790955,1.0796799536743624
79096,1.962201953378787
79097,0.0
79098,2.19672451948555
79100,0.0
79101,1.898253074758393
79102,2.302182399015909
79109,2.2040940881900113
791091,0.0
791114,0.0
791115,0.0
7913,2.3974419443364097
79132,1.9378300454542936
79133,1.172751603490396
79134,2.349761598326251
79135,1.868797361555219
79137,2.595286603412532
79139,2.273426700751063
79140,1.1080593478196974
79142,2.409587558493639
79143,2.361858338300998
79144,3.1051071213241093
79145,1.8042259284488216
79147,1.6211412415835995
79148,1.3474860624032223
79149,0.8159310377791952
7915,1.7418464862986964
79150,0.0
79152,1.1778751691778122
79153,1.43887746984301
79154,1.4660731564330618
79155,2.1071244671569564
79156,1.6548635675502483
79157,1.679443843191393
79158,2.0589717619910335
79159,0.7637954200644839
7916,2.6601513649427817
79160,0.8664559671264357
79161,1.777832956458317
79165,1.7407055806622842
79166,0.058501008843608
79168,0.2794732524915229
79169,1.553623546741974
7917,2.651071156435272
79170,2.4564597811921467
79171,2.470377162204327
79172,1.0340380185167906
79173,1.2119425331925369
79174,1.7540118295935785
79175,1.645619253694365
79176,1.4363386319944125
79177,1.7358510390721644
79178,1.2847678191976828
7918,1.8101363340813204
79180,2.141918545496178
79183,1.8280349359505124
79184,2.1747520720423763
79187,0.0790279102152443
79188,2.7230321704018374
7919,2.2121859087603175
79190,0.4882292970710771
79191,2.6447174314913013
79192,2.2490186407851667
7920,0.4146396168447367
7922,2.7114627401044267
79228,2.1506229664830827
7923,2.3183860431603276
79230,1.5295022736034936
79231,0.0
79232,0.5114268525685592
79258,0.7535149501307794
79269,2.094591498272926
79273,0.0503040803202519
79274,0.0
79283,0.0882619910836516
79290,0.0314631865193807
79291,0.0
79294,0.0
79295,0.0
79296,0.0
79297,0.0
79299,0.0
793,0.074848442848116
79300,0.0
79301,0.0
79302,0.0
79306,0.0
79308,0.0
79309,0.0
79310,0.0
79312,0.0
79313,0.0
79314,0.0
79317,0.0
7932,0.0384536920503017
79321,0.0
79322,0.0
79323,0.0453866897349848
79324,0.0
79331,0.3926266242104571
79334,0.0
79339,0.0
79342,0.0
79345,0.0
79346,0.0
7936,2.4693968823623114
79363,1.4443345299673025
79364,1.8798858536349683
79365,2.749899014935163
79366,1.8575206349018347
79368,0.0332662841654657
79369,0.1780148076809264
79370,0.4184726998140936
794,1.4687302649331966
7940,1.4126713411353249
79400,0.1842058707502884
7941,1.427949685634328
79411,2.0485661299275346
79412,0.2378772436632628
79413,0.0
79414,1.611133617603272
79415,2.006161625954801
7942,1.4697891230833129
79441,1.3234778882032263
79442,0.6064971801402672
79443,2.1955871506515225
79444,0.0538268611423806
79446,1.6754463512962523
79447,1.2965370685915572
79465,1.1607440730411078
79470,0.0440046509270564
79473,0.033066130062972
79476,0.0
79482,0.0
79488,0.0
79490,0.0
79492,0.0
79494,0.0
79498,0.0
795,1.584511320272849
79501,0.0
79504,0.0
79508,0.0
79512,0.0
79513,0.0
79514,0.0
79518,0.0
79521,0.0
79523,0.0
79525,0.0
79526,0.0
79529,0.0
79530,0.0
79532,0.0
79533,0.0
79534,0.0
79537,0.0
79538,0.0
79541,0.0704564866776887
79544,0.0
79546,0.0
79549,0.0203598820990786
7955,0.1605266099672951
79550,0.0
79567,2.0224052047073866
79568,2.1664984018394446
7957,0.7785905473659707
79570,1.5190575114988467
79571,2.1810456399836418
79572,1.9786487993083484
79573,1.5715918918526794
79574,0.0481439722271771
79575,1.773665251919215
79576,1.5048047046465838
79577,1.9094015091221637
79581,1.973401615841504
79582,1.5220366088888055
79583,1.6395251076838118
79585,0.6461738860735954
79586,2.4841495005438334
79587,1.7556526588048225
79589,1.875085126426858
79590,2.546382417426934
79591,2.0888574200746013
79594,2.4905971953405883
79595,2.164353374555548
79596,1.718635578119853
79598,1.385740310621807
796,0.0
79600,1.9431599295924369
79602,2.3996902609311546
79603,2.4204785270278157
79605,0.2955718980899506
79607,1.774506591086738
79608,1.6129827492486024
79609,1.743472918687921
79611,1.321331073232488
79612,1.5538459224295162
79613,1.4741112292517524
79616,0.9680030012309594
79618,1.6941445434073716
79621,1.0431134839299918
79622,2.1092348494165236
79623,1.2147493039366302
79624,2.7181723710695085
79625,1.454618760712428
79626,1.345238334322443
79627,2.393622884528332
79628,0.398475526494279
79629,2.0228832052564987
79630,1.6372844953325325
79631,2.0534696191985224
79632,0.9518322850329188
79633,0.9404096430866072
79634,1.9184324485380704
79635,1.7050698828304929
79637,1.9401892384690007
79639,1.5145742471693648
79641,1.440726471052253
79642,1.4946463414881568
79643,1.9370965866409335
79644,1.7455551377248193
79645,1.2320971646565668
79646,2.299416988424808
79647,2.611756648762832
79648,1.5447555639304664
79649,1.2387347023233872
7965,1.8481336055240176
79650,1.9676724003915769
79651,1.607644394079188
79652,2.0417030259182645
79654,2.2313484195916056
79656,1.6893669373568485
79657,2.023544055764136
79658,1.411286268889807
79659,1.53183598519526
79660,2.503180445333658
79661,1.526529883651333
79663,1.293471451798779
79664,1.7763992309761296
79665,2.325897221422174
79666,2.555903837858746
79668,1.6601384215212276
79669,1.471109512578223
79670,2.1706107987684957
79671,1.9015775534429429
79672,2.407537323594775
79673,2.00040305274883
79674,0.9805961501427798
79675,1.6285897449950857
79676,0.2130205485608581
79677,1.5808511660104498
79679,3.0192291160868385
79680,2.0193513950145476
79682,1.3537840640939938
79683,1.311996106882419
79684,1.7620022918249325
79685,2.284756608746204
79689,2.0066029811258637
79690,1.892727476628398
79691,1.774835854500048
79692,1.360581226319586
79693,2.1862847499591336
79694,1.8994483479400608
79695,0.5755660375665058
79696,0.8567687949947239
79697,1.943039422029912
79698,0.3836383362629247
79699,1.932767526432634
797,0.0320646470462866
79701,1.901017006543233
79703,2.015630295429732
79705,1.2594022262178854
79706,1.8184191530933231
79707,1.7790708894522256
79709,2.288660745327065
79710,1.8532965764128744
79711,0.0754196057556881
79712,1.1545833572615751
79713,0.2214986065228349
79714,1.8063493319712969
79716,0.6413023451149458
79717,2.463949482902545
79718,2.343410825716764
79719,2.490726679705522
79720,1.9817987372622456
79722,0.0563619252247972
79723,1.400295453355416
79724,2.3903649471349104
79725,1.3488859938171185
79726,1.8543308415390785
79727,0.0422244019181622
79728,1.5952891949536905
79729,1.4412401697430417
79730,1.3886742831911465
79731,1.9808564502910928
79733,0.1431800483883791
79734,1.5166208892133393
79735,2.302544386712382
79736,1.4206600964654987
79738,2.1248203052547527
79739,1.1267385349640224
79740,0.009315012732202
79741,0.5069555022544764
79742,2.0235073721502563
79744,1.332700228734352
79745,1.9199205931627896
79746,2.265944586939609
79747,0.0
79748,0.0103437444480222
7975,1.64997878107354
79750,1.018598657204963
79751,1.691638571623226
79752,2.2285696810432287
79753,1.9362621500354456
79754,2.440798569812136
79755,1.923672175996565
79758,1.4085047311011254
79759,0.7302441418812464
7976,1.6549380795450614
79760,0.4541137846217016
79762,2.5537711791491797
79763,1.8980169675506795
79767,2.2807673054260484
79768,1.756399665663296
79770,2.3014572174860346
79772,1.1649974008434962
79774,1.877523629415022
79776,0.7674877837042108
79777,1.8033353580102964
79778,1.3652082601364082
7978,1.5854652283749016
79780,1.2376684444909407
79781,1.4259086133372836
79782,0.2877103603551462
79783,1.0478400246117965
79784,2.0731514967827787
79785,1.6121981803159553
79786,2.122612708430436
79788,0.8612080247566096
79789,2.0933981906579837
7979,1.7975326943144505
79791,1.994166975446381
79792,1.9811639705516584
79794,2.069455925949544
79796,1.167620034580455
79797,1.8066864012057129
79798,1.4135844068731165
79799,0.0
798,0.0
7980,2.3762061506845726
79800,1.280839588526375
79801,0.3333151557922801
79802,0.3719230718394904
79803,2.185714759717508
79804,0.2088284047437949
79805,0.6804566092357875
79807,1.6906487367194205
79809,1.6366799683366635
79810,1.1611392464485049
79811,2.231580951033677
79812,2.287633410575474
79813,1.6119199926919496
79814,0.682420873373001
79815,2.116853274476735
79816,0.8421920841149786
79817,1.8558212444758075
79818,2.398648792187549
79819,1.3048397837690082
7982,1.678836594837561
79820,0.8254917933879884
79822,0.6626077685944046
79823,1.2684570650739626
79825,1.5120138235930434
79827,2.2806256217010437
79828,1.4974870915887764
79829,2.0656902040774128
79830,1.657671632927022
79831,1.0872313060458343
79832,2.0018298202996134
79833,1.648273250278023
79834,1.4549594530080476
79836,0.737515236562364
79837,2.527970247044969
79838,1.8594171271445836
79839,0.6440129859106509
7984,1.855896090772468
79840,0.6813113311024046
79841,0.614257476097609
79842,1.457360382059835
79843,0.9676738503826708
79844,0.9287722952797142
79845,1.6770382758155842
79846,1.2955480853465586
79847,1.101696221086037
79848,0.8623130292062643
79849,0.0221867865316464
79850,1.783186429264458
79852,0.4051586900092324
79853,0.0294552189612712
79856,0.8066524199990084
79857,0.0278454019696254
79858,1.7858049808316796
79861,0.9892908619749402
79862,1.7632167570271444
79863,1.24904844008678
79864,1.3827108952219178
79865,0.06565627325421
79866,0.8244593845450776
79867,2.044373189768905
79868,1.7857939191819392
79869,2.4484473461006444
79870,0.7782949134830544
79871,1.2859658995554133
79872,2.1244951425466425
79873,1.8505289276064032
79874,1.728737932680779
79875,2.272063096158087
79876,1.9383182618192416
79877,2.5768200854047594
79879,1.4291225559193572
7988,1.9538423371087283
79882,1.6730478297897908
79883,1.5682429605570551
79884,1.5902572782903652
79885,1.9562386981412991
79886,2.1181374639187736
79887,2.215093741120449
79888,2.059177487715321
79890,1.40072551255769
79891,1.7571572085598195
79892,2.30883800512323
79893,2.0867539905857555
79894,2.1518129025543455
79895,0.4216724860448058
79896,1.6298195057250868
79897,0.5434332228472657
79898,1.5646528427793347
79899,0.7293694708972702
799,1.0192541752597124
79901,2.9494568785898903
79902,2.0439101806041085
79903,1.9239647715365216
79905,0.6301686736286091
79906,0.8399767607584209
79908,0.0109603861112779
7991,2.418874857368511
79912,1.5047226312100823
79913,1.8548751364217289
79915,0.8040987852581473
79917,0.733256988398296
79918,1.5013456430596122
79919,0.461017880034522
79921,2.8676867026590793
79922,1.407956562738792
79923,0.0078726930921942
79924,1.1715894347004792
79925,1.108102690623425
79927,1.376253289717539
79929,0.0356644376201233
7993,1.5014902624798585
79930,0.733256988398296
79931,0.1660003253041142
79932,2.410840229772943
79933,0.8176039298089047
79934,1.4723825417641472
79935,0.927485216082064
79937,0.943556283723719
79939,2.2420883879862012
7994,1.7731869984675848
79940,1.2816973792506108
79943,1.2973392705411917
79944,1.2668278922455662
79946,0.0
79947,2.0869860126305766
79948,1.6008544978431103
79949,2.423606296016447
79953,0.4522303250911695
79954,1.9973828533231544
79955,0.3791038639321544
79956,2.359012136771611
79957,1.096015313256065
79958,1.3798742598685072
79959,0.988814015659953
79960,1.9326360687081816
79961,2.065646507696345
79962,1.808933642897078
79966,2.167973247014201
79968,1.3102235726019418
79969,1.8506236936626204
79971,2.704909752060003
79973,1.04822420745614
79974,1.105191520983366
79977,2.435609174756333
79979,1.9218008066620489
79980,1.988625965430016
79981,0.0382547653609949
79982,1.843300865204016
79983,2.0981331374470065
79987,1.4854690383867288
79989,1.6209968126409195
79990,2.009392765450276
79991,1.9844967573931307
79993,1.494373931860259
79998,0.9120695419624144
800,2.753074683779233
8000,0.9336042447596876
80000,0.484403167165935
80003,1.2946502345265507
80004,2.250586164155181
80005,1.510799452391178
80006,1.6991280190451068
80007,1.6297250256819258
80008,0.7985314098582822
8001,2.1842150516192773
80010,1.7235944987731786
80011,2.3729799795597537
80012,1.8733676507517611
80013,2.110836140963015
80014,1.849456554703336
80017,2.0670912091768874
80018,1.680557344709177
80019,2.0766036206602765
80020,1.8156351137582984
80021,1.950279237533904
80022,1.5777614688096062
80023,2.3581095831985595
80024,1.9859095752817089
80025,1.765124936885515
80028,1.1603090632926367
80031,2.0351921796092314
80032,0.2757678129290351
80034,1.237806142884803
80036,0.1739734823125703
80039,0.0041525986866217
80045,1.8006202719353828
80052,0.0179178651438874
80054,1.1639763728254542
80055,1.555214944701941
80059,0.14563089186569
80060,0.0
80063,1.0587870332085545
80067,1.7537258308923067
80069,0.1791897340119939
80070,0.0
80071,1.1551824908853554
80072,0.9022077264007352
80078,0.009520858735307
80086,0.118620969890508
80095,1.6121163777921232
80097,2.062971220661172
80099,0.0
801,2.666154464374069
80108,1.5259214119416296
80110,1.7525082212814571
80111,0.2630368896979078
80114,1.6316736683715416
80115,0.5252113314448094
80117,0.0
80119,0.189356665990483
80122,0.0
80124,1.7824846785419244
80125,0.0534361704016004
80127,1.8292938142315684
80128,0.8462670941296323
80129,2.1472557521916347
8013,1.3026159629953815
80131,0.5718776868593406
80133,0.0
80135,2.3832005734074277
80139,2.545148367473623
80142,1.774290729327512
80143,2.044974245616789
80144,1.1639370656440855
80145,2.590187226053298
80146,1.8165823236915917
80148,2.137316909662363
80149,2.1415465717763835
80150,0.7532079040075834
80152,1.6505659328864293
80153,2.041277525264156
80155,1.8681441575879405
80157,0.2178304945613746
80162,2.3517495630362153
80164,1.8246592273561824
80167,1.2954862130322315
80168,1.2432517760035824
80169,2.0024248924234045
80173,1.7147424862344562
80174,1.1803240955989125
80176,1.9367905761481825
80177,1.982105508095847
80178,0.562622854746794
80179,1.3073569925545754
80183,0.66750602418801
80184,1.033644556906195
80185,1.7120229311206163
8019,2.0099634857534574
80194,1.8882328644153512
80195,2.4318285562505997
80196,2.050943546017198
80198,1.854171170279528
80199,1.9830991330707823
802,0.0
80201,0.0101380977223869
80204,1.8923854808481044
80205,1.9210768608362656
80206,1.831988576913874
80207,1.60336233930362
80208,2.1529902679486432
80209,2.0413649963884426
8021,2.007062981386765
80210,1.446902457308477
80212,1.8955464230546075
80213,1.828474976502173
80216,1.8214288579908924
80217,1.1593587889681574
80218,2.5395213233065936
80219,2.3119223237138007
8022,0.0
80221,2.088308302155973
80222,2.1249317217744257
80223,2.0970115822986046
80224,1.6003345193810985
80227,1.6875274004052163
80228,1.505583712057723
80230,2.1971443984773997
80231,1.080089408963068
80232,2.277012904974841
80233,2.00909438209244
80235,1.3727135343976578
80237,0.0818655711838594
80243,1.2440690664514025
80254,1.683168121037702
80255,2.1244207782302875
80256,1.4592998178946877
80258,0.942127976016279
80262,1.8295331699210808
80263,1.7428377448063903
80264,1.5040860919813983
80267,2.1361492760270195
8027,1.9306667182243833
80270,1.8115646299398311
80271,2.351915456934837
80273,2.182831000571828
80274,0.6669828781141453
80279,0.8917548493452067
8028,1.7461620912896496
8029,0.4436950095059055
80298,1.975951021576017
8030,2.4990993212071455
80301,2.079350595094823
80303,3.023569143059621
80304,1.6748621784273512
80305,1.8687067012081495
80306,2.1140510696743
80307,0.461949080753147
80308,2.065701127365876
80309,0.9357461900523196
8031,2.884257324356458
80310,2.4225049134875443
80311,1.6198719281178722
80312,0.6442834675542459
80313,1.1740272242216747
80314,1.7330221841194366
80315,1.952550410643208
80316,0.0
80317,1.4462097237015508
80318,1.4986727997429852
80319,1.2735731863640751
80320,1.35976038882417
80321,1.9826774953120645
80323,0.5814080810744081
80324,1.4637587328225496
80325,1.9099586559704953
80326,0.8678095233678444
80328,0.338540088196072
80329,0.1009088407219797
80331,2.439505949771066
80332,1.3964085175735117
80333,0.3565523168278233
80335,2.6105581320481557
80336,1.8544622890081697
80339,0.2333439246723052
8034,1.67387733922614
80341,1.224391667096273
80342,0.6747884930287541
80343,0.0109603861112779
80344,2.4038495546720275
80345,1.820339702407623
80346,1.9661628952900736
80347,2.471694722796319
80349,2.127830273440001
80351,2.420672457178788
80352,2.2273085009567475
8036,2.4080407649198543
8038,0.9378807641547806
80380,1.1822679618528216
80381,2.2345250468026805
8045,1.8425092150937228
8048,0.0510881989588056
805,2.8775995117094406
8050,2.115082984737299
8061,1.6792038666152855
8065,2.0945965463548943
80700,2.3459315716490403
80704,0.3891723552178673
80705,0.8972488711281654
80709,1.5666767661472254
80712,0.0822431961241168
80713,0.0
80714,0.8676807370760671
80723,0.9441266844249462
80724,1.74476482695183
80725,1.365831109654711
80726,1.6782426731221385
80727,1.9729692649627997
80728,1.4960061153278854
8073,2.707237920492523
80731,1.565647816529492
80736,2.328946080967773
80737,1.2162189665777894
80739,0.5577461000026143
8074,0.0
80740,1.7017399087277572
80741,1.3008118155459405
80742,1.8140240702130503
80745,1.569696486309423
80746,1.4383143937699936
80755,0.5499558301586809
80757,1.0159694022419683
80758,0.7568067735055637
80759,0.6695077327714577
8076,1.7746088034010046
80760,1.877993628467061
80762,2.644282663862387
80763,0.0629560650472485
80764,2.1275953803503715
80765,0.4039022480596825
80772,2.132559654249849
80774,1.0047166560336904
80775,1.7960991913635496
80776,1.5904630279371192
80777,2.235992611510549
80778,1.618841054008635
8078,2.475771143247732
80781,2.13857903171615
80789,2.3267082911002
8079,2.7242121718775265
80790,1.9500499149633892
808,2.5765588199954816
80816,0.4788536473516551
80817,1.63949427732111
80818,2.308846131752117
8082,2.26793221454206
80820,1.5956453385603435
80821,0.9485578304808808
80823,0.0076664475141711
80824,2.5028411911311172
80829,2.362873894853335
80830,1.9179913389134131
80831,0.0294552189612712
80832,1.538119201724253
80833,1.9000446556375183
80834,0.0
80835,0.2865389277861695
8085,1.9653668088272191
80851,1.9978802476100648
80852,0.37623968825772
80853,1.8801768628548992
80854,2.262398445632002
80856,1.975049880250812
8086,2.1696915491014845
80862,0.8487926199198018
80863,1.2968148903497143
80864,0.4642719544855326
8087,2.2552420707815357
8089,2.1329955874922515
80895,1.895155842963992
80896,1.3420751837717126
8091,0.0084911297831118
8092,0.0316637209677261
80975,0.5343272610762845
8099,2.510126563591775
81,2.935727354578672
810,0.6662847295982189
8100,1.7216612734069077
81025,0.0
81027,0.75909377577136
81029,1.5502753742487148
81030,0.2160702066097536
81031,2.283283840333714
81033,0.0
81034,0.0232000328901817
81035,1.653759355803346
81037,2.3845065466261746
81047,0.0
81050,0.0
8106,1.4847641415306785
81061,0.0
81075,0.0
81076,0.0
81077,0.0
81078,0.494932836298095
81079,0.0
81090,0.0
81099,0.0
811,3.079971506235866
8110,0.2649973726362848
81104,0.0
81109,0.0
8111,1.0557611995385006
81110,0.0
81111,0.0
81113,0.0
81114,0.0
81115,0.0410354741801234
81116,0.0422244019181622
81126,0.0
81127,0.0
81136,0.0
81138,0.0
81140,0.0
8115,0.0189362275154237
81153,0.0
81155,0.0
81159,0.0
81160,0.0
81163,0.0
81164,0.0
81166,0.0
81168,0.0
81169,0.0
81175,0.2202246523198821
81182,0.0
81185,0.0
81188,0.0
81191,0.0
81193,0.0
81194,0.0
81196,0.0
81198,0.0
8120,0.9640966697996312
81201,0.0
81202,0.0
81204,0.0
81205,0.0
81207,0.0
81208,0.0
81209,0.0
81210,0.0154687933557568
81211,0.0
81215,0.0
81221,0.0
81223,0.0
81224,0.0
81226,0.0
81228,0.0
8123,0.0
81230,0.0
81236,0.0
81242,0.2468669119253628
81243,0.0
81244,0.0
81246,0.0
81248,0.1243816268565123
8125,2.4173396213108713
81251,0.0
81261,0.0
81264,0.0
81270,0.0
81274,0.0
81278,0.0
8128,1.308626231638583
81282,0.0
81285,0.1236637478282847
81295,0.0
81298,0.0
813,2.5088812648426475
81300,0.0
81304,0.0
81309,0.0
8131,2.10102614468988
81310,0.0
81315,0.0
81316,0.0
81318,0.0
81320,0.0
81322,0.0
81324,0.0
81325,0.0
81327,0.0
81328,0.0
81330,0.0
81331,0.0
81336,0.0
81340,0.0
81341,0.0
81342,0.0
81343,0.0
81345,0.0
81352,0.0771307503330335
81354,0.0
81356,0.0
81358,0.0
81363,0.0
81366,0.0
81377,0.0
8139,1.437421560971177
81390,0.0
81392,0.147028078610212
81399,0.0
814,0.2768071024545558
8140,1.8391228414894536
81406,0.0
81407,0.0
81419,0.0
81428,0.0406387916047836
81430,0.0
81431,0.0
81438,0.0
81439,0.0344662129356738
81440,0.0
81442,0.0
81448,0.0
81449,0.0
81458,0.0
81462,0.0
81465,0.0869490986322006
81466,0.0346660352741282
81469,0.0
81470,0.0
81472,0.0101380977223869
81474,0.0
8148,2.3466815190579924
81487,0.0
81488,1.8925650647563383
81490,1.8059909001819412
81491,0.5479949383201965
81492,0.0652710625303166
81493,1.182153803081348
81494,0.0
815,0.0604409028617613
81501,0.0880745620036581
81502,2.27403563703842
8153,1.3879229165313356
81532,1.8004813870507148
81533,2.1317453967355076
81537,2.071348683867258
81539,2.7080453569217835
81542,2.294690315456504
81543,1.1418942559804082
81544,1.1595172788437775
81545,1.8902586184520345
81550,1.670564471793862
81551,0.1865361108495833
81552,1.8881723669127068
81553,1.8678353368179084
81554,2.212102670669631
81555,2.447479586366641
81556,2.346146367047449
81557,0.0173062599854029
81558,2.1010360637186873
81559,1.3161190326803611
81562,2.4366083640135616
81563,2.377543756290245
81565,2.0436610760683664
81566,2.205318236702809
81567,0.1529395722563866
81569,0.0
81570,1.2745069742684492
81571,1.4590746908580183
81572,2.281130092767724
81573,1.868162316250072
81575,1.6967993966926296
81576,1.9452029312713304
81577,1.786821424356316
81578,0.6371253373583126
81579,2.214386174776642
816,1.028505808585695
81602,1.5444722209260306
81603,2.4216743719616343
81605,2.2584514357173457
81606,2.509922202526166
81607,2.4609078053440308
81608,1.6105265401193634
81609,1.656915614360872
8161,2.1638961752880146
81610,0.6725426496560567
81611,2.304329100812427
81614,1.9747652386268837
81615,0.7431510724234671
81616,0.4271784313218206
81617,2.554008394738546
81618,2.5644387526366157
81619,2.1121563324051675
81620,1.1048865225855298
81621,1.02562065330328
81622,2.061333509109339
81623,0.0
81624,0.5218969191940046
81626,0.0
81627,1.9637054295721077
81628,2.328946080967773
81629,0.4521124496200571
81631,2.488698095939824
8165,2.403123993454635
81669,2.357481616937171
81671,2.5127982190995923
81688,2.8616327566712054
81689,2.368355700065143
81691,1.3237712934549648
81693,0.0487336436053482
81694,0.0
81695,0.0
81696,0.0
81697,0.0
817,2.015692718008624
8170,0.0528497930137067
81704,1.7100249045767224
81706,1.8393176524375163
8174,0.188196455857058
8175,2.460289740717813
8178,1.7429477452138715
81786,0.2423848210579267
81788,0.763341876310079
81789,1.7618034472525608
81790,1.8848484326902817
81792,0.6693339027124129
81793,0.7296081305944159
81794,0.8632215987993364
81796,0.0505001786277436
81797,0.0
818,1.9113644568584012
81831,1.6118872537347464
81832,0.0284494427319338
81833,0.0
81839,1.7672326821673645
81844,2.160183392329181
81846,1.5455668829236664
81847,2.27851087114705
81848,1.9873844528260427
81849,1.8006843572563214
81850,0.0
81851,0.0
81853,2.0142230657725073
81855,2.3456852235972847
81856,1.3748988102789512
81857,1.84169668327697
81858,2.3410220620427964
8187,1.7282199789963253
81870,0.0
81871,0.0
81872,0.0
81873,2.1522172582832426
81875,2.245661533966328
81876,2.6178224197450093
81887,1.79410796459648
81888,0.0
81889,2.0695045797084792
8189,2.152694147375108
81890,2.031959685301389
81892,2.1261689008095055
81893,0.0
81894,2.418367795658484
819,2.062133969840802
8190,0.3313812065657156
8192,2.056757175089435
81926,1.620370430099152
81928,1.6415092802659987
81929,1.7904365605668164
8193,0.1091730934233686
81930,0.5262772610456699
81931,1.2550509503346374
81932,2.41338877666861
8195,1.7965631859757183
820,0.2477910822028433
8200,0.3842839091015332
8202,2.073312034072837
8204,2.37503682947548
8208,1.3115460238427077
8209,0.0970237498872507
821,3.024473060398528
8214,0.0326656794165476
8216,1.02227039247151
8218,0.6364874959466745
822,2.8535747938428218
8220,1.5768270547373215
8224,0.1746484396889903
8225,1.1128892241920931
8226,1.820726830124676
8227,1.0591514925217111
8228,2.2970355004730685
823,2.591965787595542
8233,2.068692845192034
8237,2.536759011439733
8239,2.3300363361815433
824,2.5436080016910254
8241,2.41284331998843
8242,2.3558126348505684
8243,2.2552261375684175
825,0.6204416846847329
826,3.017039031639156
8260,1.345829299929472
8266,2.4321948302429415
8269,2.1011699440901412
827,1.7104594560691673
8270,2.2128655322559716
8273,2.3294751509452687
8277,0.0702650067990862
828,1.7114454848323903
8284,0.0
8287,0.0
8288,0.3230374741364185
8289,2.2010687276628405
829,2.7070089334959637
8290,0.1520729184419736
8291,1.4518619475483732
8292,0.5517057722528368
8293,0.0
8294,1.7926410368763672
8295,1.8837576679344024
830,2.3700225512534305
8301,2.636825909713168
8302,0.1284973014560392
8303,2.3935668582855567
8309,1.7466591603988435
8310,2.191929893792308
8312,1.7073025417945735
8313,1.2648663839471868
8314,2.3920461494173617
8315,2.0285664781941635
8317,1.07785667929168
8318,0.4281530320897303
832,2.2780708215921033
8320,0.1304583976107058
8321,2.3847115804948147
8322,2.143583220022239
8323,2.393660229746261
8324,2.75483896467825
8325,2.1576777984874917
83259,0.0183253569229505
8326,0.2648467394595812
8328,0.0344662129356738
8329,0.7898000003111212
833,1.6611243217616556
8330,0.0
8331,0.0
8332,0.0
8333,0.0608283430685188
8334,2.828024497832205
8335,0.0
8336,0.0
8338,0.7355471904111105
8339,1.5786061307571635
83394,0.7662843762212245
834,2.1244672577348243
8340,0.1600115535070715
83401,0.3047877429779049
8341,0.4910299161724296
83416,0.1283187873796772
83417,0.0
8342,0.0
8343,0.247021015259454
83439,2.354172467581167
8344,0.4296125514780102
83440,2.1153166660724634
83442,2.833750320779105
83443,2.9856219733604856
83444,0.5278732102663799
83445,0.1188016023173223
83446,0.0366616595234452
83447,0.0234025367070836
83448,1.4314839238397132
83449,0.2504037178358816
8345,0.7859385828498899
83450,1.4124984138321284
83451,2.401962774054991
83452,1.913163523515803
8346,0.0
83460,0.4565785721608359
83461,0.4881170488981507
83463,0.5432251812644078
83464,2.1922214471377286
83468,2.177187055695037
8347,1.451587710866142
83473,0.8606873602652987
83475,1.3480184788412697
83478,1.413559751033342
83479,1.9144528829710776
8348,0.0873244225138922
83480,2.0667101384000843
83481,1.420903166820041
83482,0.010754888621307
83483,2.7138490083904383
8349,2.466394082064675
835,2.1074315778668207
8350,0.2216577078869951
8351,0.0
8352,0.0
8353,1.3172487164646791
83538,1.0458189716725492
83539,1.4451919732001537
8354,0.0
83540,0.4279095011446019
83541,2.0667754927340702
83543,2.347981900271738
83544,1.612476200728827
83546,0.015877463426456
83547,1.5603047655388833
83548,2.0384029686385747
83549,2.3373183317896293
8355,0.218469638822162
83550,0.0105493414072734
83551,0.0
83552,0.0
8356,0.0947954893080635
8357,1.1044941456486264
8358,0.0
8359,0.0
83590,2.1505711392182705
83591,1.334944872101444
83592,0.8326048707570518
83593,1.68332204567819
83594,2.098662670016333
83595,1.567073306121861
83596,1.8755668645336523
83597,0.0
83598,0.0366616595234452
836,2.1631800873698652
8360,0.1901843659990476
83604,2.45291722528612
83605,1.8112210313210235
83606,2.583823018259004
83607,2.2031331723586476
83608,2.0159423056586623
8361,0.1910112164811311
8362,0.597590783288638
8363,0.4220408132841297
83636,1.8429631510167024
83637,2.3377446395053263
83638,2.558615207434183
83639,0.1014623682252616
8364,0.3425037863712844
83640,1.5657923657120258
83641,2.2699690161606942
83642,1.958938864937943
83643,1.9549400555742835
83648,1.226222733421528
8365,1.4387836677562695
83650,0.031262604438497
83655,0.0
83656,0.0
83657,1.5039833462975885
83658,1.4100960469833903
83659,0.1803629550107937
8366,0.0
83660,1.602277269182548
83661,0.3046445817346442
83666,2.0470646165249606
83667,1.925408773444005
8367,0.2265741713124618
8368,0.0
8369,0.0
83690,2.402912637560118
83692,2.132636889544421
83693,2.2445711974106044
83694,0.931745772719109
83695,2.250324340089845
83696,1.8595562299398865
83697,0.0681558255976688
83698,0.1311703628083161
83699,2.3120510979782227
837,2.026521854301458
8370,0.1468535609837009
83700,1.9216179556888424
83706,1.451404802510258
83707,2.0709612169239606
83714,1.558051401645623
83715,1.0707836382718734
83716,1.7037355508713845
83719,2.393116206152978
8372,1.2273114392430753
83723,0.2916510273594812
83729,0.0278454019696254
83732,2.1208706056106337
83733,0.3137541020320343
83734,1.1039269093613977
83737,2.008248751147544
83740,0.0
83741,0.0
83742,2.5663412575129496
83743,2.0776255688921332
83744,1.4206357829965202
83746,1.9444905880422616
83752,2.367244813069465
83755,0.0
83756,0.2355356536201727
83757,0.055972413796195
83758,1.0905017619688722
83759,1.9765667494192936
83786,2.2912351376078637
83787,2.1887181263379203
8379,0.0406387916047836
83795,0.0215782561623971
838,0.1016467951358945
8382,1.7537496713463625
8383,0.0
83844,0.0103437444480222
83849,0.211088440665768
83850,0.7848415956739772
83851,0.0546076972506679
83852,1.8186034173215255
83853,0.3120541937650887
83854,0.0933066477599419
83855,1.7606201796525445
83856,0.8350489558731066
83857,1.9943518456746625
83858,1.099104871725307
8386,0.0
83860,1.780383672749682
83861,1.89941472682408
83862,2.392791830896952
83863,0.0
83867,0.0
83868,0.0
83869,0.0
8387,0.0
83871,2.495830315663121
83872,1.0919296210473872
83873,0.1113630007312303
83874,1.4669161193638258
83875,0.3475313893869511
83876,0.2974527156189422
83877,2.250046130343221
83878,0.9085178078510132
83879,1.094863566876436
8388,0.0
83880,0.0
83881,0.2684540003248531
83882,0.982473616482372
83884,0.0586952005206574
83886,0.4173618877839998
83887,0.085446105720894
83888,0.621653361651217
83889,0.0276439590910099
8389,0.0
83890,0.1956259512388426
83891,1.7919329245665114
83892,2.285883034464739
83893,0.0
83894,0.0621829736100838
83895,0.0696903035798559
83896,0.1586364724369398
83897,0.0
83899,0.0
839,2.279925166126086
8390,0.0
83900,0.0
83901,0.0
83902,0.052263005646635
83903,0.3362070031462806
8391,0.0422244019181622
8392,0.0
83930,2.0426571849240553
83931,2.3286430002861787
83932,1.5931295587625145
83933,0.12867577671514
83937,1.3415083169396886
83938,0.5973015941884212
83939,2.5061661753401827
8394,2.3542195145221294
83940,1.810626880411507
83941,1.8478284401406533
83942,0.0175101773978301
83943,1.8309366130968023
8395,1.5350842421083808
83953,0.0
83955,0.2986078890717505
83957,0.0278454019696254
83959,1.45400492606473
8396,2.5153335021391765
8398,1.3458855475180862
83982,2.2159967225469104
83983,0.7102427104826377
83985,0.2689037468752279
83986,2.3826530119442717
83987,2.524393639897504
83988,2.402342262659974
83989,2.089426194945581
8399,0.2457873478540869
83990,0.4242469753612539
83992,1.215466700629234
83998,0.0370602183099194
83999,1.7858602847679323
840,2.2889084412466714
84000,2.1366617094840663
84002,1.1787564821208474
8402,2.532408594863888
8403,0.0
84033,1.2158250501957266
84034,1.2169344596183254
8404,3.135246158228699
8405,2.32179017475688
84055,0.2278380276741225
84056,1.696785822430295
84057,0.0
84058,1.823254706070876
84059,0.8146735361495486
8406,2.313608435641054
84060,1.469458473553332
84061,2.5297572162308626
84062,1.9947411021637584
84063,0.095353116336939
84064,0.2450153285415904
84065,2.2252773444998897
84066,0.010754888621307
84067,2.223975903781454
84068,1.3522583576084606
84069,1.1383278912490078
8407,3.1747064943691905
84070,0.2279958687871773
84071,0.8777119797982087
84072,0.051871586053616
84073,0.2778450164077647
84074,1.0335461509295878
84075,0.0
84076,0.0
84077,0.1687234043797212
84078,1.9414845835347163
84079,1.9712350249332575
8408,2.078924049299721
84080,1.935510414598828
84081,2.137979857636993
84083,0.8198277692438519
84084,1.1292925127772009
84085,1.782205885508194
84086,0.0
8409,2.5945030620997773
841,1.7620490654398866
84100,1.521878187061531
84101,0.6299846604824868
84102,1.5243081900842188
84103,0.0
84105,1.4610523130894648
84106,0.8266598699462594
84107,0.2358482648106615
84108,1.5162202686791433
84109,0.3124795204068381
8411,1.73790816228528
8412,1.8921715862796036
84124,1.6193889929038603
84125,0.553759063748244
84126,1.6851232180057747
84128,2.134046900584172
84129,0.1555340154263538
84131,1.3269005518867203
84132,1.6313756228032614
84133,1.6225510540075547
84134,1.710209312000316
84135,1.8014099789090934
84138,0.9278365018237305
84140,0.9990626577910412
84141,1.2384253574752997
84142,1.1425885358349877
84144,1.4494572441511355
84146,2.1642993729099373
84148,2.038643848357705
84152,2.214299873708034
84153,1.68856566584146
84154,2.140859168325298
84159,2.3972820428319146
8416,2.3735026478926047
84162,2.03984007623224
84163,0.8611429649039495
84164,2.1984160462211717
84166,1.16389775572826
84167,1.2753106673770025
84168,2.646616775959448
8417,1.8880686358578749
84171,1.789077625614958
84172,1.8311551639960335
84173,1.7467076244646662
84174,0.7440079326246638
84179,1.7833867174016111
84181,2.109661263327319
84182,0.2021728243568805
84186,2.0422444024657262
84187,2.2054363526771676
84188,2.2643731816689012
84189,2.0756160427863932
8419,0.0814877748095437
84190,1.4735210931701657
84191,2.23576646706904
84193,2.328851876367101
84196,2.048909139256426
84197,1.5578861002345663
842,1.7759466662655956
8420,1.5326307449284964
84203,0.0
84206,1.1797510861755678
84210,0.0637284429094406
84214,0.6274033568914429
84215,0.4174853927184002
84216,1.5150164125635637
84217,1.3622190162009185
84218,0.0
84219,1.5330760103505705
84220,0.0060146795562324
84221,1.3983429837643615
84223,1.6693104154414975
84224,1.436267924910687
84225,1.346868901015808
84226,0.6283263497716044
84229,0.0326656794165476
84230,1.540735299528482
84231,2.440259014414913
84232,2.6675290627942316
84233,2.36543151563878
84236,1.9948861475694168
84239,1.3494169843892223
8424,2.5387924062753786
84240,1.7360249067565992
84243,1.9351340098208147
84245,1.5721804191093467
84246,2.1638254641083146
84247,2.342894529943824
84248,2.3084151404706352
84249,1.0383490385601395
8425,2.1962207480051656
84250,1.1084059993429922
84251,0.5849491936464859
84253,1.2602286731872328
84254,1.180820230932201
84255,1.820064420152393
84256,1.7663306285882197
84258,0.6156677877259357
84259,1.3752444078242565
84260,1.3903801944237837
84261,1.9381733856204175
84262,2.23959383578812
84263,2.430822701421023
84264,0.2772520909716023
84265,2.154236400869302
84266,2.526747480478779
84267,2.146932973878822
84268,1.7202733283066192
84269,1.801463284274577
8427,2.103906122391949
84270,2.0748975881808778
84271,2.710192516097363
84272,1.955093490726004
84273,2.301664972175962
84274,2.3122253984477243
84275,1.6724605272687032
84276,0.0
84277,2.020092483003926
84279,2.1933393467952857
8428,1.8991624788616688
84280,2.154855688772495
84281,1.3141213297946333
84282,2.279451443674152
84283,1.836219078071747
84284,1.618389320773459
84285,2.1491255596428473
84286,1.971795304818549
84287,2.323868334778639
84288,1.0006240884408286
84289,1.74985825172439
84290,0.2240404280203549
84292,0.8147434612114329
84293,2.2955858341576145
84294,1.974730511919336
84295,1.8438887946348963
84296,0.5805200285020452
84298,1.4708457169139957
84299,2.2590694673815057
843,1.333996385965034
84300,1.7957535627603392
84301,2.0144736215710495
84302,1.4512447025984343
84303,1.7657282055624988
84304,1.5590053502138546
84305,2.2119216484890294
84306,1.2986941015684
84307,1.863036943356332
84309,2.239560450197817
8431,0.0
84310,2.1488565677206477
84311,2.634287743316225
84312,1.5281943384277377
84313,2.5410597170028297
84314,1.7517544521825297
84315,1.2521082683930316
84316,2.2290315168359083
84317,2.2825948779786636
84318,1.4798876897428632
84319,1.6076278730476572
84320,1.7118786403986743
84321,1.3406852679578125
84322,0.0
84324,0.0374585887741673
84326,2.338143169912043
84327,1.559261855008922
84328,2.2707790368807546
84329,0.8061566621811633
8433,0.0
84330,1.6756171850098005
84331,1.3726066984801122
84332,0.0986910213962365
84333,2.2369259652432207
84334,1.511042570107487
84335,2.05680193217235
84336,2.3475498299053914
84337,2.247267600785786
8434,1.830857111582478
84340,1.985099021391341
84342,1.2191822240455743
84343,1.844639357676931
8435,0.1853718320962182
8436,2.2785138424641036
84364,2.4630370817010467
84365,2.2848877865098443
84366,0.0
8437,0.8547347566178427
84376,1.6877906562337888
8438,0.2904854940046766
8439,1.9191212064219705
844,0.8196196076888945
8440,2.3979989053810966
84417,2.6558484752191465
84418,2.506244712569569
84419,1.6721594163436604
8443,2.429248530629885
84432,0.0
84433,0.8742158364652001
84435,0.0066344685557293
84436,1.7632983769071555
84437,1.7620022918249325
84439,0.6000921248908186
8444,1.9002963511927011
84440,1.6983712028463769
84441,2.3246122803739944
84443,0.2531606609068825
84444,1.302249512549083
84445,2.203986628624392
84446,1.1348218728803108
84447,2.3365783835578866
84448,0.7519013750732291
84449,1.358059868064042
8445,1.6901254360131128
84450,2.136499967967622
84451,1.1819254157920798
84455,1.3966124910793631
84456,1.3812157322954992
84457,0.7295285867899959
84458,1.4302926992956728
8446,2.1204008541284147
84460,1.881813208066892
84461,1.5178207631420162
84464,1.135648754901029
84465,0.0873244225138922
84466,1.225589591772818
84467,0.3265249991591786
8447,1.4607831009728125
8448,0.5400973019034722
8449,2.2293241470541085
84498,2.297352725884223
845,1.053243651012561
8450,2.3319184093278733
84501,1.0183968151787424
84502,0.481463755983178
84503,1.1478699492788016
84504,0.0
8451,2.3196880818139944
84513,2.2410828085781347
84514,2.210000553041705
84515,0.7982446212121859
84516,2.0168519092898096
84517,1.2769144654285025
84518,2.0631472430433675
84519,0.6950106753009021
8452,2.0711011825158594
84520,2.2670844638559275
84522,2.531801313778648
84524,1.4305073280503138
84525,0.9338941291980392
84527,1.6925028764173558
84528,0.0296562306312831
84529,0.9666853352349865
8453,2.074135025604075
84530,0.0
84532,2.016777229588962
84536,1.2077418737776662
84539,0.0
8454,2.4609627197379247
84541,0.6227699692362488
84542,1.0381049285149615
84545,2.283711152879645
84546,0.0
84547,1.6787517970485168
84548,1.6014576150189292
84549,1.860759816215695
8455,2.356481282254094
84552,1.9229040771843773
84553,1.2395244568332109
84557,2.2697982334695985
8456,0.5906172807428398
84560,0.0
84561,1.5145541391417725
84569,0.0
84570,0.4605518388321173
84572,2.220105121280473
8458,1.389346987057038
8459,1.9445206074755883
846,0.0035309985040075
8460,1.723658367386648
84612,2.181816996500052
84614,1.2311224439462298
84616,0.0
84617,2.421278172697638
84618,0.0
84619,0.5983613740455903
8462,2.0502780300876076
84620,0.8985382576525999
84622,1.693256058889568
84623,0.1380798037091699
84624,0.8526283034909089
84626,1.5742078759769895
84627,0.929239664593846
84628,0.1477257762004251
84629,2.141905267421443
8463,2.318998338909497
84630,0.1027524940253784
84631,0.0318642078034075
84632,2.306696353009158
84634,0.0254249141756302
84636,0.6099147231465402
84639,0.0
8464,1.3102536649503238
84640,1.935164750184772
84641,2.445089502456413
84643,0.0
84645,1.370223864017073
84647,0.0270393423001977
84648,0.0
84649,1.0576541613358172
84650,2.4986600815390436
84651,0.0538268611423806
84654,0.0
84656,2.4869940925257343
84657,0.8620532001674555
84658,0.0863857947605423
84659,1.442102930322838
84660,0.188196455857058
84661,2.2954108777810323
84662,1.4981323079240247
84664,0.0
84665,0.0428182367483027
84666,0.0
84667,0.0
84668,1.9381505055676789
84669,1.9200882607162837
8467,2.4673549468253064
84671,1.606088838218811
84673,0.0
84674,1.491050914475033
84675,0.0408371562480633
84676,0.0326656794165476
84677,0.0
84678,1.305052539268623
84679,2.091936638438321
8468,0.0179178651438874
84680,1.5649063075220977
84681,0.1773426538726067
84684,0.0146508621545966
84687,2.0984829152455675
84688,0.3426401014997515
84689,1.0003641298883623
84690,0.0
84691,0.1117274208851172
84692,0.1014623682252616
84693,2.2185991152071187
84694,0.0
84695,0.7906711391858438
84696,0.841856918888491
84698,1.127283779443382
84699,0.0
847,2.670540214289067
8470,2.1126465600484305
84700,0.0639214260144302
84701,1.610378752153626
84705,1.5274900955778448
84706,1.873304897472213
84707,2.384294964374875
84708,1.7394877711382442
84709,1.056661112658847
8471,0.0633423431029015
84717,1.973756898170694
84720,2.036635711166956
84722,1.2898256375812265
84725,1.3189979319731409
84727,1.5485362137456875
8473,2.5291403584568335
84733,0.9288307356546456
84734,1.5980801612046946
84735,0.0750388739578922
84740,0.0807316672117631
84747,2.3465008249155552
84749,1.9474737932784336
84750,1.4356311123369176
84752,1.7386493174785351
84759,2.0347532883797346
8476,1.9242887476056412
84765,1.4366213607077658
84766,1.188586387112038
84767,0.0
84769,2.067792440277872
8477,0.728891896807043
84775,1.7437657629474663
84779,0.0156731530012164
84787,1.3237126254588412
8479,1.7377226762615896
84790,2.08601569762325
84791,1.1675419232093016
84792,2.12863510940698
84793,0.7541286175514763
84795,1.585776995054661
8480,1.9970749305801492
84803,1.209157720070564
84804,1.5708239189725013
84807,1.3622462689354429
84808,0.1801954562545614
8481,2.306914423263121
84811,2.267594601820119
84812,0.7904534628731016
84814,0.5699762012951282
84815,0.2265741713124618
84816,1.4516334274646352
84817,1.9923929817825323
84818,2.1827206687511924
8482,1.0003121247594322
84823,1.8595840448420673
84824,0.1661707857688191
84826,0.0
8483,1.4063835288876598
84830,1.3529801578354612
84833,2.641713979773534
84836,2.586651751269448
84838,1.8586744483591753
84839,0.1003549427233438
8484,0.0
84842,0.4905825374804504
84844,2.499447317385648
84847,0.035464851664874
84850,0.0
84851,1.356353763113164
84852,0.9127894702242866
84856,0.6626955441799796
84858,1.6434084463712868
84859,1.6723171662674714
84861,1.8202479617765424
84864,1.7432531558715216
84865,1.043016631049631
84866,2.310399998457655
84867,0.2367853608332744
84868,1.540144586649279
84869,2.0840465317996792
8487,1.601239912943191
84870,0.9092418271994328
84871,0.3269424455108905
84872,1.1700750216324467
84873,0.0207662015448037
84874,1.582911338984701
84875,1.8541148009211632
84878,1.874343564272752
84879,1.0827665415259828
8488,0.1898533880244812
84881,2.0197529977439608
84883,1.554327379812181
84885,2.1530288740838235
84886,2.473071995552147
84888,2.075153199462135
84889,1.4223833681030895
8489,0.1661707857688191
84890,2.239560450197817
84891,0.0
84892,2.2625169484150653
84893,2.1959970349539732
84894,0.4389104136592731
84895,1.613146033692893
84896,2.3348110064929672
84897,1.7936412715722931
84898,2.3472037512598045
84899,1.8008552039349923
8490,2.549003365475775
84900,0.3950479725611193
84901,2.0837242395940843
84902,1.7112747309558365
84904,0.4087905456075128
84905,1.1713955065233594
84908,2.26140511073958
84909,1.529268277938858
8491,2.103260980702391
84910,2.413503588855043
84911,0.5940157939310826
84912,1.565322419180611
84913,1.0595410751530625
84914,1.7117211784889206
84915,1.2993702286954487
84916,2.1230422506456774
84918,0.4730326961733743
84919,2.4720316220641876
8492,0.6500287004219638
84920,1.0482722128126816
84922,1.602561301561647
84923,1.965729514457275
84924,1.3664802417300017
84925,1.9418927566415172
84926,2.5710962993113986
84928,2.013677535317189
84929,0.0105493414072734
8493,1.8305190606543744
84930,1.3807163768732915
84931,0.1069773613093653
84932,2.091590693301656
84933,0.6574090966204139
84934,2.0751372289579555
84935,1.5926520706132483
84936,1.9786350477044008
84937,1.4503976046812166
84938,1.9200164118379313
84939,1.808745083998225
84940,0.459035170531353
84941,1.3879747702930942
84942,0.7276167027830283
84944,0.1382562046163831
84945,1.9916159359242829
84946,2.0808369935161917
84947,1.327658134248633
84948,1.226820032406163
8495,1.946422163202417
84950,2.3218942708708186
84951,2.6227508425313504
84952,2.2097491798408253
84954,1.5342742372072902
84955,1.4280694915335128
84957,0.3556147916337492
84958,1.9234506090783157
84959,0.893055513382574
8496,2.0413533347524884
84960,0.4774881566344699
84961,1.6625039095006011
84962,2.139306521069448
84964,0.2189486615675671
84966,1.3958982271547795
84967,2.2713655241451667
84968,0.3537362857810169
84969,0.7948654066710664
8497,0.3133294743166249
84970,0.0
84971,1.8022088537072345
84973,1.8255057183818504
84975,2.3424896772616792
84976,1.190426838660663
84978,0.6426589910436257
8498,2.0756532577555618
84981,2.0321330273710405
84983,0.4285181796048409
84984,1.410021565356524
84985,0.2557556363801945
84986,2.180181275172143
84987,2.4185898579626266
84988,1.364991441112527
84989,0.5087036960968921
8499,0.1384325675089229
84991,2.2177385992548304
84992,0.0
84993,2.5416502841831043
8500,1.86269663982529
85001,0.3751954852871808
85002,0.815512140849427
85003,0.2114107827647142
85004,2.6272044215317027
85007,1.6028117742600432
8501,1.6693681498995483
85012,2.348080234412473
85013,2.35827683088108
85014,2.2130785405769795
85015,1.254717355531616
85016,1.015665284550287
85019,2.044141756860109
8502,2.4974929064827527
85021,1.949094194882354
85025,2.431417805408598
85026,1.490586419978451
85027,2.163546640230153
85028,1.3339388468501807
8503,2.2753251736353377
8504,2.0897230407021365
8505,1.877763130763905
8506,0.891816846563413
8507,2.200414021745105
8508,2.434684757407521
8509,0.0959103684817372
8510,0.0
8513,0.0181216355189445
8514,0.6567896932529879
8515,1.4683105061425643
8516,0.7072893517325806
8517,1.049662679627705
8518,1.5456611328872043
8519,2.660811183890439
8520,2.1623873604146873
8521,0.1677033206330719
8522,1.6631043273947814
85235,0.1697422064994797
85236,2.5192443017489503
8525,1.9158510576522003
8526,1.1305027212625849
8527,1.9900704624121583
8528,1.6044282450543834
85280,0.0
85285,0.0
85289,0.0
8529,0.0138321417599086
85290,0.0
85291,0.0
85293,0.0
85294,0.0
8530,1.2804897253375382
85300,0.0080788886488122
85301,1.468443100056971
85302,0.805093053459449
8531,2.5605996627491923
85313,2.3674546717367213
85315,1.4503059402323428
8532,0.0246165431357565
85320,2.0750413913737935
85329,0.3082157229395512
8533,2.424253203700194
8534,0.7654557629061133
85343,0.0
85345,0.0
8535,2.119798674992435
85352,0.2616767677010045
85354,0.0
85358,1.5926861931130198
85359,2.5624294278219044
8536,0.2683040276188064
85360,1.673176647192401
85363,1.9668723128530643
85364,2.2614332646954884
85365,2.4568075324858354
85366,0.0
85369,1.90679394290796
8537,1.5255874071722966
85376,0.1423029624369139
85377,2.1603556814494405
85378,2.018825578717055
85379,2.2902100936205265
8538,2.415180011785123
85388,0.0
85389,0.0
8539,2.5517004830188506
85390,0.0
85391,1.6501444648436303
85395,1.806570564073924
85397,0.0191397532419228
8540,1.917027220300632
85403,1.862300796526661
85406,1.9304801303876848
85407,0.3980954554791694
85409,1.236841526278994
8541,0.9954035704206916
85413,0.1227655164757016
85414,1.1606650052289746
85415,2.1959628964955344
85416,0.0274424681999785
85417,0.4605518388321173
8542,2.0660232192804076
8543,2.19867583632106
85437,1.947689737332729
85438,0.0
85439,1.6146780946118926
8544,1.538999195243732
85440,1.5091552124614886
85441,1.3913855686225778
85442,0.3454971413353746
85443,0.1673630074226078
85444,1.8855188855787737
85445,0.015877463426456
85446,0.8312430367889719
85449,1.2925701021876312
8545,2.4700948750580696
85450,1.6851371522671428
85451,1.9572788743213163
85452,0.0442022240997431
85453,2.3376728017923587
85455,0.4242469753612539
85456,2.5475591917662346
85457,2.2558946804285624
85458,2.258555572121806
85459,1.1486781428959791
8546,2.3009941418093223
85460,1.45409591232562
85461,1.883381765458558
85462,1.452341498749645
85463,1.2571146794287535
85464,1.3231843196773616
85465,1.9642909296995976
8547,0.5990349496949721
85474,0.3610897183286638
85476,1.977395396331221
85477,0.6747884930287541
85478,1.2505973152645875
85479,0.0567512557756906
8548,2.159463910118824
85480,1.2628319958808092
85481,0.0146508621545966
85486,0.4463134593821857
85487,0.098876066768446
8549,0.6090618971896278
85495,0.0
8550,1.5573714605832765
85508,0.0
85509,0.0
8551,0.0
8552,1.3848281441524315
8553,2.988008669403599
8554,1.833186161180346
8555,1.6550870667985995
8556,1.5226104522473092
85569,0.0
8557,0.4892387561825916
8558,1.880159231865628
8559,1.6985605278954878
8560,2.6460548830627606
8562,2.5561789037232727
8563,1.719693721015764
8564,0.6525273035044903
8565,2.0913564854438498
8566,2.115407236449856
8567,2.152792881805526
8568,1.8491428570503765
8569,1.637501310166224
857,2.8729144300764404
8570,2.539553139361882
8572,2.424209993835247
8573,1.723786076718918
8574,2.6840768140361972
8575,1.6694547377057742
8576,2.1630675456045365
8577,0.0
8578,1.3578400399588804
858,2.3849911492823908
8581,0.6853142578759255
85824,0.5414543892849614
8585,0.0
85865,1.6071650449540742
8587,0.1338347400317799
859,0.0637284429094406
8590,0.0
8591,0.0
8594,0.0
8596,0.1687234043797212
86,2.264097111629751
860,1.016273366042996
8600,0.0752292615879394
8601,0.2426947461122555
8602,2.0600713466471134
8603,1.8845781966012976
8604,1.9885991642471932
8605,1.1525014490898082
8607,1.959834788281435
8608,0.3881458297714268
8609,1.87729286512346
861,2.3480058870076297
8611,2.537704512959036
8612,2.3009608416186262
8613,2.302933559038577
8614,3.0157662637517837
8615,2.529153552980639
8618,0.0203598820990786
862,1.0560929059384057
8620,0.0
8621,1.615799468110832
8622,0.5180007204291467
8623,1.0843726348259572
8624,2.2130316179215757
8625,2.1949029278898564
8626,2.525113046250755
8629,1.5758730968659265
863,1.2743782720690724
8630,0.4840646055302309
8631,1.638460255584901
8632,0.280359957267272
8633,1.4856397700592991
8634,2.125914400176596
8635,1.0620788751907424
8636,2.51169326059263
8637,0.6958473494174554
8638,0.9549774057697664
8639,2.192171593576103
864,1.915746162529578
8641,0.3499653826091219
8642,1.670175655725351
8643,1.2591043968066973
8644,1.9419380831088184
8645,1.5043941988703085
8646,0.8715330386717132
8647,0.0164900995891271
8648,2.3295793362191257
8649,2.4056091336468604
865,2.193809163850228
8650,2.1523676981822923
8651,0.8818191010589557
8653,0.0
8654,1.9848013905318909
8655,2.8123184392083513
8658,1.9363847466114188
8659,2.2588614822989457
866,2.163525823604129
8660,1.8732331676062108
8661,2.647889709971364
86614,0.0
8662,2.473429683238634
8663,1.153503319724338
8664,2.945365364787212
8665,2.3310976221325768
8666,2.64450711916395
8667,2.7712363727273046
8668,2.5233885704725045
8669,2.550233160564967
867,1.8631840141400569
8671,0.2836026451269165
8672,2.108506846240889
8673,3.025799795581676
8674,1.9653241153444585
8675,2.341825193264447
8676,0.904277623485986
8677,2.3246974147015127
8678,2.1539883812751786
86781,0.8821339338758235
868,1.5967290532027998
8681,0.6332894739246437
8682,2.889758787862736
8683,2.1532518492004145
8685,0.8574235593871435
8686,0.1517259986918346
8687,0.015877463426456
8688,0.2162303931243751
8689,0.0449920531388688
869,0.1780148076809264
8690,1.9177585571319824
8692,2.048016658135688
8693,0.0616026860516921
8694,1.9825686107196012
8697,2.172859904849359
8698,0.4753209226328496
87,2.781904073395436
8701,0.0835635353418218
8702,1.5366617469971575
8703,2.2817103132365624
8704,2.060342963606765
8705,1.6836996362233827
8706,1.7082030418090264
8707,0.275916367201021
8708,1.10160856799329
871,2.352573439283909
8710,0.1071605621244834
8711,2.160032044522988
8712,0.0
8714,1.8345083985849504
8715,0.2065619740916918
8717,2.00485375362719
87178,2.0082105580737006
8718,1.1199851054775096
8720,2.587676740024872
8721,3.008419067042792
8722,2.5403118600706636
8723,2.403949913759477
8724,2.8836127610686377
8725,2.4009816194913056
8726,1.6213016650879333
8727,2.145800929946668
8728,0.7739188487381535
8729,1.9228644442160936
873,2.114882565789509
8731,2.131904755131933
8732,1.7923688258517445
8733,2.6445123571411298
8735,0.0738956344925407
8736,1.2563167462863851
8737,2.020992187788168
8738,1.5680811810856723
8739,0.5473745926216265
874,1.444520047792096
8740,0.3980954554791694
8741,2.0167523330862616
8742,2.2560123330756863
8743,2.9071079819510763
8744,0.208505021189391
8745,0.5298896915328708
8747,0.2741318567637659
8748,0.1541513409448461
8749,0.0
875,0.1014623682252616
8751,2.4633987452760073
8754,1.94068212288184
8756,0.009520858735307
8760,2.2536994113317146
8761,2.210331792711073
8763,2.9322292265780185
8764,1.9385926182853148
8766,2.7024033950334374
8767,1.9025128446341752
87688,0.889581101719844
8771,0.0
8772,0.9765534268606454
8773,1.5224720008298689
8774,2.088472610842928
8775,2.2598498317424935
8776,2.12750783174902
87769,0.8911345419719473
8777,2.0165780117802594
8778,0.0
8780,2.329807917353004
8781,0.0
8784,1.164958164640542
8785,0.2273643165342819
8786,0.4393902614246022
8787,1.1951689504221683
8788,0.9444116875488404
8789,0.0316637209677261
8790,1.9070909259441828
8792,1.173486404853994
8793,1.6586629186980693
8794,0.6944243901250087
8795,2.137527574162539
8796,0.0
8797,1.7097085982575733
8798,1.5311564895057022
8799,2.514518618047213
88,0.0616026860516921
8800,2.3342656183589443
8801,2.560846598420569
8802,2.5241413571848748
8803,1.8705792791035856
8804,2.729886121692674
8805,1.919377184773193
8807,0.2380331044085317
8808,1.314837791509497
8809,0.6924944582244335
881,0.2787335645114763
8811,0.0
8812,0.9163171184314728
8813,2.601057437689038
8814,0.9304648402831024
8815,2.830606995579328
8816,2.2358339887034275
8817,0.2726416588947935
8818,2.3841944660395633
8819,1.8499314000182443
8820,0.8612080247566096
8821,2.127687513654001
8822,0.1868684534699322
8823,0.1421274322450643
8824,2.179784058802714
8825,1.7670362421346424
8826,2.6861483139324096
8828,1.5122361286648467
8829,2.0725676216819333
883,0.01208972823423575
8831,1.5325145207718769
8832,0.75924596290632
8833,2.1497192213015097
8834,2.1343680207712956
8835,1.8813124478979433
8836,1.2755033754752638
8837,1.8140758022875925
8838,1.3774983913765777
8839,1.1854171687945183
8840,0.5569300582202276
8841,2.2689368840108473
8842,2.399199515160302
8843,0.4648515317258649
8844,1.1590416760561193
88455,2.128575383776467
8846,1.873788744152732
8847,0.2528548084136774
8848,2.767742131548275
885,0.0
8850,1.8469593911569049
8851,0.856310060822891
8852,0.0
8853,1.3660205239365528
8854,0.9398358038538248
8856,0.1189821951149861
8857,1.772274559238766
8858,0.2984635860502864
8859,1.6984253039565709
886,0.1361368806434324
8861,2.585750574837727
8862,1.359650845691449
8863,1.6704493020558224
8864,2.363381594486445
8867,1.4851914726276043
8869,0.6239776146616375
887,0.094423529467826
8870,2.51443533806631
8871,1.793445759048573
8872,2.409134004942266
8874,1.9531308367061404
88745,2.3769883903820914
8875,0.3987288007645533
8876,0.4634597803827599
8877,1.935594864370718
8878,2.435417272381885
8879,2.3906101650819296
8880,2.3961974597915603
8881,2.503445799919697
8882,1.9750360001456897
8883,2.206909387309363
8884,2.4660687435183406
8886,2.29496177194113
8887,2.460889498308694
8888,2.000864091867646
889,1.1013893772897336
8890,1.993505996337421
8891,2.072717696293415
8892,1.7809546502024631
8893,2.2156709209445227
8894,2.5495703934091987
8895,2.5868596342629786
8896,2.2155777777179564
8897,1.1781818696845208
8898,1.6277522541696177
8899,2.2496640251205284
89,0.0
890,0.8745981705481338
8900,0.8851483911276488
8904,2.5593926135308815
8905,1.705615798310007
8906,1.7301119566069023
8907,1.572554554188091
8908,1.726319786605911
8909,0.571977624263334
891,1.8495325667034184
8910,1.7536781460393156
8911,0.2345970813119669
8912,0.7040752690169217
89122,2.369263130599248
8913,0.2072101800793139
8914,1.701994887133683
8915,2.075887094247017
8916,0.07342678049185045
8918,0.0
892,2.276298764036224
8924,1.81502653601586
8925,2.040979970505219
8926,0.3751954852871808
8927,0.4795354411318963
8928,0.0209692882026594
8929,0.0
8930,2.285499259870462
8932,2.3706484227309645
8933,2.780758236399636
8934,2.0779532610097924
8935,2.2095377380113668
8936,1.7551895775991864
8938,1.354227067729458
8939,2.1632550951990592
894,2.2139760506985287
8940,0.0256268862991105
8941,0.0
8942,0.9161978624231508
8943,2.342648265036128
8944,0.0
8945,2.111795445670673
896,2.310736815149235
8968,0.0828093123943021
8969,0.4772603276962321
897,0.2536192177458344
8970,1.0038900186153283
8971,2.597349414182411
8972,0.4420239027267731
8973,0.0324653828330247
8974,1.696731521233506
8975,1.7979843725126512
8976,2.531955540797482
89765,1.3876635690278325
89766,0.0788383885327216
89777,0.0646929135332517
89778,0.0
89780,0.1077099208929781
89781,1.8625954139772432
89782,1.2773626742221362
89790,1.0781761624233726
89792,0.0786488237171767
89795,0.9382262197448616
89796,1.2492844227394462
89797,2.176240796321233
898,0.598553890013179
89801,0.91625749327147
89822,1.2117982118270274
89832,0.0416301479021601
89839,0.0487336436053482
89845,1.46910553669683
89846,1.820176594044017
89848,1.5720734687961655
89849,1.3612642672267583
8985,2.1053155236863845
89853,1.4290747371189738
89857,0.3787139303793794
89858,0.0
8986,1.9032295395805183
89866,0.0725598717535938
89869,0.4213039773722466
8987,0.5696755012679477
89870,0.0
89872,0.0
89874,0.5529384542606942
89876,0.822665968587263
8988,0.0
89882,0.0
89884,0.585047305362119
89885,0.0392489295621294
89886,0.7021726115622218
89887,1.1058880575617456
8989,0.0332662841654657
89890,2.1518172066456462
89891,2.465815093402312
89894,1.6659054613623443
899,1.2269955852440773
8991,2.6596121033992977
89910,2.050881026741965
8992,2.942793349405966
89927,2.046346111762391
8993,0.0
89932,1.2815386323908602
8994,1.2028127843264471
89941,2.10520767975069
89944,1.7873066923136485
8995,0.3016320903001918
89953,1.8354629222250936
89958,1.0178413993161248
8996,2.0312295772310245
8997,1.006932648137052
89970,2.1275032233349203
89978,1.1634258233287278
8999,0.9334882530711972
9,2.2436884633567487
90,2.2702829052336697
900,2.7116498936052373
90007,2.605536189925691
9001,1.1127646879809758
90019,1.633457881960772
9002,0.833148801182599
90024,1.796109987713045
90025,0.7370434328660804
90050,0.1267104114681807
90060,1.86006587049162
90070,0.5205024691748595
90075,1.5518035754483177
901,2.4740418633089356
90102,1.7966386718755976
90113,0.18153447501312
90120,2.1213819362047337
90121,2.263789753532828
9013,1.9536444204280832
90133,1.5846501913053528
90134,0.041828279182458
90135,2.4062591789420575
90139,1.617128583211183
9014,1.6604329452841422
90141,1.2905443006314192
9015,1.2599643471412991
9016,1.625055611295623
90161,1.2794068883103793
90167,0.1313482575810238
90187,1.232271039958896
9019,2.7617067957867856
90193,0.4723448370640282
90196,2.1906071523848256
90199,0.3219181325915043
902,1.8241343477343777
9020,1.735129990669131
90203,1.7387110235121477
90204,1.953629755952278
9021,2.519271608533213
9022,1.2778424841462337
90226,0.4177323415203641
9023,1.2509670467930218
90231,2.4518642787301643
90233,1.7229169191401
9024,0.0658488120877697
90249,0.7492033622576086
9025,1.547504682708732
9026,2.0182494363404127
90268,1.5372759527460294
9027,0.0386525717956126
90271,1.1496061478873918
90273,0.7101608466540053
9028,0.7835961269890944
90288,0.5047643303506895
90293,2.461428255364757
9031,2.3589403051506546
90313,1.7005301196845524
90316,0.043016088629042
90317,1.6728903361354692
9032,0.0
90321,1.853823436165695
90324,2.3501811508737585
90326,1.5385976597342903
9033,0.1389614282421753
90332,0.9382837769581078
90333,1.7846752091989877
90338,1.8934703184704147
9034,0.8825115268206394
90342,0.3625519464706961
90353,0.7336524096644794
90355,2.0604426913159672
90362,1.8300413445121049
9037,2.240627154593129
90378,2.3063498663463617
90379,2.0750626907719396
9038,0.0
90381,0.3780635955340515
9039,2.2863273052808797
90390,1.971122871807975
904,2.115469192542364
9040,2.4866524135930144
90407,1.7052696861428884
90410,1.775754181126651
90411,2.5727066967017045
90416,1.3118461216463322
90417,1.361482650543823
90423,1.369874887748857
90427,1.6613447513942807
9043,2.090561094179004
9044,2.1120938045466575
90441,2.373290141929603
9045,2.9299516974339737
90459,1.6906212098907418
9046,1.051622960526934
9047,0.5161949222768677
9048,0.5596804694998164
90480,2.1961676766610663
90485,0.8878367007685914
90488,2.4352741719128086
9049,2.513819715147514
905,1.9986381845440897
9050,2.064163235050323
90506,1.042629061570946
90507,2.067194574897353
9051,0.4662406609873151
9052,2.216615248585877
90522,1.8594449514756628
90523,0.1051431153898577
90525,1.417024433555926
90527,0.7760734236226969
90529,1.2557508336296683
9053,2.211856457080253
9054,1.6887315643047487
9055,0.0600532833173621
90550,1.9067609312058973
90557,1.9981025570638649
9056,1.2825538026424157
9057,0.6934181523195974
90576,1.3106447102499308
9058,1.875522283089189
90580,1.938356378294854
90589,0.2060754753648871
90592,1.8675990222089187
90594,1.521759336541421
9060,2.0816328631366523
9061,2.75732589453447
90624,1.7875050515378916
90625,0.1671927972655278
90627,1.6725035266550574
9063,1.341139523969829
90634,1.9774919562947728
90637,1.7640206206891784
90639,1.4045547000160856
9064,2.127664482550472
90649,1.8896562629282436
90655,0.0
9066,2.2745021327777195
90665,0.0
90668,0.4498692440300991
90673,1.5238744538802445
90678,1.682355641211015
9068,1.368234230013123
9069,2.1879580719630627
90693,1.8286348761247957
9070,2.2356111161443364
90701,2.2317005741946505
9071,0.6093462877755772
9073,2.586309970125537
90736,1.9792602509413113
90737,0.0
9074,0.0710306629776471
9075,0.0370602183099194
9076,2.2748928815385145
9077,2.1761845816012446
90780,2.4891403469207543
9079,1.6964734998873665
90799,1.8477521135297263
908,2.7323283001869174
9080,0.4633436824747013
90806,1.9465640364343235
90809,2.0883442509943007
90826,1.822667247716416
90827,0.0
9083,0.0
90835,0.2428496632083635
9084,0.0
90843,2.7592198670484342
9085,0.0
90850,1.7625515611012168
90853,0.1133653219532496
9086,0.0211723261778742
90861,2.6829336346594013
90864,0.0272409292764164
90865,2.4938426693624014
9087,0.0
90871,2.3161133407974677
90874,1.3373514930968091
9088,0.258038258146766
909,0.2091516577938769
9091,1.7946066493477515
9092,2.062222190686501
9093,2.045395563936998
90933,1.3525638567214044
9094,1.976801712941448
9095,1.1717057595655782
90952,2.3326792353393797
90956,2.276845713048975
90957,1.7842979514576736
9096,0.8947855702559211
9097,2.301551415987374
9098,1.037469773570696
90987,1.8275543613227547
9099,1.3256744588466076
90990,0.8737694890721405
90993,1.4208059527122103
91,2.198717234060548
910,0.1416006154108587
9100,2.44106887627682
9101,1.527098403701929
91010,1.5490043543889118
91012,2.1088904439365836
91039,1.8865094711009969
9104,1.484379225114773
91050,1.6496020022097424
91056,1.8502065599698916
91057,2.0984029956972696
9107,2.223163911277247
91074,2.2189505202663113
9108,0.4399896360605486
911,0.7730997529864704
9110,2.101189774020947
91107,2.281395294627543
9111,1.944235330315201
9112,1.9297952220975791
91120,1.2575795995677257
9113,2.0658267219944144
91133,1.0118507728291584
91137,2.0650178009703595
9114,2.3217042702067294
91147,1.4068834323054176
91149,0.0082850342053478
91151,0.8192725233010071
91156,0.0278454019696254
9117,2.231580951033677
91179,1.0467341105162218
9118,0.0260306859239784
91181,0.0497155105434259
9119,0.0936791088254262
912,0.4779436025130317
9120,1.6608449564690322
9121,1.9314354651727283
9122,2.174913321483933
91227,0.0
9123,0.6815675393162742
9124,3.027957508463171
9125,2.193274362512906
91252,2.091035478384646
9126,2.3410931519572604
9127,0.1263525663569857
91272,2.4672620949523836
9128,2.2216854627528706
91283,1.6466068317716804
91289,2.4090116283590097
9129,2.151451171724638
91298,1.6878045075026409
913,0.4523481818008428
9130,2.243388202129695
91300,2.4875347840821296
91304,2.284199250201539
9131,1.6291419683965618
91316,0.5962402170589863
91319,0.4031473746814073
9132,0.6617293962509779
9133,1.0896970507469077
9134,0.4419043939917974
9135,2.662293539860848
91351,1.0953954256175094
91353,0.0
9136,2.1793147603159064
91368,2.236282665044002
91369,2.282609551742971
91370,0.1020155256679961
91373,1.4634463482574285
9138,1.9652173611443593
91380,0.0
9139,1.901803224658109
91392,1.7773819080595852
914,1.8496940457035815
9140,1.8205536856878184
91404,1.94084123080479
91408,2.204157066125237
91409,1.027760981309224
9141,2.3125630069894743
91419,1.4253789862278194
9143,0.2774003643749096
91433,1.2405528612480845
9144,2.74272612703202
91442,1.27001646352289
91445,2.400935013167659
9145,2.1471947085646796
91452,1.6428119803077363
9146,1.7613117901630548
91461,0.8876495147378523
91464,0.0126025784990239
9147,1.7470346153403715
9148,0.4025177347293569
9149,2.014342100396385
915,1.7324967676955842
9150,1.6846491943874164
9152,0.0
91522,1.0307841732941156
91523,1.8048609008469167
91526,1.0607643419707709
9153,0.1014623682252616
9154,0.1270681007161791
91543,0.9079742440994176
91544,1.8324145597952772
91548,0.0670031148207685
9156,0.376761251866168
91561,1.7379452500140666
91574,1.6181309886919797
9158,2.3465345622643725
91582,2.067308787585252
91584,0.3832507283333926
9159,1.0403956193416244
916,1.6662979795076929
91603,2.13752309323597
91607,1.642138106052058
91608,0.5709776172174932
91612,2.2393500450280572
91614,0.4251031720970188
9162,0.964041472891738
91624,1.9313190842513936
91646,0.8221131482665073
91647,1.3978854827716138
91653,2.012753992606586
9166,2.121485052336597
91661,1.1999816714784692
91662,0.074848442848116
91663,2.8924574380468564
91664,1.5740481305033491
9167,2.450082165571786
9168,3.508543359306067
91683,1.7091017104518162
91687,0.9690441465100867
91689,2.6131439525921603
9169,2.2408068289203773
91694,1.9964714706776472
917,0.7698880527739679
9170,2.007700950756991
91703,1.1493238718897605
9172,0.4338532430477267
9173,0.0508922379282558
91734,0.0310619747051902
91746,2.3689624408221106
91748,1.9159962515454647
91749,0.8853989490387146
9175,1.7503631160226223
91750,1.7460529022861826
91752,0.1477257762004251
91754,2.1496586007958607
91768,1.9697393240597312
9177,0.0
91775,1.8290143919979005
91782,2.199915612148923
9179,1.785085374955099
9180,2.19484584813811
91801,1.6243072684870723
91807,0.0696903035798559
9181,2.1695196882879695
9182,1.4062834891955085
91828,0.1259945652633729
9183,2.099520273461715
91833,1.8407564144018944
9184,2.326226001946317
9185,1.7695599980600951
91851,2.0421745914134464
91860,0.0084911297831118
91862,1.8210627295936364
91869,1.7202475842123313
9187,1.6170476490851955
91875,1.4832226615498387
9188,2.5172246849988307
9189,1.173645153081914
91893,1.0875906083484548
91894,0.0465694896604753
919,0.9522825722769154
9191,2.167220120563267
91937,0.2007044229568114
9194,0.8209368375748937
91942,1.4191016713007254
91947,2.2487263506846955
91948,0.0183253569229505
91949,2.098053140967693
9196,0.4812371584065218
91966,1.7659020681272777
9197,1.554512425934843
91975,1.4405862798791709
91977,0.5440569859799346
91978,0.3503702974355756
92,1.824477612907669
920,1.9971339136787185
9200,1.1800949620285024
92002,2.127692119696945
9201,1.0771714852293497
92014,1.569768149496949
92017,1.6318774826686144
9202,2.307592233826318
9203,2.2021211286795603
9204,1.3196191401247688
9205,1.8395026380750432
9207,0.380531908022198
92070,1.492504884119449
9208,2.3290911530351375
92086,0.0
9209,1.850718437937524
92092,1.55913361995595
921,0.7110608039566944
9210,0.0
92104,1.8686250896903829
92105,1.7821835741870036
92106,1.3674793947188444
9211,0.0219839916622789
9212,0.753438201883831
92126,1.1750302259270946
92129,0.0
9213,2.0056428605189622
9214,1.2938750122496063
92140,2.391386461401451
9215,1.5538459224295162
92154,1.6707515597629214
92162,1.852174755796641
9217,2.240976433523681
92170,0.6207214891116375
9218,2.442349546678187
92181,2.432178357382321
9219,2.4962605113635665
92196,1.3649101105728385
922,0.0340664262320136
9221,2.6142961852422113
92211,0.2523958075722266
9223,2.0645359808500072
92235,0.1040406105580704
92241,1.7378463423859336
92249,1.7560085375376453
92255,1.815294831641443
92259,2.2326424121156263
9227,1.124847141231391
9228,0.1692329654664143
92283,1.5176409717935089
92285,1.5613818575778735
9229,0.8397749891442323
92291,1.6008377334159447
92292,0.4408279496398549
92293,0.658204655273234
923,0.7548183172902225
9230,2.6705655676427025
92304,2.1701494327749176
92305,2.243497118999
9231,2.120461956554049
92312,1.667473487382461
9232,1.1199851054775096
92335,0.5150058414852697
92340,0.6720233312132253
92342,2.0330521974630265
92344,1.6706220456095149
92345,1.6631189617649955
92346,0.0246165431357565
9235,1.7374999887341405
92359,2.054658741503774
9236,1.461321379184269
92369,0.0654636900743731
92370,1.3543654290710254
9238,2.0273035076260855
92399,1.6108547889866738
924,0.9733542216433912
9240,2.4498094472066696
92400,2.250165853494906
9241,0.5373754145181554
9242,0.8161403850225702
92421,2.3694918215651786
92427,0.25712600164172
9244,1.7927281075215369
9245,0.045189394581304
9246,2.605643889006392
9247,0.0493229014588557
9248,0.0
92482,1.3276872502790031
92483,0.0931203544834532
9249,2.2837491744244818
925,1.6343785683236025
92507,0.1946393048600189
9252,1.2398674731579664
92521,0.7916860080034431
9253,1.4323161049088249
9254,1.4569987199156396
9255,2.0781169975403313
92552,0.0
92558,1.04461268764618
9256,1.6689205140750183
92565,1.6471225586797662
92579,2.317461465579245
9258,1.364693166681749
92591,0.6560811215439633
92595,1.6263107258999006
92597,2.088908697365099
926,0.6338387525594826
9260,2.258729060720133
92609,1.9406669663953815
9261,2.6988326176966897
92610,2.0330343129913366
9262,2.096866127807806
9263,2.080391180959168
9265,2.0130872294917745
92659,1.4816117912884432
9266,2.082849504007081
92667,2.3368840055263713
9267,1.9505601598103055
92675,1.3380656220846114
92682,1.720710747237162
92689,2.3146904177311693
92691,0.3590912456398448
927,0.1309924294396301
9270,1.912594559092096
92703,2.220924426803985
9271,0.0
92714,2.0323242087292224
92715,1.69396698837819
92736,0.0
92737,0.4502238862543102
9274,1.6720733475945124
92745,0.9741691689366014
92747,1.5621653168305176
92749,0.3419582837407502
9275,2.3539583159332227
9276,2.2715476408559128
9277,2.346751360010812
9278,2.182633954909545
92797,0.6629588037535905
92799,2.1331770693915897
928,2.8516391063525863
92815,2.08538464551708
9282,1.9785525278068132
92822,1.0872762309367514
9283,0.1666819524291762
9284,0.7067135874122711
92840,2.668510481839206
92856,2.295594297419766
9287,0.0
9288,0.0
9289,2.483408209700124
929,2.600775928115211
9290,0.1340120576228596
92906,2.069077288714209
92912,2.470717164648178
92922,1.6413250695856558
9293,0.0268377072511832
92935,1.8604083637629385
9294,2.0043782187072305
92949,0.2909227729648978
9295,2.460816258977145
9296,2.740888441398886
92960,1.6862643864286109
92979,1.7121278401875517
9299,0.0
92999,1.6393092514185508
93,1.3142706725951372
930,0.0910683626288553
9300,0.0
9301,0.0
93010,1.1814302573604272
9302,0.0
9303,0.0
93034,0.1569143456541531
93035,0.3577560190758578
9304,0.0
93058,1.4733242241293385
9306,2.2619021478966332
9308,1.9272867829829183
93081,1.289638001487731
93082,1.1320846527144428
93099,2.0694613322395368
931,0.3476668142229261
9310,1.036882874771363
93100,1.731870446678914
93107,0.0
93109,1.5035927146589418
9311,0.4812371584065218
9312,0.0555827213422205
93129,1.675360910051769
9313,0.2076959907404222
93134,2.3842500648593665
9314,2.489846269984666
93144,0.9646483658231406
93145,1.8816375730864623
9315,0.3517184693718995
93166,0.4446482421126153
9317,2.0487605406073217
9318,2.3071976964682928
93183,1.983384497013307
93185,2.5100786573003098
9319,1.0655389499992145
93190,0.0
932,0.0
9320,2.416460257741869
9321,2.0453205694045
93210,2.3674140648321216
9322,2.1696138129868725
93233,0.4919238527063967
9324,2.7779946949578087
9325,2.2318952987533764
9326,1.7964984730609272
93273,0.7586370049415385
9328,2.3330464067012557
9329,2.0938891334115084
933,0.4210582040503606
9330,1.985031398197134
9331,1.1059750657473786
9332,0.8101826243557994
93323,1.1353594821642785
9333,0.9148845426864805
9334,2.400553793810507
93343,2.093777843544649
93349,1.4778107585086906
9337,2.432666673430226
93377,0.0
9338,2.5881905060361876
93380,2.3465080546480053
9340,0.051284114267885
93408,0.0
9341,2.7294188206577177
9342,2.183362466995196
93426,0.0211723261778742
93429,0.1785185566320452
9343,2.1676318655003315
93432,1.237151766930895
93436,1.8657127059754175
9344,1.9902106105585835
93463,0.055972413796195
93474,1.40437898695131
9348,0.0891985025665453
93487,2.438231119557031
9349,3.0644996080406024
93492,0.0719867467506061
9350,0.0
9351,2.355128502654307
93517,1.7052696861428884
9352,2.078755400755281
9353,1.160229934672399
9354,2.1001870064478454
9355,0.0338664618273812
93550,1.5230650843834508
9356,0.0
9358,1.2161473662964049
93587,1.3869366974240032
93589,0.7053957129630071
93594,0.7318315375568043
9360,2.1442785684622683
9361,2.1966525971044923
93611,2.0076308263996765
9362,0.0
93621,3.0137598756696735
93622,1.959820354208468
93624,2.2367509471360405
93627,1.6940352871602131
9363,0.332486914834159
9364,2.165129250125597
93643,1.8680805959154367
93649,0.2600112017183644
9365,1.0124627230857808
93650,0.2709991681579604
93653,0.7647770346108848
93654,0.011781879253164
93659,0.0
9366,0.0
93661,0.9499713655708284
93663,1.9445206074755883
93664,2.249803317217975
93668,0.0918151287903754
9367,2.374849597556706
9368,3.002689699911008
9369,0.556521687446035
9370,0.8144637158265926
9371,2.3482001130276
9372,1.9526165785600529
9373,2.1352484865069368
9374,1.5706809022018438
9375,2.8221577921820624
9376,0.0
9377,2.68490526132689
9378,0.758941553741589
9379,0.4499874769642042
9380,2.281218517057447
9381,0.2981748997706817
9382,2.060137883484678
9383,0.0252228938178094
9388,0.8782822471672678
9389,0.0677717653179942
939,0.766058493581643
9390,0.0
9391,2.469492306480608
9392,2.0734243685554676
9394,2.192677465581847
93948,0.726339083300941
93953,0.4725741949316497
9397,1.818593182546632
93973,2.024490483303008
93974,2.4932104620386153
93978,0.0506962311574882
93979,0.1338347400317799
9398,0.5314776768477965
93986,0.2846315983898154
9399,0.961718707143895
94,1.8270230825679703
940,0.2023358143890825
9400,1.6011729071751633
94005,2.362030501846322
9401,1.032166760016573
94015,1.226328186249479
9402,0.5715777902881366
94025,0.7291307263191065
94026,0.073704942137793
94027,0.1071605621244834
9403,2.906286492979586
94030,0.3687682518465182
94031,2.0658703970841152
94032,0.4279095011446019
94033,0.125636408067992
94039,1.5097039119037805
9404,1.8444374169955136
94056,2.4078941778627283
94059,1.297215933313242
9406,2.4416265096092444
9407,0.0260306859239784
94081,1.7362731689466249
94086,0.6208147323477704
9409,1.9666808975878889
94097,1.25943530828423
941,0.135606191401068
9410,2.3173928732095628
94101,2.131909307184729
94103,2.571654961823599
94104,1.831453003117536
94107,2.553888601377978
9411,2.278347407578925
94115,0.0
9412,2.3057733914469507
94120,1.7805404877640054
94121,1.4069333956219958
94122,1.707713291424925
9413,2.238855243462978
94134,2.325550097002694
94137,0.0912551171776534
9414,0.1447564345294934
9415,0.9614416009512844
94150,0.0
94151,0.0
9416,2.47220954350638
94160,0.2165506698612004
94161,0.7437743525054578
94162,0.0
94163,0.0
9419,1.960865443135399
942,1.1101361465887962
9420,1.843570838207601
9421,0.0
9422,1.8059276158505224
9423,1.4478706723343784
94233,0.0
94234,0.7804352600493853
94235,0.0
94239,2.5820431639623047
9424,1.8476089630851296
94240,0.9563763071357224
94241,2.2404440545570607
9425,1.9796170563755084
9426,0.0
9427,0.3480729452368478
94274,2.103970081517103
9429,1.416313773173545
94298,0.105693816820032
943,0.5500588864244506
9430,0.1934866860254196
94304,0.0
9431,0.984665595868072
9432,0.0
9435,1.5286632615314395
9436,0.0
9437,0.0223895328412295
9439,2.1305593616003433
944,0.5546811251955661
9440,0.6090618971896278
9441,1.054289972542004
9442,1.8635422781193107
9443,1.9524621693647903
9444,2.0185778829296064
9445,2.8660801153530406
9446,2.6668751831298656
9447,0.3498303634195138
9448,2.0158674466049695
945,0.4680887694584253
9450,1.6700315644735824
9451,1.8939818276296816
9452,2.753187762191655
9453,1.93301485783928
9454,1.2949600087649615
9455,1.6331609952230666
9456,1.5745804047794083
9457,1.2324796176404806
9459,2.4935431366508767
946,0.147202558931156
9462,1.6426129847323856
9463,1.8924196934660296
9464,0.3912212347209179
9465,1.4330757521902553
9466,2.129497721276008
9467,1.1487992729490168
9468,0.8642583824030147
9469,2.16305503873936
947,2.4009025872379666
9470,2.1388648490086686
9472,0.8243216055955799
9473,1.2738953649408142
9474,2.1167488216276333
9475,2.166766642150893
9476,0.407540162703302
9477,2.128377758732163
9478,0.1954615941975408
9479,1.747216170462591
948,2.174065930448392
9480,0.0479473231186116
9481,1.786821424356316
9482,2.1154644270672622
9486,1.7023301616979822
9487,1.298478790310551
9488,1.4906497861036097
9489,1.8451677829234872
949,2.121752079242731
9491,2.2649215408819177
9493,0.8007497676627627
9495,1.0732735157847737
9496,0.0721778321548017
9497,2.3558921982703698
9498,1.108709149080958
9499,0.0298571944893556
95,0.0780798702999492
950,2.513266907978038
9500,2.70066792400709
9501,1.4849564865805822
9502,0.1270681007161791
9506,0.0
9507,0.9280120703514124
9508,0.81109735245986
9509,1.6283054854523369
951,1.3157915683642336
9510,2.4594112643451105
9512,2.284018124741917
9513,2.081036122866182
9514,0.4713118406655233
9515,0.0191397532419228
9516,2.815207227924477
9517,2.2937526288952346
9518,0.9461757794520664
9519,1.535873643523944
952,0.1998874825803323
9520,1.9866780247444815
9521,1.477311856223652
9522,2.346919878600928
9524,2.5172659302123237
9525,2.5477002278271614
9526,2.3403152065385173
9527,2.0628831780803325
9528,2.7495417552385852
9529,2.44259548151244
953,1.467248472945217
9530,2.0509094458948622
9531,2.6179533320225183
9532,0.9117092671378224
9533,1.7971236172115803
9534,1.6649299565058058
9535,1.9919880515180155
9536,2.44880101054441
9537,2.5391367062967256
9538,2.739654935786454
954,2.2003466099665903
9540,1.9186728481590225
9541,2.3671499923758295
9542,1.5036132820407464
9543,1.3823964852944426
9545,2.1881133204140815
9546,1.2421942963173251
9547,3.1034951460057205
955,2.1253770419639677
9550,2.724001551756567
9551,2.074988137484055
9552,2.2994588101975273
9553,2.4309642358527044
9554,2.0433770103385767
9555,2.049126215451453
9556,2.2781957600366423
9557,0.1033047896802982
9559,2.4204404871032597
956,1.244885135568336
9560,1.1858710144881974
9562,2.088513676474024
9563,2.3612929829845957
9564,1.8625585983772557
9567,2.18189601343092
9568,0.1786864032253949
95681,1.2003133254078835
9569,1.723556173140555
957,2.0434407989798395
9570,1.7727880454734646
9572,2.0332905758336706
9573,0.2657501063825088
9575,1.8563355377898207
9576,0.7404173637086497
9577,2.241238986146898
9578,2.3235086631374657
958,1.9268710867366816
9580,2.0234401096070425
9581,2.220822121200003
9582,1.0857017983213406
9583,2.064234524313627
9584,2.465823279026724
9585,1.3245919609066688
9586,1.2932850903130242
9587,2.325269553235245
9588,2.8939707568250586
9589,2.351144502181816
959,0.3379917634160607
9590,1.5151369330496185
9592,2.629181766169086
9595,1.2028127843264471
9596,0.0
9597,0.0234025367070836
960,2.7885646749543036
9600,1.6055083063391378
9601,2.7810016689085377
9603,1.327920120580696
9604,2.3448311945836897
9605,1.5925155556663864
9607,0.0744674501196066
9609,1.5968136123632
961,2.4901209264193067
9610,1.2431154419618675
9611,2.2676068846529938
9612,2.358007332799841
9615,0.010754888621307
9616,2.3909012415300936
9617,1.318968332413048
9618,2.391141854566043
9619,1.995696073709536
962,0.874024583114313
9620,2.2315843694240933
9622,0.4105375928620247
9623,0.0
9625,0.762888022005441
9626,0.0
9627,1.0636243926436442
9628,0.387246475887361
963,2.049691163319565
9630,1.2555176393378464
9631,1.8597138227975312
9632,2.326344075577691
9633,1.6934338977687728
9635,2.3137365429499255
9636,2.023011794501789
9637,2.017237520238854
9638,1.0785410727126623
9639,0.2572781176619668
9640,2.1653861143447477
9641,1.488469508943636
9643,2.982763819924036
9644,1.991283384906845
9645,1.4323398612771798
96459,1.9287812547075351
9646,2.3811708681227928
9647,2.0009743990578572
9648,1.8837926178980005
9649,1.4146434747292718
965,1.906463703490173
9650,1.8546969122261368
9651,1.5079948057011834
9652,2.216943720337527
9653,1.975805594552782
9654,1.7729248712306187
9655,2.1855467074047494
9656,2.0094118032566968
9657,2.16803901730241
9658,1.7355528187943403
9659,1.3125656641303003
966,2.8831717806799384
9662,1.215287438700903
96626,0.0
9663,1.9701682594909389
9665,2.3302671281913314
9666,1.7681559012220436
9667,1.9751817164449408
9668,1.5996795261909742
9669,2.4450017862977917
967,3.131028180786163
9670,2.1636215698752443
9671,0.6695946312905385
9672,2.568515085028736
9673,2.0125967038866164
9674,2.5341605554588886
9675,2.0336597638650384
96764,2.00047451775185
9677,1.5896738285825078
9678,1.756138952952902
9679,1.726992130409268
968,0.0
9681,0.8533531784237944
9682,1.7781821917319882
9683,2.2315877877800427
9684,1.7876041964614764
9685,2.340492066929471
9686,2.133956392006498
9687,2.0051169707031335
9688,1.8011220136212511
9689,2.5541922217856703
969,0.905552689757065
9690,2.289363024771355
9692,0.8754893895532687
9693,1.788847052345696
9694,2.0005524643410486
9695,2.3169942223927165
9696,1.3359489728476768
9697,2.040109287136497
9698,2.4890389301270996
9699,0.1569143456541531
97,1.6086840335709198
970,0.2830140637454333
9700,0.3863460518290937
9701,2.2291899127423966
9702,1.912594559092096
9703,2.4836056577514465
9704,1.7692496509898532
9705,0.0205630661837875
9706,1.7599274571009564
9708,0.0621829736100838
9709,2.5576601528160796
971,0.8779021258780555
9710,1.9667588929573503
9711,1.1560202160522808
9712,1.6230306867515585
9715,0.8900786185227274
9716,1.953160202500414
9717,0.3165790218143073
9718,0.0
9719,0.4374690103882592
972,3.164408151636706
9720,0.3868607110340799
9721,1.38820804733856
9722,1.303043169965671
9723,1.7078721888616892
9724,0.0
9725,2.207650876409957
9726,1.606999637167953
9727,1.9224520270144425
9728,2.1790679262644335
9729,0.018529029376588
973,1.2847993819321526
9730,2.0604316117839714
9731,1.7595395159818057
9732,1.4132144432827507
9733,1.9852815447578964
9734,0.5504709632189697
9735,1.2211371023223767
9736,1.9505675497848027
9737,1.826752170677307
9738,1.755569578217827
9739,1.9725643707369096
974,1.3025549054332262
9741,3.2387786646363783
9742,1.9637911675148223
9743,2.117081066483423
9744,0.9896614837144996
9745,0.0244143296379668
9746,2.145630154260921
9747,1.9851193060356496
9748,2.373630967295602
9749,1.6096884505237534
975,2.880488899807407
9750,1.0206133511343418
9751,1.296660562780824
9752,0.0996158349795007
9753,1.5658104312523575
9754,1.1298770703744316
9755,1.4695907599170834
9757,1.8960976852881144
9758,0.0461754078434364
9759,1.388182132908303
976,1.809415132079066
9760,0.9967129280603092
9761,2.6740468589172406
9762,1.765124936885515
9764,1.4456779764263052
9765,1.587539762333916
9766,2.5414341791838644
9767,2.033647860231359
9768,0.332486914834159
977,2.8747749815593653
9770,1.5251351493562926
9771,1.7623763385295632
9772,2.1968342668799683
9774,2.425535442485729
9775,2.426588692687739
9776,2.4134354851043307
9777,2.481263293865222
9778,2.339567382824269
9779,2.113256012198224
978,1.2543501646412494
9780,2.029620743619504
9781,1.7789472575061271
9782,0.6292481210749956
9783,1.9071568923009217
9784,2.628605709011258
9785,2.1320276402044187
9786,1.1995391585620954
9787,0.4878925008671732
9788,1.4555040757870117
9789,2.3238916090596615
9790,2.079881767586328
9791,2.3249269074504406
9792,2.273589595266293
9793,2.2542623629667693
9794,2.2786861331844626
9796,1.2511686127655888
9797,1.8086402925343883
9798,2.5710439034715726
98,1.6008209683843808
9801,1.8880254067349165
9802,2.8748509002007214
9804,2.981752646303471
9805,2.4294185048331904
9806,1.3310827549005693
9807,2.443575463589754
9808,0.1126377675040334
9810,2.1129730089101586
9811,1.8719938367720543
9812,2.3314312408321824
9813,2.353487144834589
9814,1.4822997420988104
9815,1.1501702797322464
9816,1.7525799403595008
9817,2.4005132109197045
9818,1.9629329377795124
9819,1.7205306863077987
9820,2.124146426489068
9821,2.2079660745798986
9823,2.3533055574310016
9824,0.5899356095831013
9825,2.0385146150653934
9826,2.111453473515605
9827,1.97928084482746
9828,2.1488088219979007
9829,0.8289213107734305
983,1.0787234426153944
9830,2.1553503380928665
9831,2.0141039938151493
9832,0.1377268877932005
9833,0.5589684167544319
9834,0.0985059346638177
9836,1.6825799210146417
9837,1.073733447418016
9839,1.0758445003116703
984,1.9960379674572937
9840,0.4427405517321521
9841,1.821835291726703
9842,1.7620256792676066
9843,1.976718800929147
9844,1.2811256709315972
9846,1.7897357177087438
9847,2.1332768451306587
9848,1.6670239637342712
9849,1.789340984798686
9851,1.8520520186095764
9852,2.1940037790418954
9853,1.9997137046294389
9854,1.3659122956895506
9855,1.5589686953423043
9856,0.0408371562480633
9857,1.760737479952971
9858,1.9727808323176013
9859,1.3543100889485962
9860,1.588986483551159
9861,2.0648043444810904
9862,2.292470665607544
9863,0.6856538509846959
9865,2.2149394225286456
9866,1.4407965519208847
9867,2.7508828323811936
9868,2.4874267249612876
9869,1.8156969535832137
987,2.236592679705267
9870,2.03130145398556
9871,2.008649547309525
9873,1.8846130759004511
9874,2.1719709382643404
9875,1.8313835263858784
9877,0.0099324012091867
9878,2.3489399634301034
9879,2.091432874091394
988,2.2246638800432184
9880,1.6286055320313086
9881,1.5013249796361925
9882,2.3088569669415384
9883,1.7819492347928916
9884,0.2144665734113071
9885,1.888293352873072
9886,1.8657949008774304
9887,2.2860660420955528
9889,1.865118585377899
989,2.197684572084886
9890,0.942871107631562
9891,1.8131021709778232
9892,0.2104433667955492
9894,1.8875842056871075
9895,1.9569445740871527
9896,1.238356590429121
9897,2.345383066779568
9898,2.4709184050367097
9899,0.541037096945321
990,0.7785905473659707
9900,1.573728476890837
9901,1.0559507688489058
9902,2.1616723748859723
9903,2.43303376571385
9904,1.859843559723221
9905,2.147447535171065
9907,1.4462097237015508
9908,2.361959352280782
9909,1.8550532834314133
991,1.20770552245219
9910,1.6532361554489563
9911,0.6922423238682592
9912,1.1196453430965747
9913,2.1340830975891327
9914,1.513910240869774
9915,1.7384394515340666
9917,2.344523377672355
9918,2.2573132899128776
9919,2.5171476782562547
9920,0.7498981814767691
9921,2.6173907373072383
9922,2.254594572061377
9923,1.980452885674416
9924,1.9077665668709247
9925,2.075408633298372
9926,2.2485573559751875
9927,2.3566563937705545
9928,0.1749857074436463
9929,2.502516004402852
993,0.7415903228843574
9931,1.7966063224238435
9933,2.3070206795931925
9934,0.6586462357225081
9935,2.234236873784134
9936,1.4161666153340862
9937,1.8337195092006664
9938,1.6196305237607498
9939,2.2535393092099967
994,1.978084582083066
9940,0.3546761154436263
9941,1.1480316798913952
9942,1.1194328897284962
9943,2.1812752477243595
9945,1.1901267704061955
9946,1.8069916374007604
9947,0.0101380977223869
9948,2.6996628281828814
9949,1.528389778616385
995,0.2534663950395903
9950,2.459819090682813
9951,1.2448171763780596
9953,0.9326757039446424
9955,0.1878646602768941
9956,0.5730760088966956
9957,1.1891128489949765
9958,1.490966493717469
996,2.201057514605839
9960,1.7327220235768968
9961,2.363290177309847
9962,2.1031328006875336
9963,0.4960441345528633
9965,0.3580232511579675
9966,0.9863709381290652
9967,2.682046632716423
9968,2.292957321233644
9969,2.105692724819647
997,2.27075470415114
9970,0.3419582837407502
9971,0.0573349127789155
9972,2.3031982621501683
9973,2.1337843624485884
9975,2.2774334966360708
9976,1.6483790887489185
9978,2.3204521608567727
998,2.4408021280429177
9980,1.8386354132521616
9982,2.212095431618788
9984,1.7426543488951465
9985,1.1187099613129687
9986,2.0635100251159684
9987,2.7479034227928127
9988,1.956333374063081
9989,2.2651412507456232
999,3.0068266033524536
9990,1.6057903696972369
9991,2.4386327679284032
9992,0.0
9993,2.621198393573609
9994,1.599780354417573
9997,0.0600532833173621
