genes,expVal
1,0.1943101536388631
10,0.2648467394595812
100,1.7674405796003223
1000,0.6588227886810981
10000,1.805494918385692
100008586,0.0
100009668,0.135606191401068
100009676,0.9271923264075246
10001,1.647546836444438
10002,0.4338532430477267
10003,0.5022362953304824
100033398,0.0416301479021601
100033411,0.0627628591308276
100033413,0.0
100033414,0.0
100033415,0.0
100033416,0.0
100033417,0.0
100033418,0.0
100033419,0.0
100033420,0.0
100033421,0.0
100033422,0.0
100033423,0.0
100033424,0.0
100033425,0.0
100033426,0.0
100033427,0.0
100033428,0.0
100033429,0.0
100033430,0.0
100033431,0.0
100033432,0.0
100033433,0.0
100033434,0.0
100033435,0.0
100033436,0.0
100033437,0.0
100033438,0.0
100033439,0.0
100033440,0.0
100033441,0.0
100033442,0.0
100033443,0.0
100033444,0.0
100033445,0.0
100033446,0.0
100033447,0.0
100033448,0.0
100033449,0.0
100033450,0.0
100033451,0.0
100033453,0.0
100033454,0.0
100033455,0.0
100033456,0.0
100033458,0.0
100033460,0.0
100033603,0.0
100033799,0.0
100033800,0.0
100033801,0.0
100033802,0.0
100033803,0.0
100033804,0.0
100033805,0.0
100033806,0.0
100033807,0.0
100033808,0.0
100033809,0.0
100033810,0.0
100033811,0.0
100033812,0.0
100033813,0.0
100033814,0.0
100033815,0.0
100033816,0.0
100033817,0.0
100033818,0.0
100033819,0.0
100033820,0.0
100033821,0.0
100033822,0.0
100036563,0.0
100036564,0.0
100036565,0.0
100037417,0.7535149501307794
100038246,0.1250988793227
10004,1.191849966069746
100048903,0.1971036549237277
100048907,0.6615535871455607
100048908,0.0
100048909,0.3104926639711026
100048912,0.1272468869287004
100048922,0.296874485886237
100049587,1.6775062495941584
100049716,1.3474299869621396
100049717,0.0
10005,1.5380234527207952
10006,2.3823820977176915
10007,2.3746512302163767
100073347,0.0
10008,1.1259827249674708
10009,2.0325988618050492
100093624,0.0
100093625,0.0
100093626,0.1151814038904759
100093698,0.0
1001,1.6855410569145977
10010,2.021527297748908
100101116,0.0
100101117,0.0
100101118,0.0
100101120,0.0
100101266,0.6621687225961503
100101267,1.7613000771977605
100101268,0.9030608630194422
100101467,1.6520979814500527
100101490,0.0
10011,2.1415111253982677
100113379,0.3552126429204981
100113380,0.0
100113381,0.0
100113382,0.0
100113386,0.5839673273289421
100113389,0.0
100113392,0.0
100113393,0.0
100113397,0.1042244635039507
100113403,0.0
100113404,0.0
100113407,1.234249334034356
100124412,0.0
100124534,0.0
100124535,0.0
100124536,0.7977424383582331
100124537,0.2338140899857443
100124538,0.0
100124539,0.0
100124540,0.0
100124541,0.0
100124700,0.0138321417599086
100125288,0.6159495092692002
100126270,0.0150599263207783
100126296,0.0
100126297,0.0
100126299,0.0
100126301,0.0
100126302,0.0
100126303,0.0
100126304,0.0
100126306,0.0
100126307,0.0
100126308,0.0
100126309,0.0
100126310,0.0
100126311,0.0
100126313,0.3070747430554275
100126314,0.0
100126315,0.0
100126316,0.0
100126317,0.0
100126318,0.0
100126319,0.0
100126320,0.0
100126321,0.0
100126323,0.0
100126324,0.0
100126325,0.0
100126326,0.0
100126327,0.0
100126328,0.0
100126329,0.394029403740415
100126330,0.0
100126331,0.3418218475162929
100126332,0.0
100126333,0.0
100126334,0.0
100126335,0.0
100126336,0.8075721142774079
100126337,0.0
100126338,0.0
100126339,0.0
100126340,0.0
100126341,0.0
100126342,0.0
100126343,0.3698213124515176
100126345,0.0
100126346,0.0
100126347,0.0
100126348,0.0
100126349,0.0
100126350,0.3736264849638638
100126351,0.0
100126352,0.0
100126354,0.0
100126355,0.0
100126356,0.0
100126572,0.0
100126791,1.2934093385223986
100126793,0.4742921022220122
100127206,0.0
100127888,0.0901339590533384
100127892,0.1102687734821434
100127893,0.0
100127900,0.0
100127902,0.0
100127906,0.0940514026841421
100127907,0.881693124109791
100127911,0.0
100127917,0.0
100127924,0.3675818149571468
100127938,0.1791897340119939
100127945,0.0
100127949,0.0573349127789155
100127950,0.0
100127954,0.0
100127958,0.0
100127963,0.0
100127965,0.1389614282421753
100127967,0.0
100127969,0.0
100127978,0.0
100127981,0.0
100127983,0.6384901701389175
100127986,0.0
100127995,0.0
100127999,0.1270681007161791
100128006,0.0099324012091867
100128007,0.2587976668438312
100128016,0.0499117462968908
100128022,0.0
100128025,0.0794068242501354
100128030,0.0
100128043,0.0
100128052,0.0
100128054,0.1589804607435198
100128059,0.1333025569412144
100128060,0.6839541927798749
100128071,1.2521417975378246
100128072,0.1106336771547726
100128079,0.1031207321073816
100128083,0.0884493778801894
100128093,0.0629560650472485
100128094,0.0
100128098,0.2566694775561359
100128115,0.2091516577938769
100128117,0.1806978483933106
100128126,0.0616026860516921
100128135,0.0483405753318879
100128139,0.0516758077965697
100128140,0.2122160704749191
100128144,0.0
100128154,0.0
100128164,0.0045667467349953
100128174,0.0
100128190,0.0
100128191,0.7466494766294156
100128210,0.0
100128233,0.0406387916047836
100128237,0.054997842915243
100128239,0.0811098068644656
100128240,0.0
100128248,0.0
100128250,0.0
100128252,0.7930608225960453
100128258,0.0
100128260,0.0
100128264,0.0
100128275,0.0
100128293,0.0
100128299,0.2523958075722266
100128305,0.0742768884659622
100128310,0.208505021189391
100128312,0.0
100128327,0.085634128532859
100128334,0.3561506610958442
100128341,0.0424223934120883
100128351,0.0693069482704467
100128355,0.0769407965432616
100128358,0.0
100128362,0.0
100128368,0.0
100128373,0.0
100128379,0.0296562306312831
100128384,0.0
100128385,0.308073192108112
100128386,0.0923747627007558
100128397,0.2144665734113071
100128398,0.871340976423956
100128413,0.0
100128420,0.9093624158271932
100128427,0.0
100128448,0.0
100128450,0.0
100128462,0.0
100128493,0.0
100128494,0.3405928297090988
100128505,0.0205630661837875
100128523,0.0
100128531,0.3632156702981983
100128535,0.3768915868124113
100128541,0.0
100128548,0.0629560650472485
100128554,0.0166942133416963
100128560,0.2476371287437008
100128568,1.034676840414403
100128569,1.7694680667771212
100128595,0.0
100128601,0.0173062599854029
100128605,0.0
100128610,0.0
100128637,0.0262325134658017
100128640,0.6831879634990135
100128646,0.7297671899291504
100128655,0.0
100128662,0.0
100128664,0.0914418297097786
100128674,0.0
100128675,0.4842903306740939
100128678,0.0
100128681,0.0
100128682,0.0
100128685,0.0
100128688,0.0
100128707,0.0
100128710,0.061215604083323
100128714,0.0258288102084853
100128731,2.9564898068367262
100128733,0.0
100128738,0.0
100128750,0.7180557954833107
100128756,0.0
100128766,0.0696903035798559
100128770,1.0913499753730689
100128771,0.8946004339262484
100128782,0.5552951727878813
100128788,0.7536684200677101
100128803,0.0
100128804,0.0
100128807,0.1031207321073816
100128811,0.0
100128817,0.0
100128822,1.4315553076517509
100128833,0.0
100128849,0.0614091674392234
100128863,0.0
100128865,0.0
100128867,0.0
100128881,1.0587398735879257
100128882,0.7807299352597321
100128888,0.181199928331334
100128893,0.2880029443553827
100128899,0.0
100128902,0.0
100128905,0.355480765561983
100128906,0.0
100128908,0.0
100128911,0.0
100128923,0.0
100128927,1.9443704873926224
100128930,0.0400434172142254
100128936,1.3212131868518322
100128939,0.0
100128946,0.0
100128961,0.036063467897197
100128963,0.0302589788495971
100128985,0.0
100128993,0.1336573840641972
100129001,0.0
100129005,0.0
100129007,0.0
100129009,0.0270393423001977
100129013,0.0
100129017,0.0
100129029,0.2724924834198263
100129032,0.235379301880427
100129040,0.0
100129045,0.0
100129049,0.0
100129053,0.0
100129060,0.8869002158299671
100129061,0.0
100129066,0.1023840919216796
100129074,0.0
100129075,0.6400337423751866
100129078,0.0
100129090,0.201846744967738
100129102,0.0
100129123,0.0
100129128,0.1405459622981713
100129129,0.0639214260144302
100129135,0.0
100129141,0.5370606864910882
100129143,0.0
100129144,0.0
100129168,0.0
100129175,0.2507105201109866
100129176,0.0563619252247972
100129180,0.1064275149657084
100129193,0.0
100129195,1.0495668900305497
100129196,0.61340992310235
100129199,0.0453866897349848
100129213,0.0
100129215,0.3831214816130382
100129216,0.4958220102683504
100129223,0.0
100129227,0.0
100129229,0.0
100129234,0.0
100129239,0.0
100129243,1.0632032897051316
100129250,0.6791725190073017
100129259,0.0197500372972908
100129260,0.0
100129271,0.0
100129276,0.0
100129277,0.0481439722271771
100129278,0.0150599263207783
100129283,0.0
100129284,0.1699118824483975
100129288,0.0
100129298,0.0
100129307,0.0
100129308,0.0300581105554705
100129310,0.0
100129315,0.0
100129320,0.8833288733746815
100129325,0.0386525717956126
100129337,0.0396462670429822
100129339,0.0
100129344,0.0
100129345,0.0
100129347,0.057140405596366
100129351,0.0
100129361,1.6503853516053015
100129367,0.0
100129368,0.0
100129370,0.0
100129374,0.0625696085978943
100129385,0.1088075433050862
100129396,0.0221867865316464
100129398,0.0
100129403,0.0274424681999785
100129404,0.0
100129407,0.0
100129418,0.0
100129421,0.0
100129422,0.0
100129423,0.0
100129427,0.0
100129434,0.7383008376489455
100129452,0.0
100129456,0.0
100129457,0.0
100129461,0.6770269958762135
100129471,0.0
100129480,0.8515724739035809
100129484,1.2839465358085005
100129487,0.0
100129515,0.0
100129517,0.4430986171464912
100129518,0.1184402978192798
100129520,0.0070474104382352
100129527,0.0
100129540,0.0555827213422205
100129543,0.3216380437299648
100129550,1.5831203421262436
100129553,0.6007640465925782
100129554,0.0
100129556,0.0
100129557,0.0
100129573,0.0270393423001977
100129574,0.0
100129583,0.6167002124987596
100129584,0.0
100129587,0.0
100129589,0.0
100129597,0.1066108377458085
100129599,0.1898533880244812
100129601,0.0
100129607,0.0
100129611,0.0
100129616,0.0
100129620,0.0
100129631,0.1822031529648999
100129634,0.0
100129636,0.0
100129640,0.0254249141756302
100129654,0.0412337454202869
100129657,1.716745241626618
100129662,0.4872184429598525
100129667,0.1648060986053919
100129669,0.0
100129670,0.0679638175237219
100129685,1.1101361465887962
100129694,0.0
100129706,0.054997842915243
100129707,0.0
100129714,0.0
100129716,0.0735142061810224
100129718,0.0
100129722,0.207534086575862
100129723,0.0
100129724,0.0280467968559265
100129726,0.5314776768477965
100129731,0.0
100129732,0.0
100129734,0.2024987713287518
100129774,0.300769231165453
100129776,0.0
100129777,0.0
100129779,0.0
100129781,1.3654791563313529
100129782,0.0
100129784,0.0
100129792,0.6249051521117797
100129794,1.06758669356464
100129795,0.0
100129799,0.0
100129801,0.0706479226552025
100129808,0.0735142061810224
100129813,0.1197041703191302
100129815,0.0
100129818,0.0
100129819,0.0
100129827,0.16258357811886
100129836,0.2467127785855971
100129842,0.9001921683396928
100129843,0.0
100129844,0.071221967357895
100129845,0.1433553526763596
100129847,0.0
100129858,0.2163905475377656
100129863,0.0
100129878,0.5693746740348945
100129882,0.3185503518002548
100129917,1.8146237705887185
100129921,0.0
100129923,0.0
100129924,0.3746728450613816
100129928,0.0
100129931,0.0884493778801894
100129933,0.219427397119987
100129939,0.0
100129940,0.59701228628292
100129947,0.0
100129949,0.0
100129955,0.0374585887741673
100129958,0.0266360241092229
100129959,0.0
100129969,0.0520673186640733
100129975,0.614257476097609
100129976,0.1284973014560392
100129995,0.0126025784990239
100129996,0.0
100129997,0.089572811643912
10013,1.9538643216759195
100130002,0.0
100130011,0.0
100130018,0.0
100130044,0.0
100130059,0.0
100130064,0.0
100130066,0.0
100130072,0.0
100130073,0.0
100130086,0.0878870906234544
100130105,0.0
100130108,0.022997480615535
100130110,0.0183253569229505
100130111,0.3258287531326413
100130121,0.0
100130137,0.0
100130148,0.0119871284396815
100130176,0.4423823136408459
100130177,0.0
100130192,0.2374094777375767
100130196,0.0
100130197,0.0
100130203,0.0
100130225,0.119343261883879
100130231,0.7664349218470828
100130240,0.0
100130249,0.0294552189612712
100130264,0.0201566492701331
100130268,0.0304597993916931
100130274,0.0790279102152443
100130277,0.0
100130279,0.0614091674392234
100130286,0.3378546211044128
100130301,0.2389676267024272
100130302,0.0260306859239784
100130310,0.0
100130311,0.4955998183366929
100130313,0.0
100130316,0.0
100130319,0.0
100130326,0.0
100130331,0.0
100130335,0.3882742216663623
100130347,0.0
100130348,0.0505001786277436
100130357,0.7435406906441655
100130361,0.0
100130370,0.3954295817838556
100130374,0.0
100130386,0.0140368959186701
100130391,0.0260306859239784
100130392,0.1157254490155959
100130400,0.0
100130405,0.0
100130417,0.7715331983228734
100130446,0.2072101800793139
100130448,0.0
100130449,1.6075783064198017
100130466,0.0
100130480,0.0
100130488,0.0300581105554705
100130490,0.0465694896604753
100130497,0.0
100130514,0.0
100130519,0.5005828339838213
100130520,0.3784538633132748
100130522,0.940237547149912
100130523,0.1243816268565123
100130524,0.0
100130535,0.025020825205399
100130537,0.0
100130548,0.1850388721625969
100130550,0.0625696085978943
100130562,2.830314021685008
100130564,0.0276439590910099
100130566,0.2751733143663593
100130587,0.0
100130602,0.0
100130603,0.0288518968796068
100130607,0.0
100130612,0.0
100130613,0.0284494427319338
100130620,0.0
100130626,0.0
100130630,0.2246746194154232
100130636,0.0
100130660,0.0650783906040881
100130664,0.0
100130671,0.0
100130676,0.0404403802309502
100130687,0.0
100130691,0.4549362933241084
100130705,0.4280312765477835
100130714,0.0
100130717,0.328887547854481
100130718,0.0
100130719,0.0
100130721,0.135606191401068
100130731,0.053631538511365
100130733,0.5169505952448965
100130742,0.5059702920090801
100130748,0.0
100130750,0.3954295817838556
100130756,0.0
100130760,0.0308612972995617
100130766,0.0
100130771,0.1306364468555331
100130776,0.9382262197448616
100130782,0.0
100130785,0.0
100130786,0.0
100130801,0.0298571944893556
100130803,0.0
100130820,0.0
100130821,0.0
100130827,0.112091680115918
100130843,0.0
100130855,0.1845391745051366
100130861,0.0
100130871,0.0548027927666294
100130880,0.0608283430685188
100130881,0.4025177347293569
100130890,0.4927051508892219
100130892,0.2868319505575912
100130894,0.0350655380227658
100130898,0.0
100130929,0.0769407965432616
100130933,0.2453242265811973
100130950,0.6775425354464173
100130954,0.0
100130958,1.0329061160455026
100130967,0.5336949937264196
100130980,0.1818688831908015
100130983,0.0
100130988,0.0
100130995,0.0
100131011,0.0
100131012,0.1995604736233305
100131017,1.9791778644211513
100131029,0.0
100131031,1.4035749538180131
100131033,0.0
100131036,0.3036417141076001
100131038,0.0
100131041,0.0
100131046,0.0
100131051,0.3338668220092238
100131055,0.0
100131065,0.0
100131067,0.960442981937772
100131072,0.0
100131080,0.0763706752693144
100131083,0.0565566131007352
100131085,0.0471602662673416
100131089,0.7821278443306201
100131094,0.3818278005961312
100131103,0.0
100131107,0.0
100131117,0.0546076972506679
100131118,0.0
100131137,0.0
100131138,0.0
100131151,0.0
100131161,0.1155441405508978
100131187,2.498008797655207
100131189,0.0
100131193,0.5744715007534409
100131205,1.378106601472522
100131207,0.0
100131208,0.0099324012091867
100131211,1.0018184596373163
100131213,0.5735747137180297
100131216,0.0
100131229,0.0
100131236,0.0
100131244,0.0
100131246,0.0621829736100838
100131250,0.0520673186640733
100131264,0.0
100131286,0.0
100131289,1.091528389341904
100131291,0.0356644376201233
100131302,0.0
100131303,0.0
100131315,0.135252207441062
100131327,0.0
100131338,0.0546076972506679
100131339,0.0
100131340,0.0252228938178094
100131348,0.0
100131366,0.2241990231746858
100131369,0.3291650196604457
100131378,0.2151084127640693
100131379,0.0
100131390,0.0685397094214406
100131396,0.0
100131415,0.0
100131418,0.0
100131425,0.3344180932672702
100131434,0.4645038400483839
100131439,0.0542173700425294
100131441,0.0
100131442,0.0
100131451,0.0264342928541542
100131465,0.350100378003441
100131467,0.0921882600032804
100131469,0.0
100131471,1.023572720306743
100131496,0.1062441514989379
100131520,0.0
100131526,1.177913515900226
100131527,0.0
100131533,0.0
100131535,0.0510881989588056
100131536,0.0412337454202869
100131550,0.0
100131553,0.0
100131557,0.0
100131562,0.0
100131608,0.0
100131611,0.0
100131614,1.4211218301839117
100131616,0.0
100131623,0.170759729813761
100131624,0.0
100131638,0.0
100131641,0.0
100131655,1.2620095112975036
100131656,0.0780798702999492
100131672,0.5737740976300789
100131678,0.0
100131685,0.0
100131688,0.0
100131691,0.8435310012741807
100131711,0.0
100131726,0.0142416006900836
100131736,0.0
100131740,0.0
100131755,1.238872132825288
100131759,0.1688932936585756
100131760,0.0
100131761,0.1817016964086886
100131779,0.0
100131785,0.5486147474183318
100131788,0.0794068242501354
100131789,0.0
100131801,1.1687514357003284
100131805,0.0410354741801234
100131810,0.0314631865193807
100131814,0.2136635490584076
100131827,0.6028716306003958
100131828,0.0
100131832,0.1173554320033511
100131842,0.0400434172142254
100131846,0.0
100131863,2.0811304095814913
100131893,0.0
100131897,0.296874485886237
100131902,0.0
100131913,0.0
100131921,0.0
100131935,0.0
100131939,0.0
100131940,0.1873667107284053
100131947,0.0
100131950,0.0
100131953,0.0211723261778742
100131956,0.0
100131961,0.1206057494966272
100131980,0.0
100131981,0.0
100132015,0.0084911297831118
100132036,0.0
100132037,0.0
100132047,0.0
100132058,0.0
100132061,0.0
100132066,0.0
100132073,0.0
100132074,1.0114424599398018
100132076,0.0232000328901817
100132078,0.0140368959186701
100132086,0.0
100132103,0.2244570346953839
100132116,0.9180437779257232
100132124,0.0
100132126,0.0
100132142,0.0463724718392014
100132146,0.0390501905320824
100132147,0.051284114267885
100132153,0.1169934922160474
100132166,0.0
100132169,0.8630918823100221
100132172,0.0
100132174,0.015877463426456
100132202,0.0
100132204,0.0
100132215,0.3593580110842576
100132234,0.0386525717956126
100132242,0.0
100132247,0.5245710177036568
100132249,0.3791038639321544
100132268,0.0268377072511832
100132273,0.5710776812642496
100132280,0.0
100132289,0.0
100132304,0.0
100132308,0.0
100132321,0.0
100132358,0.0
100132386,0.0
100132396,0.0
100132399,0.0
100132400,0.089572811643912
100132406,0.4101635675469852
100132415,0.4253476196679362
100132417,1.1145675722225974
100132421,0.0
100132441,0.0164900995891271
100132463,0.0
100132464,0.0
100132476,0.0
100132479,0.0
100132487,0.0
100132498,0.0
100132504,0.0
100132520,0.0
100132524,0.0
100132534,0.0
100132537,0.0
100132547,0.0
100132562,0.0
100132565,0.0
100132591,0.1949683214694214
100132597,0.0
100132599,0.0
100132606,0.0
100132609,0.0
100132612,0.0
100132641,0.0733234266047182
100132644,0.1263525663569857
100132645,0.0
100132647,0.0
100132659,0.0
100132669,0.0
100132672,0.0
100132673,0.0477506279872771
100132677,0.0242120678044732
100132678,0.7425272101132736
100132686,0.0
100132698,0.0
100132708,0.0
100132712,0.0
100132723,0.0
100132735,0.0551928477150357
100132742,1.1613367296910668
100132762,0.0
100132778,0.0
100132796,0.0
100132803,0.2389676267024272
100132812,0.0
100132824,0.1084418312612436
100132834,0.057140405596366
100132849,0.0
100132857,0.1345437802827254
100132891,0.7966650326940888
100132916,0.0272409292764164
100132922,0.0780798702999492
100132923,0.4744064867553829
100132924,0.0
100132948,0.0238073990491231
100132949,0.0
100132963,0.029254159459327
100132965,0.0506962311574882
100132967,0.0
100132972,0.648238436132879
100132977,0.2160702066097536
100132979,0.0
100132987,0.1020155256679961
100132988,0.0
100132994,0.0
100132995,0.109721115265514
100133012,0.0
100133024,0.1773426538726067
100133029,0.0394476217259577
100133037,0.0485371324516474
100133038,0.3820867135125049
100133044,0.0
100133053,0.0
100133054,0.3527953001618497
100133064,0.0
100133077,0.0
100133087,0.0
100133093,0.0
100133102,0.0
100133108,0.059471517423572
100133121,0.2372534944972522
100133123,0.0051875911285856
100133127,0.0
100133128,0.0
100133137,0.0
100133163,0.0
100133168,0.0
100133170,0.1694027480215364
100133205,0.2800645005101981
100133210,0.0
100133220,0.30984645867552757
100133225,0.0
100133234,0.0
100133251,0.0
100133252,0.0
100133265,0.0666185243177208
100133267,0.0
100133273,0.7092596897469567
100133294,0.1840391672405283
100133307,0.0
100133309,0.0338664618273812
100133311,0.0702650067990862
100133315,0.4765764164248742
100133316,0.0
100133319,0.0
100133330,0.0
100133461,0.0
100133545,0.1903498040086411
100133612,0.2778450164077647
100133941,2.763432721138606
100133957,0.188030575137308
100133985,0.689293835437384
100134015,0.5233956331600699
100134229,1.1460473054148204
100134317,0.4682041224369458
100134444,0.0
100134713,0.3247134518098527
100134934,0.0
100134938,0.0
100137047,0.3191126678813421
100137049,0.2028245859775974
10014,2.3728114774212417
100141515,0.0510881989588056
100144435,0.0
100144595,0.2952821382719953
100144597,0.0
100144602,0.0
100144603,0.5541690156461883
100144748,0.481577028514767
100147744,0.0
100147745,0.0
100147746,0.4423823136408459
100147747,0.0
100147749,0.0
100147752,1.4599745870840837
100147755,0.0
100147756,0.0
100147758,0.0
100147759,0.0
100147760,0.0
100147761,0.0
100147762,0.0
100147766,0.0
100147767,0.0
100147768,0.0
100147769,0.0
100147770,0.0
100147771,0.0
100147812,0.0
100147813,0.0
100147814,0.0
100147815,0.0
100147817,0.0
100147821,0.0
100147822,0.0
100147825,0.0
100147827,0.8987835559299548
100147828,0.0
100147829,0.0
100147830,0.0
100147832,0.711632880749498
100147833,0.0
100147834,0.0
100147835,0.0
100147836,0.4423823136408459
100147837,0.0
10015,2.418233714692142
100151643,0.0
100151645,0.0
100151647,0.0
100151648,0.0
100151649,0.0
100151650,0.0
100151651,0.0
100151652,0.7339685787915605
100151654,0.0
100151655,0.7189452943406429
100151656,0.0
100151658,0.0
100151663,0.0
100151664,0.0
100151665,0.0
100151666,0.0
100151667,0.0
100151668,0.0
100151670,0.0
100151671,0.0
100151672,0.7189452943406429
100151676,0.0
100151677,0.0
100151678,0.0
100151679,0.0
100151681,0.4423823136408459
100151683,0.9027563043167632
100151684,0.711632880749498
100151685,0.0
100151686,0.0
100151687,0.0
100151688,0.0
100158257,0.0
10016,0.9751456727239772
100169751,0.0
100169752,0.0
100169753,0.0
100169754,0.0
100169755,0.0
100169756,0.0
100169757,0.0
100169758,0.0
100169759,0.0
100169760,0.0
100169761,0.0
100169762,0.0
100169763,0.0
100169764,0.0
100169765,0.0
100169766,0.0
100169767,0.0
100169768,0.0
100169834,0.534748464384304
100169850,0.0
100169851,0.0
10017,0.4054097267887918
100170229,0.6467130586343428
100170765,0.3155914713283462
100170841,0.9889730060404576
100174857,0.0
100174949,0.0
10018,1.867417148727578
100187716,0.0
100188847,0.0
100188891,0.0
100188893,0.0
100188949,0.7355471904111105
100188953,0.1570867224494012
100188954,0.0809207585101274
100189478,0.0
100189512,0.0
100189589,0.0248187083181388
10019,2.2265148434704627
100190938,1.3528136773227009
100190940,0.0
100190949,0.0
100191040,0.697016965376996
100192204,0.2419197061654351
100192379,0.0
100192386,0.0643072587180317
100192420,0.0590834488965626
100194425,0.0897599029245919
100194426,0.1653181252039118
1002,0.3179876267947015
10020,1.851863120728806
10021,0.0410354741801234
100216001,0.0254249141756302
100216339,0.0
100216341,0.2251499320535076
10022,0.0495192289370227
10023,1.770650178315318
100233209,1.4181252102380515
10024,1.6056078776940332
100240711,0.0
100240712,0.0356644376201233
10025,2.358383637358785
10026,1.9677996960758388
100268168,0.2279958687871773
100270648,0.0410354741801234
100270679,0.0
100270680,0.0346660352741282
100270753,0.0
100270754,0.0
100270755,0.0
100270790,0.0
100270804,1.062360179982823
100270823,0.053631538511365
100270825,0.0
100270826,0.0
100270827,0.9396061191835026
100270828,0.0
100270832,0.3057891339474701
100270833,0.2238818013106508
100270834,0.0
100270835,0.0
100270837,0.0449920531388688
100270838,0.0
100270839,0.218150130624384
100270840,0.5113181222208677
100270841,0.3338668220092238
100270843,0.0
100270844,0.0
100270845,0.0
100270846,0.0
100270848,0.0
100270851,0.0489301088118718
100270852,0.2545355335728673
100270853,0.2076959907404222
100270854,0.612183865918579
100270855,0.0
100270856,0.0
100270857,0.0
100270858,0.1238432763780587
100270859,0.0
100270860,0.4039022480596825
100270862,0.5543739034869272
100270865,0.3974615777438575
100270866,0.0
100270867,0.0
100270869,0.0606346453732357
100270870,0.0616026860516921
100270871,0.0
100270872,0.0
100270873,0.1843725398343365
100270874,0.2238818013106508
100270875,0.0
100270876,0.0
100270877,0.1018311809447803
100270879,0.0
100270880,0.0
100270881,0.0
100270882,0.0
100270884,0.0
100270885,0.0
100270886,0.0
100270887,0.0960960359655527
100270888,0.1660003253041142
100270889,0.2677038505933879
100270890,0.0
100270895,0.0445972313113895
100270896,0.885899767346475
100270897,0.0
100270900,0.4091652550954125
100270903,0.0
100270904,0.0
100270905,0.0471602662673416
100270906,0.0
100270907,0.0
100270908,0.0
100270910,0.0
100270911,0.0
100270912,0.0408371562480633
100270914,0.0
100270916,0.0
100270917,0.0
100270919,0.0
100270922,0.0
100270923,0.0
100270924,0.0
100270925,0.0
100270928,0.835387681114068
100270930,0.0
100270935,0.0
100270937,0.0
100270938,0.0
100270939,0.0
100270940,0.483499988183941
100270941,0.0
100270942,0.0
100270943,0.0
100270944,0.0
100270946,0.4317964909096636
100270950,0.0
100270951,0.0
100270952,0.0738956344925407
100270953,0.0
100270954,0.0
100270955,0.2674035902259319
100270956,0.0
100270959,0.0923747627007558
100270961,0.0
100270962,0.0
100270963,0.147202558931156
100270964,0.7397909429129466
100270966,0.0797855659595778
100270967,0.0
100270968,0.0
100270969,0.4402292506995686
100270970,0.2545355335728673
100270971,0.5579499648335893
100270975,0.0
100270977,0.0
100270978,0.0
100270980,0.0
100270981,0.0
100270982,0.0
100270983,0.0
100270984,0.0
100270985,0.0
100270986,0.0
100270987,0.0
100270988,0.0
100270989,0.0
100270990,0.0
100270993,0.0797855659595778
100270994,0.0
100270995,0.1040406105580704
100270996,0.0
100270997,0.0
100270998,0.0
100270999,0.0
100271001,0.0
100271002,0.1010933910344035
100271003,0.6146338371778239
100271004,0.6362139558855643
100271007,0.0
100271008,0.0
100271010,0.8013923994565265
100271011,0.0
100271012,0.202009801220362
100271015,0.0
100271016,0.0
100271017,0.3707415467133199
100271018,0.0
100271019,0.0
100271020,0.0
100271023,1.1678933392456126
100271033,0.2197463947522698
100271034,0.0412337454202869
100271035,0.0424223934120883
100271036,0.0569458532680942
100271037,0.2031502683975658
100271038,0.0
100271039,0.2013573773952446
100271041,0.058501008843608
100271042,0.0
100271043,0.045189394581304
100271044,0.6760808301316688
100271045,0.0
100271047,0.0
100271049,0.0
100271052,0.0
100271053,0.0
100271054,0.0
100271055,0.0
100271056,0.0
100271057,0.0
100271059,0.0897599029245919
100271060,0.1459804127775399
100271062,0.0797855659595778
100271063,0.3399091915477006
100271065,0.0
100271066,0.4857558507292837
100271067,0.0
100271068,0.3217781008465626
100271069,0.0
100271071,0.0
100271072,0.0
100271073,0.0
100271075,0.0
100271076,0.0
100271077,0.0
100271078,0.0
100271080,0.0
100271085,0.0
100271088,0.0
100271089,0.0
100271090,0.0
100271091,0.0
100271093,0.0
100271094,0.1765016753129527
100271097,0.0
100271098,0.0
100271101,0.2499432911113673
100271103,0.0
100271104,0.0
100271105,0.2663517753936261
100271107,0.0
100271110,0.0
100271111,0.0
100271112,0.0
100271113,0.0
100271116,0.0
100271119,0.4167440575427305
100271120,0.1710986205592281
100271121,0.8965108916685429
100271123,0.0
100271126,0.0
100271127,0.0
100271129,0.0
100271131,0.0
100271132,0.1473770019605207
100271133,0.0
100271136,0.0
100271141,0.0897599029245919
100271142,0.0
100271143,0.0
100271144,0.0777003520403405
100271145,0.0
100271146,0.0
100271147,0.0
100271148,0.0
100271149,0.0
100271150,0.0
100271151,0.0
100271152,0.0
100271153,0.1211462231579099
100271154,0.0
100271155,0.0
100271156,0.0
100271158,0.0721778321548017
100271160,0.0835635353418218
100271161,0.1403700544629917
100271162,0.0
100271163,0.0738956344925407
100271164,0.0
100271165,0.0735142061810224
100271166,0.0752292615879394
100271167,0.0
100271168,0.207534086575862
100271169,0.0727508259833435
100271170,0.0
100271171,0.0
100271172,0.0750388739578922
100271173,0.2028245859775974
100271174,0.0
100271175,0.3648062545982056
100271176,0.0
100271177,0.0
100271178,0.2067240747419362
100271179,0.0
100271180,0.0
100271181,0.0
100271184,0.0
100271185,0.0
100271186,0.1414249343325171
100271187,0.0
100271189,0.2615254979860056
100271190,0.0750388739578922
100271191,0.0
100271193,1.3055688771127552
100271194,0.0
100271197,0.0
100271198,0.0
100271199,0.0914418297097786
100271200,0.0
100271201,0.0
100271202,0.0
100271204,0.04578114125236
100271206,0.0
100271207,0.0404403802309502
100271209,0.779992999876471
100271210,0.0
100271211,0.0873244225138922
100271212,0.0
100271213,0.0
100271214,0.0
100271215,0.0
100271216,0.0479473231186116
100271217,0.0
100271218,0.051871586053616
100271220,0.0
100271221,0.0499117462968908
100271224,0.0
100271225,0.0
100271226,0.0
100271227,0.0
100271229,0.1198845651997117
100271230,0.0
100271233,0.0
100271235,0.0
100271236,0.0
100271237,0.0
100271243,0.1222261062390532
100271244,0.0
100271247,0.0406387916047836
100271250,0.0434116529118274
100271251,0.0436093653522559
100271252,0.0805425329522405
100271253,0.0
100271254,0.0
100271256,0.0
100271257,0.0
100271258,0.0
100271260,0.3079306351066379
100271261,0.0
100271263,0.0
100271267,0.0546076972506679
100271271,0.6052589655977353
100271272,0.0
100271276,0.0625696085978943
100271277,0.0596654842894622
100271278,0.4858684616398012
100271282,0.3293037181343514
100271284,0.0
100271285,0.0
100271286,0.1818688831908015
100271287,0.0
100271288,0.0
100271290,0.0
100271291,0.0
100271292,0.0
100271293,0.0
100271294,0.0
100271296,0.0
100271297,0.0
100271298,0.0742768884659622
100271299,0.0
100271300,0.2739829642168674
100271301,0.0
100271302,0.0876995769262763
100271304,0.0973945447953161
100271305,0.0
100271306,0.0873244225138922
100271308,0.0
100271309,0.2195869118689518
100271312,0.1062441514989379
100271313,0.0
100271315,0.1064275149657084
100271316,0.1014623682252616
100271317,0.0
100271319,0.1407218323048948
100271321,0.0
100271324,0.0
100271326,0.0
100271328,0.0
100271329,0.0
100271332,0.1066108377458085
100271334,0.0
100271336,0.0
100271337,0.0
100271338,0.0
100271339,0.0
100271340,0.0
100271342,0.1380798037091699
100271344,0.0
100271346,0.0
100271347,0.0
100271351,0.0
100271353,0.0
100271354,0.0
100271357,0.0
100271358,0.0
100271359,0.0901339590533384
100271360,0.0882619910836516
100271361,0.1660003253041142
100271362,0.0
100271363,0.0
100271364,0.3788439304964756
100271365,0.2507105201109866
100271366,0.0
100271372,0.0960960359655527
100271374,0.1868684534699322
100271375,0.0780798702999492
100271376,0.1517259986918346
100271378,0.0
100271379,0.0
100271380,0.0
100271381,0.0
100271383,0.0
100271384,0.0
100271385,0.0
100271386,0.0
100271387,0.0
100271389,0.0
100271391,0.0
100271392,0.4935970408709675
100271393,0.0
100271395,0.0
100271398,0.0
100271399,0.0
100271401,0.0
100271402,0.0
100271404,0.0
100271407,0.0
100271408,0.0
100271410,0.0
100271411,0.0
100271414,0.0
100271415,0.861533224630786
100271416,0.1277830120988136
100271417,0.1828712777039117
100271419,0.0
100271420,0.0
100271421,0.0
100271422,0.3195341368984075
100271423,0.074848442848116
100271424,0.0
100271425,0.0729417365234151
100271427,0.4578663800900948
100271428,0.0733234266047182
100271429,0.0
100271430,0.1317039313972478
100271431,0.1401941087850785
100271432,0.0
100271433,0.0
100271435,0.0729417365234151
100271437,0.0
100271438,0.0780798702999492
100271439,0.0
100271441,0.0
100271444,0.310634751196004
100271447,0.0356644376201233
100271448,0.2328734811183248
100271449,0.0
100271450,0.0
100271451,0.0
100271452,0.0731326033913595
100271453,0.0
100271456,0.0
100271457,0.0
100271458,0.0
100271460,0.1431800483883791
100271461,0.0
100271462,0.0
100271464,0.0240097576149657
100271465,0.0729417365234151
100271466,0.0
100271467,0.1475514077122861
100271469,0.0
100271470,0.0
100271471,0.0795962166369358
100271474,0.0
100271475,0.0
100271476,0.6441031581971856
100271477,0.0
100271478,0.0
100271479,0.893055513382574
100271480,0.0
100271482,0.1044082755723394
100271483,0.0
100271485,0.0
100271486,0.0
100271487,0.0918151287903754
100271488,0.0955389086838045
100271489,0.0
100271490,0.0
100271491,0.0858221088259321
100271492,0.0
100271495,0.1182595860883647
100271498,0.2024987713287518
100271499,0.0
100271500,0.0986910213962365
100271502,0.0
100271503,0.0
100271504,0.0
100271505,0.0
100271507,0.0
100271510,0.2008677113527925
100271512,0.0
100271513,0.0
100271515,0.5973980037515302
100271516,0.0
100271520,0.0
100271533,0.0
100271534,0.0
100271535,0.09665278895269
100271536,0.0
100271537,0.0
100271538,0.2028245859775974
100271539,0.0
100271542,0.0
100271543,0.0473570995805846
100271545,0.0
100271547,0.0
100271548,0.7960177369898958
100271549,0.247021015259454
100271551,0.0
100271553,0.0
100271557,0.0
100271558,0.0
100271560,0.0
100271561,0.0
100271562,0.0
100271563,0.1949683214694214
100271564,1.0197579329538409
100271570,0.1009088407219797
100271572,0.0
100271574,0.0
100271575,0.193816174198769
100271583,0.1401941087850785
100271585,0.1320594510057083
100271586,0.0
100271587,0.0
100271588,0.0
100271589,0.0
100271590,0.0
100271591,0.0
100271592,0.0
100271593,0.0475538868142473
100271594,0.2099592200681515
100271595,0.0455839386189831
100271596,0.0
100271597,0.045189394581304
100271602,0.0
100271604,0.0
100271605,0.1492934180322608
100271606,0.0
100271607,0.0886367224100169
100271610,0.0
100271612,0.5333786517459175
100271613,0.0999854713451175
100271617,0.0
100271619,0.0
100271620,0.0729417365234151
100271621,0.0797855659595778
100271622,0.0735142061810224
100271623,0.0
100271624,0.0
100271626,1.38665085863982
100271627,0.2649973726362848
100271630,0.0
100271638,0.1044082755723394
100271639,0.0
100271642,0.0
100271644,0.1113630007312303
100271647,0.0
100271649,0.0
100271650,0.5367458206902379
100271651,0.1726218772089289
100271652,0.0
100271702,0.2965852100244166
100271715,0.1400181252501461
100271832,0.0
100271835,0.0
100271836,0.4434565100294874
100271846,0.0352652184723042
100271849,0.3613557864860852
100271870,0.0288518968796068
100271873,0.0
100271884,0.0
100271893,0.0
100271927,1.1109130264759008
100272147,0.0
100272228,0.8193419550313751
100286844,0.2630368896979078
100286918,0.0
100286938,0.0
100286946,0.0453866897349848
100286958,0.0
100286962,0.1224059489718711
100286963,0.0
100286964,0.0
100286997,0.381439265338426
100287013,0.1964472329761948
100287014,0.0
100287015,0.9596095573764736
100287016,0.2409886570316065
100287036,0.1009088407219797
100287042,0.5226466645801888
100287045,0.0
100287049,0.5262772610456699
100287066,0.0
100287067,0.0
100287074,0.0316637209677261
100287082,0.0
100287087,0.3601577487070311
100287136,0.0128076294222381
100287140,0.0
100287144,0.0
100287148,0.0679638175237219
100287171,1.2925078840995343
100287173,0.0
100287177,0.0
100287178,0.0
100287200,0.0
100287205,0.0
100287225,0.0
100287226,0.0639214260144302
100287234,0.0
100287238,0.0
100287243,0.0733234266047182
100287266,0.0729417365234151
100287270,0.0
100287272,0.1272468869287004
100287279,0.0
100287284,0.1766699409861253
100287290,0.4528194211296233
100287325,0.1627547573177827
100287327,0.0
100287335,0.0
100287345,0.0
100287355,0.0
100287357,0.0
100287361,0.1387851793074599
100287364,0.0
100287366,0.0
100287399,0.0
100287404,0.0
100287427,0.0
100287430,0.0
100287441,0.0
100287461,0.140897664497433
100287478,0.0
100287482,1.2405186122328202
100287498,0.0
100287512,0.0455839386189831
100287513,0.0
100287520,0.076560759028747
100287539,0.0
100287542,0.0
100287551,0.018529029376588
100287559,0.1144554512135472
100287569,1.2380814358324943
100287573,0.0
100287577,0.0
100287579,0.0
100287591,0.0
100287592,0.0
100287616,1.3792417663691636
100287635,0.0278454019696254
100287692,0.0
100287704,0.0
100287718,0.0
100287722,0.5117529458957238
100287745,0.1913417191488781
100287785,0.0
100287792,0.0
100287808,0.5545787326281115
100287834,0.0
100287837,0.542184067933255
100287840,0.0
100287856,0.0
100287879,0.0168982779780871
100287887,1.8795593224982965
100287895,0.0
100287896,1.3817408462371958
100287898,0.254382888076708
100287900,0.0
100287902,0.3262465761042679
100287912,0.0
100287919,0.0
100287928,0.0
100287932,2.5951392695579045
100287944,0.1386088924011609
100287948,0.0
100287964,0.0
100287966,0.0
100288001,0.1003549427233438
100288022,0.0
100288035,0.1883623024484596
100288072,0.1744797530975475
100288073,0.0346660352741282
100288097,0.0280467968559265
100288112,0.0
100288122,0.4198281252169684
100288123,1.0492794282952678
100288129,0.0
100288142,0.4023917435227699
100288146,0.0
100288148,0.0
100288172,0.1078929593095223
100288181,0.1267104114681807
100288195,0.0
100288198,0.6425686305596003
100288208,0.0
100288227,0.0
100288233,0.0
100288241,0.0
100288252,0.2844846878967373
100288264,0.0
100288287,0.0
100288298,0.0
100288323,0.0
100288330,0.0
100288332,1.3788196717894203
100288337,0.0
100288392,0.0384536920503017
100288413,0.5264902582634474
100288416,0.0
100288420,0.0
100288484,0.0
100288510,0.0177140457770852
100288513,0.0
100288520,0.0
100288533,0.0
100288543,0.1400181252501461
100288560,0.0820544050747075
100288584,0.0
100288590,0.0
100288637,1.1809346614269398
100288654,0.0
100288659,0.0
100288663,0.0479473231186116
100288683,0.3673179111040963
100288687,0.0
100288690,0.5981688054145686
100288695,0.0
100288711,0.0
100288724,0.0
100288742,0.0
100288763,0.0
100288771,0.0
100288772,0.0246165431357565
100288778,2.1190162188014767
100288785,0.2920876540636091
100288797,0.0
100288798,0.3725786824432509
100288801,0.0
100288803,0.0420263638480368
100288814,0.1656592969286946
100288825,0.0
100288831,0.0
100288842,1.188322970184731
100288843,0.0
100288846,0.5304194087365431
100288853,0.0
100288866,0.2549932931012345
100288868,0.3323487880510513
100288885,0.0
100288897,0.1673630074226078
100288911,1.8441583842912193
100288948,0.0
100288950,0.0
100288964,0.0
100288984,0.0374585887741673
100288998,0.0374585887741673
100289017,0.0
100289028,0.0
100289034,0.076750799447613
100289037,0.0
100289061,1.0772171897753795
100289087,0.0
100289091,0.0
100289092,0.6471620483629925
100289095,0.0
100289097,1.677591283294555
100289098,0.871340976423956
100289099,0.0
100289118,0.0616026860516921
100289133,0.3895569433205307
100289141,0.0
100289178,0.311628633700008
100289184,0.0
100289187,0.7141605563503346
100289206,0.0890112847364733
100289211,0.1274256342200705
100289220,0.0
100289230,0.6046867446922852
100289237,0.0248187083181388
100289255,0.0217811482126814
100289259,0.0
100289264,0.0481439722271771
100289274,0.8249413801791281
100289279,0.0
100289280,0.0314631865193807
100289303,0.1572590627380865
100289315,0.0
100289319,0.0485371324516474
100289341,1.1462095547528284
100289350,0.0298571944893556
100289360,0.0
100289361,0.0
100289371,0.0
100289373,0.5639379237582378
100289380,0.0
100289381,0.0
100289388,0.2933960701910224
100289404,0.27144746091716
100289414,1.1363094007080088
100289416,0.0
100289419,0.0583067721494003
100289448,0.0
100289450,0.0
100289462,0.0
100289470,0.0
100289473,0.1040406105580704
100289475,0.0
100289479,0.0
100289495,0.4096645771812045
100289509,0.4094149576274323
100289518,0.982794887469556
100289545,0.4050331401957274
100289568,0.0
100289581,0.0
100289584,0.0940514026841421
100289607,0.1045920467791873
100289635,1.570716660460609
100289640,0.0232000328901817
100289650,0.0191397532419228
100289678,1.634627927140475
10029,0.0
100292680,0.550882802962905
100293090,2.5926942909827364
100293516,1.7494130021721246
100294362,0.8141138647455262
100294713,0.0
100294720,0.0
1003,2.485583644106315
100302111,0.0
100302112,0.0
100302113,0.0
100302114,0.0
100302115,0.0
100302116,0.0
100302117,0.0
100302118,0.3698213124515176
100302119,0.0
100302121,0.0
100302122,0.0
100302123,0.0
100302124,0.0
100302125,0.221021111993137
100302126,0.0
100302127,0.0
100302128,0.0
100302129,0.0
100302130,0.0
100302131,0.0
100302132,0.0
100302133,0.0
100302134,0.0
100302135,0.0
100302136,0.0
100302137,0.0
100302138,0.0
100302139,0.0
100302140,0.0
100302141,0.0
100302142,0.0
100302143,0.0
100302144,0.0
100302145,0.0
100302146,0.0
100302147,0.0
100302148,0.0
100302149,1.330243174611381
100302150,0.0
100302152,0.0
100302153,0.0
100302155,0.0
100302156,0.0
100302157,0.0
100302158,0.0
100302159,0.0
100302160,0.0
100302161,0.0
100302163,0.0
100302164,0.0
100302166,0.0
100302167,0.0
100302168,0.0
100302170,0.0
100302171,0.0
100302172,0.0
100302174,0.2144665734113071
100302175,0.0
100302177,0.0
100302178,0.0
100302179,0.5924642191312938
100302181,0.0
100302182,0.0
100302183,0.0
100302184,0.0
100302185,0.0
100302186,0.0
100302187,0.0
100302188,0.0
100302190,0.0
100302191,0.0
100302192,0.0
100302193,0.0
100302196,0.0
100302197,0.0
100302201,0.0
100302202,0.0
100302203,0.3418218475162929
100302204,0.0
100302205,0.0
100302208,0.0
100302209,0.0
100302210,0.0
100302211,0.5827872864078509
100302212,0.0
100302213,0.0
100302214,0.0
100302217,0.0
100302218,1.021567964670455
100302219,0.0
100302220,0.0
100302221,0.0
100302222,0.0
100302223,0.0
100302224,0.0
100302225,0.0
100302226,0.0
100302227,0.0
100302228,0.0
100302229,0.962217183300129
100302232,0.0
100302233,0.0
100302234,0.0
100302235,0.0
100302236,0.0
100302237,0.0
100302238,0.0
100302239,0.0
100302240,0.0
100302242,0.0
100302243,0.8075721142774079
100302246,0.3552126429204981
100302250,0.0
100302251,0.0
100302254,0.0
100302255,0.0
100302256,0.4072898362922395
100302257,0.0
100302258,0.0
100302259,0.0
100302260,0.0
100302261,0.0
100302263,0.0
100302265,0.0
100302267,0.0
100302268,0.0
100302270,0.0
100302274,0.0
100302275,0.3418218475162929
100302276,0.3698213124515176
100302277,0.0
100302278,0.0
100302279,0.0
100302280,0.0
100302281,0.0
100302282,0.0
100302283,0.0
100302284,0.3418218475162929
100302285,0.0
100302286,0.0
100302287,0.0
100302288,0.0
100302289,0.0
100302290,0.0
100302401,0.5773534640558448
100302522,0.1428293269526154
100302666,0.3266641730325784
100302691,0.1055102904479631
100302692,1.1785650099592448
100302736,0.0382547653609949
100302737,0.0
100302738,0.0
100302741,0.0
100302742,0.0
100302743,0.0
100303491,0.1088075433050862
100303728,0.4831610087974954
100303755,0.5663593846070586
100306951,0.8703156639971416
100309464,0.0103437444480222
100310782,0.0
100310812,0.0344662129356738
100310846,0.7677882940101898
100310850,0.0
100310851,0.0
100310852,0.0
100310853,0.0
100310855,0.0
100310856,0.0
100310857,0.0
100312775,0.1387851793074599
100312782,0.0
100312785,0.0
100312787,0.0
100312788,0.0
100312789,0.0
100312792,0.1088075433050862
100312798,0.4482119995810875
100312801,0.0738956344925407
100312803,0.0366616595234452
100312806,0.5548858663425813
100312807,0.0340664262320136
100312809,0.0
100312812,0.0
100312817,0.0
100312821,0.0
100312825,0.1014623682252616
100312828,1.1045813634957091
100312830,0.5400973019034722
100312832,0.1377268877932005
100312835,0.0487336436053482
100312837,0.0
100312838,0.0648856742777243
100312842,0.052263005646635
100312848,0.0
100312849,0.5895457875063634
100312850,0.0835635353418218
100313770,0.0
100313771,0.0
100313772,0.3418218475162929
100313773,0.0
100313774,0.0
100313777,0.0
100313778,0.0
100313779,0.0
100313780,0.0
100313781,0.0
100313806,0.0
100313822,0.0
100313824,0.0
100313829,0.2704010462861587
100313830,0.0
100313835,0.0
100313837,0.0
100313838,0.0
100313839,0.0
100313840,0.0
100313841,0.0
100313842,0.0
100313843,0.0
100313884,0.0
100313886,0.6076382119781336
100313887,0.0
100313892,0.0
100313895,0.0
100313914,0.0
100313921,0.0
100313923,0.0
100313938,0.0
100316904,0.0
100329135,0.0467664613262632
100337589,0.0
100337590,0.0
100337591,0.4143916467755089
100359394,0.0134188536255916
10036,1.8817078361987596
100379132,0.0
100379141,0.0
100379174,0.0
100379224,0.0645001083526856
100379250,0.0
100379287,0.3123377707816712
100379296,0.0
100379298,0.0
100379300,0.0
100379345,0.5675670340308447
100379378,0.0
100379564,0.534748464384304
100379571,1.049854212376515
100379584,0.0
100379592,1.320564340959582
10038,1.7857828572446712
100380272,0.1850388721625969
100381178,0.1465044137579888
100381270,0.042620338349058
10039,2.1903797785251724
1004,0.7751827284005205
10040,1.7062274880762027
100418706,0.0641143646112851
100418707,0.0282481437700031
100418710,0.1119095706081079
100418712,0.0
100418714,0.0
100418715,0.0
100418718,0.0
100418720,0.1459804127775399
100418721,0.0
100418722,0.0
100418723,0.7169220058734365
100418731,0.0
100418735,0.0
100418737,0.7584846781432011
100418740,0.1131834935159202
100418744,0.1828712777039117
100418747,0.1261735853154376
100418748,0.0727508259833435
100418751,0.0
100418753,0.0
100418754,0.0
100418768,0.0
100418769,0.0420263638480368
100418770,0.0280467968559265
100418774,0.0
100418781,0.1184402978192798
100418792,0.0
100418799,0.0
100418814,0.5501619278596304
100418819,0.0
100418829,0.0276439590910099
100418832,0.1487712053746272
100418834,0.0
100418835,0.0495192289370227
100418836,0.0
100418865,0.0544125563488178
100418871,0.0
100418874,0.0845053532862342
100418877,0.1867022992794706
100418881,1.124341715772079
100418885,0.0
100418888,0.1749857074436463
100418889,0.0356644376201233
100418892,0.5268096363033034
100418897,0.0
100418903,0.0
100418904,0.0
100418906,0.0
100418908,0.0
100418910,0.2260997077064084
100418919,0.0
100418921,0.0306605722017031
100418937,0.2191082719804654
100418951,0.1270681007161791
100418956,0.0
100418959,0.0
100418960,0.0
100418961,0.0
100418964,0.0
100418965,0.0
100418968,0.2367853608332744
100418974,0.0
100418983,0.0
100419006,0.0
100419008,0.032865928486596
100419016,0.0
100419017,0.3914769545950876
100419023,0.0
100419028,0.720559562760871
100419029,0.0
100419036,0.1468535609837009
100419045,0.0
100419046,0.2563649813792048
100419047,0.0617961599388916
100419056,0.2616767677010045
100419058,0.0
100419069,0.029254159459327
100419073,0.0778901327798074
100419075,0.4819167411393558
100419092,0.0
100419095,0.0
100419149,0.0
100419154,0.0
100419178,0.0
100419185,0.3488845622067646
100419187,0.0
100419209,0.0
100419246,0.0
100419293,0.0
100419318,0.0
100419319,0.0
100419353,0.0
100419356,0.0600532833173621
100419366,0.0
100419391,0.0
100419416,0.0324653828330247
100419423,0.0
100419426,0.0
100419427,0.0
100419436,0.6207214891116375
100419447,0.0
100419458,0.0
100419471,0.0717956175864252
100419472,0.0
100419477,0.0
100419489,0.0179178651438874
100419503,0.2330303265697469
100419506,0.0
100419512,0.0
100419513,0.0
100419515,1.190089250542666
100419548,0.0
100419553,0.0
100419554,0.0
100419558,0.0205630661837875
100419560,0.0845053532862342
100419562,0.0
100419570,0.0
100419572,0.1146369993408919
100419574,0.280359957267272
100419610,0.0
100419614,0.0
100419615,0.0
100419616,0.0
100419624,0.0
100419639,0.0
100419641,0.0
100419642,0.0
100419643,0.1867022992794706
100419644,0.0
100419645,0.0
100419649,0.0
100419650,0.0
100419654,0.0
100419668,0.5075022647920432
100419679,0.032865928486596
100419684,0.0
100419685,0.0
100419691,0.0
100419692,0.0
100419693,0.0
100419700,0.0
100419701,0.0
100419704,0.0
100419712,0.0
100419713,0.0
100419716,0.0
100419717,0.0
100419727,0.0
100419732,0.0
100419733,0.0
100419739,0.0
100419741,0.0322650387162132
100419742,0.0
100419743,0.010754888621307
100419755,0.0
100419758,0.0
100419761,0.0
100419762,0.0
100419764,0.0
100419774,0.0
100419775,0.0
100419777,0.0
100419780,0.0246165431357565
100419783,0.0
100419784,0.0
100419786,0.0203598820990786
100419791,0.0
100419792,0.0
100419806,0.0284494427319338
100419811,0.0
100419812,0.0
100419815,0.0
100419816,0.0
100419824,0.0679638175237219
100419827,0.0
100419830,0.0
100419839,0.0
100419847,0.0723688738166034
100419851,0.0579181636361618
100419855,0.0
100419859,0.0
100419861,0.0
100419877,0.0
100419878,0.3355194528853651
100419880,0.057723791780431
100419883,0.0
100419891,0.0
100419893,0.0888240246898696
100419894,0.0
100419912,0.011781879253164
100419913,0.0
100419916,0.0
100419917,0.0
100419920,0.478057419844406
100419923,0.0
100419928,1.3025549054332262
100419929,0.1666819524291762
100419930,0.059277505632032
100419932,0.0
100419949,0.0
100419950,0.0
100419955,0.0
100419960,0.0754196057556881
100419964,0.0
100419967,0.0
100419968,0.0
100419972,0.0404403802309502
100419974,0.0
100419977,0.0
100419978,0.0
100419979,0.1177172127846447
100419995,0.0
100419996,0.1562244731360848
10042,1.8065916277399967
100420005,0.045189394581304
100420006,0.0
100420008,0.0
100420011,0.300769231165453
100420013,0.0
100420015,0.4702773918155307
100420018,0.0215782561623971
100420019,0.0
100420020,0.0
100420021,0.0596654842894622
100420025,0.0
100420027,0.0
100420028,0.1233045730531342
100420030,0.0716044446446561
100420036,0.041431969987866
100420041,0.0
100420044,0.0
100420048,0.0400434172142254
100420050,0.0
100420051,1.492820393313279
100420052,0.0
100420053,0.0
100420057,0.0
100420058,0.0
100420066,0.0
100420073,0.0
100420080,0.0544125563488178
100420083,0.0
100420084,0.0
100420089,0.0
100420096,0.1159067175904995
100420100,0.1910112164811311
100420110,0.0756099064785592
100420113,0.0
100420114,0.0637284429094406
100420116,0.0
100420119,0.0
100420121,0.0
100420122,0.0
100420123,0.0
100420127,0.0
100420143,0.0886367224100169
100420155,0.0
100420158,0.0
100420166,0.0
100420170,0.0526542428027862
100420180,0.0
100420186,0.0
100420187,0.0544125563488178
100420200,0.0485371324516474
100420205,0.0
100420211,0.0392489295621294
100420213,0.0
100420214,0.0871367817651098
100420223,0.0
100420224,0.0422244019181622
100420226,0.0
100420228,0.0
100420247,0.0526542428027862
100420250,0.0
100420254,0.0
100420257,0.0731326033913595
100420259,0.2986078890717505
100420260,0.0
100420263,0.0195466581122431
100420273,0.0
100420275,0.0
100420287,0.0
100420292,0.0
100420295,0.0
100420298,0.0
100420307,0.6336557079009587
100420308,0.0532407567944813
100420320,0.0
100420321,0.0
100420323,0.0
100420324,0.0
100420325,0.0
100420336,0.0
100420341,0.2268903234648771
100420342,0.0
100420347,0.0
100420354,0.0
100420356,0.0962816618610842
100420362,0.0
100420363,0.0
100420364,0.0
100420367,0.0
100420368,0.0
100420369,0.0
100420370,0.0
100420373,0.0
100420374,0.0
100420376,0.0
100420377,0.0
100420378,0.0
100420385,0.0
100420386,0.0
100420389,0.0
100420392,0.0
100420403,0.0
100420406,0.0
100420410,0.0
100420412,0.0
100420413,0.1222261062390532
100420423,0.0453866897349848
100420424,0.0
100420428,0.0
100420430,0.0
100420466,0.0
100420473,0.0
100420476,0.0
100420501,0.0
100420502,0.5914927489023364
100420505,0.6401244338639404
100420512,0.0
100420514,0.0
100420526,0.0
100420527,0.1808652430448176
100420531,0.0
100420532,0.129745813935983
100420534,0.0
100420535,0.3263858001857181
100420540,0.0
100420541,0.0
100420545,0.0
100420546,0.4194587070270256
100420551,0.119343261883879
100420552,0.0386525717956126
100420557,0.0211723261778742
100420558,0.0
100420567,0.0923747627007558
100420568,0.0
100420569,0.0
100420572,0.0
100420574,0.0
100420576,0.0
100420580,0.0
100420583,0.0
100420589,0.0
100420590,0.0
100420591,0.0
100420607,0.0
100420613,0.0
100420621,0.0
100420642,0.0
100420647,0.0
100420656,0.0
100420658,0.0
100420660,0.051871586053616
100420680,0.0
100420683,0.0
100420707,0.0716044446446561
100420710,0.0
100420737,0.0
100420742,0.0
100420746,0.0
100420752,0.0
100420754,0.0
100420760,0.0442022240997431
100420765,0.0
100420775,0.0
100420790,0.0
100420800,0.0223895328412295
100420801,0.052263005646635
100420802,0.0
100420803,0.2256249613852226
100420821,0.0
100420833,0.0
100420839,0.8274145623082121
100420841,0.0
100420845,0.0
100420859,0.0
100420864,0.061215604083323
100420869,0.1731289935300493
100420872,0.0
100420879,0.0
100420880,0.057140405596366
100420881,0.0
100420889,0.0
100420890,0.0
100420893,0.0
100420898,0.0
100420899,0.3483435797417242
100420900,0.0
100420901,0.0
100420916,0.0
100420919,0.0
100420920,0.0
100420921,0.0422244019181622
100420926,0.0368609624667365
100420930,0.0814877748095437
100420939,0.0
100420941,0.0532407567944813
100420944,0.0
100420957,0.0
100420966,1.416534429750304
100420975,0.0
100420981,1.4114348505228551
100420983,0.0
100420990,0.0
100421002,0.0
100421008,0.0
100421009,0.0
100421018,0.0
100421023,0.0
100421028,0.0
100421029,0.0
100421046,0.0
100421074,0.0
100421075,0.0
100421087,0.0
100421090,0.0
100421093,0.0
100421094,0.0
100421100,0.0
100421109,0.1817016964086886
100421113,0.0
100421116,0.0
100421122,0.0308612972995617
100421125,0.0
100421126,0.0
100421137,0.0
100421141,0.0
100421142,0.0
100421143,0.0
100421146,0.0
100421148,0.0
100421153,0.0
100421154,0.0
100421158,0.0
100421160,0.0
100421165,0.0
100421166,0.3973347382338342
100421167,0.0
100421173,0.0193432301006561
100421175,0.0
100421188,0.0
100421189,0.0
100421194,0.0
100421201,0.0
100421202,0.0
100421217,0.0
100421222,0.0
100421226,0.0
100421232,0.0
100421236,0.0
100421238,0.0
100421246,0.0
100421257,0.0
100421259,0.0
100421271,0.0
100421273,0.9587193233870278
100421289,0.0
100421294,0.0
100421308,0.0
100421311,0.2882954188426201
100421313,0.0378567710724885
100421318,0.0
100421319,0.0
100421324,0.0
100421330,0.0
100421331,0.0
100421336,0.0
100421343,0.0
100421347,0.0
100421354,0.0
100421357,0.0
100421363,0.0
100421364,0.0
100421369,0.426202556890197
100421371,0.0548027927666294
100421372,1.5666767661472254
100421376,0.0384536920503017
100421385,0.0
100421386,0.0
100421387,0.0
100421395,0.4194587070270256
100421400,0.1188016023173223
100421402,0.3654680198730576
100421413,0.2474831453300078
100421415,0.2813931790985983
100421420,0.425958388930797
100421424,0.0790279102152443
100421428,0.0
100421429,0.0150599263207783
100421431,0.0
100421437,0.0
100421439,0.0
100421451,0.0
100421455,0.0
100421462,0.0
100421465,0.0
100421468,0.0
100421478,0.0
100421484,0.0
100421485,0.0
100421495,0.0
100421496,0.0
100421506,0.0
100421508,0.1739734823125703
100421509,0.0
100421511,0.0
100421513,0.0
100421515,0.0865736051467432
100421525,0.0
100421527,0.0
100421528,0.0396462670429822
100421531,0.0
100421533,0.5739734255739812
100421535,0.0
100421537,0.0528497930137067
100421548,0.0
100421550,0.0
100421558,0.0
100421565,0.0
100421569,0.043016088629042
100421580,0.0298571944893556
100421581,0.0
100421582,0.5182442030811757
100421589,0.2778450164077647
100421594,0.0
100421595,0.0
100421599,0.0551928477150357
100421601,0.0
100421603,0.0
100421606,0.1489453134079853
100421611,0.0
100421617,0.0
100421620,0.0742768884659622
100421621,0.4275440557109228
100421622,0.1151814038904759
100421623,0.0
100421629,0.0555827213422205
100421632,0.0320646470462866
100421633,0.0
100421634,0.0201566492701331
100421638,0.0
100421646,0.0901339590533384
100421651,0.0
100421658,0.0
100421664,0.0
100421667,0.0
100421670,0.0
100421672,0.0
100421673,0.0
100421674,0.0
100421684,0.0
100421692,0.0696903035798559
100421695,0.3933920996880313
100421696,0.0
100421697,0.0
100421698,0.2757678129290351
100421699,0.2769554600207218
100421700,0.0
100421701,0.4447673101809474
100421702,0.121866302736131
100421704,0.6111447541373746
100421705,0.0
100421706,0.063149226365247
100421707,0.1211462231579099
100421709,0.0645001083526856
100421710,0.0
100421716,0.0
100421717,0.0
100421718,0.0
100421729,0.046963386855558
100421733,0.0
100421734,0.0352652184723042
100421736,0.0
100421751,0.0
100421754,0.0
100421756,0.1479001074389033
100421766,0.1240227657226751
100421767,0.0
100421768,0.161898500427602
100421769,0.1459804127775399
100421774,0.0
100421775,0.0438070313509447
100421782,0.0
100421787,0.0
100421788,0.0985059346638177
100421794,0.0408371562480633
100421796,1.3169516650283826
100421797,0.0
100421803,0.0
100421805,0.265147976990959
100421806,0.6667211555677265
100421807,0.0
100421808,0.0
100421813,0.0378567710724885
100421815,0.0754196057556881
100421816,0.257582261749483
100421817,0.1263525663569857
100421819,0.0
100421820,0.0
100421823,0.0356644376201233
100421827,0.0
100421829,0.5613053553211942
100421840,0.2360045242826168
100421842,0.0
100421854,0.6739255781171071
100421859,0.0938652766473933
100421860,0.0223895328412295
100421865,0.3224780060156172
100421868,0.0
100421870,0.0
100421901,0.0
100421910,0.0
100421985,0.0
100422013,0.0
100422019,0.0
100422020,0.0
100422022,0.0
100422023,0.0
100422024,0.0221867865316464
100422044,0.0
100422053,0.0
100422055,0.0467664613262632
100422059,0.0
100422091,0.0664261626900539
100422106,0.1084418312612436
100422188,0.0
100422189,0.0
100422190,0.0
100422200,0.0639214260144302
100422204,0.2987521653592278
100422225,0.0706479226552025
100422229,0.0
100422230,0.0
100422235,0.0
100422254,0.557644145757668
100422256,0.0
100422263,0.0704564866776887
100422265,0.1151814038904759
100422267,0.0
100422268,0.0392489295621294
100422271,0.0
100422272,0.0420263638480368
100422274,0.0
100422284,0.0495192289370227
100422285,0.0
100422287,0.0936791088254262
100422288,0.0
100422296,0.4137713626578476
100422300,0.0240097576149657
100422317,0.0899469520555108
100422319,0.0
100422325,0.0
100422330,0.0
100422334,0.0
100422338,0.1433553526763596
100422339,0.0
100422342,0.0
100422346,0.0
100422347,0.0
100422348,0.0
100422374,0.053631538511365
100422376,0.0
100422381,0.0
100422382,0.0973945447953161
100422384,0.0
100422385,0.0
100422398,0.3033549427328108
100422399,0.0
100422407,0.0
100422411,0.1313482575810238
100422417,0.0
100422418,0.0
100422431,0.0
100422432,0.0
100422441,0.1475514077122861
100422445,0.1191627482987562
100422449,0.0
100422452,0.0
100422453,0.0
100422473,1.320652866895657
100422491,0.0
100422492,0.0
100422493,0.0685397094214406
100422496,0.0
100422497,0.068923416931643
100422513,0.0
100422514,0.0
100422519,0.0
100422523,0.0
100422526,0.2709991681579604
100422527,0.0
100422528,0.0
100422529,0.0
100422540,0.0
100422545,0.0
100422546,0.0
100422547,0.0
100422548,0.0
100422549,0.0
100422550,0.0
100422558,0.0940514026841421
100422559,0.0
100422561,0.0376577034343075
100422562,0.0382547653609949
100422564,0.0
100422580,0.0
100422581,0.0714132279076869
100422582,0.2063998406531889
100422587,0.0
100422603,0.4065383565242155
100422608,1.812199028059992
100422614,0.0
100422622,0.0
100422625,0.0
100422627,0.0
100422628,0.0
100422633,0.0
100422637,0.0
100422638,0.0
100422639,0.0
100422640,0.0
100422641,0.0
100422644,0.0
100422656,0.0681558255976688
100422658,0.0
100422671,0.0
100422674,0.0
100422685,0.0
100422686,0.0
100422687,0.0805425329522405
100422690,0.4453623642063073
100422710,0.04578114125236
100422715,0.0835635353418218
100422716,0.0424223934120883
100422737,0.002701491548138
100422821,0.0
100422823,0.0
100422824,0.0
100422825,0.0
100422826,0.0
100422827,0.0
100422828,0.0
100422829,0.0
100422830,0.0
100422831,0.0
100422832,0.0
100422833,0.0
100422834,0.0
100422835,0.0
100422836,0.0
100422837,0.0
100422838,0.0
100422839,0.0
100422840,0.0
100422841,0.338540088196072
100422842,0.0
100422843,0.0
100422844,0.0
100422845,0.0
100422846,0.7717572194030038
100422847,0.0
100422848,0.0
100422849,0.3855734063166763
100422850,0.0
100422851,0.0
100422852,0.0
100422853,0.0
100422854,0.0
100422855,0.0
100422856,0.0
100422857,0.0
100422858,0.0
100422859,0.0
100422860,1.8122509854537177
100422861,0.0
100422862,0.3552126429204981
100422863,0.0
100422864,0.3698213124515176
100422865,0.0
100422866,0.0
100422867,0.0
100422868,0.0
100422869,0.0
100422870,0.0
100422871,0.6181992056494018
100422872,1.771016773729284
100422873,0.3775429261445328
100422874,0.0
100422875,0.3736264849638638
100422876,0.0
100422877,0.0
100422878,0.3552126429204981
100422879,1.456772547348398
100422880,0.0
100422881,0.0
100422882,0.0
100422883,0.0
100422884,0.0
100422885,2.3813090386178946
100422886,0.0
100422887,0.0
100422888,0.0
100422889,0.0
100422891,0.0
100422892,0.0
100422893,0.0
100422894,0.0
100422895,0.3775429261445328
100422896,0.0
100422897,0.0
100422898,0.0
100422899,0.0
100422900,0.0
100422901,0.3736264849638638
100422902,0.0
100422903,0.0
100422904,0.0
100422905,0.0
100422907,0.0
100422908,0.0
100422909,0.3450896434646048
100422910,0.0
100422911,0.0
100422912,0.0
100422914,0.0
100422915,0.0
100422916,0.0
100422917,0.0
100422918,0.0
100422919,0.0
100422920,0.0
100422921,0.3517184693718995
100422922,0.3736264849638638
100422923,0.0
100422924,0.0
100422925,0.3896850958985421
100422926,0.0
100422927,0.0
100422928,0.0
100422929,0.4653148657282394
100422930,0.0
100422931,0.0
100422932,0.0
100422933,0.0
100422934,0.0
100422935,0.0
100422936,1.348662257035578
100422937,0.0
100422938,0.0
100422939,0.0
100422940,0.0
100422941,0.0
100422942,0.6181992056494018
100422943,1.8454845141109193
100422944,0.9007425070421446
100422945,1.2094477037054014
100422946,0.0
100422947,0.0
100422948,0.0
100422949,0.0
100422950,0.0
100422951,0.0
100422952,0.0
100422953,0.381439265338426
100422954,0.0
100422955,0.0
100422956,0.0
100422957,0.0
100422959,0.0
100422960,0.0
100422961,0.0
100422962,0.0
100422963,0.0
100422964,0.0
100422965,1.3421601608562508
100422966,0.0
100422967,0.0
100422968,0.0
100422969,0.0
100422971,0.9577162665337472
100422972,0.0
100422973,0.0
100422974,0.0
100422975,0.0
100422976,0.4317964909096636
100422977,0.0
100422978,0.0
100422979,0.394029403740415
100422980,0.0
100422981,0.0
100422982,0.0
100422983,0.0
100422984,0.0
100422985,0.0
100422986,0.9444116875488404
100422987,0.0
100422988,0.0
100422989,0.0
100422990,0.3855734063166763
100422991,0.0
100422992,0.0
100422993,0.0
100422994,0.0
100422995,0.0
100422996,0.0
100422997,1.009243020210666
100422998,0.0
100422999,0.0
100423000,0.3736264849638638
100423001,0.3552126429204981
100423002,0.0
100423003,0.0
100423004,0.0
100423005,0.0
100423006,0.0
100423008,0.0
100423009,0.0
100423010,0.0
100423011,0.7774812359654543
100423012,0.3552126429204981
100423013,0.0
100423014,0.0
100423015,0.0
100423016,0.0
100423017,0.0
100423018,0.0
100423019,0.0
100423020,1.0753862218197732
100423021,0.0
100423023,0.3896850958985421
100423025,0.0
100423026,0.0
100423027,0.0
100423028,0.0
100423029,0.0
100423030,0.0
100423031,0.0
100423032,0.0
100423033,0.0
100423034,0.0
100423035,0.0
100423036,0.0
100423037,1.9740492392603504
100423038,0.0
100423039,0.0
100423040,0.0
100423041,0.3355194528853651
100423042,0.0
100423043,0.0
100423061,0.1754913456975675
100423062,0.3315195069042385
10043,2.2432429248439787
100431172,0.0485371324516474
100431173,0.0
10044,2.1294473065482347
10045,1.643561260742002
10046,1.011646651017142
100462767,0.0
100462772,1.2881031742436662
100462776,0.0
100462780,0.0
100462785,0.0
100462786,0.0
100462790,0.1265315084029311
100462792,0.0
100462793,0.0
100462799,0.0
100462813,0.4276658907318465
100462815,0.0
100462816,0.0
100462825,0.0
100462830,0.0
100462833,0.0
100462836,0.7131017149043968
100462840,0.0
100462843,0.1023840919216796
100462851,0.0
100462867,0.0
100462868,0.0
100462869,0.0
100462871,0.0
100462872,0.0
100462873,0.0
100462874,0.0
100462875,0.0
100462877,0.0
100462878,0.0
100462879,0.0
100462881,0.0
100462886,0.0
100463528,0.0
10047,0.1466790060376274
10048,2.419863603535027
10049,2.024606334009253
100498859,0.0346660352741282
100499171,0.0278454019696254
100499177,2.021895898522142
100499227,0.0758001637739616
100499258,0.0
100499261,0.0700734830017112
100499405,0.5603918124637641
100499416,0.0
100499417,0.0
100499418,0.0
100499457,0.0
100499468,0.0
100499469,0.0
100499471,0.0
100499481,0.0
100499483,0.2366292549290747
100499484,0.3606904420989562
1005,0.0858221088259321
10050,0.0606346453732357
100500719,0.0
100500737,0.2338140899857443
100500798,0.0
100500801,0.0
100500802,2.038590985576374
100500803,0.0
100500804,0.0
100500807,0.0
100500808,0.0
100500809,0.0
100500810,0.0
100500811,0.0
100500812,1.8656944381989349
100500813,0.0
100500814,0.8612080247566096
100500816,0.0
100500817,0.0
100500818,0.0
100500819,0.9314548834905104
100500820,0.0
100500821,0.0
100500822,0.0
100500823,0.0
100500824,0.0
100500825,0.0
100500826,0.2606172693978964
100500827,0.0
100500828,0.3517184693718995
100500829,0.0
100500830,0.0
100500831,0.0
100500832,0.0
100500834,0.0
100500835,0.3794935971895026
100500836,0.0
100500837,0.0
100500838,0.0
100500839,0.0
100500841,0.0
100500842,0.0
100500843,0.0
100500844,0.0
100500845,0.0
100500846,0.0
100500847,0.0
100500849,0.0
100500850,1.8215203400295792
100500851,0.0
100500852,0.0
100500853,0.5192128943969841
100500854,0.9972881495501682
100500855,0.0
100500856,0.0
100500857,0.0
100500858,0.0
100500859,0.0
100500860,0.0
100500861,0.0
100500862,0.0
100500863,0.0
100500864,0.0
100500865,0.0
100500866,0.0
100500867,0.0
100500868,0.0
100500869,0.0
100500870,0.0
100500871,0.0
100500872,0.0
100500873,0.0
100500875,0.0
100500876,0.0
100500877,0.0
100500878,0.0
100500879,0.0
100500880,1.2694646912774223
100500881,0.0
100500882,0.0
100500883,0.0
100500884,0.0
100500885,0.0
100500886,0.0
100500887,0.0
100500888,0.0
100500889,0.0
100500890,0.0
100500891,0.0
100500893,0.0
100500894,0.0
100500895,0.0
100500896,0.0
100500897,0.0
100500898,0.0
100500899,0.0
100500900,0.0
100500901,0.0
100500902,0.0
100500903,0.0
100500904,0.2808029335446761
100500905,0.0
100500906,0.0
100500907,0.0
100500908,0.0
100500909,0.0
100500910,0.0
100500911,0.2830140637454333
100500912,0.0
100500913,0.0
100500914,0.0
100500915,0.0
100500916,0.0
100500917,0.8890831927165979
100500918,0.0
100500919,0.0
100500920,0.0
100500938,0.0
100505383,0.0
100505385,0.367053915781504
100505474,0.0148554188895284
100505475,0.0635354152782802
100505477,0.0
100505478,0.1588084847758757
100505495,0.9534068528318312
100505501,0.2838967698843725
100505502,0.1825372844358325
100505515,0.0
100505534,0.0296562306312831
100505538,0.9290644422577106
100505540,0.0
100505545,0.0
100505549,0.7572648043420133
100505561,0.0
100505566,0.559070182078184
100505573,1.9299977046288992
100505576,0.9802737169769988
100505583,0.0
100505588,0.0
100505591,0.0
100505592,1.1715894347004792
100505609,0.0
100505616,0.5530410819506881
100505619,0.0
100505621,0.0148554188895284
100505624,0.1126377675040334
100505625,0.0693069482704467
100505633,0.2245161188612271
100505635,0.3216380437299648
100505641,2.592834493837256
100505648,1.715966030253008
100505658,0.0
100505659,0.0
100505663,0.0
100505664,0.0786488237171767
100505666,1.043307142335219
100505676,0.0164900995891271
100505678,0.8503825830828389
100505683,0.6071630074891282
100505685,0.0
100505694,0.0501079362162316
100505696,1.288542145276407
100505716,0.2615254979860056
100505718,0.0076664475141711
100505724,0.0
100505738,0.8909483308238113
100505739,0.0
100505741,0.3089279848405443
100505746,1.5802733939115974
100505753,0.0455839386189831
100505755,0.202009801220362
100505761,1.451953326237201
100505767,0.4823694465515257
100505768,0.0
100505771,1.857017152947272
100505776,0.0
100505782,0.0
100505783,1.177683396292094
100505795,0.0362629122582597
100505806,1.614661822792762
100505811,0.029254159459327
100505812,1.3913598144438368
100505817,0.0144462560950847
100505826,0.2689037468752279
100505832,0.0140368959186701
100505839,0.2033130600511164
100505841,0.0861979419229091
100505851,0.0886367224100169
100505853,0.0
100505854,1.1667211003223377
100505869,0.4204434173498403
100505876,1.9411970968600616
100505877,0.1268892755676334
100505878,0.0
100505879,0.0
100505881,1.36791086403629
100505890,0.0
100505893,0.0553878071845259
100505894,0.5600870380260856
100505915,0.0410354741801234
100505929,0.1195237358855934
100505933,0.06565627325421
100505942,0.1482486582226979
100505948,0.0
100505964,0.0
100505967,0.0
100505975,0.3258287531326413
100505984,0.4661250001535367
100505985,0.0
100505989,0.8405816964651199
100505993,0.045189394581304
100505996,0.6312717319098563
100506013,0.5484082039577458
100506020,0.2559080167354376
100506022,1.0568977042816343
100506025,0.0752292615879394
100506033,0.3425037863712844
100506035,0.2330303265697469
100506049,0.0
100506050,0.0
100506054,1.047984122351733
100506068,0.2106046840008167
100506070,0.3907095352383978
100506071,0.1744797530975475
100506076,0.0445972313113895
100506082,0.2214986065228349
100506083,0.24809889929831
100506084,0.0447946653885956
100506085,0.0082850342053478
100506099,0.2028245859775974
100506103,0.0
100506108,0.1712680127981029
100506115,1.0381049285149615
100506119,1.632848274812967
100506122,0.0
100506125,0.0633423431029015
100506126,0.0086971754034013
100506127,0.4765764164248742
100506142,0.3625519464706961
100506144,0.0756099064785592
100506159,0.0641143646112851
100506161,1.053386440244351
100506164,0.136843931739014
100506169,0.5766588888045565
100506172,0.0
100506175,0.0370602183099194
100506178,0.2559080167354376
100506195,0.0
100506211,0.8211445769339801
100506215,0.5394700882537586
100506224,0.0
100506229,0.1857046546754418
100506233,0.889581101719844
100506235,0.6742708745397795
100506237,0.0203598820990786
100506241,0.0
100506243,0.1484228777959074
100506258,0.3120541937650887
100506271,0.0
100506272,0.0
100506274,0.0183253569229505
100506275,0.0497155105434259
100506286,0.5806187560096068
100506289,0.308785584733161
100506299,0.4445291549440259
100506302,0.7223308002787144
100506305,0.0668108416886656
100506311,1.4009530441628368
100506314,0.7339685787915605
100506319,0.0
100506321,0.229730058806874
100506334,0.510338815388899
100506343,0.0723688738166034
100506356,0.0
100506368,0.7179748737128936
100506374,0.3384030436557935
100506376,0.1064275149657084
100506380,0.6527054297210433
100506384,0.0
100506385,0.6498498825067728
100506388,0.8342352889081716
100506392,0.3448178579210003
100506394,0.9442407014424272
100506405,0.0
100506406,0.0
100506409,1.027711293144245
100506411,0.9379383534611314
100506412,0.0205630661837875
100506413,0.0144462560950847
100506421,0.0078726930921942
100506422,0.0
100506428,0.2790295234956692
100506433,0.0542173700425294
100506443,0.1171744819931155
100506444,0.011781879253164
100506451,0.7300851955569366
100506457,0.0084911297831118
100506462,0.3562845697911383
100506465,0.0089031710875008
100506469,1.079725462855858
100506470,0.0
100506474,0.3491549102849444
100506475,0.0
100506476,1.132873982945991
100506489,0.0
100506492,1.2343186184711692
100506495,0.2724924834198263
100506497,0.4099141138049837
100506498,0.0
100506504,1.2276271119723658
100506506,0.0
100506516,0.9011702155381828
100506526,0.0
100506527,0.0
100506530,0.0639214260144302
100506532,0.2852189645943883
100506540,0.6286030092993734
100506542,0.0
100506551,0.0340664262320136
100506564,0.0396462670429822
100506571,0.0790279102152443
100506581,0.201846744967738
100506599,1.1459661634032463
100506606,0.4200743027685432
100506622,0.1979234293138989
100506637,0.6681158579686922
100506649,0.696181730890102
100506655,0.1798603545490436
100506658,1.8303200788662397
100506660,0.1982511050965841
100506668,1.808933642897078
100506674,2.015574106325696
100506675,0.0
100506677,0.0
100506679,0.1873667107284053
100506680,0.0320646470462866
100506681,0.211088440665768
100506682,0.0
100506686,0.8388325514477699
100506688,0.531794854511342
100506691,0.2837497213258301
100506696,1.628889605862831
100506697,0.1051431153898577
100506710,1.9878882516680785
100506713,0.3918603722166712
100506714,1.47299593436814
100506721,0.0
100506724,0.0
100506725,0.1576036338499989
100506731,0.1791897340119939
100506733,0.031262604438497
100506736,0.5790374626792876
100506737,0.776370055000184
100506742,0.4676271768005791
100506749,0.7099151956752227
100506757,0.1095384817418901
100506765,0.0
100506775,0.3800129302731301
100506776,0.7908162166136228
100506779,0.7915411228498574
100506791,0.0
100506795,0.622397965152442
100506801,0.2741318567637659
100506804,0.2041265232242545
100506810,0.3076454425599115
100506811,0.0
100506827,0.0923747627007558
100506834,0.5066272471831827
100506835,0.2799167303324134
100506844,1.2459035093680513
100506860,0.1403700544629917
100506866,0.2370974806067989
100506869,0.5859296988439976
100506881,0.5902278349658007
100506885,0.0610219959658159
100506888,0.0
100506895,0.0246165431357565
100506897,0.0
100506901,0.1357831260270535
100506907,0.0
100506911,0.0
100506915,0.0706479226552025
100506922,0.6740982480842358
100506929,0.0
100506930,1.3460823663941326
100506937,0.0
100506939,0.0171022935190702
100506963,0.3950479725611193
100506990,0.5277669233782695
100506994,0.2138242184483477
100506999,0.0246165431357565
100507003,0.0334663908138561
100507027,0.01219232802879
100507032,0.4027696539078421
100507034,0.1795251138352385
100507040,0.1543243036951329
100507043,0.0
100507050,0.4684347742055308
100507053,0.4510507252520137
100507055,0.2375654303383231
100507057,1.365533318569518
100507058,0.0
100507059,0.0
100507062,0.4456002523021204
100507064,0.032865928486596
100507086,0.06565627325421
100507091,0.0
100507096,0.0
100507098,0.3304124086642045
100507114,0.0
100507117,0.2057509787839322
100507118,0.1159067175904995
100507127,0.0175101773978301
100507135,0.1274256342200705
100507143,0.0
100507144,0.1539783414563714
100507156,0.1067941198550825
100507157,0.0
100507163,0.4848543393753593
100507170,0.0
100507171,0.820105214137604
100507173,0.5504709632189697
100507175,0.2440879109998394
100507178,0.2013573773952446
100507201,0.0
100507203,0.0284494427319338
100507206,0.0666185243177208
100507218,0.2962958267391992
100507240,0.0166942133416963
100507244,0.0777003520403405
100507246,1.7243985643543898
100507249,0.0
100507250,0.3067892359627172
100507254,0.0964672461846826
100507257,0.224991526000587
100507261,0.0
100507266,0.3254107039033371
100507274,0.0
100507277,0.0
100507283,0.3265249991591786
100507290,1.934357022207413
100507291,0.495710922760668
100507300,0.1162691351325153
100507303,2.4773235042188984
100507308,0.0134224851965348
100507316,1.434213073638679
100507331,0.0
100507336,0.0256268862991105
100507341,0.0716044446446561
100507347,1.1200275616772133
100507362,0.0
100507373,1.0492794282952678
100507377,0.0
100507384,0.0
100507388,0.0
100507389,0.0388514046163894
100507391,0.0213753154909553
100507392,1.0265175367753254
100507398,0.3026375512736929
100507401,0.24809889929831
100507403,0.5815066848833075
100507404,0.1108160684965277
100507406,0.1279616427158935
100507410,0.1603549607351917
100507420,0.8132734534164687
100507421,0.3994881133746474
100507423,0.3283323045897103
100507428,0.0
100507433,0.3562845697911383
100507435,0.0
100507436,2.074934875886456
100507437,0.9217193195687378
100507458,1.067354354032304
100507459,0.8166285997609187
100507461,0.0
100507462,0.2939768848140943
100507463,1.5922082510027191
100507466,0.140897664497433
100507468,0.2468669119253628
100507470,0.0
100507475,0.5445763746938326
100507477,0.0
100507480,0.0
100507487,0.556521687446035
100507495,0.699350172489596
100507500,0.0380557917082188
100507501,0.7955858507090149
100507506,0.1858710144881974
100507507,1.88871651902337
100507516,0.998906292740705
100507524,0.2005411013501901
100507526,0.0115765804481612
100507527,0.0
100507528,0.0
100507533,0.0719867467506061
100507534,0.0
100507537,0.0
100507540,0.4616000181330758
100507547,0.2630368896979078
100507551,0.7234555294177765
100507554,0.5072836091381951
100507562,0.0
100507564,0.3711355923676795
100507567,1.1141817137889591
100507582,0.7132647217010527
100507584,0.4686653537558338
100507588,0.5397837635104059
100507599,1.2736054128867431
100507600,0.3589578279661939
100507602,1.696731521233506
100507605,0.0
100507607,0.4097893558563288
100507608,0.0
100507612,0.1216863419358079
100507629,0.0
100507632,0.690306184679266
100507639,0.1162691351325153
100507642,0.8040277081064541
100507650,0.1605266099672951
100507651,0.0284494427319338
100507657,0.0282481437700031
100507661,0.2692034350311641
100507670,0.2246746194154232
100507679,0.0060146795562324
100507747,0.2863923752026195
100508046,0.0
100508120,0.5046545982458458
100508631,0.0
100509620,1.0203618841990252
100509894,0.0187326529005272
100509927,0.0
10051,1.825122994570159
100510707,0.0
10052,1.3561332121033969
100526416,0.0
100526664,0.0
100526693,0.0
100526694,0.0
100526737,0.3694265854349449
100526738,0.0
100526739,0.016081724652309
100526740,0.0
100526760,0.0
100526761,0.0
100526767,0.0696903035798559
100526771,0.1895222740277748
100526772,0.0986910213962365
100526773,0.0
100526783,0.0
100526794,0.0
100526825,0.0
100526830,0.0
100526831,0.0
100526835,0.230202364696839
100526836,0.0
100526842,0.0
100527943,0.0
100527945,0.0
100527949,0.0
100527963,0.0
100527978,0.331934259048962
100528016,0.0565566131007352
100528017,0.0
100528018,0.0
100528019,0.0
100528020,0.0
100528021,0.0
100528030,0.0637284429094406
100528062,0.0130126308322217
100528064,0.0
100529063,0.3155914713283462
100529097,0.0
100529144,0.0
100529145,0.3875035432439886
100529209,0.0
100529215,0.057723791780431
100529239,0.0
100529240,0.0
100529241,0.0
100529251,0.0740862832627668
100529257,0.0
100529261,0.0
10053,2.615988881022125
100532724,0.0
100532726,0.0
100532731,0.0
100532732,0.2809505366450674
100532735,0.0
100532737,0.0
100532746,0.2345970813119669
100533105,0.01219232802879
100533106,0.0786488237171767
100533107,0.5276606208324429
100533111,0.1267104114681807
100533177,0.0
100533179,0.0658488120877697
100533181,0.0
100533182,0.454818848047692
100533184,0.0
100533195,0.0
100533464,0.0
100533467,0.0
100533483,0.0
100533496,0.0
100533619,0.1394899473602603
100533622,0.0
100533626,0.0
100533627,0.0
100533628,0.0
100533629,0.1018311809447803
100533631,0.0322650387162132
100533634,0.109721115265514
100533643,0.2054263508171301
100533653,0.0
100533658,0.0
100533663,0.0
100533666,0.0
100533667,0.0
100533669,0.0
100533670,0.0
100533672,0.0
100533674,0.0
100533675,0.0
100533676,0.1482486582226979
100533677,0.0
100533679,0.0
100533695,0.1020155256679961
100533705,0.0
100533706,0.0
100533708,0.0
100533711,0.0164900995891271
100533713,0.0
100533714,0.0
100533717,0.0
100533718,0.0
100533723,0.0
100533727,0.0
100533728,0.0
100533729,0.0
100533731,0.0
100533736,0.0
100533757,0.0
100533787,0.0
100533844,0.0
100533848,0.0126025784990239
100533849,0.0
100533851,0.0882619910836516
100533852,0.0
100533952,0.0
100533970,0.1921673828594753
100533997,0.0
100534589,0.0
100534592,0.0
100534593,0.4133989458161449
100534595,0.0
100534599,0.0
100534612,0.0
10054,2.4204157586183612
10055,2.4323156039806335
10056,1.8758966155825392
10057,2.0347473539042755
10058,0.2361607530198453
10059,2.1549964785392124
1006,0.0497155105434259
10060,1.4180274603564769
10061,1.6352351706425454
100616109,0.0
100616110,0.0
100616111,0.0
100616112,0.0
100616113,0.0
100616114,1.6997622094871343
100616115,0.0
100616116,1.1028782428804518
100616117,1.537985147757879
100616118,0.0
100616119,0.0
100616120,0.0
100616121,0.8203132199719012
100616122,0.0
100616123,0.0
100616124,0.0
100616125,0.0
100616126,0.0
100616127,0.0
100616128,0.0
100616129,0.0
100616130,0.5733752738103256
100616131,0.0
100616132,1.141280953445096
100616133,0.0
100616134,0.0
100616135,0.0
100616136,0.0
100616137,0.0
100616138,0.0
100616139,0.0
100616140,0.0
100616141,0.0
100616142,0.0
100616143,0.0
100616144,0.3517184693718995
100616146,0.0
100616147,0.0
100616148,0.0
100616149,0.3736264849638638
100616150,0.0
100616151,0.3983488574434615
100616152,0.0
100616153,0.0
100616154,0.0
100616155,0.0
100616157,0.0
100616158,0.0
100616159,0.0
100616160,0.0
100616161,0.0
100616162,0.4423823136408459
100616163,0.4776020445966557
100616164,0.8075721142774079
100616165,0.0
100616166,0.0
100616167,0.0
100616168,0.9914056588096546
100616169,0.0
100616170,0.0
100616171,0.0
100616172,0.0
100616173,0.0
100616174,0.0
100616175,0.0
100616176,0.0
100616178,0.0
100616179,0.0
100616180,0.0
100616181,0.7577987748300614
100616182,0.0
100616183,0.0
100616184,0.0
100616185,0.0
100616186,0.0
100616187,0.0
100616188,0.0
100616189,0.0
100616190,0.0
100616191,0.0
100616192,0.0
100616193,0.0
100616194,2.6213277047912427
100616195,0.0
100616196,0.0
100616201,0.0
100616202,0.4906944078301983
100616203,0.0
100616204,0.394029403740415
100616205,0.0
100616206,0.0
100616207,0.0
100616208,0.3659970186845886
100616210,0.0
100616211,0.0
100616212,0.0
100616213,0.0
100616214,0.0
100616215,0.0
100616216,0.0
100616218,0.0
100616219,0.0
100616220,0.0
100616221,0.0
100616222,0.0
100616223,0.0
100616224,0.0
100616225,0.3698213124515176
100616226,0.0
100616227,0.0
100616228,0.0
100616229,0.0
100616230,0.0
100616231,0.0
100616232,0.0
100616234,0.0
100616235,0.4120318336113919
100616236,0.0
100616237,0.0
100616238,0.0
100616239,0.0
100616240,0.0
100616241,0.0
100616242,0.0
100616243,0.0
100616244,0.0
100616245,0.0
100616246,0.0
100616247,0.0
100616248,0.0
100616249,0.971448441287505
100616250,0.0
100616251,0.0
100616252,0.0
100616253,0.381439265338426
100616254,0.3775429261445328
100616255,0.0
100616256,0.0
100616257,0.0
100616258,0.0
100616259,0.0
100616260,0.0
100616261,0.0
100616262,1.055429306873563
100616263,0.0
100616264,0.0
100616265,0.0
100616266,0.3775429261445328
100616267,0.0
100616268,0.0
100616269,0.4072898362922395
100616270,0.0
100616271,0.0
100616272,0.0
100616273,0.0
100616274,0.0
100616275,0.0
100616276,0.0
100616277,0.0
100616278,0.0
100616279,0.0
100616280,0.0
100616282,0.0
100616283,0.6291559988349685
100616284,0.9148247807436256
100616285,1.1644085714422028
100616286,0.0
100616287,0.0
100616288,0.0
100616289,0.0
100616290,0.0
100616291,0.0
100616292,0.7339685787915605
100616293,0.0
100616294,0.9067040935406632
100616295,0.0
100616296,0.6405777134900442
100616297,0.0
100616299,0.0
100616300,0.0
100616301,0.0
100616302,0.0
100616303,0.0
100616304,0.0
100616305,0.0
100616306,0.7717572194030038
100616307,0.0
100616308,0.7952977681903578
100616309,0.0
100616310,0.0
100616311,0.0
100616312,0.0
100616313,0.0
100616314,0.0
100616315,0.0
100616316,0.0
100616317,0.0
100616318,1.9770848616770615
100616319,0.0
100616320,0.0
100616321,0.5973980037515302
100616322,0.0
100616323,1.0002601151561126
100616324,0.0
100616325,0.0
100616326,0.0
100616327,0.3517184693718995
100616328,0.0
100616329,0.0
100616330,0.0
100616331,0.0
100616332,0.0
100616333,0.0
100616334,0.0
100616335,0.0
100616336,0.0
100616337,0.0
100616338,0.0
100616339,0.0
100616340,0.0
100616341,0.0
100616342,0.0
100616343,0.3624191323761177
100616344,0.0
100616345,0.0
100616346,0.0
100616347,0.0
100616348,0.0
100616349,0.0
100616350,0.0
100616351,0.0
100616352,0.0
100616354,0.0
100616355,0.0
100616356,0.0
100616357,0.0
100616358,0.0
100616359,0.9577162665337472
100616360,0.0
100616361,0.0
100616362,0.0
100616363,0.0
100616364,0.0
100616365,0.0
100616366,0.4072898362922395
100616367,0.0
100616368,0.3517184693718995
100616369,0.0
100616370,0.0
100616371,0.0
100616372,0.0
100616373,0.0
100616374,0.7339685787915605
100616375,0.0
100616376,0.0
100616377,0.0
100616378,0.0
100616379,0.0
100616380,0.0
100616381,0.0
100616382,0.0
100616383,0.0
100616384,0.3355194528853651
100616385,0.0
100616386,0.0
100616387,0.0
100616388,0.0
100616389,0.0
100616390,0.0
100616391,0.0
100616392,0.0
100616393,0.0
100616394,0.0
100616395,0.0
100616396,0.0
100616397,0.0
100616398,0.0
100616399,0.3450896434646048
100616400,0.0
100616401,0.0
100616402,0.0
100616403,0.0
100616404,0.0
100616405,0.0
100616406,0.0
100616407,0.0
100616408,0.0
100616409,0.0
100616410,0.711632880749498
100616413,0.0
100616414,0.0
100616415,0.0
100616416,0.0
100616417,0.7892913014153669
100616418,0.0
100616419,0.0
100616420,0.3552126429204981
100616421,0.0
100616422,0.8541430166292336
100616423,0.0
100616424,0.0
100616425,0.0
100616426,0.0
100616428,0.0
100616429,0.3588243869820759
100616430,0.0
100616431,0.0
100616432,0.9509871087767192
100616433,0.0
100616434,0.394029403740415
100616435,0.0
100616436,0.0
100616437,0.0
100616438,0.0
100616439,0.0
100616440,0.0
100616441,0.0
100616447,0.0
100616449,0.0
100616450,0.0
100616451,0.0
100616452,0.0
100616453,0.0
100616454,0.0
100616455,0.0
100616456,0.0
100616457,0.0
100616459,0.0
100616460,0.0
100616463,0.0
100616464,0.0
100616465,0.0
100616466,0.0
100616467,0.0
100616468,0.3450896434646048
100616469,0.6464435248702883
100616470,0.0
100616471,0.0
100616472,0.0
100616473,0.0
100616474,0.0
100616475,0.0
100616476,0.0
100616477,1.3221555417307933
100616478,0.0
100616479,1.521878187061531
100616480,0.0
100616481,0.0
100616482,0.4072898362922395
100616483,0.0
100616484,0.0
100616485,0.0
100616486,0.0
100616487,0.0
100616488,0.0
100616490,0.5973980037515302
100616491,0.0
100616492,0.0
100616493,0.0
100616494,0.0
100616495,0.0
100616498,0.0
100616499,0.0
100616500,0.0
100616530,0.2237231430345674
10062,2.1019326154896625
100628307,0.0
100628560,0.0
10063,2.294529031746172
100630918,1.383051289036499
100630920,0.110451245488528
100631239,0.0284494427319338
100631242,0.0
100631243,0.0
100631247,0.442621158228576
100631248,0.0
100631249,0.0
100631251,0.0
100631252,0.0
100631258,0.0
100631260,0.0
100631261,0.0
100631269,0.0
100631383,0.0221867865316464
100652739,0.0
100652740,0.0641143646112851
100652748,0.8376863059814312
100652749,0.0
100652758,1.1959863385999
100652759,0.0056012358560772
100652770,0.186037339999593
100652791,0.0970237498872507
100652792,0.0
100652824,0.5906172807428398
100652833,0.0
100652840,0.0861979419229091
100652856,0.0
100652865,0.5216825633504433
100652871,0.0
100652909,0.0187326529005272
100652929,0.0254249141756302
100652939,3.0263106031654203
100652955,0.0
100652960,0.0
100652967,0.0
100652974,0.0
100652997,0.0
100652999,0.0150599263207783
100653233,0.2751733143663593
100653489,0.0
100653515,0.1883623024484596
10066,2.5746387905333497
10067,2.6330211060279938
10068,1.8277646808921504
10069,1.8868651427162584
1007,0.0
10071,0.1317039313972478
10072,2.191257618865956
10073,1.5819696705242767
100736411,0.0219839916622789
10075,2.3496757125751855
100750225,0.0920017153720052
100750245,0.0
100750325,0.1324148165236816
100750326,0.0471602662673416
10076,1.7997755741477046
10077,1.0508587446100697
100775107,0.2674035902259319
10078,2.308981545689324
10079,2.3462886797934086
1008,0.0197500372972908
10081,2.024734338191599
10082,1.631061681120719
100820709,0.0177140457770852
100820734,0.0
100820735,0.0
100820829,1.887038527748199
10083,0.1678734237127189
10084,2.298811367651508
100846978,0.2279958687871773
100846991,0.0
100846992,0.0
100846993,0.0
100846994,0.0
100846995,0.0
100846996,0.0
100846997,0.0
100846998,0.0
100846999,0.0
100847000,0.0
100847001,0.0
100847002,0.0
100847003,0.0
100847004,0.0
100847005,0.0
100847006,0.0
100847007,0.0
100847008,0.2683040276188064
100847009,0.0
100847010,1.6200006254247568
100847012,0.0
100847013,0.0
100847014,0.0
100847015,0.0
100847016,0.5827872864078509
100847017,0.0
100847018,0.0
100847019,0.3736264849638638
100847020,0.0
100847021,0.0
100847022,0.0
100847023,0.0
100847024,0.0
100847025,0.0
100847026,0.0
100847027,0.0
100847028,1.6835598250487032
100847029,0.304501394118264
100847030,0.0
100847031,0.0
100847032,0.0
100847033,0.0
100847034,0.0
100847035,1.5422183893569354
100847036,0.0
100847037,0.0
100847038,0.0
100847039,0.3355194528853651
100847040,0.0
100847041,0.0
100847042,0.0
100847043,0.0
100847044,0.0
100847045,0.0
100847046,1.0812252836474838
100847047,0.0
100847048,0.9784972791441504
100847049,0.0
100847050,0.0
100847051,0.0
100847052,0.0
100847053,0.0
100847054,0.0
100847055,0.0
100847056,0.0
100847057,0.0
100847058,0.0
100847059,0.0
100847060,0.0
100847061,0.0
100847062,0.2683040276188064
100847063,0.0
100847064,0.0
100847065,0.0
100847066,0.4072898362922395
100847067,0.9067040935406632
100847068,0.0
100847069,0.0
100847070,0.0
100847071,0.0
100847072,0.0
100847073,0.0
100847074,0.0
100847075,0.7952977681903578
100847076,0.0
100847077,0.0
100847078,0.0
100847079,0.0
100847080,0.6076382119781336
100847081,0.0
100847082,0.0
100847083,0.0
100847084,0.0
100847085,0.0
100847086,0.0
100847087,0.0
100847088,0.0
100847089,0.0
100847090,0.6291559988349685
100847091,0.0
100847092,0.0
100847093,0.0
10085,2.1130737643405566
100852407,0.0134224851965348
100852408,0.0
100852409,0.0
100852410,0.1375503727556631
100856809,0.0
100856810,0.0
100856811,0.0
100856881,0.0
100859919,0.1053267233098706
100859921,0.0207662015448037
100859925,0.0
100859930,1.5698218897456004
10086,0.0
100861402,0.0650783906040881
100861412,0.7522090244743898
100861429,0.0
100861430,0.3244343746043497
100861435,0.1517259986918346
100861436,0.0
100861468,0.0
100861469,0.0
100861470,0.0
100861485,0.0
100861504,0.0
100861507,0.0
100861510,0.1290326108407842
100861513,0.0
100861514,0.0664261626900539
100861516,0.0951672823362936
100861517,0.8814410950392749
100861518,0.0826206497668653
100861520,0.0
100861522,0.0
100861540,0.0
100861542,0.0
100861544,0.0
100861545,0.0
100861546,0.0
100861547,0.0
100861548,0.9710665713378136
100861549,0.1726218772089289
100861552,0.0
100861553,0.0
100861554,0.0
100861563,1.0153610128310115
100861573,0.0
100862662,0.2952821382719953
100862664,0.0
100862665,0.3123377707816712
100862666,0.0
100862667,0.0
100862668,0.0
100862669,0.0
100862670,0.0
100862671,0.0
100862672,0.0
100862673,0.0
100862675,0.0
100862676,0.0
100862679,0.0
100862680,0.0
100862692,0.0811098068644656
100862704,0.2549932931012345
100862850,0.0
100862853,0.0
100862854,0.0
100862855,0.0
10087,1.7595983173881893
100873165,0.0136273381928503
100873168,0.0
100873169,0.0
100873170,0.0
100873172,0.0
100873173,0.0
100873174,0.0
100873175,0.0
100873176,0.0
100873177,0.0
100873178,0.0
100873179,0.0
100873180,0.0
100873181,0.0
100873182,0.0
100873183,0.0
100873184,0.0
100873185,0.0
100873186,0.0
100873188,0.0
100873189,0.0
100873191,0.0
100873192,0.0
100873193,0.0524586470199822
100873194,0.0
100873196,0.0
100873197,0.0
100873198,0.0
100873199,0.0
100873200,0.0
100873201,0.0
100873202,0.8721088776746171
100873203,0.0
100873204,0.0
100873205,0.0
100873206,0.9761206174163112
100873207,0.0
100873208,0.0
100873209,0.031262604438497
100873210,0.0
100873211,0.0
100873212,0.0
100873213,0.0
100873214,0.0
100873215,0.0374585887741673
100873217,0.0
100873218,0.0
100873219,0.0
100873220,0.0
100873221,0.0
100873222,0.0
100873223,0.0
100873224,0.0
100873226,0.0
100873227,0.0
100873228,0.0
100873229,0.0
100873231,0.0
100873232,0.0
100873233,0.0
100873234,0.0
100873235,0.0
100873236,0.0
100873237,0.0344662129356738
100873239,0.1005396165825761
100873240,0.0
100873241,0.0
100873243,0.0
100873244,0.0
100873245,0.0262325134658017
100873246,0.0
100873247,0.0520673186640733
100873248,0.0
100873249,0.0
100873250,0.0
100873254,0.2378772436632628
100873256,0.0
100873257,0.1171744819931155
100873258,0.0282481437700031
100873260,0.0
100873261,0.0
100873262,0.0
100873263,0.0865736051467432
100873264,0.0
100873265,0.0
100873266,0.0
100873267,0.0
100873269,0.0
100873270,0.0
100873271,0.0
100873273,1.804554116905121
100873274,0.0
100873275,0.0
100873276,0.0
100873277,0.0
100873278,0.0
100873279,0.0
100873280,0.0
100873281,0.0
100873282,0.0
100873283,0.2367853608332744
100873284,0.0
100873285,0.0
100873286,0.0
100873287,0.0
100873288,0.0
100873289,0.0
100873290,0.0
100873291,0.0
100873292,0.0
100873293,0.0
100873294,0.0
100873295,0.0
100873296,0.0
100873297,0.0
100873298,0.0
100873299,0.0
100873300,0.0
100873301,0.0
100873302,0.0
100873303,0.0
100873304,0.2643946669006141
100873305,0.0
100873306,0.0
100873307,0.0
100873308,0.0
100873309,0.0
100873310,0.0
100873311,0.0
100873312,1.0197579329538409
100873313,0.0
100873314,0.0
100873316,1.483672760080646
100873317,0.0
100873318,0.0
100873319,0.0
100873320,0.0
100873321,0.0
100873322,0.0
100873323,0.0
100873324,0.0
100873325,0.0
100873326,0.0
100873327,0.0
100873328,0.0
100873329,0.4941539193886284
100873330,0.0
100873331,0.0
100873332,0.4521124496200571
100873333,0.0
100873335,0.0
100873337,0.0
100873338,0.0
100873339,0.0
100873340,0.0
100873341,0.0
100873344,0.0
100873345,0.0
100873346,0.0
100873347,0.0
100873348,0.0
100873349,0.0
100873350,0.0
100873353,0.0
100873355,0.0
100873356,0.0
100873357,0.2787335645114763
100873358,0.0
100873359,0.0
100873360,0.0
100873361,0.0
100873362,0.0
100873363,0.0
100873365,0.0
100873366,0.0
100873367,0.0
100873368,0.0
100873369,0.8910104073100209
100873370,0.0
100873371,0.4535257181670199
100873372,0.2830140637454333
100873373,0.0
100873374,0.4592687069148791
100873375,0.0
100873376,0.0
100873377,0.726339083300941
100873378,0.2643946669006141
100873379,0.0
100873380,0.0
100873381,0.6817382914285482
100873382,0.0
100873383,0.0
100873384,0.0
100873385,0.0
100873386,0.0
100873387,0.0
100873388,0.0
100873389,0.0
100873390,0.0
100873391,0.0
100873392,1.200423832804852
100873393,0.6111447541373746
100873394,0.0
100873395,0.0
100873396,0.0
100873397,0.0
100873398,0.0
100873399,0.0
100873400,0.0
100873401,0.8485272425445314
100873402,0.0
100873403,0.0
100873404,0.0
100873405,0.0
100873406,0.0
100873407,0.0
100873408,0.0
100873409,0.0
100873410,0.0
100873411,0.0
100873412,0.2499432911113673
100873413,0.0
100873414,0.0
100873415,0.0
100873416,0.0
100873417,0.0
100873418,0.0
100873419,0.0
100873420,0.0
100873421,0.0
100873422,0.0
100873423,0.0
100873424,0.0
100873425,0.0
100873426,0.6076382119781336
100873428,0.0
100873429,0.0
100873430,0.0
100873431,0.0
100873432,0.0
100873433,0.0
100873434,0.0
100873435,0.0
100873436,0.0
100873437,0.0
100873438,0.0
100873439,0.0
100873440,0.0
100873441,0.0
100873442,0.0
100873443,0.0
100873444,0.0
100873445,0.0
100873446,0.0
100873447,0.0
100873448,0.0
100873449,0.0
100873451,0.0
100873452,0.0
100873453,0.0
100873454,0.0
100873455,0.0
100873456,0.0
100873457,0.462297978360953
100873458,0.0
100873459,0.0
100873460,0.0
100873461,0.0
100873462,0.0
100873463,0.6111447541373746
100873464,0.6773707320783453
100873465,0.0
100873466,0.0
100873467,0.0
100873468,0.0
100873469,0.3096395937509883
100873470,0.0
100873471,0.0
100873472,0.0
100873473,0.0
100873474,0.0
100873475,0.0
100873476,0.0
100873477,1.0753862218197732
100873478,0.0
100873479,0.0
100873480,0.0
100873481,0.0
100873482,0.0
100873483,0.0
100873484,0.0
100873485,0.0
100873486,0.0
100873487,0.0
100873488,0.0
100873489,0.0
100873490,0.0
100873491,0.2723432796002477
100873492,0.0
100873493,0.0
100873494,0.0
100873495,0.0
100873496,0.0
100873497,0.0
100873498,0.0
100873499,0.0
100873500,0.0
100873501,0.0
100873502,0.0
100873503,0.2897561510938904
100873504,0.0
100873505,0.0
100873506,0.0
100873507,0.0
100873508,0.0
100873509,0.0
100873510,0.0
100873511,0.0
100873512,0.0
100873513,0.0
100873514,0.0
100873515,0.0
100873516,0.0
100873517,0.0
100873518,0.0
100873519,0.0
100873520,0.0
100873521,0.0
100873522,0.0
100873523,0.0
100873524,0.0
100873525,0.0
100873526,0.0
100873527,0.0
100873528,0.0
100873529,0.0
100873530,0.0
100873531,0.0
100873532,0.0
100873533,0.0
100873534,0.0
100873535,0.2830140637454333
100873536,0.6111447541373746
100873537,0.0
100873538,0.0
100873539,0.0
100873540,0.0
100873541,0.0
100873542,0.0
100873543,0.2465586152299185
100873544,0.0
100873545,0.0
100873546,0.0
100873547,0.0
100873548,0.0
100873549,0.2765103030942561
100873550,0.0
100873551,0.0
100873552,0.0
100873553,0.0
100873554,0.0
100873555,0.0
100873556,0.0
100873557,0.0
100873558,0.4506964786694638
100873559,0.2606172693978964
100873560,0.0
100873561,0.0
100873562,0.2683040276188064
100873563,0.0
100873564,0.0
100873565,0.0
100873566,0.0
100873567,0.0
100873568,0.0
100873569,0.0
100873570,0.0
100873571,0.0
100873572,0.0
100873573,0.0
100873574,0.0
100873575,0.0
100873576,0.4506964786694638
100873577,0.0
100873578,0.2920876540636091
100873579,0.0
100873580,0.0
100873581,0.0
100873582,0.0
100873583,0.0
100873584,0.0
100873585,0.0
100873586,0.0
100873587,0.0
100873588,0.0
100873589,0.4192123269239727
100873590,0.0
100873591,0.0
100873592,0.0
100873593,0.0
100873594,0.0
100873595,0.0
100873596,0.0
100873597,0.0
100873598,0.0
100873599,0.0
100873600,0.0
100873601,0.0
100873602,0.0
100873603,0.0
100873604,0.0
100873605,0.0
100873606,0.0
100873607,0.2830140637454333
100873608,0.0
100873609,0.0
100873611,0.0
100873612,0.0
100873613,0.0
100873614,0.0
100873615,0.0
100873616,0.0
100873617,0.0
100873618,0.0
100873619,0.0
100873620,0.0
100873621,0.0
100873622,0.0
100873623,0.0
100873624,0.0
100873625,0.0
100873626,0.0
100873627,0.0
100873628,0.0
100873629,0.0
100873630,0.0
100873631,0.0
100873632,0.0
100873633,0.0
100873634,0.0
100873635,0.0
100873636,0.0
100873637,0.0
100873638,1.543677964789668
100873639,0.0
100873640,0.0
100873641,0.0
100873642,0.0
100873643,0.0
100873644,0.0
100873645,0.0
100873646,0.0
100873647,0.0
100873648,0.2625837765818147
100873649,0.0
100873650,0.0
100873652,0.462297978360953
100873653,0.0
100873654,0.0
100873655,0.2787335645114763
100873656,0.0
100873657,0.0
100873658,0.0
100873659,0.0
100873660,0.0
100873661,0.0
100873662,0.0
100873663,0.0
100873664,0.0
100873665,0.0
100873666,0.0
100873667,0.0
100873668,0.0
100873669,0.0
100873670,0.0
100873671,0.0
100873672,0.0
100873673,0.0
100873674,0.0
100873675,0.0
100873676,0.2744295571436418
100873677,0.0
100873678,0.0
100873679,0.0
100873680,0.0
100873681,0.0
100873682,0.0
100873683,0.0
100873684,0.0
100873685,0.0
100873686,0.2431594065903223
100873687,0.0
100873688,0.2606172693978964
100873689,0.0
100873690,0.0
100873691,0.0
100873692,0.0
100873693,0.0
100873694,0.426690653496015
100873695,0.0
100873696,0.0
100873697,0.6111447541373746
100873698,0.0
100873699,0.0
100873700,0.0
100873701,0.0
100873702,0.0
100873703,0.0
100873704,0.0
100873705,0.0
100873706,0.4776020445966557
100873707,0.0
100873708,0.2830140637454333
100873709,0.2808029335446761
100873710,0.0
100873711,0.4592687069148791
100873712,0.2808029335446761
100873713,0.0
100873714,0.0
100873715,0.0
100873716,0.5598837827191709
100873717,0.0
100873718,0.0
100873719,0.2606172693978964
100873720,0.0
100873721,0.0
100873722,0.0
100873723,0.0
100873724,0.0
100873725,0.0
100873726,0.0
100873727,0.0
100873728,0.0
100873729,0.0
100873730,0.0
100873731,0.0
100873732,0.4120318336113919
100873733,0.0
100873734,0.0
100873735,0.3263858001857181
100873736,0.2431594065903223
100873737,0.0
100873738,0.2808029335446761
100873739,0.0
100873740,0.0
100873741,0.8971874058579302
100873743,0.0
100873745,0.0
100873746,0.0
100873747,1.205447076336138
100873748,0.4941539193886284
100873749,0.0
100873750,0.0
100873751,0.0
100873752,0.0
100873753,0.0
100873754,0.0
100873755,0.0
100873756,0.0
100873757,0.4941539193886284
100873758,0.0
100873759,0.8971874058579302
100873760,0.0
100873762,0.9952986994099692
100873763,0.0
100873764,0.0
100873765,0.2945572672178883
100873767,0.0
100873768,0.0
100873769,0.0
100873770,0.0
100873771,0.0
100873772,0.0
100873774,0.0
100873776,0.0
100873777,0.0
100873778,0.0
100873779,0.0
100873780,0.0
100873781,0.0
100873782,0.0
100873785,0.0
100873788,0.0
100873790,0.097765173807287
100873796,0.1858710144881974
100873797,0.0
100873801,0.0
100873802,0.0
100873803,0.0
100873804,0.4683194573509977
100873805,0.0
100873806,0.0
100873807,0.0
100873808,0.0
100873812,0.0
100873813,0.0
100873814,0.0
100873815,0.0
100873816,0.0
100873817,0.0973945447953161
100873818,0.0
100873820,0.0
100873821,0.0
100873822,0.0
100873823,0.0
100873824,0.1832051328693448
100873825,0.0
100873826,0.0
100873828,0.0
100873829,0.0
100873830,0.0
100873831,0.0
100873832,0.0
100873833,0.0
100873834,0.0
100873835,0.0
100873836,0.0
100873837,0.0
100873838,0.0
100873839,0.0
100873840,0.0
100873841,0.0
100873842,0.0
100873843,0.0
100873845,0.0
100873846,0.0
100873847,0.0
100873848,0.0
100873849,0.0
100873850,0.0
100873851,0.0
100873852,0.0
100873853,0.1139105667826226
100873855,0.0
100873856,0.0
100873857,0.0
100873858,0.0
100873860,0.6934181523195974
100873861,0.0
100873862,0.0
100873863,0.2036385443040874
100873864,0.0
100873865,0.0
100873866,0.0
100873867,0.0
100873870,0.0
100873871,0.2663517753936261
100873872,0.0
100873873,0.0
100873874,0.0
100873875,0.0
100873877,0.2704010462861587
100873880,0.0
100873882,0.140897664497433
100873884,0.0
100873885,0.0
100873886,0.0
100873887,0.0
100873888,0.4592687069148791
100873889,0.0
100873890,0.2440879109998394
100873891,0.0
100873893,0.0
100873894,0.6201617681189213
100873899,0.1651474855524761
100873900,0.0
100873901,0.0
100873905,0.0664261626900539
100873907,0.2389676267024272
100873908,0.0
100873910,0.0
100873912,1.0119528077735682
100873913,0.0
100873919,0.0
100873920,0.0
100873921,0.0646929135332517
100873922,0.1588084847758757
100873923,0.0643072587180317
100873924,0.2254666497348655
100873930,0.1389614282421753
100873932,0.0
100873933,0.0366616595234452
100873934,0.1209661047225065
100873935,0.0
100873937,0.068923416931643
100873939,0.0
100873940,0.256060367680391
100873941,0.1952972035635645
100873942,0.0
100873944,0.0
100873945,0.0
100873946,0.3341425069771574
100873947,0.0646929135332517
100873948,0.0
100873949,0.1073437223162539
100873952,0.0
100873955,0.215909987982621
100873960,0.0
100873962,0.0
100873964,0.0
100873965,0.0
100873966,0.0
100873967,0.5657547907899197
100873969,0.0
100873972,0.0
100873974,0.2504037178358816
100873976,0.0814877748095437
100873977,0.0633423431029015
100873978,0.0156731530012164
100873979,0.2751733143663593
100873980,0.0
100873982,0.0
100873983,0.059471517423572
100873984,0.0
100873986,0.0
100873987,0.0606346453732357
100873988,0.1168124626568068
100873989,0.0
100873990,0.0
100873993,0.0
100873995,0.0
100873997,0.0
100873998,0.0658488120877697
100874001,0.6061164235961339
100874002,0.49024682365998
100874004,0.0
100874006,0.1788542149780509
100874008,0.8671653313912274
100874010,0.0
100874012,0.0
100874013,0.0588893471988714
100874016,0.6930824086429882
100874018,0.0871367817651098
100874019,0.0694986479199568
100874021,0.0
100874023,0.0
100874024,0.0
100874027,0.0729417365234151
100874028,0.0432138940104846
100874029,0.1499891819001348
100874031,0.3573549956240446
100874032,1.21936022671335
100874034,0.089572811643912
100874035,0.0
100874037,0.0
100874039,0.0
100874041,0.0551928477150357
100874042,0.2546881495690168
100874044,0.0248187083181388
100874047,0.010754888621307
100874051,0.0780798702999492
100874054,0.6599692811232684
100874055,0.1527663152168473
100874056,0.0
100874058,0.8148133787527969
100874059,0.0
100874063,0.0
100874064,0.0
100874065,0.0
100874068,0.2705506194460839
100874078,0.1734668947414687
100874079,0.0
100874080,0.0
100874082,0.0
100874083,0.0
100874084,0.0
100874085,0.0
100874086,0.0
100874088,0.0
100874089,0.0598594062479726
100874090,0.0602471155158791
100874091,0.4001202900220116
100874093,0.2290998812908406
100874095,0.1716066910730517
100874097,0.534748464384304
100874098,0.0646929135332517
100874100,0.0
100874101,0.0
100874102,0.0
100874104,0.0
100874106,0.0
100874109,0.0
100874111,0.0530452976713926
100874112,0.2243575867846448
100874114,0.2504037178358816
100874117,0.0
100874118,0.0869490986322006
100874123,0.0646929135332517
100874124,0.1139105667826226
100874131,0.1921673828594753
100874135,0.0
100874137,0.0
100874143,0.0
100874144,0.0
100874145,0.0
100874146,0.0282481437700031
100874150,0.0
100874156,0.0
100874157,0.0
100874169,0.0828093123943021
100874176,0.0
100874178,0.0
100874179,0.0336664500279098
100874180,0.0
100874182,0.0
100874183,0.112455778548313
100874185,0.0
100874187,0.0
100874188,0.1677033206330719
100874190,0.0422244019181622
100874193,0.0
100874194,0.0
100874195,0.0
100874198,0.0471602662673416
100874200,0.0
100874201,0.0635354152782802
100874202,0.4313117234116039
100874203,0.4906944078301983
100874204,0.0795962166369358
100874205,0.0164900995891271
100874206,0.0156731530012164
100874208,0.0
100874212,0.0
100874213,0.1550157875879565
100874214,0.5886679002738853
100874216,0.0
100874221,0.0
100874222,0.0082850342053478
100874223,0.5360105974413675
100874225,0.0
100874231,0.1534591224248764
100874234,0.0398448655326076
100874236,0.1225857523790576
100874237,0.0
100874238,0.2072101800793139
100874239,0.036063467897197
100874241,0.0548027927666294
100874243,0.0144462560950847
100874246,0.8768873544382065
100874248,0.0
100874249,0.1975956198799462
100874251,0.0
100874253,0.5943063345106117
100874254,0.1359600224363479
100874258,0.0
100874261,0.9311638580106412
100874262,0.2869784207634934
100874263,0.0
100874264,0.1719452278307409
100874268,0.3624191323761177
100874270,0.0
100874273,0.0
100874275,0.0
100874276,0.0
100874278,0.3341425069771574
100874284,0.1663412104357765
100874286,0.0
100874287,0.0
100874288,0.0
100874291,0.4909180971716037
100874295,0.0
100874298,0.0
100874300,0.0
100874312,0.1888596375756467
100874313,0.0
100874314,0.0123974780415539
100874323,0.1227655164757016
100874324,0.0
100874326,0.0
100874330,0.0
100874333,0.0
100874334,0.0759903776592968
100874337,0.0
100874342,0.1923324140489498
100874343,0.4871060395787009
100874348,0.0
100874351,0.0528497930137067
100874353,0.4658936240192695
100874355,0.0876995769262763
100874356,0.0
100874358,0.0
100874361,0.0
100874362,1.3576751078248326
100874363,1.4599745870840837
100874364,0.2033130600511164
100874366,0.0742768884659622
100874374,0.0763706752693144
100874379,0.0
100874380,0.0
100874381,1.376147184565419
100874389,0.0
100874390,0.0
100874393,0.0332662841654657
100874394,0.0
100874395,0.0
100874397,0.0
100874398,0.0
100874399,0.1106336771547726
100874401,0.0201566492701331
100874402,0.0
100874404,0.0
100874405,0.0
100874409,0.0
100874410,0.0
100874412,0.0
100874416,0.0
100874420,0.0
100874421,0.0
100874422,0.0
100874423,0.0
100874427,0.0
100874429,0.0
100874430,0.0
100874431,0.6523491313204828
100874432,0.0
100874434,0.9337781916667532
100874436,0.0
100874438,0.0
100874439,0.0
100874440,0.0
100874441,0.0
100874442,0.0
100874443,0.0
100874445,0.0
100874446,0.0
100874449,0.0
100874451,0.1234841800583226
100874454,0.0
100874461,0.0
100874465,0.0
100874470,0.0
100874489,0.0
100874490,0.0
100874492,0.0
100874495,0.0
100874497,0.0
100874499,0.0
100874500,0.0
100874501,0.0
100874502,0.2723432796002477
100874504,0.0
100874506,0.0
100874508,0.0
100874510,0.0
100874511,0.5031166083304995
100874512,0.0
100874517,0.0
100874519,0.0
100874523,0.1858710144881974
100874524,0.3970809952005987
100874528,0.1539783414563714
100874530,0.0
100874531,0.0290530521054448
100884155,0.074848442848116
100885775,0.041828279182458
100885776,0.8050220845193654
100885778,0.1518994770252737
100885779,0.0
100885780,0.0
100885781,0.0
100885782,0.0
100885789,0.2054263508171301
100885796,0.0
100885798,0.0
100885848,0.3483435797417242
100885850,0.0
100885864,0.0
100886964,0.0
100887068,0.0544125563488178
100887072,0.0581124904196997
100887073,0.0
100887074,0.0
100887080,0.3515837589493132
100887740,0.0
100887744,0.6564354984263006
100887748,0.0
100887749,3.429199789345005
10089,0.4082906420820218
1009,2.3812226892094244
10090,1.529385290007457
100913179,0.0
10092,2.4422132233179124
10093,2.5516431548290055
10094,2.719104097261774
10095,0.6088722393728827
10096,2.342257753442036
100967223,0.0
10097,2.824688579327837
10098,1.6324257633167687
10099,2.510622072484323
100996246,1.2395587681444171
100996249,0.0140368959186701
100996251,0.3824749171361232
100996255,0.5360105974413675
100996263,0.0
100996279,0.0
100996280,0.0
100996286,0.5070648876752196
100996288,0.0
100996291,0.0123974780415539
100996301,0.6832731425656989
100996307,0.5200728662397268
100996331,0.0
100996333,0.5384235142620754
100996335,0.0
100996338,0.0
100996342,0.0183253569229505
100996345,0.0
100996350,0.2273643165342819
100996351,0.0893856781967923
100996361,0.0422244019181622
100996384,0.0
100996385,0.0
100996404,0.1923324140489498
100996419,1.0478880610828425
100996425,0.0
100996435,0.1128197163068454
100996437,0.7580274879864256
100996447,0.0
100996455,0.5287229421774463
100996465,0.0
100996478,0.010754888621307
100996481,0.0119871284396815
100996485,0.207534086575862
100996490,0.0
100996492,0.1541513409448461
100996501,0.0
100996521,0.0290530521054448
100996539,0.5988425652757485
100996569,0.0068409645610921
100996570,0.1596680011708285
100996571,0.0384536920503017
100996590,0.0758001637739616
100996597,0.0
100996609,1.4761385301920875
100996624,0.0128076294222381
100996630,0.0
100996631,0.0
100996635,0.7225719719731405
100996637,0.0
100996645,0.0302589788495971
100996648,0.0
100996654,0.0
100996660,0.4605518388321173
100996665,0.0
100996671,0.1077099208929781
100996679,0.0
100996693,0.1093558077997425
100996694,0.0
100996696,0.140897664497433
100996702,0.076560759028747
100996717,0.4137713626578476
100996732,0.8324007786483824
100996746,0.0
100996758,0.0
100996763,0.0
100996792,0.0
100996842,1.5969995885104928
100996851,0.0
100996876,0.0
100996886,0.0
100996928,0.0
100996939,0.0
100996941,0.0362629122582597
100996944,0.0
101,2.0502381751892496
1010,0.0621829736100838
10100,1.518379686665797
10101,2.3449934666174856
10102,0.3686365167826566
10103,2.4862813054109343
10105,2.470470661263037
101056700,0.5841638096407785
101059915,0.0201566492701331
101059918,0.1005396165825761
101059938,0.0
101059948,0.1340120576228596
101059953,0.0
101059974,0.0
10106,2.822101798091821
101060000,0.0
101060004,0.0
101060006,0.0
101060019,0.0540221383132408
101060021,0.0
101060035,0.0
101060038,0.5819994980813803
101060039,0.1075268419004856
101060040,0.0
101060042,0.0
101060056,0.0
101060067,0.0
101060091,0.5881797132712221
101060111,0.0
101060113,0.0
101060119,0.1025683134842556
101060152,0.0
101060160,0.0
101060164,0.0
101060176,0.0
101060199,0.0
101060200,0.4129021022610296
101060211,0.0
101060226,0.0132175827499873
101060233,0.0
101060264,0.8660041420459326
101060301,0.0
101060321,0.0
101060351,0.0
101060376,1.3890366180795206
101060389,0.0
101060391,0.9690441465100867
101060498,0.1071605621244834
101060542,0.0
101060544,0.1828712777039117
101060684,0.834031711737705
101060691,0.4726888470464556
10107,0.0
10109,2.6848759866746343
1011,0.0
10110,1.2560837948144463
101101772,0.1939808677093617
101101773,0.0
101101775,0.4204434173498403
10111,0.4820299437065862
10112,1.7696174451085704
10113,2.47672594537225
10114,2.3506548658580124
101154753,0.0
10116,2.270675610462738
10117,0.018529029376588
101180976,0.0388514046163894
1012,0.9592202386803412
10120,2.4882460730003366
10121,2.5517126790178293
10123,2.3366802899327945
101234261,0.0788383885327216
10124,2.2045161903800903
101241875,0.0
101241877,0.0
101241891,0.0
101241892,0.7745139171148084
101243545,0.1934866860254196
101243555,0.0583067721494003
10125,1.930316793900089
10126,2.04645541362904
10127,2.1180144560637024
10128,2.3199499560319587
10129,1.6196788147483758
101290500,0.3552126429204981
1013,0.0750388739578922
10130,2.56828741086796
10131,2.214429317148989
10133,2.5955330301944515
10134,2.9330044009817584
101340250,0.0
101340251,0.8013923994565265
101340252,0.0
10135,1.9372189244568871
10136,0.029254159459327
10137,2.215219297892568
10138,1.2264336188727534
10139,1.9703087909709205
1014,0.0
10140,2.8917947533403967
101409253,0.0
101409254,0.0
101409257,0.0951672823362936
101409258,0.4209352871099618
101409261,0.7689139936530913
10141,0.5769566472014062
101410534,0.0142416006900836
101410535,0.2278380276741225
101410536,0.0
101410538,1.9588954616162977
101410540,0.0
101410541,0.0
101410542,0.0
101410545,0.0089031710875008
10142,1.8495325667034184
10143,0.0
10144,1.3269297098284178
101447996,0.0
10146,2.0307500477743745
10147,2.301221602314212
10148,1.9047503555550789
10149,0.3103505507186644
1015,0.7878357001548056
10150,2.3029225250816796
10152,1.5194159752735623
10153,2.131904755131933
10154,1.918817018346254
10155,2.813098979265126
101559451,0.0738956344925407
10156,0.4942652441353157
10157,1.597607719110957
10158,1.2832822728923348
10159,2.399875361255393
1016,0.0056012358560772
10160,1.5383680595615192
10161,2.3261823550901672
10162,1.2601626037526292
10163,2.635798340666273
10164,0.0416301479021601
10165,1.927161335662396
10166,1.8062966405335803
101669762,0.1924974114159267
101669766,0.2929601752404926
101669767,0.0
10168,1.5750057913273623
10169,2.433930454715548
1017,1.9533143368023067
10170,0.8487926199198018
10171,1.8186852865170104
10172,1.621766577487623
101730217,0.0
10174,2.5003985414242487
10175,2.3267928738192754
101752399,0.1157254490155959
101752400,0.946573426634685
10178,0.2176706285523731
10179,1.3421601608562508
1018,0.4178557853996705
10180,2.3220919611271387
101805488,0.0
101805491,0.0
101805492,0.0412337454202869
10181,2.2296921585439233
10184,2.2226729774169796
10186,2.4700948750580696
101867536,0.0113712320035829
10188,2.1835512372913333
10189,2.6190137274016108
1019,2.32284519576759
10190,1.982255396243652
101926888,0.5552951727878813
101926890,0.0
101926892,0.1149999756639092
101926895,0.2313033227132047
101926896,1.0654457012386065
101926897,0.0132175827499873
101926898,0.0132175827499873
101926900,0.0921882600032804
101926903,0.2289422589237593
101926904,0.2613741992254882
101926905,0.0
101926906,0.0
101926907,0.4086656009034105
101926908,0.0
101926911,0.1548429716536619
101926913,0.1649768100240471
101926924,0.0
101926926,0.0282481437700031
101926928,0.0314631865193807
101926933,0.7777772349131886
101926940,0.9545290849906828
101926942,0.0
101926943,0.246404421848082
101926945,0.0
101926948,0.0
101926951,0.0
101926955,0.0
101926956,0.256060367680391
101926963,1.305174075637649
101926964,0.0493229014588557
101926966,0.0
101926967,0.8833288733746815
101926971,0.0064279224007442
101926975,0.5278732102663799
101926977,0.3331771774676362
101926978,0.0
101926983,0.0
101926987,0.2704010462861587
101927000,0.2695030089740229
101927003,0.025020825205399
101927007,0.0
101927009,0.018529029376588
101927015,0.4626467110929663
101927017,0.0
101927018,0.1949683214694214
101927020,0.0
101927023,0.0
101927027,1.2853356645183784
101927034,0.0754196057556881
101927038,0.0
101927039,0.1302803097110695
101927040,0.0886367224100169
101927043,0.5848510683196615
101927049,0.0
101927051,0.1055102904479631
101927056,0.830561041620995
101927058,0.0
101927059,0.0
101927062,0.0
101927067,0.2808029335446761
101927070,0.6979345387671875
101927072,0.0
101927074,0.0
101927075,0.1082589144778865
101927081,0.0
101927082,0.0
101927084,0.3703472968666291
101927087,0.1292109697369215
101927089,0.0
101927093,0.0
101927096,0.269652753139376
101927098,0.1403700544629917
101927101,0.0
101927109,0.0
101927111,0.4397499441774085
101927112,0.0
101927115,0.0646929135332517
101927117,0.265147976990959
101927120,0.0
101927123,0.0
101927124,0.2055886812295905
101927125,0.1038567167187382
101927129,0.0824319443491516
101927131,0.015877463426456
101927132,0.0119871284396815
101927134,0.0080788886488122
101927136,0.0
101927138,0.0
101927139,0.0
101927141,0.0
101927143,0.1042244635039507
101927145,0.0
101927149,0.0
101927150,0.6308123367692539
101927151,0.4372285048031675
101927152,0.0340664262320136
101927155,0.6582929940078532
101927159,0.0334663908138561
101927164,0.3348312878167729
101927171,0.1016467951358945
101927176,0.0
101927179,0.0
101927188,0.0
101927193,0.0310619747051902
101927195,0.0
101927204,1.309530977201128
101927207,0.0
101927215,0.0650783906040881
101927219,0.0
101927220,0.0565566131007352
101927227,0.0650783906040881
101927228,0.0099324012091867
101927229,0.2578862886323496
101927233,0.4810104907803276
101927237,0.0852580403731478
101927239,0.0
101927244,0.3065036238862894
101927245,0.4866562533222265
101927248,0.0
101927249,0.0443997508881444
101927253,0.0
101927256,0.0
101927257,0.0
101927259,0.2993290033426907
101927265,0.0
101927267,0.0752292615879394
101927269,0.009520858735307
101927273,0.0
101927274,0.0
101927275,1.1518593228575138
101927278,0.4606683767133134
101927279,0.5133812175682094
101927282,0.0
101927285,0.1130016249722951
101927288,0.5488212313468576
101927289,0.4702773918155307
101927292,0.0080788886488122
101927293,0.1852053693049191
101927295,0.0
101927297,0.2975972060215257
101927300,0.577055872230508
101927305,0.4545839015488136
101927314,0.0091091168566818
101927318,0.0
101927320,0.0134224851965348
101927322,0.188196455857058
101927331,0.0
101927332,0.0
101927344,0.5373754145181554
101927346,0.0
101927347,0.0
101927348,0.0786488237171767
101927350,0.0
101927351,0.1876987112634928
101927352,0.114818507485862
101927354,0.0646929135332517
101927355,0.1567419323387753
101927356,0.0
101927358,0.0
101927359,0.0156731530012164
101927360,0.0
101927362,0.0
101927363,0.0
101927367,0.0205630661837875
101927375,0.0416301479021601
101927377,0.1130016249722951
101927378,0.0
101927379,0.0286506937617837
101927381,0.0551928477150357
101927392,0.2167107601059482
101927394,0.1288542131717881
101927396,0.0
101927401,1.5357774446259471
101927404,0.0
101927406,0.0
101927410,0.0
101927411,0.0
101927412,0.1393138122542398
101927413,0.0714132279076869
101927414,0.1663412104357765
101927416,0.0957246593932778
101927417,0.0115765804481612
101927419,0.0162859366995967
101927420,0.8160706101022382
101927422,0.0
101927423,0.428639855758516
101927430,0.0
101927431,0.0
101927433,0.0
101927434,0.0
101927438,0.0
101927440,0.0761805481519545
101927447,0.0
101927449,0.0252228938178094
101927450,0.0
101927459,0.0
101927460,0.1732979617607553
101927464,0.0
101927468,0.0590834488965626
101927476,0.043016088629042
101927480,1.776467074384524
101927481,0.3396355659022176
101927482,0.941841918313082
101927483,0.0
101927487,0.0
101927492,0.4947103734169642
101927494,0.0
101927495,0.3062179067585128
101927496,0.2852189645943883
101927497,0.1941455275186967
101927498,0.0076664475141711
101927501,0.0162859366995967
101927502,0.1254572708948052
101927503,0.3415489023344227
101927504,0.0
101927505,0.0744674501196066
101927511,0.2476371287437008
101927512,0.1233045730531342
101927513,0.0
101927521,0.0520673186640733
101927523,0.2733871114304414
101927524,0.7044881843002049
101927525,0.3256894285398761
101927526,0.055972413796195
101927528,0.0
101927532,0.2388119493839321
101927539,0.0740862832627668
101927540,0.7650033546578522
101927541,0.0382547653609949
101927543,0.0183253569229505
101927547,0.1551885668524069
101927551,0.0219839916622789
101927553,0.0
101927554,0.0440046509270564
101927557,0.0623763134303502
101927559,0.6836988785646383
101927565,0.1188016023173223
101927571,0.4621816974846193
101927572,0.631179877144196
101927575,0.0
101927577,0.0191397532419228
101927580,0.0
101927581,0.0440046509270564
101927586,0.0471602662673416
101927587,0.0288518968796068
101927588,0.1401941087850785
101927590,0.0408371562480633
101927591,0.0
101927592,0.0716044446446561
101927596,0.211088440665768
101927597,0.6951780925306236
101927599,0.854997576714346
101927605,0.0
101927606,0.0
101927608,0.0
101927609,0.0812988122919001
101927612,0.7695884950556634
101927616,0.0
101927619,0.0
101927620,0.0959103684817372
101927629,0.0
101927630,0.0886367224100169
101927631,1.0741011333064758
101927632,0.6306284937551327
101927635,0.1525930213293895
101927637,0.0
101927641,0.0066344685557293
101927642,0.0
101927646,0.0164900995891271
101927650,0.4326440763138736
101927653,0.032865928486596
101927657,0.0714132279076869
101927659,0.0
101927661,0.0
101927664,0.0
101927666,0.011781879253164
101927667,0.3845419842581641
101927668,0.576361005371961
101927671,0.0797855659595778
101927678,0.1567419323387753
101927682,0.3272206176840112
101927683,0.0
101927685,0.0284494427319338
101927686,0.4939312189520121
101927687,0.0209692882026594
101927688,0.1957902746995032
101927689,0.0746579682411712
101927690,0.0
101927692,0.1329475761372088
101927693,0.0
101927694,0.0
101927697,0.0286506937617837
101927700,0.009520858735307
101927701,0.0
101927702,0.1576036338499989
101927704,0.0
101927708,0.0998006737938156
101927711,0.0382547653609949
101927712,0.2102820170793421
101927715,0.0
101927718,0.0310619747051902
101927720,0.8523645091353438
101927721,0.0410354741801234
101927722,0.0
101927726,0.2977416696292913
101927727,0.8660687080989335
101927735,0.0
101927740,0.9955084232770136
101927750,0.1191627482987562
101927751,0.5338004101799936
101927752,1.7404229590129523
101927755,0.1692329654664143
101927760,0.0
101927761,0.2336573991124095
101927762,0.5126218122688878
101927765,1.2233325064772609
101927766,0.0126025784990239
101927768,0.1748170911334096
101927769,0.0
101927780,0.092934019355804
101927787,0.1984148928985513
101927788,0.1637810756568249
101927793,0.3758482803482453
101927795,0.0792173887819751
101927796,0.0
101927797,0.0
101927798,0.0
101927801,0.0207662015448037
101927808,0.0
101927809,0.4135231053081815
101927811,0.9223101264268558
101927815,0.05942712509192615
101927821,0.0
101927822,0.1694027480215364
101927824,0.392881868914514
101927825,0.0940514026841421
101927827,0.0
101927828,0.3073601452319899
101927832,0.0
101927833,0.0
101927837,0.7538985586075095
101927839,0.0
101927843,0.0
101927844,0.0146508621545966
101927845,0.0
101927847,0.0304597993916931
101927849,0.0
101927851,0.3167199977015222
101927857,0.0625696085978943
101927858,0.4410672942672432
101927863,0.6812259070096482
101927866,0.0
101927869,0.0
101927870,0.0132175827499873
101927873,0.1642937488756426
101927876,0.0
101927877,0.0
101927879,0.0
101927880,0.280212242818749
101927884,0.0
101927886,0.5384235142620754
101927888,0.0193432301006561
101927889,0.0
101927891,0.0384536920503017
101927895,0.4350604506089697
101927896,0.0886367224100169
101927900,0.0
101927901,0.1680434911261384
101927904,0.1077099208929781
101927905,0.4874431979350929
101927907,0.0
101927908,0.0
101927911,0.0553878071845259
101927913,0.0
101927914,0.0266360241092229
101927917,0.0
101927921,0.0078726930921942
101927922,0.0
101927924,0.0443997508881444
101927926,0.0
101927931,0.2216577078869951
101927934,0.3003374425562574
101927936,0.0
101927943,1.2364621044995718
101927944,0.1512053420531817
101927948,0.0
101927950,0.1258155061858682
101927953,0.1572590627380865
101927957,0.0534361704016004
101927963,1.0866019941194174
101927972,0.2763618612815031
101927973,0.0203598820990786
101927974,0.513923163473374
101927983,0.2235644531810927
101927988,0.0356644376201233
101927989,0.614445681934327
101927990,0.0
101927993,0.170251127831315
101927994,1.0107272451080422
101928002,0.0256268862991105
101928007,0.2033130600511164
101928008,0.0600532833173621
101928009,0.0
101928014,0.0
101928015,0.6000921248908186
101928016,0.0
101928022,0.265147976990959
101928031,0.0
101928033,0.0579181636361618
101928035,0.0047737452018541
101928036,0.0
101928040,0.0
101928043,0.0225922306114602
101928045,0.1347209445133961
101928052,0.0
101928053,0.3589578279661939
101928058,0.1009088407219797
101928059,0.5141398284686006
101928062,0.328887547854481
101928063,0.129924017888448
101928067,0.0
101928075,0.0123974780415539
101928076,0.891196600149769
101928087,0.0
101928089,0.1423029624369139
101928093,0.0
101928099,0.2115719051452569
101928100,0.3538706178762197
101928101,0.2938317217009022
101928103,0.201846744967738
101928104,0.0195466581122431
101928105,0.2173508005232572
101928107,0.0
101928108,0.0
101928111,1.0829475991421516
101928114,0.0
101928118,0.1622411114790308
101928132,0.0
101928134,0.0150599263207783
101928136,0.8100417828323898
101928137,0.0284494427319338
101928138,0.0
101928141,0.0604409028617613
101928144,0.0
101928147,0.0
101928150,0.0
101928151,0.0
101928153,0.2742807210695635
101928154,0.6398523238124352
101928158,0.1206057494966272
101928161,0.2490216327362739
101928162,0.0
101928165,0.0
101928167,0.0668108416886656
101928173,0.7133462103463614
101928174,0.0
101928176,0.2235644531810927
101928185,0.0
101928188,1.0251218031624318
101928190,0.0
101928196,0.0
101928200,0.0812988122919001
101928201,0.0
101928203,0.0
101928205,0.0294552189612712
101928222,0.2155894543456707
101928223,0.0641143646112851
101928227,0.3396355659022176
101928228,1.49738294447086
101928230,1.0445160789519594
101928231,0.0207662015448037
101928232,0.0
101928233,0.096838290181438
101928235,1.1044941456486264
101928238,0.8176735402248887
101928241,0.0
101928243,0.1924974114159267
101928251,0.0223895328412295
101928253,0.0
101928254,0.0
101928259,0.0588893471988714
101928266,0.0252228938178094
101928270,0.0342663432615378
101928271,0.0
101928276,0.0232000328901817
101928280,0.0
101928284,0.3633483457838931
101928287,0.1069773613093653
101928288,0.0217811482126814
101928290,0.8251478399664293
101928292,1.046493421321231
101928295,0.9214237061348416
101928298,0.0
101928300,0.0
101928304,0.4314329448355708
101928309,0.0
101928311,0.3434574844047044
101928317,0.0334663908138561
101928333,0.0
101928335,0.0272409292764164
101928336,0.0
101928337,0.0
101928345,0.0
101928357,0.0
101928363,0.3488845622067646
101928371,0.0205630661837875
101928372,0.0168982779780871
101928373,0.2106046840008167
101928376,0.0455839386189831
101928380,0.0
101928386,0.0
101928388,0.0286506937617837
101928389,0.0
101928392,0.0
101928398,0.0
101928399,0.5327455506396688
101928401,0.0
101928403,0.595563961682435
101928404,0.0
101928405,0.0
101928414,0.1405459622981713
101928416,0.0
101928417,0.0
101928418,0.0
101928420,0.0960960359655527
101928424,0.5235025653408306
101928435,0.0225922306114602
101928436,0.0754196057556881
101928443,0.0358639763576893
101928445,0.4663563036721709
101928446,0.0
101928449,0.0
101928450,0.5360105974413675
101928460,0.0
101928461,0.2338140899857443
101928463,0.0
101928464,0.5101210121105844
101928469,0.114273863088368
101928470,0.0382547653609949
101928471,0.0
101928475,0.0
101928476,0.0
101928478,0.1364904825088563
101928483,0.9085781747450824
101928484,0.1227655164757016
101928489,0.305360124389833
101928495,0.0
101928496,0.0162859366995967
101928499,0.0
101928504,0.784987966438084
101928505,0.0274424681999785
101928509,0.0616026860516921
101928513,0.0
101928514,0.5210391143224441
101928516,0.0
101928517,0.0
101928523,0.0
101928525,0.2750246193102813
101928527,1.9838732016135343
101928532,0.1071605621244834
101928536,0.0
101928537,0.0
101928539,0.0
101928545,0.5669634654336171
101928550,0.0670031148207685
101928554,0.3815687992175671
101928555,0.599131122187273
101928557,0.296874485886237
101928559,0.0
101928565,0.0084911297831118
101928569,0.041828279182458
101928571,0.1173554320033511
101928578,0.7284936587344983
101928580,0.0
101928583,0.0442022240997431
101928590,0.0581124904196997
101928595,1.1661732211047997
101928596,0.0
101928597,0.0542173700425294
101928600,0.0
101928601,0.3212177200696997
101928602,0.5479949383201965
101928603,0.0428182367483027
101928611,0.0708393147493007
101928612,0.7885639041625825
101928614,0.0368609624667365
101928616,0.1778468215978626
101928618,0.0
101928622,0.0
101928627,0.0
101928628,0.0
101928646,0.0
101928650,0.1636101126354953
101928651,0.0207662015448037
101928656,0.0660413065929845
101928659,1.2097375357042823
101928661,0.0
101928673,0.557644145757668
101928674,1.1782968392133433
101928677,0.0
101928682,0.0
101928684,0.0298571944893556
101928685,0.2583421093709769
101928694,0.0
101928696,0.0
101928698,0.1842058707502884
101928700,0.0
101928708,0.0
101928710,0.0975798800301689
101928716,0.5253179952353421
101928718,0.0491265280900879
101928725,0.5595787911639492
101928731,0.018529029376588
101928733,0.0
101928734,0.0
101928736,1.0105227418251
101928737,0.0908815660467812
101928738,0.2899020741820128
101928739,0.1855382605489196
101928743,0.0
101928744,0.0111658338983268
101928748,0.0
101928751,0.0
101928752,0.0
101928765,0.5197504965544861
101928766,0.1962830437178839
101928767,0.3359320567572714
101928770,0.0
101928773,0.0146508621545966
101928776,0.0
101928778,0.0
101928781,0.0805425329522405
101928782,0.0
101928784,0.24809889929831
101928790,0.0
101928795,0.0
101928796,0.8044540549613329
101928797,0.0485371324516474
101928807,0.0
101928809,0.0213753154909553
101928813,0.2010309665499715
101928819,0.0
101928820,0.1581202170574014
101928823,0.0467664613262632
101928834,0.2702514446490945
101928837,0.910988095055
101928844,0.2151084127640693
101928846,0.0893856781967923
101928847,0.01219232802879
101928850,0.0384536920503017
101928851,0.0
101928855,0.0113712320035829
101928856,0.1746484396889903
101928857,0.0
101928858,0.121866302736131
101928865,0.2648467394595812
101928866,0.0
101928868,0.0891985025665453
101928869,0.0
101928877,0.0
101928879,0.052263005646635
101928881,0.0
101928882,0.3789739083451749
101928886,0.0215782561623971
101928887,0.0
101928891,1.1511762673344583
101928893,1.1516183382174616
101928894,0.0219839916622789
101928896,0.1401941087850785
101928904,0.0
101928909,0.0219839916622789
101928917,0.0
101928922,0.0
101928924,0.0
101928929,0.0
101928937,0.0
101928940,0.0336664500279098
101928942,0.0
101928943,0.0
101928944,0.0
101928952,0.2981748997706817
101928965,0.3422310834944084
101928969,1.2725086292437413
101928971,0.0
101928973,0.0
101928978,0.0072538062085478
101928982,0.300769231165453
101928988,0.3313812065657156
101928989,0.0080788886488122
101928991,0.5195355036145572
101928992,0.0221867865316464
101928994,0.0
101928995,0.1630970075402978
101928999,0.0
101929002,0.0510881989588056
101929004,0.2175107305434104
101929010,0.1146369993408919
101929011,0.0
101929019,0.0
101929023,0.201520533066984
101929025,0.0
101929027,0.0
101929050,0.0
101929052,0.0
101929053,0.0
101929054,0.3880174160816136
101929058,0.0
101929059,0.0187326529005272
101929064,0.0
101929071,0.0053944386314874
101929073,0.0
101929074,0.6510113726292789
101929076,0.0532407567944813
101929080,0.0338664618273812
101929081,0.0
101929082,0.0
101929084,0.0
101929086,0.0119871284396815
101929089,0.3823455380195691
101929093,0.0
101929095,0.2117329950951104
101929099,0.1990697104555288
101929104,0.0
101929106,0.0
101929107,0.9934079105081992
101929109,0.0871367817651098
101929110,0.3913491054749176
101929111,0.0
101929116,0.0
101929120,0.112273749424129
101929122,1.256350016914903
101929123,0.0
101929124,0.0
101929125,0.3473959406229774
101929127,0.129745813935983
101929130,0.1040406105580704
101929134,0.4167440575427305
101929140,0.2462501984298378
101929141,0.0
101929144,0.0113712320035829
101929145,0.6678545669549291
101929147,1.0286546627243534
101929148,0.0
101929151,0.06565627325421
101929152,0.157431366533768
101929153,0.0
101929159,0.0123974780415539
101929162,0.2736850943622116
101929164,0.0
101929172,0.0
101929174,0.2545355335728673
101929176,0.1465044137579888
101929178,0.0733234266047182
101929180,0.0
101929181,0.0
101929184,0.035464851664874
101929191,0.3700843501038117
101929199,0.0
101929200,0.5168426902165557
101929210,0.0342663432615378
101929212,0.1117274208851172
101929215,0.5371656111364315
101929224,0.5511915273499198
101929225,0.0362629122582597
101929227,0.0058079828238362
101929231,0.0685397094214406
101929237,0.0179178651438874
101929238,0.0
101929239,0.0209692882026594
101929241,0.1525930213293895
101929243,1.5001664266813617
101929244,0.0242120678044732
101929247,0.0068409645610921
101929260,0.0142416006900836
101929261,0.0
101929265,0.0406387916047836
101929268,0.0132175827499873
101929269,0.0
101929270,0.7292103172796486
101929282,0.0
101929284,0.0
101929288,0.0
101929290,0.0716044446446561
101929295,0.3531987214182662
101929297,0.1102687734821434
101929305,0.1553613094606595
101929308,0.0
101929309,0.114818507485862
101929310,0.0
101929315,0.0
101929316,0.1646353512832717
101929328,0.0
101929329,0.1064275149657084
101929335,0.4120318336113919
101929337,0.0136273381928503
101929338,0.0213753154909553
101929341,0.0
101929344,0.0189362275154237
101929350,0.0
101929351,1.1325002253142529
101929352,0.1531127924617492
101929353,0.0
101929355,0.0
101929372,0.071221967357895
101929374,0.2824250393890226
101929378,0.2016836555872125
101929384,0.0
101929386,0.0
101929387,0.2199058457810981
101929390,0.0
101929397,0.042620338349058
101929402,0.2459416614431023
101929406,0.0
101929407,0.2808029335446761
101929408,0.0173062599854029
101929410,0.5511915273499198
101929412,0.0
101929413,0.0
101929415,0.009315012732202
101929422,0.4086656009034105
101929423,0.1444063892768966
101929425,0.0627628591308276
101929428,0.0
101929437,0.0809207585101274
101929439,0.1803629550107937
101929440,0.2476371287437008
101929441,0.2088284047437949
101929445,0.189356665990483
101929450,0.0694986479199568
101929457,0.1242022158771549
101929460,0.3946661702961209
101929467,0.1007242492434112
101929468,0.0314631865193807
101929469,1.1584466102678452
101929470,0.0119871284396815
101929473,0.0029089440711514
101929475,0.076560759028747
101929478,0.0532407567944813
101929480,0.0
101929486,0.0236049920866109
101929488,0.0
101929494,0.331934259048962
101929495,0.0142416006900836
101929497,0.571977624263334
101929505,0.0171022935190702
101929510,0.0
101929511,0.0951672823362936
101929512,0.2243575867846448
101929516,0.3004813987113197
101929517,0.0
101929524,0.2831612505969013
101929526,0.0211723261778742
101929528,0.0
101929529,0.2298875252519026
101929530,0.0256268862991105
101929531,1.4462097237015508
101929532,0.3900694233541731
101929536,0.1900188940084079
101929538,0.0551928477150357
101929541,0.324992428201703
101929542,0.1334799897055372
101929544,0.0
101929548,0.2251499320535076
101929549,0.0833750437052461
101929551,0.0
101929557,0.0
101929559,0.0733234266047182
101929560,0.7609177223341407
101929563,0.0443997508881444
101929566,0.7118779083308554
101929570,0.0119871284396815
101929572,0.0
101929577,0.0404403802309502
101929582,0.0
101929586,0.0284494427319338
101929589,0.0
101929590,0.0
101929591,0.076560759028747
101929592,0.0
101929595,0.0906947274148189
101929596,0.5373754145181554
101929602,0.085446105720894
101929607,0.0746579682411712
101929608,0.0
101929609,0.9118894304630354
101929620,0.0
101929623,0.3853156824825216
101929624,0.0
101929628,0.0227948798627598
101929631,0.0
101929634,0.0189362275154237
101929639,0.3866034251771698
101929651,0.1334799897055372
101929653,0.0074601518934053
101929657,0.2141454604264754
101929662,0.0
101929663,0.0
101929664,0.3124795204068381
101929667,0.7408867944180314
101929680,0.0018711756515813
101929681,0.0
101929684,0.0236049920866109
101929688,0.1459804127775399
101929690,0.0264342928541542
101929691,0.4176088772952308
101929692,0.0211723261778742
101929693,1.1888872831677906
101929694,0.0
101929696,0.0
101929698,0.3059320845116927
101929700,0.0
101929701,0.0
101929704,0.9799511131169664
101929705,0.1064275149657084
101929709,0.8160706101022382
101929717,0.1091730934233686
101929718,0.1384325675089229
101929721,0.0
101929723,0.6927464991904814
101929726,1.6913775787215095
101929730,0.5144647046028034
101929733,0.1396660445520418
101929741,0.0784592157513684
101929743,0.0
101929745,0.0166942133416963
101929746,0.2965852100244166
101929748,0.094423529467826
101929753,0.0
101929754,0.0193432301006561
101929756,0.7780731010187488
101929765,0.2126988543900615
101929796,0.0322650387162132
101929897,0.0467664613262632
101929901,0.8276887777790027
101929918,0.0
101929926,0.0
101929947,0.2344405447499205
101929977,1.0806349040473466
101929983,0.0
101929989,0.0
101929998,0.0
10193,2.0062256221450747
101930023,1.0970322672227513
101930028,0.0
101930041,0.0
101930085,1.5793966247446969
101930090,0.0
101930094,0.0
101930100,0.2179903285816389
101930114,2.183189337499519
101930275,0.1908459142734483
101930276,0.0053944386314874
101930294,0.0
101930370,0.2093132354086442
101930420,0.0
101930421,0.0217811482126814
101930452,0.14563089186569
101930593,0.0641143646112851
101930746,0.0
101930749,0.0
10194,1.7849856412690543
10195,2.157211838089929
101954264,0.0
101954266,0.0
101954267,0.3534675508105442
101954269,0.0
101954271,0.6564354984263006
101954272,0.6050682770956669
101954273,0.0
101954275,0.2852189645943883
101954276,0.0
101954277,0.0
101954278,1.205447076336138
10196,1.6434237301142935
10197,2.4055632198228394
10198,1.337179957303679
10199,2.0835733926241407
102,1.9832758118344445
1020,1.94056085466558
10200,1.7260785061694006
10201,1.686792233445555
10202,2.579916586679584
10203,2.052819915623426
102030688,0.0
102031319,0.0
10204,2.3530388839252603
10205,1.735739230367317
10206,1.7141424897444042
102060282,0.0
102060414,0.14054905596569936
10207,2.046489923362588
10208,1.9033627371770176
10209,3.0017576629487985
1021,1.3264629889802182
10210,1.9308765245253705
10211,2.854440366649976
10212,2.354024224133349
10213,1.9840902049949969
10214,0.0
10215,0.0219839916622789
102157401,0.2163905475377656
102157402,1.9436039826038272
10216,1.1387389533322283
10217,2.158354461373543
10218,0.2760648933442085
10219,1.3243283141876463
102191832,0.0
1022,2.076550592482729
10220,1.0668428838215764
10221,2.3144189289644355
102216268,0.0
102216342,0.0290530521054448
10223,0.8001065033533171
102238594,0.2173508005232572
10224,1.3939288373981786
10225,1.569499356405298
10226,2.5190394188886556
10227,2.585079553225404
10228,2.1619359597456755
102288414,0.0790279102152443
10229,1.9802954495685987
10230,1.4575185265134554
10231,1.9429640860635504
10232,0.6590875333026617
10233,1.362954337751472
10234,2.118704648188843
10235,1.4271102453598643
10236,2.3258252559603103
10237,2.206699865320309
10238,2.5157055376156565
10239,1.5281747900406508
1024,1.6297407737071967
10240,2.015174299199318
10241,2.352989300455589
10242,0.00506904886119345
10243,1.6277838853506024
10244,1.9663687596159236
10245,2.181674720804017
10246,0.1431800483883791
102464817,0.0
102464823,0.0
102464824,0.0
102464825,0.0
102464826,0.0
102464827,0.0
102464828,0.0
102464829,0.0
102464830,0.0
102464831,0.0
102464832,0.0
102464833,0.0
102464834,0.0
102464836,0.0
102464837,0.0
102465133,0.0
102465134,0.0
102465135,0.0
102465136,0.6484176713277247
102465137,0.6484176713277247
102465138,0.0
102465139,0.0
102465140,0.0
102465141,0.3483435797417242
102465246,0.0
102465247,0.0
102465248,0.0
102465249,0.0
102465250,0.5780473597224134
102465251,0.0
102465252,0.0
102465253,0.0
102465254,0.0
102465255,0.0
102465256,0.0
102465257,0.0
102465427,0.0
102465428,0.0
102465429,0.0
102465430,0.0
102465431,0.6181992056494018
102465433,0.0
102465434,0.0
102465435,0.0
102465436,0.0
102465437,0.0
102465438,0.0
102465439,0.0
102465440,0.0
102465441,0.0
102465442,0.4317964909096636
102465443,0.4745208534888528
102465444,0.0
102465445,0.0
102465446,1.055429306873563
102465447,0.0
102465448,0.0
102465449,0.0
102465450,0.0
102465451,0.4863187321312953
102465452,0.0
102465453,0.0
102465454,0.0
102465455,0.0
102465456,0.0
102465457,0.3418218475162929
102465458,0.0
102465459,0.4216724860448058
102465460,0.0
102465461,0.0
102465462,0.0
102465463,0.8987835559299548
102465464,0.0
102465465,0.0
102465466,0.0
102465467,0.0
102465468,0.4317964909096636
102465469,0.4072898362922395
102465470,1.141280953445096
102465471,0.0
102465472,0.0
102465473,0.0
102465474,0.0
102465475,0.0
102465476,0.0
102465477,0.0
102465478,0.6523491313204828
102465479,0.0
102465480,0.0
102465481,0.0
102465482,0.8684530645116083
102465483,0.0
102465484,0.0
102465485,0.2663517753936261
102465486,0.0
102465487,0.8987835559299548
102465488,0.0
102465489,0.0
102465490,0.0
102465491,1.372579986045438
102465492,0.0
102465493,0.3855734063166763
102465494,0.0
102465495,0.0
102465496,0.0
102465497,0.0
102465498,0.0
102465499,0.0
102465500,0.0
102465501,0.0
102465502,0.7044881843002049
102465503,0.0
102465504,0.0
102465505,0.0
102465506,0.0
102465507,0.0
102465508,0.0
102465509,0.0
102465510,0.0
102465511,0.0
102465512,0.0
102465513,0.0
102465514,0.0
102465515,0.0
102465516,0.0
102465517,0.0
102465518,0.0
102465519,0.0
102465520,0.0
102465521,0.8541430166292336
102465522,0.0
102465523,0.0
102465524,0.0
102465525,0.0
102465526,0.0
102465527,0.0
102465528,0.0
102465529,0.0
102465530,0.0
102465531,0.0
102465532,0.0
102465533,0.0
102465534,0.0
102465535,0.0
102465536,0.0
102465537,0.0
102465538,0.0
102465539,0.0
102465665,0.6076382119781336
102465666,0.0
102465667,0.0
102465668,0.9856254392880216
102465669,0.0
102465683,0.0
102465684,0.0
102465688,0.0
102465689,1.137298940041899
102465690,0.0
102465691,0.0
102465692,0.0
102465693,0.0
102465694,0.0
102465695,0.0
102465696,0.0
102465800,0.0
102465801,0.0
102465802,0.0
102465803,0.0
102465832,0.0
102465833,0.0
102465834,0.0
102465835,0.0
102465836,0.0
102465837,0.2875640272652024
102465838,0.0
102465839,0.0
102465840,0.0
102465841,0.0
102465842,0.9667952490535984
102465854,0.0
102465855,0.0
102465856,0.3659970186845886
102465857,0.0
102465858,0.0
102465859,0.0
102465860,0.0
102465861,0.5307370523394719
102465862,0.0
102465863,0.0
102465864,0.0
102465865,0.0
102465866,0.5598837827191709
102465867,0.0
102465868,0.0
102465869,0.0
102465870,0.0
102465871,0.0
102465872,0.0
102465873,0.0
102465874,0.0
102465875,0.0
102465876,0.0
102465877,0.0
102465878,0.0
102465879,0.0
102465880,0.0
102465881,0.0
102465882,0.0
102465906,0.0
102465907,0.0
102465908,0.0
102465909,0.8684530645116083
102465910,0.0
102465944,0.0
102465974,0.8890831927165979
102465975,0.426690653496015
102465976,0.0
102465977,0.0
102465978,0.0
102465985,0.0
102465993,0.0
102465995,0.0
102466081,0.0
102466103,0.0
102466104,0.0
102466162,0.0
102466189,0.0
102466190,0.0
102466191,0.7417465620147607
102466192,0.381439265338426
102466193,1.0077551289198712
102466194,0.0
102466195,0.0
102466196,0.0
102466197,0.0
102466198,0.0
102466199,0.0
102466200,0.0
102466201,0.0
102466202,0.0
102466203,0.0
102466204,0.0
102466205,0.0
102466222,0.0
102466223,0.0
102466225,0.0
102466227,0.0
102466235,0.0
102466247,0.2663517753936261
102466250,0.0
102466251,0.0
102466252,0.0
102466253,0.3517184693718995
102466259,0.0
102466268,0.0
102466270,0.0
102466271,0.0
102466515,0.0
102466516,1.157493202730456
102466518,0.0
102466519,0.0
102466615,0.0
102466616,0.0
102466656,0.0
102466657,0.0
102466658,0.9856254392880216
102466659,0.0
102466719,0.0
102466720,0.0
102466721,0.0
102466722,0.0
102466723,0.0
102466724,0.6348446373777666
102466725,0.0
102466726,0.0
102466727,0.0
102466728,0.0
102466729,0.0
102466730,0.0
102466731,0.9784972791441504
102466732,0.0
102466733,0.0
102466734,0.0
102466735,0.0
102466736,0.0
102466737,0.0
102466738,0.0
102466739,0.0
102466740,0.0
102466741,0.4776020445966557
102466742,0.0
102466743,0.0
102466745,0.6523491313204828
102466746,0.0
102466747,0.0
102466748,0.0
102466749,0.0
102466750,0.0
102466751,1.5047841875861578
102466752,0.0
102466753,0.0
102466754,0.0
102466755,0.0
102466756,0.0
102466757,0.0
102466758,0.7417465620147607
102466759,0.0
102466806,0.0
102466812,0.0
102466814,0.0
102466815,0.0
102466816,0.0
102466854,0.0
102466864,0.0
102466865,1.2364621044995718
102466866,0.0
102466872,0.0
102466873,0.0
102466874,0.0
102466875,0.0
102466876,0.0
102466877,0.0
102466878,0.3483435797417242
102466879,0.0
102466880,0.0
102466889,0.0
102466906,0.0
102466911,0.0
102466912,0.0
102466918,0.0
102466953,0.0
102466967,0.0
102466972,0.0
102466982,0.0
102466983,0.0
102466984,0.0
102466985,0.0
102466986,0.0
102466995,0.0
102467003,0.0
102467004,0.0
102467005,0.0
102467079,0.0346660352741282
102467146,0.2549932931012345
102467212,0.2830140637454333
102467213,0.0
102467214,0.0
102467222,0.0340664262320136
102467225,0.0
102467226,0.0
102467655,0.0
10247,2.1709492913593076
10248,2.4590012076254504
10249,1.712822233125817
1025,2.4925080752841127
10250,2.135031958025146
10251,0.4859810552306006
10252,2.4383620723317367
10253,1.992989640972231
10254,2.00548260508826
102546227,0.0
102546228,0.0
102546294,0.0698819152678692
102546299,0.0
10255,0.1858710144881974
102557615,0.0
10256,1.7723544753150868
10257,1.2092664817123466
102577424,0.0
102577425,0.0
102577426,0.0447946653885956
102578074,0.0
1026,2.525950764499877
10260,1.6129174193214435
102606463,0.6900532383974165
102606465,0.6426589910436257
102606466,0.0300581105554705
10261,2.064979497336372
10262,2.7581920928036454
10263,2.384474497921221
10265,2.412412114623875
102659353,0.0
10266,2.6656505773075048
10267,2.6086047131763124
10268,2.6967699216408394
102682016,0.0
10269,2.445860308493196
1027,2.689368629468611
10270,2.146557483503102
10272,2.516388896148623
102723099,0.3270815441316422
102723165,0.042620338349058
102723166,0.4106622265783125
102723167,0.0306605722017031
102723168,1.4979242668559758
102723169,1.596458360716803
102723170,2.180026414654058
102723305,0.1465044137579888
102723313,0.24809889929831
102723314,0.1398421038439008
102723318,0.0
102723322,0.0234025367070836
102723323,0.1034888062958342
102723324,0.1630970075402978
102723330,0.0
102723335,0.0557775902066152
102723341,0.0936791088254262
102723360,0.0
102723362,0.0
102723364,0.0
102723377,0.0
102723378,0.0
102723380,0.0
102723385,0.1038567167187382
102723413,0.0252228938178094
102723423,0.0
102723430,0.2779931777239645
102723446,0.0639214260144302
102723448,0.0
102723449,0.0
102723451,0.0
102723471,0.0
102723472,0.0
102723475,0.0099324012091867
102723481,0.0
102723483,0.1009088407219797
102723495,0.0
102723508,1.303591932738847
102723510,0.1682135228864451
102723518,0.0
102723525,0.0
102723526,0.0
102723538,0.0
102723544,0.0
102723547,0.0
102723548,0.0510881989588056
102723553,0.0
102723555,0.0
102723557,0.0
102723562,0.0
102723566,1.279789315137699
102723567,0.1382562046163831
102723575,0.4173618877839998
102723582,0.5001412762298818
102723604,0.0
102723605,0.0
102723617,0.0
102723619,0.3096395937509883
102723623,0.0
102723626,0.0336664500279098
102723631,0.0
102723640,0.1562244731360848
102723641,0.6779718552141233
102723644,0.0
102723647,0.4600855033012058
102723654,0.009315012732202
102723661,0.0
102723663,1.392080442066067
102723670,0.036063467897197
102723672,0.8590575431900227
102723678,0.0
102723680,0.0
102723684,0.0
102723690,0.105693816820032
102723692,0.2445517554898116
102723699,0.0473570995805846
102723701,0.5482016009350557
102723708,0.0959103684817372
102723727,0.0227948798627598
102723737,0.0
102723741,0.0356644376201233
102723742,0.0264342928541542
102723749,0.0
102723757,0.0
102723775,0.5538615737589974
102723786,0.0
102723796,0.0
102723809,0.3349689700613149
102723817,0.1302803097110695
102723824,0.3158737571340648
102723828,0.5550905488635629
102723831,0.0
102723833,0.0
102723834,0.2160702066097536
102723838,0.0
102723849,0.0126025784990239
102723854,0.8302880418705905
102723859,0.2016836555872125
102723878,0.3828629220170676
102723885,0.221021111993137
102723895,0.0020788305397574
102723896,0.0
102723899,0.0
102723924,0.0316637209677261
102723932,0.0
102723944,1.0585511974223911
102723966,0.0
102723971,0.0
102723981,0.0
102723989,0.0858221088259321
102723996,0.7743652003031237
102724015,0.7955858507090149
102724019,0.2871248635282031
102724023,0.9191724552572812
102724030,0.4160019882239308
102724039,0.0
102724053,0.0256268862991105
102724064,0.7390070908049975
102724076,0.0
102724087,0.068923416931643
102724094,0.2975972060215257
102724097,0.4300984242518497
102724101,0.0
102724105,1.2794387676018149
102724127,0.0
102724135,0.0
102724153,0.0491265280900879
102724159,0.8862751210231553
102724163,0.3440019232102286
102724165,0.0
102724167,0.0
102724168,0.3029245872753158
102724178,0.089572811643912
102724190,0.2735361170356658
102724200,0.6572321810198901
102724201,0.0673875284399155
102724219,0.0
102724220,0.0
102724224,0.9936708731245352
102724233,0.2717461806870164
102724238,0.0
102724246,0.4875555495384593
102724264,0.0
102724265,0.0447946653885956
102724289,0.0256268862991105
102724297,1.0471671051251832
102724312,1.2785773628357608
102724321,0.0
102724323,0.8338280703245582
102724330,0.9848790253489242
102724334,0.0
102724338,0.0
102724339,0.2163905475377656
102724341,0.2462501984298378
102724344,0.3702158348429686
102724354,0.0
102724357,0.0
102724362,1.728346365703903
102724373,0.0
102724380,0.0175101773978301
102724386,0.2683040276188064
102724397,0.1370205991519871
102724398,0.0
102724428,0.9732998531571468
102724430,0.0
102724433,0.0
102724434,0.0
102724446,0.0
102724452,0.0
102724473,0.1818688831908015
102724474,0.4779436025130317
102724479,0.0754196057556881
102724481,0.0376577034343075
102724482,0.0374585887741673
102724485,0.0
102724488,0.2657501063825088
102724497,0.0955389086838045
102724502,0.0610219959658159
102724508,0.6345704495142405
102724511,0.0463724718392014
102724515,0.0086971754034013
102724536,1.2698866854670603
102724548,0.0
102724550,0.1149999756639092
102724551,0.0
102724555,0.0
102724560,0.1868684534699322
102724571,0.6035409025131309
102724587,0.0936791088254262
102724589,0.3418218475162929
102724594,0.0130126308322217
102724596,0.1536322322100882
102724601,0.0364623094604789
102724602,0.916436351690336
102724605,0.0
102724623,0.0177140457770852
102724624,0.1699118824483975
102724627,0.0
102724631,0.0
102724637,0.0727508259833435
102724642,0.4788536473516551
102724643,0.0280467968559265
102724651,0.0
102724652,0.0
102724655,0.0
102724657,0.0
102724659,0.0193432301006561
102724663,0.068923416931643
102724679,0.0
102724684,0.0076664475141711
102724691,0.054997842915243
102724698,0.0
102724699,0.1288542131717881
102724700,0.0
102724701,0.0
102724708,0.9254908433065068
102724710,0.0
102724714,1.200423832804852
102724719,0.2891721859438369
102724737,0.0
102724742,0.0
102724745,0.1348980704403251
102724763,0.0
102724768,0.0445972313113895
102724814,0.2165506698612004
102724816,0.0
102724826,0.5971087354572803
102724827,0.7436964743032884
102724832,0.6958473494174554
102724843,0.0
102724849,0.1791897340119939
102724850,0.1555340154263538
102724858,0.0
102724859,0.0051875911285856
102724862,0.0
102724877,0.0
102724880,0.0248187083181388
102724890,0.0086971754034013
102724907,0.3086431584977697
102724908,0.0
102724917,0.0
102724919,0.1563969960933261
102724927,0.3536019300948766
102724929,0.0
102724933,0.147028078610212
102724934,0.0
102724940,0.0056012358560772
102724950,0.0
102724951,0.0
102724954,0.0318642078034075
102725019,0.0
102725021,0.2834555412785291
102725022,0.6936698513727624
102725045,0.0
102725068,0.6565240641942933
102725079,0.0113712320035829
102725080,0.0
102725105,0.0
102725191,0.1832051328693448
102725220,0.0
102725532,0.0
10273,2.358840640757958
10274,1.8136203410661456
10276,2.8273540191755533
10277,1.9148574830952836
10278,1.736533692173169
10279,0.5909092241391393
1028,2.1617728114582255
10280,2.500042923156916
102800315,0.0
102800317,0.0
10281,0.0
10282,1.774222539829262
10283,1.9201760584095076
10284,2.657176085952286
10285,1.9101551110090464
10286,2.510773934898103
10287,2.225670634198033
10288,1.8165206143181587
10289,2.3934713828999103
1029,1.6945540155157572
10290,1.1170053653581369
10291,2.4559509339469487
10293,1.514010906441258
10294,2.260822729924873
10295,2.3988569581389174
10296,2.095393265751477
10297,0.5958538648978178
10298,2.12005754744677
10299,2.3092386769793456
103,2.7447487267245334
1030,2.3115168881014063
10300,1.7934022995744094
10301,0.2428496632083635
10302,1.9835881992039772
10307,1.842315899753316
10308,1.685805486224348
10309,1.019556480642268
103091864,0.3026375512736929
1031,1.9371883435568815
103106903,0.051284114267885
10311,1.927842977392268
10312,2.464124056102463
10313,2.6864439874474075
10314,2.3215532310813725
103157000,0.0126025784990239
10316,1.0140407188245504
103164619,0.0274424681999785
10317,0.3342803124530755
10318,2.6411877613703316
10319,0.644824114089851
1032,1.927184860056448
10320,1.5996627193619697
10321,0.016081724652309
10322,2.148052714065633
10324,0.3379917634160607
10325,2.023782412479872
10326,0.3823455380195691
10327,2.6206367035049647
10328,1.780663659140895
103283057,0.0166942133416963
10329,1.248542418604346
1033,1.6927221155134509
10330,1.0396167993564966
10331,0.9260780870253212
103312105,0.0
10332,0.0
10333,1.010931678939516
103344928,0.1178980435863406
103344929,0.0
103344930,0.009315012732202
103344931,1.333391910603385
10335,1.7930000881316706
103352539,1.8637809467961144
103352670,0.0
10336,2.2359892373316024
10340,0.1009088407219797
10342,2.0493945297518352
10343,0.0683477895576427
10344,0.8519686138740015
10345,0.305360124389833
103456507,0.0
10346,2.3807992323007254
10347,1.7968542717324671
10349,1.0646057971301248
10350,1.446948605394745
103504726,0.0
103504727,0.0
103504729,0.0
103504730,0.0
103504731,0.0
103504732,0.0
103504733,0.0
103504734,2.32817380887992
103504735,0.0
103504736,0.0
103504737,0.0
103504738,0.4120318336113919
103504739,0.0
103504740,0.0
103504741,0.0
10351,1.8134960385561565
10352,1.6791191383037527
103581031,0.0
1036,2.234951770052067
10360,2.312940391272284
10361,0.507611567951372
103611157,0.0
10362,2.5803874947972743
103625681,0.2925240366109281
103625684,0.2852189645943883
10363,1.7956779188862522
10365,2.513184663051804
10367,2.424726233773548
10368,0.0
103689911,0.2852189645943883
103689912,1.2188260464097314
103689913,0.0
103689917,0.3355194528853651
10369,0.0056012358560772
103695364,0.0
103695365,0.0053944386314874
103695431,0.7596262781708343
103695433,0.011781879253164
103695434,0.04578114125236
103695435,0.1712680127981029
10370,2.7707460729798545
10371,0.6881954234885487
103724388,0.1016467951358945
103724390,0.0318642078034075
103752554,0.0
103752555,0.0
103752584,0.266952984640683
103752589,0.836335166437484
10376,2.5735750713095884
10379,1.4029459181842665
10380,2.209891282984524
10381,0.3913491054749176
10382,0.6254610829816507
10383,2.9207506400936833
10384,2.0245270715760855
10385,1.6461209072554563
10388,1.8328796704988144
10389,0.8367408057550763
1039,2.403998074547243
10390,1.645284510639013
103908605,0.0677717653179942
10391,1.2965370685915572
103910,3.125212309869946
103911,0.3172836446937965
10392,1.4467409054071405
10393,0.8391692946795419
10394,0.0
10395,2.0377441660264273
10396,1.3402306174782297
10397,2.3892979948291764
10398,3.0715416198315437
10399,3.0491165496079145
104,1.8466820567231697
1040,1.9877002439119325
10400,2.560845417422217
10401,2.2464148215417783
10402,1.353977924581589
10403,1.5559164260722944
10404,2.365202130897824
10406,2.054157632064373
10407,0.0
10408,0.0211723261778742
10409,2.545361687154352
1041,0.0142416006900836
10410,3.316667875106599
10411,1.6377025461722317
10412,2.3012548759370977
10413,2.3016068141824415
104169670,0.0
104169671,0.0610219959658159
10417,2.328064062250116
10418,2.4744699588793977
10419,2.004564647619029
10420,1.5090128557097706
10421,2.7006325738120753
10422,2.29771449277538
10423,2.7411189504473374
10424,2.5103026220194797
10425,2.1334944409109253
10426,1.877346130042264
104266956,0.053631538511365
104266957,0.04253496623636095
104266959,0.0
104266960,0.0
104266961,0.0
104266962,0.0
104266963,0.0698819152678692
10427,2.150411290677649
10428,2.0995053325913635
1043,2.6048144303261025
10430,2.520664932125844
104310350,0.0
104310351,0.029254159459327
10432,2.0843893057038643
104326056,0.0
104326057,0.0
104326058,0.0
104326193,0.0
10434,2.263584690542852
10435,0.0
104355137,0.0
104355138,0.0
104355139,0.310918847596584
104355141,0.4396300692556715
104355143,0.0884493778801894
104355145,0.0696903035798559
104355146,0.0
104355152,0.0227948798627598
104355218,0.0
104355285,0.0
104355286,0.0
104355287,0.0072538062085478
104355291,0.0621829736100838
104355292,0.0
104355293,0.0
104355294,0.0
104355296,0.0
104355297,0.0
104355426,1.3899671615273057
10436,1.5310593401754575
10437,0.3886592666466356
10438,1.797306674274012
10439,2.0365175975189955
1044,0.7557368055199133
10440,2.3982054636583574
104413890,0.0
104413892,0.0
10443,1.839142326704449
10444,2.432964399133586
10445,2.382003284488173
10446,2.156515988085216
10447,2.199435258371637
104472519,0.0
104472714,0.0
104472717,0.6647988043200539
10449,2.355964723999004
1045,0.1768381716659198
10450,1.756293029491993
104502416,0.1858710144881974
104502417,0.1348980704403251
10451,2.509308258555611
10452,2.246035113402871
104533120,0.0639214260144302
10454,2.034990590557873
104548972,0.0
104548973,0.0677717653179942
10455,1.9041859161424388
10456,2.609479459736486
104564224,0.1347209445133961
10457,2.909852055779377
10458,1.8435901152532157
10459,1.8660778903151336
1046,0.0
10460,2.0100395171581353
10461,1.89679204979832
104613533,0.0
10462,1.4636918098507563
10463,2.1438474367983713
10464,1.8654203236346587
10465,1.7250611285081396
10466,1.6741915805014522
10467,2.2917807127780994
10468,2.3686996632994584
10469,2.0326764448165693
1047,2.0940307259215705
10471,2.083797040043829
10472,2.3963250127664764
10473,2.6518955150212618
10474,2.462037345648564
10475,1.8294334550976885
10476,2.506813833162555
10477,2.148100561812213
10478,1.8410280514626471
10479,1.1736796142991908
104797537,0.0191397532419228
104798195,0.0
1048,2.3015320243989965
10480,2.199653001594921
10481,0.0908815660467812
10482,2.3735889374011343
10483,2.3256529876515932
10484,2.208796663590838
10485,0.3066464430516934
10486,1.9780157187473235
10487,2.9245040497138066
10488,2.6330211060279938
10489,2.1900750949499783
10490,2.0656082691265496
104909134,0.0
10491,2.6793155408332026
10492,1.1467003295302005
10493,2.9432627491607666
10494,2.2377292120729604
10495,1.8482479843972175
104968399,0.496488180324565
10497,1.553975593554715
10498,2.2509898132418513
10499,1.9039782019217195
105,0.7742908293307973
1050,2.3006887629496986
10500,1.809854271860957
10501,2.1894919787204894
10505,1.3927743732394546
10507,1.687194644610997
10509,2.262136342611013
1051,2.573573942353533
10512,2.4221741021795227
10513,2.124908512854132
10514,2.2219563476536557
10516,2.404228740892241
10517,0.0326656794165476
10518,1.7009337495692822
105180390,0.0
105180391,0.0
10519,2.77832647176223
1052,2.655619027889805
10520,1.7371533595230673
10521,2.7393171598097825
10522,2.1333629926531152
105221694,1.1336207669284448
10523,1.900941649610431
10524,1.6251033365305532
10525,2.2105972813214554
10526,2.2122293293008655
10527,2.398277011160612
105274304,0.136843931739014
10528,2.388628234704419
10529,1.7834200896063204
1053,0.4025177347293569
10531,1.8649905079667672
10533,1.6911714236254305
10534,2.0974225529858037
10535,0.0175101773978301
10536,2.26752396672709
105369147,0.4111605546601038
105369165,0.0
105369167,0.0459782976541651
105369187,0.041431969987866
105369192,0.2102820170793421
105369201,0.7684639436197895
105369250,0.3642764284249902
105369274,0.0
105369292,0.0
105369301,1.3027685762719636
105369302,0.12867577671514
105369306,0.0306605722017031
105369308,0.1197041703191302
105369317,0.2779931777239645
105369318,0.1459804127775399
105369323,1.1005117853162294
105369332,0.3133294743166249
105369344,0.7473469616548725
105369347,0.9675640941106036
105369360,0.0534361704016004
105369363,1.2857138944008952
105369378,0.4514048025102579
105369413,0.3408661147519204
105369423,0.0
105369428,0.0
105369431,0.0
105369438,0.0
105369443,0.0
105369473,0.0
105369482,0.0
105369490,0.125636408067992
105369496,0.0
105369507,0.0
105369515,0.0918151287903754
105369525,0.0627628591308276
105369527,0.0
105369528,0.0221867865316464
105369536,0.0487336436053482
105369541,0.0
105369547,0.201520533066984
105369549,0.0
105369557,1.2641125831848077
105369558,0.0
105369563,0.0284494427319338
105369564,0.0
105369576,0.0
105369584,0.0
105369589,0.0
105369591,0.0374585887741673
105369595,0.0
105369635,1.626659642101985
105369668,0.0
105369691,0.0
105369717,0.0
105369723,0.3334531094010107
105369728,0.0
105369730,0.0
105369734,0.0
105369736,0.0
105369739,0.1768381716659198
105369740,0.5895457875063634
105369758,0.0923747627007558
105369759,0.1211462231579099
105369779,1.718635578119853
105369784,0.0
105369785,0.0
105369791,0.1768381716659198
105369804,0.1324148165236816
105369807,0.0569458532680942
105369810,0.0
105369840,0.0
105369848,0.7643241624399172
105369854,0.0
105369860,0.0
105369865,0.7998919411691903
105369885,0.74198085223349
105369893,0.0
105369897,0.3473959406229774
105369900,0.0
105369908,0.01219232802879
105369911,0.75909377577136
105369920,0.0
105369921,0.0809207585101274
105369954,0.0639214260144302
105369971,0.494932836298095
105369980,0.0
105369984,0.4405885279206463
105369995,0.0
10537,0.0
105370000,0.0706479226552025
105370014,0.0
105370015,0.0
105370016,0.0
105370022,0.0
105370024,0.0
105370027,0.3878889805904448
105370035,0.0799748722352531
105370047,0.4214268337653372
105370057,0.0833750437052461
105370060,0.0
105370061,0.0
105370103,0.2042891169220665
105370109,0.426690653496015
105370115,0.0
105370117,0.0382547653609949
105370141,0.0
105370145,0.0
105370158,0.2042891169220665
105370169,0.0358639763576893
105370174,0.1313482575810238
105370185,0.1594961705535451
105370208,0.1364904825088563
105370232,0.0
105370295,0.0
105370306,0.0
105370308,0.0
105370315,0.0
105370340,0.0
105370349,0.1042244635039507
105370357,0.0
105370369,0.0921882600032804
105370401,0.0654636900743731
105370404,0.0646929135332517
105370409,0.0
105370414,0.0
105370423,0.0
105370424,0.0
105370431,0.0
105370455,0.0408371562480633
105370458,0.1343665777337765
105370460,0.0254249141756302
105370471,0.0
105370473,0.0
105370474,0.041828279182458
105370479,0.031262604438497
105370489,0.0
105370500,0.0563619252247972
105370503,0.0
105370509,0.0544125563488178
105370524,0.0614091674392234
105370525,0.2222937962439548
105370526,0.1924974114159267
105370532,0.1380798037091699
105370540,0.0080788886488122
105370578,0.0604409028617613
105370586,0.0
105370589,0.0
105370600,0.0
105370607,0.0
105370611,0.0
105370622,0.018529029376588
105370623,0.1042244635039507
105370625,0.2993290033426907
105370629,0.0
105370635,0.119343261883879
105370645,0.0402419221072167
105370646,0.0223895328412295
105370648,0.0780798702999492
105370650,0.0
105370654,0.0
105370670,0.0
105370681,0.0
105370722,0.0
105370728,0.0
105370737,0.0
105370738,0.0
105370757,0.0920017153720052
105370764,0.073704942137793
105370769,0.0
105370781,0.1637810756568249
105370787,0.0803533557144177
105370791,0.0508922379282558
105370792,0.3147439961420661
105370802,0.0152643844692303
105370804,0.0
105370809,0.2562126892250005
105370829,0.0
105370833,0.3835091556517567
105370868,0.1175363422620864
105370880,0.0
105370887,0.0773206608342586
105370906,0.296874485886237
105370911,0.0
105370921,0.0972091680864421
105370941,0.7493578291592082
105370947,0.224991526000587
105370954,0.0
105370969,0.3975883959245259
105370985,0.04578114125236
105370987,0.0
105370993,0.0238073990491231
105370997,0.0326656794165476
105371006,0.0
105371008,0.0
105371009,0.0
105371011,0.2440879109998394
105371018,0.6536843031706674
105371022,0.0867613730983522
105371027,0.0551928477150357
105371045,1.111775002912778
105371046,0.6370342530231459
105371048,0.0
105371049,0.8604920016031705
105371055,0.8573581131028335
105371062,0.4338532430477267
105371074,0.1553613094606595
105371079,0.0
105371083,0.2240404280203549
105371090,0.0
105371113,0.0
105371115,0.0358639763576893
105371129,0.263338820352192
105371142,0.0
105371143,0.0
105371146,0.0
105371152,0.788199903101026
105371184,0.1320594510057083
105371200,0.0179178651438874
105371240,0.336481851319876
105371242,0.1512053420531817
105371251,0.0436093653522559
105371252,0.0
105371254,0.0356644376201233
105371256,0.0177140457770852
105371260,0.2903396799106517
105371264,0.0111658338983268
105371267,0.5769566472014062
105371272,0.0
105371279,1.389941335908923
105371286,0.1489453134079853
105371296,0.0
105371335,0.0
105371346,0.0264342928541542
105371350,0.0
105371361,0.0704564866776887
105371374,0.4398697997772173
105371401,0.9193504811177874
105371414,0.8828260157382563
105371416,0.7885639041625825
105371423,0.1364904825088563
105371430,0.0
105371450,0.7495122602597445
105371455,0.0
105371485,0.0175101773978301
105371508,0.0
105371509,0.0
105371541,0.0
105371559,0.0227948798627598
105371562,0.0
105371564,0.4004993415837194
105371574,0.0148554188895284
105371580,0.0
105371595,0.0
105371597,0.0
105371609,0.0
105371620,0.193321891338453
105371622,0.1075268419004856
105371653,0.0
105371660,0.0
105371672,0.0
105371673,0.0
105371689,0.2768071024545558
105371708,0.0105493414072734
105371712,0.0232000328901817
105371722,0.875171240580488
105371729,0.1149999756639092
105371730,0.1459804127775399
105371734,0.2076959907404222
105371735,0.0
105371745,0.2118940526257159
105371757,0.0
105371762,0.0623763134303502
105371773,0.9785511867130292
105371786,0.0933066477599419
105371789,0.1817016964086886
105371795,0.3247134518098527
105371798,0.3050739863790921
105371807,0.022997480615535
105371824,0.3086431584977697
105371828,0.1840391672405283
105371830,0.0
105371831,0.0
105371841,0.6847195629054591
105371848,0.3012007803359423
105371855,0.0717956175864252
105371856,0.0477506279872771
105371887,0.0
105371899,0.1695724950282078
105371907,0.1018311809447803
105371941,1.1016523961955569
105371956,0.0162859366995967
105371964,0.0
105371967,0.0203598820990786
105371969,0.0
105371993,0.0
105371994,0.0
105372009,0.0
105372035,0.0
105372040,0.0
105372041,0.0
105372042,0.0
105372045,0.0
105372058,0.0
105372061,0.0
105372068,0.0
105372069,0.0
105372079,0.0029089440711514
105372080,0.0927476423604853
105372097,0.0561671921294347
105372107,0.0
105372126,0.1033047896802982
105372127,0.0873244225138922
105372132,0.0
105372138,0.0
105372143,0.0
105372145,0.0
105372147,0.0544125563488178
105372155,0.0
105372165,0.3312428814023871
105372173,0.0
105372180,0.0814877748095437
105372187,0.0
105372188,0.0126025784990239
105372207,0.0
105372209,0.0
105372244,0.0660413065929845
105372253,0.2733871114304414
105372266,0.7328613337323365
105372267,0.0213753154909553
105372268,0.1473770019605207
105372280,0.0
105372281,0.0
105372295,0.7049833506620288
105372316,0.032865928486596
105372321,0.8745981705481338
105372348,0.0400434172142254
105372360,0.0
105372363,0.0
105372397,0.0
105372401,0.802675769850247
105372424,0.0
105372429,0.280359957267272
105372430,0.0
105372432,0.4969319559397437
105372435,0.3844129576717742
105372440,0.1944747460819447
105372441,0.0
105372444,0.0
105372476,0.8316518885732588
105372480,0.8102530336965772
105372481,0.9209504330623864
105372482,1.058692710199524
105372502,0.0746579682411712
105372524,0.045189394581304
105372556,0.0
105372558,0.0
105372589,0.3192531830681404
105372608,0.0
105372626,0.0
105372629,0.0
105372640,0.0
105372668,0.1934866860254196
105372676,0.0
105372682,0.0
105372703,0.0166942133416963
105372705,0.5404107035374286
105372710,0.0491265280900879
105372725,0.0
105372733,0.0
105372738,0.3926266242104571
105372747,0.0
105372749,0.0
105372751,0.2237231430345674
105372753,0.025020825205399
105372763,0.0
105372779,0.1694027480215364
105372791,0.0270393423001977
105372802,0.3150265908981102
105372808,0.0
105372832,0.1423029624369139
105372833,0.0
105372840,0.0400434172142254
105372860,0.0983208065549586
105372876,0.0742768884659622
105372883,0.4253476196679362
105372893,0.0
105372894,0.0
105372897,0.0
105372906,0.188196455857058
105372907,0.0
105372937,0.0
105372944,0.0
105372950,0.57715508338035
105372969,0.0
105372971,0.0
105372972,0.0
105372978,0.8766334078594148
105372980,0.0
105372984,0.0729417365234151
105372988,0.0322650387162132
105372990,0.0503040803202519
105373006,0.0
105373009,0.0066344685557293
105373010,0.0
105373044,0.0
105373051,0.4968210373473922
105373054,0.1077099208929781
105373058,0.2243575867846448
105373085,0.5704770855829259
105373098,0.4858684616398012
105373100,0.068923416931643
105373113,1.021467550597674
105373144,0.994354042453589
105373148,0.1020155256679961
105373158,0.0794068242501354
105373159,0.9930922047182198
105373170,0.0086971754034013
105373175,0.0
105373199,0.0
105373220,0.0
105373223,0.0
105373244,0.0463724718392014
105373251,0.0
105373277,0.0
105373289,0.3645413875390575
105373297,0.0
105373299,0.0
105373314,0.0754196057556881
105373334,1.231679639087338
105373343,0.0
105373346,0.0
105373347,0.0
105373352,0.0495192289370227
105373354,0.0485371324516474
105373368,0.0
105373373,0.0
105373377,0.0
105373390,0.0
105373400,0.0
105373411,0.0
105373418,0.059471517423572
105373422,0.0366616595234452
105373429,0.0455839386189831
105373436,0.016081724652309
105373440,0.0
105373460,0.0
105373496,0.1512053420531817
105373507,0.0
105373508,0.0
105373509,0.3206569328306082
105373514,0.0
105373519,0.0
105373525,0.0
105373530,0.0
105373537,0.0
105373538,0.0
105373559,0.0
105373575,0.0
105373593,0.0
105373600,0.0
105373604,0.0
105373615,0.0918151287903754
105373643,0.0
105373647,0.0
105373669,0.0
105373682,0.1403700544629917
105373683,0.0
105373684,0.0
105373696,0.0
105373742,0.0
105373757,0.0708393147493007
105373764,0.0195466581122431
105373780,0.1959545645915504
105373805,0.1295675712697485
105373818,0.4056606798125319
105373845,0.0
105373852,0.0
105373863,0.0
105373869,2.070233617293345
105373876,0.0
105373878,0.6656732670991807
105373884,0.8132734534164687
105373888,0.01219232802879
105373934,0.125636408067992
105373951,0.2295725611990668
105373953,0.6646237781750032
105373958,0.6801144209540262
105373973,0.0
105373974,0.3964462639138413
105373979,0.022997480615535
105373984,0.3480729452368478
105374003,0.230202364696839
105374041,0.0
105374042,0.1333025569412144
105374057,0.0
105374058,0.0
105374059,0.0
105374088,0.2634897422815651
105374104,0.5280857370855939
105374105,0.140897664497433
105374114,0.0266360241092229
105374134,0.0
105374158,0.1171744819931155
105374171,0.0671953437318986
105374174,0.119343261883879
105374177,0.0
105374205,0.0654636900743731
105374219,0.029254159459327
105374243,0.0
105374250,0.1093558077997425
105374272,0.0
105374289,0.029254159459327
105374293,0.0
105374308,0.0
105374312,0.1126377675040334
105374313,0.1890253477766942
105374322,0.0
105374328,0.1908459142734483
105374338,0.0
105374344,0.1673630074226078
105374363,1.0003121247594322
105374374,0.0183253569229505
105374408,0.0
105374409,0.0
105374419,0.2568216815987181
105374425,0.0
105374428,0.0
105374436,0.0
105374449,0.0
105374461,0.0
105374464,0.5924642191312938
105374468,0.0908815660467812
105374484,0.0
105374516,0.0
105374524,0.0047737452018541
105374540,0.0221867865316464
105374561,0.0
105374582,0.0
105374588,0.0304597993916931
105374593,0.0266360241092229
105374596,0.0
105374597,0.0
105374629,0.0
105374642,0.0091091168566818
105374644,0.0
105374645,0.0
105374647,0.0
105374648,0.0
105374652,0.0
105374655,0.0
105374676,0.0078726930921942
105374698,0.0
105374716,0.0
105374727,0.0350655380227658
105374736,0.0548027927666294
105374758,0.4362657045468734
105374768,0.0
105374769,0.0
105374774,0.0
105374780,0.0262325134658017
105374791,0.0
105374796,0.0731326033913595
105374802,0.0322650387162132
105374811,0.7110608039566944
105374845,0.1721144431730159
105374847,0.0
105374852,0.815512140849427
105374880,0.083940390516352
105374885,0.0759903776592968
105374888,0.1990697104555288
105374901,0.2546881495690168
105374910,0.0234025367070836
105374928,0.0
105374943,0.0442022240997431
105374971,0.7656818511998323
105374974,0.0
105374978,0.1534591224248764
105374988,0.0248187083181388
105374989,0.0183253569229505
105375009,0.3878889805904448
105375013,0.0227948798627598
105375014,0.0
105375015,0.6839541927798749
105375022,0.6654110450779156
105375050,0.0
105375070,0.2013573773952446
105375082,0.0105493414072734
105375095,0.34427399785361
105375115,0.1732979617607553
105375118,0.12867577671514
105375130,0.0994309548859968
105375132,0.071221967357895
105375148,0.0
105375166,0.0286506937617837
105375168,0.9040344598843626
105375210,0.0590834488965626
105375216,0.0477506279872771
105375224,0.0
105375233,0.0
105375240,0.2294150324176703
105375261,0.0951672823362936
105375266,0.0
105375268,0.0660413065929845
105375283,0.0
105375297,0.0
105375298,0.0
105375303,0.1520729184419736
105375304,0.3178468815878214
105375341,0.0
105375342,0.0
105375344,0.0
105375355,0.6262016352244051
105375358,0.0
105375366,0.0
105375380,0.0
105375387,0.0
105375392,0.0532407567944813
105375405,0.0179178651438874
105375421,0.1449314009166019
105375423,0.7154614699553792
105375430,0.6833583110069923
105375440,0.0946095302476571
105375448,0.0126025784990239
105375475,0.0134224851965348
105375483,0.0
105375484,0.0
105375501,0.0380557917082188
105375519,0.2364731183324891
105375523,0.1240227657226751
105375538,0.0156731530012164
105375553,0.0
105375556,0.0
105375563,1.3789252278881727
105375564,0.5010241242240955
105375589,0.0735142061810224
105375591,0.7242577577299588
105375594,0.0
105375606,0.0921882600032804
105375610,0.0187326529005272
105375614,0.1359600224363479
105375622,0.0215782561623971
105375623,0.0
105375624,0.9532945170623665
105375635,1.6983306226869108
105375645,0.0660413065929845
105375650,0.1066108377458085
105375666,0.3009131074817633
105375671,0.0
105375679,0.0
105375680,0.0
105375706,0.1119095706081079
105375709,0.0
105375726,0.0863857947605423
105375732,0.0
105375743,0.4015092143095131
105375744,0.0
105375747,0.0
105375750,0.0
105375754,0.0461754078434364
105375759,0.0
105375775,0.0538268611423806
105375781,0.0
105375787,0.0602471155158791
105375790,0.0994309548859968
105375814,0.0
105375822,0.0434116529118274
105375826,0.0166942133416963
105375840,0.0173062599854029
105375843,0.0
105375844,0.0
105375851,0.0
105375861,0.0
105375875,0.0
105375878,0.0
105375888,0.0
105375903,0.4994784373896387
105375924,0.110998419529435
105375968,0.1283187873796772
105375971,0.0
105375972,0.0
105375976,0.0
105375977,0.55835751996162
105375992,0.0
105376020,1.0941092668210168
105376030,0.0914418297097786
105376034,0.0491265280900879
105376070,0.1025683134842556
105376072,0.0
105376114,1.0406387916047837
105376116,0.0
105376121,0.0416301479021601
105376124,0.0
105376144,0.0234025367070836
105376162,0.0
105376174,0.0792173887819751
105376199,0.0
105376219,0.0
105376230,0.3577560190758578
105376244,0.1146369993408919
105376277,1.1460067358545498
105376292,0.3104926639711026
105376310,0.0927476423604853
105376314,0.0534361704016004
105376323,0.56454406113081
105376348,0.0
105376350,0.0
105376365,0.0
105376380,0.3912212347209179
105376381,0.045189394581304
105376382,0.2627348432514378
105376386,0.0
105376387,0.0154687933557568
105376388,0.0588893471988714
105376412,0.0826206497668653
105376419,0.0475538868142473
105376429,0.0
105376435,0.0
105376440,0.0
105376444,0.0792173887819751
105376453,0.0398448655326076
105376468,0.0
105376473,0.068923416931643
105376478,0.0
105376479,0.0581124904196997
105376480,0.0
105376499,0.0
105376527,0.5237163822453541
105376541,0.0820544050747075
105376550,0.1641228937636206
105376554,0.0
105376556,0.095353116336939
105376561,0.0
105376562,0.0
105376567,0.0394476217259577
105376569,0.0
105376570,0.0
105376588,0.0
105376603,0.0
105376605,0.0
105376606,0.0
105376607,0.1238432763780587
105376619,0.089572811643912
105376620,0.0
105376633,0.0
105376640,0.0
105376647,0.0449920531388688
105376650,0.0
105376654,0.0
105376662,0.0
105376671,0.2394344754937768
105376672,0.0
105376673,0.0388514046163894
105376679,0.0
105376680,0.0
105376713,0.0698819152678692
105376744,0.5294656374027761
105376745,0.0
105376748,0.4669342450369668
105376752,0.0
105376762,0.0252228938178094
105376805,0.4958220102683504
105376827,0.0
105376834,0.0
105376843,1.659135603461743
105376854,0.0
105376892,0.5414543892849614
105376944,0.0113712320035829
105376946,0.0
105376955,0.0
105376975,0.0
105376992,0.0
105377007,0.0302589788495971
105377023,1.0906357725309634
105377031,0.2744295571436418
105377035,0.5188901413104611
105377043,0.1463297841307743
105377068,0.5378996553523642
105377096,0.0
105377105,1.0173360294307492
105377108,0.3540049263877372
105377134,0.2738340434194801
105377139,0.0499117462968908
105377144,0.0
105377146,0.0
105377155,0.1238432763780587
105377156,0.0
105377175,0.0
105377180,0.0219839916622789
105377188,0.0191397532419228
105377192,0.0
105377198,0.0223895328412295
105377199,0.296874485886237
105377203,0.3859598276470682
105377205,0.0888240246898696
105377209,0.0
105377224,0.0
105377245,0.0
105377247,0.0
105377248,0.0
105377249,0.0
105377253,0.0258288102084853
105377259,0.0
105377267,0.0238073990491231
105377303,0.0959103684817372
105377321,0.3065036238862894
105377329,0.3171427714128614
105377342,0.1366672261961176
105377349,0.0
105377355,0.0
105377366,0.0225922306114602
105377372,0.0374585887741673
105377373,0.0
105377389,0.0884493778801894
105377391,0.0
105377411,0.0
105377424,0.0
105377438,0.0
105377441,0.1293892898749843
105377443,0.0914418297097786
105377451,0.0487336436053482
105377456,0.0
105377466,0.0209692882026594
105377480,0.0
105377489,0.0
105377500,0.0
105377503,0.0162859366995967
105377532,0.0
105377536,0.0
105377540,0.3941568000258886
105377543,0.0
105377555,0.1714373696317186
105377556,0.0
105377557,0.0
105377595,0.5557042449639114
105377602,0.0
105377603,0.0
105377606,0.0
105377617,0.0
105377623,0.7157051123064903
105377633,0.8185082836343549
105377652,0.0
105377663,1.2200716638117657
105377671,0.0
105377672,0.0
105377682,0.0
105377716,0.0402419221072167
105377724,0.0388514046163894
105377727,0.490470650005224
105377728,0.0475538868142473
105377730,0.031262604438497
105377750,0.6798576672775216
105377753,0.0
105377779,0.0
105377797,0.0
105377820,0.1505106155300797
105377848,0.0551928477150357
105377849,0.0
105377853,0.0300581105554705
105377858,0.0242120678044732
105377860,0.0
105377862,0.0
105377880,0.5237163822453541
105377918,0.0957246593932778
105377924,0.0
105377926,0.0
105377935,0.1078929593095223
105377946,1.4412635071626363
105377953,0.0
105377957,0.1766699409861253
105377959,0.0
105377962,0.0
105377986,0.0346660352741282
105378013,0.0
105378044,0.0
105378049,0.0262325134658017
105378065,0.0037382490083226
105378066,0.0
105378073,0.0
105378078,0.0
105378083,0.3529297975460799
105378147,0.3126212441209869
105378209,0.0
105378220,0.0
105378231,0.1301021831418956
105378238,0.0
105378242,0.0
105378250,0.0201566492701331
105378268,0.5472711494452819
105378270,0.0
105378277,0.076560759028747
105378289,0.0260306859239784
105378305,0.2306743904133587
105378311,0.0
105378325,0.0973945447953161
105378333,0.0
105378349,0.0
105378385,0.0
105378397,0.0
105378402,0.0
105378421,0.0
105378464,0.0
105378473,0.0
105378478,0.0
105378482,0.051479983874231
105378499,0.0788383885327216
105378500,0.4699322521471661
105378516,0.1825372844358325
105378531,0.0586952005206574
105378580,0.1717759771350716
105378591,0.0
105378597,0.0
105378614,0.1598397954841866
105378622,0.2122160704749191
105378644,0.0378567710724885
105378645,0.8852736824867885
105378653,0.1463297841307743
105378663,0.5369557465375479
105378666,0.0
105378668,0.045189394581304
105378687,0.9753082716584066
105378696,0.0
105378710,0.0
105378712,0.0
105378715,0.0
105378716,0.073704942137793
105378720,0.5754666039400431
105378734,0.0
105378736,0.0207662015448037
105378738,0.0
105378739,0.0
105378744,0.0481439722271771
105378753,0.5158708209805223
105378763,0.0209692882026594
105378769,0.0
105378785,0.0
105378786,0.0
105378788,0.0
105378798,0.0
105378803,0.0082850342053478
105378810,0.0
105378828,0.0262325134658017
105378831,0.0
105378842,0.0795962166369358
105378853,0.3435936303146611
105378855,0.068923416931643
105378872,0.0
105378897,0.0
105378909,1.234110738895875
105378920,0.0
105378930,0.0
105378934,0.0236049920866109
105378949,0.6995165237200132
105378952,0.0113712320035829
105378960,0.0
105378966,0.0561671921294347
105378976,0.3295810402632949
105378992,0.0
105379003,0.0717956175864252
105379006,0.054997842915243
105379030,0.0
105379033,0.0
105379036,0.0
105379051,0.0
105379054,0.218150130624384
105379057,0.2409886570316065
105379087,0.0
105379098,0.0
105379100,0.0
105379104,0.0
105379109,0.0
105379132,0.0975798800301689
105379152,0.7202370183994162
105379158,0.0
105379178,0.0
105379191,0.0
105379194,0.4611343443843866
105379196,0.0
105379197,0.1610413402968344
105379199,0.0771307503330335
105379224,0.0432138940104846
105379230,0.0
105379242,0.0
105379269,0.0
105379270,0.0
105379301,0.0280467968559265
105379311,0.0
105379327,0.0
105379340,0.031262604438497
105379342,0.0
105379350,0.9298817243919836
105379388,0.0
105379407,1.6127050332894342
105379427,0.0132175827499873
105379444,0.0364623094604789
105379478,0.0
105379479,0.0561671921294347
105379487,0.0
105379499,0.0590834488965626
105379507,0.0082850342053478
105379699,0.0
105379825,0.0
105379829,0.2078578621979574
105379839,0.0
10538,2.2397640509598293
10539,1.9758540762974113
1054,2.205092965651292
10540,2.2118455906392738
10541,2.8386777599212354
105416157,0.7822748201130088
10542,2.32967332812352
10544,2.153226128482523
105447648,0.4279095011446019
10548,1.162323112987191
10549,2.6009223487758737
10550,2.861958699381713
10551,3.3158749116759143
10552,2.1231262314249997
10553,2.1673395763701606
10554,2.1465400091519937
10555,2.9338828299134563
10556,1.910408722774088
10557,1.7343578944184148
10558,2.2377963428996868
10559,1.9066948996447828
1056,0.6440129859106509
10560,2.1958756384393125
10561,2.516562585637382
105616916,0.0
105616981,0.0
105616982,0.0
10562,0.8086316900921094
10563,1.467115558305632
10564,2.0691638686205738
10565,2.1171379919743822
10566,0.5065177958752659
105664404,0.0
10567,1.8851097800261605
10568,2.64411922710159
10569,2.2723174964524366
1057,0.0493229014588557
10570,0.6602335854572156
10572,2.190387488557423
10573,2.4258551629413976
10574,2.7359887504594846
105748977,0.0443997508881444
10575,2.638560870000382
105751187,0.0790279102152443
105755953,0.0
10576,2.5068551546229068
10577,2.780059703996158
10578,1.0347750599804668
10579,1.4329571329817434
1058,1.5323401317617769
10580,2.586451261602266
10581,2.923356900183059
105827617,0.0
10584,0.0786488237171767
10585,1.8542369247727248
10586,0.0818655711838594
10587,1.5202911015601617
10588,0.4366269005985389
10589,2.6856697570711474
1059,2.72551599908105
10590,0.3049308778565532
10591,2.4226730175421123
10592,1.8133095157588084
10594,2.594122526218289
10595,0.1729599900364498
10597,1.4499391137940585
10598,2.504506254353102
10599,0.0750388739578922
1060,1.627372509943244
10600,2.1231915362262925
10602,1.8232648274242045
10603,1.2721856209127125
10605,2.361766479396372
106050037,0.0685397094214406
10606,2.3387955892579524
10607,2.1061282216559194
10608,2.504379834864749
10609,2.243269343555594
1061,0.0548027927666294
10610,1.699532926071033
10611,2.3037105141840915
10612,1.8255862471164204
10613,2.32259344724894
10614,2.5009180755062217
106144526,0.0408371562480633
106144531,0.0
106144544,0.0
106144568,0.2067240747419362
106144578,0.0
106144584,0.4790809823431844
106144585,0.0
106144593,0.6228629392815743
106144598,0.2578862886323496
106144599,0.0
106144607,0.0
106146149,0.0
10615,1.8313835263858784
10616,2.372607380209369
10617,1.916020445391874
10618,2.728341883230198
106182118,0.4556405736865049
106182249,0.0
1062,1.2771066006071077
10620,1.1810490685864663
10621,1.8373556278694865
10622,0.8294683500237323
10623,2.062701524119236
10625,2.294529031746172
10626,1.2599973949431504
10627,2.8260212808942544
10628,3.3194753819498213
10629,1.6277522541696177
1063,1.916020445391874
10630,2.082176412078999
10631,3.1651053048879674
10632,1.8881291488717624
10633,0.9762829569264752
10634,2.146705980724752
10635,1.4223591374590137
10636,1.818408913814261
10637,0.1416006154108587
10640,1.8651002910586107
10641,2.0395355177758576
10642,0.8544060796984766
10643,0.0416301479021601
10644,0.5911037860059626
10645,2.3674682062092143
106456574,0.0
10647,2.5611994963983653
106478909,0.0
106478911,0.0
106478912,0.0
106478913,0.4941539193886284
106478914,0.2852189645943883
106478915,0.0
106478916,0.0
106478917,0.0
106478918,0.0
106478919,0.0
106478920,0.2852189645943883
106478921,0.0
106478922,0.0
106478923,0.0
106478925,0.0
106478926,0.0
106478927,0.0
106478928,0.0
106478929,0.0
106478930,0.0
106478931,0.0
106478932,0.0
106478934,0.0
106478935,0.0
106478936,0.0
106478938,0.0
106478939,0.0
106478940,0.0
106478941,0.0
106478942,0.0
106478943,0.8458674173077602
106478944,0.0
106478945,0.0
106478946,0.0
106478947,0.0
106478948,0.0
106478949,0.0
106478950,0.0
106478951,0.0
106478952,0.0
106478953,0.0
106478956,0.0
106478957,0.0664261626900539
106478958,0.1007242492434112
106478959,0.0
106478960,0.0600532833173621
106478968,0.0
106478970,0.0
106478980,0.0
106478981,0.0
106478982,0.1959545645915504
106478983,0.0
106478984,0.0
106478987,0.0
106478988,0.0
106478989,0.0
106478990,0.0
106478992,0.0
106478994,0.0
106478995,0.0
106478996,0.0
106478998,0.0
106478999,0.0
106479001,0.0
106479002,0.0
106479003,0.0
106479004,0.0
106479005,0.0
106479006,0.8569652946992159
106479007,0.0
106479008,0.0
106479010,0.0
106479011,0.0
106479012,0.0
106479013,0.0
106479014,0.0
106479015,0.0
106479016,0.0
106479018,0.0
106479020,0.4254698134707198
106479021,0.0
106479022,0.0
106479024,0.0
106479025,0.0
106479026,0.0947954893080635
106479027,0.0
106479028,0.0
106479029,0.0
106479032,0.0
106479033,0.2383447341173207
106479034,0.0
106479035,0.157431366533768
106479036,0.0
106479037,0.4923704111338037
106479039,0.0
106479040,0.0
106479041,0.0
106479042,0.8733866559174601
106479043,0.0
106479044,0.0
106479045,0.0
106479046,0.0
106479048,0.0
106479049,0.0
106479051,0.0
106479052,0.1343665777337765
106479053,0.0
106479054,0.0
106479055,0.0
106479057,0.0
106479058,0.0
106479059,0.0
106479060,0.0
106479061,0.0
106479062,0.0
106479063,0.0
106479064,0.0
106479065,0.0
106479067,0.0
106479068,0.0
106479069,0.0
106479070,0.0
106479071,1.2985710772077446
106479072,0.0
106479073,0.0
106479074,0.4423823136408459
106479075,0.0
106479076,0.0
106479077,0.0
106479078,0.0
106479079,0.0
106479080,0.0
106479081,0.0
106479082,0.0
106479083,0.0
106479085,0.0
106479086,0.0
106479087,0.0
106479088,0.0
106479089,0.7189452943406429
106479090,0.0
106479091,0.0
106479092,0.0
106479093,0.0
106479094,0.0
106479095,0.0
106479096,0.0
106479097,0.0
106479098,0.0
106479099,0.0
106479100,0.0
106479101,0.0
106479102,0.0
106479103,0.0
106479105,0.5191053260257926
106479106,0.3079306351066379
106479108,0.1025683134842556
106479109,0.0
106479110,0.0
106479111,0.0
106479112,0.0
106479113,0.0
106479114,0.1080759571659009
106479116,0.0
106479117,0.0
106479118,0.0
106479119,0.0
106479120,0.1160879462910086
106479121,0.0
106479122,0.0
106479125,0.0
106479130,0.8488589471186414
106479131,0.0
106479132,0.0
106479134,0.0
106479135,0.0
106479137,0.0
106479138,0.0
106479139,0.0
106479140,0.0
106479141,0.0
106479142,0.0
106479143,0.0
106479144,0.0
106479145,0.0
106479146,0.0
106479147,0.0
106479148,0.0
106479149,0.0
106479150,0.0
106479151,0.0
106479152,0.0
106479154,0.0
106479155,0.0
106479157,0.0
106479158,0.0
106479159,0.0
106479162,0.0
106479163,0.0
106479164,0.0
106479165,0.0
106479166,0.1009088407219797
106479167,0.0
106479169,0.0
106479170,0.0
106479172,0.0
106479173,0.0
106479174,0.0
106479175,0.0
106479176,0.0
106479177,0.0
106479178,0.0
106479179,0.0
106479181,0.0
106479182,0.0
106479184,0.0
106479186,0.0
106479187,0.0
106479188,0.0
106479190,0.0
106479192,0.0
106479193,0.0
106479194,0.0
106479195,0.0
106479198,0.0
106479199,0.2101206348407074
106479201,0.0
106479203,0.0
106479205,0.0
106479206,0.0
106479207,0.0
106479208,0.0
106479211,0.0
106479212,0.0
106479214,0.0
106479216,0.0
106479217,0.2663517753936261
106479218,0.0
106479219,0.0
106479221,0.0
106479222,0.0
106479223,0.0
106479224,0.0
106479225,0.0
106479227,0.1202452363628534
106479228,0.0
106479229,0.0
106479230,0.2125379587842801
106479231,0.125636408067992
106479232,0.0
106479233,0.0
106479234,0.110998419529435
106479235,0.0
106479236,0.1003549427233438
106479237,0.1225857523790576
106479238,0.0
106479239,0.0
106479240,0.0
106479241,0.0
106479242,0.0
106479243,0.0
106479244,0.0
106479245,0.0
106479246,0.0
106479247,0.0
106479248,0.114818507485862
106479249,0.0
106479250,0.1334799897055372
106479251,0.1175363422620864
106479252,0.0
106479253,0.6957637283361037
106479254,0.0
106479255,0.0
106479256,0.0
106479258,0.0
106479259,0.0
106479260,0.0
106479261,0.0
106479262,0.0
106479263,0.0
106479264,0.0
106479265,0.0
106479266,0.0
106479267,0.0
106479268,0.0
106479269,0.5726767927699801
106479270,0.0
106479271,0.0
106479272,0.0
106479273,0.0
106479274,0.0
106479275,0.0
106479276,0.0
106479277,0.1055102904479631
106479278,0.0
106479279,0.0
106479280,0.0
106479281,0.3096395937509883
106479282,0.0
106479283,0.0
106479284,0.0
106479285,0.0
106479286,0.0
106479287,0.2131813471486692
106479288,0.0
106479289,0.0
106479290,0.0
106479291,0.0
106479292,0.0
106479293,0.0
106479294,0.0
106479295,0.0
106479296,0.0
106479297,0.7594741782116311
106479298,0.0
106479299,0.0
106479300,0.0
106479301,0.0
106479302,0.0
106479303,0.1135471102998034
106479304,0.0
106479305,0.0
106479306,0.0
106479307,0.0
106479308,0.0
106479309,0.0
106479310,0.0
106479311,0.0
106479312,0.0
106479313,0.0
106479314,0.0
106479315,0.0
106479316,0.0
106479317,0.3876320441781167
106479318,0.2131813471486692
106479319,0.7370434328660804
106479320,0.0
106479321,0.0
106479322,0.0
106479324,0.0
106479325,0.0
106479326,0.1277830120988136
106479327,0.0
106479328,0.0
106479329,0.0
106479330,0.0
106479331,0.0
106479332,0.0
106479333,0.0
106479334,0.0
106479335,0.0
106479336,0.0
106479337,0.2322457897286582
106479338,0.0
106479339,0.0
106479340,0.0
106479341,0.0
106479342,0.0
106479343,0.1139105667826226
106479344,0.0
106479345,0.0
106479346,0.583475882716164
106479347,0.1160879462910086
106479348,0.0
106479349,0.0
106479350,0.1157254490155959
106479351,0.0
106479352,0.0
106479353,0.0
106479354,0.221021111993137
106479355,0.0
106479356,0.488004783498392
106479357,0.6120894648713251
106479358,0.0
106479359,0.0
106479360,0.0
106479361,0.0
106479362,1.0847550964978503
106479363,0.0
106479364,0.0
106479365,0.1010933910344035
106479366,0.0
106479367,0.3908374925918351
106479369,0.0
106479370,0.0
106479371,0.0
106479372,0.0
106479373,0.3113447971994957
106479374,0.0
106479375,0.0
106479376,0.0
106479377,0.0
106479378,0.0
106479379,0.0
106479380,0.0
106479381,0.0
106479383,0.114818507485862
106479384,0.4535257181670199
106479385,0.0
106479386,0.0
106479387,0.1168124626568068
106479388,0.0
106479389,0.2251499320535076
106479390,0.0
106479391,0.1292109697369215
106479392,0.0
106479393,0.0
106479394,0.0
106479395,0.0
106479396,0.3027810825165379
106479397,0.7561955741748254
106479398,0.0
106479399,0.0
106479400,0.0
106479401,0.0
106479402,0.0
106479403,0.0
106479404,0.0
106479405,0.0
106479407,0.1171744819931155
106479408,0.0
106479409,0.0
106479410,0.336481851319876
106479411,0.0
106479412,0.0
106479413,0.738614819995086
106479414,0.0
106479415,0.9640966697996312
106479416,0.0
106479417,0.5242506478651942
106479418,0.0
106479419,0.0
106479420,0.1171744819931155
106479421,0.0
106479422,0.0
106479423,0.0
106479424,0.0
106479425,0.0
106479426,0.0
106479427,0.0
106479428,0.0
106479429,0.0
106479430,0.0
106479431,0.0
106479432,0.0
106479433,0.0
106479434,0.0
106479435,0.0
106479436,0.0
106479437,0.0
106479438,0.0
106479439,0.1182595860883647
106479440,0.0
106479441,0.0
106479442,0.0
106479443,0.1160879462910086
106479444,0.1168124626568068
106479445,0.0
106479446,0.0
106479447,0.0
106479448,0.112455778548313
106479449,0.0
106479450,0.1168124626568068
106479451,0.0
106479452,0.0
106479453,0.0
106479454,0.114818507485862
106479455,0.0
106479456,0.0
106479457,0.0
106479458,0.0
106479459,0.2125379587842801
106479460,0.1135471102998034
106479461,0.0
106479462,0.0
106479463,0.0
106479464,0.0
106479466,0.0
106479470,0.0
106479471,0.0
106479472,0.3876320441781167
106479473,0.0
106479474,0.2300449605449576
106479475,0.0
106479476,0.0
106479477,0.2272063501845077
106479478,0.0
106479479,0.0
106479480,0.0
106479481,0.1139105667826226
106479482,0.0
106479483,0.0
106479484,0.1259945652633729
106479485,0.0
106479486,0.0
106479487,0.2330303265697469
106479488,0.0
106479489,0.0
106479490,0.0
106479491,0.0
106479492,0.0
106479493,0.0
106479494,0.1171744819931155
106479495,0.119343261883879
106479496,0.1171744819931155
106479497,0.0
106479498,0.0
106479499,0.0
106479500,0.0
106479501,0.0
106479502,0.0
106479503,0.0
106479504,0.0
106479505,0.0
106479506,0.0
106479507,0.0
106479508,0.0
106479509,0.0
106479510,0.0
106479511,0.0
106479512,0.0
106479513,0.1139105667826226
106479514,0.0
106479515,0.1202452363628534
106479516,0.583475882716164
106479517,0.0
106479518,0.1215063417494183
106479519,0.0
106479520,0.0
106479521,0.0
106479522,0.0
106479523,0.0
106479524,0.1515524834278699
106479525,0.2237231430345674
106479526,0.0
106479527,0.3060750087792166
106479528,0.0
106479529,0.0
106479530,0.0
106479531,0.0
106479532,0.0
106479533,0.0
106479534,0.0
106479535,0.2144665734113071
106479536,0.0
106479537,0.0
106479538,0.0
106479539,0.0
106479540,0.0
106479541,0.0
106479542,0.0
106479543,0.2482527629550388
106479544,0.0
106479545,0.0
106479546,0.0
106479547,0.0
106479548,0.0
106479549,0.0
106479550,0.5511915273499198
106479551,1.1018276758911585
106479552,0.0
106479553,0.0
106479554,0.8721088776746171
106479555,0.0
106479556,0.0
106479557,0.0
106479558,0.0
106479559,0.0
106479560,0.2308316701084366
106479561,0.0
106479562,0.0
106479563,0.0
106479564,0.0
106479565,0.0
106479566,0.0
106479567,0.0
106479568,0.5456140253124852
106479569,0.0
106479570,0.0
106479571,0.0
106479572,0.0
106479573,0.0
106479574,0.2431594065903223
106479575,1.169997249603638
106479576,0.2222937962439548
106479577,0.0
106479578,0.0
106479579,1.326200276691001
106479580,0.1795251138352385
106479581,0.0
106479582,0.0
106479583,0.0
106479584,0.0
106479585,0.2338140899857443
106479586,0.8910104073100209
106479587,0.0
106479588,0.0
106479589,0.0
106479590,0.0
106479591,0.0
106479592,0.0
106479593,0.0
106479594,0.711632880749498
106479595,0.0
106479596,0.0
106479597,0.0
106479598,0.0
106479599,0.0
106479600,0.0
106479601,0.0
106479602,0.0
106479603,0.0
106479604,0.0
106479605,0.5192128943969841
106479606,0.0
106479607,0.0
106479608,0.0
106479609,0.0
106479610,0.0
106479611,0.2920876540636091
106479612,0.0
106479613,0.0
106479614,0.5117529458957238
106479615,0.0
106479616,0.0
106479617,0.0
106479618,1.0153610128310115
106479619,0.0
106479620,0.296874485886237
106479621,0.0
106479622,0.2945572672178883
106479623,0.0
106479624,0.0
106479625,0.5154384602881359
106479626,0.0
106479627,0.0
106479628,0.0
106479629,0.0
106479630,0.0
106479631,0.0
106479632,0.0
106479633,0.0
106479634,0.0
106479635,0.0
106479636,0.0
106479637,0.0
106479638,0.0
106479640,0.0
106479641,0.0
106479642,0.0
106479643,0.2920876540636091
106479644,0.0
106479645,0.0
106479646,0.0
106479647,0.0
106479648,0.0
106479649,0.0
106479650,0.0
106479651,0.0
106479652,0.2897561510938904
106479653,0.0
106479654,0.301919497498654
106479655,0.0
106479656,0.0
106479657,0.0
106479658,0.2852189645943883
106479659,0.0
106479660,0.0
106479661,0.0
106479662,0.5045448495842794
106479663,0.0
106479664,0.0
106479665,0.0
106479666,0.0
106479667,0.0
106479668,0.0
106479669,0.0
106479671,0.0
106479672,0.0
106479673,0.0
106479674,0.0
106479675,0.0
106479676,0.2852189645943883
106479677,0.0
106479678,0.0
106479679,0.2852189645943883
106479680,0.0
106479681,0.0
106479682,0.0
106479683,0.0
106479684,0.0
106479685,0.0
106479686,0.0
106479687,0.2920876540636091
106479688,0.0
106479689,0.0
106479690,0.0
106479691,0.6730615749351424
106479692,0.0
106479693,0.0
106479694,0.0
106479695,0.0
106479696,0.0
106479697,0.0
106479698,0.0
106479699,0.0
106479700,0.0
106479701,0.0
106479702,0.0
106479703,0.0
106479704,0.0
106479705,0.0
106479706,1.3134637208522166
106479707,0.4941539193886284
106479708,0.0
106479709,0.0
106479710,0.0
106479711,0.0
106479712,0.0
106479713,0.0
106479714,0.0
106479715,0.0
106479716,0.0
106479717,0.0
106479718,0.0
106479719,0.2920876540636091
106479720,0.0
106479721,0.0
106479722,0.0
106479723,1.200423832804852
106479724,0.0
106479725,0.0
106479726,0.0
106479727,0.0
106479728,0.0
106479729,0.0
106479730,0.0
106479731,0.0
106479732,0.0
106479733,0.8107456860259633
106479734,0.0
106479735,0.0
106479737,0.9067040935406632
106479738,0.0
106479739,0.0
106479740,0.0
106479741,0.0
106479742,0.0
106479743,0.0
106479744,0.0
106479745,0.5045448495842794
106479746,0.0
106479747,0.0
106479748,0.0
106479749,0.0
106479750,0.0
106479753,0.0
106479754,0.0
106479755,0.2830140637454333
106479756,0.0
106479757,0.0
106479758,0.0
106479759,0.0
106479760,0.0
106479761,0.2920876540636091
106479762,0.4906944078301983
106479763,0.0
106479764,0.0
106479765,0.0
106479766,0.0
106479767,0.0
106479768,0.0
106479769,0.2830140637454333
106479770,0.0
106479771,0.0
106479772,0.0
106479773,0.0
106479774,0.0
106479775,0.0
106479776,0.0
106479777,0.9904549120391652
106479778,0.0
106479779,0.0
106479780,0.4906944078301983
106479781,0.2852189645943883
106479782,0.0
106479783,0.0
106479784,0.0
106479785,0.0
106479786,0.0
106479787,0.0
106479788,0.0
106479789,0.0
106479790,0.0
106479791,0.0
106479792,0.0
106479793,0.0
106479795,0.2787335645114763
106479796,0.2830140637454333
106479797,0.0
106479798,0.0
106479799,0.0
106479800,0.0
106479801,0.0
106479802,0.9115290519606082
106479803,0.0
106479805,0.0
106479806,0.0
106479807,0.0
106479808,0.0
106479809,0.0
106479810,0.4941539193886284
106479811,0.0
106479812,0.0
106479813,0.0
106479814,0.0
106479815,0.0
106479816,0.0
106479817,0.2920876540636091
106479818,0.0
106479819,0.0
106479820,0.4941539193886284
106479821,0.0
106479822,0.0
106479823,0.0
106479824,0.3234568095556919
106479825,0.3150265908981102
106479826,0.0
106479827,0.0
106479828,0.4776020445966557
106479830,0.2897561510938904
106479831,0.0
106479832,0.0
106479833,0.0
106479834,0.2765103030942561
106479835,0.6564354984263006
106479836,1.0052327299805928
106479837,0.0
106479838,0.0
106479839,0.0
106479840,0.0
106479841,0.0
106479842,0.0
106479843,0.0
106479844,0.0
106479845,0.0
106479846,0.0
106479847,0.0
106479848,0.0
106479849,0.0
106479850,0.0
106479851,0.0
106479852,0.0
106479853,0.0
106479854,0.0
106479855,0.0
106479856,0.0
106479857,0.0
106479858,0.9019637602092276
106479859,0.0
106479860,0.0
106479861,0.0
106479862,0.0
106479863,0.0
106479864,0.0
106479865,0.4874431979350929
106479866,0.0
106479867,0.0
106479868,0.0
106479869,0.0
106479870,0.4941539193886284
106479871,0.0
106479872,0.0
106479873,0.0
106479874,0.0
106479875,0.0
106479876,0.2852189645943883
106479877,0.0
106479878,0.0
106479879,0.0
106479880,0.0
106479881,0.0
106479882,0.0
106479883,0.0
106479884,0.0
106479885,0.2830140637454333
106479886,0.0
106479887,0.0
106479888,0.0
106479889,0.0
106479890,0.0
106479891,0.0
106479892,0.0
106479893,0.2897561510938904
106479894,0.0
106479895,0.0
106479896,0.0
106479897,0.0
106479898,0.0
106479899,0.0
106479900,0.0
106479901,0.5192128943969841
106479902,0.2945572672178883
106479903,1.3392062084845315
106479904,0.0
106479905,0.0
106479906,0.0
106479907,0.0
106479908,0.0
106479909,0.0
106479910,0.0
106479911,0.0
106479912,0.0
106479914,0.0
106479915,0.0
106479917,0.0
106479918,0.0
106479919,0.0
106479920,0.0
106479921,0.0
106479922,0.0
106479923,0.4941539193886284
106479924,0.0
106479925,0.0
106479926,0.0
106479927,0.0
106479928,0.0
106479929,0.0
106479930,0.0
106479931,0.0
106479932,0.6564354984263006
106479934,0.0
106479935,0.0
106479936,0.0
106479937,0.2830140637454333
106479939,0.0
106479940,0.0
106479941,0.0
106479942,0.0
106479943,0.6564354984263006
106479944,0.0
106479945,0.2852189645943883
106479947,0.0
106479948,0.0
106479949,0.0
106479950,0.0
106479951,0.0
106479952,0.0
106479953,0.0
106479954,0.0
106479955,0.0
106479956,0.0
106479957,0.2852189645943883
106479958,0.0
106479960,0.0
106479961,0.301919497498654
106479962,0.0
106479963,0.0
106479964,0.0
106479965,0.0
106479966,0.0
106479967,0.0
106479968,0.0
106479969,0.0
106479970,0.0
106479971,0.0
106479972,0.0
106479973,0.0
106479974,0.0
106479975,0.9115290519606082
106479976,0.0
106479977,0.0
106479978,0.0
106479979,0.0
106479980,0.0
106479981,0.0
106479982,0.0
106479983,0.0
106479984,0.7877628353221364
106479985,0.0
106479986,0.2852189645943883
106479987,0.0
106479988,0.0
106479989,0.0
106479990,0.0
106479991,0.0
106479992,0.0
106479993,0.0
106479994,0.0
106479995,0.2852189645943883
106479996,0.0
106479997,0.0
106479998,0.0
106479999,0.0
10648,0.0
106480001,0.0
106480002,0.0
106480003,0.0
106480004,0.0
106480005,0.0
106480007,0.0
106480008,0.0
106480009,0.0
106480010,0.0
106480011,0.8971874058579302
106480012,0.0
106480013,0.0
106480014,0.0
106480015,0.0
106480016,0.0
106480017,0.0
106480018,0.2920876540636091
106480019,0.0
106480020,0.0
106480021,0.0
106480022,0.0
106480023,0.0
106480024,0.0
106480025,0.0
106480026,0.0
106480027,1.3134637208522166
106480028,0.0
106480029,0.0
106480030,0.296874485886237
106480031,0.0
106480032,0.0
106480033,0.0
106480034,0.0
106480035,0.0
106480036,0.2367853608332744
106480037,0.0
106480040,0.0
106480041,0.0
106480042,0.0
106480043,0.0
106480044,0.0
106480045,0.0
106480046,0.0
106480047,0.0
106480048,0.0
106480050,0.0
106480051,0.0
106480052,0.0
106480053,0.0
106480054,0.0
106480055,0.0
106480056,0.0
106480057,0.0
106480059,0.0
106480060,0.0
106480061,0.0
106480062,0.0
106480063,0.0
106480064,0.0
106480065,0.0
106480066,1.2774586704307245
106480067,0.0
106480069,0.0
106480070,0.0
106480071,0.0
106480072,0.0
106480073,0.2852189645943883
106480074,0.0
106480075,0.0
106480076,0.2852189645943883
106480077,0.0
106480078,0.0
106480079,0.4941539193886284
106480080,0.0
106480081,0.4974862959890671
106480082,0.0
106480083,0.0
106480084,0.0
106480085,0.0
106480086,0.0
106480087,0.0
106480088,0.0
106480089,0.0
106480090,0.0
106480091,0.0
106480092,0.0
106480093,0.2875640272652024
106480094,0.0
106480095,0.7877628353221364
106480096,0.0
106480097,0.296874485886237
106480098,0.0
106480099,0.0
106480100,0.0
106480101,0.0
106480102,0.0
106480103,0.0
106480104,0.0
106480105,0.0
106480106,0.0
106480107,0.6773707320783453
106480108,0.0
106480109,0.0
106480110,0.0
106480111,0.0
106480112,0.0
106480113,0.0
106480114,0.0
106480115,0.0
106480116,0.0
106480117,0.0
106480118,0.6646237781750032
106480119,0.0
106480120,0.0
106480121,0.0
106480122,0.0
106480123,0.0
106480124,0.4941539193886284
106480125,0.0
106480126,0.0
106480127,0.0
106480128,0.0
106480129,0.0
106480130,0.0
106480131,0.0
106480132,0.0
106480133,0.0
106480134,0.0
106480135,0.0
106480136,0.0
106480137,0.0
106480138,0.0
106480139,0.296874485886237
106480140,0.0
106480141,0.0
106480142,0.0
106480143,0.0
106480144,0.2852189645943883
106480145,0.0
106480146,0.0
106480147,0.0
106480148,0.0
106480149,0.0
106480150,0.0
106480151,0.0
106480152,0.0
106480154,0.0
106480155,0.0
106480156,0.0
106480157,0.0
106480158,0.0
106480159,0.0
106480160,0.0
106480161,0.0
106480162,0.0
106480163,0.0
106480164,0.0
106480165,0.1971036549237277
106480166,0.0
106480167,0.1992333314916197
106480168,0.0
106480169,0.5973980037515302
106480171,0.0
106480172,0.0
106480173,0.0
106480174,0.0
106480175,0.0
106480176,0.0
106480177,0.0
106480178,0.0
106480179,0.1980872839056782
106480180,0.1918372189643938
106480181,0.0
106480182,0.0
106480183,0.0
106480184,0.0
106480185,0.0
106480186,0.0
106480187,0.0
106480188,0.0
106480190,0.2059132434918138
106480191,0.0
106480192,0.0
106480193,0.0
106480194,0.3534675508105442
106480195,0.0
106480196,0.0
106480197,0.0
106480198,0.0
106480199,0.0
106480200,0.0
106480201,0.0
106480202,0.0
106480203,0.2723432796002477
106480204,0.5387376464866304
106480205,0.1992333314916197
106480206,0.0
106480207,0.0
106480208,0.0
106480209,0.0
106480210,0.0
106480211,0.1710986205592281
106480212,0.2237231430345674
106480213,0.1840391672405283
106480214,0.0
106480215,0.0
106480216,0.0
106480217,0.0
106480218,0.2723432796002477
106480219,0.0
106480220,0.0
106480221,0.0
106480222,0.0
106480223,0.1719452278307409
106480224,0.0
106480225,0.0
106480226,0.0
106480227,0.1822031529648999
106480228,0.0
106480231,0.0
106480232,0.0
106480233,0.0
106480234,0.0
106480237,0.0
106480239,0.0
106480240,0.1437058484632928
106480241,0.0
106480242,0.0
106480243,0.0
106480244,0.0
106480246,0.0
106480247,0.0
106480248,0.0
106480250,0.0
106480251,0.0
106480259,0.0
106480261,0.0
106480262,0.0
106480263,0.2322457897286582
106480264,0.0
106480265,0.1591524003533607
106480267,0.0
106480268,0.0
106480270,0.0
106480271,0.0
106480272,0.0
106480273,0.0
106480276,0.0
106480278,0.0
106480279,0.0
106480280,0.0635354152782802
106480281,0.0608283430685188
106480282,0.0
106480283,0.0
106480284,0.0
106480285,0.0394476217259577
106480286,1.705416151256131
106480287,0.0
106480288,0.0
106480289,0.0
106480291,0.7339685787915605
106480293,0.0
106480294,0.074848442848116
106480295,0.1734668947414687
106480296,0.0
106480299,0.0
106480301,0.0
106480304,0.0
106480307,0.0
106480308,0.0
106480309,0.0
106480310,0.5010241242240955
106480311,0.0
106480312,0.4808971306868097
106480313,0.0
106480314,0.0
106480315,0.0
106480316,0.0
106480317,0.0
106480318,0.0
106480319,0.0
106480321,0.0
106480323,0.3440019232102286
106480324,0.0
106480328,0.09665278895269
106480329,0.0
106480331,0.0
106480333,0.0
106480335,0.0
106480336,0.0
106480337,0.076560759028747
106480342,0.0
106480346,0.0
106480347,0.0
106480348,0.0
106480351,0.0
106480352,0.0
106480353,0.0
106480355,0.0
106480357,0.0
106480358,0.4653148657282394
106480359,0.0
106480360,0.7215262699506658
106480361,0.0
106480362,0.0
106480363,0.4369879214705011
106480365,0.119343261883879
106480366,0.0
106480368,0.0
106480369,0.0
106480370,0.1113630007312303
106480371,0.0
106480372,0.0
106480373,0.0
106480374,0.0
106480375,0.0
106480376,0.0
106480377,0.0
106480378,0.0
106480379,0.121866302736131
106480380,0.0
106480381,0.0
106480382,0.0
106480383,0.0
106480385,0.0
106480386,0.0
106480387,0.0
106480388,0.0
106480389,0.0
106480390,0.0
106480392,0.0
106480393,0.2920876540636091
106480395,0.2852189645943883
106480396,0.0
106480397,0.0
106480398,0.0
106480399,0.0
106480400,0.0
106480401,0.0
106480402,0.0
106480403,0.0
106480404,0.0
106480405,0.0
106480406,0.0
106480407,0.0
106480408,0.0
106480409,0.7044881843002049
106480410,0.0
106480411,0.0
106480412,0.0
106480413,0.0
106480414,0.0
106480415,0.1671927972655278
106480416,0.0
106480417,0.3214979612336592
106480418,0.4179792089390181
106480419,0.0
106480420,0.0
106480421,0.0
106480422,0.0
106480423,0.0
106480424,0.0
106480425,0.0
106480427,0.0
106480428,0.0
106480429,1.164251446558406
106480430,0.0
106480433,0.0
106480434,0.0
106480435,0.0
106480436,0.0
106480437,0.0
106480438,0.0
106480439,0.0
106480444,0.0
106480445,0.0
106480446,0.0
106480447,0.0
106480448,0.0
106480449,0.0
106480450,0.0
106480451,0.0
106480452,0.0
106480453,0.726339083300941
106480454,0.0
106480455,0.0
106480456,0.0
106480457,0.0
106480459,0.1084418312612436
106480460,0.0
106480462,0.0
106480463,0.1029366335610796
106480464,0.0
106480465,0.0
106480466,0.0972091680864421
106480467,0.0
106480469,0.0
106480472,0.0
106480475,0.0
106480476,0.0
106480477,0.0
106480478,0.0
106480479,0.0
106480480,0.0
106480481,0.0
106480482,0.8203132199719012
106480483,0.2704010462861587
106480484,0.0
106480485,0.0
106480486,0.0
106480487,0.1139105667826226
106480488,0.0
106480489,1.7038558055644295
106480490,0.1164502841304022
106480491,0.0
106480492,0.4061623347881265
106480493,0.0
106480494,0.0
106480495,0.0
106480496,0.0
106480497,0.1202452363628534
106480498,0.0
106480499,0.114273863088368
106480500,0.0
106480501,0.0
106480502,0.1215063417494183
106480503,0.114818507485862
106480504,0.1238432763780587
106480505,0.0
106480506,0.0
106480507,0.0
106480508,0.0
106480509,0.0
106480510,0.0
106480511,0.0
106480512,0.0
106480513,0.0
106480514,0.0
106480515,0.0
106480516,0.0
106480517,0.0
106480518,0.0
106480519,0.0
106480520,0.0
106480521,0.9686607726280542
106480522,0.0
106480523,0.0
106480524,0.0
106480525,0.0
106480526,0.0
106480527,0.0
106480528,0.0
106480529,0.0
106480530,0.1131834935159202
106480531,0.0
106480532,0.0
106480533,0.0
106480534,0.0
106480535,0.0
106480536,0.0
106480537,0.0
106480538,0.0
106480539,0.0
106480541,0.0
106480542,0.0
106480543,0.7892913014153669
106480544,0.0
106480545,0.0
106480546,0.0
106480547,0.0
106480548,0.0
106480549,0.0
106480550,0.0
106480551,0.2920876540636091
106480552,0.0
106480553,0.0
106480554,0.0
106480555,0.0
106480556,0.0
106480557,0.0
106480558,0.0
106480559,0.2852189645943883
106480560,0.0
106480561,0.0
106480562,0.0
106480563,0.0
106480564,0.0
106480565,0.0
106480566,0.0
106480568,0.0
106480569,0.0
106480570,0.0
106480571,0.0
106480572,0.0
106480573,0.0
106480574,0.0
106480575,0.301919497498654
106480576,0.0
106480577,0.0
106480578,1.4579249526893023
106480579,0.0
106480580,0.0
106480581,0.0
106480582,0.0
106480583,0.0
106480585,0.0
106480586,0.0
106480587,0.0
106480588,0.0
106480589,0.3123377707816712
106480590,0.0
106480591,0.0
106480592,0.0
106480593,0.0
106480594,0.0
106480595,0.0
106480596,0.0
106480597,0.0
106480598,0.0
106480599,0.0
106480600,0.0
106480601,0.2897561510938904
106480602,0.0
106480603,0.0
106480604,0.2852189645943883
106480605,0.4974862959890671
106480606,0.0
106480607,0.0
106480608,0.0
106480609,0.0
106480610,0.2945572672178883
106480611,0.0
106480612,0.0
106480613,0.0
106480614,0.0
106480615,0.0
106480616,0.2852189645943883
106480617,0.0
106480618,0.4941539193886284
106480619,0.0
106480620,0.0
106480621,0.0
106480622,0.301919497498654
106480623,0.0
106480624,0.0
106480625,0.0
106480626,0.0
106480627,0.0
106480628,0.0
106480629,0.0
106480630,1.642413902267304
106480631,0.0
106480632,0.0
106480633,0.0
106480634,0.0
106480635,0.0
106480636,0.0
106480637,0.4941539193886284
106480638,0.0
106480639,0.0
106480640,0.0
106480641,0.6604977883683223
106480642,0.5045448495842794
106480644,0.0
106480645,0.0
106480646,0.0
106480647,0.0
106480648,0.0
106480649,0.0
106480650,0.0
106480651,0.0
106480652,0.0
106480653,0.4974862959890671
106480654,0.0
106480655,0.0
106480656,0.0
106480657,0.0
106480658,0.0
106480659,0.0
106480660,0.0
106480661,0.0
106480662,0.0
106480663,0.0
106480664,0.0
106480665,0.0
106480666,0.0
106480667,0.0
106480668,0.0
106480669,0.0
106480670,0.3164380202550693
106480671,0.0
106480672,0.0
106480673,0.0
106480677,0.0
106480678,0.0344662129356738
106480679,0.1277830120988136
106480680,0.2852189645943883
106480682,0.0
106480683,0.0
106480684,0.0
106480685,0.0
106480686,1.3445057353740524
106480688,0.0
106480689,0.0
106480690,0.141776258746249
106480691,0.0
106480692,0.0
106480693,0.0
106480694,0.0
106480695,0.304501394118264
106480696,0.0
106480697,0.0
106480698,0.0
106480699,0.0
106480700,0.0
106480701,0.0
106480702,0.0
106480703,0.0
106480704,0.2852189645943883
106480705,0.0
106480706,0.0
106480707,0.0
106480708,0.0
106480709,0.0
106480710,0.0
106480712,0.0
106480713,0.0
106480714,0.0
106480715,0.0
106480716,0.0
106480717,0.0
106480718,0.0
106480719,0.0
106480723,0.0
106480724,0.0
106480725,0.0
106480726,0.0
106480727,0.0
106480728,0.0
106480729,0.0
106480732,0.1840391672405283
106480733,0.0
106480734,0.0
106480738,0.0410354741801234
106480744,0.0
106480745,0.0
106480747,0.0
106480748,0.0
106480749,0.0
106480750,0.0
106480751,0.0
106480752,0.0
106480753,0.0
106480754,0.0
106480755,0.0
106480756,0.0
106480758,0.0
106480759,0.5081578372451316
106480760,0.0
106480761,0.0
106480762,0.0
106480763,0.0
106480764,0.0
106480767,0.2808029335446761
106480768,0.0
106480769,0.0
106480770,0.4201228456264355
106480771,0.0
106480773,0.0390501905320824
106480774,0.0
106480775,0.0
106480776,0.0
106480777,0.0
106480778,0.0
106480780,0.0
106480783,0.0
106480784,0.0
106480785,0.0
106480787,0.0
106480788,0.2013573773952446
106480789,0.0773206608342586
106480790,0.0
106480793,0.0
106480794,0.0
106480795,0.6709835127482509
106480796,3.4138676213915544
106480797,0.0
106480798,0.0
106480799,0.0
106480800,0.2625837765818147
106480801,0.0
106480802,0.0
106480803,0.0
106480804,0.0735142061810224
106480805,0.0
106480806,0.2499432911113673
106480807,0.0
106480808,0.0
106480809,0.0
106480810,0.0
106480811,0.0
106480812,0.0
106480813,0.0
106480814,0.0
106480815,0.0
106480816,0.0
106480817,0.0
106480818,0.0
106480819,0.0
106480820,0.0
106480821,0.0
106480822,0.4423823136408459
106480823,0.0
106480824,0.4974862959890671
106480825,0.0
106480826,0.0
106480827,0.0
106480828,0.0
106480829,0.0
106480830,0.0
106480831,0.0
106480832,0.0
106480833,0.0
106480834,0.4369879214705011
106480835,0.0
106480836,0.0
106480837,1.0274627903562703
106480838,0.0
106480839,0.0
106480840,0.0
106480841,0.0
106480842,0.0
106480843,0.0
106480844,0.0
106480845,0.1062441514989379
106480846,0.0
106480847,0.0
106480848,0.0
106480849,0.0
106480850,0.0
106480851,0.0
106480852,0.1044082755723394
106480853,0.0
106480854,0.0
106480855,0.0
106480856,0.0
106480858,0.0
106480860,0.0
106480861,0.0
106480863,0.0
106480864,0.0
106480865,0.0
106480867,0.0
106480868,0.0
106480869,0.0
106480872,0.0
106480873,0.0
106480874,0.0
106480875,0.0
106480877,0.0
106480878,0.0
106480879,0.0
106480881,0.1171744819931155
106480882,0.0
106480883,0.0
106480885,0.0
106480886,0.0
106480887,0.0
106480889,0.0
106480890,0.0
106480891,0.0
106480892,0.0
106480893,0.0
106480894,0.0
106480896,0.0
106480897,0.0
106480898,0.0
106480899,0.0
106480900,0.0
106480901,0.0
106480903,0.0
106480905,0.0
106480906,0.0
106480907,0.642026220072679
106480908,0.0
106480911,0.1088075433050862
106480912,0.0
106480913,0.0
106480914,0.0
106480917,0.5780473597224134
106480918,0.0
106480919,0.0
106480920,0.0
106480921,0.4192123269239727
106480923,0.114818507485862
106480924,0.0
106480925,0.1131834935159202
106480926,0.0
106480927,0.2189486615675671
106480928,0.0
106480929,0.2144665734113071
106480930,0.2257832415899689
106480931,0.0
106480932,0.0
106480933,0.0
106480934,0.1128197163068454
106480935,0.4558751848662594
106480936,0.0
106480937,0.0
106480938,0.0
106480939,0.0
106480940,0.0
106480941,0.0
106480942,0.0
106480943,0.0
106480944,0.0
106480945,0.0
106480946,0.0
106480947,0.0
106480948,0.0
106480949,0.0
106480950,0.0
106480951,0.3027810825165379
106480952,0.2118940526257159
106480953,0.0
106480954,0.0
106480955,0.0
106480956,0.1135471102998034
106480957,0.0
106480958,0.0
106480959,0.1268892755676334
106480960,0.0
106480961,0.0
106480962,0.0
106480963,0.0
106480964,0.119343261883879
106480965,0.0
106480966,0.0
106480967,0.2114107827647142
106480968,0.0
106480969,0.0
106480970,0.2170308444044319
106480971,0.0
106480972,0.0
106480973,0.0
106480974,0.2138242184483477
106480975,0.0
106480976,0.0
106480977,0.0
106480978,0.0
106480979,0.2882954188426201
106480980,0.0
106480981,0.0
106480982,0.1206057494966272
106480983,0.0
106480984,0.0
106480985,0.0
106480986,0.8047381315460629
106480987,0.0
106480988,0.0
106480989,0.0
106480990,0.0
106480991,0.0
106480992,0.0
106480993,0.2195869118689518
106480994,0.0
106480996,0.0
106480997,0.0
106480998,0.0
106480999,0.0
106481000,0.1168124626568068
106481001,0.0
106481002,0.0
106481003,0.0
106481004,0.1075268419004856
106481005,0.0
106481006,0.0
106481007,0.0
106481008,0.1178980435863406
106481009,0.0
106481010,0.0
106481011,0.0
106481012,0.0
106481013,0.0
106481014,0.6907275531409021
106481015,0.0
106481016,0.0
106481017,0.0
106481018,0.0
106481019,0.0
106481020,0.1334799897055372
106481021,0.0
106481022,0.0
106481023,0.0
106481024,0.0
106481025,0.1277830120988136
106481026,0.0
106481027,0.2251499320535076
106481028,0.0
106481029,0.0
106481030,0.0
106481031,0.2189486615675671
106481032,0.0
106481033,0.0
106481034,0.2101206348407074
106481035,0.1135471102998034
106481036,0.0
106481037,0.114273863088368
106481038,0.0
106481040,0.0
106481041,0.0
106481042,0.0
106481043,0.0
106481044,0.1160879462910086
106481045,0.0
106481046,0.0
106481047,0.0
106481048,0.0
106481049,0.0
106481050,0.0
106481051,0.0
106481052,0.1131834935159202
106481053,0.0
106481054,0.6362139558855643
106481055,0.0998006737938156
106481056,0.0
106481057,0.0
106481058,0.0
106481059,0.0
106481060,0.112455778548313
106481061,0.112455778548313
106481062,0.2144665734113071
106481063,0.0
106481064,0.0
106481065,0.0
106481066,0.0
106481067,0.0
106481068,0.0
106481069,0.1198845651997117
106481070,0.0
106481071,0.0
106481072,0.0
106481073,0.0
106481074,0.4547013841243211
106481075,0.0
106481076,0.0
106481077,0.0
106481079,0.6907275531409021
106481080,0.0
106481081,0.0
106481082,0.0
106481083,0.0
106481084,0.0
106481085,0.0
106481086,0.2138242184483477
106481087,0.2257832415899689
106481088,0.0
106481089,0.2265741713124618
106481090,0.0
106481091,0.1306364468555331
106481092,0.1231249267976725
106481093,0.0
106481094,0.0
106481095,0.0
106481096,0.0
106481097,0.0
106481098,0.0
106481099,0.0
106481100,0.0
106481101,0.0
106481102,0.0
106481103,0.5203950923549155
106481104,0.0
106481105,0.0
106481106,0.0
106481107,0.0
106481108,0.0
106481109,0.0
106481110,0.0
106481111,1.4447054967809392
106481112,0.0
106481113,0.0
106481114,0.0
106481115,0.5540665497042849
106481116,0.0
106481117,0.0
106481118,0.1146369993408919
106481119,0.0
106481120,0.0
106481121,0.0
106481122,0.0
106481123,0.0
106481124,0.0
106481125,0.2065619740916918
106481126,0.1407218323048948
106481127,0.5973980037515302
106481128,0.0
106481129,0.0
106481130,0.0
106481132,0.0
106481133,0.0
106481134,0.1898533880244812
106481135,0.0
106481136,0.0
106481137,0.0
106481138,0.0
106481139,0.0
106481140,0.0
106481141,0.1146369993408919
106481142,0.1225857523790576
106481143,0.0
106481144,0.0
106481145,0.0
106481146,0.0
106481147,0.0
106481148,0.9892378975391491
106481149,0.114818507485862
106481150,0.0
106481151,0.0
106481152,0.0
106481153,0.0
106481154,0.0
106481155,0.0
106481156,0.0
106481157,0.0
106481158,0.2482527629550388
106481159,0.0
106481160,0.0
106481161,0.0
106481162,0.0
106481163,0.0
106481164,0.0
106481165,0.0
106481166,0.0
106481167,0.0
106481168,0.0
106481169,0.0
106481170,0.0
106481172,0.2144665734113071
106481173,0.0
106481174,0.0
106481175,0.0
106481176,0.0
106481177,0.0
106481178,0.4369879214705011
106481179,0.2279958687871773
106481180,0.0
106481181,0.1868684534699322
106481182,0.0
106481183,0.0
106481184,0.0
106481185,0.0
106481186,0.0
106481187,0.0
106481188,0.7729507172679092
106481189,0.0
106481190,0.0
106481191,0.0
106481192,0.0
106481193,0.0
106481194,0.0
106481195,0.0
106481196,0.0
106481197,0.0
106481198,0.4027696539078421
106481199,0.0
106481200,0.8795476754932257
106481201,0.0
106481202,0.0
106481203,0.0
106481204,0.2830140637454333
106481205,0.0
106481206,1.262141192762954
106481208,0.4974862959890671
106481209,0.0
106481210,0.0
106481211,0.0
106481212,0.0
106481213,0.0
106481214,0.0
106481215,0.0
106481217,0.0
106481218,0.0
106481219,0.2852189645943883
106481220,1.5406019765042989
106481221,0.0
106481222,0.0
106481223,0.0
106481224,0.5192128943969841
106481225,0.0
106481226,0.0
106481227,0.0
106481228,0.0
106481229,0.0
106481230,0.0
106481231,0.0
106481232,0.0
106481233,0.0
106481234,0.0
106481235,0.0
106481236,0.296874485886237
106481238,0.4941539193886284
106481239,0.0
106481240,0.0
106481241,0.6564354984263006
106481242,0.0
106481243,0.0
106481244,0.5045448495842794
106481245,0.0
106481246,0.0
106481247,0.0
106481248,0.2852189645943883
106481249,0.2852189645943883
106481250,0.0
106481251,0.0
106481252,0.0
106481253,0.0
106481254,0.0
106481255,0.0
106481256,0.0
106481257,0.0
106481258,0.0
106481259,0.0
106481260,0.0
106481261,0.0
106481262,0.0
106481263,0.0
106481264,0.0
106481265,0.0
106481266,0.0
106481267,0.0
106481268,0.0
106481269,0.0
106481271,0.0
106481272,0.0
106481273,0.3123377707816712
106481274,0.0
106481275,0.0
106481276,0.2875640272652024
106481277,0.0
106481278,0.0
106481279,0.2852189645943883
106481280,0.0
106481281,0.4941539193886284
106481282,0.2852189645943883
106481283,0.0
106481284,0.0
106481285,0.0
106481286,0.0
106481287,1.0471671051251832
106481288,0.0
106481289,0.0
106481290,0.4941539193886284
106481291,0.0
106481292,0.0
106481293,0.0
106481294,0.0
106481295,0.0
106481296,0.0
106481297,0.0
106481298,0.0
106481299,0.0
106481300,0.0
106481301,0.0
106481302,0.0
106481303,0.0
106481304,0.0
106481305,0.0
106481306,0.0
106481307,0.0
106481308,0.0
106481309,1.3149869324453305
106481310,1.071245523975394
106481311,0.0
106481312,0.0
106481314,0.6564354984263006
106481315,0.5045448495842794
106481316,0.0
106481317,0.0
106481319,0.2875640272652024
106481321,0.0
106481322,0.0
106481323,0.0
106481325,0.0
106481326,0.0
106481327,0.2993290033426907
106481328,0.0
106481329,0.0
106481330,0.0
106481331,0.7968087893026219
106481332,0.0
106481333,0.4941539193886284
106481334,0.0
106481335,0.0
106481336,0.0
106481337,0.2852189645943883
106481338,0.0
106481339,0.0
106481340,0.0
106481341,0.0
106481343,0.0
106481344,0.0
106481345,0.0
106481346,0.0
106481347,0.0
106481348,1.375536655693486
106481349,0.0
106481350,0.0
106481351,0.0
106481352,0.0
106481353,0.0
106481354,0.8612080247566096
106481355,0.0
106481356,0.0
106481357,0.0
106481358,0.2920876540636091
106481359,0.0
106481360,0.0
106481361,0.2897561510938904
106481362,0.0
106481363,0.0
106481364,0.0
106481365,0.0
106481366,0.0
106481367,0.0
106481368,0.0
106481369,0.0
106481370,0.0
106481371,0.0
106481372,0.4906944078301983
106481373,0.5045448495842794
106481374,0.0
106481375,0.0
106481376,0.2744295571436418
106481377,0.0
106481378,0.0
106481379,0.0
106481380,0.0
106481381,0.0
106481382,0.0
106481383,0.5045448495842794
106481384,0.0
106481385,0.0
106481386,0.4974862959890671
106481387,0.0
106481388,0.7877628353221364
106481389,0.0
106481390,0.0
106481391,0.0
106481392,0.0
106481393,0.0
106481394,0.0
106481395,0.0
106481396,0.0
106481397,0.4941539193886284
106481398,0.0
106481399,0.0
106481400,0.0
106481401,0.0
106481402,0.0
106481403,0.0
106481404,0.0
106481405,0.0
106481406,0.0
106481407,1.0052327299805928
106481408,0.0
106481409,0.0
106481410,0.0
106481411,0.0
106481412,0.0
106481413,0.0
106481414,0.0
106481415,0.0
106481416,0.0
106481417,0.0
106481418,0.0
106481419,0.3323487880510513
106481420,0.0
106481421,0.0
106481422,0.0
106481423,0.0
106481425,0.0
106481426,0.0
106481427,0.0
106481428,0.2875640272652024
106481429,0.3293037181343514
106481430,0.0
106481431,0.0
106481432,0.0
106481433,0.0
106481434,0.0
106481435,0.0
106481436,0.2830140637454333
106481437,0.0
106481438,1.9201521155039671
106481439,0.0
106481440,0.0
106481441,0.0
106481442,0.0
106481443,0.0
106481444,0.8971874058579302
106481445,0.0
106481446,0.0
106481447,0.0
106481448,0.0
106481449,0.0
106481450,0.2852189645943883
106481451,0.941784690899399
106481452,0.4941539193886284
106481453,0.0
106481454,0.0
106481455,0.0
106481456,0.0
106481457,0.916436351690336
106481458,0.0
106481459,0.0
106481460,1.0309818818380665
106481461,0.0
106481462,0.0
106481463,0.0
106481466,0.0
106481467,0.3150265908981102
106481468,0.0
106481469,0.0
106481470,0.0
106481471,0.0
106481472,0.0
106481473,0.0
106481474,0.4974862959890671
106481475,0.0
106481476,0.0
106481477,0.2852189645943883
106481478,0.0
106481479,0.0
106481480,0.0
106481481,0.0
106481483,0.0
106481484,0.0
106481485,0.0
106481486,0.0
106481487,0.0
106481488,0.0
106481489,0.0
106481490,0.0
106481491,0.0
106481492,0.0
106481493,0.0
106481494,0.0
106481495,0.2993290033426907
106481496,0.0
106481497,0.0
106481498,0.0
106481499,0.0
106481500,0.0
106481501,0.0
106481502,0.0
106481503,0.0
106481504,0.6564354984263006
106481505,0.0
106481506,0.0
106481507,1.071245523975394
106481508,0.0
106481509,0.0
106481510,0.5229677461514158
106481511,0.0
106481512,0.2852189645943883
106481513,1.2364621044995718
106481514,0.0
106481515,0.0
106481516,0.0
106481517,0.0
106481518,0.0
106481519,0.0
106481520,0.0
106481521,0.0
106481522,0.0
106481523,0.0
106481524,0.0
106481525,0.6523491313204828
106481526,0.2852189645943883
106481527,0.0
106481528,0.0
106481529,0.0
106481530,0.0
106481531,0.0
106481532,0.0
106481533,0.0
106481534,0.0
106481535,0.0
106481536,0.0
106481538,0.0
106481540,0.0
106481541,0.0
106481542,0.5307370523394719
106481543,0.0
106481544,0.0
106481545,0.6604977883683223
106481546,0.6688121481923963
106481547,0.0
106481548,0.0
106481549,0.0
106481550,0.0
106481551,0.0
106481552,0.0
106481553,0.0
106481554,0.0
106481555,0.0
106481556,0.0
106481557,0.0
106481558,0.0
106481559,0.0
106481560,0.0
106481561,0.0
106481562,0.0
106481563,0.0
106481565,0.0
106481566,0.8013923994565265
106481567,0.0
106481568,0.0
106481569,0.296874485886237
106481570,0.0
106481571,0.0
106481572,0.0
106481573,0.0
106481574,0.0
106481575,0.6564354984263006
106481576,0.0
106481577,0.2787335645114763
106481578,0.0
106481579,0.0
106481580,0.0
106481581,0.0
106481582,0.0
106481583,0.0
106481584,0.0
106481585,0.0
106481586,0.0
106481587,0.0
106481588,0.0
106481589,0.0
106481590,0.0
106481591,0.2920876540636091
106481592,0.0
106481593,0.0
106481594,0.0
106481595,0.0
106481596,0.0
106481597,0.2852189645943883
106481598,0.0
106481599,0.2897561510938904
106481600,0.0
106481601,0.0
106481602,0.0
106481603,0.0
106481604,0.0
106481605,0.0
106481606,0.0
106481607,0.0
106481608,0.0
106481609,0.0
106481610,0.0
106481611,0.0
106481612,0.1980872839056782
106481613,0.0
106481614,0.0
106481615,0.0
106481616,0.0
106481617,0.0
106481618,0.0
106481619,0.0
106481620,0.0
106481621,0.0
106481622,0.0
106481623,0.7152989928308906
106481624,0.0
106481625,0.0
106481626,0.0
106481627,0.0
106481628,0.0
106481629,0.0
106481630,0.193816174198769
106481631,0.0
106481632,0.0
106481633,0.0
106481634,0.0
106481635,0.0
106481636,0.0
106481637,0.5448878275261805
106481638,0.0
106481639,0.0
106481640,0.0
106481641,0.0
106481642,0.0
106481643,0.2251499320535076
106481644,0.0
106481645,0.0
106481647,0.2723432796002477
106481648,0.0
106481649,0.0
106481650,0.0
106481651,0.0
106481652,0.0
106481653,0.0
106481654,0.0
106481655,0.0
106481656,0.301919497498654
106481657,0.0
106481658,0.0
106481659,0.0
106481661,0.0
106481662,0.0
106481663,0.4049075694249103
106481665,0.0
106481666,0.0
106481667,0.0
106481668,0.0
106481669,0.1302803097110695
106481671,0.0
106481675,0.1151814038904759
106481677,0.2300449605449576
106481680,0.0
106481682,0.0
106481683,0.1868684534699322
106481684,0.0
106481686,0.0
106481688,0.0
106481690,0.0
106481692,0.2125379587842801
106481693,0.0
106481694,0.2687538599435117
106481695,0.2234057317392093
106481696,0.0
106481697,0.2708496803724958
106481698,0.0
106481699,0.0
106481701,0.0
106481702,0.0
106481703,0.0
106481704,0.0
106481706,0.0
106481707,0.0
106481708,0.0
106481709,0.0
106481710,0.0
106481711,0.0
106481712,0.0
106481713,0.0
106481714,0.0
106481715,0.0
106481716,0.0
106481717,0.0
106481718,0.0
106481720,0.0
106481721,0.0
106481722,0.114273863088368
106481723,0.0
106481725,0.0
106481726,0.0
106481728,0.0
106481729,0.6258314574434999
106481730,0.0
106481731,0.1320594510057083
106481732,0.0
106481734,0.0
106481735,1.0381049285149615
106481736,0.0
106481737,0.0
106481738,0.0
106481739,0.0
106481741,0.0
106481743,0.0
106481745,0.0
106481746,0.0
106481747,0.0
106481748,0.0
106481749,0.0
106481750,0.0
106481751,0.0
106481752,0.2257832415899689
106481753,0.971448441287505
106481754,0.0
106481755,0.0
106481756,0.0
106481757,0.0
106481758,0.0
106481759,0.0
106481760,0.0
106481761,0.0
106481762,0.394029403740415
106481763,0.0
106481764,0.0
106481765,0.0
106481766,0.0
106481767,0.0
106481768,0.0
106481769,0.0
106481770,0.0
106481771,0.0
106481772,0.2830140637454333
106481773,0.0
106481774,0.0
106481775,0.0
106481776,0.0
106481777,0.0
106481778,0.0
106481779,0.0
106481780,0.0
106481781,0.0
106481782,0.0
106481783,0.0
106481784,0.0
106481785,0.0
106481787,0.0
106481788,0.0
106481791,0.0
106481792,0.0
106481793,0.0
106481794,0.0
106481796,0.0
106481798,0.0
106481799,0.0
106481800,0.0
106481801,0.0
106481802,0.9148247807436256
106481803,0.0
106481804,0.0
106481805,0.0
106481806,0.0
106481807,0.0
106481808,0.0
106481811,0.0
106481813,0.0
106481815,0.0
106481816,0.0
106481818,0.0
106481820,0.0
106481821,0.0
106481822,0.0
106481824,0.2338140899857443
106481825,0.1160879462910086
106481827,0.0
106481828,0.0
106481829,0.2114107827647142
106481830,0.0
106481831,0.0
106481832,0.0
106481833,0.0
106481834,0.0
106481835,0.0
106481836,0.308785584733161
106481837,0.1135471102998034
106481839,0.0
106481840,0.1225857523790576
106481841,0.0
106481842,0.2163905475377656
106481843,0.0
106481844,0.0
106481845,0.0
106481846,0.0
106481847,0.0
106481848,0.1171744819931155
106481849,0.2151084127640693
106481850,0.6921582583190337
106481851,0.0
106481853,0.0
106481854,0.0
106481855,0.0
106481856,0.0
106481857,0.0
106481858,0.1139105667826226
106481859,0.0
106481860,0.0
106481861,0.0
106481862,0.0
106481863,0.0
106481864,0.0
106481865,0.0
106481866,0.9856254392880216
106481867,0.0
106481868,0.0
106481869,0.0
106481870,0.0
106481871,0.0
106481872,0.0
106481873,0.0
106481874,0.0
106481875,0.0
106481876,0.0
106481877,0.0
106481878,0.0
106481879,0.0
106481880,0.0
106481881,0.0
106481882,0.0
106481883,0.0
106481884,0.0
106481885,0.0
106481886,0.0
106481887,0.0
106481888,0.0
106481890,0.0
106481891,0.7968087893026219
106481892,0.0
106481893,0.0
106481894,0.0
106481895,0.0
106481896,0.0
106481897,0.0
106481898,0.0
106481899,0.0
106481900,0.0
106481901,0.0
106481902,0.0
106481903,0.0
106481904,0.0
106481905,0.0
106481906,0.0
106481907,0.0
106481908,0.0
106481909,0.0
106481910,0.0
106481911,0.0
106481912,0.0
106481913,0.0
106481914,0.0
106481915,0.0
106481916,0.0
106481917,0.0
106481918,0.0
106481919,1.4235692469539976
106481920,0.0
106481921,0.0
106481922,0.0
106481923,0.8060149478453087
106481924,0.0
106481925,0.0
106481926,0.0
106481927,0.0
106481928,0.0
106481929,0.0
106481930,0.0
106481931,0.0
106481932,0.0
106481933,0.0
106481934,0.0
106481935,0.534748464384304
106481936,0.0
106481937,0.0
106481938,0.0
106481939,0.0
106481940,0.0
106481941,0.0
106481942,0.0
106481943,0.0
106481944,0.0
106481945,0.0
106481947,0.0
106481948,0.0
106481949,0.0
106481950,0.0
106481951,0.0
106481952,0.0
106481953,0.0
106481954,0.0
106481955,0.0
106481956,0.0
106481957,0.0
106481958,0.1971036549237277
106481959,0.0
106481960,0.0
106481961,0.0
106481962,0.0
106481963,0.0807316672117631
106481966,0.0590834488965626
106481968,0.0
106481970,0.0
106481971,0.0
106481972,0.0
106481973,0.0
106481975,0.0
106481976,0.0
106481977,0.0
106481978,0.0
106481979,0.0
106481980,0.3794935971895026
106481981,0.0
10650,1.373833978321832
10651,2.403602532533045
10652,2.3043648055480688
10653,2.351474462414576
10654,2.8494247755677615
10655,0.8424600906241659
10656,1.254717355531616
10657,2.7426750409427316
10658,2.3104539125876897
10659,1.990530757393021
1066,2.71861489644448
10660,0.1171744819931155
10661,0.1636101126354953
106614088,1.051145441171896
10663,1.3270463254573233
106632260,0.0
106633802,0.0
106633815,0.0
106635527,0.0
106635537,0.0
10664,1.9731018108358664
10665,0.0
10666,0.6106719207180268
106660605,0.0691152046135907
106660609,0.0199533676763937
106660610,0.614445681934327
106660611,0.0
106660616,0.0
106660619,0.0
10667,1.832166948414853
10668,1.5781487939825647
10669,1.5084226467916717
106699570,0.0368609624667365
10670,2.766131010592341
10671,2.101630710022067
10672,2.492329970717667
10673,1.985186913805371
10675,0.3645413875390575
10677,1.161020723404908
10678,2.342387163280496
106780802,0.0
1068,0.0
10681,1.3983683884646108
10682,1.823436852927522
10683,0.1524196905802636
10686,0.0931203544834532
106865372,0.0
106865373,0.0
106865374,0.0
106865375,0.0
106866913,0.0
106866914,0.0
106866915,0.0
106866980,0.0
106866981,0.0
10687,1.0639517091872854
1069,2.6338758700646214
10690,0.0639214260144302
10691,1.7696404217739024
10692,0.1487712053746272
10693,0.7182176098868207
10694,2.6217000842688245
10695,2.673761289070132
10699,1.013328588300606
107,1.6758448621956066
1070,1.9805623686071607
107048981,0.0
107048983,0.0
107048985,0.0
107057644,0.4893508323413079
107057646,0.1949683214694214
107057647,0.0
107063536,0.1168124626568068
107063537,0.0
107063539,0.3186909691368613
107063540,0.0
107063543,0.0
107063544,0.0
107063611,0.0
107063612,0.0
107074708,0.0
107075094,0.0
107075096,0.0
107075097,0.2551458206572647
107075098,0.0
107075099,0.0
107075100,0.114273863088368
107075102,0.0
107075103,0.0
107075104,0.0
107075105,0.0959103684817372
107075109,0.0
107075112,0.1822031529648999
107075113,0.0
107075116,1.1154241124386883
107075117,0.3419582837407502
107075118,0.0
107075120,0.0
107075121,0.0
107075122,0.0
107075123,0.0
107075124,0.0
107075125,0.0
107075126,0.0316637209677261
107075127,0.0
107075128,0.0
107075129,0.0
107075130,2.2959213760161465
107075131,0.0
107075132,0.0
107075133,0.0
107075134,0.0
107075135,0.0
107075136,0.0
107075137,0.0
107075138,0.0
107075139,0.0
107075141,3.076156099585447
107075142,0.0
107075143,0.0252228938178094
107075144,0.0698819152678692
107075145,0.0
107075146,0.0
107075147,0.0
107075148,0.052263005646635
107075149,0.0
107075150,0.0
107075151,0.0
107075152,0.0
107075153,0.1306364468555331
107075154,0.0
107075155,0.0
107075157,0.0
107075158,0.1857046546754418
107075159,0.0
107075160,0.0
107075161,0.0
107075162,0.0
107075163,0.1822031529648999
107075164,0.0
107075165,0.1243816268565123
107075166,0.0
107075167,0.0
107075168,0.1475514077122861
107075169,0.2279958687871773
107075170,0.170081522887999
107075171,0.0
107075172,1.302860123242396
107075173,0.0
107075174,0.0
107075175,0.0240097576149657
107075176,0.0
107075177,0.0
107075178,0.0497155105434259
107075179,0.0
107075180,0.051284114267885
107075181,0.0
107075182,0.0
107075183,0.0
107075184,0.0
107075185,0.0
107075186,0.0
107075187,0.0
107075188,0.0
107075189,0.0
107075190,0.4304626212781678
107075191,0.0
107075192,0.0
107075193,0.0
107075194,0.0
107075195,0.0946095302476571
107075196,0.0
107075197,0.0750388739578922
107075198,0.0
107075199,0.0
107075200,0.0
107075201,0.0625696085978943
107075202,0.0
107075203,0.0
107075204,0.4072898362922395
107075205,0.0
107075207,0.0
107075208,0.0
107075209,0.0
107075210,0.0
107075211,0.0
107075213,0.0
107075214,0.147028078610212
107075215,0.0
107075216,0.0
107075217,0.0
107075218,0.0
107075220,0.0
107075221,0.2144665734113071
107075222,0.0
107075223,0.0
107075224,0.0
107075225,0.0
107075226,0.0
107075227,0.0
107075228,0.0
107075229,0.0
107075230,0.0
107075231,0.0
107075232,0.0
107075234,0.0
107075235,0.0
107075236,0.0
107075237,0.0
107075238,0.0
107075239,0.0
107075240,0.0
107075241,0.0
107075242,0.0
107075243,0.0
107075244,0.457047125565754
107075245,0.0
107075246,0.178182758872508
107075249,0.0
107075250,0.0
107075251,0.0
107075252,0.0
107075253,0.0
107075254,0.0
107075255,0.0
107075257,0.0
107075258,0.0
107075259,0.0
107075260,0.7327030064599607
107075261,0.1872006591820415
107075262,0.0
107075263,0.0
107075264,0.0903209239347336
107075265,0.0687315852068485
107075266,0.0
107075267,0.0
107075268,0.0
107075269,0.0
107075270,1.5695710495356805
107075271,0.0681558255976688
107075272,0.0
107075273,0.042620338349058
107075274,0.1487712053746272
107075275,0.0
107075276,0.0
107075277,0.0
107075278,0.0
107075279,0.0
107075280,0.3193936727377908
107075281,0.0
107075282,0.0
107075283,0.0487336436053482
107075284,0.0
107075285,0.3022067985551166
107075286,0.0
107075287,0.0
107075288,0.0
107075289,0.0
107075290,0.0
107075291,0.2227705298670456
107075292,0.0
107075293,0.0
107075294,0.0
107075295,0.0
107075296,0.0
107075297,0.4143916467755089
107075298,0.0
107075299,0.0
107075300,0.0
107075301,0.3526607791358305
107075302,0.0
107075303,0.0
107075304,0.0
107075305,0.1178980435863406
107075306,0.0
107075309,0.0
107075310,1.2384941158841165
107075311,0.0
107075312,0.0
107075313,0.0
107075314,0.0
107075315,0.0
107075316,0.2830140637454333
107075318,0.0
107080108,0.3905815562190577
107080551,0.0
107080620,0.2975972060215257
107080622,0.0
107080626,0.0
107080627,0.0714132279076869
107080629,0.1726218772089289
107080632,0.0
107080633,0.0
107080636,0.6308123367692539
107080637,0.0687315852068485
107080639,0.0221867865316464
107080652,0.0
107080653,0.0
107080654,0.2163905475377656
107080655,0.0
1071,0.74198085223349
107105253,0.5081578372451316
107105254,0.0
107105256,0.0
107105259,0.0
107105261,0.0
107105262,0.0
107105264,0.0
107105282,0.1855382605489196
10712,2.0298011789684134
107126287,0.8038855305801996
107126289,0.0
107126294,0.0
10713,2.260396259073568
107131119,0.0
107131120,0.0
107131122,0.2852189645943883
107131123,0.0
107131124,0.0
107133487,0.0
107133494,0.0
107133497,0.2999054142755662
107133499,0.0
107133502,0.0
107133508,0.0
107133511,0.0
107133513,0.0
107133522,0.0
107133524,0.0
10714,1.815913321187387
10715,0.4116585521766364
10716,0.0076664475141711
107161153,0.0
107161159,0.0
107161162,0.0
107161164,0.0
107161230,0.0364623094604789
10717,1.556119293243121
107178918,0.0
107178919,0.0
10718,0.170759729813761
1072,2.9384757843610374
10720,0.0880745620036581
10721,0.8042409163460496
10723,2.461975994860606
10724,2.688228157920728
10725,1.4658510852274689
10726,2.58041614283123
10728,2.829257574867999
107282092,0.0209692882026594
1073,1.906719662754872
10730,2.450972820048619
10732,1.9350263997124924
10733,1.588694055674304
10734,0.7560426864712615
10735,2.3966436660030195
10736,0.3975883959245259
10737,0.1494674146509814
10738,0.0240097576149657
10739,0.188196455857058
107397391,0.0
107397392,0.2338140899857443
107403069,0.0
107403154,0.0
10741,1.965786378796976
10742,2.1714055342137315
10743,2.061333509109339
107436076,0.0
10744,0.1377268877932005
10745,1.613472429675092
10746,2.0024636692927
10747,0.6214670866129359
10749,2.467408689974202
1075,1.8721557023911548
10750,0.8303563026213165
10752,1.323595269887825
10753,1.177376423449824
107548099,0.0
10755,2.440401564684107
10758,1.6995599067408975
10761,0.5569300582202276
10762,1.949731600229741
10763,2.4680869754454458
10765,1.956267831635954
10766,2.414550485545686
10767,1.752783079853499
10768,2.594159239688157
10769,2.547773192826271
10771,2.4728274347041648
10772,2.0366061862394216
10773,1.751143294894652
10775,1.996445211713266
10776,2.535609191214334
10777,0.0921882600032804
10780,1.4777457129612752
10781,2.180986234020606
10782,1.7578780059901322
10783,2.2730251559896364
10785,1.4796933494713231
10786,0.0493229014588557
10787,2.015180549426497
10788,1.987088583607056
10791,2.697941201186084
10793,1.0887120036663227
10794,0.5553974627854649
10795,1.071707046713603
10797,1.62929962452867
10798,0.0
107983981,0.058501008843608
107983987,0.0
107983988,0.0
107983993,0.035464851664874
107984000,0.1075268419004856
107984009,0.0797855659595778
107984010,0.4377094382697407
107984028,0.0
107984036,0.5376900048769032
107984098,0.0
107984132,0.0
107984178,0.0
107984195,0.0
107984208,0.0
107984262,0.8672942219085765
107984265,0.4631114318311066
107984270,0.3418218475162929
107984273,0.6572321810198901
107984322,0.0
107984324,0.0
107984345,0.24809889929831
107984359,0.7709354372325545
107984365,0.0
107984366,0.1671927972655278
107984367,0.0
107984377,0.0
107984399,0.0173062599854029
107984414,0.0
107984440,0.1810326030199602
107984508,0.2671032151864317
107984516,0.0109603861112779
107984539,0.1992333314916197
107984548,0.0266360241092229
107984574,0.0358639763576893
107984588,0.4561097216443815
107984640,0.3576223679762332
107984643,0.3297196639340368
107984714,0.0884493778801894
107984757,0.1987423683833813
107984761,0.0998006737938156
107984764,0.0551928477150357
107984773,0.6929144746476781
107984780,0.0
107984784,0.0
107984807,0.0
107984811,0.0
107984827,0.1536322322100882
107984851,0.1463297841307743
107984875,0.7630393413022257
107984918,0.0
107984921,0.591395528274822
107984928,0.1036727819699854
107984948,0.1128197163068454
107984953,0.0942374869521354
107984955,0.0
107984969,0.4185960217415813
107984970,0.0
107984977,0.0
107984992,0.0
107985020,1.252811946942448
107985028,0.0
107985040,0.4051586900092324
107985049,0.0
107985092,0.1171744819931155
107985099,0.0
107985101,0.0
107985113,0.0
107985122,0.0
107985126,0.0
107985128,0.0
107985177,0.2141454604264754
107985181,0.2642439183390903
107985190,0.4714266897038167
107985194,0.6603216643600908
107985206,0.0217811482126814
107985209,0.600476158735976
107985210,0.2358482648106615
107985213,0.0
107985222,0.0
107985228,0.3811801311673248
107985246,1.5501260184472194
107985265,0.2072101800793139
107985274,0.0
107985305,1.0155638777648066
107985312,0.0
107985359,0.125636408067992
107985380,0.2059132434918138
107985432,0.0
107985433,0.0981356370534185
107985453,0.0
107985463,0.0
107985532,0.0946095302476571
107985535,0.0708393147493007
107985565,0.0994309548859968
107985578,0.057723791780431
107985579,0.0
107985593,0.0
107985628,0.1160879462910086
107985629,0.0
107985640,0.0
107985643,0.0
107985644,0.0
107985645,0.1423029624369139
107985651,0.0
107985655,0.1247403313498729
107985659,0.0
107985688,0.8023907942554359
107985694,0.8066524199990084
107985711,0.0880745620036581
107985740,0.0
107985781,0.0733234266047182
107985789,0.0
107985792,0.0
107985793,0.04578114125236
107985818,0.0
107985820,0.0
107985844,0.0
107985876,0.5382140164979646
107985879,1.0705987822476946
107985885,0.0
107985893,0.0495192289370227
107985953,0.0
107986032,0.0
107986034,0.0
107986036,0.0
107986046,0.0
107986096,0.0
107986100,0.1761650389354001
107986119,0.8309021291921564
107986163,0.6665466184510738
107986178,0.0242120678044732
107986208,0.0
107986226,0.0
107986237,0.0
107986266,0.0467664613262632
107986277,0.0
107986281,0.0142416006900836
107986313,0.0
107986315,0.0
107986319,0.0
107986322,0.0
107986337,0.0
107986374,0.8731313056481417
107986375,0.0
107986376,0.0
107986400,0.0
107986407,0.0
107986412,0.4537610008247003
107986443,2.0122567378864846
107986448,0.009315012732202
107986453,0.6494026351961841
107986474,0.324573925812795
107986482,0.0298571944893556
107986494,0.1093558077997425
107986521,0.0
107986524,0.076750799447613
107986558,0.035464851664874
107986571,0.376761251866168
107986588,0.4783987659833207
107986593,0.0
107986618,0.0156731530012164
107986626,0.0
107986639,0.0396462670429822
107986669,0.0378567710724885
107986703,0.0
107986732,0.0
107986739,0.0
107986742,0.0679638175237219
107986749,0.0
107986756,0.3517184693718995
107986763,0.0990610707966686
107986768,0.0
107986777,0.0
107986782,0.0
107986806,0.0822431961241168
107986809,1.1037085936058617
107986818,0.1302803097110695
107986821,0.0
107986822,0.06565627325421
107986837,0.0
107986838,0.2983192562861579
107986878,0.0
107986951,0.2808029335446761
107986952,0.1198845651997117
107986954,0.0
107986962,0.4021396978440272
107986980,0.0113712320035829
107987013,0.0
107987014,0.0
107987018,0.0
107987035,0.0
107987106,0.0320646470462866
107987127,0.1130016249722951
107987142,0.3867320790387663
107987155,0.0
107987217,0.0
107987232,0.0
107987282,0.0
107987295,0.0487336436053482
107987327,0.0
107987328,0.0
107987329,0.0
107987423,0.5314776768477965
107987443,0.4280312765477835
10799,1.398266762074392
108,0.4564613873988061
1080,0.1414249343325171
10800,0.9698648542912388
10801,2.5518992127244924
10802,1.8216829253662583
10803,0.0863857947605423
10804,0.032865928486596
10806,1.8465289648666705
10807,2.256326930149806
10808,2.1641664104038756
10809,2.830544033847014
1081,1.9239963905877029
10810,1.4949395359202002
10811,2.256768138539522
10813,2.0524691695400823
10814,0.0051875911285856
10815,2.291137924410465
10816,0.0
10817,1.5430908796561449
10818,1.933447316057768
10819,0.485305233796748
1082,0.0
10821,0.4489227009242893
10823,0.0
10824,0.1311703628083161
10825,1.4547096348069644
10826,1.9517481551344107
10827,1.7526277464721305
10830,0.0
10838,1.6131786836628843
1084,0.0828093123943021
10840,1.0465415669727385
10841,0.3298582626860887
10842,0.0561671921294347
10844,2.240117557155531
10845,2.170059538571295
10846,0.4633436824747013
10847,0.781171700976261
10848,2.0849547004244973
10849,0.956879134061424
10850,0.0
10855,1.1655464216664462
10856,2.3948177775779977
10857,2.7680724794099425
10858,0.2894642230962408
10859,1.556137731416276
10861,1.163583177921008
10863,1.2887928244564018
10864,0.0973945447953161
10865,2.4456502836431846
10866,1.712678203732101
10867,2.255372694534244
10868,2.0986027616350422
10869,2.387777377343441
1087,1.6290631200125336
10870,1.7515867694459395
10871,1.5866764901292634
10873,1.96540949762721
10874,0.7268184753527944
10875,2.1940114087790854
10876,0.074848442848116
10877,0.0569458532680942
10878,1.2063224041494918
108783646,0.1726218772089289
108783654,1.0559507688489058
10879,0.0
1088,0.0280467968559265
10880,0.0
10881,0.0
10882,1.3657228418020904
10884,2.2335918340602148
10885,1.7013638835359457
10886,0.045189394581304
10887,0.1188016023173223
10888,0.2672534170449826
1089,0.394920726597034
10890,2.673357839666587
108903150,0.1709291929021107
10891,0.2094747804319355
10892,1.5046200199300654
10893,0.6886180991896083
10894,1.560779718055611
10897,2.5444649233148606
10898,1.929701733711772
10899,2.055956231274067
109,1.9943056364711085
1090,0.0344662129356738
10900,0.6290638644046286
10901,1.7645440713795597
10902,2.3096145347411725
10903,2.2169579945575766
10904,2.272807575354891
10905,1.8950283980365712
10906,2.4217899124447486
10907,2.1255021886684755
10908,2.1913076041890545
10910,1.718105550076314
10911,0.1818688831908015
10912,2.27873958446921
10913,0.170759729813761
109136578,0.0
10914,2.2817250263830977
10915,2.013991154345936
10916,3.207612940108444
10917,0.1117274208851172
10919,2.1067975711508335
10920,2.339002898734095
10921,2.460673057652886
10922,2.393770164611132
10923,2.5972757832346716
10924,1.7899219919265523
10926,1.2932850903130242
10927,2.5814861408252616
10928,2.306076782636714
109286551,0.0
109286553,0.8262478482881672
10929,2.192991347463589
10930,0.1178980435863406
10933,2.67272597729829
10935,2.6861259009326512
10936,0.6284185818261795
10938,2.1933661014816637
10939,1.9962219378200123
10940,1.4012815217132524
10941,0.0274424681999785
10942,1.0387881845235931
10943,1.719642163348564
10944,2.305975683624027
10945,2.901363308299292
10946,2.461144032132559
10947,1.7127829570478328
10948,2.280684663973015
10949,2.490217448117473
1095,0.0
10950,1.7895493617646685
10951,2.545346722543821
10952,2.762067962521624
10953,2.349914226898883
10954,2.036535316935889
10955,2.7341330387031846
10956,2.753008890547977
10957,2.62546090067211
10959,2.8584047629266167
10960,2.8107769197642107
10961,2.7171284602121606
109616958,0.0
109616959,0.4143916467755089
109616960,0.0
109616961,0.0
109616962,0.0
109616963,0.0
109616964,0.4072898362922395
109616965,0.4167440575427305
109616966,0.0
109616967,0.2448608343336134
109616968,0.0
109616969,0.0
109616970,0.7010118525742659
109616971,0.2383447341173207
109616972,0.7904534628731016
109616973,0.0
109616974,0.0
109616975,0.0
109616976,0.6405777134900442
109616977,0.6873492849008871
109616978,0.0
109616979,0.0
109616980,0.0
109616981,0.0
109616982,0.0
109616984,0.0
109616985,0.0
109616990,0.0
109616991,1.6579233588225208
109616992,0.0
109616993,0.0
109616994,0.0
109616995,0.0
109616997,0.0
109616998,0.0
109616999,0.4143916467755089
109617000,1.481116731094379
109617001,0.0
109617002,0.0
109617003,0.2400565135573705
109617004,0.0
109617005,0.0
109617006,0.0
109617007,0.0
109617008,0.0
109617009,0.0
109617010,0.0
109617011,0.0
109617012,0.0
109617013,0.0
109617014,0.0
109617015,0.0
109617016,0.1550157875879565
109617020,0.5045448495842794
109617022,0.0
109617023,0.4120318336113919
109617024,0.0
10962,1.056613782962937
109623459,0.0
10963,2.540433678251821
10964,1.9930293852921583
10965,2.160322070681035
10966,1.728712680866646
10969,2.2908260762171344
1097,0.0
10970,2.61975758881899
109703458,0.0286506937617837
10971,2.9155377334131587
10972,2.8033630904710645
109729114,0.0
109729115,0.0
109729116,0.0
109729117,0.0
109729118,0.0
109729119,0.0
109729120,0.0
109729121,0.0
109729122,0.0
109729124,0.0
109729125,0.0
109729126,0.0
109729127,0.738614819995086
109729131,0.0
109729133,0.1974316650138717
109729135,0.0140368959186701
109729137,0.0213753154909553
109729140,0.0
109729141,0.6428396766669252
109729142,0.0
109729143,0.0
109729144,0.0
109729147,0.1452812212828696
109729150,0.0617961599388916
109729151,0.0
109729152,0.0
109729153,0.0
109729154,0.0
109729155,0.0
109729156,0.0
109729157,0.0
109729158,0.0
109729161,0.3335910383015798
109729163,0.0
109729168,0.0207662015448037
109729169,0.0673875284399155
109729170,0.0
109729173,0.7607659181192826
109729174,0.0625696085978943
109729180,0.5990349496949721
109729181,1.619002280118206
109729184,0.016081724652309
10973,1.5926350084279637
109731405,0.0646929135332517
10974,0.0
10975,1.9061827859449765
10978,1.8966651212957413
10979,2.247649180187945
1098,0.0
10980,2.5463364385392895
10981,2.6115114511338584
10982,2.0509378628802084
10983,2.943256989084409
10984,0.1536322322100882
10985,2.4667451806354728
109864269,0.0927476423604853
109864281,0.0
10987,1.8698385117577272
10988,2.387722403485171
10989,2.491204977135983
10990,1.5587120318811143
10991,0.4833870124794141
109910381,0.0
109910384,0.0
10992,2.5545414077635993
10993,2.3113717749614406
10994,2.2137780079007134
10998,0.8411860641959756
10999,2.375758279249927
11000,2.059949331429451
11001,1.2171131882052355
11004,1.855568537589258
11005,0.1557066847631222
11006,1.9768155298831436
11007,2.562381272660029
11009,1.0774913421985666
110091775,0.0600532833173621
1101,2.6745132818149187
11010,1.8450909630386565
11011,1.9924460557263628
110117498,0.0
110117499,0.0
11012,0.347937592140479
11013,1.3441390504575996
11014,2.8275624585381505
11015,2.413199924410751
11016,1.8236593690718097
11017,2.1463302497378267
110175910,0.0
11018,1.796358227801616
11019,1.0871414458852402
1102,2.0872384915560267
11020,1.4637364261696568
11021,2.4460701873995463
11022,1.6936253371178152
11023,0.0062213260747212
11024,0.7148926287829169
11025,1.4817408554534293
11027,1.1423844236110252
11029,0.0
1103,0.0
11030,2.108254129318742
11031,2.7053364955412023
11033,0.9978628248634522
11034,2.880541738725031
11035,1.8068653595948745
11036,0.0
11037,1.5540681941332095
1104,2.006539048265376
11040,1.986617413405303
11041,2.3399169127763635
11043,1.701095098710426
11044,1.9218087547983531
110440226,0.5216825633504433
11045,0.1685534795001399
11046,1.0576541613358172
110467518,0.0
110467520,0.0
110467521,0.0
110467522,0.0
110467523,0.0
11047,2.384468087785568
1105,2.1834686628949247
11051,2.2884215129263916
11052,2.228065770780818
11054,2.326315844513772
11055,0.0
11056,1.578025588772719
11057,2.690565908839614
11059,2.451814536532146
110599563,0.0
110599564,1.3826323107714478
110599583,0.0
110599588,0.0
1106,2.053000816628809
11060,2.004718864754097
11061,0.0846935889461878
11062,0.8569652946992159
11063,0.1695724950282078
11064,1.7351051056565168
11065,2.3166532641041444
11066,1.9579103569366807
11067,3.0142015762780785
11068,2.0544110863935323
11069,1.4351352543443463
1107,2.647491105290123
11070,2.476353242236799
11072,2.0922314502514423
11073,2.0415049076954555
11074,0.2712980584208171
11075,1.8556995901768552
11076,1.2661748460951536
11077,0.691821892243064
11078,1.939292885779112
11079,2.3026272282030114
1108,1.409201545475237
11080,1.9274357001759277
110806272,0.1776788006106026
110806273,0.1513789312195854
110806277,0.0499117462968908
110806278,0.1617271407141531
110806279,0.0
110806280,0.1984148928985513
110806281,0.0
110806283,0.0
110806285,0.0992460334971177
110806290,0.0136273381928503
110806291,0.0
110806292,0.0
110806296,0.0
110806297,0.0
110806298,1.106496840419913
110806299,0.0
110806300,0.0627628591308276
110806301,1.333766191668203
110806308,0.0
11081,1.0924196402082782
11082,1.5482925987256282
11083,2.04908623722417
110841583,1.0304380257423786
11085,0.0
11086,0.0181216355189445
1109,0.2313033227132047
11091,2.3458543064683695
11092,1.5007667355724368
11093,1.0188004313596075
11094,2.236572470019102
11095,0.3965732529053505
11096,1.4633347345967802
11097,1.395285205072092
11098,2.658965044202691
11099,1.6023608261412996
111,1.7437413667982378
11100,2.6438340689434208
11101,2.032610798694729
11102,1.04461268764618
11103,1.651572860895867
11104,2.0480452964429112
11105,0.0168982779780871
111064647,0.0109603861112779
111064649,0.0803533557144177
111064650,0.0278454019696254
11107,0.6885335850197372
11108,2.213157933500234
111082961,0.1053267233098706
111082962,0.0
111082963,0.0
111082964,0.0
111082965,0.0710306629776471
111082966,0.0
111082967,0.0
111082968,0.0
111082969,0.0
111082970,0.0
111082971,0.0
111082972,0.5237163822453541
111082973,0.0700734830017112
111082974,0.0
111082976,0.0708393147493007
111082977,0.1396660445520418
111082978,0.1430047064851852
111082979,0.0
111082980,0.2533135427632819
111082981,0.1508580527907702
111082982,0.0
111082983,0.0662337567877756
111082984,0.0723688738166034
111082985,0.3037850601415601
111082987,0.0
111082989,0.2675537347388714
111082993,0.0814877748095437
1111,1.1559006167755277
11112,2.4676365836616387
11113,0.966355475426881
11116,1.2445452549886151
11117,2.750709322146258
11118,1.8344197232542645
111188157,0.0534361704016004
11119,2.1367650059262355
1112,1.9836764367476871
11120,2.1779869663804017
111216275,0.0438070313509447
111216276,0.0
111216277,0.0
111216278,0.0
111216280,0.016081724652309
111216284,1.2201783003074502
11122,1.6976537401269958
11123,1.6040954122758664
11124,1.92733381550396
11126,0.4525838389567712
11127,1.5865382187027617
11128,1.687263989195893
11129,2.15389853811118
1113,0.230202364696839
11130,2.2806108594837915
11131,0.947311235677554
11132,1.5230058088422729
11133,1.5214422586133307
11135,2.5353975251138143
11136,0.5617109990927439
11137,2.447423893559754
11138,1.8872638173259308
1114,0.2216577078869951
11140,2.7804617664834943
11141,0.0394476217259577
11142,2.3697584179282036
11143,2.082024926544991
11144,0.2913598071291867
11145,2.7030655155490177
11146,1.558528615757763
11147,1.729885350932771
11148,0.2347535870437137
11149,0.9956656685340692
111501764,0.0
11151,2.432103303064498
11152,1.908892845600814
11153,1.4881936372139148
11154,1.0449506943357936
11155,1.7078854277364268
11156,2.3644332722173704
11157,1.5565247677467426
11158,1.538425469928651
11159,1.3753506989449795
1116,2.5604128412286333
11160,2.106651104059925
11161,2.2657964245327977
11162,0.5343272610762845
11163,1.7443752217396296
11164,2.0586100755018144
111644132,0.6659353890920489
111644133,0.0402419221072167
111644134,0.0
111644135,0.0
111644136,0.0
111644137,0.0
111644138,0.0
111644139,0.0
111644142,0.0
111644143,0.0
111644144,0.2465586152299185
111644145,0.0
111644146,0.2533135427632819
111644147,1.3885707118681878
11165,0.1694027480215364
11166,0.218150130624384
11167,2.857215353095118
111674481,0.0
11168,2.1639585556894323
11169,1.430793357328899
1117,1.256948540005779
11170,1.5735507977563357
11171,2.634219745563243
11172,0.1175363422620864
11173,1.4977161370186571
11174,0.8981701308965205
11176,2.28452035711657
11177,1.978277334207324
11178,1.774256635936475
11179,1.689297918903781
1118,1.959119660196784
11180,2.5707886192162865
11181,0.2375654303383231
11182,1.5225115624335683
11183,2.0590273747879615
11184,1.605043357298539
11185,1.839376077873804
11186,2.243896179844437
11187,2.184595485702644
11188,2.3946151558827986
11189,0.1153627921809967
1119,1.8334825501076064
11190,1.6102144879495444
11193,2.04247701196391
11194,1.7244495663938673
11196,2.138409219070693
11197,0.369689759524626
11198,2.47257467055648
11199,0.0388514046163894
112,2.292217091186262
1120,0.3876320441781167
11200,1.2823953087018218
11201,1.730677957490905
11202,0.2510172033808796
1121,1.679274461304722
11211,0.60735312790469
11212,2.2287972309114807
11213,1.4210489529127728
11214,2.065417016942083
11215,2.022938320290071
11216,2.070880443371081
112163659,0.6131271772848961
112163686,0.0
11218,1.806528433581894
11219,0.8610128253113352
1122,1.6621814046725707
11221,1.8734752053291692
11222,2.422444448995111
11223,0.3569537616059188
11224,3.1245564629966154
11226,2.5178605844952044
112267859,0.0342663432615378
112267871,0.0639214260144302
112267877,0.4279095011446019
112267897,0.0
112267949,0.0
112267968,0.0467664613262632
112267969,0.0
112267975,0.0
112267977,0.0
112267986,0.6464435248702883
112267992,0.2837497213258301
112268018,0.0
112268032,0.0
112268039,0.0
112268065,0.0
112268105,0.5762616830928236
112268124,0.987328095172268
112268136,0.2216577078869951
112268162,0.0
112268164,0.0288518968796068
112268165,0.0
112268173,0.0
112268176,0.0300581105554705
112268184,0.3711355923676795
112268198,0.2530077494603604
112268208,0.0183253569229505
112268216,0.0
112268234,0.0
112268241,0.5600870380260856
112268243,0.0374585887741673
112268252,0.0
112268270,0.0
112268276,0.2476371287437008
112268293,0.2171908384806782
112268404,0.0
112268408,0.0
112268410,0.0
112268411,0.0693069482704467
112268419,0.4297340493389502
112268431,0.0992460334971177
112268449,0.0080788886488122
112268472,0.0
112268475,0.0
112268476,0.0
112268487,0.0
11227,1.2251318694569286
112272612,0.0
11228,1.6171123975214958
1123,1.5497524238633458
11230,1.8309763581604896
11231,2.297868612969705
11232,1.9759233254021735
11234,1.8956567358340937
11235,2.17529599084429
11236,2.4040883557985344
11237,1.8522502681990187
11238,1.2625031518673628
112398,1.4739145956757964
112399,1.1036212442684266
1124,0.0380557917082188
11240,1.7298979432181631
11243,1.942858591481942
112436690,0.1512053420531817
112436692,0.4592687069148791
11244,1.945996235919861
112441426,0.0
112441428,0.0
112441429,0.0
112441430,0.0428182367483027
112441431,0.0
112441432,0.0
112441434,1.0437910123188188
112441435,0.0
112441436,0.0
112441437,0.0
112441438,0.0
112441442,0.0
11245,1.7754369578033924
112464,2.146059126720628
11247,1.101564736478796
112476,2.082400913409662
112479,1.6181148381317227
11248,1.9736663669311707
112483,2.4486259638103567
112487,1.1799421543260866
112488736,0.0
112488737,0.0
112488738,0.0
112488739,0.1243816268565123
112488740,0.0
112488741,0.0
112488742,0.0
112488745,0.0
112488746,0.0298571944893556
112488747,0.0
112488748,0.0
11249,0.0891985025665453
112495,2.639458898866799
11250,0.1180788346824814
11251,0.2587976668438312
11252,2.3105347670197003
11253,2.314945729132598
11254,0.7272177076215862
112543478,0.1536322322100882
112543493,0.0
11255,0.0
112552163,0.0
11257,0.9146454606438444
112574,2.0148741671693147
112577460,0.0
112577461,0.0
112577462,0.0
112577464,1.4274222008060646
112577465,0.0
112577466,0.0
112577467,0.0
112577516,0.0
112577518,0.0
112577592,0.0
11258,2.280661048330741
11259,2.13511768293447
112590798,0.0
112597,0.7151364765748263
11260,2.271750886488156
112609,0.9177464182482516
11261,2.504333850589473
112611,1.5092771993045682
112616,1.963154828300151
11262,1.025820076971098
11264,1.893333806444103
11266,2.2697280651355505
11267,2.030215852507672
11269,1.5166208892133393
112694756,1.14017534471167
11270,2.096424392402723
112703,0.6696815188059115
112714,0.737593838186495
11272,0.4868811810061266
112724,1.302188412947638
11273,2.6088684231138863
11274,1.7622477966295509
112744,0.0
11275,1.7675791219907029
112752,1.8091744563668952
112755,1.1541835830179008
11276,1.755260853185156
11277,0.0
112770,2.2464344499649136
11278,1.4631784332264
11279,1.172519361544876
1128,0.2160702066097536
11280,0.2996172621558362
112802,0.0619895891189751
112806053,1.3420751837717126
11281,0.0794068242501354
112812,0.1895222740277748
112817,0.5328511061416793
11282,2.4263593041053086
11283,0.092934019355804
11284,2.085658924797014
112840,1.7087583176767227
112840933,0.5928524329596051
112840934,0.3918603722166712
112849,1.8615910041822123
11285,1.9192332171911264
112858,1.9285781496136312
112869,2.0429417976064927
112885,0.4833870124794141
1129,0.0
112903833,1.2238976455615949
112935960,0.9876999161610722
112935969,0.0719867467506061
112936,2.123611069297925
112937,0.0475538868142473
112939,2.37721152954691
112942,2.245559874807408
112950,2.252226794461394
112970,1.332757903685575
113,1.5622563326795078
1130,1.4317931805136122
113000,2.254511550673705
113026,2.0276665160693073
11309,2.3591835399570793
113091,0.076750799447613
1131,0.0888240246898696
11311,2.0768050580128503
113115,1.1999816714784692
11313,2.465244822245253
113130,1.888293352873072
11314,2.0716390170793817
113146,1.813071060428019
11315,2.7740207361215283
11316,2.50122615899966
11317,0.0
113174,1.6343785683236025
113177,0.8079254976508908
113178,2.3458494767729787
113179,0.7222503905050482
11318,0.4954886969919165
113189,2.3339700211660306
11319,2.0703846448687897
1132,0.4779436025130317
11320,2.1560314773625557
113201,2.380136973312043
11321,2.0555859818118
113218477,0.1473770019605207
113219467,0.0
11322,2.009322952011459
113220,2.722457376027287
113230,1.3602530470736274
113235,1.2486774036123738
113246,2.1603304736740108
11325,2.535118507360374
113251,1.9639268806722496
11326,2.419802615063559
113263,1.857501998420808
113277,1.5479550799028126
113278,1.4851914726276043
11328,2.633870422628999
11329,2.4241686569429772
1133,0.0583067721494003
11330,0.0606346453732357
11331,2.5442233909276797
11332,1.9032045601116896
11333,2.6729985292687997
11334,2.2424096734841115
11335,2.66047654110172
11336,2.1188132564652813
11337,0.4153830354024732
11338,2.684787392338695
11339,0.8779021258780555
113391335,0.0
1134,0.9556492752956128
11340,1.9696056243909643
113402,2.3218578410460418
11341,0.1009088407219797
113419,2.411907950583503
11342,2.419384899049276
11343,2.5411204738516764
11344,2.1314173500943387
113444,1.6976808352479662
11345,2.555226450400311
113451,1.5556396492843616
113452,2.439046411356449
113455421,0.0
113457,1.1069312936394156
11346,2.569199300764016
1135,0.0142416006900836
113510,1.671240499221871
113523636,0.0
113523638,0.0
113523639,0.0
113523640,0.540619562034321
113523642,0.0
113540,0.8789152769274298
1136,0.184705774775147
113612,1.6375787191165263
113622,1.242296722545593
113655,2.0960374335957384
113675,2.2510446720302864
113691,0.0
1137,0.0
113730,1.9472130129194436
113746,0.0346660352741282
113791,2.519811754126386
1138,0.3858310424510105
113802,1.693037082673716
113828,0.7139977657105224
113829,2.520424337090735
113835,0.7086856003912888
113878,1.6629579575998337
1139,0.0352652184723042
113939904,0.0
113939925,0.0
114,0.0080788886488122
1140,1.3692031165560452
114026,0.0
114034,1.7322839192989834
114036,0.3763701127468108
114041,0.2375654303383231
114042,0.1948038299851561
114044,0.7296876649734819
114049,2.0455166771624653
114088,1.3229787244750997
1141,0.1263525663569857
114108587,0.2933960701910224
114112,1.5625656557602725
114131,0.0288518968796068
114132,0.3426401014997515
114134,0.8276202348076216
1142,0.0138321417599086
114294,1.9649539088664765
1143,0.2874176667700592
114327,1.188586387112038
114335,0.0
114336,0.0
1144,0.0342663432615378
114483833,0.0752292615879394
114483834,0.0
1145,0.5686722486055752
114515514,0.0
114515515,0.0
114515518,0.0193432301006561
114515520,0.1007242492434112
114515521,0.1078929593095223
114548,1.394338686264083
114569,2.4057188998959824
114571,0.0152643844692303
114599,1.31313461005968
1146,0.0487336436053482
114609,1.1312526017722682
114614,1.1604672873493995
114625,1.5219574044782824
114655,0.394029403740415
114659,1.1539835902166673
1147,1.7210449503901868
114757,2.3393801534852616
114758,0.0
114760,0.0
114761,0.0
114769,1.7756975513585207
114770,0.8497868086389657
114771,0.0
114780,0.3000494503470126
114781,1.551263674688677
114783,1.7127829570478328
114784,0.353333147920761
114785,2.1827009629576937
114786,0.0195466581122431
114787,1.390096270091031
114788,0.0070474104382352
114789,2.198758626832803
114790,1.8946458213930788
114791,1.628779153599184
114792,0.1818688831908015
114793,2.0736703148963835
114794,0.0319607130072151
114795,0.0942374869521354
114796,1.6763567139243898
114798,0.0068409645610921
114799,1.8488574702092544
114800,0.5448878275261805
114801,1.4602217727874784
114803,1.549322427475747
114804,0.8611429649039495
114805,0.3552126429204981
114815,1.3288215213359242
114818,0.8111676629566379
114819,0.8373487865334107
114821,0.1126377675040334
114822,2.1012988192824986
114823,2.683161910455045
114824,0.041431969987866
114825,1.5999987406403324
114826,1.578289560399715
114827,0.5087036960968921
114836,1.6672850320569492
114841035,0.4461946391301256
114841037,0.0
114876,2.0712572353299654
114879,2.145310276071356
114880,1.2444772534748691
114881,1.5190774331334842
114882,2.2283419785898504
114883,2.1135771198430375
114884,1.537965994127303
114885,1.9084328515275624
114897,2.4403178245288664
114898,1.161928766082833
114899,1.7927716361419777
1149,2.1698306127899496
114900,0.7029177658688519
114902,0.0899469520555108
114904,2.171486943603449
114905,0.9594427367095588
114907,2.274991998314193
114908,2.662764632574917
114926,1.9250384102098796
114928,1.718480514080822
114932,2.6760303212438306
114960,0.0
114971,0.8970644573168568
114984,2.5691981541395035
114987,1.3165057749237523
114990,2.0706541832566066
114991,1.7870310398099667
115,1.9003466714063384
115004,1.4683326075978609
115019,0.0442022240997431
115024,2.2784811565079375
115072896,0.0
115098,2.5825564419737885
115106,2.1539413234205367
115111,0.4721154076465216
115123,1.3888296009419474
115196,1.2357024718045742
1152,2.6077142007545917
115201,1.738920758639365
115207,2.6291956209405356
115209,1.6737915988935108
115253419,0.0
115253422,0.972919138257846
115265,1.074284889865337
115273,1.7383406560824528
115286,1.6563217741796017
115290,1.5248399696763244
115294,2.2424990490154455
1153,2.8343826208496896
115308161,0.1589804607435198
115330,0.9761206174163112
115350,0.1666819524291762
115352,0.5132727797674865
115353,2.2260634696157773
115361,2.0806220221416876
115362,1.5568010292184342
115399,1.6836716774856786
1154,2.256768138539522
115409980,0.770711137366108
115409985,0.8334885251112546
115409986,0.2338140899857443
115409987,0.0
115409990,0.0
115416,1.784264647959062
115426,1.980965818889723
115482682,0.0
115482683,0.1671927972655278
115482684,0.1690631473497824
115482685,0.0
115482686,0.0
115482687,0.0
115482688,0.1678734237127189
115482689,0.0
115482690,0.0
115482691,0.1534591224248764
115482692,0.0
115482694,0.0
115482700,0.0
115482701,0.0
115482702,0.0
115482704,0.0
115482705,0.0
115482708,0.0
115482709,0.0
115482710,0.0927476423604853
115482711,0.2539247744882158
115482715,0.0
115482717,0.0
115482720,0.257582261749483
115482721,0.0
115482722,0.2528548084136774
115482724,0.0
115482725,0.0
115482726,0.0
1155,2.430517351298155
115509,1.902546207655283
115548,2.0222948110051853
115557,1.3125357026838225
115560,0.9607205390331734
115572,1.0615628008590947
115584,0.4232672624027204
115650,0.7657571968157445
115653,0.0
115677,1.98400206210161
115701,0.6561697328412227
115703,1.6776054540103822
115704,1.8903531927612
115708,2.018918422892669
115727,1.1838637484865442
115749,0.0142416006900836
115752,2.054467386129436
115761,1.2441030936931408
115795,0.0551928477150357
1158,0.2928148227845346
115804232,0.9488407966900128
115811,1.0844391878762425
115817,1.7259133429551476
115825,0.9213645666327712
115827,1.05210009504508
115830329,1.1542635604050435
115830330,0.0
115838655,0.0
115861,0.178182758872508
115891964,0.7267386004244369
1159,0.5460286655585387
115908,2.913973318338883
115939,2.608786849225014
115945146,0.0975798800301689
115948,0.9040952596118138
115950,1.3824226934696262
115992,2.004403938456176
116,0.7713091012703333
1160,1.771337287731874
116028,1.7050965284849202
116033993,0.0
116039,1.5229860487091165
116064,1.9782979805228835
116068,1.9711649330285168
116071,1.0591641745972582
116085,0.5158708209805223
116092,2.2714171340257554
1161,0.9007425070421446
116113,2.2981402481872135
116115,1.6020097859105331
116135,0.0242120678044732
116138,2.748305909486513
116143,1.2857138944008952
116150,1.9254717796105203
116151,2.517407494209136
116154,0.157431366533768
116159,2.2233810989457075
116173,0.105693816820032
116179,0.0154687933557568
116211,0.6294323289954012
116224,1.8504151795749435
116225,2.105060568082293
116228,0.4837258873436339
116236,2.1281800245134677
116238,1.709734965773832
116254,2.5347965255646243
116255,0.1421274322450643
116285,0.4963771942200536
1163,2.1417724593843284
116328,0.2468669119253628
116337,0.0
116362,2.541158440341928
116369,0.1336573840641972
116372,0.0786488237171767
116379,0.0368609624667365
1164,2.6572685236322218
116412,1.1988377928556715
116435278,0.0925612234809782
116435280,0.095353116336939
116435281,0.1117274208851172
116435282,0.0
116435284,0.0
116435285,0.0
116435286,0.0
116435287,0.0
116435289,0.0
116435296,0.6224909847645499
116435298,0.5213609103981269
116435299,1.46248564832122
116435302,1.157493202730456
116435303,0.0
116437,0.0171022935190702
116441,1.7781146200865887
116442,1.3151956592095204
116443,0.2772520909716023
116444,0.4102882633523751
116447,1.7556526588048225
116448,0.3158737571340648
116449,0.2504037178358816
116461,1.5136685580785798
116496,2.2850422178278444
116511,0.5875934432407934
116512,0.0368609624667365
116519,0.0524586470199822
116534,0.2241990231746858
116535,1.6058235423506642
116540,0.0
116541,2.5069292336390485
116729,0.0248187083181388
116804915,0.0310619747051902
116828,1.0086790801095342
116832,2.09581612943754
116835,2.1500481230075557
116840,2.123564478725773
116841,1.9588014045322508
116842,0.6195081929274708
116843,2.03146911304705
116844,1.9226900122113348
116931,0.1551885668524069
116935,0.6850594520683956
116937,1.326200276691001
116938,0.0
116966,0.5658555920828099
116969,0.6567011616050797
116983,1.8952492769810343
116984,1.143363496521055
116985,2.365213490501566
116986,1.1358139879306666
116987,1.582056941506892
116988,2.0637956032168363
117,0.8584697900026801
117134595,0.0
117134596,0.041431969987866
117134597,0.0
117134598,0.0
117134600,0.0
117134601,1.0623133051721811
117143,1.9821327648170068
117144,0.5674664748038637
117145,1.7605263164118363
117154,0.0835635353418218
117155,0.6151979995868957
117156,0.6687251505300634
117157,0.2932507989349053
117159,0.0
117166,0.6211875808390355
117177,1.4183450784235854
117178,1.5773561964247795
117194,0.114818507485862
117195,0.1236637478282847
117196,0.0
117245,2.1083319071808178
117246,2.4201664600865023
117247,0.2942671300081837
117248,1.942519310153372
117283,0.0627628591308276
117285,0.0
117286,1.3344564720352197
117289,1.6181794369799525
1173,2.8097783534831176
117314529,0.2648467394595812
117369447,0.0973945447953161
1174,2.519908492140944
1175,2.7352145354247432
117531,0.0835635353418218
117532,0.0994309548859968
117579,0.0298571944893556
117581,1.7604206958174229
117583,1.470185610657907
117584,1.3954640791677926
1176,2.3928334363868924
117608,1.511184332499045
117751731,0.0
117751732,0.0
117751734,0.170251127831315
117751736,0.0340664262320136
117751737,0.112091680115918
117751738,0.0
117751739,0.0
117751740,0.7751827284005205
117751741,0.0
117779438,0.0600532833173621
1178,0.0557775902066152
117854,1.0664706260144472
1179,0.7156239079647883
117981787,1.5819871260195997
117981788,0.5558064764308395
117981789,0.0
118,2.5282708300028025
1180,0.1031207321073816
1181,0.957102480826403
118126072,0.5903252165535635
1182,2.181615422096068
1183,0.9433279760295248
1184,0.8902650863202098
118421,0.0
118424,2.0779109945736023
118425,0.0
118426,1.1502910923171066
118427,0.0
118429,1.9933273365612365
118430,0.0871367817651098
118442,0.1705902312811821
118460,1.8909373431454728
118461,0.0
118471,0.0473570995805846
118472,1.4106419118874094
118487,2.4590531233532764
118490,1.1237936693077375
118491,0.690306184679266
1185,1.6660654174134524
118568799,0.0835635353418218
118568801,0.0
118568802,0.4968210373473922
118568803,0.112273749424129
118568804,0.0
118568805,0.0
118568808,0.2551458206572647
118568811,0.2975972060215257
118568819,1.4654511058196689
118568822,0.0
118568823,0.0
118568825,0.5990349496949721
118597831,0.6213739304534024
118597835,1.1399293627247131
118597843,0.0
1186,2.304373044547347
118611,0.2283114571781785
118663,0.1389614282421753
118670,0.0
118672,0.6474313023898394
1187,0.5585612103167715
118732296,0.918935008451756
118732298,0.6464435248702883
118738,0.328887547854481
118788,1.9827727441283245
1188,0.1047757771404354
118812,1.5333661784510917
118813,2.1984951334838065
118827809,0.0
118827811,1.2212435330696152
118827812,0.0
118827814,0.5935312934139739
118856,0.439270328504358
118881,1.7901300841230594
118924,1.688330537350913
118932,0.8844588448381462
118980,1.8668437178357984
118987,1.5835902588433526
119,0.682420873373001
119016,1.0015071120711965
119032,2.2812656669980114
1191,2.9960935350378746
119139901,1.108102690623425
119139902,0.2542302130705458
119139903,0.4227769240880622
119139905,0.3574886934946831
119139906,0.0449920531388688
119180,0.0434116529118274
1192,3.04487040728092
1193,2.131348969123098
119385,0.0542173700425294
119391,1.3523972430551543
119392,1.6627090200114434
119395,0.3531987214182662
119437,0.4398697997772173
119467,0.4695869505650391
1195,2.521156375466449
119504,2.441695698150516
119545622,0.0
119545623,0.0702650067990862
119545626,0.2941220209135868
119545627,0.2618280083802535
119545628,0.812502121302259
119545629,0.2530077494603604
119548,0.0
119559,2.1630967265594667
119587,2.5402890133980174
1196,2.3856176685974413
119678,0.0
119679,0.0
119682,0.0
119687,0.0
119692,0.0
119694,0.0
119695,0.0
119696,0.0
119710,0.9719935564619088
119722,0.0
119746555,1.469171731559024
119749,0.0
119764,0.0
119765,0.0
119772,0.0
119774,0.0
119775,0.0
1198,1.5818474638689983
119863861,1.4263174898153954
119863864,0.0154687933557568
119863865,0.8606873602652987
119863870,0.9352836928642309
119863871,0.0
12,0.8394385625541394
120,2.189816482325297
1200,2.547607448784889
120017342,0.0201566492701331
120065,0.0
120066,0.0
120071,1.636090172222904
1201,0.3034273358007505
120103,1.0735955057789746
120114,0.1872006591820415
120126,0.0
120146,0.0
120224,1.4989012891368236
120227,1.5745804047794083
120237,0.0
1203,0.6930824086429882
120318,0.0
120356739,1.0628287231719205
120356740,0.0
120376,0.8062983457316816
120379,0.4441717787830689
1204,0.0
120400,0.0082850342053478
120406,0.0380557917082188
120425,1.5807286676996628
120526,1.2362205173949072
120534,1.925920409403941
120586,0.0
1207,2.17294908266349
120766138,0.0544125563488178
120766140,0.0639214260144302
120766143,0.0
120766144,0.957102480826403
120766146,0.8564411612968198
120766149,0.0617961599388916
120766150,0.1813672189915267
120775,0.0
120776,0.0322650387162132
120787,0.0
120793,0.0
120796,0.0
1208,0.3014883468762432
120824,0.0221867865316464
120863,0.3989819899680454
120872,0.0933066477599419
120883619,0.0
120892,1.0944199794255998
1209,2.5322767996198183
120935,0.1721144431730159
120939,0.7898726394055674
121006,0.1412492154969934
121009647,0.0897599029245919
121014,0.0266360241092229
121053,0.7715331983228734
121054,0.0814877748095437
1211,2.714437141353185
121129,0.0
121130,0.0
121131,0.057723791780431
1212,2.581196226352493
121214,0.0590834488965626
121227,1.8102720743731768
121232368,0.59701228628292
121232370,0.2309889187162591
121232371,0.0306605722017031
121232372,0.0719867467506061
121232375,0.5142481366902564
121233923,0.7197529120700994
121233924,0.0
121233925,0.0710306629776471
121256,0.0
121260,2.0432261939270595
121268,1.2647681216210416
121270,0.0
121273,0.1426539097765001
121274,1.7293309311154204
121275,0.1979234293138989
121278,0.0
121296,0.0
1213,2.8166362894336667
121328,0.0920017153720052
121340,0.0
121355,0.4365065213864079
121360,0.0
121364,0.0
121391,0.0
121441,1.943182520653442
121457,1.871831906889424
1215,1.2134556401793877
121504,0.9884428761609528
121506,1.5640911155797843
121512,1.351145939081783
121536,1.6420154763970676
121549,0.1200649205425508
121551,0.6623443746195422
121599,0.0294552189612712
121601,0.042620338349058
121627959,0.0
121642,2.0636638253176316
121643,0.0972091680864421
121665,2.2788345876439653
121676925,0.0
121725015,0.0666185243177208
121725057,0.0
121793,0.5552951727878813
121832807,0.0
121832810,0.110998419529435
121832811,0.1117274208851172
121832813,0.1220462241655084
121832815,0.1492934180322608
121838,0.0481439722271771
121847981,0.0
121847984,0.0816766944344988
121847985,0.1254572708948052
121847986,0.0
121853074,0.0
121853075,1.2039485250359905
121853076,0.0
121952,0.129745813935983
121981,0.0670031148207685
122011,0.0298571944893556
122042,0.0215782561623971
122046,0.0416301479021601
122060,0.8847096758894045
122145,0.0
122149298,0.4451243998379983
122149299,0.0
122149300,0.0
122149301,0.071221967357895
122149302,1.060388222257559
122149303,0.04578114125236
122149304,0.0
122152325,0.2763618612815031
122152326,0.6677674478483135
122152331,0.4725741949316497
122152365,0.2674035902259319
122183,0.0
122258,0.033066130062972
122319436,0.1563969960933261
122319696,0.0
122394732,0.0
122394733,0.0685397094214406
122402,0.6484176713277247
122405565,0.0
122409,0.0
122416,1.635950372188088
122455332,0.0
122455333,0.0828093123943021
122455334,0.2609201285730693
122455337,0.3926266242104571
122455338,0.1268892755676334
122455339,0.0
122455340,0.0
122455341,0.0
122455342,0.5020160506356143
122481,0.4365065213864079
122509,1.858293304132534
122513141,2.24321650406076
122525,1.2938439799540942
122526776,0.7561955741748254
122526777,0.0
122526779,0.0
122526780,0.6376715925535444
122526782,0.542184067933255
122539212,0.6321896131190616
122539214,0.9511562367538752
122553,1.1248050394236724
122589,0.1727909512670478
122592,0.0
122616,1.767198022807825
122618,1.6747195818622351
122622,1.1612182480183484
122651,0.0
122664,0.0972091680864421
122665,0.0
122704,2.124151078267126
122706,0.0384536920503017
122740,0.0
122742,0.0
122748,0.0
122769,1.6066189751884616
122773,1.2587732833823733
122786,2.1055115213523976
122809,1.729116535100235
122830,1.6757737254813534
122876,0.0
122945,0.5642410569029761
122953,1.930759979190936
122961,1.7870420693411326
122965330,0.0150599263207783
122965331,0.4668186930220099
122965332,0.0
122965333,0.0
122965335,0.0
122965336,0.0
122965337,0.0
122965338,0.3855734063166763
122970,1.7822728124665814
123,2.593229422881369
1230,2.1729693471772222
123016,1.8346167538509544
123036,1.922682081665528
123041,0.1771745280964104
123096,1.9321330331301587
123099,2.2451168071701533
123103,0.2687538599435117
123169,2.328523217493062
1232,0.0685397094214406
123207,1.1574136796314607
123228,0.5608994807062866
123258399,0.3632156702981983
123258400,0.0658488120877697
123263,1.549060500367725
123264,0.6745297326808513
123283,1.5981644754472617
1233,1.4294093733465671
123346,0.0619895891189751
123355,1.139354992201118
1234,2.0154617031461637
123464508,0.0
123464509,0.0
123464510,0.0
123464511,0.0
123464512,0.0
123464513,0.0
123464515,0.0758001637739616
123464517,0.9305231217981732
123464518,0.1731289935300493
123464519,0.0
123466203,0.200050937148015
123466204,1.002025935575607
123466205,0.0809207585101274
123466206,0.2875640272652024
123466212,0.1908459142734483
123466215,1.4233032717161964
123497957,0.3400459678450734
1235,0.0489301088118718
123591,0.6280495803019897
1236,1.8773816361137392
123606,1.5362774681857705
123624,0.0
123688,0.9182221258063576
1237,0.9700288638543751
123706506,0.0223895328412295
123706507,1.536200575431079
123706512,0.2333439246723052
123706513,0.7426832303268065
123706523,0.3193936727377908
123706524,0.5700764063858177
123706528,0.5511915273499198
123706533,0.9191131020211588
123706537,0.0820544050747075
123706540,0.8952173436696103
123706541,0.6939214573178716
123706542,0.0332662841654657
123706543,0.5155465746485609
123706545,1.229377556857494
123706547,1.251839960843765
123706549,0.1322371530186809
123706550,0.2790295234956692
123720,1.7411598479367008
123722,0.0382547653609949
123745,0.0123974780415539
123775,0.0
1238,0.6840392763014989
123803,2.0729426936475157
123811,2.4126892481221645
123872,0.5151140203985902
123876,0.0723688738166034
123879,1.7637994167522586
123904,0.0
123920,2.639973389767137
123970,0.032865928486596
124,0.3840257459832615
1240,2.217792000107621
124044,1.764671929139161
124045,0.9988541620727668
124056,0.0
124093,1.965238714326922
1241,2.069001514633212
124152,1.3809792559553165
124220,2.6142932594671215
124222,1.7663190514917082
124245,1.83545309295669
124274,1.2185409387483823
124296660,0.0
124359,1.6190667547795865
1244,0.2877103603551462
124401,1.810679032525884
124402,2.1465662203557057
124404,0.2844846878967373
124411,1.5989899479427714
124446,2.8308274444537576
124454,1.898430064332177
124460,1.4004219790192625
124491,1.6561731924054572
124512,2.0667754927340702
124535,0.0761805481519545
124538,0.0
124540,1.911560222922606
124565,2.589436129217267
124583,2.750195084629743
124590,0.1496413741592798
124599,0.9711757013700096
124602,0.5556019988698151
124626,0.016081724652309
124637,0.0617961599388916
124641,0.0
124739,1.252811946942448
124751,0.964868905332232
124773,0.25712600164172
124783,0.3965732529053505
124790,1.2990937348497584
124801,1.5889176934415383
124808,1.939003795550552
124817,0.748043717867816
124842,0.4899109555862568
124857,0.1245609986757527
124871,0.0505001786277436
124872,0.2264160481716871
124900174,0.0
124900175,0.0
124900177,0.0
124900178,0.0
124900179,0.0
124900180,0.4396300692556715
124900181,0.2400565135573705
124900182,0.0
124900183,0.0
124900184,0.0
124900185,0.0
124900186,0.0
124900187,0.0
124900188,0.4343363608616737
124900192,0.9728103189974872
124900193,0.6245342851465172
124900196,0.0
124900197,0.0
124900198,0.0
124900199,0.0
124900200,0.0
124900201,0.0
124900202,0.0
124900203,0.0
124900204,0.0
124900205,0.0
124900206,0.0
124900207,0.0
124900208,0.0
124900209,0.0
124900210,0.0
124900211,0.0
124900212,0.0
124900217,0.9939862777438008
124900219,0.2367853608332744
124900220,0.0
124900221,0.0
124900222,0.0
124900223,0.0
124900224,0.0
124900225,0.0
124900226,0.0
124900227,0.0
124900228,0.0
124900229,0.0
124900230,0.0
124900235,0.0
124900236,0.0
124900237,0.0
124900238,0.0
124900239,0.0
124900240,0.0
124900241,0.0
124900242,0.2265741713124618
124900243,0.0
124900245,0.0
124900246,0.0
124900247,0.0
124900256,0.0
124900257,0.0
124900259,0.0
124900260,0.0
124900261,0.0
124900262,0.0
124900263,0.0
124900264,0.0
124900265,0.0
124900266,0.0
124900267,0.0
124900268,0.0
124900269,0.0
124900270,0.0
124900271,0.0
124900275,1.586434488325081
124900277,0.0
124900278,0.0
124900279,0.0
124900280,0.0
124900281,0.0
124900282,0.0
124900283,0.0
124900284,0.0
124900285,0.0
124900291,0.0
124900293,0.2251499320535076
124900294,0.0
124900295,0.0
124900296,0.0
124900297,0.0
124900298,0.0
124900299,0.0
124900300,0.0
124900304,0.0
124900305,0.0
124900306,0.0
124900307,0.0
124900309,0.0
124900310,0.2322457897286582
124900311,0.0
124900312,0.0
124900313,0.0
124900314,0.0
124900315,0.0
124900316,0.0
124900318,0.0
124900319,0.0
124900320,0.0
124900321,0.0
124900322,0.0
124900323,0.0
124900324,0.0
124900325,0.0
124900326,0.0
124900327,0.0
124900328,0.0
124900329,0.0
124900330,0.235379301880427
124900332,0.0
124900333,0.0
124900334,0.0
124900339,0.0
124900341,0.0
124900342,0.0
124900343,0.0
124900344,0.0
124900345,0.0
124900346,0.2338140899857443
124900347,0.0
124900348,0.0
124900349,0.0
124900350,0.0
124900351,0.0
124900352,0.0
124900353,0.0
124900354,0.0
124900356,0.0
124900357,0.0
124900358,0.0
124900359,0.0
124900360,0.0
124900361,0.0
124900362,0.0
124900363,0.0
124900364,0.0
124900366,0.0
124900367,0.0
124900369,0.0
124900370,0.0
124900371,0.0
124900372,1.2333131365134795
124900375,0.0
124900376,0.0
124900377,0.0
124900378,0.0
124900379,0.0
124900380,0.0
124900381,0.0
124900382,0.2338140899857443
124900383,0.2465586152299185
124900393,0.0
124900394,0.0
124900395,0.2448608343336134
124900396,0.8648408334984521
124900397,0.0
124900398,0.0
124900399,0.0
124900400,0.0
124900402,0.0
124900406,0.0
124900407,0.0
124900408,0.0
124900409,0.0
124900410,0.0
124900411,0.0
124900414,0.0551928477150357
124900418,0.0914418297097786
124900419,0.0
124900421,0.0
124900422,0.0
124900423,0.5687726375742547
124900424,0.0
124900425,0.0
124900426,0.2625837765818147
124900427,0.0
124900428,0.0
124900429,0.0
124900430,0.4004993415837194
124900431,0.0
124900432,0.0
124900433,0.0
124900434,0.0
124900435,0.0
124900436,0.0
124900437,0.0
124900438,0.0
124900439,0.2322457897286582
124900440,0.0
124900441,0.0
124900442,2.1662712689842727
124900443,0.5941126540954196
124900444,0.0
124900446,0.0
124900447,0.0
124900448,0.0
124900449,0.4004993415837194
124900450,0.6839541927798749
124900452,0.2499432911113673
124900453,0.2663517753936261
124900454,0.0
124900455,0.0
124900456,0.0
124900457,0.2431594065903223
124900460,1.1028782428804518
124900461,0.0
124900462,0.0
124900463,0.0
124900464,0.4451243998379983
124900469,1.0441778246876128
124900470,0.2338140899857443
124900471,0.0
124900472,0.0
124900473,0.0
124900475,0.0
124900476,0.0362629122582597
124900481,0.0
124900488,0.6730615749351424
124900490,0.0
124900492,0.0
124900493,0.0
124900494,0.0
124900495,0.0
124900496,0.0
124900497,0.0
124900498,0.0
124900500,0.0
124900501,0.0
124900502,0.0
124900503,0.0
124900504,0.0
124900505,0.0
124900506,0.0
124900507,0.0
124900508,0.0
124900516,0.2251499320535076
124900517,0.0
124900518,0.0
124900519,0.0
124900520,0.0
124900521,0.3659970186845886
124900522,0.0
124900524,0.2308316701084366
124900525,0.235379301880427
124900526,0.0
124900527,0.0
124900528,0.0
124900529,0.0
124900530,0.235379301880427
124900531,0.0
124900532,0.0
124900533,0.0
124900534,0.0
124900535,0.0
124900536,0.0
124900537,0.7401825246824384
124900538,0.0
124900539,0.0
124900540,0.0
124900541,0.0
124900542,0.0
124900551,0.0
124900552,0.0
124900553,0.0
124900554,0.0
124900555,0.0
124900556,0.235379301880427
124900557,0.0
124900558,0.0
124900559,0.0
124900560,0.0
124900561,0.0
124900562,0.0
124900563,0.0
124900564,0.4216724860448058
124900577,0.0
124900589,0.3483435797417242
124900609,0.0197500372972908
124900632,0.0
124900637,0.0111658338983268
124900638,0.0146508621545966
124900656,0.3441379725889604
124900669,0.0
124900731,0.2505571338541427
124900758,0.3905815562190577
124900774,0.0244143296379668
124900775,0.0
124900778,0.5020160506356143
124900787,0.0
124900792,0.0
124900810,0.0
124900818,0.0
124900824,0.5361156753447552
124900838,0.0
124900848,0.0
124900869,0.0
124900881,0.0
124900883,0.0
124900885,0.0
124900886,0.0
124900887,0.3517184693718995
124900890,0.0
124900891,0.0
124900892,0.0
124900893,0.0
124900916,0.0
124900922,0.6464435248702883
124900945,0.0888240246898696
124900957,0.1661707857688191
124900964,0.6042095375603864
124900989,0.0086971754034013
124901016,0.0
124901018,0.0
124901020,0.1754913456975675
124901037,0.0
124901048,0.0
124901051,0.1862036312220281
124901065,0.0875120208953502
124901067,0.3510446801118828
124901073,0.0
124901075,0.0
124901107,0.3348312878167729
124901121,0.0195466581122431
124901122,0.224991526000587
124901151,1.5245446090298551
124901165,0.3052170685540204
124901168,0.0
124901186,0.0
124901188,0.0
124901189,0.0
124901190,0.0
124901194,0.0
124901196,0.0
124901197,0.5045448495842794
124901220,0.0
124901221,0.0
124901333,0.6559924988579852
124901351,0.0
124901355,0.1529395722563866
124901358,0.0
124901391,0.1791897340119939
124901405,0.4749781425206428
124901407,0.1403700544629917
124901409,0.0
124901427,0.2059132434918138
124901437,0.0
124901447,0.0508922379282558
124901449,0.0282481437700031
124901457,0.0551928477150357
124901462,0.0175101773978301
124901499,0.0058079828238362
124901505,0.0
124901506,0.0
124901507,0.0
124901508,0.0
124901509,0.0
124901521,0.0
124901524,0.0
124901525,0.0
124901526,1.6646821044342357
124901527,0.0
124901528,0.0
124901582,0.0
124901604,0.0
124901612,0.0499117462968908
124901616,0.1180788346824814
124901617,0.0
124901619,0.0
124901628,0.1966113887139408
124901632,0.0
124901635,0.0
124901641,0.0
124901656,0.0
124901671,0.2279958687871773
124901728,0.1419518643529123
124901766,0.0
124901813,0.0
124901826,0.0
124901827,0.2897561510938904
124901856,1.196728380158178
124901858,0.0
124901859,0.0
124901860,0.0
124901861,0.0
124901864,0.0
124901872,0.1018311809447803
124901880,0.0
124901882,0.9732454798332856
124901899,0.0
124901902,0.0
124901942,0.0
124901966,0.0396462670429822
124901990,0.0197500372972908
124901995,0.0725598717535938
124902005,0.1366672261961176
124902013,0.1091730934233686
124902018,0.076750799447613
124902022,0.0
124902026,0.3334531094010107
124902027,0.0
124902031,0.0
124902033,0.0526542428027862
124902045,0.0
124902062,0.0064279224007442
124902076,0.0
124902078,0.0
124902079,0.0
124902081,0.0
124902096,0.0
124902100,0.0
124902101,0.0
124902105,0.5843602374019601
124902108,0.2355356536201727
124902114,0.9061589550818944
124902157,0.0
124902165,0.0
124902178,0.2165506698612004
124902202,1.3157617888326565
124902204,0.9913528786100064
124902229,0.0368609624667365
124902232,0.0
124902280,0.9929869329094584
124902301,0.0396462670429822
124902324,0.4714266897038167
124902333,0.0
124902337,0.3698213124515176
124902338,0.0
124902371,0.2797689322761834
124902374,0.0792173887819751
124902388,0.2052639875348877
124902392,0.0548027927666294
124902436,0.0
124902438,0.0
124902447,0.3370312532664493
124902453,1.9569881946849477
124902473,0.0
124902479,0.0
124902532,0.0
124902534,0.0
124902537,0.0154687933557568
124902542,0.0
124902546,0.2101206348407074
124902567,0.5229677461514158
124902568,0.0
124902571,0.0
124902572,0.0
124902573,0.0
124902595,0.0
124902596,0.0
124902606,0.1518994770252737
124902609,0.0
124902623,0.0
124902629,0.2520896588262283
124902632,0.496599149544295
124902665,0.0
124902684,0.0
124902694,1.8488289206641937
124902709,0.2400565135573705
124902718,1.5879880352991511
124902723,0.481463755983178
124902727,0.0
124902739,0.0
124902752,0.0154687933557568
124902762,0.0
124902769,0.6510113726292789
124902771,0.0
124902803,0.3393618428051317
124902809,0.0
124902814,0.1661707857688191
124902815,0.0
124902819,0.0
124902824,1.065772007297433
124902825,0.0
124902826,0.0
124902827,0.0
124902828,0.0
124902847,0.0
124902860,0.6291559988349685
124902888,0.0
124902897,0.0
124902904,0.197267676699121
124902923,0.0
124902940,0.0
124902947,0.147028078610212
124902964,0.0274424681999785
124902988,0.0455839386189831
124902995,0.0727508259833435
124903002,0.0
124903026,0.0
124903031,0.4125292535614715
124903037,0.0635354152782802
124903074,0.0
124903092,0.6646237781750032
124903094,0.0
124903098,0.0
124903099,0.0
124903100,0.8666495084342245
124903101,0.0
124903183,0.1424784549426613
124903185,0.152246322955713
124903233,0.0
124903236,0.0
124903254,0.0
124903255,0.0
124903256,0.0
124903257,0.0
124903275,0.0
124903317,0.2978861064509409
124903324,0.0386525717956126
124903342,0.2609201285730693
124903372,0.0171022935190702
124903386,0.4185960217415813
124903387,0.0221867865316464
124903398,0.576361005371961
124903413,0.0
124903416,0.0
124903417,0.0
124903418,0.0
124903419,0.0
124903420,0.0
124903421,0.0
124903422,0.0
124903423,0.0
124903435,0.0
124903436,0.0
124903437,0.0
124903478,0.0
124903523,0.0
124903525,0.0575293748341413
124903564,0.2465586152299185
124903567,0.1089903385970567
124903574,0.0
124903585,0.0422244019181622
124903587,0.0
124903590,0.0
124903592,0.0
124903594,0.7991046101879994
124903595,0.0
124903615,0.0
124903619,0.0302589788495971
124903624,1.4315791000035576
124903629,1.346279111132563
124903639,0.0
124903658,0.0
124903659,0.0557775902066152
124903667,1.2009760407891634
124903670,0.4911417180661135
124903732,0.01219232802879
124903750,0.0
124903753,0.0
124903770,0.0211723261778742
124903780,0.0
124903784,0.0
124903808,0.0
124903809,0.0
124903824,0.719187681319322
124903825,0.0
124903852,0.0675796689626678
124903859,0.0
124903871,0.0
124903883,0.3291650196604457
124903889,0.1915069196333411
124903903,0.0
124903916,0.1788542149780509
124903925,0.0
124903931,0.0
124903940,0.0485371324516474
124903956,0.2537720108920371
124903957,0.3306893323448751
124904023,0.0
124904027,0.0
124904039,1.0495189894243595
124904048,0.4974862959890671
124904072,0.2275222515585524
124904076,0.0
124904108,0.0
124904114,0.0
124904115,0.5540665497042849
124904116,0.0
124904117,0.0
124904135,0.0
124904136,0.0
124904137,0.0
124904138,0.0
124904139,0.0
124904140,0.0
124904141,0.0
124904142,0.0
124904143,0.0
124904144,0.0
124904145,0.0
124904146,0.0
124904151,0.0
124904152,1.200423832804852
124904153,0.0
124904154,0.5268096363033034
124904219,0.0983208065549586
124904242,0.1354292185439032
124904256,0.1949683214694214
124904288,0.0105493414072734
124904332,0.0
124904351,0.0
124904358,0.0400434172142254
124904362,0.0
124904363,0.0
124904380,0.0
124904381,0.1538053052160182
124904382,0.0
124904403,0.0
124904411,0.6189474985852518
124904434,1.2273465229390073
124904441,0.0
124904471,0.0
124904478,0.0
124904498,0.0
124904503,0.5440569859799346
124904522,0.2540775085443826
124904530,0.0906947274148189
124904535,0.516626831923846
124904542,0.2375654303383231
124904544,0.0
124904546,0.0
124904553,0.0996158349795007
124904559,0.0
124904576,0.0
124904580,0.0
124904582,0.0
124904585,0.0
124904601,0.0
124904611,0.0516758077965697
124904613,0.0
124904616,0.0
124904619,0.1971036549237277
124904621,0.5948870566784894
124904624,0.1992333314916197
124904631,0.0
124904634,0.0
124904640,0.0
124904641,0.0
124904642,0.1084418312612436
124904666,0.0
124904668,0.0
124904669,0.0
124904671,0.0
124904682,0.0
124904686,0.0
124904687,0.0
124904695,0.1505106155300797
124904701,0.04578114125236
124904706,0.0
124904710,0.0635354152782802
124904715,0.0
124904721,0.0
124904732,0.0
124904756,0.0
124904767,0.0
124904769,0.0
124904778,0.0
124904784,0.170759729813761
124904795,0.0
124904802,0.0
124904806,0.0
124904808,0.0
124904809,0.0
124904812,0.0
124904813,0.0
124904863,0.0471602662673416
124904880,0.0
124904882,0.055972413796195
124904917,0.170759729813761
124904963,0.0115765804481612
124904965,0.2192678504942141
124904972,0.0
124904974,0.0
124904975,0.0
124904983,0.0
124904984,0.0
124904986,0.0
124905012,0.0
124905013,0.059471517423572
124905014,0.1603549607351917
124905040,0.0154687933557568
124905061,0.0
124905065,0.1543243036951329
124905067,0.0
124905068,0.0
124905069,0.0
124905092,0.1140922349498855
124905119,0.0199533676763937
124905134,1.1227382626167657
124905142,0.0561671921294347
124905143,0.0306605722017031
124905150,0.0
124905166,0.0
124905168,0.0
124905169,0.0
124905170,0.0
124905171,0.0
124905172,0.0
124905173,0.0
124905174,0.0
124905176,0.0538268611423806
124905179,0.2241990231746858
124905218,0.0
124905221,0.0
124905237,0.0938652766473933
124905258,0.0
124905265,0.0
124905266,0.0
124905267,0.0
124905268,0.0
124905269,0.0
124905270,0.0
124905271,0.0
124905290,0.0
124905291,0.0
124905292,0.0
124905293,0.0
124905313,0.0
124905349,0.4208123499755194
124905527,0.0105493414072734
124905594,0.0
124905716,0.114818507485862
124905951,0.0
124905956,0.1499891819001348
124906002,0.0
124906013,0.161898500427602
124906033,0.4989256107196615
124906080,0.0
124906135,0.0
124906140,0.0
124906141,0.0
124906142,0.0
124906143,0.4343363608616737
124906144,0.5598837827191709
124906145,0.2920876540636091
124906146,0.0
124906147,0.0
124906148,0.0
124906189,0.0
124906194,0.1538053052160182
124906195,0.0
124906196,0.0
124906201,0.0
124906209,2.120941015400974
124906232,0.057140405596366
124906237,0.0445972313113895
124906280,0.132770028068318
124906284,0.5705772201081892
124906339,0.9972881495501682
124906340,0.0
124906343,0.0
124906345,0.0
124906346,0.0
124906347,0.0
124906348,0.6688121481923963
124906350,0.0
124906377,0.0
124906378,0.0
124906379,0.0
124906380,0.0
124906381,0.0
124906382,0.0
124906495,0.1224059489718711
124906551,0.0
124906598,0.0
124906683,0.0
124906685,0.0
124906712,0.0852580403731478
124906839,0.0
124906859,0.151031715914848
124906892,0.1603549607351917
124907582,0.2107659687066258
124907725,0.1989060560900838
124907726,0.6658480262045691
124907748,0.0
124907760,0.0756099064785592
124907871,0.0
124907878,0.0670031148207685
124907879,0.0635354152782802
124907880,0.2625837765818147
124907890,0.0
124907913,0.0
124907968,0.04578114125236
124907978,0.0
124907995,0.0
124907998,0.0
124908005,0.0
124908011,0.0
124908058,0.0
124908063,0.0923747627007558
124908064,0.1247403313498729
124909376,0.2750246193102813
124909383,0.0
124909384,0.110451245488528
124909396,0.6053542904346328
124909397,0.0221867865316464
124909401,0.0123974780415539
124909423,0.1398421038439008
124909425,0.1731289935300493
124909426,0.0903209239347336
124909439,0.0
124909446,0.2248330884582169
124909475,0.140897664497433
124909496,0.0
124912,0.0563619252247972
124923,0.6876032367789747
124925,0.1290326108407842
124930,1.7705126241756597
124935,2.1680184654127235
124936,2.1769507312857264
124944,0.7093416627462029
124961,1.482407147452059
124975,1.089383807185562
124976,2.1093608877065693
124989,0.6465333811250629
124995,2.321263976452453
124997,2.162111573306556
125,2.54826491079761
125050,0.0
125058,2.3105482408032234
125061,2.1045550296195388
125078041,0.0
125078044,0.0
125111,0.4629952790854991
125113,0.4611343443843866
125115,0.0162859366995967
125144,2.5374636222865923
125150,2.0522427062420654
125170,1.7866337860864197
125177372,0.0
125177373,0.0890112847364733
125177374,0.0861979419229091
125177376,0.2893182181688508
125206,0.3114867284343438
125208,1.7683863960967166
125228,1.60336233930362
125336,0.2904854940046766
125467750,0.0
125476,1.2482048097591294
125488,1.6137659891441003
125704,0.1862036312220281
125775238,0.109721115265514
125775239,0.0
125775240,0.0390501905320824
125775241,0.0
125775243,0.1306364468555331
1258,0.0197500372972908
125875,0.7512856494070617
125893,1.4438936489868068
1259,0.7390855173695152
125919,1.4698331929743875
125931,0.0164900995891271
125950,1.764881068951573
125958,0.0
125962,0.0
125963,0.0140368959186701
125965,0.3272206176840112
125972,0.025020825205399
125981,0.0733234266047182
125988,2.5633065312902947
125997,0.0
126,1.714090277501154
1260,0.0
126003,0.5808161697549722
126006,2.10747542955669
126014,2.099634799727735
126017,1.1558607447429856
126037,0.654306500554788
126068,1.4510845512288304
126069,1.0104716051477136
126070,1.4831797734980368
126074,1.3039270094163165
126075,1.86006587049162
1261,0.4611343443843866
126119,2.3168885372734227
126123,0.0
126129,1.106496840419913
126133,2.0115506522638578
126147,0.891816846563413
126170,0.141776258746249
1262,0.2646960774511823
126204,0.0
126205,0.0362629122582597
126206,0.0350655380227658
126208,2.0662305198384647
126231,0.5629265476423145
126235,0.0
126248,0.8016778108422773
126259,0.5155465746485609
126272,1.04432281439519
126282,1.7653686665537325
126295,0.3100662460977685
126298,1.7132409603879133
126299,2.179545511433383
1263,1.9809931561998968
126306,0.4156306778630096
126308,2.392502518835542
126321,2.1862808490966072
126326,1.241750227389209
126328,1.471285298096193
126353,2.3573372414244997
126364,2.0543885641125956
126370,0.0060146795562324
126374,1.323565926915225
126375,1.4648505301601722
126382,2.099878670150521
126393,2.3292361597345703
1264,1.9104250793049915
126402,0.0
126410,0.4803300672253103
126432,1.4704497590317906
126433,1.3482984800047948
1265,2.7091187509093015
126520,0.188196455857058
126526,1.5511891575244765
126536,0.0
126541,0.0
126549,0.4791946234325006
126567,1.814840692323872
126568844,0.4897989652617399
126568847,0.0
126568848,0.0217811482126814
126568849,0.3000494503470126
126581,0.0
1266,2.8519023309691165
126626,1.6963784016125023
126637,0.0
126638,0.0
126661,1.266991030638586
126668,0.9303482608561374
126669,1.4657400122510085
126695,1.7938475481300666
1267,2.3717318097737405
126731,1.6533707503322357
126755,0.033066130062972
126767,0.2859525525523412
126789,1.3347725474897023
126792,2.202921335955516
1268,0.9268992988329472
126811,0.0
126820,0.2675537347388714
126823,1.8368073372231304
126859,0.0352652184723042
126868,0.0850699324727219
1269,0.0666185243177208
126917,1.6436223721459653
126961,0.0217811482126814
126969,1.603028741422664
127,0.8988448655636538
1270,0.188030575137308
127002,1.0692568339080462
127003,0.3932645743080467
127018,1.971536275934019
127059,0.0
127062,0.0037382490083226
127064,0.0
127066,0.0
127068,0.0
127069,0.0
127074,0.0
127077,0.0
127086,0.0
127099,0.0
1271,2.0470071869994073
127124,0.0
127138859,0.071221967357895
127138860,0.1348980704403251
127138861,0.0643072587180317
127138862,1.1334548991127518
127138863,0.7759250578987265
127138864,0.0
127138865,1.2658480271051176
127138867,0.0
127138868,1.7201574680005645
1272,1.3911537343562042
127247,0.0
127253,1.919529094124389
127254,0.0598594062479726
127255,0.3530642712957951
127262,2.5210980432005172
127281,2.0806587334890723
127294,0.6248124538593977
127343,0.2834555412785291
127379681,0.063149226365247
127379682,0.0
127379683,0.0
127379685,0.109721115265514
127379686,0.0
127379687,0.0
127379688,0.0
127379689,0.2241990231746858
127379691,0.0
127379692,0.0
127379693,0.3673179111040963
127379694,0.0
127379695,0.2028245859775974
127379696,0.9734629441060556
127379697,0.2744295571436418
127379698,0.0
127379699,0.110451245488528
127379701,0.0
127379703,0.0
127379704,0.0
127379705,0.0
127379706,0.0
127379708,0.0
127379709,0.0
127379711,0.0
127379712,0.0
127379713,0.0
127379714,0.0
127379715,0.0867613730983522
127379721,0.0
127379725,0.0871367817651098
127379726,0.0
127379728,0.0
127379729,0.1748170911334096
127379730,0.0
127379732,0.0
127379733,0.0
127379734,0.0
127379736,0.0
127379740,0.0
127379741,0.1570867224494012
127379742,0.2272063501845077
127379743,0.0
127379744,0.0
127379745,0.0
127379746,0.0
127379747,0.0
127379748,0.0
127379749,0.1588084847758757
127379754,0.1259945652633729
127379755,0.0
127379757,0.0
127385,0.0
127391,0.0420263638480368
127396,1.1494851896209703
127406,0.0
127428,1.2035824106307444
127435,2.513158172449348
127460871,0.0
127460872,0.1726218772089289
127460873,0.0
127460874,0.0
127460876,0.0
127460877,0.0
127460878,0.0
127460880,0.0
127460881,0.0
127460882,0.1387851793074599
127460883,0.0
127460885,0.0
127460886,0.0
127481,0.0
127482536,0.0
127482537,0.0
127482538,0.0
127482540,0.0
127482543,0.0
127482545,0.0
127482546,0.0
127482547,0.2240404280203549
127495,0.8519686138740015
127525787,0.0
127525788,0.0
127525789,0.0
127525790,1.0812252836474838
127525791,0.0
127525792,0.0
127525793,0.0
127525794,0.0
127525795,0.0
127525796,0.0
127534,0.2008677113527925
127540,0.0
127544,2.3534305572987617
127545,0.5361156753447552
127550,0.0348658102965977
127566421,0.0
127566423,0.0
127566424,0.0
127566425,0.3418218475162929
127566426,0.0
127566427,0.0
127566429,0.0
127566430,0.0940514026841421
127579,1.1726354944928434
127602,0.5557042449639114
127608,0.0
127617,0.0356644376201233
127623,0.0334663908138561
127665,0.0579181636361618
127670,0.094423529467826
127687,2.2582430655201615
1277,3.493527775781097
127700,1.8231939728016109
127703,2.145099787929764
127707,0.0209692882026594
127731,0.0113712320035829
127733,0.8934884727969619
127748585,0.1086247075317278
127795,0.0082850342053478
1278,3.4013677768660573
127814295,0.2645453866014184
127814297,0.0
127829,2.609600512798521
127833,0.1051431153898577
127841,0.1306364468555331
127845,1.4635802514732508
127882475,0.0
127898561,0.0
127933,2.400983645694024
127943,3.1490848544080077
128,2.5317346307723585
1280,2.2006086928513073
128025,0.0501079362162316
128031833,0.0
128031834,0.0
128031835,0.0
128031836,0.0
128031837,0.0
128061,1.5790278930682962
128071539,0.0
128071540,0.3824749171361232
128071543,0.0
128071544,0.0
128071545,0.0
128071547,0.0
128077,2.187239142912361
128092246,0.0
128092247,0.0
128092248,0.0
128092249,0.0
128092250,0.0
128092251,0.0
128092252,0.0
128092253,0.0
1281,3.477613707917905
128125814,0.0
128125816,0.0152643844692303
128125817,0.0
128125818,0.0
128125822,0.1796927515744965
128136,0.0
128153,0.5438491251744711
128178,1.6293469108068392
128193286,0.380531908022198
128193289,0.6844645348878436
128193290,2.647680990441342
1282,2.7807101421076665
128209,0.0557775902066152
128218,1.8085040246094173
128229,0.802675769850247
128239,1.9083013275504044
128240,2.593798188378176
128266842,0.0738956344925407
128266843,0.0818655711838594
128266846,0.0884493778801894
128272,1.81192874598006
128308,2.354334750071198
128312,0.899641347701407
128322,0.0
128338,2.321102298039943
128344,1.2304949228912887
128346,2.222033703805946
128360,0.0
128366,0.0
128367,0.0
128368,0.0
128370,0.0
128371,0.0
128372,0.0262325134658017
128385369,0.6891249641954788
128385372,0.0
128385375,0.0
128385376,0.1146369993408919
128385377,0.0
128387,1.6618586694287216
1284,2.7279150662062475
128408,0.0
128414,0.221021111993137
128434,0.8135537112105772
128439,1.5107589209179948
128486,1.8489716486374108
128488,0.0
128497,0.891878837691434
1285,0.2775486097425162
128500,0.1962830437178839
128506,0.0336664500279098
128553,1.4211946969418183
128580,0.083940390516352
1286,1.0093967304692748
128602,0.0
128611,0.5797297127612436
128615,0.0
128637,2.218815680293554
128646,0.1606982229626605
128653,0.0
128667224,1.0626881993211894
128667226,0.1073437223162539
128667229,0.5917843304437739
128668,0.0
128674,0.0080788886488122
128676,0.0759903776592968
1287,1.721904995792216
128706665,0.0
128706666,0.0
128709,0.141776258746249
128710,1.4159212571692694
128718,0.0
128756,0.0
128760,0.4968210373473922
128770,0.0
128790,0.0
1288,0.6459041421725993
128817,0.0652710625303166
128821,0.5224325309402954
128822,1.0621257686458658
128826,0.0
128853,0.4633436824747013
128859,0.1213263021618315
128861,0.0
128862,0.0
128864,0.224991526000587
128866,2.9562839641745207
128869,1.9900704624121583
128876,0.0555827213422205
1289,2.866377829654107
128954,0.0177140457770852
128966558,0.0
128966594,0.0
128966682,0.0
128977,1.6884688632364748
128989,1.2628319958808092
128997,0.0
1290,2.992853613917475
129025,0.0
129049,0.5675670340308447
129080,1.1305027212625849
129099,0.0
1291,3.175748313766013
129138,1.7115767890132223
1292,3.2365775665826555
129285,2.030780036268923
129293,0.6202550861055925
1293,2.93212809072803
129303,2.0596441176420153
1294,1.5502567073354203
129401,1.5548453274708638
129446,0.0
129450,1.0402983225907636
1295,2.53789528816663
129521,0.0
129530,0.5637357633271645
129531,1.7651133272631452
129560,0.0
129563,1.516921136972316
1296,2.597251926769155
129607,1.822788858597891
129642,1.824477612907669
129656,0.0
129684,0.0197500372972908
129685,1.7121802853648542
1297,0.0723688738166034
129787,1.6257391999860464
1298,1.6905799164592945
129804,1.6681686403692166
129807,0.2642439183390903
129810495,0.4636919213965629
129810498,0.0
129810500,0.9383988753480732
129810502,1.7650784965147177
129810503,0.0
129831,1.531428403149638
129841,0.0
129852,0.0641143646112851
129868,0.041828279182458
129870,0.0
129880,1.4186624971438269
129881,0.3973347382338342
1299,1.0478880610828425
13,0.5000308449591234
130,0.2546881495690168
1300,2.8316874780274395
130013,0.222452739113652
130026,0.7729507172679092
130074,2.560182100509094
130075,0.0
1301,2.7104125966495927
130106,0.4253476196679362
130120,0.0
130132,1.1955777943009622
130162,0.969974198884284
130195,0.0
1302,0.5084854017746849
130271,1.5614365596009672
1303,2.8482339195780897
130340,0.531900549383075
130355,1.7973604995202752
130367,1.364231859037797
130399,1.377736472179469
130429,0.0
130453475,0.0
130497,1.3575101233251072
1305,0.7864498843073015
130502,1.713162479315084
130507,1.8523635108510836
130535,1.8488289206641937
130540,0.2283114571781785
130557,2.0445755761006605
130560,0.0
130572099,0.0
130574,1.0053874661238356
130576,1.3467004575831556
130589,2.1977751478110976
1306,2.687881045132221
130612,0.9117693273396008
130617,1.9812664229009456
1307,2.5489183987361788
130700,0.0
130728,0.0931203544834532
130733,1.1626777902164864
130749,0.4897989652617399
130752,0.4450053890382811
130773,0.1233045730531342
1308,1.6286686747465489
130813,0.8109567086806172
130814,2.4799454307710795
130827,0.7113060390291223
130865,0.0
130888,1.5805711228857338
130916,1.6094087498973746
130932198,0.0
130932201,0.1348980704403251
130940,0.4185960217415813
130951,0.7104882425050739
131,0.0
1310,0.0
131034,0.0278454019696254
131054,0.0
131076,1.852853869504316
131096,0.3386771083125778
1311,3.1476859279981744
131118,1.9564280270647283
131149,0.0
131177,0.5692743700062926
131183827,0.0
131185,0.029254159459327
1312,2.202065230802394
131368,0.1433553526763596
131375,0.0
131377,0.0144462560950847
1314,2.7113331456642276
131405,0.0288518968796068
131408,1.4798013257688531
131450,0.9925129834496575
131474,1.993214804380732
1315,2.532610737643403
131540,0.1380798037091699
131544,1.2826805641273962
131566,1.8125002915272037
131578,2.7927714365654706
131583,1.9208219731735223
1316,2.7100997949679115
131601,1.971115861161304
131616,1.761955513127906
131669,0.2135028473860635
131675794,0.1477257762004251
1317,2.1042651313280696
1318,0.3441379725889604
131831,0.129924017888448
131840634,0.81109735245986
131870,2.1889853005970026
131873,0.1347209445133961
131890,0.1252780946513598
131920,0.0
131965,1.5206287941772865
131973,0.0
132,1.8836877589686185
132001,1.177376423449824
132014,1.953615090927185
132112,0.0162859366995967
132141,0.1721144431730159
132158,0.9256670745768568
132160,2.218407287139602
132200,0.2308316701084366
132203,0.2494825961694702
132204,0.0
132228,0.3636136275317336
132243,0.0
132243159,0.0
132299,2.292914661009507
132320,1.169179994806934
132321,1.3915658116016802
132332,0.1333025569412144
132391,0.0553878071845259
132430,0.6022017207597622
1325,0.4922587971168071
132532400,0.0
132542979,0.0
132542980,0.0384536920503017
132542981,0.0
132542983,0.0
132542984,0.0
132565736,0.0
1326,1.83447884224402
132612,0.0
132625,0.0402419221072167
132660,1.515096762889086
132671,1.513648412400158
1327,2.6627833937978216
132719,0.0
132720,1.6461816761987642
132724,0.0
132789,1.6596372904358965
132851,0.2218167775301066
132864,1.84132858483091
132884,1.259931297325624
1329,2.739236149135043
132946,0.4201973611892954
132949,1.6198719281178722
132954,0.0
132989,0.11668572816582765
133,1.8584048951655263
133015,1.3151956592095204
133022,1.718609737910755
133039958,0.0
133039959,0.0
133039961,0.0
133039962,0.0
133039963,0.0
133039964,0.1315261137724414
133039969,0.3070747430554275
133039970,0.0
133039974,0.0
133060,0.0
1331,0.0
133121,0.4079154960698664
133150,0.0
133308,1.097562146271987
133332,0.1926623749725581
133383,0.6898845553364533
133395143,0.0
133395144,0.0999854713451175
133395146,0.0731326033913595
133395147,0.0
133395148,0.0
133395149,0.0548027927666294
133396,0.0280467968559265
133418,2.2759456067204993
133482,0.0242120678044732
133491,0.0759903776592968
133522,0.7908887432979598
133558,0.0177140457770852
133569,0.0
133584,1.5484987426170986
133619,2.138449445175042
133629,0.0
133686,1.9501165062981227
133688,0.0336664500279098
133690,0.269952155905544
1337,2.5352037915173864
133746,1.7293309311154204
133748,0.0447946653885956
133790,0.1459804127775399
133874,0.4131505651678965
1339,0.073704942137793
133923,0.3276376880099102
133957,1.5801682680043274
134,2.4556326778138837
1340,2.8867141798574165
134006662,0.2965852100244166
134082,0.0
134083,0.0
134111,0.9214237061348416
134121,0.8032453482420499
134145,1.5951364786566304
134147,2.2550029929327535
134187,0.0173062599854029
134218,1.882444865392384
134265,1.798875558861208
134266,1.788451492584454
134285,0.4396300692556715
134288,0.0
134353,1.3275416540255394
134359,1.79403202631968
134391,0.0
134429,1.0924196402082782
134430,1.843638303937297
134490,0.0
134492,1.650611066991673
1345,3.1124516047425708
134505,0.1971036549237277
134510,2.2382893456275172
134526,0.0434116529118274
134548,0.8660687080989335
134549,1.7529144722281855
134553,2.138686240092964
1346,2.699971354116738
134637,1.0319694435926623
1347,2.696336169186751
134701,0.0
134728,1.011799748867521
134756,0.2102820170793421
134829,0.0097266548872287
134860,0.0
134864,0.0
1349,2.426239879231612
134957,1.5401636532944525
135,0.1361368806434324
1350,2.9088341550866272
1351,2.9245094486265275
135112,1.8919918272382277
135114,2.313084805322988
135138,0.4251031720970188
135152,0.1088075433050862
135154,2.003360899638331
1352,1.41235014347667
135228,1.8437635682486777
135250,0.1027524940253784
135293,1.2982326138234943
135295,0.2178304945613746
1353,1.8719668529222664
135398,1.4969661335538436
135458,0.0683477895576427
1355,1.9284843736977
1356,1.0423867022145008
135644,0.0288518968796068
135656,0.0064279224007442
1357,0.60811309483746
1358,0.3438658497099287
135886,0.4047819776906567
135892,0.3026375512736929
1359,2.5356530537119357
135924,0.0
135927,0.0750388739578922
135932,0.8723007081976577
135935,0.0
135941,0.0
135942,0.0
135946,0.0
135948,0.0
136,0.9974971855374276
1360,3.2011451244665103
136051,1.6393400942757488
1361,0.1716066910730517
136157,0.0
1362,2.1643658352948916
136227,0.2771037895233045
136242,0.0322650387162132
136259,0.2718954979794535
136263,0.0262325134658017
136288,0.076560759028747
1363,2.720876456566843
136306,0.1331250857566386
136319,2.6935827279924105
136332,0.4621816974846193
136371,0.0
1364,2.6085798218672145
1365,2.7988949923856405
136541,0.0
1366,2.61267935114035
136647,1.5948648594535015
1368,2.117413005031118
136853,1.191026492159136
136895,1.2117982118270274
1369,0.0742768884659622
136991,0.0
1370,0.3939019859550799
137012,0.0912551171776534
137075,1.8269026990076596
1371,1.8296627635142737
137107,0.0542173700425294
137196,0.0035309985040075
137209,0.8345744415272175
1373,1.144991556317753
137362,0.0
137392,1.29399912341532
1374,2.284683709643046
137492,1.9110542978126328
1375,0.3199553764071411
1376,1.1498076878228838
137682,1.517740864132249
137695,1.275856494713321
137735,0.0260306859239784
137797,0.0
1378,0.6095358174421385
137805484,0.0
137805493,0.3991085526853754
137814,0.0
137835,0.9733542216433912
137868,0.0
137872,0.8234943159240422
137886,1.927082910940939
1379,0.0756099064785592
137902,0.4640399959869132
137933868,0.0
137964,2.167689471232432
137970,0.0
137994,0.4298555274178127
1380,0.0714132279076869
138009,0.0
138046,0.0
138050,2.377692270138057
138065,0.2776968270837076
1381,0.5724771005409004
138151,1.9991991359012709
138159,0.0
138162,1.655280677041006
138199,1.7330346863320252
1382,3.3060725715263795
138234,0.0719867467506061
138240,0.0
138241,1.3605265441875436
138255,0.0
138307,0.0
138311,1.6541774819594743
1384,2.3863300300969
138428,0.0850699324727219
138429,1.0840779401225014
138474,0.0115765804481612
1385,1.857753519604982
1386,2.1678293314801307
138639,1.62059538337039
138652,0.0304597993916931
1387,2.2553631384266772
138715,0.3214979612336592
138716,2.33757616704616
138724,0.0641143646112851
138799,0.0
1388,2.5931304799391666
138802,0.0
138803,0.0
138804,0.0
138805,0.0
138842257,0.0
138842259,0.0213753154909553
138842260,0.1710986205592281
138842261,1.0610932500922283
138842262,0.0583067721494003
138842265,0.2844846878967373
138842266,0.5592736692082367
138842268,0.0524586470199822
138842269,0.058501008843608
138864,0.0
138881,0.2606172693978964
138882,0.0
138883,0.0742768884659622
1389,2.492822114831965
138948,1.5410779595872437
138971,0.0211723261778742
1390,1.611117220569405
139060,0.0
139065,0.757646255627655
139067,0.0
139081,0.5442647865873456
139105,0.0
139135,0.0082850342053478
139170,0.0
139189,0.0097266548872287
139198561,0.6646237781750032
1392,0.0
139212,0.0364623094604789
139221,1.069164172696705
139225793,0.1567419323387753
139231,1.9945564195323608
139281638,0.0586952005206574
139281640,0.0
139281641,0.0602471155158791
139281643,0.0298571944893556
139281645,0.0
139281648,0.0619895891189751
139281650,0.0
139281654,0.0
139281663,0.1345437802827254
139281666,0.0175101773978301
139281668,0.0
139285,0.9150637942572294
1393,1.1522607368338815
139322,1.599578676109297
139324,0.7959457757230725
139341,2.221928213789288
139355198,0.8368083875004038
139355203,0.0
139355210,0.1699118824483975
139355214,0.0761805481519545
139355215,0.2639423345951417
139355216,0.0
139355217,0.0650783906040881
139355220,0.513923163473374
139355222,0.0738956344925407
139355228,0.0
139355230,0.0910683626288553
139355231,0.2690536052345982
139355238,0.5800261844811762
139355239,0.0
139355241,0.0
139378,0.0627628591308276
1394,0.0219839916622789
139411,0.1639520026951061
139420,0.0
139422,0.0
139425,0.0
139432815,0.1222261062390532
139452,0.0412337454202869
1395,0.3397723909026121
139562,0.0209692882026594
139596,1.670334102830909
139599,0.147028078610212
1396,1.5549377587410769
139604,0.0
139628,0.0
139629,0.0
139637961,0.0
139637965,0.0
1397,2.805571426811626
139716,1.51935624978255
139728,2.0302038394083546
139735,1.001922206513457
139741,0.0
139748,0.0
139760,0.0
139793,0.0
1398,2.4576852457960094
139804,0.0
139818,2.0338382731487035
139886,1.2846099776698472
1399,2.301268738946416
139952,0.0
14,2.680435481024917
140,1.96872487207724
1400,1.6753751513886062
140032,0.0
1401,0.1334799897055372
140100,0.0
140101,0.0
140258,0.0
140290,0.0400434172142254
1404,0.2978861064509409
140432,0.0260306859239784
140453,0.0049806933258769
140456,0.0453866897349848
140458,0.0
140459,1.8743882749259115
140460,1.7094448364639026
140461,2.119553751314938
140462,1.007909219198105
140464,0.0
140465,2.040091735798677
140467,2.3327672941315023
140469,0.0388514046163894
140545,0.4954886969919165
140564,0.3566861551835944
140576,2.9160408509204334
140577504,0.0616026860516921
140577505,0.0581124904196997
140577506,0.4486858761673934
140577507,0.0
140577508,0.097765173807287
140577509,0.1403700544629917
140577510,0.0
140578,0.2345970813119669
140596,0.0
140597,0.6914012007515759
1406,0.0
140606,2.5039887378869197
140609,2.3340852863512316
140612,1.138903295358186
140625,0.0
140628,0.0274424681999785
140660,0.201846744967738
140679,0.0142416006900836
140680,2.206007903185122
140683,0.0
140685,1.501717434830734
140686,0.3117705130048097
140687,0.2562126892250005
140688,2.0507502707120984
140689,1.1358552887285682
140690,0.0438070313509447
140691,1.6906487367194205
140696,0.119343261883879
140697,0.0
140699,0.7746626004268875
1407,1.9151808682269893
140700,1.528682790075871
140701,0.0
140706,1.4760297473882604
140707,1.8613972109704429
140710,1.9158994614871772
140711,0.3353818690870569
140713,0.2569738562906076
140714,0.0
140715,0.0725598717535938
140716,0.0
140730,2.341164226069364
140731,0.0
140732,0.0
140733,0.5489244509959802
140735,2.5976758514612626
140738,2.6630385789480093
140739,1.770524088706359
140748,0.0
140749,0.0
140752,0.2659005667718562
140753,0.1739734823125703
140754,0.0
140755,0.0432138940104846
140756,0.2010309665499715
140758,0.7208013696985778
140759,0.0
140760,1.31531489471316
140761,0.0
140766,1.205228028565802
140767,0.0175101773978301
140771,0.0252228938178094
140775,1.9963795564269855
1408,2.243823658482323
140801,0.0
140803,0.2882954188426201
140807,0.0493229014588557
140809,0.0422244019181622
140823,2.764183330860026
140825,0.5188901413104611
140828,0.0508922379282558
140831,1.35097887128107
140832,0.0
140834,0.0
140836,0.0
140838,1.408903027796415
140848,0.0
140850,0.0
140851,0.0
140856,0.0
140857,0.0
140862,1.975881777425788
140870,0.0
140873,0.0248187083181388
140875,0.3075028069978139
140876,1.3701165118012264
140880,0.0600532833173621
140881,0.0
140883,0.2525488374796599
140885,2.435384673141124
140886,0.6064020103646603
140890,1.7856722220550147
140893,0.8333526569948662
140894,0.1281402344712371
140895,0.0
1409,0.0197500372972908
140901,2.0120740379531292
140902,0.0
140909,0.0
140913,0.0
140921,0.1610413402968344
140947,0.0
141,1.8423449028110224
1410,2.527115784538443
1411,0.0443997508881444
1412,0.0
1413,0.199396919210256
141374963,0.0
1414,1.0248222933597828
1415,0.240211946894603
1417,0.5598837827191709
1418,0.0
1419,0.0
142,2.198788727547874
1420,0.0
1421,0.0
1424,0.0
142678,1.7327845740404713
142679,0.750977572911442
142680,0.808843398675021
142683,0.0
142684,0.5174898793740458
142685,0.0146508621545966
142686,0.5375851567139619
142689,0.4677426020865176
1427,1.2881031742436662
1428,0.197759541309304
142827,0.0744674501196066
142891,2.15070069314795
1429,2.080915610119479
142910,0.0619895891189751
142940,1.943197580640432
143,2.322658349663037
143098,1.6123617419742895
1431,2.4982744730661213
143162,0.0453866897349848
143187,1.40708325611365
1432,2.1759154286217868
143241,0.0
143244,0.2306743904133587
143279,1.378872452544427
143282,0.6827619087034451
143341,0.2997613515480545
143379,1.138533459272231
143384,1.9439799068467192
1434,2.439602417970164
143425,0.3736264849638638
143458,2.2155956918476485
143471,0.1082589144778865
143496,0.0
1435,2.441857076609388
143501,0.0
143502,0.0215782561623971
143503,1.0728132233846583
143506,0.0
143570,0.8021056942679596
1436,2.584396055300206
143630,0.1506843526671244
143662,0.9690441465100867
143678,0.2818355714733183
143684,1.595221327219278
143686,1.8586186932497977
143689,0.8870876238323491
1437,0.0876995769262763
1438,0.9269164191246468
143872,1.166838433855195
143879,0.9937234519606604
143884,1.7783848425554862
143888,2.1192190666745327
1439,1.9935390723538653
143903,1.8288945822201308
143941,0.3936470858594114
144,0.0
1440,0.0479473231186116
144097,1.958627701142964
1441,1.7992079304731858
144100,1.5709132824348926
144108,1.8668528261976856
144110,1.8018681853105143
144124,0.0
144125,0.0051875911285856
144132,1.2649318822547104
144165,1.4393462170447369
144193,1.5194756933797873
144195,0.0629560650472485
1442,0.0
144203,0.2513237677264248
144233,1.009806432805548
144245,1.238528491850113
1443,0.0205630661837875
144321,0.8673586573903276
144347,1.606088838218811
144348,2.677454613396824
144360,0.0209692882026594
144363,1.868779231095304
1444,0.0
144402,1.4396506677028216
144404,1.6446752557752686
144406,0.4805569452276723
144423,0.2434690289610175
144448,0.0177140457770852
144453,0.0209692882026594
144455,0.8763793596506516
144481,0.7672623113912739
144486,0.407540162703302
1445,2.42569067024372
144501,1.9656939700246987
144535,0.2063998406531889
144568,0.0824319443491516
144571,0.9335462516244124
144577,1.329750383030831
144581,1.8198399821251463
1446,1.3931338191886071
144608,0.796449338566851
144699,1.7133325039832557
1447,0.0
144715,0.4008782025306984
144717,2.001428270002104
144742,0.0
144766,0.0
144776,0.0
1448,0.0
144809,0.0534361704016004
144811,1.669339283596054
144817,0.0
144983,1.708282409670572
145173,1.5632018616818024
145195,0.1021998293216098
1452,2.160792329621694
145200,0.7274571331555498
145216,0.1753228347129015
145226,0.1155441405508978
145235,0.0
145258,1.5565800329039776
145259,0.0
145264,0.2473291319515496
145270,0.7790337496816259
145282,0.613975072428142
1453,2.4408697264862593
145370,0.1387851793074599
145376,0.7039100324188634
145389,1.520648651094121
1454,2.1071683560751984
145407,0.9998959225931484
145447,0.2935413143981809
145482,0.529783701376297
145483,1.1941641519773556
145497,0.0461754078434364
1455,2.493041743325016
145501,0.0600532833173621
145508,0.7253792721171702
145553,0.06565627325421
145567,1.21500049866839
145581,0.4074150099184874
1456,2.096660385983429
145624,0.0
145645,0.0
145694,0.428639855758516
1457,1.6500390367082582
145741,0.051284114267885
145748,1.2545504813262884
145767,1.1199001836819342
145773,0.6696815188059115
145781,0.714323307742822
145783,0.4414261667561673
145788,1.1683225506588886
145814,0.1437058484632928
145820,0.3878889805904448
145837,0.2693532362744614
145853,0.9172703481565664
145858,0.0
145864,2.2223218766631727
145873,1.0468784771737574
1459,1.399763702450368
145942,0.0
145946,0.0475538868142473
145957,0.1642937488756426
145978,0.2399010497591375
146,0.8237012374055487
1460,1.694294726948627
146050,1.842586515954627
146053,1.4498014842653502
146057,1.084032768442218
146059,1.6358571484200113
146110,0.2279958687871773
146167,0.0
146177,0.2320887894316884
146183,0.3459044228515163
146198,1.8301110455945664
1462,2.6571177755553395
146206,1.0646991789927929
146212,0.0479473231186116
146223,1.8051885956375064
146225,0.3746728450613816
146227,0.6264791395981495
146279,0.2175107305434104
1463,0.0207662015448037
146310,0.1682135228864451
146325,0.3513142669746326
146330,2.2410163281001645
146336,0.0179178651438874
146378,0.4969319559397437
146395,0.1010933910344035
1464,1.9873710091580163
146429,0.0404403802309502
146433,1.8947733872740449
146434,1.5091552124614886
146439,2.0104194464255847
146456,0.5229677461514158
1465,2.4782764752906505
146512,0.0181216355189445
146513,0.0
146540,1.665716349209659
146542,2.1325460227579955
146547,1.3111856821731351
146556,1.3766509895834067
146562,0.8414544900075159
1466,1.4466947381183295
146664,0.8805582030659214
146691,2.1887142527335817
146705,1.5727148069060273
146712,1.1782201954756812
146713,0.4203203993811211
146722,1.6438972720936245
146723,0.0
146754,0.6117117334221375
146760,2.0910915475877916
146779,0.0
146795,0.0
1468,1.5561746056148174
146802,0.0780798702999492
146822,0.0888240246898696
146845,0.2091516577938769
146849,0.1853718320962182
146850,1.3112757905453758
146852,0.1249196248938618
146853,0.1823702359819901
146857,1.1547831387914202
146861,0.0179178651438874
146862,0.085446105720894
146894,1.485319599414921
1469,2.884755264443225
146909,1.592464352267451
146923,2.1796807083259577
146956,1.368315039928793
147,0.7029177658688519
1470,2.16367983744404
147007,1.3318921140213795
147011,1.0314264868242289
147015,0.8559821920667064
147040,2.048280047686029
147081,0.952732530726349
147093,0.0334663908138561
1471,2.97604590933666
147111,0.300769231165453
147138,1.991010478069177
147179,2.1147154648327704
147183,0.0
147184,1.796951255852005
147199,0.0797855659595778
1472,0.9638206355744988
147276,0.0555827213422205
1473,0.1336573840641972
147323,0.143530619363282
147339,1.669613438772534
147372,0.2733871114304414
147381,0.3297196639340368
1474,1.2875382539355988
147407,0.0
147409,0.022997480615535
147429,0.035464851664874
147463,1.3137029458293916
147468,0.1309924294396301
147495,2.056107590708766
1475,2.057762907149826
1476,2.6463030230706295
147645,1.094996577169267
147646,0.2178304945613746
147650,1.2101358073663702
147657,1.6530416700909636
147658,0.2057509787839322
147660,0.4308266405698506
147664,0.0483405753318879
147670,0.3733646696967934
147685,1.5142725390181435
147686,1.5470538596052494
147687,1.3668585265200464
147694,1.5094194785392718
147699,0.8621831279064538
1477,1.9826706909252552
147700,1.1219771682759705
147710,0.2628858809535586
147719,0.0
147727,2.237829903312608
147741,0.0
147744,0.5160869046194793
147746,0.2654490992728575
147798,2.562613751178014
1478,1.973903096282868
147807,2.137773938359288
147808,1.6469406041572048
147837,1.4064335413538045
147841,1.2949600087649615
147872,0.2690536052345982
1479,1.9112665378785507
147906,1.4063335115018467
147912,1.6233820999922717
147920,0.5962402170589863
147923,1.456138716111561
147929,1.1079726524679765
147945,0.0449920531388688
147948,0.7944327595687232
147949,0.6660227408726824
147965,1.7067454328043177
147968,0.9896085516015024
147991,1.7318077651583397
148,0.6083029580102011
1480,0.0
148003,0.0
148014,0.1936514469748223
148022,2.1868187542656177
148046,0.99697446013994
148066,0.0
1481,0.0869490986322006
148103,0.9818841790309442
148109,0.1412492154969934
148113,2.1752396237976797
148137,1.3892694124357223
148145,0.015877463426456
148156,1.6046444584706223
148170,2.2367004443022935
148189,0.6346618574904098
148198,0.3102084114303381
1482,0.0
148203,1.397020193845257
148206,1.2016379675814473
148213,1.2619436585628998
148223,1.758892170599096
148229,0.7632662555020175
148231,0.0
148252,1.826340449195803
148254,0.955873068907741
148266,1.1562991829541671
148268,1.20299612537838
148281,0.4639239893741421
148304,0.8905757436667585
148327,2.3748628175909134
148345,0.4787399534398962
148362,2.317733054191379
148398,0.8842079143336794
148413,1.9732552284109872
148418,0.8015351207342132
148423,1.9223329809909555
148479,2.1248899446362666
1485,0.0
148523,1.4431037324364762
148534,1.2147134096585377
148545,1.295238652070518
148581,0.0
1486,0.8893944318337256
148641,0.4264466450633953
148645,0.045189394581304
1487,2.231321052464026
148738,0.3885309400974964
148741,1.4011046754924783
148753,0.0246165431357565
148756,0.0162859366995967
148789,1.3727936468271529
1488,2.0649247709777128
148808,0.6945919517681804
148811,0.2195869118689518
148823,0.3698213124515176
148867,1.911201245237499
148870,0.0254249141756302
148898,1.0863770752918835
1489,1.934249200332724
148930,0.0123974780415539
148932,1.8348727540195011
148979,0.6500287004219638
1490,3.209108544757029
149013,1.4885119369636033
149018,0.0
149041,1.6912538971122857
149047,0.043016088629042
149069,0.2213394734265361
149076,2.40784067604017
149095,0.6239776146616375
1491,1.2260820982096212
149111,0.9260780870253212
149175,1.3689610650677202
149224,0.4282747677761113
149233,0.1162691351325153
149281,0.4649673925272589
149297,0.7837427751917106
1493,1.4614558575173846
149345,2.1341916665804206
149371,1.8031867466588256
149373,0.0
149420,1.677931256929869
149428,2.140788134821865
149461,0.2877103603551462
149465,0.4270565167310662
149466,1.7788123454542062
149473,1.8580328070710184
149478,1.6803743004734186
149483,0.9185786688535224
149499,0.2971636543944906
1495,2.781755786956829
149501,0.6502968405648482
149563,1.1870040215656197
1496,0.0784592157513684
149603,2.720818881497557
149628,1.0404442617489973
149643,0.0
149647,0.0
149684,0.0232000328901817
149685,0.0
149699,0.1929922007033621
1497,1.8175171370436716
149708,0.0
149773,0.5249979565946209
149775,0.0761805481519545
149830,0.0
149837,1.1149960013316425
149840,1.4335736472380762
149844,0.0625696085978943
1499,2.710688966997521
149935,0.1920023178353444
149950,0.1868684534699322
149951,2.311546440240541
149954,0.0128076294222381
149986,2.3715336906212636
149998,0.0797855659595778
15,0.4047819776906567
150,2.355323114997229
1500,1.4004472803844998
150051,0.2308316701084366
150082,0.607543196822904
150084,0.0786488237171767
150094,1.151095853837536
1501,1.6674879806818064
150135,0.1423029624369139
150142,0.0725598717535938
150147,0.0168982779780871
150159,0.2708496803724958
150160,0.0
150165,0.0820544050747075
150197,0.2986078890717505
150209,0.5630277498618992
150221,0.0187326529005272
150223,1.9763869751251908
150248,0.1274256342200705
150274,1.8013140122933389
150275,2.647702559851721
150280,0.0614091674392234
150290,0.9260780870253212
150291,0.051871586053616
150297,0.0346660352741282
1503,1.295950080747275
150350,0.1517259986918346
150353,0.0416301479021601
150356,0.9163767379041108
150365,0.8211445769339801
150368,2.225938367760613
150372,1.8547344395267384
150379,0.0
150383,1.913463934894048
150384,0.3153090826049388
1504,0.0324653828330247
150465,1.5228872358949537
150468,1.1442188079217404
150472,1.02086471264437
150483,0.150163030160434
150538,0.2849253366275111
150568,0.0101380977223869
150572,0.0078726930921942
150577,0.0213753154909553
150590,1.2469876839405185
150596,0.0148554188895284
1506,0.0
150677,0.1060607473296442
150678,2.5194435821844445
150681,0.0326656794165476
150684,2.053480908361991
150696,1.9385545246280216
150709,0.6078282036960866
150726,1.3235072360730862
150737,1.5098054548492548
150763,0.806581620523571
150771,1.0106250021505954
150786,0.0801641354811421
1508,3.066175165374047
150864,1.6201936040206415
1509,2.9629652221496117
150921,0.6635726845112198
150946,1.2225898806835234
150962,1.0780392624209156
150967,1.5260588760092602
150992,0.0
151,0.4668186930220099
1510,0.4338532430477267
151009,0.3606904420989562
151011,2.3062297377135694
151050,1.1596757243616436
151056,1.0069840860756691
1511,1.8744776815136073
151112,0.0260306859239784
151121,0.0
151126,0.3330391744193237
151171,0.036063467897197
151174,0.5033365203116907
151176,0.8617932653341459
151188,1.886092677712549
151194,1.2567491055844784
151195,1.7714745775359246
1512,2.2486743613657385
151230,1.547936321847132
151242,0.4036507077159547
151246,1.2842625627934698
151254,0.2711486275042417
151258,0.3393618428051317
151278,0.1225857523790576
151295,0.1731289935300493
1513,2.6928182829025755
151306,1.3096514935198351
151313,1.6273250198274438
151354,1.0247723604844632
151393,1.0171843354689918
1514,2.613398464650759
151449,0.2016836555872125
151473,1.4595698356512066
151475,0.2213394734265361
151477,0.318409708905874
151484,0.0
1515,1.1262767693348874
151516,1.11619391239117
151525,1.9566536456333483
151531,0.0820544050747075
151534,1.657523493456695
151556,1.3399747030059297
151613,1.7581966633969024
151636,2.3610122281730432
151645,0.5134896391567156
151647,0.0221867865316464
151648,0.7743652003031237
151649,0.2715968350027382
151651,0.3895569433205307
151658,0.0
151742,1.068004673580439
151790,0.018529029376588
151825,0.0280467968559265
151827,0.5137064337140409
151835,0.2552983187532094
151871,0.0
151877,0.1311703628083161
151887,2.736478764832254
151888,0.7700377807568173
1519,2.5222597602001717
151903,2.0814026573642757
151963,1.6348927221027705
151987,2.2194291266449944
152,1.2360133579222972
1520,2.6386911258667425
152002,1.8372186231091017
152006,2.1128818249850747
152007,2.395692906309206
152015,0.4369879214705011
152024,0.0105493414072734
152048,0.8019630975972343
152065,0.0489301088118718
152098,0.4136472442534319
1521,1.750651345827193
152100,1.1398883554186898
152110,0.2451697926206867
152118,0.0278454019696254
152137,2.206828534316482
152138,0.0
152185,0.5100120859632781
152189,2.237396717960493
1522,3.154004437256655
152206,0.0548027927666294
152217,2.3425287215566435
152225,0.0
152273,2.0057069438382236
152274,0.0
1523,2.078707954395289
152302,1.6104608624038528
152330,0.8150929737413873
1524,1.752950299584735
152404,0.0916285002418245
152405,0.0
152485,1.3722325985530377
1525,1.0339888500101773
152503,2.3165421769478862
152518,1.4579475221751712
152519,0.2505571338541427
152559,0.8153025910867749
152573,0.3621534348015169
152579,1.8921031160802173
152586,0.0193432301006561
152641,0.4686653537558338
152663,0.1534591224248764
152687,1.3903027761234632
1527,0.0
152756,0.532006228753385
152789,0.1485970601752414
1528,2.009145187270892
152815,1.3245919609066688
152816,0.116631393300044
152831,1.830499166754462
152845,0.0
152877,0.623513382995225
152926,1.6548784709291084
152940,0.0
152992,1.312146049702977
153,0.5967228594866876
153020,1.3036833382141526
153090,2.16988376961258
153129,1.218220016549315
153163,0.0
153201,0.1042244635039507
153218,0.1157254490155959
153222,1.6249919699414397
153241,1.5255677526169955
153328,0.4977079140666995
153339,2.447169664627311
153364,1.2273465229390073
153396,1.472908353525043
1534,2.6501878552770224
153443,1.6233022569096704
153469,0.0171022935190702
153478,0.8165588772567189
1535,2.5772271302916
153527,2.763906467684536
153562,1.7183383239901673
153572,1.9304645774330969
153579,1.8504910150831335
1536,2.530785013110308
153642,1.1611787486124556
153643,0.4348191655638411
153657,0.1658298290284719
153684,0.8764428812345527
1537,2.6595823877626774
153733,1.8168496260499376
153743,0.0627628591308276
153745,0.0
153768,0.7563484267158794
153769,0.6253684586133536
153770,0.2568216815987181
1538,0.0
153830,2.177291147865835
1539,0.0
153910,0.0
153918,0.0
153932,0.1198845651997117
154,1.5774795771823034
1540,1.833926737656322
154007,1.58487576898592
154043,0.4257141411395371
154064,0.1484228777959074
154075,0.4913652705503719
154091,0.3720542391857689
154092,0.1776788006106026
154141,2.5112613282766025
154150,0.0
154197,0.6574975373938305
154214,1.1150816489799136
154215,0.5312661474919832
154288,0.0
1543,0.0826206497668653
154313,0.0489301088118718
154386,0.109721115265514
1544,0.0777003520403405
154442,0.0526542428027862
154449,0.0
154467,2.4865333432542656
1545,2.341805628686349
154661,0.7848415956739772
154664,0.0445972313113895
154743,1.6185507048748882
154790,0.1252780946513598
154791,0.3692949642583837
154796,1.397020193845257
1548,1.9350033365908932
154807,2.4557901551718087
154810,1.944130176029365
154822,0.1254572708948052
154860,0.0
154865,0.090507846716347
154872,0.0
154881,1.6867089306553391
1549,1.636555863935948
154907,0.0
155,0.2497897559461853
1550,0.1243816268565123
155006,0.0442022240997431
155038,2.273622767672572
155051,0.2628858809535586
155054,1.1595172788437775
155061,1.605524903048901
155066,1.7136462234783607
1551,0.0402419221072167
155100,0.0
155184,0.0234025367070836
155185,0.7558897635910169
1553,0.0203598820990786
155340,0.0
155368,0.9884428761609528
155382,1.5800981709879345
155400,1.4602667024177145
155435,1.9252039343395757
155465,2.9667092892513436
1555,0.2363169510329401
1557,0.0115765804481612
1558,1.0706450017075124
1559,0.4296125514780102
156,2.464346242437344
1562,0.0310619747051902
1565,0.7130201967488918
1568,0.1954615941975408
157,1.9163670627342893
1571,0.8619882263803124
1572,0.0119871284396815
157206,0.4072898362922395
157285,1.986098459362331
1573,1.775368950756052
157310,0.3140370579793257
157313,1.092998222524138
157376,0.0074601518934053
157378,1.6465764766844937
157381,0.0179178651438874
157506,1.5246233895745571
157567,1.5961705775476347
157570,0.887899083795
157574,0.7012607539380681
1576,1.1229072579615058
157627,0.0068409645610921
157638,2.231228672097949
157657,1.2461069562827245
157680,1.5405638773843315
157693,0.1563969960933261
157695,1.941711398590116
157697,1.3724196824032238
1577,0.6416643770907534
157724,0.2978861064509409
157739,0.2978861064509409
157753,0.0616026860516921
157769,2.080983730884195
157773,1.5510214512347695
157777,0.3753260891854172
1578,0.0
157807,0.0479473231186116
157848,0.0416301479021601
157855,0.036063467897197
157869,0.8946621520779803
1579,0.3341425069771574
157916,0.0
157922,1.8450045235993495
157927,0.0
157956,0.6021059672161457
157983,0.4387904033312486
158,0.5060798257736868
1580,1.9617713213493275
158038,0.0893856781967923
158046,1.2025926952082333
158055,0.5009138267279217
158056,1.443289707446394
158062,0.4173618877839998
158067,1.169880571435546
1581,0.1503368413657982
158104,0.4436950095059055
158131,0.1416006154108587
158135,1.1314607278463022
158158,1.4798013257688531
1582,0.2665021207842197
158219,1.2325838767635515
158234,1.728346365703903
158248,0.4411869376850796
158257,0.2171908384806782
158293,1.9405684350224248
158297,0.2146270815596062
1583,1.01317587911182
158326,1.1629534965393622
158345,0.6468926894942713
158358,1.7006512472277475
158376,0.8798636384229863
158399,1.0042518118095536
1584,0.0
158401,0.218469638822162
158405,0.8592533408746634
158427,1.508870457187034
158431,0.9175679344743038
158434,0.0288518968796068
158452,0.0286506937617837
158471,0.8167680223235677
1585,0.0
158506,0.0
158511,0.0946095302476571
158521,0.0
158572,0.8890831927165979
158584,1.7887042537888005
158586,1.6924891703885176
1586,0.0621829736100838
158674,0.215909987982621
158724,0.0
158747,1.657804917014904
158763,0.4523481818008428
158787,0.7163543953998177
158798,0.0
1588,0.1131834935159202
158800,0.9127894702242866
158809,0.0
158830,0.0316637209677261
158833,0.0940514026841421
158835,0.0
158866,0.7689139936530913
158880,1.1283308724932892
1589,0.4890145523185797
158931,0.2692034350311641
158960,2.1659902467858103
158983,0.0
159,2.32873217129196
159013,1.854434125228437
159090,2.270365137786291
159091,0.6715902651343795
1591,0.3089279848405443
159119,0.0
159163,0.0
159195,1.3760675913635207
1592,0.5173820546692663
159296,0.0
1593,2.488601075566753
159371,0.8778387501825631
1594,0.6171689931630995
1595,0.798818072818059
1596,0.0
159686,0.509249145046031
159963,0.1373738196458896
159989,0.1780148076809264
16,2.2428331697246544
160,2.333144415718781
1600,0.055972413796195
160065,0.0
1601,2.5338842283073015
160140,0.2559080167354376
1602,1.8108980007853868
160287,0.1883623024484596
160298,0.5498527590585853
1603,3.040167035297578
160335,1.2257303528728811
160364,0.9743863047390422
1604,2.258211482943396
160410,0.0
160418,1.8200134220780584
160419,0.0256268862991105
160428,1.6503100882125203
160492,0.0346660352741282
1605,2.542184160329693
160518,1.1439745642017494
1606,1.6990875080162775
160622,2.012433054519477
1607,0.0875120208953502
160728,0.0091091168566818
160760,1.9082519949223489
160762,0.0164900995891271
160777,0.041431969987866
1608,0.2254666497348655
160851,0.9650342579230172
160857,0.8517045477666533
160897,1.4628209877376543
1609,2.0354825148109152
161,2.222760696092103
1610,0.0546076972506679
161003,0.0
1611,2.7732093897944994
161142,0.0394476217259577
161145,1.971347145653303
161159,0.5045448495842794
161176,1.753487354009898
161198,2.531361706037426
1612,1.8614710477571448
161247,0.2916510273594812
161253,0.7661337963572161
161271,0.0
161291,2.174901230357311
1613,2.446880349419693
161357,0.0
161394,0.7537451417612686
161406,0.4993679056014837
161424,1.698438828204074
161436,0.0483405753318879
161497,0.2167107601059482
1615,2.3178542726467524
161502,0.2122160704749191
161514,0.0
161582,0.3649386536246808
1616,2.5127702971403236
1617,0.0
161725,0.4283964836125933
161742,2.06817239683223
161753,0.5084854017746849
161779,0.7102427104826377
1618,0.0400434172142254
161823,1.358526694175922
161829,0.0388514046163894
161835,2.395181338032423
161882,1.0736874704750283
161931,0.0516758077965697
162,2.5155050572088924
1620,0.4451243998379983
162073,2.2321274555059927
162083,0.0
1621,0.8469991896224972
1622,2.736918057452556
162239,1.5144535864726816
162282,0.032865928486596
162333,0.1673630074226078
162387,0.5972051714247256
162394,1.941280338264009
162417,1.9800831514986588
162427,2.553754227608876
162461,0.5115355666274195
162466,0.5436412041404304
162494,0.6825914123261836
162514,0.1984148928985513
162515,0.7407303541407927
162517,0.3251318786124355
162540,0.0164900995891271
162605,0.0
162655,0.5634324151074938
162681,1.08036222007612
1627,2.51971225743682
1628,1.8643311903629811
1629,1.5689074721399632
162962,1.2039485250359905
162963,1.1253521223572684
162966,1.4722071466013975
162967,1.5747576958935534
162968,0.7920480809044497
162972,1.44231256627309
162979,1.3857923854879086
162989,2.235668536753576
162993,1.4377036799930407
162998,0.0207662015448037
163,2.682396940711004
1630,0.0352652184723042
163007,0.4631114318311066
163033,1.6879153021776048
163049,1.8921202347185593
163050,0.172283623174845
163051,0.2328734811183248
163059,1.2278374598437656
163071,0.2665021207842197
163081,1.1953919933355095
163087,1.205447076336138
163126,2.027382189115673
163131,1.2951148285464589
163154,1.1235405483883227
163175,1.41318976943973
163183,1.7698241908007957
1632,2.349042783840902
163223,0.3515837589493132
163227,1.233347839003325
163255,0.887462273257445
163259,0.6180120071734667
1633,2.1448540605119475
163351,0.1227655164757016
1634,2.9773390968210087
163404,0.1224059489718711
163479,0.0459782976541651
163486,1.1934186882846438
1635,2.5056229769588403
163589,1.139108656402401
163590,1.8103973342242208
1636,1.6996138631593882
163688,0.6773707320783453
163702,0.9809721066424464
163732,2.2885080025512416
163747,0.059471517423572
163778,0.0
163782,1.5609257615652503
163786,1.4274701768079774
1638,0.1338347400317799
163859,2.032801737420491
163882,1.993988623296723
1639,2.4013562414119995
163933,1.2555509589358005
164,2.0637077564972333
164045,0.1058773024419657
164091,1.6592979748510708
1641,0.1736357924850851
164118,0.2146270815596062
164127,0.2311461362475948
164153,0.4385503245729024
1642,2.461624228835913
164237,0.2539247744882158
164284,1.156099934889529
1643,2.031600792785128
164312,0.0598594062479726
164395,0.2260997077064084
1644,0.1106336771547726
1645,1.96530276684675
164592,0.1773426538726067
1646,2.2384401211196217
164633,0.1766699409861253
164656,1.1712403158965723
164668,1.127619057187297
164684,0.4568128859816396
1647,2.40420066897557
164714,0.0134224851965348
164781,0.0364623094604789
164832,1.7281314865787694
1649,1.9798227558939323
165,3.284920311285594
1650,2.7592547866572503
165055,1.0394706570312056
165082,0.2257832415899689
165100,0.0254249141756302
165140,1.055097227759622
165186,0.1027524940253784
1652,0.0238073990491231
165215,1.8912977204674164
165257,0.0906947274148189
1653,2.2019534078206964
165324,1.6881091266846724
1654,2.497726713114587
1655,2.9871562186357754
165530,0.6350273691969262
165545,1.5032223530330968
1656,2.3151822446492587
165631,1.1840154914564696
165679,2.498974936727593
1657,1.631391314244792
165721,0.0
165829,0.1153627921809967
1659,2.0475466760377667
165904,0.0805425329522405
165918,1.864166194917572
166,2.6804934910092806
1660,2.6146908794799035
166012,0.3506401217746132
1662,1.5645441734353798
1663,1.8278647957880112
166336,1.3370369679319662
166348,0.1593243036188781
166378,1.1161084298018624
166379,1.3661016802767938
1665,2.323311838532641
1666,2.213615887600578
166614,1.3874559965349595
166647,1.547485906921117
166655,0.0
1667,0.0
166752,0.041431969987866
166785,1.1033591172328188
166793,1.4833727402405112
1668,0.0
166815,1.3223908678448744
166824,1.0836260660807358
166863,0.0440046509270564
1669,0.0
166929,1.481267454382282
166968,1.8592872553191937
166979,0.2123770308163702
167,0.0
1670,0.0
1671,0.0
167127,0.2038012369269854
167153,2.206099999798513
1672,1.7781821917319882
167227,1.8874197136128668
1673,0.0
167359,0.2649973726362848
1674,0.7724288272598083
167410,0.0091091168566818
167465,0.9496889175355996
1675,3.0652488742415764
167555,0.7038273990073602
1676,1.813392425010189
167681,0.3945388599466234
167691,1.2588395222334243
1677,1.2844836710094127
1678,1.2411005539910378
167826,0.0
167838,0.8382259696546401
168002,0.1272468869287004
168090,0.016081724652309
168330,0.092934019355804
168374,2.588018998310627
168391,0.0
168400,0.0
168417,0.0
168433,0.1224059489718711
168448,0.022997480615535
168451,1.8742004571994837
168455,1.7954400930033665
168507,0.2727908060345824
168537,2.5986136456153885
168544,2.0334633056911646
168620,0.47589186766071
168667,0.6346618574904098
1687,1.3567670442615034
168850,1.6510020414746087
168975,0.0138321417599086
1690,1.1908766391132364
169026,0.6661100815489412
169044,1.072767174283305
169166,0.0668108416886656
169200,2.668760258964489
169270,0.897678960110022
169355,0.114818507485862
169436,0.5436412041404304
169522,0.109721115265514
169611,2.3845834501025553
169693,0.5006931816122143
169714,1.9038784609039097
169792,0.9516070179811278
169834,0.0623763134303502
169841,0.9119494733866296
169966,0.0113712320035829
169981,1.1004239530654198
170062,0.0
170067,0.0
170082,0.875362149087915
170261,0.2671032151864317
170302,0.0
170370,0.163439113617829
170371,1.972396704553926
170384,1.8619414449226288
170392,0.1918372189643938
170393,0.2049391623143697
170394,2.155490930729162
170425,0.052263005646635
170463,2.3523108830597206
170482,0.2408333758426099
170487,0.0
170503,0.0639214260144302
170506,1.8384988306023815
170511,0.0
170513,0.0
170523,0.0
170526,0.1954615941975408
170527,0.0
170529,0.1159067175904995
170535,0.0
170540,0.0
170547,0.0
170548,0.0710306629776471
170559,0.0727508259833435
170572,0.0
170575,1.837727270050894
170589,0.0
170591,0.5374802932623464
170622,2.528639840654526
170626,0.2240404280203549
170627,0.0
170679,0.3199553764071411
170680,0.1173554320033511
170685,1.3210657918583737
170689,2.030810022374734
170690,1.6157183005997648
170691,0.5860276746292484
170692,0.8130631807969592
170712,0.0
170825,0.0
170850,0.3663935269313085
170954,2.485332327541298
170958,1.1919247671622542
170959,1.3534792802419169
170960,1.5530485943169756
170961,0.7519013750732291
171017,1.699195529210148
171019,0.6977677994182612
171023,2.088308302155973
171024,1.829154126541034
171169,0.8213522497677307
171177,1.7726511759896142
171222,0.1033047896802982
171389,0.5430170793612656
171391,1.418051899597939
171392,1.3864688782682444
171420,0.0
171422,0.0
171425,0.7512086436451805
171482,0.0
171483,0.0051875911285856
171484,0.0304597993916931
171546,2.3645425733977117
171558,0.5594770983391394
171568,1.5905830067419209
171586,1.780842754051804
1716,2.4072118298453287
1717,2.0924803298344123
1718,2.91044194150589
1719,1.749208274501629
1723,1.2810938915169163
1725,1.1813921501376012
1727,2.793110731497601
1728,2.4579492365248043
1729,2.4055991529615612
173,0.0643072587180317
1730,1.4326248501359629
1731,1.7126389148216965
1733,1.3476822790207508
1734,2.011556962406235
1735,0.9453797163620904
1736,2.365070329605962
1737,1.986752092314496
1738,2.3292463331901296
1739,1.6902632063073018
174,0.2276801552682055
1740,0.2987521653592278
1741,2.001220853020862
1742,1.5123977410489189
1743,2.4924287647092327
1745,0.0962816618610842
1746,0.0
1747,0.8221131482665073
1748,1.072721121568806
1749,1.156856705241416
175,2.296698287079564
1750,0.0996158349795007
1755,0.2612228714096791
1756,1.1732544659316404
1757,1.4101953388223736
1758,0.2125379587842801
1759,1.7003820299708967
176,0.6332894739246437
1760,2.050369110997327
1761,0.0111658338983268
1762,1.913707345965428
1763,1.134656352931236
1767,0.1749857074436463
1768,0.1389614282421753
1769,0.0256268862991105
177,1.5812184692412103
1770,0.1200649205425508
1773,1.4481469605568846
1774,1.7527472386400955
1775,1.1453978453232398
1776,1.8727935465492789
1777,2.641206320003979
1778,2.21652593537333
178,1.8368465248730912
1780,0.9610534420549228
1781,2.3537605092126075
1783,2.206747662287984
1785,2.2129882989926974
1786,1.9279603835331136
1787,0.5764603137480255
1788,1.9042440568667935
1789,1.2844205065288914
1791,0.0
1793,2.211138531732567
1794,1.7741202352066825
1795,0.3299968365272935
1796,2.2774633055387525
1797,1.8147787261282535
1798,1.9436716754788492
18,2.2532701653283596
1800,1.1712015115586885
1801,1.5472229682257834
1802,2.0139472632721596
1803,1.151095853837536
1804,0.0290530521054448
1805,2.4380013671599556
1806,1.903703854469517
1807,0.1642937488756426
1808,2.4761872704755574
1809,2.668812100303632
181,0.4819167411393558
1810,1.9465341726422056
1811,1.63873828252192
1812,0.1258155061858682
1813,0.1155441405508978
1814,0.0113712320035829
1815,1.0136338903830164
1816,0.0
1819,1.6944448598035282
182,2.2211959169478677
1820,1.709299700298851
1821,0.3294423916660163
1822,2.659489092287115
1823,0.06565627325421
1824,1.8745134386551057
1825,1.231714445015927
1826,0.0332662841654657
1827,1.7864129291660908
1828,0.0754196057556881
1829,2.4471539859710525
183,1.6583672397624367
1830,0.7795504425641225
1831,2.9317927593411333
1832,2.549456094544228
1833,1.4272302510884318
1834,0.0082850342053478
1836,1.712350689132819
1837,1.3711890315672035
1838,1.3771278245930931
1839,1.3232136838818622
1840,1.8519386902758264
1841,2.216693824908546
1842,2.2846866259167884
1843,2.9360815684537935
1844,1.608700516993551
1845,2.449564135150217
1846,2.0547431316992193
1847,2.2322127672918017
1848,2.3106182954754715
1849,1.8578000807058976
185,2.6684314301513417
1850,1.527842345862205
1852,0.3820867135125049
1854,2.3252978760670326
1855,2.258135672582214
1856,2.0760358219238677
1857,2.410533923940636
1859,1.632300499855364
186,0.1295675712697485
1861,2.2226203353671106
1869,1.9196090231493403
187,2.5689182383807663
1870,1.0132267864836857
1871,2.0283130149874604
1874,2.2877865598787315
1875,1.0569923144075557
1876,1.6712979865853488
1877,2.080154943088782
1879,1.97105977142808
1880,2.1882956486093255
1889,2.6038011973271473
189,0.288733925393611
1890,2.6916356096234684
1891,2.591664327102961
1892,2.9554363824883576
1893,2.4686534703529004
1894,1.982071434486965
1896,0.424369349249134
19,1.8988595724256343
190,0.0181216355189445
1901,2.2533054226623173
1902,1.871156506303936
1903,1.9415904468137488
1906,2.32847223256998
1907,0.9097842933970656
1908,1.080089408963068
1909,2.2993556401474646
191,2.395071901541128
1910,1.806823258578375
1911,1.22794260361539
1912,2.5739631636873743
1915,3.313755710781668
1917,1.9861861240636252
192111,2.1677388400431115
192133,1.562965656434615
192134,0.0538268611423806
192217,0.4037764883971546
192286,2.749470945496812
192666,0.542184067933255
192668,1.942632436420907
192669,1.3398609230875145
192670,1.9382801416609496
192683,1.7553914945539375
1933,2.971820882769094
1934,0.4453623642063073
1936,2.121339743800101
193629,0.1527663152168473
1937,0.0
1938,3.3629976955198457
1939,2.039658542334823
1942,2.744667031868252
1943,0.1756598215993468
1944,1.2037288853437047
1945,2.003096468110946
1946,1.409301012386643
1947,2.325519223404326
1948,1.7552964865682124
1949,1.677832124578585
1950,0.6786582068904552
1951,1.512316941594574
1952,2.6707390149510584
1953,2.085094617505259
1954,2.0186955586250432
1955,2.3158350880265535
1956,1.7082030418090264
1958,2.819818779221345
195814,1.828614892026941
195827,1.89535118031006
195828,1.393595593124633
1959,1.6220549078890034
195977,0.0677717653179942
196,2.0313613407966375
1960,1.7156539590889537
196047,0.6563469212798311
196051,1.7119048785864404
196074,1.1860222146685446
1961,0.1010933910344035
196120,0.0
196188,0.0
1962,1.6722024445400772
196264,1.287224151804106
196294,0.9618849108422678
196335,0.0310619747051902
196374,0.0111658338983268
196383,1.9766358711482424
196385,0.285659199945487
196394,1.1129366340858962
1964,2.421035270902144
196403,2.2499781603673967
196410,1.2211725815203691
196415,0.0134224851965348
196441,1.9492276910145212
196446,0.1731289935300493
196463,2.50491387211705
196469,0.0
196472,0.0382547653609949
196475,0.0348658102965977
196477,0.0
196483,1.5127208041922948
1965,2.24128549315017
196500,0.4363861227043569
196513,1.5882981266975196
196527,2.336459037349113
196528,1.6474256545986368
196541,0.032865928486596
1967,2.413168762375014
196740,1.8132576891617251
196743,0.4848543393753593
196792,1.160190366213124
1968,2.767609217292785
196872,0.8544718285820483
196883,1.9864557365055615
1969,1.8589531103863868
196951,0.5952739391477675
196993,1.498485774204486
196996,0.8748529321683571
197,0.8645820320125128
197003,0.0148554188895284
197021,0.097765173807287
197131,1.7552133374346386
197135,0.9513253183457548
197187,0.5639379237582378
197196,0.1292109697369215
197257,1.9065215150298644
197258,1.610296627337058
197259,1.6177593826656578
1973,0.8763158317104184
197320,0.7888549597865797
197322,1.222306712195636
197331,0.2081815070382738
197335,2.171865248673883
197342,1.3742601749297416
197358,1.4346625527703225
197370,2.4445979637063675
1974,2.818259813466565
197407,2.152212959059514
1975,2.7589516141789963
1977,1.4314839238397132
1978,2.466325447146472
1979,2.494654789074134
1981,2.7296516285688885
1982,2.925968191418455
1983,2.5341255427593845
1984,2.793219955811929
198437,0.2516302132284079
1986,0.0668108416886656
199,2.70859460857772
1990,0.0374585887741673
1991,0.4900229287577378
1992,2.5994649414016093
199221,1.2011599883741555
199223,1.1997973338528785
1993,0.2597079930570676
1994,2.2406937117972805
1995,0.0300581105554705
1996,0.1215063417494183
199675,0.4001202900220116
199692,2.000390057676626
199699,0.3742806288380695
1997,2.465446507988119
199704,0.8519026075464435
199713,0.0453866897349848
199720,0.557440193590674
199731,2.288663626584492
199745,1.6953445942288263
199746,0.9929342901496732
199777,1.0627350443277588
199786,0.4557578885791677
1998,1.886986520035261
199800,0.8891454528089958
199834,0.0
199857,1.1056704798745078
199870,1.680684023823628
199899,0.0846935889461878
1999,1.949435261431401
199920,0.9970790413412336
199953,1.474744293450387
199964,1.2072327383154475
199974,0.0773206608342586
199990,1.6268498483956284
2,3.0814054988697417
20,2.149862071428973
2000,2.0807636028173953
200008,0.0111658338983268
200010,0.4554058880638007
200014,1.9440400214076157
200030,1.5274705185542925
200035,1.5702157979722824
200081,2.4550952791120135
2001,1.1618104083702443
200132,0.7339685787915605
200149,0.0
200150,0.0150599263207783
200159,0.2906312808724575
200162,0.6649737859089059
200172,0.2531606609068825
200185,1.1586053556256368
200186,2.4062970228329648
200197,0.2253083066279462
2002,2.2217417682493914
200205,1.0590699118387337
200232,0.4804435149992831
200261,0.0372594270725486
200298,0.7403390931984822
200312,1.2130597499083189
200315,0.655460523435464
200316,1.2907628327791425
200350,0.4064130368376639
200373,0.0893856781967923
2004,2.5568911547274427
200403,0.3371685424643607
200407,0.0788383885327216
200424,1.5390947493085827
2005,1.9332697565009256
200504,0.0
200523,0.0
200539,0.4665875346150472
200558,0.6438326061081943
200576,1.7453121184050435
2006,2.6215946914362225
200634,2.052276684519607
200726,0.0
200728,0.9340100450788668
200734,2.293823544828281
200765,0.879358022133222
200772,0.1503368413657982
200844,0.8824486102931348
200845,2.3016926628190104
200879,1.4963819995347447
200894,1.6031955703111491
200895,1.5129831344626532
2009,1.586278849652862
200909,0.0
200916,2.1559719301411513
200931,1.039178264651253
200933,1.7065861297951517
200942,2.475987981873814
200958,0.4831610087974954
200959,0.0
2010,2.68033164198432
2011,1.935510414598828
201134,1.2806169746647127
201140,0.0
201158,0.613032903302933
201161,1.7433264224960323
201163,1.69830356718654
201164,1.1484762021249006
201176,1.7106831490874257
201181,0.668986110442428
201191,0.7597783432842221
2012,2.692684221740695
201229,1.2024092210218351
201232,1.180247728136545
201243,0.0
201254,2.526534527508612
201255,2.252647743910623
201266,2.172502966015385
201292,2.2421414046242605
201294,1.844091003351001
201299,0.7138349358068095
2013,2.40388167312608
201305,0.833760175571216
2014,2.5686150656260076
201456,0.3287487745066965
201475,2.2871474846094615
201477,0.0138321417599086
2015,0.5909092241391393
201501,1.5885563792589152
201514,1.529580246855509
201516,0.0473570995805846
201562,2.307896652973588
201595,2.610947358195806
2016,0.1463297841307743
201617,0.0326656794165476
201625,0.0506962311574882
201626,1.6760582047071493
201627,2.0911017410629036
201633,1.2287130442004792
2017,2.645745690815204
201725,1.55562119176214
201780,0.041828279182458
201798,0.481463755983178
201799,1.0610462744462537
2018,0.7601583537089788
201853,1.4939125846673875
201895,2.410838267244145
2019,1.057370603456775
201931,1.6409103234112443
201965,1.8240535384376877
201973,1.7009068523368285
202,1.9200802781477624
2020,0.0818655711838594
202018,1.782562707927574
202020,0.9805424231288532
202051,1.224426937398415
202052,1.32541135306002
2021,1.2147851958850862
202122,0.0
202151,0.6661100815489412
2022,2.8864530158038924
202243,1.5972192828253728
202299,0.3700843501038117
2023,2.928000899302902
202309,1.4831154343965762
202333,1.2239682472003683
202374,0.7863038387661465
2025,0.0
202500,0.1207859468404668
202559,0.2011941885601803
2026,1.905752766313384
202658,0.0
2027,1.489338549649373
202781,1.732584381011555
202789,0.0
2028,1.297893935540531
202865,0.0610219959658159
2029,2.668447402077119
202915,1.4021396171500813
203,1.4517019944972904
2030,2.7465151596089954
203054,1.767752237138547
203062,1.7122065056150442
203068,3.047986119644956
203069,2.2915894362045113
203074,0.0115765804481612
203076,0.0
203100,1.1632684249153653
203102,0.3792337972640885
203111,0.1503368413657982
203190,0.0623763134303502
203197,2.1925012607742653
203228,1.5740126241483958
203238,0.4877802009998662
203245,1.645968949394134
203259,2.111424559613461
203260,1.673691547818147
203286,1.4530029778896374
2033,2.035885057434448
203328,2.671555628862319
2034,2.715666838185537
203413,0.0
203427,2.082505285806572
203430,0.0660413065929845
203447,0.4214268337653372
2035,1.7714631383985822
203510,0.0
203522,1.403826350625497
203523,1.529092706422947
203547,2.212142482714897
203562,0.2178304945613746
203569,0.0
2036,2.207478494584757
203611,0.0
2037,2.2848673845090888
2038,0.3885309400974964
203859,0.7383008376489455
2039,2.163309257566526
204,2.233108948237299
2040,2.922501446938202
2041,1.7162778803545442
2042,1.2482385800547244
204219,0.1898533880244812
2043,1.3720721869921868
2044,0.0538268611423806
204474,0.015877463426456
2045,0.1675331818740776
2046,0.3049308778565532
2047,0.6562583327523248
204777,0.0
2048,1.346812759242401
204801,0.0
204851,2.1520366458548605
2049,1.9538130224318273
204962,1.2146775130505425
205,1.8414836135355872
2050,2.366707118360468
2051,1.326638057757784
205147,0.0442022240997431
2052,2.881454259992186
205251,1.915318227615681
2053,2.036989829243
205327,1.822707788608892
2054,2.075812707850235
205428,1.6977485658192266
2055,1.4913040893908809
205564,1.8859797223138937
2056,0.140897664497433
205655,0.0
2057,1.8148097103700591
205717,1.3645303991189277
2058,2.5248426415191543
205860,0.0350655380227658
2059,2.0929370135557592
2060,2.333327788132938
2063,2.5352089594412157
206338,0.8822598232030635
206358,1.6751187381748192
2064,2.6375093999096575
206412,0.3896850958985421
2065,2.606790743540779
2066,0.989873166026414
2067,2.1250663038962685
2068,1.769916045796006
2069,0.8564411612968198
207,2.3325659814066175
2070,0.1313482575810238
207032,0.3855734063166763
207063,1.0622359526770078
2071,2.0916721216756557
207107,0.3640113771999735
207147,0.0
2072,1.209882394883924
2073,0.5988425652757485
2074,1.01317587911182
2077,2.4326465710122847
2078,1.903604045257535
2079,2.800092098979956
208,2.2697616257530773
2081,1.7027857283899233
2086,1.7761843224650211
2091,2.7282166465312847
2098,2.5107092624330316
2099,2.412384778075836
21,2.4288916460186796
210,2.3578329662493203
2100,0.1431800483883791
2101,2.1512658567064
2103,0.1716066910730517
2104,0.1603549607351917
2107,2.5105095307695615
2108,2.339111435853926
2109,1.5166409115313932
211,2.432053866939514
2110,1.9629472571105593
2113,2.4936400338315137
2114,2.329972902775454
2115,1.3915143200836546
2116,0.4354222316688882
2117,2.009468910962671
2118,1.519973057296051
2119,1.9152051115541335
212,0.1759966682054657
2120,2.1098549216588816
2121,2.053396231286156
2122,1.4899100037193276
2123,1.6628701129434955
2124,2.2226343740425394
2125,2.0937879622097992
2128,0.0213753154909553
213,1.945262859201757
2130,2.4912861203861008
2131,1.9422854128156144
2132,2.127972976326078
2134,0.5678686264809095
2135,1.8060119928472231
2137,1.6916111058865304
2138,0.2036385443040874
2139,2.3170206382856637
214,2.340148081887803
2140,1.7249083179478726
2145,2.153731625865253
2146,1.8174966140909168
2147,0.4677426020865176
2149,2.6582608460144237
215,2.0200431222475994
2150,1.870037386189913
2151,2.2414648172591862
2152,2.18447787014671
2153,0.5724771005409004
2155,0.7280154610836116
2157,1.4263415310452137
2158,0.1389614282421753
2159,1.1230339718762428
216,2.5129503467213925
2160,0.0530452976713926
2161,0.75924596290632
2162,2.742655805889157
2165,0.1173554320033511
2166,2.3169123194317525
2167,3.207454771238136
2168,1.3038965566176686
2169,0.1216863419358079
217,2.4494932684512825
2170,2.0402028803873917
2171,2.149571982060831
2172,0.1527663152168473
2173,0.5579499648335893
2175,0.7917584385786011
2176,1.2348725790448607
2177,1.1536234254566236
2178,1.3370941683595434
218,0.2634897422815651
2180,2.882478649174202
2181,2.4412181527197947
2182,2.077255242385927
2184,2.1459584960948157
2185,2.003386688032819
2186,2.018398202150125
2187,0.4711969736957428
2188,1.8631104853479723
2189,0.4876678838918387
219,2.341700448556277
2191,2.2081455349019334
2192,2.753882436097763
219285,2.029018667498617
219287,1.281824342975973
219293,0.9637654138198456
2193,2.520659497154937
219333,2.0570535903251854
219348,2.510755659351886
2194,2.8985826212410184
219402,2.4573890307827595
219409,0.0
219417,0.0
219428,0.0
219429,0.0
219431,0.0
219432,0.0
219436,0.0
219437,0.0
219438,0.0
219447,0.0
219453,0.0
219464,0.0175101773978301
219469,0.0
219473,0.0
219477,0.0
219479,0.0
219482,0.0
219484,0.0
219487,0.0
219493,0.0
2195,1.9980371853311305
219525,0.1806978483933106
219527,0.4414261667561673
219537,0.4217952819427735
219539,0.5906172807428398
219541,1.9519617596888188
219557,0.0
219578,0.0
2196,0.5803225322003845
219621,0.6298926356634209
219623,0.8049511078594566
219654,2.486068815608315
219670,0.2846315983898154
219681,0.3335910383015798
219699,2.462645199184331
2197,2.9744473411641663
219731,0.2884416150412991
219736,0.8460006705485836
219738,1.858516455881028
219743,2.0131940549060663
219749,1.989970325296391
219770,0.0
219771,2.3287194340891726
219790,0.7487397466009988
219793,0.118620969890508
219833,0.943556283723719
219844,1.42262561059651
219854,1.6475165440093793
219855,1.969387383966063
219858,0.0
219865,0.0
219869,0.0
219870,0.0
219873,0.0
219874,0.0
219875,0.0
219899,1.561509485806135
2199,2.87045244345424
219902,1.450030845711055
219927,1.9047918271355824
219931,1.345238334322443
219938,0.0
219952,0.0
219954,0.0
219956,0.0
219957,0.0
219958,0.0
219959,0.0
219960,0.0
219965,0.0
219968,0.0
219970,1.2676756748717062
219972,2.444942124762366
219981,0.0
219982,0.0
219983,0.0
219986,0.0
219988,2.2234266207328375
219990,0.0
219995,1.5518593923028547
22,1.7899329466897462
220,1.387948844067789
2200,2.6912130873376294
220001,0.5019059032972142
220002,1.6729619310024122
220004,1.200423832804852
220032,0.1171744819931155
220042,0.982794887469556
220047,0.0596654842894622
220064,1.6270399759625689
220070,0.0625696085978943
220074,0.0901339590533384
220081,0.1261735853154376
220082,0.0973945447953161
2201,0.9572141238019048
220107,0.2168708182832729
220108,0.8775217767216155
220112,0.258493991100522
220134,1.25807728688578
220136,1.1125926906482917
220158,0.1423029624369139
220164,0.5518085769055642
2202,2.7726027627305156
220202,0.0908815660467812
220213,2.0440665103080806
220296,1.0414648342788426
2203,2.20347480892246
220323,2.401281353295861
220359,0.854603306097214
220382,0.2333439246723052
220388,0.7383008376489455
2204,0.2689037468752279
220416,0.2264160481716871
220429,0.0150599263207783
220433,0.8217673960085015
220441,1.3980634485605363
2205,1.8075594194320976
2206,1.610707105802517
2207,2.834804902114589
220717,1.7941296587482718
2208,0.2649973726362848
220869,1.097738665284144
220885,0.3414123933619201
2209,1.6946631444465832
220929,1.737202894867636
220930,1.2563832855057837
220963,1.0625007820528396
220965,0.858600448533929
220972,2.0442806337967827
220974,0.0187326529005272
220979,0.9764452532699144
220980,0.3024939935382192
220988,2.6701247096863185
220992,1.1410763726503976
221,1.6831121353033174
221002,0.9064618682502084
221035,2.2563872735511574
221037,1.9194731342615683
221044,0.0408371562480633
221060,0.1001702276495741
221061,2.1035713829652796
221074,0.0380557917082188
221078,1.6384293532553085
221079,1.6578641417926931
221091,1.8601584644394875
221092,2.2675116808316886
221120,1.8478379799747635
221122,0.1644645680444395
221143,1.7805404877640054
221150,1.3709747056643788
221154,2.260876000493298
221178,1.088366997839075
221184,1.947689737332729
221188,0.6784866835292029
221191,0.0171022935190702
2212,2.446089419003534
221223,0.0113712320035829
221241,0.0
221262,0.6284185818261795
221264,0.8577506903823975
221294,1.8077275042243937
2213,1.7194616638649134
221301,0.0187326529005272
221302,1.734656932502939
221303,1.3129849466506909
221322,1.0663309686000255
221336,0.7533614447821753
221357,0.0
221391,0.0
221393,0.1563969960933261
221395,2.183794914023066
2214,2.9517497830365285
221400,0.4983723643924316
221409,0.0156731530012164
221416,0.0193432301006561
221421,0.4763483043873615
221424,0.9819377878369476
221443,1.8490192136576775
221458,0.1639520026951061
221468,0.0729417365234151
221472,1.4908187223374196
221476,1.4889995952454749
221477,2.4411257521705267
221481,0.4142676309860906
221491,2.2181193427948966
221496,2.1452094327520115
2215,3.1972539608931374
221504,2.0099191270832444
221527,1.6356861888160688
221545,1.8531176671090903
221613,0.0
221656,2.0362103279797212
221662,0.7532079040075834
221687,0.1971036549237277
221692,0.5610009710141508
2217,2.8077884688490538
221710,1.6943083774839998
221711,0.3230374741364185
221749,2.376195181082923
221785,1.549546821849726
221786,1.635452959068387
2218,1.188849680014489
221806,0.1800279227715205
221823,0.0
221830,1.8933252729089525
221833,0.0
221883,0.1393138122542398
221895,1.9857205985276216
2219,1.2755033754752638
221908,1.928202912810135
221914,0.980327467687446
221927,2.282030911235965
221935,0.7947933186617557
221937,1.8867610760433948
221938,0.0146508621545966
221955,1.9027129812081345
221960,1.0294974698195285
221981,0.9815624270589148
222,1.3695794159764347
2220,0.8031741781072097
222008,0.0240097576149657
222052,0.1954615941975408
222068,2.524909596936922
222166,2.190884423553873
222171,2.247815374217541
222183,1.1584863007788482
222194,1.8551001514022805
2222,2.4471417908975184
222223,1.647925321759322
222229,1.5597012549226963
222234,1.3808215446303966
222235,0.3674498744608463
222236,1.4611420180054415
222255,1.175608068204416
222256,0.402895581892084
222389,1.294371284056108
2224,2.1691142539041035
222484,1.898994225658092
222487,0.3217781008465626
222537,0.1898533880244812
222545,0.0
222546,0.0089031710875008
222553,0.1959545645915504
222584,1.1526618672533475
222642,0.3954295817838556
222643,1.254850818022058
222658,2.4409035200508056
222659,0.0173062599854029
222662,0.3040716729452808
222663,0.8813780721043998
222696,0.318409708905874
222698,0.8524964198884573
2227,0.0691152046135907
222701,0.0
2228,0.0
222826,0.1961188209270054
222865,1.0788146062699004
222894,0.0
2229,0.0
222901,0.7572648043420133
222950,0.6135041463419842
222962,1.9011676780440472
222967,0.0215782561623971
223,2.675741436147498
2230,1.8655848144086824
223075,0.1843725398343365
223082,1.8576696963208643
223117,0.6620808797648947
2232,2.052531422804191
2235,1.8808462739649163
2237,2.3280615095577875
2239,1.8740841456780075
224,2.0141039938151493
2241,1.3128352409657955
2242,2.010685171312607
2243,1.330851280398325
2244,0.8761887567564945
2245,1.49588075625017
2246,1.8842117826398612
2247,1.449089792587546
2248,0.0442022240997431
2249,0.0
225,1.079543404894137
2250,0.0060146795562324
2251,0.0
2252,1.7479899526498062
2253,0.0252228938178094
2254,0.1508580527907702
2255,1.4527065614161505
2256,0.1324148165236816
225689,1.7225713343105225
2257,0.7008458675783746
2258,0.6679416750088943
2259,0.3341425069771574
226,1.640864217223274
2260,2.3240906648790443
2261,2.595266754464995
2262,0.1508580527907702
2263,1.7864129291660908
2264,1.033644556906195
2266,0.9314548834905104
2267,0.043016088629042
2268,1.9897031653805288
2271,2.5147336476811044
2272,0.8139738715899862
2273,2.6666381075680277
2274,2.202958509668096
2275,2.269007219599444
2277,0.9709574218306416
22794,2.4607979463460787
22795,2.040261364297842
22796,1.6397100461564922
22797,1.3167139037343216
22798,0.0792173887819751
2280,2.668607068774274
22800,1.7670246840399593
22801,2.430714208430936
22802,0.9621618170462166
22803,2.635559337809054
22806,1.5966275619486192
22807,0.8775851840819676
22808,2.326518540007791
22809,2.1354693904887063
2281,0.9677287211437772
22818,2.666832605397672
22820,2.7587570095913447
22821,2.478238792004156
22822,1.9817782772010857
22823,1.834744773653094
22824,0.6135041463419842
22826,2.5227795326746745
22827,2.5100208774769808
22828,2.102510978099726
22829,0.0
22832,1.481869885729468
22834,2.0419417938153797
22835,1.309982772360318
22836,1.9688165634106236
22837,1.4798661001710665
22838,2.3087187912389755
22839,2.1171142741136073
22841,1.7381800656580917
22843,0.5871045130464247
22844,0.076560759028747
22845,2.231498899321996
22846,2.0742097518788496
22847,1.4374921056102996
22848,1.388751947950364
22849,1.080271297170454
22850,2.0004550286212304
22852,0.8909483308238113
22853,1.655280677041006
22854,0.1393138122542398
22856,2.137213773110764
22858,1.863505547513819
22859,2.1163449689100697
2286,0.2279958687871773
22861,1.7325968957648568
22862,2.154458615264929
22863,2.06001034405653
22864,2.03690723157466
22865,0.1099037083863086
22866,0.1162691351325153
22868,1.7716118233724865
22869,1.5411540729329296
2287,2.296217157227845
22870,2.310871444154823
22871,0.1801954562545614
22872,2.534358880301921
22873,1.2622070214972323
22874,2.114662931387438
22875,1.9024711369608192
22876,1.8597230910812
22877,2.1473124261469794
22878,1.896902022161166
22879,1.8882328644153512
2288,2.448944784806507
22880,1.826782280689764
22881,1.3415083169396886
22882,2.193064035581466
22883,2.6899627945103535
22884,1.884952991851311
22885,2.109336652986386
22887,2.2112437764784305
22888,1.6296305261756734
22889,2.2742102736251737
2289,2.0362339730297605
22890,1.991010478069177
22891,0.8193419550313751
22893,1.9992512756359924
22894,1.8560550939256573
22895,0.041431969987866
22897,1.4492735522109617
22898,1.5317195684744662
22899,2.0672761589913415
229,0.288587783888642
2290,0.0205630661837875
22900,1.7487744139285246
22901,1.418149644757002
22902,1.896385737752249
22903,1.847475311203942
22904,2.447863934436945
22905,1.4309839531789663
22906,2.152780004965784
22907,2.2855167138733554
22908,2.02062886596756
22909,1.250563690855766
22911,1.8725421215129077
22913,2.4071184847452445
22914,0.2378772436632628
22915,2.049171899606786
22916,2.3891927819841685
22917,0.2445517554898116
22918,2.641349443897511
22919,2.771340545872353
22920,2.1768385213017045
22921,2.3390744386975624
22924,1.9691267428345007
22925,1.532262605197611
22926,2.301770184131368
22927,1.764602193256105
22928,2.7933881264189235
22929,2.3553582731710936
22930,2.213316664132889
22931,2.3587223934774375
22932,1.7100512532108096
22933,2.161613773639327
22934,2.2783682165211774
22936,1.9938828939890072
22937,2.34905951890494
22938,2.5296110295228806
2294,0.3355194528853651
22941,1.2536819088497952
22943,0.2155894543456707
22944,1.4721632880695288
22945,0.0
22947,0.0
22948,2.48993986300548
22949,2.1363201690466913
2295,1.2939370714353613
22950,1.943882201090557
22953,0.053631538511365
22954,2.012722540071241
22955,2.1152689883083857
2296,1.7024105898629784
2297,0.0614091674392234
22970,1.3733274121433747
22974,2.20883686137763
22976,1.3218023557348844
22977,1.7345697342311877
22978,1.49378668707406
22979,0.9914584344178234
2298,0.982473616482372
22980,2.2315570213356373
22981,1.8340056546607617
22982,2.0221414329271448
22983,0.265147976990959
22984,2.048771973374748
22985,2.4831673915946184
22986,0.0064279224007442
22987,0.073704942137793
22989,0.0639214260144302
2299,1.9273730050127944
22990,1.7832420743024744
22992,2.3106398477219177
22993,2.263653058892368
22994,2.0934285774462595
22995,0.9962418854113786
22996,1.971732313708492
22997,0.7171651213374751
22998,2.0296628529328116
22999,0.2170308444044319
23,2.434895264290767
230,2.275361172524551
2300,0.5473745926216265
23001,1.708083963281412
23002,1.8938625334831256
23005,1.5264710328902598
23007,0.1939808677093617
23008,2.1977185407677
2301,0.2165506698612004
23011,1.8194009599869632
23012,1.9941603712898803
23013,1.9602243065939775
23014,2.1706107987684957
23015,1.636602407033723
23016,1.8596118578591576
23017,0.6200684376636297
23019,2.160288456703069
2302,0.8808105834504033
23020,2.6029377339003066
23022,2.574312440151486
23023,1.9184244327191993
23024,2.028156023734653
23025,0.2534663950395903
23026,0.5055319918632792
23028,2.255831067178206
23029,0.4606683767133134
2303,0.8076428062805044
23030,2.350925922793041
23031,1.7733464756496244
23032,2.2790630772138822
23033,1.4348989591988046
23034,1.5075053823680689
23035,1.021115968806747
23036,1.584667547290886
23037,1.6780586806107651
23038,2.2736559367600098
23039,2.2287593165217308
2304,0.1077099208929781
23040,0.0010400494263418
23041,1.8044271065085604
23042,2.470010943894742
23043,1.0886671892302835
23046,1.3230668465142688
23047,1.645619253694365
23048,2.2806669523996113
23049,1.9900304106964233
2305,1.5252531706017982
23051,1.6871391611853832
23052,2.099350907613142
23053,2.0333739725697884
23054,1.9329143981028245
23057,1.0972089472699975
23059,1.6801770922028971
2306,1.0643722776718032
23060,1.9257551837115447
23061,2.4495727762908635
23062,2.546507889711924
23063,2.1953668267609596
23064,2.134218803667966
23065,1.9267062563698736
23066,0.8754893895532687
23067,2.1371868630125386
2307,1.95598368742844
23070,2.2788672386812725
23071,2.285024738669567
23072,0.2052639875348877
23074,1.8404360418737225
23075,2.2568474308646636
23076,2.1112703130237556
23077,1.976891514244694
23078,1.6434695782683657
2308,2.151403774799313
23080,1.7198741252291605
23081,1.5844245049733845
23082,2.089999197603966
23085,1.8179376361861712
23086,0.6466232257121971
23087,1.9802406741388427
23089,2.3076058300391145
2309,2.2424560193103407
23090,1.5033046799830438
23091,2.1621784506509623
23092,1.1933067827858883
23093,1.3408840534653714
23094,1.92231710549527
23095,1.5667669180971089
23096,1.4724263808167246
23097,1.7895493617646685
23098,0.9191724552572812
23099,1.5434129189183168
231,2.467675633684368
2310,0.6857387228543912
23101,0.0714132279076869
23102,2.227716737334404
23105,0.5072836091381951
23107,2.1689298103441037
23108,1.298448024462579
23109,0.0463724718392014
2311,0.0
23111,2.068313424046273
23112,1.3294893063680728
23113,1.69211894803938
23114,0.8602314304136287
23116,1.4835656311812664
23117,0.6940053052859837
23118,2.392773106609899
23119,1.0468784771737574
2312,0.0683477895576427
23120,0.085634128532859
23122,1.7656122580965483
23125,2.118529861696098
23126,2.2927866470498137
23127,0.2551458206572647
23129,2.6842416577906687
2313,1.9389657415825856
23130,1.93633877735495
23131,2.0444310256169
23132,1.5654128298004677
23133,1.861858472870055
23135,2.1656055429281493
23136,1.9234980981017284
23137,2.001006836291771
23138,2.092647846951945
23139,2.1148777925512916
2314,2.617066529572215
23140,1.8760836528283311
23141,2.0121244467077335
23142,1.8880340529290007
23143,1.8453213798732784
23144,2.071773353205576
23145,0.4179792089390181
23148,1.4831368817003276
23149,1.4885331495956915
2315,0.2591012256984977
23150,1.591353564258938
23151,2.169183907323121
23152,2.283743325241394
23154,2.078560304288974
23155,1.4554813950741392
23157,2.091376857313598
23158,2.970886073575212
2316,3.0385792356106576
23160,2.1507481843713965
23161,1.495420830736371
23162,2.315959668801823
23163,2.2035972698711945
23164,2.238483665958096
23165,2.1139314441434425
23166,2.5344068206868533
23167,2.2987610814217416
23168,2.378612359464426
23169,1.950626664567469
2317,2.802290838560228
23170,2.3797510921686698
23171,2.336424219666138
23172,2.090224060019437
23173,2.139689751416867
23174,1.956231414428444
23175,1.6134234849664832
23176,2.3083147649721334
23177,1.9538130224318273
23178,1.5182799262927515
23179,2.1692945048889665
2318,1.4645611041090396
23180,2.3269696568788016
23181,1.7485693842156464
23184,2.160229624516952
23185,2.0480395689573063
23186,1.980897467145733
23187,2.116668087305882
23189,1.915019208407443
2319,2.6592858765620395
23190,2.5789568866883346
23191,2.412562422227774
23192,2.1780988076309904
23193,2.8634398717487617
23194,1.932721134575768
23195,1.6176462257374198
23196,2.579199332830413
23197,2.307192251229831
23198,2.0084714677633504
23199,2.118676310201482
23200,1.8968258906460624
23201,2.329172568349307
23203,2.0282103742602544
23204,2.929155543302668
23205,0.0561671921294347
23207,2.4767938027990652
23208,1.9473844023742617
23209,0.2805076438649699
2321,1.8996752170104927
23210,1.8273339126848311
23211,2.117232847795864
23212,2.1188793497998804
23213,2.738934418084121
23214,2.523368379586832
23215,2.2801617729129373
23216,2.1493423398601657
23217,0.068923416931643
23218,2.2645157799355458
23219,2.049268959858256
2322,1.4608952904428132
23220,1.8260791468258517
23221,1.7663422053727742
23223,1.827464191876061
23224,1.8042894687308015
23225,2.355964723999004
23228,1.6275782437137396
23229,1.3625731900831777
2323,0.3738882100795494
23230,1.3282692330277752
23231,1.9502348629837083
23232,1.6227909328604575
23233,1.6531763226800795
23234,1.6665885135228515
23235,2.1617728114582255
23236,0.9369586068001508
23237,0.2939768848140943
23239,1.5299114921459154
2324,1.793304499467307
23240,1.9698096738221351
23241,2.14610724431947
23242,1.1629141181530591
23243,1.9711439029881104
23244,2.2547605531205313
23245,1.1527019647132462
23246,2.2130424467974645
23247,2.074273790900925
23248,2.0841452420239936
23250,1.708639388726689
23251,0.4606683767133134
23252,1.4235692469539976
23253,1.819247704339505
23254,1.1533831885701311
23255,1.0230220809761257
23256,1.381294533582759
23258,2.2523200273005117
23259,1.951608144166841
2326,1.8663150854364825
23261,1.4040022545496165
23262,1.6032122499050845
23263,1.835659458755167
23264,2.2536898073613276
23265,2.0887907488361277
23266,1.328181976617098
23268,1.7319080512748677
23269,1.623334195805331
2327,2.2235211465413287
23270,2.278638613676043
23271,2.007917617186851
23272,2.13686378320995
23274,1.6895601322094826
23275,1.9890210660956151
23276,1.6223590608746812
23277,2.279128330951538
23279,2.012307122415401
2328,1.7883525450921578
23281,0.0503040803202519
23283,2.2566063238950425
23284,0.5287229421774463
23286,1.5559164260722944
23287,1.7000587534206222
23288,2.0468003675292317
2329,1.451359064927392
23291,2.2262718704769107
23293,1.6201453669474988
23294,1.978703800832955
23295,2.3067317993623155
23299,2.1292134726632073
2330,1.2628648693055664
23300,2.1141706555351845
23301,1.9543257125953433
23302,1.0599648007442704
23303,1.7854508653597376
23304,2.046903791585508
23305,0.1560519136043738
23306,1.9823235079783148
23307,2.025416295237058
23308,0.0455839386189831
23309,2.160964320991003
2331,2.926050059986405
23310,1.454027674189566
23312,1.4443809158793497
23313,2.367091279556322
23314,0.798603087377548
23315,1.840338910355859
23316,0.2093132354086442
23317,2.0757914518306566
23318,1.4365742503206067
2332,2.1073877208621163
23321,1.189488589918432
23322,0.8885848909704107
23324,2.2764213831057716
23325,2.1114486546926874
23326,2.5051017016432984
23327,1.2161473662964049
23328,1.9317844028081217
23329,0.5313719199305579
23331,1.5855172039022247
23332,1.957409609653604
23333,1.8075909404422912
23334,1.3898380204127216
23335,1.4955463079361124
23336,2.146954792485711
23338,2.044656499961713
23339,2.3333754980291936
2334,0.2723432796002477
23341,1.592259482495333
23344,2.646502411032793
23345,1.3863908669148106
23347,1.8692594165986824
23348,1.9872096485047015
23349,0.2882954188426201
2335,3.2431940045644
23350,2.102669002309247
23351,2.186323756174374
23352,1.95613671381225
23353,2.2803923014944134
23354,1.7843756494946896
23355,1.8032185963549936
23357,1.857893187076615
23358,2.069223380527401
23359,0.5023463926957693
23360,2.1972691289660307
23361,2.203508211685474
23362,1.3733540859230846
23363,2.123834619872193
23365,1.9634910021175889
23366,1.1865888518935936
23367,2.5032136278185018
23368,1.8257371966248543
23369,2.494411091233563
23370,1.9897165277870108
23371,2.5419722435194245
23373,1.8215711547382396
23376,2.174493918029868
23378,1.6642443860182812
23379,1.95558991583341
23380,1.709299700298851
23381,2.4968434478653143
23382,1.7790259365226648
23383,2.072744488899529
23384,1.8865181497366157
23385,2.66496699898475
23386,2.2757119567942463
23387,1.8057482586170013
23389,2.041528221164181
2339,1.8658953388927988
23390,1.9947411021637584
23392,2.425778535322347
23394,2.359780410146781
23395,1.369660015939772
23396,2.2724900141921447
23397,1.4554587133268446
23398,2.077144071633647
23399,2.4143293611624
23400,2.2457828289021218
23401,2.030474041484677
23403,2.0336180994978763
23404,1.9594809997406848
23405,1.9476971815619193
23406,2.561554311570268
23408,1.657982568106196
23409,1.0234225961451149
23410,1.937799511866987
23411,1.9811434768190057
23412,1.9445581285455609
23413,1.784941307685746
23414,1.2981710519451293
23415,0.2477910822028433
23416,0.3613557864860852
23417,1.0138881904183985
23418,0.0142416006900836
2342,1.4795421428221935
23420,2.0576233849226684
23421,1.4046048926072678
23423,1.7966494544768512
23424,1.917011131890191
23426,1.0884430653735455
23428,2.3751931376461553
23429,2.042877923807733
23430,2.467022501487784
23431,1.5074849790204932
23432,1.200239641615217
23433,2.247332858730643
23434,0.0134224851965348
23435,2.3367225342947227
23436,0.0
23438,2.2464704324327345
23439,0.0
23440,0.0
23443,1.3464195977255675
23446,2.3136538127639312
23450,2.2306361555060965
23451,2.630194080298406
23452,2.776475992945396
23456,1.8899145252106495
23457,1.0208144487726598
2346,0.6249978380429856
23460,1.2604268332077604
23461,1.2475965864524428
23462,1.6169343174576292
23463,2.439448768938566
23464,1.501159640679969
23466,2.0832975461992995
23467,1.4134364538400177
23468,2.032748045701517
23469,1.8098124687720665
23471,2.7468932365116183
23473,2.012143348267135
23474,2.118331352449819
23475,1.7013101396052208
23476,2.1050556633310813
23478,2.4696458913318273
23479,2.522539338252129
2348,0.8848977339532557
23480,2.4692253656607632
23481,2.295038078589437
23483,1.828405001120367
23484,2.1651955556584213
23491,0.5093581856949384
23492,2.0393127991988313
23493,1.547654862394672
23495,0.1833720086948557
23498,1.5501820323630604
23499,2.242962098036714
2350,2.6687618542328364
23500,1.4106171125784963
23503,1.6551317534266394
23504,0.0617961599388916
23505,1.962295194320275
23506,1.8886560938120889
23507,1.4826862915190202
23508,1.757204510871749
23509,2.2990096435360057
23510,2.2960988767902144
23511,2.144955004865789
23512,2.053994203268614
23513,2.319811189106017
23514,2.1521140624803987
23515,1.9585770230970951
23516,2.125909771219056
23517,2.08241135198674
23518,1.6766124209939626
23519,0.0336664500279098
2352,0.0256268862991105
23521,3.2829781721366813
23522,1.8376588346587304
23523,2.0779215616384756
23524,2.8349477128821325
23526,2.272390146435693
23527,1.9091390538084028
23528,2.063834029601253
23529,1.7217895652130626
2353,2.775925188474473
23530,1.9081779845861904
23531,2.4905580377016276
23532,2.6497849290073088
23533,1.7814578199479605
23534,2.3227907101542273
23536,1.7968866022415213
23538,0.0
23539,0.8251478399664293
2354,1.6815697753889327
23541,1.713384806074623
23542,1.7322087715637262
23543,2.153744468069447
23544,0.4972646105338807
23545,1.3592672626199285
23546,0.2029874437103106
23547,1.1282890254463749
23548,1.2289229771078645
23549,2.3674997843852332
2355,2.459961031114968
23550,1.911372615691323
23551,1.289606722411347
23552,1.344731259836712
23553,0.3429126591743592
23554,1.974021406751738
23555,2.6271941870457596
23556,1.330938095278558
23557,2.4646142920126537
23558,2.541551730191524
23559,1.7530338852082512
2356,2.320783920306446
23560,2.07205798397444
23562,0.4475006163848271
23563,0.0322650387162132
23564,2.785456605468135
23566,0.1924974114159267
23567,1.428692023077989
23568,0.2505571338541427
23569,0.0477506279872771
2357,1.529092706422947
23576,2.243176869001028
2358,0.2860991875947336
23580,2.5497116674067555
23581,0.0105493414072734
23582,2.1060597512382584
23583,1.7505672986208412
23584,1.640402898958962
23585,2.6913413069697194
23586,2.2458778673500746
23587,2.10834648866814
23588,1.9566681971996585
23589,2.0975177116817476
2359,2.5412001976721683
23590,1.2413057974255255
23591,0.1663412104357765
23592,2.0040308323156117
23593,2.1562355629934253
23594,1.128540061942882
23595,2.066900722910634
23596,0.5116442644017182
23597,2.016521962908146
23598,2.1893682783503263
23600,0.4062876962609993
23601,1.214174715749344
23603,2.481507218268344
23604,1.3917974593508071
23607,2.0937120653720944
23608,2.454646994775898
23609,1.6671400127718776
23612,2.518284201599198
23613,1.9504123310664687
23616,1.147222566691999
23617,0.0
23619,0.0575293748341413
23620,0.0
23621,1.6304017030072555
23623,2.0963289472877125
23624,2.0273095606312186
23625,1.6346435075565653
23626,0.0
23627,1.388958996452863
23630,0.1776788006106026
23632,0.6106719207180268
23633,2.1734796255951863
23635,1.405933195204343
23636,2.2735111745639647
23637,2.183315258406532
23639,1.2622070214972323
23640,2.3311355507908846
23641,2.394888044025271
23642,2.219308651965722
23643,2.49095690086051
23644,1.9135450883981275
23645,2.438349517667086
23646,2.8147270647691807
23647,2.2782165785228385
23648,2.3151291101212172
23649,0.8121512132669855
23650,1.4149878103355225
23654,2.702655394652205
23657,0.3213578533495905
23658,1.8678989366440264
23659,2.0990468473576582
23660,1.5533825223038369
23670,2.1242115458931283
23671,0.0304597993916931
23673,2.3455498927330884
23676,0.0532407567944813
23677,2.265802599283109
23678,1.2762735192074242
23682,1.3126854929838818
23683,1.7694335874660652
23704,2.2721145976780948
23705,1.537391028704557
23708,1.8948159002686156
23710,2.3645516801215907
23729,0.908457435143898
23731,2.100321200165093
23732,0.3860885909377545
23738,0.0238073990491231
23741,2.9227710139021066
23742,0.0
23743,1.9937573025754467
23746,0.0
23749,0.0
23753,2.2701579946334096
23757,0.0
23759,1.8676262962530157
23760,2.2123848743856085
23761,2.0846954534326563
23762,0.9721569962914848
23764,1.7241689817325845
23765,1.7971666965857254
23766,0.0195466581122431
23767,0.6241632208588287
23768,0.9051886492762456
23769,0.2858058900056053
23770,2.9042285315795273
23772,0.0
23774,2.0910405759409145
23779,0.542184067933255
23780,2.350421667233722
23781,0.0
23784,0.0
23786,1.957562078947483
23787,2.8020327286209015
23788,2.4962117579384286
238,0.3423674470386791
239,0.92177842544675
2395,0.8908241595356347
24,0.969208376130787
240,2.175963650382216
241,2.4316507545030093
24137,1.6982359212217597
24138,2.059305313800534
24139,2.0178710601287504
24140,2.2581009204199383
24141,2.4482668868472124
24142,1.7148728121893155
24144,1.8326917096541029
24145,1.856849188437016
24146,1.8133613359594776
24147,1.438009129887447
24148,2.7686016570246808
24149,1.7445822430366635
24150,0.0
242,0.0262325134658017
2444,1.5058294552606426
245711,0.1951327793248736
245802,0.0662337567877756
245806,0.0320646470462866
245812,2.0755628720130783
245908,0.0
245909,0.0
245910,0.0
245911,0.0
245913,0.0
245915,0.0
245927,0.0
245928,0.0
245929,0.0
245930,0.0
245932,0.0
245934,0.0
245936,0.0
245937,0.8502502365828273
245938,0.0
245939,0.0
245940,0.0
245972,0.8541430166292336
245973,0.7190260996881905
246,0.2491753170632973
246100,0.0
246119,0.0
246122,0.0
246175,1.9062654291857155
246176,0.916972620034709
246181,0.647341562692245
246184,1.8981434707752232
246210,0.2350665060588626
246213,0.2975972060215257
246243,1.8703716385030908
246269,1.0756154058460092
246285,0.0
246312,0.0
246329,1.6235577060178876
246330,1.672933294424293
246717,0.1827042983389634
246721,0.1454560752901778
246744,0.0
246777,1.516480709771287
246778,0.4174853927184002
247,1.3670745651787737
2475,1.8596118578591576
248,0.0729417365234151
2483,2.2792587997948504
2487,2.402229272178076
2488,0.0
249,1.9277646873200351
2491,0.877204644853122
2492,0.0113712320035829
2494,1.3026159629953815
2495,2.898147244254864
2497,1.3089279848405446
25,2.440437191773065
250,0.0126025784990239
251,0.0288518968796068
2512,3.716916257262106
2515,0.0123974780415539
2516,0.0105493414072734
2517,2.6364943091258053
2519,2.308965298992634
2520,0.0
2521,2.859258349043596
2523,1.338807285579199
2524,1.3557470226064223
2525,0.5819009628768137
2526,1.1930082583782189
2527,0.0532407567944813
2528,0.076560759028747
252839,2.5831167987359023
252840,0.0
252841,0.125636408067992
252884,1.0231222348800686
2529,0.7389286550438444
252949,0.0
252951,0.0
252952,0.0
252954,0.0
252955,0.0
252968,0.0
252969,2.098857304094357
252983,0.7792552391056519
252995,0.8608826591944325
2530,2.2093225168201154
253012,0.7413558956744795
253013,0.0
253017,0.0
253018,0.9251382310930754
253044,0.2897561510938904
2531,2.1707168677997797
253128,0.1393138122542398
253143,1.7184417395249525
253152,0.5356952716314062
253175,0.0
253190,0.9092418271994328
2532,2.7569641511791376
253260,1.6228388936319074
253264,0.0205630661837875
2533,1.8894667656790032
253314,0.0
2534,2.1318501259741147
253430,1.4290747371189738
253461,1.8876707536170705
2535,1.9471533816615445
253512,1.8300114690478488
253558,1.4740019980559735
253559,0.1157254490155959
253573,0.0
253582,0.8107456860259633
253635,1.8536353493749969
253639,0.8597751749417175
253650,0.2400565135573705
253665,0.096838290181438
2537,3.126353131699248
253714,0.7531311203310673
253724,0.1943101536388631
253725,1.9495464147136512
253738,1.4306026892184034
253769,1.0914391891890434
253782,2.0683730731958785
2538,0.2380331044085317
253827,2.244949274160815
253832,2.254163275325176
2539,2.3224012596238945
253935,0.3464471286688641
253943,2.2060226403019936
253959,1.2809985419959888
253962,0.1477257762004251
253970,0.0
253980,2.0210968090235095
253982,1.0773085881721982
253986,0.6239776146616375
254013,1.0166277961592984
254028,0.0
254042,1.4680009819919306
254048,1.5202712299303978
254050,0.3738882100795494
254065,1.3786612970470131
254099,0.1630970075402978
254102,2.4501528939473256
254122,0.5016855586164207
254128,0.949914886309771
254158,0.0933066477599419
254170,1.7486296971431423
254173,0.201520533066984
254187,0.1603549607351917
2542,1.6181309886919797
254225,1.5101505419613006
254228,1.4724482988827197
254240,0.0
254251,0.8814410950392749
254263,1.253180177569139
254268,0.1272468869287004
254272,0.0
254295,1.7018875456825648
2543,0.0
254359,1.8319191895599716
254394,1.2883227047213186
254427,1.548198867470709
254428,2.0522823472644007
254439,0.1146369993408919
254528,0.1710986205592281
254531,1.9645263096117935
254552,1.3464757817827664
254559,0.4033990832729401
2547,2.8261745039599453
254773,0.1641228937636206
254778,0.0871367817651098
254783,0.0
254786,0.0
2548,2.615684362252226
254827,0.7323862397056083
254863,2.063251716751537
254879,0.0
254887,1.064418988971436
254896,0.2933960701910224
2549,2.0811251720663826
254910,0.041431969987866
254950,0.0
254956,0.1173554320033511
254973,0.0
2550,2.083209023149941
255022,0.2355356536201727
255025,0.0
255027,1.5325920066694017
255031,1.2797255962165943
255043,1.030487487679091
255057,0.6772848142146186
255061,0.4801031190216092
255082,0.3789739083451749
2551,1.9421872854709568
255101,0.053631538511365
255104,1.9317146398817175
255119,0.0080788886488122
255130,0.1195237358855934
255187,0.0296562306312831
255189,0.2146270815596062
255193,0.0775105280642577
255220,0.0
255231,1.3182278042705626
255239,0.5533488766984636
255252,1.4731272764889725
255275,0.0846935889461878
2553,1.7124031078176525
255308,0.1878646602768941
255313,0.0
255324,0.0324653828330247
255349,0.0921882600032804
255374,0.9789284063140096
255394,1.2164337117806705
2554,0.0
255403,1.567739464523926
255411,0.0
255426,0.0916285002418245
255480,1.029745128163697
255488,2.0762269548907963
2555,0.2253083066279462
255512,1.2757281144989128
255520,2.024563656304744
2556,0.5192128943969841
255626,0.0
255631,0.6640984322039496
255649,0.0
255654,0.0
2557,0.0
255725,0.0
255738,0.2513237677264248
255743,2.3344608637504156
255758,1.3130747497678423
255762,0.193816174198769
255783,2.3579399224449102
255798,0.0195466581122431
2558,0.0
255809,1.182115744992159
255877,2.0151117912647836
2559,0.0101380977223869
255919,1.6703917061300673
255926,0.0
255928,0.0306605722017031
255967,2.261952123233659
2560,0.1044082755723394
256006,0.1801954562545614
256021,0.3699528426422865
256051,1.193977879406498
256076,0.0150599263207783
256085,0.0
2561,0.1387851793074599
256126,1.0107272451080422
256130,0.0
256144,0.0
256148,0.0
256158,0.6245342851465172
256190,0.0
2562,0.1531127924617492
256223,0.0
256227,0.2671032151864317
256281,2.1781666937524924
256297,0.0219839916622789
2563,0.9668501985693814
256302,2.137446908859407
256309,0.6604097319962855
256329,1.6848444414850414
256355,0.936035075775265
256356,1.3939288373981786
256364,2.3456248151278123
256369,0.0
256380,0.7517474970362725
256394,0.9757416572420402
2564,1.6419694817741275
256435,0.7351528861151925
256471,1.4835013426201642
256472,0.068923416931643
2565,0.016081724652309
256536,0.0338664618273812
256586,1.8697661697585497
2566,0.0016634701178795
256643,1.426389610064219
256646,0.0256268862991105
256691,1.2819512767038477
2567,0.0
256710,0.4753209226328496
256714,0.1452812212828696
256764,1.0283569173631537
2568,2.0197962218708185
256815,0.0166942133416963
256892,0.0
2569,0.0738956344925407
256933,0.0
256949,1.6842863661755385
256957,0.1373738196458896
256979,0.0207662015448037
256987,1.8761637853460893
257,0.0875120208953502
2570,0.3614887857873177
257000,1.830777594881216
257019,0.9865837699943172
257044,0.6159495092692002
257062,0.0
257068,0.367053915781504
257093,0.6944243901250087
2571,0.1749857074436463
257101,1.4491127662434122
257106,2.3378511278471144
257144,1.1396422496994598
257160,1.5175810264798697
257169,0.4317964909096636
257177,1.9212122035412296
257194,1.42547532346427
2572,0.0
257202,0.0
257203,0.0555827213422205
257218,0.6735801075712683
257236,1.1683225506588886
257240,0.0673875284399155
257313,0.0637284429094406
257364,2.1078211844531713
257396,0.7785905473659707
257397,1.5541052293136914
257407,0.1873667107284053
257415,1.2820464573214303
257468,1.4088532577866404
25758,0.960276387456784
25759,2.314093908393585
257629,0.057140405596366
25763,0.1825372844358325
25764,0.2138242184483477
25766,0.9947740718470106
25769,0.9487842138275122
25770,0.0702650067990862
25771,2.001706809402783
25774,0.0352652184723042
25775,0.0780798702999492
25776,2.0111086818413497
25777,2.4271362898405404
25778,1.918760958360735
25780,1.404855781326865
25782,1.8789408421824556
25786,0.8281683753191996
25788,0.4925935880154536
25789,0.8383608149755201
25790,0.7769629178409798
25791,1.2989093259341065
25792,2.254837132025572
25793,2.1860506206116717
25794,1.4649618028470672
25796,2.374448325099939
25797,2.0138343772091347
25798,2.3336089231908246
25799,1.3187314762456752
258,0.0
2580,2.1772871448950073
25800,3.388381211018706
25801,1.7940754212866512
258010,1.7327595549301984
25802,2.109922677566584
25803,2.7285185098008933
25804,2.5267780795669337
25805,1.5594083669001069
25806,0.5827872864078509
25807,1.9843951594847584
25809,1.756269328987691
2581,2.077218189204353
25813,1.947190652258599
25814,2.3176777002397793
25816,1.712154063555745
25817,1.125099687293024
25818,1.1775299308362366
25819,1.2762414518617742
2582,1.977388498268562
25820,1.6516028841536343
25821,1.285902909367406
25822,1.3605265441875436
25823,1.75129916206751
25824,3.078961409332583
25825,1.989743251206631
25826,0.0
25827,1.476682084181372
25828,2.5759034720441383
25829,2.31254961651129
2583,0.5409327359682732
25830,0.1617271407141531
25831,2.204819487733364
25832,0.9430424728327648
25833,0.4963771942200536
25834,0.0051875911285856
25836,1.9898367685482463
25837,1.1729837496690618
25839,2.1869589403930205
2584,2.0780853122932985
25840,2.6341553586922126
25841,1.2968457505096245
25842,1.9923996164267963
25843,1.8771685531836453
25844,2.7056918147175675
25845,0.3140370579793257
25847,2.421570158709199
25849,2.089625824697273
2585,1.2451908472698454
25850,1.1387800432727644
25851,1.7870751562185625
25852,1.7785198897074992
25853,2.3738631364164955
25854,1.1324171349186232
25855,2.399696364903227
25858,0.0
25859,0.0420263638480368
25861,2.08194132151981
25862,0.9488973743645212
25864,1.3168327977369851
25865,2.262017704504046
2587,0.0132175827499873
25870,2.5367153174468986
25871,2.03311776658233
25873,3.077779209259288
25874,2.362567050270979
25875,2.1242115458931283
25876,0.891878837691434
25878,2.774972915390421
25879,1.6340354779911026
2588,1.6366644571285955
25880,1.942557022521028
25884,0.5101210121105844
25885,1.829134167332628
25886,1.7859045227428
25888,1.1921117260681038
2589,2.6409481525179688
25890,1.8068653595948745
25891,1.071845432831803
25893,1.2093027308512203
25894,1.3417351373638045
25895,1.715393730716137
25896,1.8513904967510235
25897,2.1266080675165435
25898,1.5937087097941611
259,1.455072965275106
2590,2.144032271625013
25900,2.0495656933034123
25901,2.434119660629312
25902,1.9630045291734088
25903,2.641939693035006
25904,1.892257157704727
25906,1.215323295736788
25907,1.5068724796841455
25909,1.9269730902835416
2591,1.6179694576365404
25911,1.8820940660435417
25912,2.912448571990009
25913,1.591319344234266
25914,0.7971680427455113
25915,2.4375791025755817
25917,1.930262333434656
259173,1.5908742556423232
259197,0.855588527680582
2592,1.483051086864864
25920,2.663470941155601
25921,2.461522936529598
259215,0.0
259217,1.3827108952219178
25923,2.364508420843469
259230,1.8533342316241033
259232,0.4744064867553829
259234,0.0
259236,0.5922700320693856
259239,0.0
25924,1.316803076740915
259240,0.0
259249,0.0
25925,2.0128043112479244
25926,2.241205762932411
259266,1.4466485665603628
25927,1.9923730771617432
25928,0.9077325088832088
259282,1.8465385347702803
259283,0.1827042983389634
259285,0.0
259286,0.0
259287,0.0
259289,0.0
25929,2.0019010190366715
259290,0.218469638822162
259292,0.0382547653609949
259293,0.0213753154909553
259294,0.2221348216975109
259295,0.5765596082244228
259296,0.0
2593,1.9796856350500596
25930,2.3079048031442992
259307,2.0321330273710405
259308,0.041828279182458
25932,2.7770476339123182
25934,2.2490348716694153
25936,1.410815473125738
25937,2.226882443712792
25938,1.4138801834276558
25939,2.333320254343328
25940,2.089845802886679
25941,1.900514359989908
25942,2.1120553204803896
25943,1.9147846853251205
25945,0.9485578304808808
25946,2.579891199146384
25948,2.2901642068548975
25949,2.2871098532720753
2595,1.2654228670384025
25950,1.3771013453339995
25953,2.2556910754541257
25956,1.3567395024037998
25957,2.245241581498913
25959,2.454391989588358
2596,0.6620808797648947
25960,2.279534394139329
25961,1.1766851207785902
25962,1.9630904214874996
25963,2.349188588410247
25966,2.036021113946885
2597,3.139365959870476
25970,2.268842060312625
25972,2.325475480745609
25973,1.600552645649483
25974,1.1624413634523507
25975,1.4177830029767309
25976,1.965238714326922
25977,1.4864925381028071
25978,1.916520123353152
25979,1.9315130334524104
25980,2.4159819971197716
25981,1.1882100392235695
25983,1.9511878109167733
25984,0.6639232276353311
25987,2.6094228839446054
25988,1.2953933911184587
25989,2.3326893004233376
25992,1.5705199564792274
25994,2.098188124819024
25996,2.006705251400886
25998,2.13489656094481
25999,2.0824478846658647
26,1.493492799835607
26000,2.392135809049422
26001,2.5929040419850455
26002,1.8142723260382363
26003,2.454223567590558
26005,1.5450576112059464
26007,1.7100117296699675
26009,1.9275688945085596
26010,2.002579976284406
26011,1.4845075641332108
26012,2.3035398528499473
26013,0.5142481366902564
26015,1.8586372791275307
26017,2.70958718859779
26018,2.431116725303122
26019,2.091009989535215
26020,2.674854182417667
26022,2.267904604553395
26024,0.6579395710944121
26025,0.7165166185707109
26027,0.3572212743571509
260293,1.218790416003121
26030,1.593010232512074
26031,1.579291302368331
26032,1.299523774452182
26033,0.4978186978501309
260334,0.4380699344937794
260338,0.0
26034,0.6079231802649053
26035,2.0916568552398425
26036,1.43887746984301
26037,1.574881759955955
26038,0.2317746958232287
26039,1.8074228011140572
26040,1.3715906530879582
260425,2.030540061398975
260429,0.0338664618273812
26043,1.882804120241749
260434,0.7713091012703333
260436,1.69078634536241
26045,0.2552983187532094
26046,1.762364654488276
26047,0.722973732829092
26048,1.7689160649969384
26049,0.4517587105857959
26050,0.2874176667700592
26051,1.894032942895818
26052,0.8901407805734812
26053,2.259075767939167
26054,2.0961430086223483
26056,2.0522370428943235
26057,2.08213985233552
26058,1.9082519949223489
26059,0.0696903035798559
26060,2.1265572441818303
26061,1.953196906646866
26063,2.010950710678945
26064,2.0664976569626763
26065,2.577762638020581
26070,0.0
26071,2.6463559185650953
26073,2.6639294095399317
26074,0.1119095706081079
26080,0.0142416006900836
26082,0.0136273381928503
26084,1.7430577177823223
26085,0.1180788346824814
26086,2.016004676920036
26088,1.9720471670231812
26090,2.4512273008714174
26091,1.5251548215720865
26092,2.4116731739000836
26093,2.292393759234432
26094,1.637996501027384
26095,0.2903396799106517
26097,2.369464925364762
26098,1.4000423077952433
26099,2.4288009714642276
26100,2.2051557609457886
26102,0.035464851664874
26103,0.0
26108,0.7622823992102531
26112,2.4347736962089104
26115,1.7013101396052208
26118,2.2882167301668184
26119,1.958301798902608
26121,2.2734991081940135
26122,1.9605918283222945
26123,2.392367136598488
26127,1.8901640220077511
26128,1.8740572998416944
26130,1.7667009310456994
26133,2.679172147063452
26134,0.4338532430477267
26135,2.5744542802830197
26136,2.337380330366402
26137,0.1572590627380865
26138,0.0
26140,1.5996963324128932
26145,2.3133707694385377
26146,2.0315469293706845
26147,1.8270130519317187
26149,0.5935312934139739
2615,2.5240137901684307
26150,0.8524964198884573
26151,2.0848717613580754
26152,0.8974946722310607
26153,1.5975401882407412
26154,0.1921673828594753
26155,2.13909244548294
26156,2.6029875246820886
26157,2.044332699350697
26160,1.5076481818034766
26164,1.9782704518571437
26165,0.0
26166,1.1334963705734629
26167,0.8536165660698545
26168,1.5447744474857803
2617,1.8329488978210815
261726,2.311675363578781
261729,1.5176609519128277
26173,2.3123272538685193
261734,1.2431836132356031
26175,1.744460477756989
2618,2.1025998751875883
26184,0.0
26188,0.0091091168566818
26189,0.0
2619,2.2515025542270246
26190,2.0798029291630784
26191,1.284388921500379
262,1.8894753811173608
2620,0.4542313418576185
26205,1.907692466791996
26206,0.6603216643600908
26207,1.8069495490053131
2621,2.6587399018001125
26211,0.0070474104382352
26212,0.2630368896979078
26219,0.0
2622,1.6860002287505529
26220,0.1324148165236816
26224,2.0714723722648607
26225,1.8821730223416688
26226,0.3930094589276579
26227,1.6040121667871552
26228,0.7683138588776371
26229,2.3827174807449043
2623,0.3521224584682674
26230,0.8179519072896464
26232,0.825973021393614
26233,1.7194487682074928
26234,2.5519918246037347
26235,1.7524364903093568
26238,0.5135980445372461
26239,0.0
2624,1.7362235278173328
26240,2.1827206687511924
26242,0.045189394581304
26245,0.0
26246,0.0082850342053478
26247,0.0
26248,0.0320646470462866
26249,1.3280365171203914
2625,3.151984098999134
26251,0.5995156807810642
26253,0.968277158525046
26254,0.0959103684817372
26255,0.0
26256,1.1828764163791208
26257,0.0
26258,2.136374118246682
26259,1.8706605010279291
2626,0.3050739863790921
26260,1.6972742347750027
26261,0.1589804607435198
26262,2.1722431451505444
26263,1.390276967422463
26266,0.6110502129717055
26267,1.102134287939383
26268,2.0286328332564993
26269,2.1321914212431743
2627,1.099236914828729
26270,2.031067804327737
26271,1.548348828631109
26272,1.8655848144086824
26273,1.7916275269858415
26275,1.606105414174034
26276,1.008525186598987
26277,2.489100995290593
26278,1.15466327831668
26279,1.1052350790740255
2628,1.321331073232488
26280,0.0111658338983268
26281,0.1111807302691279
26284,2.431221402759779
26285,0.0
26286,2.240310828462716
26287,0.5188901413104611
26289,1.0432103210236805
2629,2.261411367379507
26290,0.4725741949316497
26291,0.1250988793227
26292,2.063482554068507
26297,1.587332722182657
26298,1.8402417560612696
26301,1.4231581352016736
26307,0.0
2631,2.218112229985154
2632,2.150661831950038
2633,2.0987375416112135
26330,0.0933066477599419
26333,0.0
26338,0.0
26339,0.0
2634,2.321722494292754
26341,0.0
2635,2.1985214918765523
26353,2.403700963387408
26354,2.5319058834834376
26355,2.1099420340643227
2636,0.0244143296379668
2637,0.1818688831908015
2638,1.0474075211745837
2639,2.064212590618456
2641,0.0447946653885956
2642,0.0438070313509447
2643,1.823406500632148
2644,0.5112093755800732
2645,0.0985059346638177
2646,0.2395900307378116
26468,1.6882198457530255
26469,2.3793234663379534
2647,1.6324257633167687
26470,2.3568407400403686
26471,1.7294696019725857
26472,2.6292362575447275
26476,0.0
2648,2.4329224064118953
2649,1.106322967780563
26492,0.0
26493,0.0
26494,0.0
26495,0.0
26496,0.0
26497,0.0
26499,1.7828078501845688
265,0.0
2650,1.6082882554025304
26502,1.9797542015549023
26503,2.1621366538011246
26504,2.142091115340044
26505,2.041429128894383
26507,0.1463297841307743
26508,2.167516625638706
26509,2.5970070202330184
2651,1.166447227185211
26511,2.157317792271757
26512,1.1915880833167336
26514,0.0972091680864421
26515,2.070033950255316
26517,2.5371917369666934
26519,2.419306633185603
2652,0.0
26520,2.174877046848479
26521,2.3442031270239503
26523,1.776794832496006
26524,1.9840156238584683
26525,0.0654636900743731
26526,0.0886367224100169
26528,2.307972713298587
26529,0.0
2653,0.3196745755581008
26530,0.0
26531,0.0
26532,0.0
26533,0.0
26534,0.0322650387162132
26538,0.0
26539,0.0
26541,0.1428293269526154
26548,0.3150265908981102
2657,0.0
26574,2.267394942186483
26575,0.429247939146321
26576,0.6160433912447034
26577,2.294237387875788
26578,2.669536823146947
26579,1.4585565109794894
2658,0.0
26580,0.7540519400778255
26583,0.0
26585,1.6667917759752024
26586,2.004493943926927
26589,0.7111425588690379
26591,0.0
26592,0.0
26595,0.0
266,0.036063467897197
2660,0.3178468815878214
26608,2.0166838592734755
26609,0.0664261626900539
2661,0.4682041224369458
26610,0.5795319960138128
2662,1.2574136023561158
26637,0.0374585887741673
2664,2.7770586546209146
26644,0.076750799447613
26645,0.0366616595234452
26647,0.0060146795562324
26648,0.0
2665,2.8055587914927367
26651,0.0
26658,0.0
26659,0.0799748722352531
266619,0.0
266623,0.4937084505608472
266625,0.0314631865193807
266629,0.0099324012091867
26664,0.1220462241655084
266655,1.8404360418737225
266656,0.0332662841654657
266657,0.5670640957507678
266673,0.0
266675,0.7408867944180314
26669,0.0
266694,0.0
266722,1.2911996295343344
266727,1.0942424496866945
266740,0.0
266743,0.0614091674392234
266747,0.4011306706811184
266783,0.1126377675040334
26679,0.0
2668,0.1036727819699854
26681,0.0
266812,1.7532726122829567
26682,0.0
26683,0.0
26685,0.0
26686,0.0
26687,0.0
26689,0.0432138940104846
2669,2.302312318637279
26690,0.0
266917,0.0
266919,0.0
26692,0.0
266920,0.6926624959080744
26693,0.0
26694,0.0
26695,0.0
266954,0.0
26696,0.0
266977,0.0733234266047182
267,2.480162361855764
2670,0.5622177295335659
267002,1.3503937119028622
267005,0.0
267006,0.0
267008,0.0
267009,0.9802199615250456
26701,0.0
267010,0.0
267012,0.0
267017,0.381439265338426
267020,0.0
26707,0.0134224851965348
2671,1.8631380601915983
26716,0.0
26717,0.0
2672,1.1817731059085024
2673,2.1998968608843463
26735,0.0
26737,0.0
2674,2.695285448773097
26740,0.0740862832627668
26742,0.0
26747,1.547485906921117
2675,0.6645362483876962
26750,1.942753068621163
26751,1.5558610836176503
2676,0.3641439143298541
26762,0.125636408067992
26765,0.5642410569029761
26766,0.0
26767,0.0
26768,1.7143904134412296
2677,1.869313741667336
26771,0.0
26772,0.0
26773,0.0
26775,0.0
26777,0.0
26778,0.0
26779,0.4216724860448058
2678,0.1588084847758757
26780,0.0
26781,0.0
26782,1.5165608172848783
26783,1.6236055869399062
26784,0.0
26785,0.0
26786,0.0
26787,0.0
26788,0.0
26789,1.0812252836474838
2679,0.0388514046163894
26790,0.0
26791,0.0
26792,0.0
26793,0.0
26795,0.0
26796,0.0
26797,0.0
26798,0.0
268,1.808000498969208
26800,0.0
26801,0.0
26804,0.0
26805,0.0
26807,0.0
26808,0.6839541927798749
26809,0.0
2681,1.8466724901443945
26810,0.0
26811,0.0
26812,0.0
26813,0.0
26814,0.0
26815,0.0
26816,0.0
26817,0.0
26818,0.0
26819,0.0
26820,0.0
26821,0.0
26822,1.8603806046876867
26823,0.7160298319680027
26824,0.0
26826,0.2852189645943883
26827,0.0
26828,0.7457183605770688
26829,0.0
2683,2.716259533587154
26830,0.2663517753936261
26831,0.4653148657282394
26832,0.0
26834,2.475257697273958
26835,1.800727075403715
26852,0.0
26853,0.0
26854,0.0
26855,0.0
26858,0.0
26859,0.0
2686,2.043800131619783
26860,0.0
26863,0.0
26864,0.7774812359654543
26865,0.0
26866,0.0
26869,0.0
2687,2.363324461851128
26870,0.0
26871,0.0
26872,2.1241882903201303
26873,1.643377877347615
2688,0.0
2689,0.0
269,0.0942374869521354
2690,2.371081333391043
2691,0.0
2692,0.0
2693,0.0
2694,0.0
2695,0.0
26952,0.0
26953,2.1239044508716742
26958,2.175380524360461
26959,2.1214944250628265
2696,1.2296571114656627
26960,1.3381227103990123
2697,2.7594039856114927
26973,1.3200328735751237
26974,0.773323243520579
26983,0.0
26984,1.6119199926919496
26985,2.16377970223132
26986,2.9014719171230117
26993,2.156431034324968
26994,2.65155893018152
26995,1.9708633934981328
26996,1.858581518970167
26998,0.0352652184723042
26999,1.6436223721459653
27,1.7136462234783607
270,0.2868319505575912
2700,0.0274424681999785
27000,1.608337746164826
27005,2.1549111581111657
27006,0.2179903285816389
2701,2.552481192419468
27010,0.8475310989413937
27012,0.0
27013,2.61326047001017
27018,2.8496771581054063
27019,0.3147439961420661
2702,2.138073824695596
27020,2.5659726817786894
27022,0.1067941198550825
27023,0.0491265280900879
2703,0.0
27030,1.6614328931506597
27031,1.0730894421446169
27032,2.335352973640118
27033,0.3255500787994247
27034,1.6920915119127469
27035,0.6168877624753547
27036,1.3552776923695449
27037,2.0199567254325106
27039,0.0820544050747075
27040,0.3170018724926201
27042,1.6995464166110354
27043,2.2302623035890576
27044,2.592607814931894
2705,0.2309889187162591
2706,2.1221732968861153
27063,0.1487712053746272
27065,0.6416643770907534
27067,1.7238754511301864
27068,2.125895883987704
27069,2.816663130789401
2707,0.9353415238733398
27071,1.5110020589525868
27072,2.1809624687973197
27074,1.4338342525743628
27075,3.0266613909537776
27076,2.341695555614747
27077,0.9014755435781058
27079,1.8051146223013037
27085,0.7607659181192826
27086,1.3044444404899247
27087,0.1047757771404354
27089,2.470340076866479
2709,0.9767697165372096
27090,2.010362481219264
27091,0.063149226365247
27092,2.447087778219594
27094,0.6789154112999835
27095,2.363792644710853
27097,1.8139723317615928
27098,0.4476192276503673
27099,0.0567512557756906
271,1.7075410880470208
2710,0.9837576843105764
27101,2.232621965185989
27102,2.5997313360563847
27106,2.518341732921616
27107,1.807885022796156
27109,1.5101302495138489
27111,1.3104642636165456
27112,0.6432009066097824
27113,2.049091948661894
27115,0.8795476754932257
2712,0.0
27120,0.9447535179345274
27121,0.1487712053746272
27122,2.1568640847208935
27123,1.191063949140578
27124,1.397707454909193
27125,2.2241261898787203
27127,0.0970237498872507
27128,2.067770716663893
27129,2.3338898122687497
2713,0.0746579682411712
27130,1.2878207885364852
27131,2.2139940489074643
27132,1.533636843802636
27133,0.0
27134,2.04952005737204
27136,0.0097266548872287
27141,0.0
27143,2.1844229692636397
27145,0.8382933958430083
27146,0.465083235124783
27147,0.9240203071477904
27148,2.058170012216089
27151,0.989820252368034
27152,1.5200128242879514
27153,1.9681248180009183
27154,2.1235411811710097
27156,0.0455839386189831
27158,1.9902906722741336
27159,0.0078726930921942
27161,1.606801069904899
27163,1.92806210741671
27164,0.0
27165,0.0916285002418245
27166,2.1616974867177197
2717,1.7468772060630111
27173,0.4258362750170051
27175,2.109031156233963
27177,0.0193432301006561
27178,0.1579480590982811
27179,0.0
27180,1.6921875309613912
27181,1.4703837351795763
27183,2.0210106524615057
27185,0.8539456483815364
27189,0.0258288102084853
2719,2.2725202712139403
27190,0.3366192385950894
27197,0.752055217547804
27198,1.8730986400763343
27199,0.1838724292925855
272,1.6949903706679883
2720,2.359657889088437
27200,0.0410354741801234
27201,0.0434116529118274
27202,1.6596815302291328
27229,1.0648392240275633
27230,2.5552360871124327
27231,0.0616026860516921
27232,0.7730997529864704
27233,1.4844647881891293
27235,1.6881783293222423
27236,2.211472300299208
27237,1.566784946423159
27238,2.35960701735937
27239,1.2805215404934671
27240,1.7904365605668164
27241,1.3400315836969954
27242,2.31656333934299
27243,2.753968705746504
27244,2.145520639407715
27245,1.8383719635637312
27246,2.0762375704769083
27247,2.3571158932156946
27248,2.615092787689139
27249,2.522840224438616
27250,2.694896937435873
27252,1.9095162792380629
27253,1.3647202896374355
27254,1.2332437249480177
27255,0.0998006737938156
27257,1.9530280390819057
27258,2.232754848178554
27283,0.0166942133416963
27284,0.3695581838547297
27285,1.0233224924596456
27286,1.9956566047964752
27287,1.5225511207923434
27288,0.0166942133416963
27289,1.9193371989972392
2729,1.7519460100569826
27290,0.8558509975103321
27291,1.9288749604374975
27292,1.319057126121247
27293,1.1957635333697605
27294,0.8475975566312697
27295,1.4148402665936584
27296,0.5527331546974233
27297,2.1651748365244443
27299,1.013837339015539
273,0.9416702201921172
2730,1.7659831799241548
27300,1.5047021106862413
27301,2.180367810523063
27302,0.0
27303,1.3751912540456703
27304,1.3774983913765777
27306,1.4687081812486436
27309,2.3063471366420307
2731,0.170251127831315
27314,1.9034043523664173
27315,1.9847134101328268
27316,2.6244571704094155
27319,1.236910483832617
27320,0.0520673186640733
27324,0.8164194097955313
27327,2.1221732968861153
27328,0.0154687933557568
27329,0.1661707857688191
2733,2.2983053593851785
27330,1.0746063253876497
27332,2.16343005123914
27333,2.37278486356036
27334,1.1534232351134428
27335,2.7247147696731364
27336,2.67244134581084
27338,1.8338083340472453
27339,2.705930273681433
2734,2.381764137701242
27340,1.6872778568201618
27341,1.7587979302488894
27342,0.6613777331143925
27343,1.8869605136730816
27344,0.6266640811463199
27345,1.216111562676941
27346,2.0099571491171893
27347,2.230591589295984
27348,2.228783444350512
27349,1.8243968700128357
2735,0.9512689629676692
27350,2.286423049869528
27351,1.972242946848228
27352,0.2433142328968992
2736,1.1067575514850392
2737,1.916834116526518
2738,1.6676908379365372
2739,2.7468684035746933
274,1.9764699582531395
2740,0.1675331818740776
2741,0.0
2742,0.0
27429,2.0674447090498766
2743,2.1527156137283168
27430,2.2846166282239584
27433,1.752998064776533
27434,2.0549455900596514
27436,2.0960676010138526
27439,0.5249979565946209
2744,2.1188415836671246
27440,1.8945182151483728
27442,0.0
27443,0.2910684782073524
27445,0.7627366681616733
2745,1.818204075647878
2746,2.6760567090620087
2747,0.8966954676148147
275,0.1025683134842556
2752,2.8951250890199303
2753,0.0629560650472485
276,0.0
2760,2.6329773863830748
2762,1.7099194943127856
2764,2.1037486364543128
2765,0.0
2766,1.6826780080820718
2767,2.259535388004183
2768,2.3378833150286287
2769,1.933994932368685
277,0.0
2770,0.969974198884284
2771,2.8250515084131544
2773,2.23609719436574
2774,1.226328186249479
2775,0.5059702920090801
2776,2.3658104299474068
2778,2.8466262179719704
2779,0.0272409292764164
278,0.0
2780,0.3980954554791694
2781,1.42000322179501
2782,2.809671140009606
2783,2.8862270642890473
2784,0.7111425588690379
2785,0.0412337454202869
2786,1.826912732298317
2787,1.9908173292759217
2788,1.7459800943485162
279,0.0374585887741673
2790,0.2586458435881859
2791,2.507562411713352
2792,0.0
2793,1.248846087871868
2794,2.0862843402158693
2796,1.318346358497479
2797,0.3541392113228169
2798,0.0865736051467432
2799,2.779615441700031
28,0.712449293998869
280,1.0808166227786054
2800,2.0304080099918935
2801,2.4684328437949437
2802,2.3823046505179346
2803,2.2048490634021043
2804,2.448075898924023
2805,2.1930793363975445
2806,2.3289384437840406
280636,1.7069444808943846
280658,0.0
280664,0.2897561510938904
281,0.0
2810,2.100966624825549
2811,0.8821339338758235
2812,0.0
2813,0.658557942272337
2814,0.1333025569412144
2815,0.0792173887819751
2817,2.419840734280991
2819,2.9426350925049363
2820,1.9846524888581556
2821,2.428059760741882
2822,0.6575859668194167
28227,0.6896472519307865
2823,0.63994303902559
28231,0.8511100009657164
28232,1.5384446051879326
28234,0.0302589788495971
2824,1.0523385181606466
2825,1.0814068190928012
282566,0.6390353525854365
2826,0.5917843304437739
282616,0.0
282617,0.0
282618,0.1304583976107058
282679,0.8957104370486572
282697,0.0
2827,0.4178557853996705
282706,0.0
282754,0.0
282756,0.0
282763,0.0091091168566818
282769,0.0
282770,0.0
282775,0.0
282776,0.0
282786,0.0
282790,0.0816766944344988
282791,0.178182758872508
282795,0.0
2828,1.743411884611287
282801,0.0
282808,0.0679638175237219
282809,1.41096419266916
282890,1.312625581943219
2829,0.787544192308997
282966,0.0
282969,1.9525798199861035
282973,0.3160148614633159
282974,1.8240939450404692
28299,2.7359282813822174
282991,2.2987471116525207
282996,0.5473745926216265
283,1.604444880431371
2830,0.0
283008,0.0099324012091867
283025,0.0
283033,0.0833750437052461
283038,0.0979504261429475
283045,0.0
283050,0.6274957112311763
28307,0.4605518388321173
283078,0.67081005627704
283080,0.0082850342053478
283089,0.0372594270725486
283092,0.0
283093,0.0
2831,0.0086971754034013
283102,0.0693069482704467
283104,0.7216872529589757
283106,0.2606172693978964
283110,0.0
283111,0.0
283116,0.0
283120,2.2177314785102085
283129,0.0154687933557568
283130,1.490797608497147
283131,2.7148084028565616
283140,0.5522196478807352
283149,2.0061424250025746
283150,0.110998419529435
283152,0.7949374867475161
283159,0.0
28316,0.4943765519069651
283160,0.0
283162,0.0
283165,0.0
283171,0.0101380977223869
283177,0.01219232802879
283189,0.0
283193,0.0
283194,0.247021015259454
2832,0.0
283208,1.9136424508469247
283209,1.198357401480172
283212,0.5005828339838213
283214,0.0
283219,1.586555504864715
283229,2.142210537700956
283232,1.7626683365327018
283234,1.693119211380057
283236,0.0
283237,2.007930358433546
283238,0.0144462560950847
283248,0.6009559063880375
283254,1.1860977994476178
283267,1.8540114370382916
283284,0.4845159862772984
283297,0.0
283298,1.9990817955106184
283299,0.0254249141756302
2833,1.787879477786093
283303,0.0
283310,0.0873244225138922
283314,0.9938811611072637
283316,1.6803883834559263
283320,0.0334663908138561
283332,0.0
283335,1.254216579169214
283337,1.9035874079762432
283345,0.6022974612627121
283349,2.429414810749625
283352,0.0
283358,1.8074753518668312
283365,0.0
283373,2.0836098096490345
283375,0.3355194528853651
283377,0.9366701510858008
28338,0.0
283383,0.6514575801612564
283385,1.1472630496896816
283387,0.0424223934120883
28339,0.0
2834,0.0195466581122431
28340,0.0
283404,0.1060607473296442
28341,0.0
283416,0.2967298613788855
283417,0.898722240323021
28342,0.5687726375742547
283420,0.4417848660326631
283422,0.0621829736100838
28343,0.0
283431,1.2804897253375382
283432,0.0
28344,0.0
283440,0.0
283446,0.2251499320535076
283450,1.7706845599556151
283455,0.1541513409448461
283459,1.773722151283966
28346,0.0
283460,0.0154687933557568
283461,0.0
283463,0.063149226365247
283464,1.8775591199966175
28347,0.0
283471,0.010754888621307
28348,0.0
283480,0.0
283481,1.4253308107051914
283486,0.0416301479021601
283487,0.8172557657601214
283489,1.8420934754374871
2835,0.0467664613262632
28350,0.0
28351,0.0
283514,0.1589804607435198
283518,0.2499432911113673
283521,0.3459044228515163
28353,0.0
283537,2.1879580719630627
28354,0.0
283547,0.4257141411395371
28355,0.0
283551,0.3034983416408634
283553,0.2797689322761834
283554,1.1125496833076347
28356,0.0
283562,0.0
283571,0.2408333758426099
283575,0.2645453866014184
283576,0.0187326529005272
283578,1.8290143919979005
283579,0.0
283585,0.0
283587,0.1407218323048948
28359,0.0
283592,0.0097266548872287
283596,0.9820985859449768
283598,0.0
28360,0.0
283600,0.1283187873796772
283601,0.0
283603,0.4857558507292837
28361,0.0
283617,0.0
28362,0.0
283624,1.4618366815604351
283629,1.2348033645722627
28363,0.0
283635,1.9084410703422792
283638,2.1262521526854745
28364,0.0
283643,1.4098725693108611
283652,0.0225922306114602
283659,0.6519926489670168
28366,0.0
283663,1.0689788064419588
28367,0.0
283673,0.9205360244153884
283677,0.0758001637739616
283683,0.2104433667955492
283685,0.0
283688,0.0134224851965348
28369,0.0
283692,0.042620338349058
283694,0.0
2837,0.193321891338453
28371,0.0
283710,0.7241775779413865
28372,0.0
283726,1.2455642625261272
28373,0.0
283731,0.4150114182635262
283738,0.0
28374,0.0
283742,1.9060339851740635
283748,0.2170308444044319
28376,0.0
283761,0.0140368959186701
283767,0.0
283768,0.0111658338983268
28378,0.3588243869820759
2838,0.052263005646635
28380,0.2643946669006141
283804,0.0
283807,0.4464322606088483
28382,0.0
283820,1.227486835348797
28383,0.1038567167187382
283847,0.0209692882026594
283848,0.7175701190924867
283849,1.4833298652948113
28385,2.039271757653073
283854,0.0
283856,0.0234025367070836
283860,0.0706479226552025
283867,1.1046685682129147
283869,1.88024737916039
28387,0.0
283870,1.4093258760705594
283871,1.9989187630210217
283875,0.6540399132253775
283876,1.1200700147454037
28388,2.7270324799494317
283887,0.7162732691812004
283888,0.1047757771404354
283897,1.5882636822469087
283899,2.2223113380480486
28390,0.9298817243919836
283902,0.0264342928541542
28391,1.9387982604938616
283914,0.0
28392,2.2796469364791183
283927,0.7457183605770688
28393,1.6462728144041712
283932,1.4843364379833432
283933,0.7053132605855389
28394,2.5926679291787336
283948,1.4632454255645069
28395,2.2836672764180386
283951,2.3725385784615214
283953,0.0
283955,0.4440526151597954
283970,0.7884911200916332
283971,0.0074601518934053
28398,2.190815126564172
283982,0.0
283985,0.0495192289370227
283987,2.556751004006381
283989,2.350107292538986
283991,2.5191500736055508
283994,0.4066636553267492
283999,0.0
284,1.4664060765218392
2840,0.8979859867556478
28400,1.4559574729446167
284001,1.887029860260015
284004,2.2102117098067335
28401,2.1344765031207302
284013,1.6965957392014528
284018,2.081287500270302
28402,0.7071248976131833
284021,1.896385737752249
284023,1.3229787244750997
284029,1.183142407709222
284034,0.0225922306114602
284040,0.4582172113752395
28405,0.0
284058,1.6407873632228698
28406,0.2163905475377656
284067,0.0471602662673416
284069,1.3045661158742523
28407,0.1822031529648999
284071,0.2957167376189304
284076,0.0142416006900836
28408,2.299514564241561
284080,0.557848039693376
284086,1.2457678359381528
28409,2.4365993444677554
284098,1.5825279244641557
284099,0.0727508259833435
2841,0.5064083280847029
28410,1.589124033418405
284106,2.09541844996027
28411,0.6087773912275745
284110,1.0719376721274163
284111,0.181199928331334
284114,1.3956428906664644
284119,3.1106152779832796
28412,1.338636225602136
284124,0.0
284129,2.0881644714315555
28413,0.1903498040086411
284131,1.883827564849358
28414,0.4915887546609958
28415,0.8330128615338996
28416,1.1745675242700446
284161,1.5791157125803414
284167,0.4299769857202343
28417,0.1840391672405283
28418,0.0
284184,2.192298130907588
284186,0.211088440665768
28419,0.0
284191,0.0
284194,0.1027524940253784
284196,0.0
2842,0.2601627623289084
28420,1.8759233404513165
284203,0.0
284207,2.460636413758285
28421,0.0973945447953161
284215,0.0126025784990239
284217,0.4724595249391337
28422,0.0
28423,1.8519859142039512
284230,0.0
28424,2.2228624214625308
284241,0.2028245859775974
284252,1.4023665183522245
284254,0.0
284257,0.0215782561623971
28426,1.5607979759563395
284260,0.0262325134658017
284266,1.4700314588535015
28427,0.0
284273,1.906298481713056
284274,0.0091091168566818
284276,0.1908459142734483
28428,0.5733752738103256
28429,0.2863923752026195
284293,0.1162691351325153
284294,0.0
284297,2.1208659111340316
2843,0.4657779087088036
28430,0.1009088407219797
284306,1.0376164079379555
284307,0.8429957688637182
284309,1.803738468012941
28431,0.0
284312,0.5353798075893159
28432,0.1786864032253949
284323,1.4381265610753065
284325,1.8410862362341176
28433,0.0
284338,0.6612018341373725
284339,0.5186748926034581
28434,2.1783064176979248
284340,1.161376218068117
284346,0.8986609187418312
284348,0.772727100613097
284349,0.932849911147578
28435,0.0
284352,2.103295482966864
284353,0.5048740459031809
284355,0.0344662129356738
284358,1.113666834145672
284359,0.18153447501312
284361,2.1217708105209168
284366,0.0
284369,0.0152643844692303
284370,1.4344970020072596
284371,1.6424751676689997
28438,0.0
284382,0.0
284383,0.0
284385,0.7039926557546667
28439,2.4529736208395807
284390,1.0317720619103672
284391,1.5575185574473926
284393,1.7507953888005678
284395,0.0
2844,0.3065036238862894
28440,0.096838290181438
284402,0.3515837589493132
284403,1.1777601133023703
284406,0.966190478911212
284408,0.7075359580066355
28441,0.3362070031462806
284415,0.5441608938064898
284417,1.1819254157920798
284418,0.0
28442,2.7227043368311574
284422,0.3050739863790921
284424,0.0144462560950847
284427,0.6053542904346328
284428,0.0
28443,0.0959103684817372
284433,0.0
284434,0.1117274208851172
284439,1.5820220350619596
28444,2.336023544270208
284443,1.069164172696705
28445,1.1062360118717576
284451,0.2539247744882158
284459,2.0662577875753696
28446,0.3096395937509883
284467,0.305360124389833
28447,0.0816766944344988
28448,2.5053953913651315
284485,0.1191627482987562
284486,1.3208298742691016
28449,1.6705932596226272
284498,0.033066130062972
2845,0.0193432301006561
28450,2.1518645481922936
28452,2.6011004067202985
284521,0.0858221088259321
284525,0.0070474104382352
28453,0.3393618428051317
284532,0.0
28454,1.4667609445838532
284541,0.1550157875879565
284546,0.0320646470462866
28455,2.3067290728567156
284565,2.110797522621717
28457,2.068356806201581
284573,0.0702650067990862
284576,0.0384536920503017
284577,0.0126025784990239
28458,1.0691178366127858
284593,0.0
2846,0.3168609479248995
28461,2.354515750034395
284611,2.114968473270476
284612,0.6156677877259357
284613,1.673577176441216
284615,0.6086825302535946
284618,1.2627991204609512
28462,0.1850388721625969
28463,1.5098054548492548
284632,0.0195466581122431
28464,1.9985598468430372
284648,0.6498498825067728
284649,0.241454318250322
28465,2.088143919563781
284654,0.9610534420549228
284656,1.3553881611179586
28466,1.1965058714047772
284661,0.0140368959186701
28467,0.8072185392260757
284677,0.0
28468,2.4598157500983806
284680,0.2815406709978149
284685,0.1969395996757199
284688,0.0199533676763937
28469,0.5369557465375479
284695,1.647016427384859
284697,1.1035338817627705
2847,0.2157497372316905
28470,0.3610897183286638
28471,0.1612128446624533
284716,0.4869936189290068
284723,0.7160298319680027
28473,2.8912351278774677
284739,0.5922700320693856
28474,2.313896605994324
284749,0.3908374925918351
28475,1.5065250535983683
284751,0.4414261667561673
284757,0.2123770308163702
284759,1.3752178316199195
28476,1.559756151287547
28477,1.7070240750474512
28478,1.756624700005144
284788,0.0
28479,2.052220052334218
284798,0.0308612972995617
2848,0.1651474855524761
28480,0.0
284800,0.0175101773978301
284801,0.0
284802,0.0
284805,0.0596654842894622
28481,1.6446142854404375
28482,0.0
284825,0.6866716170723025
284827,0.0
28483,0.5045448495842794
284835,0.3612227640022259
284837,0.5695752396622326
28484,0.0
28485,0.0
28486,0.0
284865,0.1895222740277748
28487,0.0
28488,0.0
28489,0.0
2849,0.219427397119987
28490,0.0
284900,0.7915411228498574
284904,0.0404403802309502
28491,0.0
28492,0.0
28493,0.0
284930,0.1806978483933106
284933,0.0099324012091867
28494,0.0
284948,0.1047757771404354
28495,0.0
284958,0.0664261626900539
28496,0.0
28497,0.0
28498,0.0
28499,0.0
284992,0.4157544684213917
284996,2.2420287343014342
285,1.4819988821323544
2850,1.8536541619223912
28500,0.0
285000,0.0
28501,1.0639049608142104
285016,0.2648467394595812
28502,0.0
285025,0.0809207585101274
28503,0.0
28504,0.0
285045,0.1102687734821434
28505,0.0
285051,0.0761805481519545
285053,0.9586636409231304
28506,0.0
28507,0.0
285074,0.1078929593095223
28508,0.0
285084,0.3828629220170676
28509,0.0
285093,0.1982511050965841
285095,0.4086656009034105
285097,0.4225316343105307
28510,0.0
28511,2.113893155591373
28512,1.2572807680372735
285126,0.0154687933557568
28513,0.0809207585101274
28514,1.5439617793772018
285141,0.9306396684359876
285148,1.8773638834654005
285150,0.4640399959869132
285154,0.2598596119643578
28516,0.0
28517,0.540619562034321
285172,1.2753749110690626
285175,0.0146508621545966
285176,0.9019637602092276
28518,0.3896850958985421
285180,0.3810505308621166
28519,0.0
285190,0.2693532362744614
285193,1.0714301765984189
285194,0.0
285195,1.789757636563209
2852,1.718105550076314
28520,0.4592687069148791
285203,1.8752636144072277
285205,0.0477506279872771
28521,0.0
28522,1.2879149336424447
285220,0.055972413796195
285224,0.0
28523,0.0
285231,0.1524196905802636
285237,1.9821191366970696
28524,0.0
285242,0.0
28525,0.0
285260,0.0
285266,0.2028245859775974
285267,1.29644442919702
285268,1.9417643033152845
285282,1.7866779437144724
285286,0.0481439722271771
2853,0.377673126978139
285303,0.0195466581122431
285311,0.0207662015448037
285313,0.7752569989433724
285315,0.7016753866758345
285326,0.0
285331,1.3522583576084606
285335,0.5448878275261805
285343,1.530884421856909
285346,0.7481984537414001
285349,0.60811309483746
285362,2.054253401778136
285367,1.7233900566923797
285368,1.6719872623655847
285370,0.0
285375,0.0
285381,1.9599358118479728
285382,0.8146036035657257
285386,2.107680000536436
285389,0.2097977727501754
2854,0.0
285401,0.0
285412,0.0
285419,0.0959103684817372
285423,0.0126025784990239
285429,0.2047767003527363
285440,1.6840350047700643
285441,0.0105493414072734
285453,0.0
285456,0.125636408067992
285463,1.0231222348800686
285489,1.8011540194614402
285498,1.7590217174582032
285500,0.1890253477766942
285501,0.0179178651438874
285505,1.0047166560336904
285513,1.678341714742086
28552,0.0
285521,1.5643448814370555
285525,0.0392489295621294
285527,1.7171472942705357
285533,0.7199950087241007
285547,0.0
28555,0.0
285550,1.475376545732596
285555,0.0579181636361618
285556,0.0
28556,0.0
28557,0.946118951808649
285577,0.009520858735307
28558,1.3221555417307933
285588,0.0
28559,1.1944992859513826
285590,2.352476484320022
285593,0.7392423429161954
285596,0.0497155105434259
285598,1.0434523447208834
2856,0.0
28560,1.1792157491026871
285600,0.3755872296393489
285601,0.3072174572540063
285605,1.23563336204485
28561,0.0
285613,0.7699629210036828
28562,0.5843602374019601
285626,0.0
285627,0.0
285629,0.0
28563,0.5376900048769032
285634,0.0282481437700031
285636,1.9963598576468753
285638,0.2639423345951417
28564,0.7109790391533577
285641,0.0072538062085478
285643,0.0246165431357565
28565,0.0
285659,0.0
28566,0.4653148657282394
285668,0.0416301479021601
28567,1.8421805252735683
285671,1.246039149072724
285672,1.558913707722011
285676,0.670028958879094
285679,0.0432138940104846
28568,1.3063272877280758
28569,1.403197625696904
285692,0.0138321417599086
285696,0.0471602662673416
2857,2.3968100579106815
28570,0.0
285704,1.1606254671793677
285708,0.0
28571,0.0990610707966686
28572,0.5001412762298818
28573,0.5588666369200369
285735,0.0
28574,0.6359403080435189
28575,0.2951372179654887
285753,0.9683319752571848
285755,0.9448674193984864
285758,0.845400813179266
285759,0.0916285002418245
28576,1.0599648007442704
285761,1.5360082895534597
285766,0.0
285768,0.0
28577,1.0560929059384057
28578,0.0
285780,0.0362629122582597
285782,0.0792173887819751
28579,0.0
285796,0.0039454490619983
28580,0.3070747430554275
285800,0.0773206608342586
285804,0.0542173700425294
28581,0.9213645666327712
28582,0.4497509922296036
28583,1.2233325064772609
285830,0.6293402311275326
285834,0.1795251138352385
28584,0.7625095725901996
285848,0.0691152046135907
28585,0.1605266099672951
285852,0.0
285855,2.326444147609845
285857,0.0175101773978301
28586,1.0166784119619408
285877,0.0
285878,0.0119871284396815
28588,0.0
285888,0.0099324012091867
28589,1.631093084965737
2859,1.2911060602411213
285900,0.1538053052160182
285908,1.1912886382998158
28591,0.5224325309402954
28592,0.9908776500807792
28593,0.0994309548859968
28594,0.5224325309402954
285941,0.0
28595,0.5677681098658557
285954,0.0786488237171767
285955,0.1704206972913704
285958,1.7144556333385037
28596,1.7589275054209268
285962,0.3881458297714268
285965,0.1270681007161791
285966,0.9464598392743062
28597,0.0
285971,1.5178007896277674
285972,0.6573206444966172
285973,0.4646197554914374
285989,1.208395790546561
28599,0.1005396165825761
286,0.3515837589493132
28600,0.0998006737938156
286006,0.188030575137308
28601,0.8351844673154479
28602,1.3242110955445856
286023,0.0
28603,0.1790219919026922
28604,1.1797893050093355
286042,1.023572720306743
286046,0.266652437449185
286053,1.8179581375471137
286059,0.0404403802309502
28606,1.2253079615427582
286075,1.4624409192544732
286077,2.1397788156329898
28608,0.189356665990483
286083,0.0
28609,1.0894285665731662
286094,0.0
286097,1.213347698191663
2861,0.9689346356121644
28610,0.5192128943969841
286103,0.2254666497348655
28611,0.8888340909703248
286114,0.0
28612,0.0
286122,0.6465333811250629
286128,1.3405148202871728
286133,1.410021565356524
286135,0.0
28614,1.3949016924719468
286144,1.8055265942437468
286148,1.8443508407874956
286150,0.0406387916047836
286151,0.2443971708333719
28616,1.0199089777955936
28617,1.062453918422631
286177,0.0
286178,0.0146508621545966
286183,0.0225922306114602
286184,0.0
286186,0.0
286187,0.1064275149657084
286189,0.0750388739578922
28619,1.2832189668706162
286190,0.051871586053616
2862,0.0569458532680942
28620,1.0607643419707709
286204,0.1276043426051557
286205,1.113194457249942
286207,0.9266647774086766
28622,1.3318921140213795
28623,1.4477785422567897
286234,0.0
286238,0.0
28624,0.534748464384304
28625,0.8203132199719012
286256,0.3311045314064483
28626,1.8061068967771945
286262,1.87280252314797
28627,1.3434614172400643
28628,1.0153610128310115
28629,1.396561505339631
2863,0.5333786517459175
28630,2.1077676384183848
28631,1.6646821044342357
286310,0.1924974114159267
286319,2.1234712794298334
28632,1.8561766430910696
28633,1.396561505339631
286333,0.4890145523185797
286336,1.7951155696324717
28634,1.320564340959582
286343,2.379699026847236
286348,0.0
28635,1.320564340959582
286362,0.0
286365,0.0
28637,2.099634799727735
286370,0.0
28638,2.647421159381579
286380,0.0
28639,2.565937885657404
2864,0.2442425560068213
28640,0.8743433067251762
28641,0.1077099208929781
286410,1.8716699126973944
286411,0.3502353496098125
28642,0.4830479808106961
286423,0.0215782561623971
28643,1.1682445365085203
286430,0.0551928477150357
286436,0.0
28644,0.4001202900220116
286442,0.2426947461122555
286444,0.7271378801443101
286451,2.0578465953258243
286453,0.1732979617607553
286456,0.0
28646,0.5128388663575475
286464,0.015877463426456
286467,0.1654887289915786
28647,0.6444637299744573
28648,0.2657501063825088
28649,0.1014623682252616
286494,0.0266360241092229
286499,0.0820544050747075
2865,0.0569458532680942
28650,0.0
28651,0.0
286512,0.1900188940084079
286514,0.0
28652,0.8028182110301166
286527,0.1168124626568068
286528,0.0
28653,1.0767142435730035
286530,0.8270364932790226
28654,0.0
286544,0.7117145664835061
28655,0.4967101018837402
286555,0.0
28656,0.6484176713277247
28657,0.5943063345106117
28658,1.0218189262717514
28659,0.3426401014997515
2866,0.0193432301006561
28660,0.7462616695379138
28661,0.6560811215439633
28662,1.3812420007330406
28663,0.715542693848438
28664,1.3865208792476762
28665,0.4377094382697407
28666,1.0600589206787163
28667,1.0325611972408462
286676,1.7855283532990165
28669,0.9720480412598906
2867,0.5289352188601979
28670,1.0747440295595148
28671,1.3940825692269672
28672,1.2124113179819995
28673,1.1379165331252836
28674,1.314181071967572
286749,0.0495192289370227
28675,0.0
286753,2.7367852415009764
286754,0.0
28676,0.876696904029137
28677,1.2192178291718874
28678,0.0
2868,1.1014770635113629
28680,1.0610462744462537
28682,1.109876954370001
286826,1.5282920684484047
286827,1.280235136282508
28683,1.2472583912173267
28684,0.7841825237248439
28685,0.6477901447950221
28686,0.0
28688,0.7819808357197465
286887,0.0831865093464727
28689,0.7280951843420909
2869,1.669324849750172
28690,1.0719837863417685
28691,0.8890831927165979
28692,0.9029390572525609
28693,0.3070747430554275
28694,0.4535257181670199
28695,0.0
28696,0.0
286967,0.0
28697,0.0
28698,0.4369879214705011
28699,0.0
287,1.1968396012281852
2870,2.162015414837595
28700,0.0
28701,0.0
287015,0.0
28702,0.0
28703,0.0
28704,0.0
28705,0.0
28706,0.0
28707,0.4369879214705011
28708,0.0
28709,0.0
28710,0.4216724860448058
28711,0.4369879214705011
28712,0.0
28713,0.0
28714,0.4423823136408459
28715,0.0
28716,0.711632880749498
28717,0.7189452943406429
28718,0.0
28719,0.0
2872,2.6852765427900738
28720,0.0
28721,0.0
28722,0.0
28723,0.6907275531409021
28724,0.7577987748300614
28725,0.0
28726,0.0
28727,0.0
28728,0.0
28729,0.0
2873,2.4013987374176367
28730,0.7339685787915605
28731,0.0
28732,0.4369879214705011
28733,0.0
28734,0.0
28735,0.0
28736,0.0
28737,0.0
28738,0.711632880749498
28739,0.4535257181670199
2874,0.4635758600217035
28741,0.0
28742,0.4369879214705011
28743,0.4535257181670199
28744,0.9314548834905104
28745,0.0
28746,0.0
28747,0.4535257181670199
28748,0.4592687069148791
28749,0.7189452943406429
2875,1.5701442027539827
28750,0.0
28751,0.0
28752,0.4423823136408459
28753,0.8833288733746815
28754,0.4423823136408459
28755,2.7522730410646914
28757,0.0
28758,0.0
28759,0.0
2876,3.1932943694650424
28762,0.0
28763,0.0886367224100169
28764,0.0
28765,0.1710986205592281
28767,0.0
2877,1.0318707609111832
28770,0.0906947274148189
28772,2.289181842117046
28773,0.3558827733153809
28774,1.578025588772719
28775,1.4596822997158472
28776,2.0368246157223435
28778,2.426090532414492
2878,2.951774247326441
28780,0.0
28781,1.389321130154917
28783,1.3480184788412697
28784,2.0566396620829694
28785,1.6758306357547776
28786,0.7857193318219933
28787,0.0
2879,3.0805660454468446
28791,1.6753893922736396
28793,2.0372787779877566
28795,1.0354621441571756
28796,2.400774877111198
28797,2.8945529972936335
28798,0.0
28799,0.2442425560068213
288,0.7833027324698961
2880,0.0
28800,0.0
28802,0.09665278895269
28803,2.275517122514594
28804,1.9518807509774143
28805,0.0
28806,0.0
28811,0.4089154695368504
28812,1.5311759170143082
28813,2.738506509712724
28814,2.107855255076745
28815,2.5573099966582364
28816,2.423636415121231
28817,2.407243600457317
2882,1.8987164539832653
28820,0.3089279848405443
28821,0.6807131380640379
28822,2.3868308981581494
28823,2.575089431434368
28824,0.3580232511579675
28825,2.7175913195963095
28826,1.3343414883086928
28827,0.0
28829,0.0
28830,0.0
28834,1.6576864442082038
2885,2.778007242540674
2886,2.207977064643102
28863,0.1182595860883647
28869,0.825560562150959
2887,1.8351089219322891
28870,0.4111605546601038
28874,2.010305507481077
28875,1.342896051319591
28876,0.9268406767600004
28877,0.0
28878,0.9374774891081148
28879,0.0
2888,0.6980178930920965
28880,0.0
28881,0.7952977681903578
28882,1.5572978950495255
28883,0.235379301880427
28884,0.0
28885,1.3254990695828712
28887,0.0
28888,0.0
2889,2.4292208084547533
28891,0.4961551713387021
28892,0.5459250279724356
28893,1.0582208689715245
28894,0.0
28896,0.6084927698074708
28897,0.0
28899,0.0
2890,0.0650783906040881
28900,1.9624816093195112
28901,0.9856254392880216
28902,1.573301934309109
28903,0.5479949383201965
28904,1.1158946678596524
28906,1.2769144654285025
28907,0.3566861551835944
28908,2.987514582144596
28909,0.0
2891,2.208961079317786
28912,2.888905732346056
28913,2.3383237067551073
28914,2.4870718302748545
28915,0.9021467437300676
28916,0.1067941198550825
28917,0.0
28918,0.0
28919,2.5532997923338367
2892,0.1250988793227
28920,1.5705199564792274
28921,0.426690653496015
28922,0.3426401014997515
28923,2.0256109140519185
28925,0.0
28926,0.0
28928,0.0
28929,0.1009088407219797
2893,0.1334799897055372
28930,1.1812015751811078
28931,0.1656592969286946
28933,0.586615244382783
28935,1.8715078541500512
28936,0.0
28937,1.99960954406419
28938,2.002612277497243
28939,0.6230488422216932
2894,0.848394512691542
28940,2.0218897581188964
28941,2.025513617187513
28942,1.128498230156321
28943,2.0558272468154533
28946,1.4457704948869388
28947,1.3405432320858564
28948,0.9577162665337472
28949,0.0
2895,0.0101380977223869
28950,2.2762389333710904
28951,2.2721751774688066
28952,2.1571864043477
28954,1.278736986342678
28955,0.7778512138894519
28956,2.6579462598189467
28957,1.4609625919488398
28958,2.433588129533937
28959,2.9044216681141344
2896,3.079645174655523
28960,1.382501309977363
28962,2.1368503151924645
28964,2.382577781536998
28965,1.3550843155935173
28966,1.9226265634160788
28968,0.97411487292401
28969,2.157347453737557
2897,0.1704206972913704
28970,1.3906381709309947
28971,1.6781436096151048
28972,2.370116511353864
28973,2.591691842288176
28974,2.749807262790116
28976,2.1261365198558577
28977,1.6136355412854932
28978,2.544244673993567
2898,0.1586364724369398
28981,1.6475165440093793
28982,1.591353564258938
28983,0.0660413065929845
28984,2.6378531850959823
28985,1.834656148760871
28986,2.5196236357538817
28987,2.212319771085307
28988,2.211834723853617
28989,1.70598823193337
2899,1.136226861718214
28990,1.4678240240211993
28991,2.121517855808537
28992,1.9694789190749455
28996,1.8052097284924211
28998,1.9194491490562449
28999,1.9102123922332492
29,2.187674564335551
290,2.7073778347319313
2900,0.7355471904111105
2901,0.5689733730188522
29015,1.9682307772459229
29018,0.0
2902,0.3738882100795494
29028,1.8362779415140476
2903,0.1131834935159202
29034,0.0
29035,1.8565037123141743
2904,0.1313482575810238
2905,0.6887870960897735
29057,0.0376577034343075
29058,2.6724075157636413
2906,0.6925784822534723
29062,1.823396382710317
29063,1.379768898257362
29066,2.173948748130948
29068,1.7464167588144126
2907,2.9387395252095776
29070,1.1085792472224152
29071,2.333558738553874
29072,2.177519241314074
29074,2.5770041650536126
29075,0.2559080167354376
29078,1.774529307044358
29079,2.281339325303491
2908,2.0798397225344853
29080,1.9069754586876473
29081,2.0199505534768054
29082,0.876506396463237
29083,1.2069051900373398
29085,2.627433201711772
29086,2.101823760503963
29087,2.157457603052842
29088,2.3713465872110904
29089,1.9926980567997177
2909,2.2264315580053458
29090,1.7986609868324852
29091,0.2840437908116426
29092,0.5227537076183053
29093,1.6403721278220231
29094,1.7238243822682513
29095,1.6106906936507357
29097,2.0257264215120503
29098,0.7870337420715562
29099,1.9392168299460155
291,1.953944921194205
2910,0.0
29100,2.340017762396856
29101,2.343581117600524
29102,2.0563933237521814
29103,1.7957103393438405
29104,1.605358909231703
29105,2.046777380514466
29106,0.0447946653885956
29107,2.3002635336262505
29108,2.4812695109940575
29109,2.05540071867706
2911,0.0662337567877756
29110,1.4934087995852072
29113,0.1957902746995032
29114,0.0209692882026594
29115,2.122626723351514
29116,2.4341123856559297
29117,1.894441632017396
29118,0.0481439722271771
29119,0.2122160704749191
2912,0.215909987982621
29121,1.4997105260792731
29122,0.0
29123,1.8385183451639489
29124,0.0
29125,1.0681903471636929
29126,1.113452165302444
29127,2.1299007835058945
29128,1.6082222594962703
2913,0.0551928477150357
2914,0.0769407965432616
2915,0.0082850342053478
2916,0.0955389086838045
2917,0.1080759571659009
2918,0.3076454425599115
2919,0.4115340837670049
292,2.9391616246844303
2920,1.246852279898755
2921,0.2882954188426201
2922,2.214932243224884
2923,2.917424745246315
2925,1.2576127929206466
2926,2.2652402275443295
2928,0.0
293,1.583061095059523
2931,2.0072736294012614
2932,1.7101302896792032
2934,2.955205733010232
2935,2.5185375278970636
2936,2.309687492727765
2937,2.109259090962184
2938,0.2477910822028433
2939,0.057723791780431
2940,0.0761805481519545
2941,2.1334717808710195
2942,0.0
2944,0.0828093123943021
2946,1.1978395930621024
2947,2.2607757194211877
2948,1.6481673871668063
2949,1.0999845922915252
2950,2.869260935702077
2953,0.0876995769262763
2954,1.6251669624712608
2956,1.848171735337304
2957,2.039254167043367
2958,2.1584769675540936
2959,2.134815298021555
2960,1.8560831469230483
2961,2.2105100200774768
2962,2.634599408746867
2963,2.016515734744273
2965,1.8926591006461364
2966,0.2517833914382879
2967,2.1018089141121323
2968,0.2067240747419362
2969,1.3600067763941228
2971,2.6206004873708033
2972,1.763950779103269
2975,2.5096146864261564
2976,2.0839997650381465
29760,1.3032566449487435
29761,1.8947053571591757
29763,2.1990895903203995
29765,0.7231343700294567
29766,2.019437930064754
29767,1.3831298094418274
2977,0.8804950922642326
29775,1.8741646725754504
29777,2.124941004921945
2978,0.0
29780,1.7908630701591632
29781,2.1273741636563517
29785,1.4321973062198343
29789,2.1105802174918087
2979,1.2027761088578417
29796,2.3968080042335735
29798,0.769438665293285
29799,0.931338489654986
2980,1.529463282234339
29800,1.9424665067692763
29801,2.010337160611302
29802,0.4732618396254697
29803,2.4810051678814196
2981,0.9108678189314242
2982,1.706107876181559
2983,1.853258917757011
2984,0.1137288585710933
29841,1.193344087112114
29842,1.792869559206754
29843,1.753093579334551
29844,2.281554313553167
29850,0.0272409292764164
29851,1.0523385181606466
29855,2.2648874883550216
2986,0.0
2987,2.695724540143002
29880,2.2802977451260413
29881,1.092998222524138
29882,2.2195531002821154
29883,2.014467359691132
29886,2.1359467967081924
29887,2.016889243624852
29888,2.3071023916465494
29889,2.211939755012293
29890,2.2712076087976
29893,1.3134038977279134
29894,2.3505311491014163
29895,0.3032115173749001
29896,2.525964105586312
29899,0.7852074615018934
2990,2.4440052997098975
29901,1.9414997086022665
29902,1.1855306647103152
29903,2.032962766597006
29904,2.142179580201479
29906,0.0923747627007558
29907,0.4685500730054943
29909,1.40583306687321
29911,2.30174250006074
29914,1.8048714756232829
29915,1.616982891563109
29916,2.0085986759375687
29919,1.8947563808212176
2992,1.9159639908013948
29920,2.2338228315953725
29922,1.2911684415879952
29923,2.176301016334399
29924,2.080328199061777
29925,1.590497310739222
29926,2.0597329330163454
29927,2.8424997014408646
29928,2.0425467666274395
29929,1.5668029740613425
2993,0.0
29930,0.0
29933,1.5837815714372907
29934,2.423711699904078
29935,0.0673875284399155
29937,2.748446394834491
2994,0.0
29940,1.6371605549512431
29941,2.0332190781902413
29942,0.1817016964086886
29943,0.0780798702999492
29944,0.6350273691969262
29945,1.8093314344037337
29946,2.5228375272970567
29947,0.0
29948,1.250126384518846
29949,0.5754666039400431
2995,2.3887589299039007
29950,2.1246809859073923
29951,0.940581691200039
29952,2.7066581665761222
29953,0.4710820887895752
29954,1.5883842267289308
29956,2.535158568221042
29957,2.3518799155296346
29958,1.0487520526941267
29959,2.5438312489229595
2996,0.59787985366893
29960,0.095353116336939
29964,0.098876066768446
29965,1.9721590533093256
29966,1.973394646264918
29967,1.15530224170324
29968,1.3764919464665435
29969,2.313888604717149
2997,2.269810435145389
29970,0.1639520026951061
29974,0.06565627325421
29978,2.3062761563000747
29979,2.4200122120877947
2998,0.0332662841654657
29980,1.6572122427007714
29982,2.257895492954106
29984,2.432851188110315
29985,1.5959842701663758
29986,0.4097893558563288
29988,1.9441151516937436
29989,0.0314631865193807
2999,1.8959790155777043
29990,0.7977424383582331
29991,0.3410027208275318
29992,2.088513676474024
29993,0.9934605121585453
29994,1.4431502326730483
29995,2.2057351524712425
29997,2.7957783545111052
29998,1.5642361413097972
29999,0.1687234043797212
30,1.918616767884757
3000,0.2419197061654351
30000,2.363274176583895
30001,1.912895398354592
30008,2.463324466524095
30009,1.1682055253865835
3001,2.329642847271296
30010,0.6149159752328349
30011,2.300127232019836
30012,0.0
30014,0.0
3002,1.3827108952219178
3003,1.5954927389000575
3004,1.8597230910812
3005,3.0515504968908584
3006,2.5759101898407883
30061,2.686207325736653
30062,0.009520858735307
3007,0.7538985586075095
3008,0.2735361170356658
3009,0.1270681007161791
301,2.8309143865655426
3010,0.0951672823362936
3012,1.5896223127437945
3013,0.0
3014,2.332810056835128
3015,2.6871303749228153
3017,2.5383441977408467
3018,0.0
302,2.847406774933625
3020,1.9959065059572152
3021,2.9945166010254947
3024,0.0
3026,0.076750799447613
3028,2.705212853338803
3029,2.1403216250693826
3030,2.771484384273838
3031,0.0465694896604753
3032,2.581576128997775
3033,2.083448506764181
3034,0.9912473044334652
3035,1.7188164170719424
3036,0.2975972060215257
3037,0.984398703670576
3038,0.604400459318411
3039,0.193816174198769
3040,1.5969150631014026
3041,0.0
3042,0.0390501905320824
3043,2.074022907744698
3045,0.0310619747051902
3046,0.0
3047,0.0
3048,0.0
3049,0.0664261626900539
3050,0.0606346453732357
3051,0.0
3052,2.0353581129207567
3053,0.7139977657105224
3054,2.334806007143237
3055,2.300658209360503
3059,2.4605081248206884
306,1.572554554188091
3060,0.0608283430685188
3061,0.0683477895576427
3062,0.0
3064,2.0493545802814523
3065,2.5644060997196227
3066,1.949160948625422
3067,1.4745479122248928
3068,2.8839230882497886
3069,2.7840168433232853
307,2.0645907647505615
3070,1.3389212945480868
3071,2.059455314329721
3073,1.4657622288403036
3074,2.558738974156191
3075,2.4169300783024315
3077,1.8471027669538471
3078,0.6882799796036562
308,3.07596443846556
3080,0.2880029443553827
3081,0.3401827198023176
30811,0.5152221831673642
30812,0.5703769369515354
30813,0.0101380977223869
30814,0.0
30815,0.1093558077997425
30816,0.0060146795562324
30817,1.1867021105342004
30818,0.6305365540315861
30819,2.2561458346243253
3082,1.2866897553823682
30820,0.2178304945613746
30827,2.260584475139596
3083,0.7394775123086362
30832,0.9591089594484744
30833,2.1122092321345742
30834,1.3994088935601523
30835,1.2944022857458235
30836,2.059349764725404
30837,1.62562798736072
3084,0.3811801311673248
30844,2.2273742670726273
30845,1.7840869853044348
30846,2.8544055279492735
30848,1.5224522188110243
30849,2.007592571308527
30850,2.2284592989208476
30851,0.188196455857058
3087,2.0021015986626858
309,2.905297605906423
3090,1.6597405098892068
3091,2.3824079091886565
3092,2.2857464387036392
3093,2.4154082593508748
3094,2.3679122655580445
3096,1.5621471115611298
30968,2.6286556882949808
3097,1.6608302482483903
3098,2.527044022035528
3099,2.498190833270988
31,2.0590384963471373
310,2.6654422953644685
3101,1.79041467672647
3104,1.8243161115028457
3105,3.216738299896075
3106,3.3028507624116537
3107,3.2766656790006556
3108,2.6970890331639747
3109,2.3553629606332716
311,2.5632749183676653
3110,0.0256268862991105
3111,2.40388167312608
3112,0.9241969548651972
3113,2.875010390742078
3115,2.8643436510040936
3116,1.2266795497916645
3117,2.626855302107748
3118,2.5137779779701956
3119,2.680948733586727
312,0.2540775085443826
3120,2.0548387507734143
3122,3.4635982150283207
3123,3.3140338455391514
3127,3.027516711237271
313,1.8713817640912456
3131,1.4196622836648785
3133,3.2324811818540304
3134,2.3205697523658917
3135,0.6701157914124977
3136,2.465811819089745
3138,1.2116177572059823
314,1.4377976843999247
3140,1.9687389798447317
3141,1.6093099916851428
3142,0.815651803164084
3145,1.679711900278102
3146,2.606670456992768
3148,2.7675525440175104
3149,2.000617407694473
3150,2.6279310192806453
3151,2.7196180156953833
3155,1.9464370996393188
3156,1.9799187115374215
3157,1.9708142834859752
3158,0.8721088776746171
3159,2.4710937757704783
316,1.9727459273315804
3161,1.209121461447338
3162,2.6682045255758604
3163,2.3302874096813717
3164,1.756387818500458
3166,0.1532859758466703
3167,0.0
3169,2.7608435955664294
317,1.634830431188386
3170,0.0520673186640733
3171,0.6371253373583126
3172,0.201846744967738
3174,0.1331250857566386
3175,0.011781879253164
3176,2.3423676330781893
317649,1.7715317686429823
317662,1.509602347700424
317671,0.2630368896979078
3177,1.7059084511193268
317701,0.0246165431357565
317703,0.0
317705,0.2298875252519026
317719,0.1948038299851561
317727,0.0358639763576893
317749,1.8327510748886515
317751,0.294702295350584
317753,0.0
317754,0.0
317761,0.4090403726974694
317762,1.0536719153594911
317772,0.135252207441062
317774,0.0588893471988714
317778,0.0
317781,1.9181437774391696
3178,2.904998573692581
318,2.3997696031870928
3181,2.810529377696093
3182,2.7663052385016433
3183,2.7703637081728676
3184,2.6045761185302565
3185,2.873499365057356
3187,2.743918637769048
3188,2.7103124591967287
3189,2.437733701641551
319,0.1343665777337765
3190,2.9630456116105486
319085,0.0526542428027862
319089,1.8365035074206943
319099,0.0702650067990862
3191,2.4442973803054926
319100,0.0
319101,0.0270393423001977
319103,0.0
319112,0.1173554320033511
319117,0.0428182367483027
319129,0.1153627921809967
319135,0.1064275149657084
319139,0.0
319140,0.2479450057176448
319142,0.0
319143,0.3070747430554275
319144,0.0
319145,0.0654636900743731
3192,2.527847010280598
3195,0.163439113617829
3196,0.4763483043873615
3198,0.5632301112041099
3199,0.4973754616859084
32,2.245795939249612
320,0.736886091035412
3200,0.8580122747390678
3201,0.2830140637454333
3202,1.6194534135079055
3203,0.5659563791083099
3204,0.6779718552141233
3205,0.819064183529247
3206,1.0414648342788426
3207,0.7077003122774207
3208,0.3065036238862894
3209,0.186037339999593
321,1.0731354659678995
3211,0.0288518968796068
3212,1.803929280496218
3213,1.448446100260847
3214,1.6213658188469893
3215,0.9410975488338584
3216,0.824252705128805
3217,1.9698378101589944
3218,0.6407589424095265
3219,0.5284044099823861
322,2.049097660012148
3221,1.611494205429728
3222,0.3286099761852214
3223,1.9126270931751288
3224,1.678836594837561
3225,1.9060505213201264
3226,0.756730404325453
3227,0.0434116529118274
3228,0.0540221383132408
3229,0.5339058112035275
323,2.191188396506563
3231,0.2627348432514378
3232,0.8341674369872322
3233,1.3098322167035188
3234,1.5691407272869469
3235,1.7854951459095478
3236,0.5505739453691217
3237,0.0
3238,0.0
3239,0.0440046509270564
324,1.6058235423506642
3240,1.0264677451773794
3241,1.9378071454852857
3242,1.2523094122812966
3248,1.2876638432601424
3249,2.284129148924504
325,1.0667498414466714
3250,0.4739488417740011
3251,2.3538900394437414
3255,0.0
3257,2.2855428931439015
326,0.0455839386189831
326275,0.1359600224363479
326276,0.0282481437700031
326278,0.3344180932672702
326286,0.0
326288,0.0
326289,0.524677776085414
326291,0.0
326292,0.4945991165432626
326293,0.074848442848116
326294,0.0
326297,0.0
326298,0.076750799447613
326299,0.0
3263,1.2615813254132109
326307,2.2886146417749673
326309,0.0863857947605423
326310,1.5526029919194515
326311,0.0
326317,0.0
326320,0.8107456860259633
326323,0.0215782561623971
326326,0.0
326340,0.0
326341,0.0
3265,2.413550279851669
3266,0.0542173700425294
326606,0.0
326624,1.36420471049845
326625,1.6761719459213966
3267,2.0827973705095073
3268,1.627166683965489
3269,1.41096419266916
327,2.3746622539126725
3270,1.688634797699871
3273,0.444290923284619
3274,1.2572807680372735
3275,2.297237661927641
3276,2.4548559377187047
327657,0.1191627482987562
328,2.827452054963695
3280,2.335565015563614
3281,2.2444790796355094
3283,0.0
3284,0.0763706752693144
329,2.2884215129263916
3290,2.089108610058437
3291,1.4376566711788556
3292,0.583574198947213
3293,0.0140368959186701
3294,0.0336664500279098
3295,2.159156314449028
3297,2.3030107862935076
3298,1.898101307450197
3299,1.753856937120997
33,0.9039736542705494
330,1.877763130763905
3300,2.32930736716997
3301,2.7982783580679493
3303,2.7239537183787745
3304,2.489485205715917
3305,1.100643508769067
3306,2.0122756328676545
3308,2.5479376048835283
3309,2.970089235234107
331,2.14798310580551
3310,2.0250023968095454
3311,2.7775184685760954
3312,3.084989147187763
3313,2.4691071882743203
3314,0.4472633369318851
3315,3.22106335422252
3316,0.1206057494966272
332,2.1401170564706247
3320,3.0962550508671627
3321,2.0231892982320487
3326,3.2773623265568825
3327,0.6127500051867429
3329,2.5391137658120018
333,1.1204519515080509
3336,2.000714802043384
3337,2.3283166786648444
3338,2.1620488642437015
3339,2.7033077806008827
333926,1.4608279798052948
333929,1.422068278981968
333932,0.0
334,2.835785446273153
3340,2.4439049418582575
3344,1.6583968163514624
3346,0.0
3347,0.0
335,0.6602335854572156
3350,0.0234025367070836
3351,0.1896878480350211
3352,0.5784435668598199
3354,0.0763706752693144
3355,0.1414249343325171
3356,0.1641228937636206
3357,1.218469638822162
3358,0.0721778321548017
3359,0.0258288102084853
336,2.060226580700365
3360,0.0203598820990786
3361,0.0
3362,0.0822431961241168
3363,0.5487179968222254
3364,1.553549398390311
337,0.0
3371,1.9554877621526725
3373,1.5950855621066498
3375,0.0
3376,2.2939369784359003
337867,2.355182443331881
337872,0.0668108416886656
337873,1.0708760444738992
337874,0.8642583824030147
337876,1.3681803497207137
337878,0.0
337879,0.0
337880,0.0
337882,0.0
337959,0.0
337960,0.0
337963,0.0
337964,0.0
337966,0.0
337967,0.0
337968,0.0
337969,0.0
337970,0.0
337971,0.0
337972,0.0
337973,0.0
337974,0.0
337975,0.0
337976,0.0
337977,0.0
337978,0.074848442848116
337979,0.0
337982,0.0
337985,0.0
337986,0.0
338,0.4104129384553833
338005,0.0
338069,0.0136273381928503
338091,0.1487712053746272
338094,0.4281530320897303
338095,0.0493229014588557
338096,0.0499117462968908
338097,0.0
338098,0.0
338099,0.8541430166292336
3381,1.4948139027118157
3382,2.094146992908825
3383,2.1473908828189363
338321,0.0775105280642577
338322,0.0082850342053478
338323,0.0555827213422205
338324,0.0
338328,1.9155685848694888
338339,0.1900188940084079
338376,0.0710306629776471
338382,1.678864857202019
338388,0.0
338396,0.3263858001857181
338398,0.0372594270725486
338399,0.0378567710724885
3384,1.5380617546197606
338412,0.0725598717535938
338413,0.0754196057556881
338414,0.0390501905320824
338427,0.0
338428,0.0
338429,0.0
338433,0.0
338436,0.0
338440,1.9118862868705515
338442,1.7236711399933808
3385,0.9336622324779112
338557,1.3908186771876554
338567,0.0
338588,0.0
338596,1.1591606142122064
338599,0.0532407567944813
3386,0.0
338637,0.0
338645,0.4114095947150353
338651,0.4821431287945434
338653,0.0646929135332517
338657,1.7555458379714497
338661,0.0
338662,0.0
338667,0.0551928477150357
338674,0.0
338675,0.0
338692,2.1099904207732445
338694,0.0
338699,1.3421318366948276
338707,2.3369982283331123
338739,0.0780798702999492
338751,0.0
338755,0.0420263638480368
338758,0.6904747633538331
338761,0.0994309548859968
338773,2.64721899158881
338785,0.5027866157120824
338799,1.631093084965737
338811,0.2049391623143697
338817,0.3480729452368478
338862,0.0
338864,0.0
338872,0.233500677344822
338879,0.1648060986053919
338917,0.0694986479199568
338949,0.0
339,0.0
339039,0.853221443975024
339044,0.0105493414072734
339059,0.0475538868142473
339105,0.4840646055302309
339122,0.5046545982458458
339123,2.0777630237476115
339145,0.0923747627007558
339166,0.0
339168,0.0575293748341413
339175,1.8471792136952965
339201,1.6100337299845735
339210,1.4681115485751428
339221,0.0598594062479726
339229,2.3628235378222033
339230,2.3309989866728973
339231,2.20281722819749
339244,0.0
339257,0.0136273381928503
339263,0.8917548493452067
339287,2.45052523784051
339290,1.576279648802629
339291,0.0
339298,0.0
339302,0.0
339318,1.3346289004197716
339324,1.8379911294305904
339327,0.8913827380832917
339344,1.8138067258476311
339345,0.0
339366,1.2252375314671562
339390,0.0
339396,0.0
339398,0.1036727819699854
3394,2.136216743585185
339400,0.0871367817651098
339403,0.0487336436053482
339416,0.0849459240759063
339442,0.0
339448,1.8068864085251628
339451,1.7337966450604851
339453,1.0056452715284026
339456,0.628141849012342
339479,0.0084911297831118
339487,1.7869648566158056
339488,1.4069833540283236
339500,1.1296683682234383
339501,0.0
339512,0.0084911297831118
339524,0.7663596533130698
339529,0.0
339535,0.3075028069978139
339541,1.1530627144685242
339559,1.4229161482150292
339568,0.0
3396,2.489882503065932
339622,0.0
339665,0.8201745568263427
339666,0.3552126429204981
339669,0.0
339674,0.0238073990491231
339685,0.0
3397,2.496642871179929
339745,2.0208998509018503
339751,0.1818688831908015
339761,0.1354292185439032
339766,0.0126025784990239
339768,0.5096852094372708
339778,0.1586364724369398
339779,0.0
339789,0.0629560650472485
339799,1.8176402536546188
3398,2.5418283534811987
339804,0.5637357633271645
339807,0.0352652184723042
339822,0.1125311607008691
339829,0.0942374869521354
339834,0.9368432406182304
339845,0.029254159459327
339855,0.0510881989588056
339874,0.3537362857810169
339881,0.0197500372972908
339883,0.3277766613678189
339894,0.0936791088254262
339896,0.0
339897,0.0
3399,2.656836875314428
339926,0.0
339929,1.0404442617489973
339965,0.4039022480596825
339966,0.0
339967,0.0091091168566818
339976,0.0
339977,0.2768071024545558
339978,0.0
339983,2.035476591845719
339988,0.8786621408285414
34,2.1750422674668
3400,2.1549154246223745
340017,0.0923747627007558
340024,0.1685534795001399
340061,2.463020556940541
340069,0.0260306859239784
340073,0.0
340074,0.0654636900743731
340075,1.2656518408970931
340090,0.0
340094,0.0076664475141711
340096,0.063149226365247
340107,0.0
340113,0.0
340120,0.090507846716347
340146,0.0154687933557568
340152,0.9248442350195962
340156,0.4894628913239758
340168,0.0
340198,0.0826206497668653
340204,1.0872762309367514
340205,1.092553210252745
340217,0.118620969890508
340252,1.6869865461956717
340260,0.0
340267,0.3797533081747531
340268,0.068923416931643
340273,0.0860100466169922
340274,0.1872006591820415
340277,0.7529775263906382
340286,0.0445972313113895
340307,0.0
340348,1.91750957103109
340351,0.5466501766845521
340357,0.0
340359,0.3880174160816136
340371,1.986691492635278
340385,1.7061876210385278
340390,0.4263246109472187
340393,0.1071605621244834
340419,0.032865928486596
340441,0.0
340443,0.3367566013394775
340460,0.0
340481,1.581235952703337
340485,1.4296482630573817
340512,0.0
340515,0.0
340526,1.536930558909963
340527,1.3925688621028225
340529,0.0
340533,0.2655996172193899
340542,1.580501085993835
340543,0.290777040522898
340547,0.355480765561983
340554,0.5344325850088708
340562,0.0154687933557568
340578,0.3464471286688641
340581,0.0370602183099194
340595,0.0
340596,0.1343665777337765
340598,0.1903498040086411
340602,0.0376577034343075
340654,0.0238073990491231
340665,0.0869490986322006
340706,1.824729833869089
340719,1.1235827429509526
340745,0.0350655380227658
340749,0.1259945652633729
340784,0.0126025784990239
340811,0.1431800483883791
340895,0.1773426538726067
340900,0.0583067721494003
340947,0.1608697997347039
340970,0.0
340980,0.0
340990,0.0033236975274522
341,2.562233232357258
341019,0.4275440557109228
341032,0.7048183354221091
341112,0.0
341116,0.0310619747051902
341128,0.0
341152,0.0
341208,0.1115452309313575
341230,0.0565566131007352
341276,0.0
341277,0.1868684534699322
341333,0.0
341346,0.3172836446937965
341350,0.036063467897197
341356,0.114818507485862
341359,0.0142416006900836
341392,0.4257141411395371
341405,0.0475538868142473
341416,0.0
341418,0.0
341511,0.0744674501196066
341567,0.1053267233098706
341568,0.0
3416,1.4392290713526954
341640,0.1605266099672951
341674,0.0
341676,0.9432708859333764
341689,0.0
3417,2.4203301445959653
341784,0.0852580403731478
341799,0.0
3418,2.6148505453094617
341880,0.0252228938178094
341883,0.0134224851965348
3419,1.5165608172848783
341947,0.0646929135332517
3420,2.5281437494140095
342035,0.91625749327147
342096,0.0103437444480222
3421,2.4033231396166475
342125,0.0702650067990862
342132,0.3708729179436651
342184,0.9823129173929456
3422,2.1001372924864787
3423,0.9902963093247388
342346,0.2243575867846448
342357,1.47742035625447
342371,1.9828135578517143
342372,0.1175363422620864
342374,0.0814877748095437
342419,0.0
342443,0.0
3425,1.8531270853268256
342510,0.9690988946130424
342527,0.1721144431730159
342538,0.3626847374461915
342574,0.2287846053397926
3426,1.1036212442684266
342618,0.1184402978192798
342667,2.331140607607223
342705,0.025020825205399
342732,0.0717956175864252
3428,2.539481866496015
342808,0.0777003520403405
342850,0.0
342865,0.0
342892,0.5473745926216265
342897,0.7823482956975343
342898,0.0
3429,2.845722483987446
342900,0.0
342908,1.0477919842489452
342909,1.081089095078254
342918,0.5651496832193329
342926,0.86315674385075
342931,0.0
342933,0.0679638175237219
342945,1.1634258233287278
342977,0.8843333920218855
342979,0.7526702321100127
343,1.2958573394349469
3430,2.523747732723245
343035,0.2718954979794535
343066,0.0
343068,0.0
343069,0.0
343070,0.0
343071,0.0
343099,0.9534068528318312
3431,1.766631523644835
343169,0.0
343170,0.0
343171,0.5407239685166306
343172,0.0846935889461878
343173,0.0
343184,0.0792173887819751
343263,0.0
343296,0.0
3433,2.1632009244836965
343301,0.1064275149657084
343326,0.1499891819001348
343332,0.0332662841654657
3434,2.3621429314144775
343406,0.0
343409,0.0
343413,0.9969221627626876
343450,0.5453028877204354
343472,0.0
343477,0.0882619910836516
343495,0.0453866897349848
343521,0.5714777966331201
343563,0.0
343578,0.0334663908138561
343637,0.3751954852871808
343641,0.0
3437,2.584362379709577
343702,0.009520858735307
343727,0.0
343851,0.0
3439,0.0
343930,0.0
343981,0.0
343990,1.5387506653618694
344,0.0557775902066152
3440,0.0
344018,0.0489301088118718
344022,0.0294552189612712
344065,0.2680039963654779
3441,0.0
344148,1.140789836240122
344167,0.0852580403731478
344178,0.0
344191,0.0
3442,0.0
3443,0.0
344320,0.1805304190528387
344387,0.0675796689626678
3444,0.0
344454,0.0551928477150357
344462,0.1763333746336354
3445,0.0
344558,1.7694910514449682
344561,0.0
344595,0.74850781777223
3446,0.0
344653,0.0
344657,0.0761805481519545
344658,0.0
344697,1.5146948777965183
3447,0.0
344729,0.0
344752,0.0
344758,0.0
344787,1.0852962568958682
3448,0.0
344805,0.0465694896604753
344807,0.0209692882026594
344813,0.0
344838,0.0
344866,0.1315261137724414
344892,0.0
3449,0.0
344901,0.0
344905,0.2115719051452569
344978,0.0487336436053482
345,1.1778751691778122
345016,0.0207662015448037
345041,0.061215604083323
345051,0.2838967698843725
345062,0.0
345079,0.7507464219676501
3451,0.0
345193,0.4456002523021204
3452,0.0
345222,0.2320887894316884
345274,0.9730279381465632
345275,0.7938554519536883
3454,2.291655110872692
345430,0.201846744967738
345456,0.0
345462,0.780361570640417
345471,0.022997480615535
3455,0.5382140164979646
345557,1.3128052947538502
345576,0.0166942133416963
3456,0.0424223934120883
345611,0.0912551171776534
345630,0.8960184245779552
345643,0.3862173323295896
345645,0.0
345651,0.0506962311574882
345757,2.37877342410458
345778,1.811398071752276
3458,0.2568216815987181
345895,0.7452523147925135
3459,2.678500923980902
345930,0.2375654303383231
346,0.0
3460,2.589158617675261
346007,0.0538268611423806
3461,0.0
346157,1.1096608720324554
346171,1.4585339691492607
346288,0.0
3463,0.4612507903641049
346389,1.1103088768460654
346517,0.0
346524,0.0
346525,0.0
346528,0.0078726930921942
346562,0.0
346606,0.057723791780431
346653,0.4813504659486741
346673,0.0
346689,0.8879614606645997
3467,0.0
346702,0.3472604679236007
346708,0.0
346711,0.0
347,3.042012187932172
347051,0.2606172693978964
347088,0.0322650387162132
347097,0.025020825205399
347148,0.2462501984298378
347168,0.1695724950282078
347169,0.0
347193,0.0
347240,1.0216181653986942
347252,0.6904747633538331
347265,0.1610413402968344
347273,0.4080405655496561
347275,0.0
347333,0.1177172127846447
347344,0.973408585292776
347359,0.0
347365,0.9394912448969436
3474,0.0
347404,0.112455778548313
347411,0.0
347422,0.0
347442,0.0080788886488122
347454,0.9986455944604116
347468,0.0
347475,0.8429957688637182
347487,0.0
3475,1.0844391878762425
347516,0.0616026860516921
347517,0.5746706330251755
347527,0.043016088629042
347541,0.0
347544,0.1840391672405283
347549,0.0
347584,0.0
3476,2.5740195279366733
347613,0.1430047064851852
347686,0.0
347687,0.2933960701910224
347688,0.5729762258978246
347689,0.0326656794165476
347694,0.0
347703,0.114273863088368
347704,0.0
347717,0.0
347730,0.0072538062085478
347731,0.0171022935190702
347732,0.5499558301586809
347733,1.8741467790847353
347734,2.525669123890928
347735,2.577490001812427
347736,0.275916367201021
347741,0.0
347744,1.7143904134412296
347853,0.04578114125236
347862,2.255347210974534
347894,0.0
3479,0.9229003740471332
347902,1.902245840669295
348,3.1668601900426836
3480,2.7417368515928824
348013,1.5667128289912922
348021,0.0
348093,1.7596100767069456
348094,1.5391329655935244
3481,0.6090618971896278
348110,1.957373298670548
348120,0.0150599263207783
348156,0.7433069469906731
348158,0.092934019355804
348174,0.1213263021618315
348180,1.509927278334549
3482,2.1417016081355595
348235,2.390069171198024
348254,0.0264342928541542
348262,2.544069354496089
3483,1.7130054752414536
348303,0.0
348327,1.0167290234987003
348378,0.5284044099823861
3484,0.1791897340119939
348487,0.1888596375756467
3485,2.5805582378762484
3486,2.771421599261555
348645,0.7408085788560842
348654,1.1345735749937738
3487,3.338923737730511
348751,0.8022482598167268
348761,0.0
348793,1.7787898559676054
3488,2.947785471358509
348801,0.9234311195241858
348807,0.0316637209677261
348808,0.0070474104382352
348840,0.0105493414072734
3489,2.4922191622599437
348910,0.0
348932,0.0
348938,0.0903209239347336
348980,0.0236049920866109
348995,2.2000430937074698
3490,3.1833079356249514
349075,0.7275369227074908
3491,2.816623762462119
349136,0.9483313640595304
349149,1.4932407557651275
349160,0.0105493414072734
349198,0.0
3493,3.267159790730702
349334,0.135606191401068
3494,2.8230223206817713
349408,0.0266360241092229
3495,1.734308034806234
349565,0.8798004584322537
349633,0.0234025367070836
349667,1.325177370944361
3497,0.6812259070096482
3498,0.1984148928985513
3499,0.1581202170574014
35,2.414131378059631
350,1.5104751057095744
3500,3.1390473912816645
3501,2.6605884092593857
3502,2.6229588103150943
350297,0.0
3503,2.776429174198083
350383,0.2686039444299036
3507,3.257651283294025
3508,1.511164083266472
351,3.025835379942204
351143,0.0
3512,2.885417216683447
3514,3.5024553448416165
351449,0.0
3516,2.2482321270543792
3527,0.0
352896,0.0
352909,1.0687470163966144
352990,0.3033549427328108
352999,0.1905152080494213
353,2.646311695172857
353013,0.0445972313113895
353088,1.5200327065557744
353091,0.304214939732099
353094,0.0
3531,0.0
353116,1.5402589751225888
353131,0.0
353132,0.0617961599388916
353133,0.0
353134,0.0758001637739616
353135,0.0
353137,0.0
353139,0.0
353140,0.0
353141,0.0
353142,0.5598837827191709
353143,0.0
353144,0.0
353145,0.0
353149,0.0064279224007442
353163,0.0258288102084853
353164,0.0
353174,0.0493229014588557
353189,0.2143060330373782
353196,0.0
3532,0.0981356370534185
353219,0.3742806288380695
353238,0.0443997508881444
353267,0.0532407567944813
353274,1.3878969876836174
353288,0.0
353299,0.0238073990491231
353322,1.0171843354689918
353323,0.0
353324,0.2557556363801945
353332,0.0
353333,0.0
353345,1.0342838002535737
353355,0.6768550630041905
353376,0.0619895891189751
353497,0.294702295350584
353500,1.5994273599900446
353511,1.1578509186172985
353512,0.5049837449076889
353513,0.0
353514,1.1478295094405224
3537,0.0
3538,2.9728933073892776
3539,2.9678772962249713
354,0.0078726930921942
3540,0.1354292185439032
3541,0.1160879462910086
3542,0.4987043625788542
3543,0.1137288585710933
3547,0.7547417193000032
3549,0.1102687734821434
355,1.4551637564415043
3550,2.5437823501014485
3551,2.150264339135098
3552,0.0858221088259321
3553,0.7771110503122304
3554,2.3585391389170676
3556,0.8646467422306313
3557,2.1048397885185572
3558,0.3199553764071411
3559,1.2886988335114462
356,1.1464123014206131
3560,1.9082684398068137
3561,1.7585740268382224
3562,0.0
3563,1.1566413008824497
3565,0.0845053532862342
3566,2.4144787345467256
3567,0.0873244225138922
3568,0.1036727819699854
3569,0.6098200159164621
357,1.596221375728296
3570,1.7315820371933957
3572,2.835703540697686
3574,0.6513683617114199
3575,2.2675823185336244
3576,0.8795476754932257
3577,0.6375805798663192
3578,0.0581124904196997
3579,0.4368676006350788
358,2.95741563147217
3581,0.2740491385392635
3586,0.4635758600217035
3587,2.0565221118913373
3588,0.4283964836125933
3589,0.6730615749351424
359,0.0084911297831118
3590,1.6962425116229882
3592,0.1982511050965841
3593,0.2278380276741225
3594,1.4038766150924964
3595,0.5273416192082911
3596,0.0370602183099194
3597,2.6440422815047264
359710,0.0
359730,0.0
359731,0.0
359732,0.0
359738,0.0
359742,0.0
359743,0.1905152080494213
359745,0.0
359746,0.0
359748,0.0
359752,0.202009801220362
359753,0.0
359755,0.0
359757,0.0
359758,0.0
359769,0.0
359771,0.0
359778,0.0
359780,0.0
359783,0.0
359787,0.0
359791,0.0
359792,0.3182690404455821
359793,0.0
359794,0.0
359797,0.0
3598,0.4395101750065542
359802,0.0
359809,0.415506866858674
359819,0.2338140899857443
359822,0.0
359845,2.1491472436382626
359941,0.0
359948,2.659237941472746
359996,0.0
36,2.2647388547569953
360,1.8027299699935575
3600,0.8444665871706317
360001,0.0
360014,0.0
360015,0.0
360019,0.3237362401119191
360020,0.0
360021,0.0
360023,1.910040523957023
360030,0.0
3601,1.8854927847970335
360155,0.293686531565202
360156,0.0
360158,0.0
360163,0.0
360176,0.0
360183,0.2125379587842801
360200,0.78249522226127
360203,0.0
360205,0.0551928477150357
360226,0.0
3603,1.580343464775618
3604,0.7077824744456044
3605,0.0
3606,1.88633585931719
3607,2.0871148501893533
3608,2.8313347308197354
3609,2.615021790946225
361,0.0761805481519545
3611,0.5209318171394252
3612,1.7348063747191875
3613,1.715927033452602
3614,2.488904158347053
3615,2.57250844962935
3617,0.7312763762380133
3619,1.9114134073594096
362,0.3800129302731301
3620,1.238528491850113
3621,1.8363466049830257
3622,2.05000465373599
3623,0.6086825302535946
3624,2.279261764397417
3625,2.294562992806016
3626,0.1553613094606595
3627,2.5109088573082965
3628,1.711944232941904
363,0.1492934180322608
3630,0.0
3631,1.7201832173758649
3632,1.9190331758612
3633,1.6400027122838194
3635,1.9705967215665197
3636,2.491186942266995
3638,2.332110045202171
364,2.2721388309216977
3640,0.4671652947146989
3641,0.0364623094604789
3642,0.2034758186827095
3643,2.177423220143436
3645,0.4142676309860906
3646,1.8991204221558144
3647,0.0
3651,0.0138321417599086
3652,1.747058827082101
3654,2.6766961996131418
3655,2.505515647343925
3656,1.4772684495161552
3658,1.977402294270875
3659,1.8436479410004816
366,1.468222090440518
3660,2.270924995822463
3661,2.3654769185888673
3662,0.908457435143898
3663,1.8952492769810343
3664,2.419260809744824
3665,2.3795666551782397
3667,2.025623074396688
3669,1.4932827721364357
367,2.2176032797133813
3670,0.0128076294222381
3671,2.981775156961925
3672,1.8925907130805069
3673,2.024179339788181
3674,0.8417228038927117
3675,2.238932185897187
3676,1.4936187731490482
3678,2.50568878629361
3679,2.505760301375165
368,1.1101361465887962
3680,1.6686893019909153
3681,1.1738341341089051
3682,1.475703254795429
3683,1.8528161703315729
3684,2.188466252021606
3685,2.5240205056245193
3687,2.1158930676047625
3688,2.586512717273759
3689,2.5904275756218267
369,2.489601580146011
3690,1.260756939068142
3691,2.469243169152401
3692,2.5226338205082377
3693,2.836291158494074
3694,2.278055944823516
3695,1.088801622206819
3696,1.1598341255436206
3697,0.4458380641682153
3698,0.907913819030666
3699,1.0043034788525935
37,2.7943110357475596
3700,0.0890112847364733
3702,1.2206401537604352
3703,2.3105832700267066
3704,2.431337057040366
3705,2.4914363266685964
3706,0.5468572273828489
3707,2.1727869242643223
3708,1.310975369754267
3709,1.6766834248780715
3710,2.086692093173509
3712,2.285356684223269
3713,0.0
3714,2.1447926020610755
3716,2.423912995616334
3717,1.631328545255443
3718,1.866187382078088
372,2.6268161729307384
3720,2.135865772770875
3725,2.708542479354508
3726,2.812983214104781
3727,2.7936057924036386
3728,2.861444338748675
373,1.760185890648589
3730,1.554179291018141
373156,2.549830774570058
3732,2.108691412379656
3735,2.494051119061183
373509,0.2912141562591531
3736,0.0270393423001977
3737,0.1128197163068454
3738,0.7691389038947108
373856,0.0445972313113895
373861,0.2799167303324134
373863,0.0
3739,0.0171022935190702
374,2.6376115065769263
3741,0.7146486928520732
3742,0.5839673273289421
374286,0.0625696085978943
374291,0.951888588933786
3743,0.0082850342053478
374308,0.2591012256984977
374354,1.6715565888269406
374355,0.0
374378,1.9311871445068185
374383,0.2628858809535586
374387,0.6753918872301874
374393,1.3979363364722313
374395,2.301767415829908
3744,0.0
374403,1.783008316296815
374407,0.1666819524291762
374443,0.0869490986322006
374454,0.0091091168566818
374462,0.5529384542606942
374470,0.2984635860502864
3745,0.8723007081976577
374569,0.1062441514989379
3746,0.0394476217259577
374618,0.6480591544684113
374654,1.4387133046662126
374655,1.9269103219731367
374659,1.1396012217622589
3747,0.0168982779780871
374739,0.3255500787994247
374768,0.0
374786,0.0658488120877697
3748,1.6037290204417989
374819,1.2506309375973734
374860,0.0621829736100838
374864,0.3831214816130382
374868,1.3423583870640736
374872,0.6808841038022817
374875,1.298386487442188
374877,0.2556032266047128
374879,1.098003343271987
374882,2.2847303669266146
374887,1.8701548573806157
374890,0.0
374897,0.1954615941975408
374899,0.7771110503122304
3749,0.7913962056815869
374900,1.1050608270513118
374907,1.7187776721293668
374918,0.2062376744147988
374920,1.788407518765041
374928,0.9338941291980392
374946,0.1197041703191302
374955,0.016081724652309
374969,2.1782744857316105
374973,0.1160879462910086
374977,0.150163030160434
374986,1.6093758328330237
374987,0.2692034350311641
375,3.0584363301690782
3750,0.8015351207342132
375033,1.8812948661433249
375035,2.130060966178338
375056,2.1289289980402133
375057,1.6845515388407788
375061,1.8043635869622476
3751,1.303530987031943
375189,0.7634930920487442
375190,0.8676163341648047
375196,0.1850388721625969
3752,1.3846194211840528
375248,0.6192279019965827
375287,1.6563514846871157
375295,1.816366301131388
375298,0.2144665734113071
3753,0.2442425560068213
375307,0.3329011466395836
375316,0.1975956198799462
375318,0.0
375323,0.0201566492701331
375337,0.0
375341,1.416583451484728
375346,0.1929922007033621
375387,1.7965092592337033
3754,2.3908886826989786
375444,0.9438985872876596
375449,2.122841550323145
375484,1.3706530499901457
3755,0.4332489049250859
375519,0.0132175827499873
375567,0.0128076294222381
375593,0.057140405596366
3756,0.4695869505650391
375607,0.0276439590910099
375611,0.1100862611199595
375612,0.0
375616,0.3868607110340799
375686,0.4129021022610296
3757,0.6015311719262784
375704,0.5450953876461878
375743,1.7017936005830376
375748,1.3221555417307933
375757,1.924170250413534
375759,0.1939808677093617
375775,1.537659431804448
375790,2.4678886917074925
375791,1.2981710519451293
3758,0.1034888062958342
375850,0.0
3759,0.9207728630580708
3760,2.678267826083685
3761,0.0
376132,0.0
3762,1.8413673474485712
376267,1.7284853489358396
3763,0.0799748722352531
3764,1.924122841640604
376497,2.005232472066689
3765,0.0086971754034013
3766,0.3313812065657156
3767,1.5724833132603613
3768,0.7032486828264427
3769,0.0197500372972908
376940,1.158248115981826
377,2.6586214606766667
3770,0.67124361522531
377007,0.9011091321333984
3772,0.5584593724035771
3773,0.147202558931156
377381,1.8795063467672992
3775,1.366263954799687
3776,1.332123130771724
377630,0.0731326033913595
377677,0.6730615749351424
3777,1.077537021798162
3778,0.6565240641942933
377841,0.913987513428352
3779,1.0846648543254906
377997,0.0
378,2.9083794399727028
3780,0.3217781008465626
378001,0.0
378009,0.0
378010,0.0
378013,0.0
3781,0.2932507989349053
378108,0.2540775085443826
3782,0.8397077178862903
3783,1.9183923678313104
3784,1.588143106692449
3785,0.0029089440711514
3786,0.5433292095939597
3787,0.1144554512135472
378706,0.0
378707,0.8612080247566096
378708,0.5815066848833075
3788,0.2531606609068825
378805,0.4660093211658509
378807,0.0
378825,0.2548407360751445
378828,0.0
378832,0.0510881989588056
378884,1.1813921501376012
378925,0.0561671921294347
378938,2.64307685550123
378948,0.0
378949,0.0
378950,0.0
378951,0.0
378952,0.0
378955,0.0
379,1.7271061995458588
3790,2.0308879750730156
379005,0.0
379006,0.0
379007,0.0
379008,0.0
379011,0.0
379012,0.0
379024,0.0
379025,1.9778228361453216
3791,2.102851632028237
3792,0.162412362843722
3795,0.9127894702242866
3796,1.5167209925147351
3797,1.9506857704393024
3798,0.4466698060073014
3799,2.638823102274187
38,2.086248188277482
3800,0.8534848857854838
3801,1.7860372090810124
3802,0.0621829736100838
3804,0.0225922306114602
3805,0.0412337454202869
3809,0.0223895328412295
381,2.7221815412937898
3811,0.0565566131007352
3812,0.1259945652633729
3814,0.1407218323048948
3815,2.1040733762716153
3816,0.7082752380473739
3817,0.0662337567877756
3818,0.5364308170100254
382,2.6999692275947305
3820,1.7018070225306952
3821,0.2711486275042417
3822,0.0473570995805846
3823,0.031262604438497
3824,0.5349589736554039
3827,0.4039022480596825
383,0.1770063673650971
3831,1.3659664126411084
3832,1.9218325982545712
3833,2.1251776440150687
3834,0.1021998293216098
3835,2.5184677140743745
3836,1.840785526894818
3837,2.447357744999241
3838,2.2287282925080465
3839,2.249638103935398
384,0.6629588037535905
3840,1.9976839849442365
3841,1.105626954523916
3842,2.1798595647694876
3843,2.345525720464086
3845,1.9022041052653256
3846,0.5226466645801888
3848,0.7174891390004348
3849,0.041431969987866
3850,0.0
3851,0.0126025784990239
3852,2.133915655656856
3853,0.1053267233098706
3854,1.7525679880056533
3855,1.9440625620000132
3856,3.197860774262979
3857,0.0463724718392014
3858,2.187612394714882
3859,0.0144462560950847
3860,0.105693816820032
3861,2.5795487949354703
386593,0.1400181252501461
386597,0.3515837589493132
3866,2.3658671145068952
386617,0.0264342928541542
386618,0.0193432301006561
386627,0.3665256505055654
386653,0.0
386672,0.0
386674,0.0
386675,0.0227948798627598
386676,0.0
386677,0.0294552189612712
386678,0.0
386679,0.0
386680,0.0
386681,0.0
386682,0.0
386683,0.0
386684,0.0
386685,0.0
386688,0.0
386689,0.0
386690,0.0
386691,0.0
386692,0.0
386693,0.0
386695,0.0
386697,0.0
386724,0.0374585887741673
386731,0.0
386732,0.0
386734,0.0
386735,0.0
386736,0.0
386742,0.0
386745,0.0
386746,0.0
386758,0.6638356086063987
3868,1.5158794801367357
387,3.0714654418841
387032,1.385141069582379
387043,0.0675796689626678
387044,0.0
387055,0.0
387066,1.9934133683192976
387074,0.0
387082,0.1324148165236816
387103,1.807033721590698
387104,0.0569458532680942
387111,0.0324653828330247
387119,0.9878061089499316
387122,0.3908374925918351
387129,0.0
3872,1.909753912707209
387263,2.149459346010107
387264,0.8617282650865759
387266,0.0
387267,0.0
387273,0.5588666369200369
387317,0.0
387321,0.0794068242501354
387322,0.0
387323,0.4167440575427305
387332,0.0150599263207783
387338,1.5824581790447445
387357,0.9804349548867574
387361,0.0
387363,0.0
387364,0.0
387486,0.0
387491,0.0370602183099194
387494,0.3610897183286638
387496,1.7686858544942632
3875,3.147676541636306
387509,1.9146552342833143
387521,1.74511760493226
387522,0.0
387597,0.3311045314064483
3876,0.3616217619129963
387601,0.0286506937617837
387640,0.2473291319515496
387646,0.5908119230897505
387680,2.0480395689573063
387694,0.0831865093464727
387695,0.6151979995868957
387700,0.3033549427328108
387707,0.3422310834944084
387712,0.2548407360751445
387715,0.1974316650138717
387718,0.0
387723,0.6722830396126965
387733,0.2539247744882158
387742,0.0
387745,1.0142948468650477
387747,0.0750388739578922
387748,0.0173062599854029
387751,1.0769429090034277
387753,0.4514048025102579
387755,0.0610219959658159
387758,2.3631415679569288
387763,1.8281649962921496
387775,0.1969395996757199
387778,0.0
387787,0.8462004985938055
387804,0.4181026121442722
387810,0.0
387815,0.0
387820,1.9226979425989876
387836,0.0583067721494003
387837,0.054997842915243
387841,1.524682466531026
387845,0.3511794854079225
387849,0.145106329829701
387853,0.0
387856,0.7454076995569012
387867,0.5651496832193329
387882,1.9832758118344445
387885,0.2049391623143697
387890,0.78249522226127
387893,2.038837614812816
3879,0.1499891819001348
387911,0.0447946653885956
387914,1.3902511574208225
387921,2.1045648526178136
387923,1.384018869610422
387933,0.3219181325915043
387978,0.0
387990,0.4484489757337707
388,3.163311906625613
3880,3.340458356107914
388011,0.3158737571340648
388015,0.0134224851965348
388021,0.0268377072511832
388076,0.0565566131007352
3881,0.1447564345294934
388112,0.0914418297097786
388115,1.4208059527122103
388121,1.4529345897488912
388122,0.0
388125,0.3206569328306082
388132,0.1768381716659198
388135,1.331689891036714
388181,0.0223895328412295
3882,0.4595021694922117
388228,2.254115319167826
388248,0.1216863419358079
388254,0.0236049920866109
388255,0.7083573304328887
388272,1.0209149723021744
388282,0.0171022935190702
388284,1.3793208705814377
3883,0.0542173700425294
388323,0.8894566612589927
388324,1.5039011341216586
388325,1.0918404823330143
388327,1.0838520467870214
388333,0.1270681007161791
388335,1.3287052982609355
388336,0.7912512564862348
388339,1.18257227165975
388341,0.9742777464859012
388344,1.9352800052569297
388363,1.80546324014692
388364,0.4109114319638679
388381,0.057140405596366
388387,0.3720542391857689
388389,0.009315012732202
388394,0.1233045730531342
3884,0.0
388401,0.0475538868142473
388403,2.1417104653140284
388406,0.0
388407,0.6048775368020581
388419,0.0412337454202869
388428,0.3550785463363491
388456,0.0
388460,0.0
388468,0.0
388474,0.8777119797982087
3885,0.0
388512,0.1876987112634928
388523,0.2281536786182414
388531,0.029254159459327
388532,0.0721778321548017
388533,0.3530642712957951
388536,1.1288327990456757
388551,0.1911764847688737
388552,1.888802825097895
388553,0.0
388555,0.1009088407219797
388556,1.1584069169752331
388558,1.158565673457401
388559,1.574970357127596
388561,1.784708480605891
388564,1.8691235723056547
388566,1.0034762749810753
388567,1.1594380394520536
388569,1.218897300324662
388579,0.0336664500279098
388581,0.5411414427616605
388585,0.0270393423001977
388588,0.8475975566312697
388591,1.2133836811939498
388595,0.1810326030199602
3886,0.059277505632032
388610,1.18416719334139
388611,0.7906711391858438
388621,0.3624191323761177
388630,1.2756318092549888
388633,0.4483304971249586
388646,0.0148554188895284
388649,0.0645001083526856
388650,2.0077264473229617
388662,0.233187141084176
388667,0.0
388677,0.0362629122582597
388685,0.659440367914087
388695,1.9350187121548352
388697,0.058501008843608
388698,0.015877463426456
3887,1.2642765422321236
388701,0.4148875049406991
388707,0.4355427863089285
388719,0.1768381716659198
388722,1.070136387548639
388730,1.2936887914427813
388743,1.772057568995449
388753,1.90280467715534
388759,0.5009138267279217
388761,0.0
388762,0.0
388789,2.0899787486977366
388795,0.0841287540882683
388796,1.294743185660359
388799,0.6900532383974165
3888,0.0
388815,0.3969540916648174
388818,0.0
388820,0.0
388830,0.0
388849,0.740025919492917
388882,0.0449920531388688
388886,1.577497200361909
3889,0.0920017153720052
388907,0.6907275531409021
388910,0.0505001786277436
388925,0.0532407567944813
388931,0.1130016249722951
388939,0.0784592157513684
388942,0.0
388946,0.0
388948,0.1302803097110695
388951,0.011781879253164
388960,0.011781879253164
388962,1.1383278912490078
388963,0.556521687446035
388969,2.008884739026328
388996,0.0
389,2.612159912901974
3890,0.0
389000,0.0
389015,0.0
389023,0.0308612972995617
389053,0.3214979612336592
389058,0.3404561507267515
389072,1.2774266735967137
389073,0.0
389075,0.0
389084,0.591978651219414
389090,0.0
3891,0.0520673186640733
389101,0.0740862832627668
389114,1.0628287231719205
389118,0.09665278895269
389119,1.8252136714029992
389120,0.0181216355189445
389123,0.0
389124,0.0
389125,0.1428293269526154
389127,0.0683477895576427
389136,1.275696014663951
389141,0.2199058457810981
389144,0.0
389151,0.0
389152,0.0
389156,0.0721778321548017
389158,0.0
389161,0.0164900995891271
389170,0.4558751848662594
389177,0.0
389179,0.4365065213864079
389197,0.0710306629776471
389199,0.1055102904479631
3892,0.7519783007549146
389203,2.267278162557269
389206,0.0362629122582597
389207,0.0
389208,0.0
389223,0.4951552313876683
389240,1.078769026216981
389247,0.4360248097835503
389257,0.1064275149657084
389273,0.0
389289,1.361100419392194
389320,0.0
389322,0.6929144746476781
389332,0.0818655711838594
389333,1.098796654318468
389336,1.2676430924188915
389337,1.6747908858054743
389342,1.5166008660662764
389362,1.16601658646912
389376,0.0586952005206574
389383,1.1798275212409592
389384,0.0382547653609949
389386,0.0246165431357565
389396,0.0
389400,0.0189362275154237
389404,0.2852189645943883
389421,0.0060146795562324
389428,0.1494674146509814
389432,0.8067232117883567
389434,0.0740862832627668
389435,2.106397087304413
389458,0.1895222740277748
389465,0.0588893471988714
389493,0.2072101800793139
3895,2.3632558890475956
389524,1.0315252429800927
389537,0.2531606609068825
389541,2.6037383801986844
389549,0.0123974780415539
389558,1.412374858213409
389602,0.0420263638480368
389610,0.0573349127789155
389611,0.0
389616,0.0
389626,0.0668108416886656
389630,0.0
389634,0.0914418297097786
389641,0.7312763762380133
389643,0.5535539996320848
389644,0.0402419221072167
389649,0.1668522697819637
389658,0.0
389668,0.2189486615675671
389672,0.3855734063166763
389676,0.0
389677,1.33755154728716
389690,0.0733234266047182
389692,0.0254249141756302
3897,0.9336042447596876
389727,0.0
389730,0.0
389740,0.3203763866263268
389741,0.3046445817346442
389756,0.0
389761,0.0
389762,0.0
389763,0.0
389766,0.0716044446446561
389791,0.1577758647003239
389792,1.9354413059026685
389799,0.0960960359655527
3898,1.421510331472055
389812,0.0248187083181388
389813,1.0619381724405184
389816,0.1637810756568249
389827,0.0348658102965977
389831,0.0
389840,0.0320646470462866
389852,0.0
389856,1.4410067356843608
389857,0.0
389860,0.0648856742777243
389874,0.0
389895,0.1238432763780587
389898,0.0302589788495971
3899,2.2603774316298315
389901,0.2988964149213926
389903,0.0
389941,0.5906172807428398
389948,0.0
389976,0.0
39,1.8003745214502198
390,2.055619656099496
390003,0.0
390010,0.0
390012,0.0
390028,0.0
390030,0.0138321417599086
390031,0.0
390033,0.0
390034,0.0
390035,0.2830140637454333
390036,0.0
390037,0.0
390038,0.0
390039,0.0
390040,0.0
390041,0.0
390043,0.0
390044,0.0
390046,0.0
390053,0.0
390054,0.0
390058,0.0
390059,0.0089031710875008
390061,0.0639214260144302
390063,0.0
390064,0.0
390066,0.0
390067,0.0
390072,0.3259680525856669
390073,0.029254159459327
390075,0.0
390077,0.0
390078,0.0
390079,0.0
390081,0.0
390082,0.0
390083,0.0
390084,0.0
390091,0.0213753154909553
390093,0.0
390098,0.0
390099,0.0
390101,0.0
390102,0.0
390110,0.0
390113,0.0
390116,0.0
390117,0.0
390131,0.0
390133,0.0390501905320824
390134,0.0
390136,0.0
390137,0.0
390139,0.0
390142,0.0
390144,0.0
390148,0.0
390151,0.0
390152,0.0
390154,0.0
390155,0.0
390157,0.0
390158,0.2750246193102813
390162,0.0
390166,0.0
390167,0.0
390168,0.0
390174,0.0
390181,0.0
390183,0.305360124389833
390186,0.0
390190,0.0162859366995967
390191,0.0
390195,0.0043596979037672
390197,0.0
390199,0.0
3902,1.2011232037232855
390201,0.0
390205,0.7996773085437722
390206,0.119343261883879
390212,0.0962816618610842
390215,0.0
390218,0.304501394118264
390224,0.0
390225,0.0
390228,0.0
390231,0.0
390233,0.0262325134658017
390239,0.0
390243,0.2295725611990668
390245,0.1162691351325153
390251,0.0
390259,0.0
390260,0.0
390261,0.0
390264,0.0
390265,0.0
390267,0.0
390269,0.0
390271,0.0
390273,0.0
390274,0.0
390275,0.0
390282,0.0
390283,0.8493230456258818
390297,0.0
3903,2.2305127270394123
390301,0.0
390306,0.2358482648106615
390313,0.0
390318,0.0
390320,0.0
390321,0.0
390322,0.0
390323,0.0
390324,0.0
390326,0.0
390327,0.0
390329,0.0
390332,0.2380331044085317
390340,0.0
390345,0.112455778548313
390354,2.254779699488601
390378,0.0
3904,0.5899356095831013
390407,0.0296562306312831
390413,0.0477506279872771
390415,0.0
390418,0.0276439590910099
390421,0.2298875252519026
390429,0.0
390431,0.0
390433,0.0
390434,0.0
390435,0.0
390436,0.0
390437,0.0
390438,0.0
390439,0.0
390440,0.0
390441,0.1734668947414687
390442,0.0
390443,0.0
390445,0.0
390502,0.0382547653609949
390530,0.567667579050338
390531,0.9414984744185152
390535,0.0
390538,0.0
390539,0.0
390576,0.0
390578,0.0
390581,0.0719867467506061
390594,0.06565627325421
390595,0.9392039659333348
390597,0.1106336771547726
390598,0.3449537627274193
3906,0.0
390601,0.1598397954841866
390612,0.0660413065929845
390614,0.0362629122582597
390616,0.0072538062085478
390627,0.611239282549968
390637,0.6345704495142405
390648,0.0288518968796068
390649,0.0
390650,0.0
390652,0.0
390660,0.0852580403731478
390664,0.0101380977223869
390667,0.0420263638480368
390671,0.1732979617607553
390714,0.4036507077159547
390735,0.0
390748,0.2797689322761834
390766,0.0
390790,0.0716044446446561
390792,0.0181216355189445
3908,1.982541384769345
390834,0.1944747460819447
390836,0.0
390846,0.0
390848,0.2426947461122555
390857,0.0
390860,0.0629560650472485
390872,0.0
390874,0.0049806933258769
390876,0.0
390882,0.011781879253164
390883,0.0
390885,0.0
390886,0.0
390892,0.0
390895,0.0
3909,1.4470870240644973
390916,1.876279504471387
390927,0.9396061191835026
390928,0.0119871284396815
390937,0.5231817213210643
390940,0.748043717867816
390948,0.0
390949,0.0
390980,1.092107857551145
390992,0.0
390997,0.0136273381928503
390998,0.0
390999,0.0
391,2.6692328386063155
3910,2.454993455007853
391002,0.0
391003,0.0
391004,0.0
391013,0.147028078610212
391053,0.0
391059,1.2437967721647856
391073,0.0388514046163894
391077,0.035464851664874
391092,0.0
391099,0.0
3911,2.3752217490236713
391102,0.0752292615879394
391104,0.0516758077965697
391106,0.0
391107,0.0
391109,0.0
391110,0.0
391112,0.0070474104382352
391114,0.0
391117,0.0
391119,0.0
391120,0.0
391121,0.0
391123,0.076560759028747
391124,0.0811098068644656
391126,0.0
391130,0.0
391135,0.0795962166369358
391140,0.0
391151,0.4445291549440259
391168,0.0453866897349848
391171,0.0
391175,0.2094747804319355
391179,0.0278454019696254
391181,0.119343261883879
391189,0.0368609624667365
391190,0.0
391191,0.0
391192,0.0600532833173621
391194,0.0
391195,0.0
391196,0.0
3912,2.405694954224395
391211,0.0
391242,0.0
391253,0.0
391256,0.200214358457645
391269,0.0710306629776471
391279,0.0
391282,0.1414249343325171
3913,2.882030769937649
391349,0.0
391356,1.7228017544358931
391365,0.0532407567944813
391387,0.0
3914,2.2471141947405773
391436,0.0
391448,0.0
391458,0.0
391462,0.0
391470,0.0
391472,0.0
391475,0.0
391490,0.0750388739578922
391496,0.0374585887741673
3915,2.723628345995869
391524,0.0
391526,0.0
391533,0.0
391548,0.0
391560,0.0861979419229091
391566,0.0
391576,0.0
391581,0.174311031346234
391584,0.0555827213422205
391589,0.3077880519267111
391598,0.0304597993916931
3916,2.8692641737755573
391622,0.0
391627,0.0
391630,0.0
391632,0.0
391634,0.4506964786694638
391636,0.0
391642,0.0
391647,0.6083029580102011
391655,0.0
391656,0.2416094779085426
391674,0.0
391679,0.0
391696,0.0750388739578922
391698,0.0
391701,0.0
391703,0.0
391706,0.3999938971135932
391711,0.0
391712,0.5684714281579608
391713,0.0
391714,0.0195466581122431
391719,0.0
391723,0.0
391739,0.0
391741,0.0322650387162132
391742,0.0
391744,0.0
391746,0.0
391747,0.0
391765,0.0
391768,0.0
391769,0.1045920467791873
391777,0.3634809981927294
391798,0.0
3918,1.7359876552319549
391803,0.0268377072511832
391819,0.0286506937617837
391827,0.1539783414563714
391833,0.0702650067990862
391845,0.0
391850,0.0
392,2.651940531096359
3920,2.5119341911356994
392027,0.0352652184723042
3921,2.9762079676064372
392100,0.0
392106,0.0404403802309502
392132,0.0740862832627668
392138,0.0384536920503017
392145,0.0
392180,0.0
392187,0.0
392188,0.0
392193,0.0
392194,0.0
392196,0.0
392197,0.0422244019181622
392206,0.3234568095556919
392214,0.0
392255,0.3534675508105442
392262,0.0
392265,0.0
392266,0.0332662841654657
392271,0.0
392281,0.0
392282,0.0
392288,0.0
392292,0.0
392298,0.073704942137793
3923,0.0406387916047836
392302,0.0
392305,0.1484228777959074
392307,0.0623763134303502
392308,0.0
392309,0.3133294743166249
392311,0.0
392313,0.1918372189643938
392322,0.0
392335,0.1318817104701158
392368,0.0316637209677261
392371,0.0807316672117631
392374,0.0
392375,0.0
392376,0.0
392377,0.0
392382,0.0
392387,0.0276439590910099
392390,0.0
392391,0.0
392392,0.0
392399,0.0
3924,0.0
392424,0.1117274208851172
392426,0.0
392433,0.0
392436,0.0
392439,0.0
392440,0.0
392451,0.1671927972655278
392456,0.0
392465,0.0970237498872507
392479,0.1387851793074599
392485,0.0
392489,0.1188016023173223
392497,0.0
3925,2.3328905358933953
392501,0.0797855659595778
392505,0.0
392508,0.0380557917082188
392509,0.4176088772952308
392516,0.0833750437052461
392517,0.1876987112634928
392520,0.0
392522,0.0677717653179942
392529,0.0
392538,0.0
392540,0.0
392543,0.0
392545,0.0
392547,0.0064279224007442
392552,0.0
392555,0.0
392557,0.2160702066097536
392561,0.0
392617,1.0079605738702238
392636,0.2957167376189304
3927,2.7900268317997883
392713,0.1751542886325345
392752,0.6955128033449338
392781,0.0
392787,0.0
392843,0.0254249141756302
392862,0.4440526151597954
392872,0.3029245872753158
3929,2.1710715575925352
392979,0.2227705298670456
393,2.2276821600484005
3930,2.048440280768762
393046,0.0041525986866217
3931,1.6865144970130614
3932,1.9698659444573376
3933,0.1283187873796772
3934,0.8439321333977684
3936,2.7091187509093015
3937,2.0108748612056053
3938,0.0272409292764164
3939,2.8303487065584063
394,1.4072830013989088
394214,0.0
394255,1.0267664326084551
394263,0.0
3945,1.607677434375843
3948,0.0342663432615378
3949,1.8624020951672653
395,0.9653097465111043
3950,0.0334663908138561
3952,2.6988326176966897
3953,1.4454003181914723
3954,2.3028839032946524
3955,2.7570277917857693
3956,3.319173524619543
3957,1.3804533633653673
3958,2.8889001033441617
3959,3.1124384105316705
396,2.826057012855816
3960,1.6445228146337303
3963,0.6889560510856677
3964,2.067694673951914
3965,2.307382780415981
397,2.959567340066096
3972,0.3293037181343514
3973,0.4052842188715475
3975,0.0074601518934053
3976,1.2396616891702077
3977,1.777720238990176
3978,1.971213998691144
398,0.8833288733746815
3980,1.4040776233411116
3981,1.7750627851724627
3982,0.0696903035798559
3983,2.1985930259360504
3984,2.128083416927934
3985,2.0943693133840444
3987,2.2611735325592703
3988,2.681463275105946
399,1.5334048542783396
3990,0.2920876540636091
3991,2.7251919452127025
3992,1.7795650595411732
3993,2.367837923593299
399473,0.8253542339447879
399474,2.125135895522195
399496,0.0392489295621294
3995,2.1137591136387304
399512,1.4559121518278837
3996,1.9332543127719592
399664,2.186627854358828
399665,2.574963639304179
399668,0.8267971522266588
399671,0.4021396978440272
399687,1.9045595310595451
399693,0.0546076972506679
399694,0.3914769545950876
399697,0.0
399706,0.2189486615675671
399715,0.2735361170356658
399717,1.7141685935461035
399726,0.7532079040075834
399748,0.2447063099864552
399774,0.0316637209677261
3998,2.5472954902091134
399804,0.0
399806,0.0645001083526856
399814,0.0
399818,1.1732931290568398
399821,0.4153830354024732
399823,0.4185960217415813
399827,0.0
399829,0.0
399839,0.0
399857,0.0
399876,0.0
399886,0.0
399888,0.6300766731366113
399909,2.170990051515727
399937,0.0
399939,0.0
399942,0.4676271768005791
399947,0.0244143296379668
399948,0.4094149576274323
399949,0.094423529467826
399959,0.922723358425756
399965,0.063149226365247
399967,0.063149226365247
399968,0.0
399972,0.8302880418705905
399979,1.868688566724167
40,0.3059320845116927
400,2.4585352386462382
4000,2.8106105439237155
400002,0.0272409292764164
400011,0.249328971537643
400013,0.0240097576149657
400026,0.015877463426456
400036,0.0148554188895284
400043,1.726598998019379
400046,0.0276439590910099
400055,0.6123726298560427
400064,0.2397455554894407
400073,1.5039011341216586
400084,0.6291559988349685
400087,0.0156731530012164
4001,2.2049229914465354
400120,0.0232000328901817
400121,0.0
400126,0.5156546728812941
400129,0.1858710144881974
400141,0.0412337454202869
400165,0.0473570995805846
400174,0.0304597993916931
400208,0.1153627921809967
400221,0.2125379587842801
400224,1.148072105361211
400236,1.3743666690846852
400238,0.0294552189612712
400242,1.1455602798035476
400258,1.5623291327640354
400347,0.1089903385970567
400359,0.0254249141756302
400360,0.0681558255976688
400385,0.2763618612815031
4004,0.1005396165825761
400406,0.2349100619558004
400410,1.0372742048957142
400451,2.081538705512664
400456,0.3827336091282766
400499,0.2929601752404926
4005,2.231785993474076
400500,0.0532407567944813
400506,1.6790626438607057
400511,0.0
400512,0.2762133913679275
400533,0.0
400548,0.2080197009600495
400550,0.0156731530012164
400558,0.0
400566,1.1455196755269217
400569,1.8563729158532103
400579,0.3320724601662341
400581,0.0183253569229505
400591,0.0
400604,0.2163905475377656
400609,0.4132747657713685
400612,0.0590834488965626
400617,0.2214986065228349
400618,0.1375503727556631
400619,0.0671953437318986
400620,0.0
400622,0.0286506937617837
400624,0.0858221088259321
400627,0.058501008843608
400629,0.018529029376588
400643,0.0221867865316464
400644,0.0252228938178094
400645,0.0
400652,0.0875120208953502
400654,0.0773206608342586
400655,0.0076664475141711
400657,1.473433605518769
400658,0.4374690103882592
400668,0.8357262285593378
400673,1.7768626131540517
400680,0.595563961682435
400684,0.9144660891171188
400685,0.7624338567779091
4007,1.547410796375364
400709,0.8139038637087226
400710,0.1525930213293895
400713,1.6284002581943955
400720,1.0246225368607893
400728,0.1989060560900838
400735,0.0195466581122431
400736,0.0
400743,0.0154687933557568
400745,0.0396462670429822
400746,0.5592736692082367
400748,0.0
400750,0.197759541309304
400752,0.7092596897469567
400757,0.0
400761,0.3453613327611243
400765,0.0113712320035829
400793,1.9335013401053176
400794,0.0082850342053478
400797,0.010754888621307
400798,0.4950440423145666
4008,1.606287710597502
400800,0.0
400804,0.1267104114681807
400818,1.3822916392274651
400823,0.4179792089390181
400830,0.846400264489945
400831,0.2846315983898154
400839,0.0041525986866217
400866,0.0
400891,0.0
4009,0.1795251138352385
400916,2.535614351855582
400931,1.3755897738754663
400932,0.0
400935,0.601339469029926
400941,0.151031715914848
400945,0.494932836298095
400946,0.4529371841104427
400950,0.1731289935300493
400952,0.0294552189612712
400954,0.1765016753129527
400957,0.0434116529118274
400958,0.7620551479751247
400961,1.2942782681930352
400963,0.6518143387559803
400966,0.0099324012091867
400984,0.16258357811886
400986,0.5772542806543307
400997,0.3503702974355756
401,0.0
4010,1.9587796958335928
401007,0.0
401014,0.1084418312612436
401018,0.0
401019,1.9251487672940373
401022,1.2385628656574863
401024,0.0754196057556881
401027,0.2363169510329401
401036,0.0
401039,0.0205630661837875
401040,0.0
401067,0.0
401074,0.4750924203272795
401076,0.604400459318411
401081,0.031262604438497
401082,0.0056012358560772
401089,0.0070474104382352
401093,0.6587345178579157
401097,1.4931567121866296
401103,0.0
401105,0.015877463426456
401109,0.477829767531143
401115,2.2304544257595493
401124,0.3294423916660163
401134,0.0
401136,0.0
401137,0.0
401138,0.2996172621558362
401145,0.2426947461122555
401152,2.741475497729303
401172,0.2645453866014184
401177,0.0
401190,0.3681093484764645
4012,1.959126890266104
401207,1.1535433577926235
401232,1.082902339995842
401236,0.5257444929287105
401242,0.0891985025665453
401247,0.39237129322685
401250,0.0499117462968908
401251,0.5164109092884737
401253,0.0338664618273812
401258,0.4488042980027877
401260,0.0
401262,0.2935413143981809
401264,1.0435491265968209
401265,1.3670475652781806
401282,0.0205630661837875
401286,0.0236049920866109
401288,0.3403194474270173
4013,1.9898033721092891
401335,0.0366616595234452
401337,0.184705774775147
401375,0.1594961705535451
401387,0.0400434172142254
401393,0.0994309548859968
401397,2.264525077702745
401398,0.2549932931012345
401399,1.7532726122829567
4014,0.1348980704403251
401409,0.8281683753191996
401427,0.2471750885981067
401428,0.1850388721625969
401431,1.0350205381171362
401442,0.0761805481519545
401447,0.0
401450,0.0
401463,0.2065619740916918
401466,1.9189131028314943
401474,0.8636105901216348
401475,0.0
401491,0.2569738562906076
401492,0.5876911886994094
401494,1.4525696942760653
401498,0.0400434172142254
4015,2.388847434226237
401505,0.7370434328660804
401533,0.0
401535,0.0648856742777243
401537,0.1151814038904759
401540,0.0416301479021601
401541,0.778886048693553
401546,1.8197583384464944
401548,1.72786590192235
401551,0.1663412104357765
401554,0.032865928486596
401561,0.1379033647729047
401562,0.1920023178353444
401563,0.7161921332043957
401565,0.197267676699121
401588,1.0085764888036552
401589,0.0
4016,2.6835914719303156
401602,0.0983208065549586
401612,0.5912010468298661
401613,0.0590834488965626
401638,0.0404403802309502
401640,0.1276043426051557
401646,0.0
401647,1.321331073232488
401661,0.0248187083181388
401662,0.0
401664,0.0
401665,0.0
401666,0.0
401667,0.0
401675,0.0
401677,0.2412991282250381
401687,0.0
401696,0.0
4017,2.2808882788278835
401703,0.09665278895269
401717,0.2869784207634934
401720,0.2471750885981067
401725,0.0
401742,0.0
401744,0.0
4018,0.0278454019696254
401817,0.4819167411393558
401822,0.0
401825,0.0
401827,0.2628858809535586
401863,0.1031207321073816
401865,0.2023358143890825
401895,0.0
401898,0.3710042664928334
401903,0.0
401913,0.7108154798653196
401914,0.0835635353418218
401934,0.9878061089499316
401944,0.7587892968029902
401957,0.0
401967,0.0336664500279098
401973,0.0
401974,0.0
401975,0.0
401981,0.1525930213293895
401982,0.0372594270725486
401992,0.0
401993,0.0
401994,0.0
402,2.282970320995793
402016,0.0652710625303166
402055,1.4979658821689747
402057,1.2755997036805844
402069,0.1512053420531817
402077,0.0350655380227658
402093,0.0
402117,0.0205630661837875
402120,0.157431366533768
402123,0.0
402133,0.0
402134,0.0246165431357565
402135,0.1563969960933261
402150,0.2465586152299185
402152,0.0
402160,0.25712600164172
402175,0.0
402191,0.0304597993916931
402192,0.0
402193,0.0398448655326076
402214,0.0
402220,0.0
402226,0.0
402229,0.0
402236,0.0
402240,0.0
402246,0.096838290181438
402249,0.0356644376201233
402273,0.0
402279,0.0
402287,0.7632662555020175
4023,2.935408905631608
402317,0.0773206608342586
402329,0.0
402342,0.3302739095085172
402359,0.0402419221072167
402360,0.0461754078434364
402374,0.0
402381,0.0197500372972908
402415,0.2257832415899689
402424,0.0
402425,0.0262325134658017
402429,0.2935413143981809
4025,0.0548027927666294
402509,0.0
402569,0.1539783414563714
402573,0.2634897422815651
4026,1.913966821060651
402635,0.1868684534699322
402665,0.3013445768910261
402679,0.0
402682,1.3171893195198006
402694,0.2104433667955492
402778,0.4958220102683504
402779,0.0
403,2.189607907742115
403150,0.381439265338426
403219,0.0390501905320824
403223,0.0742768884659622
403224,0.0
403226,0.0
403227,0.0
403228,0.0
403230,0.0
403236,0.0
403238,0.0
403239,0.0
403241,0.0
403244,0.0
403247,0.0
403248,0.0
403250,0.0
403251,0.0
403252,0.0
403253,0.0
403255,0.0
403257,0.0
403259,0.0
403260,0.0
403263,0.0
403264,0.0
403266,0.0
403271,0.0
403272,0.0
403273,0.0
403274,0.0
403275,0.0
403276,0.0
403277,0.0
403278,0.0
403281,0.0
403282,0.0
403283,0.0076664475141711
403284,0.0
403285,0.0
403288,0.0
403296,0.0
403297,0.0
403299,0.0
4033,1.0088329343195084
403303,0.0
403304,0.0
403305,0.0
403312,0.0105493414072734
403313,1.988518749492196
403314,0.0
403323,0.2163905475377656
403339,0.0
403341,1.6047940857085403
4034,1.229482406502027
4035,2.878363523765549
4036,1.3075687431272751
4037,2.1158930676047625
4038,1.3078408699007331
4040,1.659283216223822
404024,0.0916285002418245
404037,0.0
404093,2.5634142228925234
4041,2.345274220222407
404201,0.6095358174421385
404203,0.112455778548313
404204,0.0
404216,0.5569300582202276
404217,2.4327068742815516
404266,0.3001934597710317
404281,0.6719367398785445
4043,2.2125403488608937
4045,0.5657547907899197
404550,1.0649792357636358
404552,0.0
4046,2.41166925943737
404636,1.4673370628682825
404663,0.0
404665,0.3754566706338884
404672,1.8046281886404036
4047,2.2301593362260963
404718,0.0
404734,0.2135028473860635
404744,0.0449920531388688
404770,0.0091091168566818
404785,0.0
4048,2.414986448774492
4049,0.8169771000742648
405,2.2838807536201218
4050,2.187546327286108
4051,0.0449920531388688
4052,2.0189246116952293
4053,2.757527837483303
4054,2.5181745865679437
4055,2.3011467242689676
4056,1.9675450630104112
4057,2.383479353642862
405753,0.1071605621244834
405754,0.2834555412785291
4058,0.481463755983178
4059,2.868290047338828
406,1.3158511224017435
4060,3.371137182415851
4061,2.9188359415665572
4062,0.9750372493755208
4063,0.7490488595404069
4064,1.2664688144487986
4065,0.985412271626152
4066,1.8052308602879557
4067,2.098358033229549
4068,1.3663721095613928
406881,0.0
406882,0.0
406883,0.0
406884,0.0
406885,0.0
406886,0.0
406887,0.0
406888,0.0
406889,0.0
406890,0.3483435797417242
406891,0.0
406892,0.0
406893,0.381439265338426
406894,0.0
406895,0.0
406896,0.6181992056494018
406897,0.0
406898,0.0
406899,0.0
4069,2.9182580157931044
406900,1.2852726002673052
406901,0.0
406902,0.0
406903,0.8833288733746815
406904,0.0
406905,0.0
406906,0.0
406907,0.0
406908,0.0
406909,0.0
406910,0.0
406911,0.3355194528853651
406912,0.0
406913,1.9865837363157564
406914,0.0
406915,0.0
406916,0.0
406917,0.0
406918,0.0
406919,0.0
406920,0.0
406921,0.0
406922,0.0
406923,0.0
406924,0.0
406925,0.0
406926,0.0
406927,0.0
406928,0.0
406929,0.0
406930,0.0
406931,0.0
406932,0.0
406933,0.845400813179266
406934,0.0
406935,0.0
406936,0.0
406937,1.7768626131540517
406938,0.0
406939,0.0
406940,0.0
406941,0.8777119797982087
406942,0.0
406943,0.5733752738103256
406944,0.0
406945,0.0
406946,0.0
406947,0.0
406948,0.0
406949,0.0
406950,0.0
406951,0.0
406952,0.0
406953,0.0
406954,0.0
406955,0.0
406956,0.0
406957,0.0
406958,0.0
406959,0.0
406960,0.0
406961,0.0
406962,1.994879555786646
406963,0.0
406964,0.0
406965,0.0
406966,0.0
406967,0.0
406968,0.7443970513102302
406969,0.3450896434646048
406970,0.0
406971,0.0
406972,0.4027696539078421
406973,0.0
406974,0.0
406975,0.0
406976,0.6584696375048643
406977,0.0
406978,0.0
406979,0.0
406980,0.0
406981,0.0
406982,0.0
406983,1.718105550076314
406984,1.4240041769461
406985,0.4120318336113919
406986,0.0
406987,0.0
406988,1.4989843496482638
406989,0.0
406990,0.0
406991,0.0
406992,0.0
406993,0.0
406994,0.2787335645114763
406995,0.0
406996,0.0
406997,0.0
406998,0.0
406999,0.0
407,0.3937745466635299
4070,2.899985944176416
407000,0.0
407001,0.2787335645114763
407002,0.4840646055302309
407003,0.0
407004,0.0
407006,0.6444637299744573
407007,0.0
407008,0.0
407009,0.0
407010,0.0
407011,1.4128689001476673
407012,0.0
407013,0.0
407014,2.1198175083665824
407015,0.0
407016,0.3483435797417242
407017,0.6236991127344811
407018,0.0
407019,1.2582430813107035
407020,0.0
407021,0.0
407022,0.0
407023,0.0
407024,0.0
407025,0.0
407026,0.0
407027,0.3418218475162929
407028,0.0
407029,0.0
407030,0.0
407031,0.0
407032,0.0
407033,0.0
407034,0.0
407035,0.0
407036,0.4027696539078421
407037,0.0
407039,0.0
407040,0.0
407041,0.0
407042,0.0
407043,0.0
407044,0.0
407045,0.0
407046,0.0
407047,0.0
407048,0.0
407049,0.0
407050,1.2266795497916645
407051,0.0
407052,0.0
407053,0.0
407054,0.0
407055,0.0
407056,0.0
4071,2.95610638868905
4072,2.68205877234574
4074,2.332130210752141
4076,2.566648037146324
4077,2.5253283858910938
407738,0.0368609624667365
407975,0.610482697994384
407977,0.0
408,1.8194622465396164
408029,0.1250988793227
408050,0.586419442054051
4081,1.0690714968760262
408187,0.1157254490155959
4082,2.8595036001711787
408263,0.0
4084,1.6072642613081152
4085,1.7230064707942063
4086,1.8558306010080523
4087,1.5544384161323004
4088,2.26918757763563
4089,2.000110556744222
409,2.406979407748413
4090,2.0700177562988
4091,1.3802691738612138
4092,2.3071160083289453
4093,1.2187191482903033
4094,2.2347452489935105
4097,2.0247282437381404
4099,0.5179210177134053
41,1.21836267166615
410,2.18035193906237
4100,0.0209692882026594
4101,0.0
4102,0.3056461570780727
4103,0.011781879253164
4105,0.9306396684359876
4107,0.0152643844692303
4108,0.0
4109,0.0
411,1.6236375047863505
4110,0.0
4111,0.0538268611423806
4112,0.0
4113,0.0223895328412295
4114,0.0461754078434364
4115,0.0
4116,2.3612745804662323
4117,0.5366408347886468
4118,1.0709222421241555
412,1.641463234568929
4121,2.5807750968512515
4122,1.880185678062574
4123,1.9842189929840663
4124,1.901368485566688
4125,2.4846339564196973
4126,1.6508667422389374
4128,2.2138464356432483
4129,2.304263174105927
4130,1.6655999330697662
4131,1.8871771823261392
4133,0.7474244149782017
4134,2.566482533285735
4135,0.949180184946388
4137,1.224285842635196
4139,0.7900178934777753
414,2.114342789530664
4140,1.6827060290085227
414059,0.1518994770252737
414060,0.0
414062,1.3707602908017849
4141,2.2149430121240163
414134,0.0420263638480368
414149,0.6675931764673106
414152,0.0916285002418245
414157,0.085634128532859
414189,0.4217952819427735
414196,0.0708393147493007
414197,0.8646467422306313
4142,0.0097266548872287
414208,0.0
414217,0.0
414228,0.0
414230,0.0
414235,0.1001702276495741
414236,0.3768915868124113
414241,0.0286506937617837
414245,0.4321598598046706
414254,0.0404403802309502
4143,0.5380044576726806
414301,0.0
414319,0.0
414325,0.0
414328,1.9538643216759195
414332,0.3329011466395836
414351,0.0
4144,2.6464356757944567
4145,1.443336190394428
4146,0.0756099064785592
4147,1.9499463059656177
414760,0.3531987214182662
414761,0.5435372210281485
414764,0.2868319505575912
414765,0.3572212743571509
414777,1.240895233488141
4148,2.3129002648538566
414899,0.0406387916047836
4149,2.220122799495334
414918,1.392414674558131
414919,1.9546110632127065
415,0.997758379026497
4150,2.1858905413927765
415056,0.2094747804319355
4151,1.4082805518916284
415116,2.6028726875535986
415117,0.5515001186306734
4152,2.174901230357311
4153,0.2278380276741225
4154,2.3626426441292665
4155,1.5060546107599513
4157,0.8270030210542091
4158,0.0
4159,0.033066130062972
416,0.0162859366995967
4160,0.0614091674392234
4161,0.0189362275154237
4162,2.6974800430784227
4163,1.569696486309423
4166,0.4176088772952308
4168,0.0489301088118718
417,0.2546881495690168
4170,2.8557407038247513
4171,1.90831777040963
4172,2.586061728169117
4173,2.1055262169030056
4174,1.9724246539522776
4175,2.272332633177636
4176,2.543556554888009
4179,2.6012803950034735
4182,0.0
4184,0.0
4185,0.7384578472417551
4188,2.196993149569665
4189,2.220465575675352
419,0.1520729184419736
4190,2.524681885236092
4191,2.631330979100595
4192,2.9301763669676837
4193,1.9061331918231592
4194,2.038608607331622
4199,2.1461203661679864
420,0.3418218475162929
4200,1.591798196576372
4201,2.315710459348061
4204,1.9418927566415172
4205,2.1845641254459043
4208,1.7106831490874257
4209,2.395612513909359
421,1.6990334875584818
4210,0.3262465761042679
4211,1.0099599993492416
4212,1.0093454980748735
4214,1.9288203014534435
4215,2.27243251824662
4216,1.8785427501401857
4217,1.912992919230338
4218,1.8697842564599825
4221,2.155243791220752
4222,1.9614695956850576
4223,1.8153154626605297
4224,0.6267565335186575
4225,0.0546076972506679
4232,2.3425531218182023
4233,1.7503270738016732
4234,1.936277476688746
4236,2.4216876329213557
4237,2.3306294670554673
4238,1.5173811550627654
4239,2.7913843368205504
4240,2.590060586992482
4241,1.3801902153097838
4242,2.1658289706933984
4245,2.438189848747271
4246,1.4183939250425404
4247,0.2144665734113071
4248,1.3550843155935173
4249,2.1635549665353047
4250,2.8272349532763004
425054,0.0304597993916931
425057,0.0
4253,1.6623133662990293
4254,2.0824478846658647
4255,1.878684338646592
4256,3.124181702930539
4257,2.5711054106370823
4258,2.169572892312254
4259,2.2807643543016294
4261,1.519196945690766
4267,1.4022407391798113
427,2.423713581786136
4277,1.8844560954123235
4281,0.9695914072978286
4282,0.0485371324516474
4283,2.3381011124708966
4284,0.0101380977223869
4285,1.891563507188037
4286,1.6056078776940332
4287,1.564272390796371
4288,1.934503304874564
4289,1.4765734213561583
429,0.043016088629042
4291,1.7630068062165816
4292,1.8410862362341176
4293,0.7999634697220421
4294,1.732546834599756
4295,0.0
4296,2.1985064301844215
4297,1.4472484640198418
4298,2.4640005478739258
4299,2.1676318655003315
43,0.6082080328472853
430,0.9336622324779112
4300,1.1322924767134337
4301,2.117422484493856
4302,2.366050702552741
4303,2.092668146828768
4306,1.1379576822701782
4308,0.0193432301006561
4311,2.0212260070883006
4312,1.054859914138029
4313,3.0974124518765054
4314,1.7156539590889537
4316,2.276119239593586
4317,0.5630277498618992
431704,0.0
431705,0.2126988543900615
431707,0.0358639763576893
4318,2.566221928691222
4319,0.8315837645778195
432,0.9673445225453874
4320,2.9801154249023845
4321,0.6117117334221375
4322,1.8550532834314133
4323,3.0400556151025286
432355,0.0
4324,2.0115064783343466
4325,1.2847046881582247
4326,1.8953851423632369
4327,1.9921407803019957
4329,1.9583670011097851
433,0.8554572523878555
4330,1.59836676735595
4331,1.6358726870342228
4332,2.200728435822234
4335,1.683308054718124
4336,0.0497155105434259
4337,1.8968597286512827
4338,1.906736170645119
434,0.5532462931658774
4340,0.0555827213422205
4342,0.0
4343,2.135004882720266
4345,1.99815484641308
435,1.404102743791798
4350,2.3401062870791236
4351,1.6916660356663804
4352,0.3491549102849444
4353,0.224991526000587
4354,2.1259514296847373
4355,1.4934298010012248
4356,1.6352040495456304
4357,1.8675808385017776
4358,2.0492975021837907
4359,1.181620754649242
4360,2.0897588506024656
4361,1.6893531345208463
4363,2.196179049778373
438,0.26084128167522164
43847,0.3248529526034982
43849,0.0
439,2.7469334370967005
439915,0.0
439916,0.0
439921,2.4645764836270296
439927,0.0126025784990239
439933,0.0227948798627598
439934,0.0
439936,0.7994626054365311
439941,0.0
439945,0.0
439949,0.5455103277793159
439950,0.0148554188895284
439954,0.0479473231186116
439957,0.698684359592182
439990,0.4791946234325006
439992,1.0121568257649671
439994,0.8873998471035145
439996,0.0183253569229505
440,0.2707001641383658
440013,0.0
440014,0.0
440017,0.0
440021,0.0
440023,0.0
440026,2.0600768918395924
440027,0.8013923994565265
440028,0.2179903285816389
440050,0.1207859468404668
440051,0.0
440061,0.0
440072,0.0252228938178094
440073,0.7358624667914555
440077,0.0099324012091867
440078,0.5718776868593406
440086,0.2109272209244526
440087,0.0979504261429475
440093,0.4045307313073312
440097,0.5511915273499198
440101,0.1594961705535451
440107,0.0111658338983268
440117,0.0
440119,0.6927464991904814
440138,0.6735801075712683
440142,0.1108160684965277
440145,2.1151211471428364
440153,0.0
440159,0.0364623094604789
440163,0.0219839916622789
440173,0.1062441514989379
440176,0.0702650067990862
440180,0.0438070313509447
440184,0.2724924834198263
440193,1.927647223230452
440243,0.0082850342053478
440270,1.7247172298045363
440275,1.9619938739553957
440279,0.0150599263207783
440288,0.7159486667043022
440295,0.5147894352081183
440307,0.0364623094604789
440311,0.1459804127775399
440335,1.957866839162806
440345,0.8125722802053614
440346,0.1382562046163831
440348,1.6099186654358224
440350,0.1198845651997117
440353,0.4033990832729401
440366,0.0181216355189445
440387,0.0
440390,0.0082850342053478
440400,1.0844843281415135
440416,0.373757358787233
440434,0.1053267233098706
440435,0.0788383885327216
440465,2.204897118438943
440487,0.1396660445520418
440498,2.2508316406527027
440503,1.8308769883846312
440515,1.2738953649408142
440519,0.186158253013192
440533,0.0
440560,0.0
440561,0.0
440563,0.0608283430685188
440567,1.030487487679091
440568,0.0975798800301689
440574,1.3401453265487775
440575,0.5323231738955457
440577,0.392881868914514
440584,0.3265249991591786
440585,1.597590837311379
440587,0.1905152080494213
440589,0.3918603722166712
440590,0.1424784549426613
440594,0.0388514046163894
440600,0.2088284047437949
440602,0.0304597993916931
440603,0.186037339999593
440606,0.0
440672,0.0
440686,0.2655996172193899
440689,0.7402608135237052
440695,0.0505001786277436
440699,0.0
440704,0.0
440712,1.4254994048971168
440714,0.0
440730,0.0567512557756906
440732,0.1171744819931155
440737,1.2530463043607862
440738,1.2436605740954036
440757,0.0
440792,0.6209079631356687
440804,0.011781879253164
440822,0.0
440823,1.23021579435517
440829,0.0503040803202519
440836,2.248472826734018
440854,0.1111807302691279
440888,0.0
440894,0.2219758154632521
440896,0.02140911837415135
440900,0.0481439722271771
440905,0.2241990231746858
440925,0.1126377675040334
440944,1.2675779216209706
440955,0.1178980435863406
440956,0.0
440957,1.620177525557305
440970,0.0
440991,1.1149960013316425
441009,0.0893856781967923
441013,0.1485970601752414
441024,0.9438415498520536
441025,0.0
441027,2.290923381741355
441034,0.8667785033251334
441046,0.0181216355189445
441051,0.2235644531810927
441054,0.5681700911583805
441056,0.0
441061,0.0
441072,0.1848723406568188
441073,1.1930082583782189
441094,0.6270338170628533
441116,0.0
441133,0.1551885668524069
441150,2.067765285560758
441151,0.0763706752693144
441154,0.0443997508881444
441155,0.0294552189612712
441160,0.4575153821884988
441161,0.2727908060345824
441168,1.0245226336074669
441177,0.0
441178,0.0610219959658159
441179,0.7203983098884846
441191,1.1553421530242185
441194,1.2323405746603042
441204,0.6901375642637158
441218,0.1202452363628534
441234,0.0
441239,0.0660413065929845
441246,1.490882058392995
441250,0.9153027164523816
441261,0.0
441263,0.0658488120877697
441272,0.083940390516352
441273,0.0994309548859968
441282,0.4166204303394463
441294,0.0140368959186701
441307,0.2454786304334116
441308,0.0
441314,0.0
441315,0.0
441317,0.0
441320,0.0
441323,0.0
441324,0.0
441326,0.0
441327,0.0
441328,0.0506962311574882
441331,0.0162859366995967
441332,0.0
441355,0.0364623094604789
441369,0.1139105667826226
441374,0.0
441376,2.183889194671666
441381,0.0
441389,0.4955998183366929
441394,0.0
441410,0.0262325134658017
441440,0.0
441442,0.0
441452,0.0078726930921942
441457,0.1051431153898577
441459,0.1582923385912082
441476,0.3308277568855052
441478,2.0338442219983395
441495,0.0
441501,0.1001702276495741
441511,0.0199533676763937
441518,2.092698594525173
441519,0.0
441521,0.0
441525,0.0
441531,0.0623763134303502
441533,0.1517259986918346
441549,1.009191774739557
441550,0.7900905084586541
441581,0.0505001786277436
441584,0.0
441592,0.1077099208929781
441608,0.0
441630,0.0
441631,1.2935646081821344
441632,0.8546690347312379
441639,0.0
441642,0.0865736051467432
441654,0.0
441669,0.0
441670,0.0
441711,0.0
441727,0.0
441744,0.5010241242240955
441750,0.0
441774,0.0
441775,0.1729599900364498
441781,0.0
441783,0.218150130624384
441795,0.0
441864,0.0
441869,1.8476375971454897
441871,0.0215782561623971
441873,0.0
441876,1.2886361637173946
441878,0.0
441880,0.0777003520403405
441887,0.0
441907,0.4171148168189859
441925,0.0
441933,0.0
441951,1.257878266707998
441957,0.1347209445133961
441996,0.0164900995891271
442006,0.0
442038,0.0
442041,0.1391376392196552
442078,0.0248187083181388
442083,0.0
442086,0.2057509787839322
442087,0.029254159459327
442097,0.1544972297209149
442098,0.0362629122582597
442101,0.0
442104,0.0
442105,0.0
442108,0.0
442114,0.0428182367483027
442117,0.0534361704016004
442131,0.0
442153,0.0272409292764164
442155,0.140897664497433
442157,0.0240097576149657
442160,0.0
442162,0.0886367224100169
442164,0.0179178651438874
442167,0.3146026601000115
442171,0.1491193842892281
442172,0.0
442175,0.0
442179,0.0738956344925407
442181,0.0
442183,0.0
442184,0.0
442185,0.0
442186,0.009520858735307
442188,0.0
442189,0.0
442190,0.0
442191,0.0056012358560772
442194,0.0
442195,0.5588666369200369
442197,1.090546435581082
442205,0.0
442206,0.0
442210,0.0211723261778742
442213,0.2932507989349053
442215,0.0270393423001977
442216,0.161898500427602
442217,0.0
442218,0.0
442225,0.0
442227,0.0
442232,0.2283114571781785
442233,0.057723791780431
442236,0.0
442237,0.0
442242,0.2157497372316905
442247,0.1570867224494012
442249,0.0548027927666294
442252,0.1254572708948052
442258,0.0459782976541651
442266,0.0506962311574882
442267,0.0652710625303166
442291,0.0
442292,0.033066130062972
442308,0.0
442317,0.0
442318,0.0
442319,0.7893639968293955
442325,0.1159067175904995
442326,0.4506964786694638
442361,0.0
442405,0.0
442406,0.0551928477150357
442415,0.0
442416,0.0
442425,0.0
442426,0.0404403802309502
442427,0.0
442429,0.0
442444,0.0109603861112779
442445,0.0
442459,0.0
442479,0.0
442486,0.0
442497,0.3642764284249902
442517,0.0
442525,0.0775105280642577
442572,0.1770063673650971
442590,0.2610715145288004
442659,0.1605266099672951
442660,0.0
442673,0.1245609986757527
442709,0.1430047064851852
442712,0.0
442720,0.0368609624667365
442721,0.0528497930137067
442723,0.16258357811886
442726,0.0
442730,0.0264342928541542
442867,0.0
442868,0.0
442890,0.0
442891,0.3096395937509883
442892,0.304501394118264
442893,0.0
442894,0.0
442895,0.0
442896,0.0
442897,0.0
442898,1.278736986342678
442899,0.0
442900,0.3150265908981102
442901,0.0
442902,0.0
442903,1.2751500246244465
442904,0.0
442905,0.0
442906,0.0
442907,0.3178468815878214
442908,0.0
442909,0.0
442910,0.0
442911,0.0
442912,0.0
442913,0.0
442914,0.0
442915,0.0
442916,0.0
442917,0.0
442918,0.0
442919,0.0
442920,0.0
443,1.1531829134608789
4430,2.143530353067016
4435,0.0203598820990786
4436,1.4741985967907572
4437,1.692639913503977
4438,0.1617271407141531
4439,0.5230747416546213
444,2.2933466948158756
4440,1.9066288572049968
444882,0.2294150324176703
445,2.6142620492631967
445328,1.3825537143022155
445329,0.0
445347,0.653328509784809
445372,0.0
445571,0.2637914993933349
445582,0.0086971754034013
445815,2.0730497869637037
446209,0.0
447,0.2546881495690168
4477,2.945155663251628
4478,2.8951192847195
4481,2.348128191272661
4482,1.6818786730055673
4485,1.2292726872049693
4486,1.5709311530954626
4487,1.4475250968137408
4488,1.6178078699968008
448831,0.0
448834,0.0
448835,0.0
4489,1.5705199564792274
448990,0.4592687069148791
449,0.0
4490,0.0
4493,2.416908913342557
4494,1.5002078510487078
449491,0.0
449492,0.0
449493,0.0
4495,1.5902572782903652
449518,0.0
4496,0.750977572911442
4499,2.1670841385856945
450,0.0
4501,2.152359103341181
4502,3.0339456622993155
450208,0.0
450209,0.0
450210,0.0
450211,0.0
4504,0.0213753154909553
4507,1.3201214886097803
4508,3.741260032733286
4509,3.614927079471848
451,0.0
4511,2.1372272273977315
4512,3.793976943557291
4513,3.7908883969278575
4514,3.8189818729894527
4515,0.5399928043063972
4519,3.7151519242513897
4520,1.659932140678949
4521,2.080611532510602
4522,1.8449468872627532
4523,0.1775107447064262
4524,1.501634838964822
4528,2.210419099324144
4534,1.8400959818920424
4535,3.6765063249747936
4536,3.6798609847428434
4537,3.745823521026382
4538,3.781901461049872
4539,3.6012812603887077
454,0.0569458532680942
4540,3.5575170737212605
4541,3.617065100216947
4542,2.009874763240906
4543,0.0
4544,0.0
4547,0.1309924294396301
4548,2.0053543522375197
4549,3.3974724097094176
455,0.0565566131007352
4550,3.685972764479489
4552,1.7943140142181326
4553,0.0
4555,0.0
4556,0.0
4558,1.532262605197611
4563,0.8684530645116083
4564,0.0
4565,0.0
4566,0.0
4567,1.5033869930058323
4568,0.3983488574434615
4569,1.1333719471754529
4570,0.0
4571,3.3222760659021056
4572,0.0
4573,0.426690653496015
4575,0.7417465620147607
4576,0.6907275531409021
4577,0.0
4578,0.0
4579,2.0104194464255847
4580,1.9227534508847124
4581,1.7255446774266905
4582,2.5082750489825396
4583,1.718480514080822
4584,0.218150130624384
4585,0.0602471155158791
4586,0.8456008278752559
4588,0.1242022158771549
4589,0.3871179094518762
459,0.08431707500591
4591,2.2851354243492015
4593,0.0078726930921942
4594,2.24778930999909
4595,0.1949683214694214
4597,1.8588138030159849
4598,1.4906920256295382
4599,2.2637649041315635
460,0.0972091680864421
4600,1.786280359959116
4601,2.1711734135063323
4602,2.091458333420443
4603,1.3332190754990068
4604,0.0288518968796068
4605,2.4076602866900236
4606,0.1014623682252616
4607,0.1482486582226979
4608,0.4725741949316497
4609,2.4832708438971074
4610,1.04808016806005
4613,0.5022362953304824
4615,2.393660229746261
4616,2.60561269078591
4617,0.0
4618,0.1727909512670478
4619,0.482482579229991
462,1.4791314903321713
4620,0.0869490986322006
4621,0.9341838783210158
4622,0.0807316672117631
4624,0.0581124904196997
4625,0.0916285002418245
4626,0.1075268419004856
4627,3.109910249178025
4628,2.2544764200443463
4629,1.9690985549366988
463,1.3530911152817289
4632,0.0
4633,0.0499117462968908
4634,0.793133101453946
4635,0.2962958267391992
4636,1.7296964231269016
4637,2.967198090506782
4638,1.872622953612416
4640,0.2583421093709769
4641,2.7546744410390125
4642,2.489980611970932
4643,2.0438928066017477
4644,1.9141775205258704
4645,1.7788235897533635
4646,2.620392628619637
4647,1.169997249603638
4648,0.5943063345106117
4649,1.2305995595355583
4650,2.335253140676871
4651,1.7776413190650493
4653,0.3916047820878345
4654,0.0
4656,0.4788536473516551
4659,1.964069685558591
466,2.0151992994903662
4660,1.633364149045665
4661,0.8945387097312926
4664,2.025051114300585
4665,2.290149865926486
4666,2.6178821080844266
4668,2.369000603936733
4669,2.395651682038218
467,1.6459841474631942
4670,2.7264735654255876
4671,0.5483049098935425
4673,2.4637500813080533
4674,1.3405432320858564
4675,1.5200724686354654
4676,2.5211984216770693
4677,2.6022835259041317
4678,2.340607464729349
468,2.8727159396462336
4680,2.8609318492062967
4681,2.9449083409973764
4682,1.9131147868664808
4683,2.0854260593368155
4684,0.3359320567572714
4685,0.5765596082244228
4686,2.0997940805886306
4688,2.2518890102938363
4689,2.1855701614460212
4690,1.9703720135446088
4691,2.797233176758388
4692,2.4895879803101253
4693,0.0946095302476571
4694,3.12367853106473
4695,2.324439362746198
4696,2.3071595778867304
4697,2.685404682554817
4698,1.7614054824191734
47,2.6380186555138994
4700,2.539935927853884
4701,0.534748464384304
4702,2.7188444478647567
4703,0.1591524003533607
4704,0.8077841672911852
4705,1.892180144238228
4706,2.614162543101354
4707,2.3634432861294044
4708,2.114514841387017
4709,2.5994567089205876
471,2.4424663464141156
4710,2.6440588966111913
4711,2.155303461431838
4712,2.4786405005103895
4713,2.9742280828749834
4714,1.457721781161806
4715,1.7179891168999684
4716,2.905858798665056
4717,2.198442410656396
4718,1.941711398590116
4719,2.010849574685671
472,1.5295412618103983
4720,2.2665273361913645
4722,2.206383502375296
4723,2.5008351864506113
4724,2.63929252468739
4725,3.090996496898812
4726,2.6946446031541615
4728,2.263276859316189
4729,0.8783455785785188
473,2.1482136308030326
4730,1.196283273781413
4731,1.8830667882322585
4733,2.372238782249285
4734,1.502625065750564
4735,2.791059547669068
4736,3.247451400020145
4738,2.0476670936986254
4739,1.9448281746325229
474,0.1224059489718711
4741,0.2191082719804654
474148,0.0
474149,0.0
474150,0.0
474151,0.0
474170,0.2926707794374539
474343,1.2923523072014214
474344,2.366173035253006
474345,0.2275222515585524
474354,0.2170308444044319
474381,0.0
474382,0.0
474384,0.0
4744,0.8521665920767422
4745,0.8632864471569555
4747,0.4011306706811184
475,2.1614630398776375
4750,1.4524099683873863
4751,1.858125860705362
4752,1.6945130852627477
4753,2.175022122794397
4756,2.0978630787666255
4758,2.413240819790389
4759,0.0
476,2.415129697135564
4760,0.0
4761,0.0453866897349848
4762,0.0
4763,1.688150649555273
4764,0.0
4768,0.0
477,1.674077336381585
4771,1.865127732230889
4772,1.6742772445253649
4773,1.7261420139064931
4774,0.9483313640595304
4775,1.419491728318229
4776,2.1239556516342724
4778,0.9644277469675108
4779,2.7824768273560996
478,0.0530452976713926
4780,2.3671319280574465
4781,1.9561439992893772
4782,2.4859449200973573
4783,1.914396206222868
4784,2.591814569247779
479,0.0244143296379668
4790,2.189093660447097
4791,2.345967783259418
4792,2.924633020715088
4793,2.0992612113714464
4794,2.16308838939097
4795,2.224594098133998
4796,1.528389778616385
4798,1.8708319164715663
4799,2.0919925693369232
48,2.3051191833908975
480,0.9157206107428996
4800,2.0485432514200173
4801,2.0995451735471025
4802,2.0483315586825124
4803,0.580124980827621
4804,2.086888065720872
4807,0.119343261883879
4808,0.0914418297097786
4809,2.582124212784398
481,2.426292133362472
4810,1.237151766930895
4811,2.669070359284643
4814,2.6823711762630356
4815,1.9111522687608788
4817,1.9800077918715395
4818,2.199315065298717
482,1.0859720028567026
4820,1.959495446368061
4821,0.0
4824,0.9737889954698196
4825,0.9689346356121644
4826,1.9767257109420728
4828,2.4697234620201662
4829,0.0876995769262763
483,2.5985744189772264
4830,1.946287709715493
4831,1.0862870834857077
4832,2.7508170521465676
4833,2.6043517563048257
4835,2.1360458009652774
4836,2.302240454597684
4837,2.8811454588506815
4838,0.1729599900364498
4839,0.1557066847631222
4841,2.581889764171537
4842,0.0164900995891271
4843,0.6517251663827847
4846,1.6536995920131572
4848,1.906199315955885
4849,2.062189110331516
4850,1.6720016110484075
4851,2.1359647995272892
4852,0.3039283797512765
4853,2.180522519376167
4854,2.627489902113127
4855,1.9319161436889352
4856,2.0769322247610034
4857,0.8997025738168692
4858,1.1300856965655215
486,0.1095384817418901
4860,1.8911089914866437
4861,0.5315834182476845
4862,0.8969414847681296
4863,1.5154782448469215
4864,1.884604356357053
4867,0.5441608938064898
4868,0.197267676699121
4869,2.7142096997200733
487,1.0359034232095787
4878,0.0923747627007558
4879,0.0
488,2.39850380977789
4880,0.5449916150938044
4881,2.170631199154969
4882,1.8436575778391449
4883,1.4296721457918962
4884,0.0600532833173621
4885,0.4502238862543102
4886,3.4127776292782164
4887,0.0199533676763937
4889,1.922213899325178
489,2.361042156534609
4891,1.989569515764115
4892,0.0128076294222381
4893,2.3869347912039136
4897,1.732359054107418
4898,2.398511979604005
4899,1.8434744395022011
49,0.330135385465491
490,1.9196729548220963
4900,1.8257070110908349
4901,0.435663321434888
4902,1.0745145046408204
4904,2.9106429644257465
4905,2.0866043872384195
4907,1.9943452447007337
4908,0.4340948411158832
4909,0.4030214888145507
491,0.0648856742777243
4913,2.1295664571837913
4914,0.4055352137670819
4915,1.7957103393438405
4916,0.4435757693419984
4917,0.1656592969286946
4919,1.1077992227754718
492,0.009520858735307
4920,1.74583444181182
4921,2.2524582213982582
4922,1.2264336188727534
4923,0.1563969960933261
492307,0.0
492311,1.9210529720509173
4924,2.890379855790986
4925,1.9295692540649665
4926,2.558748492437815
4927,1.9086547003464271
4928,2.1784021960556035
4929,1.1934559851315347
493,2.5147794076614014
4931,1.8784807896586917
4935,1.5586936934603637
493753,2.1645609958548553
4938,2.19959670187266
493812,1.6843282460042464
493821,0.3086431584977697
493825,0.0
493829,0.1281402344712371
493856,1.5427875854384427
493860,0.0183253569229505
493861,1.0983119819021006
493869,2.2792083974825754
4939,2.367873970372401
493901,0.0
493911,1.3135534428765594
493913,0.0
4940,2.366906036705666
494115,1.7480261898252325
494118,0.0
494119,0.0
494143,1.0856567520709095
494188,0.0756099064785592
494197,0.0
4942,2.571196507696137
4943,1.866579487050722
494323,0.0
494324,0.0
494325,0.0
494326,0.0
494327,0.4216724860448058
494328,0.0
494329,0.0
494330,0.0
494331,0.0
494332,0.0
494333,0.0
494334,0.0
494335,0.0
494336,0.0
494337,0.0
494470,0.7698131760659905
494513,0.9057952661687518
494551,0.1009088407219797
494558,0.0
4946,2.9424391531938334
4947,2.278810839409465
4948,0.0850699324727219
495,0.0366616595234452
4951,0.0
4952,2.158607875352789
4953,2.332498009874871
4956,0.0681558255976688
4957,2.153071764843182
4958,2.1758229849608064
496,0.0
4967,2.554528124791979
4968,1.2321667213870968
4969,1.9990817955106184
497048,0.197759541309304
497189,0.3160148614633159
497190,0.1188016023173223
497258,0.4002466617323575
4973,2.213273381258833
4974,0.2162303931243751
4975,0.0710306629776471
4976,2.0726265868556264
497634,0.0
497661,1.0027515406699237
4978,0.5174898793740458
498,2.624999829877136
4982,1.170541428561836
4983,1.1547032346223
4985,0.4842903306740939
49854,1.349975338408861
49855,1.2106061232819607
49856,1.5654309098499617
4986,0.0064279224007442
49860,0.0
49861,0.4678580092881662
4987,0.2991848339044601
4988,0.0
4990,0.0140368959186701
4991,0.0
4992,0.0378567710724885
4993,0.2622815563011142
4994,0.140897664497433
4995,0.193816174198769
4998,1.2084684003909807
4999,1.8470932101159665
50,1.919545081212649
5000,1.6232862866304278
5001,1.767740698300036
5002,1.7859376982062678
5003,1.100775202324469
5004,0.5187825249579999
5005,0.5392608953290293
5007,2.3077281704085566
5008,0.8644525918760009
5009,0.1393138122542398
501,1.6268340008788826
5010,1.3107649739176548
5013,0.4805569452276723
5015,0.0
5016,1.3049613687614483
5017,1.2238270348727622
5018,2.4609727030916573
5019,2.1462340685213808
5020,0.9577162665337472
5021,0.8452007361984246
5023,0.8823227584854364
5024,0.0784592157513684
5025,1.882497459146956
5026,0.3662613804410334
5027,1.346279111132563
5028,0.8941064710691013
5029,0.5658555920828099
5030,0.2369414360556601
5031,1.3092295666373903
5032,1.4093258760705594
5033,2.279199502159016
5034,2.945412054171512
503497,0.0
503519,0.0183253569229505
503538,0.4334906989937757
503542,0.3465827451363191
503569,0.3576223679762332
503582,0.0
5036,2.360131528471072
503611,0.0
503612,0.0
503614,0.0
503618,0.0
503627,0.0
503630,0.0
503637,0.5532462931658774
503643,0.0
503644,0.0
503645,1.008884210325753
503647,0.0
503693,0.6444637299744573
5037,3.1337607933171925
503834,0.0544125563488178
503835,0.0340664262320136
503838,0.7339685787915605
503841,0.0
504175,0.1401941087850785
504180,0.0
504181,0.0
5042,0.2648467394595812
5045,2.7388514560133936
5046,1.2719270749325795
5047,0.1382562046163831
5048,2.1797522619209024
50484,2.002230949003993
50485,1.9295926360446205
50486,3.053282674738298
50487,0.0
50488,2.392864636850965
50489,0.3829922128431253
5049,2.280631526403209
5050,2.203140602847792
50506,0.3580232511579675
50507,1.7962826918764316
50508,0.0
50509,2.3160126673766537
5051,1.7968434943473193
50511,0.1791897340119939
50512,2.105006612166689
50514,0.0322650387162132
50515,2.048571849335175
5052,2.951627926695335
5053,0.2853657372489276
5054,2.6353038685481343
5055,0.2406780642448516
5058,2.097818049481362
506,3.1148123191028216
50604,2.3159093121269407
50613,0.0
50614,0.058501008843608
50615,1.115638048871243
50616,0.0
50617,0.8349811894750269
50618,1.858990251036023
50619,2.32656727054497
5062,2.388693589156292
50624,0.0499117462968908
50626,1.9987230322942184
50628,1.8946628325088335
5063,0.3268033218138417
50632,1.0268659619466036
50636,0.818647303247309
50639,0.0548027927666294
5064,2.553550730323252
50640,1.9304412468561525
50649,0.913268962782157
50650,2.039570671771135
50651,1.2752785426580269
50652,0.0051875911285856
5066,2.4237643882233098
5067,0.6433814509723144
50674,0.1093558077997425
5068,0.2214986065228349
5069,0.3903255331569754
507,0.0
50700,0.0
5071,0.6178247585537707
50717,2.1870095492511634
5073,2.1645651470292817
5074,1.980986322053797
5075,0.0542173700425294
5076,0.4812371584065218
5077,0.2909227729648978
5078,0.0
5079,0.1463297841307743
5080,0.0396462670429822
50801,0.0138321417599086
50804,1.3795053998069091
50805,0.80813743574534
50807,2.0721384999588164
50808,2.456886817400383
50809,2.403449802229691
5081,0.0
50810,1.9242492524678745
50813,2.474590796230756
50814,2.2766933754529717
5082,2.0958412844139445
5083,0.6637479784110638
50831,0.0938652766473933
50832,0.5755660375665058
50833,0.0
50834,0.0
50835,0.0
50836,0.0
50837,0.0
50838,0.0219839916622789
50839,0.1872006591820415
50840,0.7555838122437639
50846,0.7512086436451805
50848,2.4495675916362023
50852,1.0063665409923368
50853,1.7263832593756545
50854,2.1490778501780725
50855,1.2555176393378464
50856,0.3800129302731301
50858,0.0
50859,0.1209661047225065
50861,2.4078426577546934
50862,1.958301798902608
50863,1.8356987549021593
50865,2.6086913174354596
5087,2.312244163689011
5089,2.2951765156650192
509,2.7252118888323724
5090,1.881611221283373
5091,2.1773471846354453
5092,2.4317020893829735
5093,1.68576374463375
50937,1.454209621762585
50939,0.2143060330373782
5094,2.4040141264753534
50940,0.7892185979494374
50943,1.3828942122183254
50944,0.2603142938058052
50945,0.0270393423001977
5095,1.5107791870780725
5096,1.7970805334519366
50964,0.031262604438497
5097,2.2265703557800607
5098,1.7441437281386176
5099,1.2565828542730486
50999,1.9946883447733563
51,2.2496996634831783
5100,0.0614091674392234
51000,2.1785298596210394
51001,2.1361942558178737
51002,2.060658676036154
51003,1.153903573355471
51004,1.0082686100322191
51005,1.853870444435912
51006,2.0675044986551083
51008,1.7906772083975129
51009,2.0061936253928705
5101,0.3541392113228169
51010,1.243081353134755
51011,1.5221949787063462
51012,2.4470808081376876
51013,1.9404016334829155
51014,2.4470459553135964
51015,2.4533544412120043
51016,1.8520992295481449
51018,1.6658472814543177
51019,2.1630008371807494
51020,1.996681477620727
51021,2.41848841841668
51022,1.6630457851703266
51023,1.1077124884278309
51024,2.7508816682769597
51025,1.4009024903604124
51026,2.0965147910062263
51027,2.139952426756787
51028,2.013752827509819
51029,2.228404094401996
51030,1.6747053197147412
51031,2.247759985337283
51032,0.0248187083181388
51035,2.684242410266275
5104,1.855193871325004
51042,0.0
51043,2.4268849641626193
51046,0.0
5105,1.6306846670996171
51050,0.4080405655496561
51052,0.4989256107196615
51053,1.7419444890369724
51056,2.6737237118614416
51057,0.8149531912796318
51058,1.9739587762972064
51059,0.1600115535070715
5106,2.190942160457598
51060,1.3892176894958126
51061,2.3137605574408107
51062,0.9991147704922604
51063,2.4257542347446437
51065,2.043208788119724
51066,0.3341425069771574
51067,1.9166489709687111
51068,2.2395637889054214
51069,0.8042409163460496
51070,2.217467906538066
51071,2.0179207047706207
51072,0.5632301112041099
51073,1.8769020424766565
51074,1.369283775208631
51075,2.5752634259824765
51076,2.1578851645392234
51077,2.1572796524342976
51078,2.391845885767703
51079,0.9665754016951392
5108,2.2020018689042544
51081,2.376962128273577
51082,2.0547712575088815
51083,0.9545290849906828
51084,2.060885601296047
51085,1.8890875045468332
51086,0.0376577034343075
51087,1.2710211872113817
51088,2.0633231817795545
51090,1.184318854160907
51091,1.677676300872868
51092,2.1981560603645387
51093,2.1502297534308794
51094,2.693968107992647
51095,1.5282138860204304
51096,2.4601946689116128
51097,2.6611618224409956
51098,2.3101869501845997
51099,1.7732439614228732
5110,2.4675617235000273
51100,2.5095186975799857
51101,1.5774090778570775
51102,1.875085126426858
51103,1.8029318625110595
51104,1.78402034269826
51105,1.3905607916237794
51106,1.348410438414822
51107,2.8404721775264985
51108,2.3469439454138263
51109,2.219375981294378
5111,2.724115928141294
51110,1.5880225000512846
51111,2.0917738815915787
51112,1.867271591660223
51114,2.2467744940906207
51115,2.0547600074403043
51116,2.120926934546597
51117,2.2954249906296735
51118,2.019444110383078
51119,2.647260474246329
51121,2.2547158740042232
51122,1.9749874158600744
51123,2.083791840491482
51124,2.1431291889881363
51125,1.829782352590924
51126,2.4984446137965257
51127,1.3361782120522128
51128,1.8735558526399576
51129,2.532416422386528
51130,1.4610523130894648
51131,2.099001964464733
51132,1.878418819732668
51133,2.5210071299816756
51134,1.4995238982978565
51135,1.901376850370095
51136,1.7245005625011385
51138,2.1398411473221075
51141,2.0059311506770925
51142,3.0206081056942717
51143,1.9620369339835748
51144,1.8626138205369476
51146,0.059277505632032
51147,2.2166259646029474
51148,2.5004247584789656
51149,1.5560639744275282
51150,2.5932115315497852
51151,0.1911764847688737
51154,2.236999984098938
51155,2.576610199051939
51156,0.0826206497668653
51157,2.0993010791011373
5116,1.81281171617612
51160,2.5891906523297163
51161,2.0103878001419195
51162,2.5945083000081417
51163,2.0374850337942783
51164,2.2381921435299272
51166,1.2432517760035824
51167,1.534177716868547
51168,0.3032115173749001
51170,2.420533676527099
51171,2.215660174944057
51172,1.7651713722398696
51174,1.759762918663364
51175,1.2763055846437463
51176,1.7540475661288706
51177,2.203359730136518
51179,0.0563619252247972
5118,2.6644543817043904
51181,2.4890631522326183
51182,1.9048996331887849
51184,2.1136489704695887
51185,1.7749039463413612
51186,2.4732812311779115
51187,2.20897569023704
51188,1.7865896238741663
5119,2.2603491884734437
51191,1.8410668422185188
51192,0.288587783888642
51193,1.779834365938885
51194,1.6976537401269958
51195,2.0930384211935293
51196,1.1924107301701807
51199,1.9205828676611392
51200,0.7942884803479043
51201,2.0305340600669375
51202,0.4369879214705011
51203,0.1220462241655084
51204,2.239754040678183
51205,1.326433805193879
51206,0.3641439143298541
51207,1.0921524081537228
51208,0.1438810399905316
51209,0.6450042358277566
5121,0.3056461570780727
51213,0.0
51214,0.1920023178353444
51218,2.369702429016848
5122,0.2094747804319355
51222,2.041108356459968
51224,0.0
51225,2.167907464385556
51226,2.4647161864570686
51227,1.6710104762651172
51228,2.3795145591792974
51230,1.973213393275132
51231,1.6471528773601851
51232,2.496126050489268
51233,0.6259240203204224
51234,2.106142892203983
51236,2.051244628286795
51237,1.6644632983026328
51239,0.8907620647315619
51241,1.616399664628646
51244,2.024575850426755
51246,2.6949092226063724
51247,2.2913065995468624
51248,2.456674219160817
51249,2.3734738794557764
5125,1.4088034828993783
51250,1.824517978501095
51251,1.98404274594111
51252,0.5772542806543307
51253,2.476866377301816
51255,2.6835258372034914
51256,1.303104171554894
51257,2.5249136137690154
51258,2.645003403166149
51259,2.018992681849693
5126,0.6969334881191431
51260,2.4393754902282865
51263,1.9762901389831344
51264,2.3693191976736756
51265,0.3887875714267803
51266,0.0759903776592968
51267,1.490966493717469
51268,0.6688121481923963
5127,2.3590098198768614
51270,0.0621829736100838
51271,2.5203998586084255
51272,2.292117317217932
51274,2.161077537710571
51275,1.8919747031553689
51276,0.7751827284005205
51277,1.2132757251666133
51278,2.1823579033605993
51279,2.18853602014784
5128,2.1354693904887063
51280,2.476705427283252
51281,1.4738490337237256
51282,2.4011132950865592
51283,2.439359402286209
51284,1.7094052586034776
51285,1.8072861384568013
51286,0.2157497372316905
51287,2.3037682985952808
51289,0.1920023178353444
5129,1.4998141773092304
51290,1.7985429257935095
51291,2.174069970517251
51292,2.3625922502327987
51293,2.1766099822894556
51294,2.051885746999052
51295,2.2892710079645937
51296,2.2783741616927538
51297,0.0
51298,0.2791774610824414
51299,2.2521078045720953
513,2.4920633609322307
5130,2.1301982085297664
51300,2.475823388920877
51301,1.20770552245219
51302,0.7947212227180538
51303,1.6963104618116946
51304,1.925424525922832
51305,0.0520673186640733
51306,1.9607790591881376
51307,1.8759233404513165
51308,1.5640367194668587
51309,2.287933862693543
51310,2.0236357492202863
51311,1.118028728077224
51312,1.9840156238584683
51313,2.6556617500788926
51314,0.661025890194388
51315,2.371466880750837
51316,0.9438415498520536
51317,1.8458393485273616
51318,2.1317727203660968
51319,1.7908412082925025
5132,0.0270393423001977
51320,1.971802303199454
51321,2.4597539425698023
51322,2.273215422015911
51324,2.4853215958576818
51326,0.2245161188612271
51327,0.1283187873796772
51329,0.3036417141076001
5133,1.3412530264082
51330,2.504632619214968
51332,1.1236671227837385
51333,1.1113872726827425
51334,1.2182913487146287
51335,1.987814402432877
51337,2.09573562183058
51338,2.2960340860666917
51339,1.703708823170834
5134,1.9898100516292003
51340,2.1596954829491906
51341,2.237578118936465
51343,2.1665438107724646
51347,1.910825605573374
51348,1.055429306873563
51350,0.0
51351,1.8229509514112303
51352,0.0811098068644656
5136,1.239009528827468
51360,1.6745626733200898
51361,1.9661202890665737
51362,1.776286134699175
51363,2.346213913218945
51364,1.5699830737745355
51365,1.7414910410784945
51366,2.1089632329963575
51367,2.0328554214747454
51368,2.2319021291632017
5137,0.3629502500681105
51371,2.7419780501390196
51372,1.9023209534725456
51373,1.526824029583258
51374,2.675192310683318
51375,2.1195301921669527
51377,1.7982207735365865
51378,0.6995165237200132
51379,1.7940971171041689
5138,1.8452349886126909
51380,2.1090068993996027
51382,2.173811311912638
51384,0.032865928486596
51385,1.6471528773601851
51386,2.540735462761262
51388,1.6615503887549028
51389,2.0547206295196676
5139,0.9711757013700096
51390,1.90946709607465
51393,1.999068755467641
51397,2.0566396620829694
51398,0.0
51399,1.9591413500030923
514,2.682973710554021
5140,1.3860266570122506
51400,1.8690420440379552
51406,2.495088190761104
51409,1.3576201188114518
5141,1.85378582568326
51411,1.8519009072351489
51412,0.0152643844692303
5142,1.462284335732657
51421,2.3442104090172893
51422,1.1985052583572058
51426,1.384854228558163
51427,1.8551470140331128
51428,2.4344686547472265
51429,2.585160810869062
5143,0.014541010815111199
51430,2.1871574405416574
51433,2.2534015601795385
51434,2.069639695391004
51435,2.213230092911612
51438,0.0181216355189445
51439,2.26096372172438
5144,0.6199750947368011
51440,0.0300581105554705
51441,2.51858132407435
51442,0.4011306706811184
51444,1.9025879075353755
51447,2.3482528453283416
51449,2.5038462601915628
5145,0.0752292615879394
51450,2.1514856382263625
51451,2.4169204580470973
51454,1.0096528270902956
51455,1.8112626946028496
51458,0.2107659687066258
5146,0.4776020445966557
51460,1.5303787442526038
51463,0.9044403928283871
51465,2.3604845638069474
51466,2.4119763933863485
5147,1.8950708841551271
51473,2.0302458835793646
51474,2.478803539338053
51475,0.0
51477,2.363792644710853
51478,1.6229667645925292
51479,1.8726947909172935
5148,1.296104613813705
51480,0.0
51481,0.0
5149,0.0
51490,0.1049594666720178
51491,1.669382582357213
51493,2.506738299522959
51495,2.501792071516865
51496,1.8024641747223555
51497,2.3366479816632904
51499,2.4503787685290943
515,2.6182063163109643
5150,1.7864129291660908
51501,1.865740106110904
51503,2.272486988338174
51504,2.896068309780409
51506,2.6577568323064975
51507,2.4117631928019807
5151,1.7480020320448784
51510,2.6734189839489435
51512,1.364584660655736
51513,1.4134117908017385
51514,1.7148728121893155
51517,2.1273787737315764
5152,1.257147901214736
51520,1.890585235914912
51522,2.8888358569561494
51523,2.6962441560754287
51524,1.79167116867097
51526,2.359389564201312
51527,1.947756730315617
51528,2.136733571047991
51529,2.465446507988119
5153,1.5488545994218397
51530,1.824951662348839
51531,1.6911026840550007
51533,1.3753241282190425
51534,1.959704862403875
51535,1.7820831587896184
51537,0.2853657372489276
51538,2.345733542136512
5154,1.9399843205477056
51540,0.3273596661759082
51542,2.0046160602575185
51545,2.204031098722859
51547,1.89964161484983
51548,2.0279143709900542
5155,2.388514358722328
51550,1.8194418186856829
51552,2.601729854888797
51554,0.7023382721997504
51555,0.7549714868046878
51557,0.018529029376588
51559,1.3567945846601013
5156,2.195089322752735
51560,1.330938095278558
51561,0.7540519400778255
51562,1.8758877069030393
51564,2.403632667756573
51566,2.402751507470872
51567,2.3424481874695893
51569,2.426566320900763
5157,2.312509441763046
51571,2.118510960771675
51573,2.3576259267087907
51574,2.1311574327689766
51575,1.9683508294767735
5158,1.4191260586833705
51582,2.5210600530857215
51585,1.8934447259829008
51586,2.1300746927838863
51588,2.0747857023901655
5159,2.801902622622822
51592,1.9311638564580589
51593,2.496507109239187
51594,1.951490201386071
51596,2.731708004918407
51599,2.680285817706767
516,2.271262280304448
5160,2.246872519884318
51601,1.3995356393579232
51602,2.2419624400482228
51603,2.3570156531887396
51604,2.0230179167080777
51605,1.682804088430372
51606,2.20742346088689
51608,0.2690536052345982
5161,0.0
51611,2.0174426049345304
51614,2.6065280502249957
51616,2.264497183622637
51617,0.1553613094606595
51619,1.6262789931019612
5162,2.221615067798509
51621,2.390666726417105
51622,1.1221040873093604
51626,1.8228901739737828
51629,2.62698289880959
5163,1.0551446790552668
51631,1.8585908128556168
51633,1.5304176614292446
51634,2.1459584960948157
51635,2.475365531121862
51637,2.263068367689892
51639,2.713055340365985
5164,2.073467153632937
51642,1.7204020261536457
51643,1.54365903781875
51645,2.294308199067761
51646,2.60578876362428
51647,2.5682068760437953
51649,2.2552070167117075
5165,1.7097613317156526
51650,1.8658405575775383
51651,1.9377231675620492
51652,2.219383067819389
51654,1.9361778428094345
51655,2.6821452510985435
51657,2.2437939861514185
51659,1.9253142454471528
5166,2.8015451912791396
51660,2.4061974236829693
51661,1.9390798924736128
51663,2.342892092607722
51665,1.771016773729284
51666,0.0386525717956126
51667,2.314964337728593
51668,1.8343014600356593
51669,2.8728446228997315
5167,1.678624570273776
51673,1.7743929932074347
51676,0.7695884950556634
51678,0.7481210902943094
5168,2.3380986383317595
51684,1.9238382701691632
51686,0.5124046932124265
5169,0.4279095011446019
51690,2.4312948391407727
51691,1.5234205846760571
51692,2.175827004759409
51693,1.976490701255292
51696,2.171828656375967
51699,2.4393701276758035
517,2.7353129091528747
5170,1.7340711238179298
51700,1.170968629384437
51701,1.8129258473793517
51702,0.0336664500279098
51703,1.993055879218974
51704,1.8846653892218912
51705,2.078291217568497
51706,2.4659673093160097
51710,2.061095798293536
51714,2.437258867993928
51715,1.5342742372072902
51719,2.403079721325699
5172,0.3323487880510513
51720,1.863303470285984
51725,0.0191397532419228
51726,1.848505221014933
51727,2.6363593963486234
51728,2.251415540220222
51729,2.422444448995111
5173,0.0
51733,0.1823702359819901
51734,2.2039087921170655
51735,1.1728289961872762
51738,0.505751174962362
5174,2.2352460985964067
51741,1.4534814320150011
51742,2.0015254579712773
51744,0.8346422506630943
51747,2.633018373755885
5175,2.8409285291755944
51750,0.2265741713124618
51751,1.377577763872753
51752,2.186616163198571
51754,1.4523871462207294
51755,1.9074288888051352
51759,2.2018639232852357
5176,3.102148202803154
51760,1.053196046942915
51761,0.2772520909716023
51762,2.0417496267370843
51763,2.2082333996162284
51764,1.279087991424648
51765,1.8170859438130096
51768,2.0421454996312147
51773,1.608469695694806
51776,1.9232447577285128
51778,0.2241990231746858
5178,0.3179876267947015
51780,2.375591261610878
5179,0.1651474855524761
518,2.603710006498245
51802,0.0
51804,1.733659340923868
51805,1.6582932898318414
51806,3.0110074684206265
51807,0.076560759028747
51808,2.261067077872408
51809,1.9909372261642664
51816,2.323384366823996
5184,2.351770897102172
5187,2.3841559687509415
5188,1.315672440184633
5189,1.4938286565423893
5190,2.169269930669
5191,1.6425823623180733
5192,1.5897253387446078
5193,1.6912951281308706
5194,1.9053636976155184
5195,2.00568771997326
5196,0.0893856781967923
5197,0.0
5198,1.849485060845042
5199,0.1263525663569857
52,2.351607299331283
5201,2.4382508557853857
5202,2.7671249044102897
5203,2.0787975701524326
5204,0.9513816685724016
5205,2.033201201654744
5207,1.5386550425758083
5208,1.4077820214325865
5209,2.6084244493671767
521,2.248554105243726
5210,1.309320007778168
5211,2.4645041412151723
5212,0.9464030377596924
5213,2.1021502275495134
5214,1.7363724342502025
5216,3.141208069748784
5217,2.3908405358178366
5218,1.949160948625422
522,2.4662796817699606
5222,0.0130126308322217
5223,2.277594432813169
5224,0.0
5225,0.1329475761372088
5226,2.5845404884576433
5228,1.7369055983022914
5229,1.6637185628820668
523,2.338575793363204
5230,2.759876338381715
5232,0.313187880033229
5233,0.2562126892250005
5236,2.3957980034270587
5238,1.8562981563272032
5239,1.7575945572227538
5241,1.8314430785802984
5243,1.1745675242700446
5244,0.6670700968051917
5245,2.4244372468572344
525,0.4277877058745143
5250,2.6706590372952004
5251,0.2246746194154232
5252,2.429848559366755
5253,2.3166849962968254
5255,1.4957553649769486
5256,1.6326918345073078
5257,1.8474944069790655
5258,0.0
526,2.408754874421769
5260,1.3675603226310935
5261,1.9524621693647903
5262,0.0
5264,2.1999006112188524
5265,2.181884162034843
5266,1.0404442617489973
5267,0.2778450164077647
5268,1.1577714457142068
5269,2.3069607443873545
527,0.3167199977015222
5270,2.205779397024103
5271,1.3472897719998227
5272,1.973715117149471
5273,0.0134224851965348
5274,1.824295919434845
5275,0.0
5276,0.0254249141756302
5277,1.208068928540966
5279,2.0291451833219467
528,2.251699058367772
5281,1.0993689279069518
5283,1.719667942938277
5284,1.7980488586222128
5286,2.0460928687645645
5287,1.9656228714180168
5288,0.5903252165535635
5289,1.6291577364476306
529,2.557117406077692
5290,1.4234483664986337
5291,1.9249201364418864
5292,2.157686264796448
5293,1.928507819756032
5294,1.4278777884103415
5295,2.408891178146877
5296,0.0871367817651098
5297,2.044887614497907
5298,2.485438090433058
53,2.3993258393998667
5300,2.194057183667663
5303,1.692297241670211
5304,0.5333786517459175
5305,2.221319250121753
5306,2.465225138297499
5307,1.452911791614374
5308,0.365071029658415
5309,0.1188016023173223
5310,1.908933890816899
5311,2.207984391156447
5313,0.1941455275186967
5314,0.0082850342053478
5315,2.903935576406312
5316,1.597607719110957
5317,0.960997970748665
5318,1.497528744211723
5319,0.4730326961733743
5320,1.4538001461363483
5321,1.777720238990176
5322,0.6048775368020581
5324,0.5321118926262489
5325,1.545302883947978
5326,1.69005653489392
5327,2.5152269209971454
5328,2.689499224662982
5329,2.188144361768963
533,2.649932995252439
5330,2.001667955627056
5331,2.285822009316855
5332,1.5430719294074686
5333,1.9636268198763265
53335,0.2497897559461853
53336,0.0
53339,2.383622935626938
5334,0.9571583048473968
53340,0.7680135872155843
53342,0.7747369295247053
53343,2.154458615264929
53344,1.3723929602893108
53345,0.4770324280408409
53346,1.4450993475320606
53347,1.297462579268588
53349,2.0321629058638107
5335,2.2963550971100046
53353,0.0986910213962365
53354,0.90712776289648
53358,0.4752066803630699
5336,1.5439996085809595
5337,1.227486835348797
53371,2.0680584509053777
53373,2.2077718587630177
5338,2.2034488267538146
5339,2.5998916665988228
534,0.6441031581971856
5340,0.4971537425285007
53405,1.1545034249456538
53407,1.9747930177515152
53409,0.0
5341,2.3886493182833344
5342,0.0266360241092229
5343,0.1639520026951061
5345,1.8853274407862328
5346,3.062559993795581
5347,1.937532242166237
5348,0.0903209239347336
5349,0.7036621019486494
535,2.0286629907866893
5350,1.75007469421703
5351,2.5346541697188325
5352,2.20201677863503
5354,0.5412457734211459
5355,2.736386996842237
5356,2.1693190773854
5357,1.0135830174664162
5358,2.7346613330353495
5359,2.267416449752457
5360,2.7001570038560017
5361,2.16313007325609
53615,2.0281439447757887
53616,1.2152515793393772
5362,1.5633471601850994
53630,0.0396462670429822
53632,0.042620338349058
53635,2.0405945483514754
53637,0.7318315375568043
5364,2.2748688487629285
5365,1.6153122489110054
5366,1.7976187654409093
5367,0.0
5368,0.5396792203037503
537,2.8455096279452943
5370,0.0126025784990239
5371,2.12255664327443
5372,1.660933195743559
5373,1.312146049702977
5375,0.0203598820990786
5376,2.3803990144798894
5378,1.530398203234898
538,1.31745655326567
53820,1.5750412228597277
53822,0.197759541309304
53826,1.3253236219374536
53827,2.656309289826476
53828,0.0
53829,1.757665436874997
53831,0.940639029947822
53832,1.0260692631160853
53833,0.7142419369514585
53834,2.2586975240368825
53836,0.0
53838,2.290691518160856
53840,0.06565627325421
53841,0.4463134593821857
53842,0.0
539,2.0215088582770284
53904,0.1242022158771549
53905,1.167932371962948
53916,0.5440569859799346
53917,1.4012815217132524
53918,1.988471833120387
53919,0.4172383624861543
5393,1.863303470285984
53938,1.953072098510696
5394,2.032186806949503
53940,0.0
53942,0.0078726930921942
53944,1.621958817816121
53947,2.289135811571362
5395,1.54284446777222
5396,2.407652355066358
53981,1.8009939660034815
54,2.6371158406802144
540,1.20237251891704
54014,1.890834319126774
54016,0.0
54020,1.7294822062343425
54022,0.057140405596366
54026,0.0
54027,0.0
54028,1.3223320461517756
54029,0.0
54033,1.146939105043023
54034,0.0
54039,1.1541835830179008
54044,0.055972413796195
54045,0.0
54047,0.0
54051,0.0
54052,0.0
54058,1.1845462684353985
54059,1.7987897431144433
5406,0.0
54064,0.3566861551835944
54065,0.0091091168566818
54067,0.2961510947909775
54069,2.0779004272048187
5407,0.0144462560950847
54072,0.083940390516352
5408,0.2397455554894407
54082,0.5263837675097155
54084,0.6055449012955252
54088,0.0
54089,0.0
5409,1.2068687838451804
54093,1.5887800828570486
54097,1.8409795579082568
54099,0.6314554050671054
541,0.0901339590533384
54101,1.268814825004832
54102,2.5585128210877266
54103,1.633395395482517
54106,0.0635354152782802
54107,2.5076064696311104
54108,2.089876486985575
5411,2.5542732131109083
54112,0.3024939935382192
5412,2.4405600730757677
5413,0.1918372189643938
5414,1.6411561444294436
54143,0.0
54145,0.0
541465,0.0
541466,0.0
541468,0.6904747633538331
54147,0.0
541471,0.8160008276882503
541472,0.2112496279420356
54148,2.2238325459149184
54149,1.5780079853917204
541565,1.4780058435993348
541578,2.236117432473998
54165,1.7248701069825365
54187,1.8764752619137175
542,0.0
5420,2.5498221808729196
54205,2.1874763598250646
54206,2.337427441262045
54207,0.051284114267885
54209,2.6546252896682456
54210,0.6664593332596391
54212,0.0
5422,1.20843209665726
54221,0.3024939935382192
5423,1.7206078643159228
5424,1.8941096036532237
5425,2.3685760596169896
5426,1.7937824190075016
5427,1.3755897738754663
542767,0.0262325134658017
5428,2.047988017630289
5429,1.718493438172978
5430,2.5717924663365097
5431,2.3626082855260315
5432,2.25595192201782
54328,1.2233678446587353
54329,0.5936282201541268
5433,1.9252196949452325
54331,2.0675914480824673
54332,0.5976871532689587
5434,2.5630945400955345
54344,2.4905429756857367
54345,2.1629883279417896
54346,0.0
5435,1.6844259503470984
5436,2.542191725887981
54360,1.531486650337587
54361,1.2038753214525264
54363,0.1160879462910086
5437,2.300638764679838
5438,1.679274461304722
54386,2.335392898126238
5439,2.3973435531673752
5440,2.447357744999241
54407,2.5112529076482795
5441,2.892302793924822
54413,1.1554618701370771
54414,1.683629736100773
5442,2.1574364231648095
54429,0.8992125979850523
5443,1.1185822914428103
54431,2.0429708275466534
54432,2.462860219384981
54433,2.1489173256953427
54434,1.9293431571105375
54436,1.744679630679857
54437,0.67124361522531
54438,1.394338686264083
54439,1.7099063162600936
5444,1.1564585309994706
54440,2.2751271097812102
54442,2.3045954188814046
54443,1.5612906734989336
5445,2.3034820279594617
54453,2.224311334978712
54454,1.3186426278157024
54455,1.659902664303971
54456,0.5369557465375479
54457,0.1805304190528387
54458,2.3588452770066803
5446,0.5355901323150711
54460,2.579351999575986
54461,2.6468869007443216
54462,1.9652173611443593
54463,2.3015985050521826
54464,1.7243603089310284
54465,1.4813966089950945
54466,0.2008677113527925
54467,2.1902718200562536
54468,1.7737676653311614
54469,2.354292423505355
5447,2.3165739200222113
54470,1.8914006263965868
54471,1.873340757672134
54472,2.216700967314744
54474,1.3905607916237794
54475,1.713254039208398
54476,2.129222645499283
54477,1.3378943198267483
54478,1.367614267540669
54480,2.4091438719042704
54482,1.572786012845354
54487,1.8227584591948935
5449,0.0453866897349848
54490,0.0927476423604853
54491,1.6229348001831063
54492,2.1090699637842625
54494,1.3027075362110967
54495,2.024228163566945
54496,1.6884273699742685
54497,1.9261012920151903
54498,1.674805145235456
54499,2.5049611993234877
545,1.2000922447523827
5450,0.6991005691758824
54502,2.22093500839049
54503,1.5339653037379304
54504,2.3947226858966557
54505,2.151601937875446
54507,1.4784607416848925
54508,1.0145996587618402
54509,0.4860936315063434
5451,1.4591422396882556
54510,1.7986395236403427
54511,0.58827737766422
54512,1.9990622352794816
54514,0.009520858735307
54516,1.3222438013190618
54517,1.685721999141964
54518,2.38521718216895
5452,1.1545433925113908
54520,1.924209753404073
54521,2.0289463536647103
54522,1.507137990900229
54529,2.0002145809598257
5453,0.369689759524626
54531,1.5692662784807598
54532,1.6614769575825554
54534,2.0245270715760855
54535,1.933547640559166
54536,1.6513476231567057
54537,2.1136489704695887
54538,2.0191597112850093
54539,2.83636255079703
5454,0.0148554188895284
54540,2.278356325857369
54541,2.6673350717448767
54542,1.896334919924596
54543,2.889127804821878
54544,0.0
54545,2.1351537714702173
54546,0.310918847596584
54549,1.8252841842127672
5455,0.0150599263207783
54550,0.5085945571359952
54551,0.6876878663860065
54552,1.6504004027876056
54553,1.182952426782527
54554,1.682257483430485
54555,2.2581704211319877
54556,1.4586692047853576
54557,1.4648060140835613
54558,1.408031347805738
5456,0.0
54566,1.3054474309532371
54567,1.668544734130481
5457,0.0080788886488122
54570,0.0
54573,0.0
54574,0.0
54575,0.0557775902066152
54576,0.0150599263207783
54577,0.0173062599854029
54578,0.0
5458,0.0
54583,0.7656818511998323
54584,0.8711488561683158
54585,1.7866669047371813
54586,0.0254249141756302
54587,2.873455182577208
5459,0.3043581801202541
54596,0.5259576473510799
546,1.7929130733124496
5460,0.3698213124515176
54600,0.0152643844692303
54602,1.933030310919375
54606,2.346368250757228
54617,2.05606835529339
54619,1.5858808711776076
5462,0.2884416150412991
54620,2.0511424012156314
54621,1.8218759133806135
54622,2.164324297777963
54623,2.533994531531256
54625,2.273903092705461
54626,0.2922331420294379
54627,1.259501466365253
54629,1.7130709004009128
5463,1.5300088738036357
5464,2.3883962211425382
5465,1.1633471296010256
54657,0.0280467968559265
54658,0.0322650387162132
54662,2.259154514886573
54663,1.7911799407676443
54664,1.8084620871389856
54665,1.7681559012220436
5467,2.210426373871791
54674,1.180247728136545
54675,0.4893508323413079
54676,2.2780410673857525
54677,1.7440705992515806
5468,2.17641741224279
54680,1.8401931703697056
54681,2.1220376251417687
54682,1.6872501211407525
5469,2.0064814995203895
547,0.193816174198769
5470,0.0215782561623971
54700,2.398105269405012
54704,1.766874400497617
54707,1.85598027657264
54708,2.199949361855271
5471,1.5166208892133393
54714,0.0215782561623971
54715,0.0022864348041153
54716,0.3959380940880423
54726,1.866543028023337
54729,0.0
5473,0.1754913456975675
54732,2.766884584624691
54733,1.7371905115593995
54734,0.6897158304892403
54737,2.3392914276577184
54738,0.0449920531388688
54739,1.6588550064477086
54741,2.588612395104526
54742,0.542184067933255
54749,2.2640381456903036
5475,1.0739632781024089
54751,2.302436661335888
54752,0.2128597176451206
54753,1.9102533023738493
54754,0.0280467968559265
54756,1.633395395482517
54757,1.8135478357414536
54758,1.4633347345967802
5476,2.3423529846430173
54760,1.734706752263125
54762,1.2592698777752211
54763,0.2370974806067989
54764,1.683629736100773
54765,2.072621226775224
54766,0.0
54768,0.1548429716536619
54769,0.0708393147493007
54776,2.268640087448787
54777,0.4490410849371847
54778,1.8406593579792567
5478,2.67862854100551
54780,2.2224834279534225
54784,1.8768753818016424
54785,1.7978876249134936
54788,2.2520241647900727
5479,2.7921734666494324
54790,1.2678385576826805
54793,1.9978148378999905
54795,2.2551273347191625
54796,1.279884879364178
54797,1.933362406214287
54798,0.112455778548313
54799,2.147299348346247
5480,2.4590313533359147
54800,2.006609373822114
54801,1.71947455914396
54802,1.6136192327142986
54805,0.8233563315475221
54806,1.5334628621751705
54807,1.7523647474396675
54808,1.750471224687166
54809,1.7682020101000708
5481,2.239960859527407
54810,1.2257303528728811
54811,1.4362207813177272
54812,2.2961411247068138
54813,1.5012629841051164
54814,1.655563497156827
54815,2.247068485790493
54816,1.397453021636871
54819,2.006564622696497
54820,1.8813300288911796
54821,0.9262541521989124
54822,1.7824177848407434
54823,1.4093755997864097
54825,0.2559080167354376
54826,1.2120507495347443
54827,0.2186293449996029
54828,1.6588254597937206
54829,2.7907437737199596
54830,0.9404096430866072
54831,0.0662337567877756
548313,0.0
54832,1.73761134672624
54834,1.1886616263066907
54836,2.0787343142408794
54838,2.486777538363216
54839,0.8607524665437613
54840,1.3052955842372946
54841,1.3573450864302774
54842,2.0640645041612116
54843,1.952241479172269
54845,2.2337379243457898
54847,1.1603090632926367
54848,0.2891721859438369
54849,2.07960838862668
54850,2.033058158764562
54851,1.7669322080832552
54852,1.0971647822943464
54853,1.6781294558983242
54854,2.1192567931944053
54855,1.8647800080310837
54856,1.9086300565455347
54857,0.1396660445520418
54858,1.91727650769811
54859,1.941741630731775
548593,0.0
548594,0.0
548596,0.5806187560096068
54860,0.3498303634195138
54861,2.00837603373532
54862,2.1358927827959366
54863,1.7536066088956797
548644,0.0586952005206574
548645,1.891734889722197
54865,2.0957507183630892
54866,1.3066000508785067
54867,2.4888874968841916
54868,2.0329866169077317
54869,2.108103387101002
54870,2.394706145240531
54872,1.9752302763634195
54873,2.1868615949223473
54874,2.360006833672652
54875,1.2662728532999914
54876,2.269386163908784
54877,1.5348143924574904
54878,1.877834067049699
54879,1.1223578413716222
54880,1.9458541575187684
54881,1.6826780080820718
54882,0.3147439961420661
54883,2.0495542848442327
54884,2.8154644896965064
54885,1.147222566691999
54886,0.1119095706081079
54887,1.740435250729303
54888,2.201177101737253
54890,2.5129866223028903
54891,1.366263954799687
54892,1.7795762840340468
54893,1.793434894597654
54894,1.5211249721902542
54896,1.875807520013121
54897,1.3498916234095644
54898,2.7315203689412506
54899,1.8283550115105072
549,1.8607875496406032
54900,1.1082326995512133
54901,1.7379946954074892
54902,2.1016455637053655
54903,1.6225190607127036
54904,1.8442065068132976
54905,0.3549444262336366
54906,2.713316797942401
54908,1.59053159102629
54910,2.3295005650986256
54913,1.7573227439721728
54914,1.8484766470857417
54915,2.4297710836357735
54916,1.2876638432601424
54918,2.6200394797179296
54919,1.9928703833113952
54920,1.496131442224775
54921,0.2806553026210401
54922,2.004416797680542
54923,0.9374198569620784
54925,1.8467298862934995
54926,2.506327510783326
54927,2.1650131853060746
54928,2.3892895791091746
54929,2.0345514636071487
5493,2.1478307900408775
54930,1.7938584020110313
54931,2.2531130648564845
54932,1.6464550360844858
54933,1.1338694785507053
54934,2.109254242783093
54935,2.804504978918433
54936,2.450897122103569
54937,0.1209661047225065
54938,0.7844022877783016
54939,2.0648700365211785
5494,2.0054505459189835
54940,2.534119058458487
54941,1.4332654846879185
54942,1.9114623518695677
54943,0.7015924804050055
54946,2.1082589909251452
54947,1.7496296672348293
54948,2.3494776098442824
54949,1.876119269228316
5495,1.6975859950918268
54951,2.05317598066802
54952,1.731042325676923
54953,2.248023815234092
54954,1.433312906617798
54955,1.827073232130732
54956,1.7876152111372037
54957,1.4567046755034991
54958,2.1510157430042733
54959,0.1873667107284053
5496,2.573641671702223
54960,2.061780876214678
54961,2.3315347943802127
54962,1.343969724473765
54963,2.353019995896931
54964,1.8243968700128357
54965,1.8874716657011816
54967,0.0
54968,1.9630546353241909
54969,2.249313920187354
54970,1.485511726875958
54971,1.3564364456289162
54972,2.2047344435134355
54973,2.1525223695957743
54974,1.788253574559854
54976,2.5390283601047487
54977,2.250573239364532
54978,2.4726402818810373
54979,0.7414340472155031
5498,1.8755579486352765
54980,1.6377489726695842
54981,2.0307560456643996
54982,1.7795538347531432
54984,0.5982900254302977
54985,2.705890776627409
54986,1.1980985574480465
54987,2.1323596735429637
54988,1.295455274186795
54989,1.739376892009305
5499,2.5697548650925843
54991,1.410741097006276
54993,1.3319498777294028
54994,2.3992891699264933
54995,1.8016870933642295
54996,1.9402120005526844
54997,1.1605463827913711
54998,2.585628395696586
55,0.3864747494427827
550,2.7636398177563115
5500,2.5615166114557972
55000,2.113160103749169
55001,0.6530615443347936
55002,2.24258509194985
55003,2.227723652369314
55004,2.629463341638551
55005,2.5315959853182415
55006,1.8001714023199202
55007,2.1638753793594274
55008,1.9347880158649893
5501,2.4709184050367097
55010,1.0405901651057494
55011,2.3758153964623925
550112,0.7079467688581604
55012,1.696826543973222
55013,2.1179198060174933
55014,1.7946824847380822
55015,2.0536727717532597
55016,1.8006309534972849
55017,2.2938093628683176
55018,0.0670031148207685
5502,2.1943964917678573
55020,2.219482263719458
55022,1.8971641428556012
55023,1.820196986066809
55024,0.6086825302535946
55025,0.0662337567877756
55026,1.3016382008454457
55027,1.7564707418136427
55028,1.7915620560416812
55030,2.1042700467907127
55031,1.7424464065954224
55032,1.883705237340034
55033,1.8085878870155128
55034,1.3708943105193894
55035,1.929506895373808
55036,1.253414376431693
55037,1.9211325957597212
55038,2.0093102572829875
55039,1.9398780248603733
5504,2.26799356186627
55040,1.8408437457430984
55041,2.4287676556699034
55048,2.3079156697211483
55049,2.0822912904007427
55051,1.1262767693348874
55052,2.308550733864664
55054,2.029054819211805
55055,1.5689074721399632
55056,1.6925851037308808
55057,0.4107868396102578
5506,0.0
55061,1.717950298990263
55062,2.2243881580909792
55063,1.6146292774351183
550631,0.4878925008671732
55064,0.428761512079279
550643,2.198107055584863
55065,1.0887120036663227
55066,1.996832349028827
55068,1.3052955842372946
55069,2.5944538209395045
5507,1.7927172246683614
55070,0.467511733425391
55071,1.3609365197997003
55072,0.4564613873988061
55074,2.109171813789376
55075,2.191472888878041
55076,1.6710248561466057
55079,0.0
55080,1.9575185223624296
55081,2.137760504704989
55082,2.487553043688435
55083,1.7858381640558674
55084,0.9291812626339124
55086,0.4194587070270256
55088,1.5970671977973547
55089,0.5678686264809095
5509,1.625469065487333
55090,1.5872291677468882
55092,2.070033950255316
55093,1.374845620861507
55094,1.63162662142817
55095,2.350847482695921
55096,0.7175701190924867
551,0.1102687734821434
5510,2.317031204039674
55100,1.7158230250939743
55101,2.054033658173222
55102,1.6907450672313449
55103,2.0627951145609935
55105,1.5646528427793347
55106,1.4027444625591106
55107,2.3486672089703133
55108,2.3447318530711176
55109,1.861341824653142
5511,2.2625075944629245
55110,1.4237867588189694
55111,2.082870355329836
55112,1.814282666844796
55113,1.3694988034431943
55114,2.151782772448146
55116,1.930697807653303
55117,0.0795962166369358
55118,2.1510976962836748
55119,2.2035416112063326
5512,0.0986910213962365
55120,1.8469689510922285
55122,2.422276219260718
55124,0.5736744126717913
55125,1.6933518271164
55127,1.887125192424728
55128,1.6599763516391368
55129,2.0104131173794704
55130,0.0925612234809782
55131,1.398825456916055
55132,1.2945882581182886
55133,1.7587508023489928
55135,1.5227488639289153
55137,0.4765764164248742
55138,0.6493131509949253
55139,2.065761199684857
5514,2.3324577236606165
55140,2.0674338371728265
55142,1.831026034153762
55143,1.8164691829002833
55144,2.016559329743373
55145,1.6725035266550574
55146,2.074663121768549
55147,1.872299529028879
55148,2.3319839818320536
55149,1.5346022611544043
5515,2.407469871400868
55150,0.6809695706342527
55151,1.115167283911432
55152,2.055451254144686
55153,2.3050698592817125
55154,1.6101323339864766
55156,2.1717920602507457
55157,1.7713830558867247
55159,1.794866599913017
5516,2.425005578080697
55160,1.9923199931270352
55161,2.0487776896270513
55163,1.646652360606328
55164,1.731029766312032
55165,1.7185709747494018
55166,1.839814006334382
55167,2.0930485604060936
55168,1.994417849165869
55170,1.740766995862434
55171,1.673176647192401
55172,1.6918170576400124
55173,2.383640075336056
55174,2.0739908677983423
55175,0.9173893996935192
55176,1.492820393313279
55177,2.2700574227010732
55178,1.8880254067349165
55179,1.596221375728296
5518,2.6105680176849173
55180,1.37418028988253
55181,2.047816128419093
55182,1.891734889722197
55183,1.6984929210745758
55184,1.1101793339932722
55186,2.0276423263757053
55187,1.6616531723522978
55188,1.64937578484667
5519,2.2235246469932832
55190,0.8538798454456669
55191,1.7778667659005891
55192,1.5760499017490397
55193,2.0070374403789293
55194,0.0
55195,0.0
55196,2.2068763133852727
55197,2.0041273602612852
55198,2.3060467294500406
55199,1.1906142995246671
552,1.2142465719250306
5520,1.944393009057902
55200,1.7773367770218378
55201,2.1269359356941453
55203,1.2770105415890338
55204,2.281480703201816
55205,2.0246307191036967
55206,1.9422552223908855
55207,2.5631812297149943
55208,1.9201920195467077
55209,2.217934361572409
5521,0.2882954188426201
55210,1.7125734255239646
55211,0.0144462560950847
55212,1.510576487353159
55213,2.1431953461328046
55214,1.452774980881521
55215,1.4983610506506069
55216,1.854847000892281
55217,1.2488123551965773
55218,1.9258732090790385
55219,2.1902024004176055
5522,1.700758888388841
55220,0.4750924203272795
55222,1.5260392406878334
55223,1.536527284464731
55224,1.8332948616555391
55225,1.7664811024603126
55226,2.2805163656667595
55227,1.8951728325777064
55228,1.4465100262645194
55229,1.7822951191180143
5523,1.3291410025149497
55230,1.989602932524377
55231,0.4381900610975544
55233,2.52433058984466
55234,2.1945450724831765
55236,1.7122851570137585
55237,0.0
55238,1.8007697892321024
55239,1.8528444450347112
5524,2.5596275555196937
55240,2.1288050432045913
55243,2.3181860735744473
55244,1.075248668389334
55245,1.899347476162203
55246,2.1262983953713945
55247,1.0201606346923386
55248,1.6354062988468707
55249,2.1562100587453688
5525,2.5246121964184742
55250,2.769144890320318
55251,2.3561798640572533
55252,1.6761150789180743
55253,1.9630260040269865
55254,1.936721691090628
55255,1.914914094407312
55256,2.1852925204079443
55257,2.017274816619558
55258,2.0952320455562035
55259,0.5797297127612436
5526,1.9261484652322325
55260,1.4031472941469538
55262,1.7883745354145524
55266,1.7954833440070015
55268,2.021090655634006
55269,2.123018919163797
5527,2.073493891782431
55270,2.093281684496813
55272,2.0733976253577273
55273,1.685972413587876
55274,2.164756048033344
55275,1.4302449915776057
55276,2.022515566184526
55277,0.7532079040075834
55278,1.689463545246948
55279,1.5032017691190007
5528,2.1065876165784836
55280,1.911021635496594
55281,2.3506120462717344
55282,0.2005411013501901
55283,1.067168416310686
55284,1.6494964481200003
55285,1.310704845491669
552859,0.0
55286,1.6394326103500878
55287,0.5022362953304824
55288,1.8583119047440424
552889,2.359366422094163
55289,0.6732344627484904
552891,0.0
5529,1.8840459150783515
55290,1.4654955639387075
552900,0.0
55291,2.2472610742946
55293,1.865548266617463
55294,1.5075461864917268
55295,1.6505809780864955
55296,1.2680339522866049
55297,1.533443526988691
55298,2.090397722535591
55299,1.7230448444798827
553,0.0072538062085478
5530,2.192278961557694
55300,1.9860579919996817
55301,0.0746579682411712
55303,2.6481025756054892
55304,1.0291505755667876
55308,1.1425477192351474
5531,2.756142779600584
553103,0.9258432559893192
55311,1.9743135484290508
553112,0.4211811008025209
553115,2.590704889891508
553118,0.0
55312,1.995116788595638
553121,0.016081724652309
55313,1.8372479850804029
55314,1.5163004193377196
55315,1.9181919038111472
553158,0.215268792123166
55316,2.415363783726069
55317,1.4670712454885844
55319,2.441512935161946
5532,2.305970217918796
55320,1.8646609819043352
55321,0.6132214385767937
55322,1.816242809673172
55323,1.5618010783929115
55324,2.264487885076902
55325,2.0605977700080365
55326,1.8621349810887853
55327,1.9572861385428617
55328,1.2985710772077446
55329,1.2787050654300016
5533,1.9611532515420036
55330,2.18619111716177
55331,1.9210927858965896
55332,2.365372482035812
55333,1.945592299635715
55334,2.414232326559778
55335,1.107018145160226
55336,1.3223026328467744
55337,1.799818384259414
55339,1.9057279434143153
5534,2.228752422541436
55340,0.8317881150124349
55341,2.1384136888622707
55342,1.8396194285866143
55343,2.1720075156851975
55344,0.7744834600299815
55345,0.8188557768572333
55346,1.4941642825886623
55347,2.1478264371995883
55349,1.7280429762649052
5535,0.0209692882026594
55351,1.5262355578782276
55352,2.543098144771227
55353,2.515878254627263
55355,1.6031121633563037
55356,1.2553510106963426
55357,2.1956327173712147
55359,0.807501414607198
5536,2.0480281137223417
55361,2.189260004307283
55362,2.447615294537095
55363,0.1234841800583226
55364,2.137939578449544
55365,2.612268987809777
55366,1.7614171925181408
55367,1.806939026249252
5537,2.4164178615030933
55374,1.7393399260222795
55379,2.6567542997992586
5538,2.897665127088482
553820,0.0
55384,1.540373336248447
55388,1.144991556317753
5539,0.0358639763576893
554,1.365424988427645
5540,0.0
5542,0.0
554201,0.0445972313113895
554202,0.0860100466169922
554203,0.270101814525391
55421,1.7925648353966337
554210,1.7586093877380358
554212,0.0
554213,0.0
554214,0.0
55422,1.4912197123072797
554226,0.0
55423,1.3761737129014584
554235,0.7170030541004815
55425,1.534852951706036
554251,0.7364925745883903
554279,0.1591524003533607
554282,0.394920726597034
554300,0.0
554313,0.0187326529005272
55432,1.4043538801316438
55435,1.7750400975211584
55437,1.8872118385511545
5544,0.0510881989588056
55449,1.542066489165995
5545,0.0
55450,2.118699925345965
55451,0.2254666497348655
55454,2.2781422207681103
5546,2.415970417061839
55466,2.094773185164547
5547,2.3472590529380453
55471,1.7258879277026062
55472,0.4571642175319148
55486,1.7018338652067684
5549,2.732464689840997
5550,1.7759240254515196
55500,1.7402262443091023
55501,1.3636886178126932
55502,1.664944531799846
55503,0.4867687258054157
55504,1.64759227131486
55505,2.9098354047782227
55506,1.1313774864903403
55507,0.3613557864860852
55508,1.105931563289077
55509,1.0926867496584989
5551,1.7896370688640428
55510,0.7743652003031237
55511,0.0244143296379668
55512,1.0281583380189885
55515,0.1461551171419667
5552,2.8589628890275773
55520,0.9301733507101372
55521,1.2767222616584517
55526,2.126515656090238
55527,0.5015753612651984
55529,1.7527591860412723
5553,0.0573349127789155
55530,0.0051875911285856
55531,0.0829979322484961
55532,0.1045920467791873
55534,1.648983407823615
55536,1.1996129351517142
55539,0.0
5554,0.1675331818740776
55540,1.9966093007188264
55544,2.1613960263579584
5555,0.1980872839056782
55552,1.5211448087045591
55553,0.1855382605489196
55554,0.031262604438497
55556,1.8215711547382396
55558,2.202177017484511
55559,0.5362207379047143
55561,1.8311452323534745
55565,0.8973103303995694
55567,0.051871586053616
55568,2.1080887958100685
5557,1.2440350370892996
55571,2.329274308534585
55572,1.7295200168403708
55573,2.6851603390101784
55576,0.5035563658556838
55577,2.176457539765011
55578,1.8344098692714992
5558,1.400295453355416
55582,0.8441326056401708
55584,1.1341595055551164
55585,2.441001322275748
55586,0.2136635490584076
55588,2.408982013818872
55589,1.1627565771725898
55591,2.117389305282119
55593,2.4973016053696813
55596,1.7240796671291734
55599,1.4478015763707497
55600,0.1756598215993468
55601,1.9907507037226424
55602,2.02277295107359
55603,1.7698701207574676
55604,1.738797397270858
55605,1.3144796818010165
55607,1.1549429133709563
55608,2.5514173891839613
55609,1.2215627021212807
55610,1.6525625814267308
55611,2.271073929418728
55612,0.5683709966720246
55613,0.328054533004933
55614,1.9297173166411896
55615,1.827243695548427
55616,2.1522172582832426
55617,1.784142512845429
55619,1.6437140238891197
5562,2.0983680253696018
55620,2.235844115786217
55621,2.218741140607305
55622,1.9873710091580163
55623,2.2269898743503096
55624,2.344906285932235
55625,2.478996248505813
55626,2.023207655929472
55627,2.205639269729925
55628,1.3003521581420503
55629,2.4688139709384775
5563,1.4118555956428047
55630,1.546452098368836
55631,1.85836770152387
55632,1.3891918260677978
55633,1.834715234122838
55634,1.5895364403948826
55635,1.2239682472003683
55636,1.4235208982469665
55638,1.9736315415919583
5564,2.0683242700629356
55640,1.27733067168117
55643,2.3756528047674466
55644,2.0619850495052083
55646,1.896301037811968
55647,2.302588571456946
5565,1.9026212643229208
55650,1.6249919699414397
55651,2.4333438963346934
55652,1.9853761524738072
55653,1.6243550714525488
55654,2.5076334695849685
55655,0.5839673273289421
55656,1.6965685778152924
55657,2.147063865380019
55658,2.116411516987368
55659,1.4647169699236524
5566,2.3084042905579016
55660,2.2336190184203413
55661,2.1258912547910054
55662,1.8429534979884223
55663,1.2479345720563797
55664,1.8725151739184405
55665,1.966886488014567
55666,2.3801976304472463
55667,1.9998243441573555
55668,1.4831797734980368
55669,2.0252215760312304
5567,2.0366298063672534
55670,1.5069746165583926
55671,2.315150364977338
55672,1.3612096570309993
55676,1.9499463059656177
55677,2.228214260397682
55679,1.9898568050190049
5568,0.0
55680,1.5115284401094744
55681,2.0839010155947646
55683,2.2241855870148894
55684,2.1717717274160258
55686,2.2036380805041653
55687,1.4718561691763563
55689,1.7747336964151206
5569,0.859644756370587
55690,2.3493462689955837
55691,1.461679907075017
55692,2.34986653833303
55693,0.6088722393728827
55695,2.057807543191284
55696,2.348703111066343
55697,1.8648166244927744
55698,1.2462425454272923
55699,2.6860018479522956
5570,2.027775350489658
55700,2.6711266850117603
55701,2.2836146169566987
55702,2.2380345496812875
55703,1.358526694175922
55704,1.1142674824123515
55705,2.0929826504833655
55706,2.1310981268984395
55707,2.3145147744798757
55709,1.3957961078726056
5571,2.2554459489645273
55711,1.318020270392109
55713,0.7657571968157445
55714,1.240895233488141
55715,1.8707417067917564
55716,2.0257264215120503
55717,2.006033601335727
55718,1.914428593921151
55719,1.9527415319157828
55720,1.9760479425828896
55721,1.375164675101384
55722,1.043936096482344
55723,2.099634799727735
55726,1.852571041544268
55727,1.7440096491046353
55728,1.460042013577722
55729,1.9815053727034664
5573,2.729664275149979
55731,1.921371371345296
55732,1.1710462674726754
55733,1.6096062031678915
55734,1.6710392355684125
55735,1.841754774182002
55737,2.1974504747240453
55738,2.3759449700462723
55739,2.416652894142554
5574,0.0
55740,2.2603366351925898
55741,2.334935964923669
55742,2.2986325370355716
55743,1.452181699645332
55744,1.623334195805331
55745,1.5484050519026882
55746,2.2633515111761913
55748,2.304702433943832
55749,2.216175602329704
5575,2.0528029516455466
55750,1.5124179388074444
55751,2.1006490206608257
55752,2.4016232622655065
55753,0.0846935889461878
55754,2.63886678302497
55755,2.042988244429522
55756,1.7791832510742247
55757,1.7441071652343425
55758,2.016652730724864
55759,1.553289788051531
5576,2.111279955366021
55760,2.0880154442014662
55761,2.104692527371124
55762,1.336034949288082
55763,2.0385439901797255
55764,1.975528439486531
55765,0.7208013696985778
55766,2.6009448681676703
55768,1.6874580967372228
55769,1.955750389160127
5577,2.480341717274291
55770,2.2864549585467286
55771,1.6862782851368714
55773,2.0663341265394086
55775,1.6911301811558976
55776,2.149021457976123
55777,0.912729507817046
55778,1.498942821161355
55779,1.1595568943809291
5578,1.0840779401225014
55780,2.002922230208894
55781,1.727182229131685
55783,1.3853495806095624
55784,0.5294656374027761
55785,1.7827298656685142
55786,1.578729183878131
55787,1.972683090437496
55788,1.9378911055427153
55789,1.054004795630506
5579,1.0728132233846583
55790,1.6262472581123188
55791,1.8598991487084415
55793,2.2385640416844046
55794,1.8717869149554984
55795,1.9169065413991997
55796,1.085611702344591
55798,1.6544311562938647
55799,0.4932627097696588
558,2.43342229105025
5580,2.671271323370757
55800,0.3598912625609339
55801,0.096838290181438
55802,1.9649182935278904
55803,2.140677116560502
55805,0.7734721952002054
55806,2.0288860815333307
55808,0.772727100613097
55809,1.7258752195234557
5581,1.310945318314752
55810,1.948076650235307
55811,0.1315261137724414
55812,1.3115760412665238
55813,2.0107231168607504
55814,1.725252066819967
55815,0.7030832445421367
55816,1.3970456644631224
55818,1.8496655540033364
55819,2.022895453736294
5582,0.0520673186640733
55821,0.0142416006900836
55823,2.1834254018132384
55824,1.350505221488065
55825,1.8672897891280928
55827,2.3842308202339524
55829,2.3485929984758056
5583,1.8467872744673135
55830,2.439261068526974
55831,1.7659502118281722
55832,2.2448868385789087
55833,1.8032185963549936
55835,1.4391822054050707
55837,2.449190601184436
55839,0.9274266491736932
5584,2.0415690162414184
55840,1.2800122719181115
55841,2.042808230860415
55843,1.471417096177242
55844,1.7792731190857984
55845,2.98647967269077
55846,1.6146780946118926
55847,1.9417643033152845
55848,2.419754959371116
5585,2.68514684106628
55850,2.046685418300782
55851,2.1370702290952917
55852,2.2103390691113596
55853,0.3907095352383978
55854,2.3851553592420993
55856,1.7458465813907549
55857,1.6860419482467115
55858,2.2153770753173587
55859,0.8674230863556706
5586,2.136544903529771
55860,2.325809832699594
55861,0.613032903302933
55862,2.2367341136962886
55863,2.1731071147347407
55867,0.0677717653179942
55869,0.687095238389315
5587,1.3926716279904057
55870,2.0596108063928966
55871,0.7585608459103578
55872,1.832038132225094
55876,1.4750714217450478
55879,0.0056012358560772
5588,1.1953548257116202
55884,2.352209113770195
55885,0.4008782025306984
55888,0.8878367007685914
55889,0.0
5589,2.7214031972623647
55890,1.7959912127258233
55891,0.1379033647729047
55892,1.6101323339864766
55893,2.1468325909866475
55894,0.0
55897,1.2826488765609954
55898,2.27391514438059
5590,1.087410984857602
55900,1.9975334487371288
55901,1.6535202533786095
55902,2.2392163863575667
55904,2.1055849931439177
55905,2.338640019003274
55906,1.0499020858907795
55907,2.2631212808958963
55908,1.5168210750985212
55909,1.5004977230520948
5591,2.2612017060582077
55911,2.1377157221978287
55914,2.1767423125897194
55915,1.7452270294861425
55916,1.8455228892807265
55917,1.9339486842572184
5592,1.2368070442467207
55920,2.5688126242410414
55922,1.6007203655004558
55924,1.2489135469591317
55929,2.1373662252869203
5593,0.9591089594484744
55930,1.881250908425344
55937,1.058504018957606
5594,2.3895167237795034
5595,2.643055791523286
55954,1.4544824184406524
55957,0.909422701441601
55958,2.2355739564384267
55959,2.7669474175766737
5596,0.0420263638480368
55964,0.7616004117522867
55966,0.1191627482987562
55967,2.407182041924581
55968,2.2032111844947155
55969,0.7942884803479043
5597,1.942903806907448
55970,2.536681899908708
55971,1.7470346153403715
55972,1.58487576898592
55973,0.1534591224248764
55974,2.5234868126778514
55975,1.762201044602376
5598,1.774960681265355
5599,1.70750133927681
55997,0.0
56,0.071221967357895
5600,2.137464836060894
56000,0.470392402413778
56001,0.0
56005,2.716953180566291
56006,1.850149645388425
5601,1.959639883242996
5602,0.6300766731366113
5603,2.1711856342243903
56033,0.1855382605489196
56034,2.1438870523625955
5604,2.3487749031170035
5605,2.432427185581764
56052,1.857352876129353
5606,2.2242589456398134
56061,2.2448276783968963
56062,0.2912141562591531
56063,1.1696471426174904
5607,1.7912673117373337
5608,1.1143103619431969
5609,2.13163608131395
56097,0.2955718980899506
56098,0.2123770308163702
56099,1.2314011121954858
5610,2.090479417496543
56100,0.8664559671264357
56101,1.0380560944916586
56102,0.4246140369334645
56103,0.5448878275261805
56104,0.2200652649665873
56105,0.3638788170283364
56106,0.5554997381448878
56107,0.6360315359711154
56108,0.3666577511707616
56109,0.9498584018765508
5611,2.3807668012663536
56110,0.500362088563795
56111,1.1702694047654405
56112,0.5213609103981269
56113,0.8523645091353438
56114,0.3117705130048097
5612,1.874629627692649
56121,0.9888670170785488
56122,1.3868847385822227
56123,0.8789152769274298
56124,0.8388325514477699
56125,0.797239869775638
56126,1.0265175367753254
56127,0.5713777889066898
56128,0.6780576868461847
56129,0.862442904076319
5613,1.9006903577724776
56130,0.6817382914285482
56131,1.3360062920400764
56132,0.9560408607204413
56133,0.748662445958655
56134,0.3431851201226468
56135,0.3566861551835944
56136,0.0828093123943021
56137,0.3136125853077581
56138,0.2268903234648771
56139,0.2562126892250005
56140,0.0262325134658017
56141,0.154670119035868
56142,0.095353116336939
56143,0.1102687734821434
56144,0.2587976668438312
56145,0.1989060560900838
56146,0.0964672461846826
56147,0.0
56154,0.0031163460570424
56155,0.808843398675021
56156,0.0286506937617837
56157,0.0
56158,0.0310619747051902
56159,0.2594046677433314
56160,1.8047762930864035
56163,0.1591524003533607
56164,0.105693816820032
56165,0.1517259986918346
56168,0.0
56169,0.3502353496098125
5617,0.4411869376850796
56171,0.2663517753936261
56172,2.157919008639112
5618,1.885510185505032
56180,1.7215971134425203
56181,1.8114917688552967
5619,0.0
5620,0.0
56203,0.2248330884582169
56204,1.916592605258098
5621,2.684619131548477
5623,1.0060575311236764
5624,0.8412531811464312
56241,1.928359304633576
56242,1.4291703701767946
56243,2.2930369388152547
56244,0.1157254490155959
56245,0.0920017153720052
56246,0.6494921078142308
5625,0.3055031538950215
56252,1.955071575102387
56253,1.0067268524858357
56254,2.3336691344016174
56255,2.232693524042255
56256,1.6257233141156369
56257,2.3710233489912644
56259,2.2479749734679304
5626,0.0
56260,1.2431495286620715
56261,2.055816028659622
56262,2.3827561556447145
56265,2.258984398222379
56267,2.239483650808514
56269,0.1898533880244812
5627,2.152174263692937
56270,2.6356730031097517
56271,2.6023436187629096
56287,0.1959545645915504
56288,2.0936310913197325
5629,0.5155465746485609
563,2.914039035709376
5630,0.2954270316438934
56300,0.0262325134658017
56301,1.573035148920852
56302,0.0296562306312831
5631,2.2146413547163917
56311,0.1018311809447803
56339,1.914161316820538
5634,2.268982756735133
56341,0.010754888621307
56342,1.2933161550729075
56344,0.0
5635,2.092526023953347
5636,1.8612033261198089
5638,1.3298083824770026
5639,1.8561766430910696
5641,2.8537030817774576
56413,0.9572141238019048
5644,1.4503976046812166
5645,2.490708615534963
5646,0.2423848210579267
56474,2.184971588218682
56475,0.140897664497433
56477,1.898219353634074
56478,1.7499544617432874
56479,0.4147635711364112
5648,0.135606191401068
5649,0.3330391744193237
5650,0.5994195608326464
5651,0.0
5652,2.7088071330827495
56521,2.6361533002229924
5653,0.3540049263877372
5654,3.1202197477401676
56547,0.0540221383132408
56548,1.545943771124909
5655,0.3469894506890091
5657,0.1503368413657982
566,1.090948344021371
5660,3.447063649394116
56603,1.680205270130313
56604,0.1527663152168473
56605,2.074545832524561
56606,0.8557197760515148
56616,0.3247134518098527
5662,0.716840947904626
56623,1.704829999721038
56624,0.1508580527907702
5663,2.1999943563248365
5664,0.1758282624310461
56647,2.0937727841067137
56648,1.2507317921417789
56649,0.2428496632083635
56650,2.142046874649844
56652,1.8100945590211004
56654,2.5915118860869204
56655,2.296228419804182
56656,0.0
56658,1.686389459232304
56659,1.109704094962571
56660,0.1095384817418901
56662,0.0
56663,0.0
56664,0.0
56666,1.250866235816874
56667,0.9108678189314242
56670,1.0604822746712357
56672,2.0587770515350963
56673,0.0671953437318986
56674,2.441972294284716
56675,1.0872313060458343
56676,0.0
56681,2.495646810482142
56683,1.1166211352990358
5669,0.0072538062085478
567,3.3117009335253327
5670,0.0
56704,0.507611567951372
5671,0.0
5672,0.0880745620036581
56729,0.6108610923690935
5673,0.0
56731,2.5429749396727184
5675,0.0
56751,0.0374585887741673
5676,0.0
56776,0.135252207441062
5678,0.0072538062085478
5680,0.0
5681,2.0975527638739964
5682,1.7633683244831777
56829,2.178876708813974
5683,0.230359737718341
56832,0.0
56833,1.5382532181705697
56834,2.089799771903519
5684,2.3962694719475115
56848,1.6087829253110266
56849,1.4782225141704988
5685,2.2743968524120617
56850,2.174820612149685
56851,2.6273188355789325
56852,1.5718773301695832
56853,0.1759966682054657
5686,2.2430348050734734
5687,0.9433850608557798
5688,2.841482207617932
56882,2.5310354920335505
56884,0.0136273381928503
56886,2.0864547226791337
56888,1.964433601176394
56889,2.6250776666841613
5689,2.783529447383228
56890,1.515598650376401
56891,0.0
56892,2.349825997432423
56893,2.331792270736184
56894,2.099669648383562
56895,1.0231723055525788
56896,0.0154687933557568
56897,2.378875678935859
56898,1.863872705418356
56899,0.8616632582209469
5690,2.383635790496917
56900,2.377838531173819
56901,2.099011938919958
56902,1.994985010713735
56903,0.025020825205399
56904,2.403015314182898
56905,1.9846524888581556
56906,1.3636070824896298
56907,1.6722884885801153
5691,2.845347079612103
56910,2.6029682191153363
56911,1.5041066385139985
56912,1.8919918272382277
56913,1.4369510095785374
56914,0.0639214260144302
56915,2.286791261933098
56916,1.9980044952778508
56917,2.0717249978398637
56919,1.8254755161000344
5692,2.8855327918482976
56920,2.4645830593419418
56922,1.982820359719164
56923,0.0154687933557568
56924,0.7774812359654543
56925,2.2789384661169274
56926,2.436541613027872
56927,2.4448736749636755
56928,2.1435523819215243
56929,1.950427116448869
5693,2.769060933745141
56931,1.889354748271986
56934,0.0
56935,2.316296062621027
56936,0.1438810399905316
56937,2.688330424583038
56938,1.1202397957111558
5694,2.7257510694083744
56940,2.1488478871589436
56941,2.406720955450812
56942,0.819758389478768
56943,1.9972453014188376
56944,2.5636633952187142
56945,1.5429771668868804
56946,1.3831298094418274
56947,2.1143571303216384
56948,1.2361859962543829
56949,2.3972984467808733
5695,2.7368190668997494
56950,2.1955985428947944
56951,2.699838058725573
56952,1.676825398940162
56953,1.332873234597624
56954,1.7881875814002324
56955,0.172283623174845
56956,0.0070474104382352
56957,1.9641482059321245
5696,2.3984220996706163
56961,0.0962816618610842
56963,1.182724364645514
56964,0.6461738860735954
56965,1.7839203592345356
56967,1.5791859563717408
5697,1.0555715694068648
56970,2.322821845916185
56971,1.038690624528667
56975,2.3552856086506098
56977,0.6500287004219638
56978,0.9393188935083516
56979,0.0
5698,2.220267726306822
56980,1.3029516544720374
56981,1.071245523975394
56983,1.5319523737005103
56984,2.406555830296062
56985,1.7755955988758212
56986,1.4046801722126108
56987,1.872416350832996
5699,2.211823856723264
56990,2.1467671085656064
56992,1.3462229059123365
56993,2.4251666941834005
56994,1.9251014751553808
56995,2.1732974687846656
56996,1.9363464392692735
56997,0.3711355923676795
56998,2.033606194544713
56999,1.2899194309733668
570,0.1479001074389033
5700,1.579887817132731
57000,0.3297196639340368
57001,1.8820852921731872
57002,1.6745484061880878
57003,2.634334878449192
57007,2.512050382875137
5701,2.10894867635662
57010,0.4921471660429486
57016,0.4471446687338575
57017,1.9303323526580056
57018,2.097177028770777
57019,2.126085629587765
5702,2.7298513720291337
57020,2.1442741718026244
57026,0.0788383885327216
5703,0.1102687734821434
57030,0.5384235142620754
57035,2.0703900375672957
57037,1.9349648950637943
57038,2.3023758774889966
5704,2.559583667000793
57045,2.2708094502853693
57047,0.0394476217259577
57048,0.1084418312612436
5705,2.561455338068931
57050,2.402811941094194
57053,0.5915899561375141
57054,0.0
57055,0.0
57057,0.0
5706,2.0350024517326712
57060,2.021760786614324
57061,0.0215782561623971
57062,2.458307018623706
5707,1.9366834164209967
5708,2.694242102647174
57082,1.018850864298034
57084,0.0
57085,2.3091114900606486
57088,2.2594913422489817
57089,1.4687081812486436
5709,2.5657011583617364
57091,0.8780922149911012
57092,2.6450861738754545
57093,0.0
57094,0.1808652430448176
57095,2.380786260290279
57096,0.4752066803630699
57097,1.3979871851065184
57099,1.5039216884683084
571,1.858785935868458
5710,2.7317356053619863
57101,0.5683709966720246
57102,1.7365460941581488
57103,0.7298467054633757
57104,2.8523151672171285
57105,0.6857387228543912
57106,2.1703618182970317
57107,1.91793516265234
57109,2.2266640122507892
5711,2.1457877962741616
57110,0.8544060796984766
57111,2.5174473395849883
57113,0.0
57115,0.0314631865193807
57116,0.4772603276962321
57117,1.5890380694931503
57118,1.8006950371981194
57119,0.0
57120,2.2115266882773725
57121,1.913901968087504
57122,2.064607198338962
57124,2.685653291259922
57125,1.926619889324084
57126,2.0179207047706207
57127,1.0655389499992145
57128,1.9148170415284256
57129,2.382414361723478
5713,2.0909794005658613
57130,2.249550605160188
57132,2.33101669270195
57134,1.6308732128629586
57135,0.0
57136,2.883650685518261
57139,1.8330675464238684
5714,2.646826319324598
57140,2.2702463508959507
57142,2.846211816347767
57143,1.330851280398325
57144,0.1222261062390532
57146,2.3466742932584226
57147,1.551412674022648
57148,2.018305230364883
57149,2.0104637468000695
5715,0.8696740037640643
57150,0.8461338961525255
57151,0.0
57152,0.0664261626900539
57153,2.707425374715646
57154,2.001156012121178
57156,1.051527487460334
57157,1.73118045487485
57158,0.7111425588690379
57159,0.0262325134658017
5716,2.3437343026851107
57161,1.443777563023705
57162,2.0427036670917955
57165,1.7579606434791404
57167,1.2114011340086817
57168,0.9681675103364056
57169,2.2395871589341807
5717,2.183944179912458
57171,2.0824896318414226
57172,0.2366292549290747
57175,2.4630750851870067
57176,0.1398421038439008
57178,2.516636992211267
57179,2.4932000132469145
5718,2.2465358452413637
57180,1.09738557361017
57181,1.923125948830312
57182,2.0200986526458955
57184,1.5456422843837605
57185,1.5528629773900002
57186,1.723581723934388
57187,2.064820768584823
57188,1.0794978815538687
57189,2.0949295651779543
5719,2.507482806359132
57190,2.542218203768243
57191,0.7195107283826582
57192,2.1119735282148904
57194,1.1515379872780989
57198,2.210749935071523
572,2.012540064004352
5720,2.914657233849125
57205,1.704589986527616
57209,1.3703848505361065
5721,2.534043829885319
57210,1.4972787751168446
57211,1.3657499108877278
57213,1.7666893639243308
57214,1.9526827353018488
57215,2.204712254605327
57216,2.03091195727136
57217,1.934357022207413
57221,2.0047381375134594
57222,2.442204369028051
57223,2.228935065740292
57224,1.1201549114888685
57226,1.735813772689323
57228,1.390792894475105
5723,1.6019428910311084
57231,2.1181090812224372
57232,0.9195877699885666
5724,2.1025208566297553
5725,2.6793998539066473
572558,0.2630368896979078
5726,0.0
5727,0.7108972644569312
5728,2.203701141962969
57282,0.2556032266047128
57289,1.7162259206773034
5729,0.9907191578232872
57291,1.137298940041899
573,2.184246443385011
5730,0.840245691252871
5731,0.3998674830008766
5732,1.591849473076015
57325,1.8549032700268744
57326,2.821829957058141
5733,2.074545832524561
57332,1.5624928920383572
57333,2.7568538787756425
57335,0.8978631940641444
57336,1.1315439571076722
57337,1.8923512653308052
57338,0.3437297520805705
5734,2.0139033671243056
57343,1.708639388726689
57348,0.5338004101799936
57369,0.0
5737,1.04971056861977
57379,0.0344662129356738
5738,2.4551376956413664
57380,1.9345879701051552
57381,2.016640278589847
5739,1.4015592989886527
57393,0.3182690404455821
57396,1.7467560831159952
5740,2.101353329632212
574016,0.0
57402,2.8262854875091508
574028,0.0
57403,1.9637268658270937
574030,0.0
574031,0.0
574032,0.0
574033,0.0
574034,0.0
574038,0.0
57404,1.543583322433531
574040,0.0
574042,0.0
57405,1.613309260489635
57406,1.61586439184858
57407,2.273423683431092
57408,0.0
57409,2.046783127400836
5741,0.0
57410,2.4585788491801384
57412,0.0
57413,0.98605155055219
57414,2.530886017716801
57415,1.53084554246907
57418,2.325313323835948
57419,1.8392786975712432
5742,1.9963335910311104
5743,0.4307053205448775
5744,0.884082411764878
574407,0.5180287621992018
574408,0.0
574409,0.0
574410,0.0
574411,0.0
574412,0.0
574413,0.0
574414,0.0
574431,0.3711355923676795
574433,0.0
574434,0.0
574435,0.0
574436,0.0
574441,0.0
574442,0.0
574443,0.0
574444,0.5875934432407934
574445,0.0
574447,0.0
574448,0.0
574449,0.0
574450,0.0
574451,0.0
574452,0.0
574453,0.0
574454,0.0
574455,0.0
574456,0.0
574457,0.2308316701084366
574458,0.0
574459,0.0
57446,2.313867267013318
574460,0.0
574461,0.0
574462,0.0
574463,0.0
574464,0.0
574465,0.0
574466,0.0
574467,0.0
574468,0.0
574469,0.0
57447,2.360887880044468
574470,0.0
574471,0.0
574472,0.0
574473,0.0
574474,0.0
574475,0.0
574476,0.0
574477,0.0
574478,0.0
574479,0.0
57448,1.8543026687599324
574480,0.0
574481,0.0
574482,0.0
574483,0.0
574484,0.0
574485,0.0
574486,0.0
574487,0.0
574488,0.0
574489,0.0
57449,1.905736217884715
574490,0.0
574491,0.0
574492,0.0
574493,0.0
574494,0.0
574495,0.0
574496,0.0
574497,0.0
574498,0.0
574499,0.0
5745,1.3389782897313645
574500,0.0
574501,0.0
574502,0.0
574503,0.0
574504,0.0
574505,0.0
574506,0.0
574507,0.0
574508,0.0
574509,0.0
57451,0.1830382225432
574510,0.0
574511,0.0
574512,0.0
574513,0.0
574514,0.0
574515,0.0
574516,0.0
574517,0.0
574518,0.0
57452,1.5335015302110155
57453,0.1426539097765001
574537,0.0
574538,0.1908459142734483
57455,1.9166167629665416
57456,1.9405381127201904
57458,1.388648392322498
57459,2.069472144581926
5746,1.1516183382174616
57460,1.6579381618695708
57461,1.7521614113341175
57462,1.6026782056247328
57463,1.338807285579199
57464,0.4466698060073014
57465,1.484977853599445
57466,2.0300836873324193
57467,0.0370602183099194
57468,0.1529395722563866
57469,1.1590020244516168
5747,2.0679824674176084
57470,2.1788328733710913
57471,0.6158556146928788
57472,2.142241492503777
57473,2.115874027738847
57474,0.915362432739834
57475,1.326287862009491
57476,0.6859084349208876
57477,1.473936447723108
57478,1.3482984800047948
57479,2.1681294313068
57480,1.585291934951021
57481,0.0320646470462866
57482,1.3389212945480868
57484,1.4282132209950391
57486,1.607346925386722
57488,2.469092615216029
57489,1.6427048396369393
57491,0.0076664475141711
57492,1.4823427070579809
57493,2.4019971086656007
57494,1.744813503030617
57495,0.0366616595234452
57496,2.111072588252046
57497,0.2557556363801945
57498,2.0857830591498696
575,0.7354683481201262
57501,0.2197463947522698
57502,0.8371461899868574
57504,1.9268789340943215
57505,1.696921546394866
57506,2.2311328436465088
57507,1.4051065463984935
57508,1.7378339773531988
57509,1.90717338219371
57510,1.9220550682940296
57511,1.6699306731398629
57512,0.1229452412768831
57513,2.1825669339530074
57514,1.9603900945450865
57515,3.004486653874637
57519,1.1918873678684505
57520,1.03937320886829
57521,1.875415267701941
57522,1.200239641615217
57523,1.8479619777586804
57524,0.4823694465515257
57526,0.8906999638194271
57528,0.0873244225138922
57529,0.0756099064785592
5753,1.750459213946293
57530,2.093119526999346
57531,1.177069282804546
57532,2.213100195018364
57533,1.793293631396114
57534,2.096856094319835
57535,2.636022721807615
57536,1.0247723604844632
57537,1.6172742288768367
57538,1.3481024949665854
57539,1.8140137230329572
5754,2.226615452857476
57540,0.4864312564898177
57541,1.6258980284966291
57542,1.6724175237687344
57544,1.822667247716416
57545,1.3086564146769168
57546,1.2883227047213186
57547,1.233104875467143
57549,1.7738017976911424
57551,1.9769882000382235
57552,1.8612125608108712
57553,0.8311748696595672
57554,0.0575293748341413
57555,2.1736899997664993
57556,1.3829989354323566
57558,1.4677355212847254
57559,1.054859914138029
5756,2.2871301168345144
57560,1.3872743016532203
57561,2.490006265837535
57562,1.3316609956868042
57563,1.4659399256664216
57565,0.4760060034358719
57567,1.692598806806768
57568,1.8707777930565317
57569,1.0514797451531186
5757,3.0710072115707043
57570,1.723275016135584
57571,0.6371253373583126
57572,2.0532211709107795
57573,1.0012994578585688
57574,0.2264160481716871
57575,0.2272063501845077
57576,0.7308795509455057
57577,1.5818474638689983
57578,0.0778901327798074
57579,1.1842051123953858
57580,2.5364182792329197
57582,0.135606191401068
57583,2.768489829086683
57584,2.0511708004383253
57585,1.7882205792607562
57586,2.693473761236777
57587,2.0370193240048096
57589,1.730803636007498
57590,2.0687253488686275
57591,2.036038856814105
57592,2.18332312694967
57593,2.1677100424149383
57595,1.735664675300298
57596,0.5505739453691217
57597,1.6016250088087378
57599,2.05272377619131
576,1.2688798468220817
57600,1.7330596896832926
57602,2.141768031595011
57604,0.5659563791083099
57605,1.5743320849983522
57606,2.1429527096705403
57608,2.180685087954114
57609,1.843098269771948
57610,1.8388694503211993
57611,1.1481529476833607
57613,2.0906937798224923
57614,1.6597994818584545
57615,0.197759541309304
57616,1.6547145068065705
57617,2.2393266585797984
57619,1.8790380942993308
57620,1.8026024091518609
57621,1.9942264077383205
57622,1.1165357160449352
57623,1.0354621441571756
57624,0.0326656794165476
57626,0.0
57628,0.0629560650472485
5763,3.0501082682932066
57630,2.0414058092541483
57631,0.8718530135949529
57633,0.7460288770173628
57634,1.8467011892159828
57636,1.9848352237995193
57639,1.5451519617937364
5764,2.7401106836207165
57642,0.0262325134658017
57643,1.5127813545564872
57644,0.4890145523185797
57645,2.176011865483205
57646,1.6805714219362986
57647,1.945150486838403
57648,2.557807018116166
57649,1.9587000869452125
57650,1.5608710005244182
57653,0.0201566492701331
57654,1.574952639027326
57655,2.457850057056805
57657,1.181239695352422
57658,2.3598220102863254
57659,2.5539975065169287
57661,2.2776063508977313
57662,2.075472464057769
57663,0.0
57664,2.393859328480134
57665,2.099634799727735
57666,2.0770116816460296
57669,1.8349219667413263
57670,1.0341363433689987
57673,1.0568030790017366
57674,2.2400508862056676
57677,1.3688265430381037
57678,2.6051342127474415
57679,1.6409410582819628
5768,2.42281271914737
57680,1.8788435667907744
57683,0.9047029333561664
57684,1.5318941829740682
57685,1.7147294515179552
57687,0.2704010462861587
57688,1.7408161217802194
57689,0.861533224630786
57690,1.7684670400685607
57691,1.5803259480399794
57692,1.5895364403948826
57693,2.056236477911924
57695,0.9989584189159434
57696,1.9364077292333128
57697,0.9856254392880216
57698,2.071655139999691
57699,1.3819245094820318
577,0.2011941885601803
5770,2.477172257366178
57700,1.9882371653920785
57701,1.9567700429996175
57703,2.0610626172178437
57704,2.2223359276429373
57705,1.426221313425086
57706,1.609935104979265
57707,1.3872483399856623
57708,2.0268795556729557
57709,0.0
5771,1.6972742347750027
57710,0.7308001577123905
57711,1.2195025875252885
57713,1.515779202506078
57715,1.131627174277544
57716,1.360827224636009
57717,1.1716669872798875
57718,0.5964333137141896
57719,2.008089588063563
57720,2.3775656009750743
57721,1.7309795252430125
57722,0.7572648043420133
57724,1.7265863104520354
57727,2.397857712144607
57728,1.8689786219108024
57730,0.4069141903041223
57731,0.696181730890102
57732,1.2117260370354523
57733,0.0714132279076869
5774,1.68856566584146
5775,1.4217772528510395
57758,2.0469727250430414
57761,2.18361020700047
57763,1.9402044133375016
5777,2.217685190050985
5778,1.5771975164320875
57786,1.647561981905504
57787,1.970835331394944
57794,2.0347710912436674
57795,0.3511794854079225
57798,2.0469899564188694
57799,2.2742885291311428
578,2.1731314210229846
5780,1.9897900127212615
57801,1.9758402249898908
57804,1.731494222592056
57805,2.3145972854291785
5781,2.52120384655017
57817,1.2886988335114462
57818,0.0234025367070836
57819,2.539542958608169
5782,2.4674380003409624
57820,1.977926178074223
57821,0.2383447341173207
57822,0.4530549283611449
57823,1.7994757819002627
57824,0.0899469520555108
57826,2.301842151733804
57827,2.206453421589666
57828,0.7166788027335065
57829,0.0
5783,1.750675356318032
57830,0.1915069196333411
57834,0.1021998293216098
57835,0.2491753170632973
5784,1.5902572782903652
5786,2.564036158938326
57862,0.2540775085443826
57863,1.1163648395521335
57864,0.2195869118689518
5787,1.8091430537296749
5788,2.2286283069549335
5789,1.0373719972616071
579,1.099940637914256
5790,0.0
5791,1.6475771268623014
5792,2.741465231277488
5793,1.7867220967591777
5794,1.0441294869173243
5795,1.8473320647310372
5796,1.9973501073510131
5797,2.2073243779991514
5798,0.0473570995805846
5799,1.4344023770562448
58,0.4948216133337345
580,1.3275125299435746
5800,0.5932404332320449
5801,0.2849253366275111
5802,2.243190081205642
5803,0.3855734063166763
5805,1.652607517483344
5806,1.0527197954834882
581,2.4766233407477096
5810,1.746149960535053
5813,1.639355514923191
5814,2.114524397416508
58155,1.2695296349251337
58157,0.0
58158,0.0
5816,1.774029277230769
58160,0.1259945652633729
5817,1.673562877971669
5818,1.984943470299484
58189,0.5310545560348755
5819,2.8830204168829496
58190,2.6573234714957135
58191,2.5352864671534983
582,0.3445459760705925
5820,0.8593838393465928
5822,0.0666185243177208
5824,2.413894407107972
5825,2.1038815197234
5826,1.972333811042016
5827,1.135979173225528
5828,2.1466841467984743
5829,2.0816694734626844
583,1.8654386036530628
5830,2.05113672111129
5831,2.43918237854555
5832,2.513969919427765
5833,1.8433105101313887
5834,2.649983473246352
5836,2.490271727686112
5837,0.8525623650829035
58472,2.1746431865791047
58473,1.4247523451004085
58475,2.397575132640012
58476,2.126848225725326
58477,2.232110390571663
58478,2.454745538814179
58480,2.016509506478106
58483,0.0
58484,1.2696594987987315
58485,2.707443974961205
58486,1.8094778944091776
58487,2.14187870978371
58488,1.7805964791616504
58489,2.114725015545842
58490,2.086480531282548
58491,1.410145695330651
58492,1.3292861571400023
58493,2.0060976190194375
58494,2.0257811232364475
58495,1.6438209276304598
58496,1.1525014490898082
58497,2.2472023301723083
58498,0.0485371324516474
58499,1.1217232461502633
585,1.9145257412574015
58500,1.373060598489852
58503,1.4384082837270449
58504,1.306781815238923
58505,2.7475810934530207
58506,2.479271777365112
58508,1.8087765163495224
58509,1.746210610916522
58510,0.0390501905320824
58511,0.7862308038218705
58512,0.311628633700008
58513,1.9708493627001584
58515,2.335203212540363
58516,1.9197288866184552
58517,2.1739204568565
58524,0.6233276037988366
58525,2.068514023801346
58526,1.9824392703419067
58527,2.4220549224941124
58528,1.6426129847323856
58529,0.829605037539299
58530,0.0
58531,0.0
58533,2.3868139327416547
58538,0.0362629122582597
5858,0.2668027253981361
5859,2.6857154069093068
586,1.5279401474119538
5860,2.3052369830065653
5861,2.750907859335057
5862,2.5450984451558063
5863,2.635962364374023
5864,1.4547550656302557
5865,0.5212536609476652
5866,2.246333024114461
5867,2.2455861123692356
5868,2.312935041369727
5869,2.5602543011243646
587,2.175525391371923
5870,2.5089548314978436
5871,1.6555783775377866
5872,1.9516007737827796
5873,1.8305787366510304
5874,1.5712527092294295
5875,2.0298492804664527
5876,2.136153774261506
5877,1.881927330061819
5878,2.5117324954272515
5879,2.9411191444224785
5880,2.485996931947878
5881,2.4400218760474885
5883,1.8722725653977803
5884,2.062497745478967
5885,2.6313328119389845
5886,2.5946496862632533
5887,2.704222301958932
5888,1.4551410602035066
5889,1.589072456959755
5890,0.7571884877942794
5891,1.126864406598635
5892,1.218932923833507
5893,1.3759614479708564
5894,1.9515049461747949
5896,0.2711486275042417
5897,0.0
5898,2.4349805143755803
58985,0.4086656009034105
58986,2.391386461401451
5899,2.5308965096722593
59,2.7547604422934953
590,0.8987835559299548
5900,1.5755546805506109
5901,2.7104997598338967
5902,2.0560010849416157
5903,2.135847764950668
5905,2.3161530716982233
5906,2.3442346811286967
59067,0.0326656794165476
5908,1.6350484123019224
59082,0.0
59084,1.806465229942716
5909,1.1481125279584128
5910,2.1308105820543752
5911,2.2072583068547877
5912,2.043463992152329
5913,0.3691633203181554
5914,2.5507989743831727
5915,1.272153309440094
5916,2.1981749065038345
5917,2.354541598749254
5918,2.274050695541353
5919,2.8488667198631443
5920,2.6611626430702606
5921,2.170059538571295
5922,1.7834757041393932
5923,0.2202246523198821
5924,1.678497307373351
5925,2.1298962058037487
5926,1.7870310398099667
59269,1.6643319636762348
5927,1.841076539339838
59271,1.6649153807408457
59272,0.0402419221072167
59274,2.093676641437911
59277,2.2895067494906605
5928,2.2263968497052606
59283,0.5384235142620754
59284,0.0
59285,2.048480328288385
59286,2.7331954566277408
5929,2.017243736557145
593,0.3399091915477006
5930,2.14955898742232
59307,2.3589101773629912
5931,2.370199262496133
5932,2.600159704828142
5933,1.465317707503362
59335,0.0146508621545966
59336,0.0332662841654657
59338,1.2724440430482855
59339,1.922785166426605
5934,2.1378366220477045
59340,0.0388514046163894
59341,1.2935646081821344
59342,2.5827411668329026
59343,1.9068599581571113
59344,0.2634897422815651
59345,1.9014688517197484
59348,1.6788507262425874
59349,2.439473786880185
5935,2.7705021805222256
59350,0.0497155105434259
59351,0.0696903035798559
59352,1.1891880173854663
59353,0.4683194573509977
5936,1.4686198366436682
5937,2.0230730121024068
5939,2.027479005341047
594,1.8010686651643917
5940,0.0
5944,0.0
5947,2.009709937954424
5948,0.4515227906598616
594837,1.275984844336688
594838,1.6579233588225208
594839,1.973004149849394
594840,0.0
594842,0.2771037895233045
594855,0.0
594857,0.0
5949,0.1475514077122861
595,3.0173470531027005
5950,2.9092734155196327
595097,0.0
595098,0.0
595099,0.0
595100,0.0
5954,2.1013830591004705
5955,1.909835822581574
5956,0.0
5957,0.2333439246723052
5959,1.4689731203701606
596,2.123694917086166
5961,0.6659353890920489
5962,2.0007212941178136
5965,1.989335517080528
5966,0.9786589875562508
5967,0.041431969987866
5968,0.0
597,1.7652874386851851
5970,2.4393951521090647
5971,2.2297883947770023
5972,0.0794068242501354
5973,2.2602016576078747
5976,2.370226096032872
5977,1.9992903757741347
5978,1.9276080608028476
5979,1.877789733321054
598,2.4445979637063675
5980,1.4822352876139189
5981,2.189294810366124
5982,2.1929569109195186
5983,1.904916216164773
5984,1.9328448341080684
5985,1.961706685501478
5986,2.29203747620324
5987,2.101541575154481
5988,0.0
5989,1.9133584106878032
599,2.29212016832363
5990,1.1033154178647329
5991,1.0634372729375408
5992,0.0528497930137067
5993,2.302085616767502
5994,1.4883209819305323
5995,0.0
5996,2.7125985072200125
5997,2.347926723923829
5998,1.7805404877640054
5999,1.211112171209783
60,3.4288328167707425
6000,0.1890253477766942
6001,2.5756088507552946
6002,1.792150931193276
6003,0.5077208546714078
6004,2.2448539730946315
6005,0.0138321417599086
6006,0.2106046840008167
6007,0.5510886340154607
6009,2.3512513613243047
6010,0.1878646602768941
6011,0.0364623094604789
6013,0.4701623632416249
6014,0.0
6015,2.573083547480476
6016,2.129456473390855
6017,0.0384536920503017
6018,1.7736880125726506
6019,0.9067040935406632
602,2.491101261558856
6023,0.0
6029,2.992140762778458
6030,0.8678739067506674
60312,1.1918125617658444
60313,2.3616401298123875
60314,0.0831865093464727
60343,2.1872974899753155
6035,3.2128334801379363
6036,1.1237936693077375
6037,0.0491265280900879
60370,2.081104221258101
6038,0.6087773912275745
60385,0.5921729184902303
60386,1.357537624379482
6039,2.5787352915241493
604,2.3230293409714027
60401,1.3461104773232222
6041,1.7978876249134936
60412,2.062657473372706
6043,0.0
60436,2.3106317657969737
60437,0.2403673497812929
60439,0.0
6044,0.0
6045,2.0295304935218557
6046,2.585856492285907
60467,0.0
60468,0.6898001981372608
6047,2.206464460165021
6048,2.6519974274446945
60481,2.7734533349871664
60482,0.0278454019696254
60484,0.3877605232914403
60485,2.004455372753537
60487,1.4747006599379229
60488,2.4034156285418713
60489,1.686472821643165
6049,2.076757359139487
60490,1.52864373219399
60491,2.257319623659059
60492,1.77919448561023
60493,1.8579676569800636
60494,0.2358482648106615
60495,0.3662613804410334
60496,1.7433996767669229
605,1.8383719635637312
6050,2.5327697438216386
60506,0.0234025367070836
60509,1.6833360362005396
6051,2.530051998160906
60526,1.5362390233505816
60528,2.1760319531435544
60529,0.4697020690910383
60558,2.127171261574256
60559,2.365302081380742
60560,1.7794078856431703
60561,1.655146647990303
6059,2.071391710625479
60592,2.165845515242038
60598,1.9135207440778184
6060,0.0
60625,1.6863338756444124
60626,2.4014472971365146
6063,0.0
606495,0.9940388292257926
6066,0.0
60672,2.081742683151824
60673,1.823790800193938
60674,2.5718322278581045
60675,0.0440046509270564
60676,0.140897664497433
60677,0.0
60678,2.0576233849226684
6068,0.0
60680,0.7079467688581604
60681,2.6710270522818265
60682,1.2710535665406475
60684,2.159122588995866
60685,2.5330471426331127
60686,1.364286151849319
607,2.1329502026012466
6072,0.0
6074,0.0
6075,0.0
6076,0.2920876540636091
6078,0.0
6079,0.0
608,1.0091405249082406
6080,0.0
6082,0.0
6083,0.0
6084,0.632923046921024
6085,0.0
6086,0.0
6089,0.3150265908981102
6091,1.683280071484747
6092,0.4054097267887918
6093,2.07484431347528
6094,1.3181092234566296
6095,1.1564983610127957
6096,0.4441717787830689
6097,1.7822170407309308
6098,0.036063467897197
610,0.2779931777239645
6100,1.6177593826656578
6101,0.0921882600032804
6102,1.8891995959991583
6103,1.1906892662632935
611,0.0639214260144302
6117,2.432854840736552
6118,2.4379798189478477
6119,1.7942489567382325
6120,2.099016926044919
6121,0.0
6122,3.2431310248330765
6123,0.1340120576228596
6124,3.1071094088831224
6125,3.1284289741362317
6126,0.7947212227180538
6128,3.0161083841225893
6129,3.1106222967683026
613,2.042046570653594
6130,3.267446831578084
613037,0.0990610707966686
613126,0.0801641354811421
6132,3.3026807179074864
613206,0.6745297326808513
613209,0.0
613210,0.0
613211,0.0
613212,0.0338664618273812
613227,0.0
613266,0.0
6133,2.911398712647231
6134,3.1832359729140713
6135,3.1599339867904797
6136,3.1424494571369617
6137,3.1149079889932425
6138,2.9413230862142563
6139,1.1639763728254542
6141,3.038103795963928
6142,2.9249525802278566
6143,3.1744986917652525
6144,2.9900527715852836
6145,0.2606172693978964
6146,2.5591194565994666
6147,2.868934743893083
6148,0.0
6150,2.045251330319935
6152,3.0347982096440056
6154,2.385702812222785
6155,3.144248891183431
6156,2.8250151965505093
6157,2.8865409945602316
6158,2.9178886937590964
6159,3.134317930567181
616,0.0
6160,2.982579631677186
6161,3.10705056555105
6163,0.509903143471486
6164,3.0107360635565055
6165,3.0283704568319587
6166,3.1207192549543405
6167,2.8366569765644902
6168,2.980625313319163
6169,2.9328507265198183
617,1.9989970272858248
6170,2.7643903654664173
6171,3.096140759844306
6173,0.8425940520161302
6174,1.3287052982609355
6175,3.201878449747209
6176,3.2434442907317753
618,1.857613804627109
6181,3.2879590131180785
6182,1.795559022637699
6183,2.2834536609259204
6184,2.831497277003682
6185,2.934033087983
6187,3.2046208806733767
6188,3.0123888640754304
6189,3.0209792917976017
6191,3.294438950779502
619189,0.0
6192,0.1252780946513598
619207,0.7319900707100215
619208,1.694499441008052
619279,1.829583018382617
6193,3.000983403977739
619344,0.0867613730983522
619351,0.0835635353418218
619373,0.1608697997347039
619383,0.0973945447953161
6194,3.31722570367066
619434,0.0340664262320136
619445,0.7160298319680027
619448,0.0
619455,0.4928166967243604
619457,0.0
619464,0.0
619499,0.0
6195,2.0956097930425455
619505,0.0
619518,0.6288795589617144
619552,0.3775429261445328
619553,0.0
619554,0.0
619555,0.0
619556,0.0
619562,0.0
619563,0.0
619564,0.0
619565,0.0
619567,0.0
619568,0.0
619569,0.0
619570,0.0
619571,0.0
6196,2.2508639268285946
6197,1.864166194917572
6198,2.1774552301370127
6199,1.854959531465204
6201,2.812161304345447
6202,3.204486349135529
6203,3.0279464189555645
6204,0.7649279232330697
6205,3.3827067694881667
6206,3.493876430609378
6207,3.0528378001303493
6208,3.0062303157955945
6209,3.018910691574194
6210,2.3028839032946524
6217,3.129975793903066
6218,1.172093335685809
6219,0.161898500427602
622,1.3167733540752249
6222,3.373201110354484
6223,3.0904856674403485
6224,2.9480255840545153
6227,3.1727002507796085
6228,2.6847633616380007
6229,2.953687626275922
623,0.2500967964746218
6230,3.1607664442568963
6231,2.836061157139896
6232,3.3693699030404316
6233,3.053728846163442
6234,2.9923674838130423
6235,2.5972871921242704
6236,1.2776506115014712
6237,2.7666768513552142
6238,2.688250393175778
6239,1.74195673782606
624,1.3817408462371958
6240,2.324545189015354
6241,1.4206600964654987
6242,2.03589097396032
6244,0.1049594666720178
6246,0.0
6247,0.0193432301006561
6248,0.0
6249,1.8590273883256656
6251,2.465490762253388
6252,1.5123977410489189
6253,2.000286081195662
6256,2.2269933392894177
6257,2.3465875708858728
6258,0.5677681098658557
6259,2.0925158701994917
6261,0.6681158579686922
6262,0.2709991681579604
6263,0.269652753139376
627,0.0590834488965626
6271,0.6463536569452215
6272,2.365994050973592
6273,1.1533030870060224
6274,1.1842051123953858
6275,3.1309453379395116
6276,0.4517587105857959
6277,3.3055429709894453
6278,0.4054097267887918
6279,1.863349405683412
6280,2.623683570921588
6281,3.094472465402817
6282,3.306249607789531
6283,0.3096395937509883
6284,2.1474518926692148
6285,2.414988385008503
6286,3.245424108574631
6288,3.4123618592324005
6289,2.4258271306771673
629,1.2068687838451804
6291,0.6646237781750032
6293,2.181714247664544
6294,2.416128640058679
6295,0.0211723261778742
6296,0.4136472442534319
6297,1.684816554264814
6299,0.793205372342153
6300,1.1518191658506538
6301,2.652779170632697
6302,2.029927432300496
63027,1.287224151804106
6303,2.975995411877212
63035,1.7367196849059603
63036,0.0
6304,1.374020482665112
6305,2.1736171922645995
6307,2.260725567585602
6309,1.698249451239246
631,0.7030005102551957
6310,1.640249022525165
6311,1.5849451556585683
6314,1.4939335644466092
6315,0.0
6317,0.0
6318,0.0
6319,3.316505076702323
632,0.6059259678517182
6320,2.479301506654013
6322,1.5180803437414694
6323,0.0018711756515813
6324,1.6403875136498094
6326,0.0654636900743731
6327,0.4211811008025209
6328,0.1036727819699854
6329,0.7671119538317319
633,3.353034552548671
6330,1.7090621018299526
6331,0.0763706752693144
6332,0.5755660375665058
6334,0.3272206176840112
6335,0.2678539377990642
6336,0.0266360241092229
6337,2.154556857812312
6338,2.3292361597345703
6339,1.543450791620309
634,1.6551615420645065
6340,2.2026684481893017
6341,1.6405567235324714
6342,2.343916570106252
6343,1.5290731945186928
6344,0.3154502898354606
6345,0.6755641879597355
6346,0.0
6347,2.137119578873663
6348,0.9469708179615706
635,0.2031502683975658
6351,1.9233081079593064
6352,2.6654051427693624
6354,0.3126212441209869
6355,1.4484921058389877
6356,1.3471775729077784
6357,1.5002699809973614
6358,1.43887746984301
6359,0.0
636,1.172519361544876
6360,0.6016270037792184
6361,1.4970703696667775
6362,1.378450054906529
6363,2.7786598958012627
6364,0.4059115491293562
6366,2.608982784908316
6367,1.7814242937597835
6368,0.9161978624231508
6369,0.5043253025734872
637,1.89901946812393
6370,0.036063467897197
6372,0.0350655380227658
6373,1.7799128816413667
6374,0.1377268877932005
6375,0.8763793596506516
6376,2.136845825740187
638,2.1357982387549104
6382,2.977099447161112
63826,1.2256247854226263
63827,0.1532859758466703
6383,2.5358941778743063
6385,2.932244338160167
6386,2.768622280060551
6387,2.759409051203739
63874,2.285871411498727
63875,2.315622925462778
63876,0.304214939732099
63877,1.5419905209627534
6388,2.3134963002444917
6389,0.9264888283394556
63891,1.806033084456734
63892,1.660712565250846
63893,2.117597809542209
63894,2.020308360658015
63895,1.0328568541375116
63897,1.9968061147913796
63898,1.2711830644372415
63899,1.2757281144989128
639,1.847771196505594
6390,2.4560389027393215
63901,1.955400180615708
63904,0.0
63905,2.4533373743860314
63906,1.907437128242167
63908,1.8037702760880103
6391,2.6274675951632926
63910,1.780383672749682
63915,1.9280151611740288
63916,1.9525651155906485
63917,1.9430017558490684
6392,2.26512578296327
63920,1.4674699180105009
63922,2.004346066582882
63923,1.6695268814904909
63924,2.9203928048712715
63925,1.8269327981555576
63926,1.2986633481386516
63928,0.5441608938064898
63929,1.4304357953073936
63931,2.1701821158559684
63932,2.275891702137721
63933,1.98900098602312
63934,0.7469595600363749
63935,2.426467492556876
63939,1.5444722209260306
63940,2.4964480627308183
63941,2.1355324807872007
63943,1.855315675305512
63946,0.010754888621307
63947,0.0
63948,0.0
63950,0.0113712320035829
63951,0.3996145911376357
6396,2.389352691467845
63967,0.931920240902213
6397,2.1888575472855165
63970,0.1089903385970567
63971,2.1052272901270768
63973,0.0
63974,0.0
63976,0.6224909847645499
63977,1.1153385156374982
63978,0.0
63979,1.4864073279968442
6398,2.3134776072440437
63982,0.311628633700008
6399,1.5528444117118936
640,0.4203203993811211
6400,2.33890172873812
64002,0.0
64005,1.4772901533482048
6401,0.7034967645613135
6402,1.94164336778601
6403,2.0661814328426873
6404,2.4590815894528815
6405,2.589761320104887
6406,0.0
64061,2.1422857089736373
64062,1.9834592003105276
64063,2.0512332711085643
64064,0.1119095706081079
64065,2.578283804304714
64066,0.2055886812295905
64067,0.392115875912625
6407,0.0
64072,1.0704138680365156
64073,0.0
64077,1.7150030995945384
64078,1.1120763910148843
64080,1.400270144454342
64081,1.344251903984899
64083,2.6377404285587907
64084,1.973213393275132
64087,2.3366579230161753
64089,1.344674887843647
64090,0.3914769545950876
64091,1.4392525026825815
64092,1.7397463793128212
64093,0.7191068953470723
64094,2.7296889341983825
64096,0.0
64097,0.6908117955523538
64098,1.6465005801071273
641,1.0945087239823783
64100,0.0
64101,0.9099047776986432
64102,1.6813309356681905
64105,1.0326597658196188
64106,0.0860100466169922
64108,1.9383411321464896
64109,0.15828951090715365
64110,2.5882022933220896
64111,0.0
64112,2.339163224689571
64114,2.720012796871205
64115,2.2795225453474837
64116,2.0107800280854526
64118,2.388161923148688
64121,1.9279212520142508
64122,2.084892497886253
64123,2.228873046991915
64127,1.0365402498726952
64129,2.158641650116457
641293,0.6050682770956669
641298,0.092934019355804
64130,1.1851901079288685
64131,1.739857164364479
64132,2.2892825114739797
641339,0.8141838500226452
64135,2.000526483910367
641364,0.0
641365,0.0
64137,0.0992460334971177
641371,1.783275457837591
641372,0.1197041703191302
641384,0.0801641354811421
6414,2.3058198750864585
64145,1.950530598519528
641451,0.2448608343336134
641455,0.0051875911285856
64146,0.2787335645114763
641467,0.5184595798714745
64147,1.0614689206121215
64149,1.6618293184253643
6415,2.6041039379399584
64150,1.0617035932093075
64151,1.4202709404902365
641516,0.0544125563488178
641517,0.0
641518,0.3027810825165379
6416,2.080915610119479
641613,0.3167199977015222
641614,0.0735142061810224
641616,0.5666614890965441
641648,0.0
641649,1.481525729676788
641654,0.0
64167,2.136827867365469
64168,0.9163171184314728
641695,0.0
64170,1.1715506544061147
641700,1.516440651038116
641702,0.0
64172,1.5225906759066683
64174,1.3487741374205302
64175,2.156256815125013
641776,0.0
641790,0.0
6418,2.8206295489989848
64180,0.4298555274178127
64184,0.1113630007312303
6419,1.9024878205498033
641924,0.0814877748095437
642,2.0637901134076575
642007,0.0
64207,2.478743977847839
64208,0.0908815660467812
6421,2.728350145442538
64210,2.305354740066802
64211,0.0
64215,2.535629833223438
64216,2.1597838615076403
64218,1.8637258817527045
64219,2.3827668978233634
6422,2.638758013825363
64220,1.2880090622097944
64221,1.3499195299027418
64222,2.444390575550518
64223,2.191042214965475
64224,2.1747883596566204
64225,2.057885643352898
642273,1.3092597153964178
642290,0.1292109697369215
6423,3.432606270406143
642306,0.0600532833173621
64231,2.4294462090327635
642311,0.031262604438497
642317,0.1985786473235092
642319,0.0
64232,0.0
642345,0.035464851664874
642357,0.12867577671514
64236,1.3795053998069091
642361,0.7603102969720592
642366,0.0150599263207783
642389,0.0
642394,0.0
642395,0.1946393048600189
6424,2.9465637998549696
64240,0.0475538868142473
64241,0.0719867467506061
642426,0.0
642446,0.0
642448,0.1066108377458085
642460,0.0
642461,0.0113712320035829
642474,0.0
642475,1.3132243878214165
642489,0.6131271772848961
6425,0.1741422744221952
642515,0.8158612403736625
642517,1.2738631557456963
642531,0.0
642559,0.5928524329596051
642569,0.0
642574,1.6539087308330525
642587,1.9468700094994476
642597,0.0673875284399155
6426,2.243830251978679
642612,0.0
642623,0.0
642633,0.0056012358560772
642635,0.0280467968559265
642636,0.0132175827499873
642641,0.5036662637247062
642643,0.0
642658,1.3148676230572227
642659,1.2319232342598798
642687,0.0
6427,2.7085815772485757
642738,0.074848442848116
642740,0.3200957386126905
642741,0.4501056910371862
642757,0.1215063417494183
642776,0.0406387916047836
642778,0.0
642791,0.0
642796,0.0
642797,1.3405716423429122
642799,0.3648062545982056
6428,2.6114907618343595
642802,0.0
642819,0.9500843085797794
64282,1.4658510852274689
642828,1.905909942338369
64283,1.1308777841947617
64284,2.131421908360569
642843,0.1719452278307409
64285,2.318570116439723
642852,1.620450783162022
642864,0.0557775902066152
64288,1.3632264146262592
6429,2.2994142001164297
642907,0.0795962166369358
642909,0.1778468215978626
642924,0.0544125563488178
642934,0.0563619252247972
642935,0.0996158349795007
642938,2.174897199888768
642946,0.5129473690495815
642952,0.0
642959,0.1883623024484596
642968,0.0811098068644656
642987,0.1885281149238238
643,0.0
6430,2.7279424393044778
643001,0.0
643008,0.5608994807062866
643014,0.0
643015,0.1261735853154376
643031,0.0199533676763937
643034,0.0
643037,0.0
643067,0.0
6431,2.6159995427628373
643101,0.0
643115,0.0814877748095437
643136,0.0771307503330335
643155,2.3895734840742433
643160,0.0
643161,0.0
643167,0.0660413065929845
643172,0.0
64318,1.853992640815337
64319,2.503200643815983
643193,0.1557066847631222
643199,0.0
6432,2.558456850145589
64320,2.2354252767865983
643201,0.0099324012091867
643205,0.0
64321,1.7000452784503033
643220,0.0861979419229091
643226,0.0
643236,0.1117274208851172
64324,1.9600151691661785
643244,0.0
643246,1.6764703795037357
64326,2.1906187097818997
643263,0.0
643264,0.0
64327,1.7450203154995216
643276,0.6002841680194949
64328,1.6644487074538894
6433,1.9919216287459016
643307,0.0
643309,0.092934019355804
643311,0.0
64332,1.702263127074325
643329,0.1584644237132182
64333,1.7399679212207977
643338,1.0855215924624044
643342,0.043016088629042
643343,0.4589183746495047
643348,0.0
643355,0.3026375512736929
643358,1.7644626875519092
643365,0.0099324012091867
643371,0.0
643376,0.0970237498872507
643381,0.0
643382,0.1252780946513598
643394,0.0420263638480368
6434,2.1025554293666744
643401,0.1153627921809967
643414,0.0865736051467432
643418,0.0442022240997431
64342,1.5919690963503603
64343,1.5478612822415336
64344,0.4951552313876683
643447,0.0731326033913595
643471,0.0
643486,0.0
643499,0.0
643507,0.1361368806434324
643513,0.0
643529,0.9475380765982028
643542,0.0
643582,0.0
64359,2.0430114656787244
643596,0.8880861959376344
643609,0.0
643615,0.3203763866263268
643617,0.0782695646180464
643623,0.0
643627,0.0820544050747075
643630,0.3810505308621166
643641,1.6672850320569492
643650,0.0493229014588557
643664,0.0211723261778742
643668,0.1265315084029311
643669,0.6166064186461808
643677,0.0033236975274522
643680,0.9060377488608474
643689,0.1466790060376274
643699,0.2951372179654887
643707,0.187532728084775
643709,0.0168982779780871
643714,0.0845053532862342
643723,0.1780148076809264
64374,2.185796802236936
643749,0.7794028573685584
64375,1.4104186744703922
64376,1.900086615836952
643766,0.0
64377,1.5915759333297328
643770,0.1865361108495833
643779,0.2065619740916918
643783,1.366912544640454
643784,0.1823702359819901
643803,0.0
643812,0.0
643834,0.0213753154909553
643836,1.9861861240636252
643837,0.918935008451756
643847,0.0070474104382352
643851,0.0
643853,0.7054781553033922
643854,0.041431969987866
643859,0.0
64386,0.9234900633577144
643862,0.016081724652309
643863,0.3649386536246808
643866,1.7162389111716392
64388,0.8025332975959805
643880,0.0
643884,0.0
6439,0.08431707500591
643904,0.0683477895576427
643906,0.0
643909,0.01219232802879
64393,1.7092601094291853
643932,1.1788330527091322
643941,0.0
64395,1.953835008645296
643954,0.0563619252247972
64396,0.0126025784990239
643960,0.0
643965,0.0710306629776471
64397,2.0957658142696056
643971,0.0
643974,0.0807316672117631
643976,0.0
64398,1.2568488319496376
643981,0.1304583976107058
643988,1.7712457367569967
64399,0.0416301479021601
644,2.586597870334699
6440,0.0
64400,1.8237604736051791
644013,0.0
644016,0.1021998293216098
644019,0.3802724635378787
644020,0.0
644021,0.1364904825088563
644029,0.7613729266709592
64403,1.6146130038965336
644030,0.0318642078034075
644041,0.0
64405,0.1612128446624533
644054,0.0975798800301689
644063,0.3736264849638638
64407,0.949180184946388
644070,0.0
644082,0.0
64409,0.4209352871099618
644090,0.0729417365234151
644093,0.199396919210256
644094,0.0
644096,2.0914074129857623
6441,0.6309961312247931
64410,1.509947579274726
644100,0.0
64411,1.979061120113132
64412,1.7630651361622662
644131,0.7804352600493853
644135,0.0091091168566818
644138,0.0
644139,0.0
644145,0.0398448655326076
644150,0.981079480186467
644160,0.0629560650472485
644165,0.0795962166369358
644168,0.0126025784990239
644169,1.1392318375865007
64417,1.6816680841231098
64418,1.7615108618486663
644186,0.7804352600493853
64419,2.1187424286998953
6442,0.5345378935351073
64420,1.7951588537823595
64421,1.3128651854858602
644218,0.0
64422,1.9957158066419312
64423,2.2452612784811636
644233,0.0
644236,0.5677681098658557
644242,0.5381092447199157
644246,1.0471671051251832
644248,0.01219232802879
64425,2.079371646251293
644253,0.0
64426,2.218393073364352
644269,0.0
64427,2.006417546277921
64428,1.764346398216221
64429,2.1417326072946694
6443,2.390031392335672
64430,1.5116700605103464
64431,2.0581644384493587
644315,0.9603319239709508
64432,1.878206279677986
644325,0.0
64433,0.1111807302691279
644335,0.0
64434,1.6215582265209658
644353,0.5639379237582378
644357,0.0
644378,0.1095384817418901
644384,0.0742768884659622
644388,0.1261735853154376
644397,0.0282481437700031
6444,1.578729183878131
644414,0.0
644429,0.0
644436,0.0
644456,0.4414261667561673
64446,0.1073437223162539
644464,0.3082157229395512
644495,0.0
6445,1.4387602144906884
644502,0.0
644509,0.0
644511,0.5713777889066898
644517,0.0
644522,0.3171427714128614
644524,0.0
644538,1.7954617190572424
644548,0.0183253569229505
644578,0.0
644584,0.2622815563011142
644591,0.0
644596,0.7095055789414048
6446,2.1902332553072776
644601,0.0
644619,0.220702623497971
644627,0.0
644632,0.0402419221072167
644637,0.0
644656,0.8320604817211453
644660,0.0861979419229091
644672,0.0
6447,1.4035749538180131
644716,0.0
644743,0.0
644746,0.0
64478,0.0362629122582597
644790,0.8075721142774079
6448,2.0217362156259444
644809,0.0899469520555108
644815,1.4825789471880595
644820,1.0788601827746391
644838,0.0569458532680942
644844,1.0214173372518944
644873,1.0449024194461336
644890,0.4040279867096877
644896,0.0503040803202519
6449,2.2057056529381076
644903,0.4709671859421178
644907,1.578131195215544
644909,0.1005396165825761
644911,0.0
644924,0.0
644937,0.2913598071291867
644943,1.7914310838438332
644972,1.197691559338608
644974,0.602393188728104
64499,2.7860141941665004
644994,0.1010933910344035
644996,0.1637810756568249
644997,0.094423529467826
644998,0.0246165431357565
645,2.6784963101677346
6450,0.5203950923549155
645000,0.2117329950951104
645015,0.4887902796950564
645018,0.4274222008060647
645027,0.116631393300044
645030,0.0
645051,0.0
645054,1.658071367511628
64506,0.3226179110229265
645065,0.0
645073,0.0
645078,0.0716044446446561
6451,2.782509692622275
645104,0.0
645108,0.0
645120,0.0195466581122431
645121,0.3494251630054874
645157,0.2067240747419362
645160,0.8771411994582996
645161,0.4653148657282394
645173,0.2170308444044319
645174,0.6709835127482509
64518,0.6975176136141007
645180,0.0438070313509447
645188,0.0
645191,0.6436521793153711
6452,2.020733587698982
645202,0.0
645204,0.0402419221072167
645212,1.5645985112283414
645257,0.0544125563488178
645266,0.0
645280,0.0091091168566818
645296,0.953968224551182
645297,0.0
645299,0.0
6453,1.840494309855599
645311,0.1426539097765001
645319,0.0
645323,0.009520858735307
645326,0.2171908384806782
645328,0.4162494263135362
645348,0.0
645355,0.0
645359,0.0
645368,0.0
645369,0.3797533081747531
645373,0.0
645382,0.0
645387,1.8878178426323904
645388,0.1384325675089229
645397,0.0
645398,0.0
645402,0.0
645405,0.197759541309304
645414,0.0
645415,0.0
645422,0.2875640272652024
645423,0.0
645425,0.0240097576149657
645426,0.0807316672117631
645432,0.3919881348655601
645433,0.6917377747430666
645434,0.1992333314916197
645441,2.3688052498464587
645443,0.0916285002418245
645452,0.0
645453,0.0
645482,0.0
645485,0.092934019355804
645486,0.0
6455,2.5013844344035614
645520,0.0
645529,0.0506962311574882
645538,0.0
645545,0.0242120678044732
645553,0.0215782561623971
645558,0.0
645560,0.0
645572,0.0
645573,0.0
645591,0.0119871284396815
6456,0.2443971708333719
645630,0.147202558931156
645641,0.0
645651,0.0
645654,0.0
645656,0.0906947274148189
645668,0.234283977346928
645676,1.0639049608142104
645682,0.0646929135332517
645686,0.0
645687,0.0103437444480222
645693,0.4970428576652839
645694,0.0467664613262632
6457,0.0213753154909553
645713,0.0
645715,0.2875640272652024
645744,1.6604035015400933
645745,0.1010933910344035
64577,0.6447340356449541
645771,0.0215782561623971
645773,0.0
64579,0.0
645807,0.0398448655326076
645809,0.0
64581,1.8694857233936728
645811,1.2668278922455662
64582,0.6792582000980276
645832,0.0
645834,0.0721778321548017
645836,0.0
645841,0.0
645846,0.0
645852,0.0
645853,0.4920355179076667
645862,0.0
645864,0.145106329829701
645879,0.0152643844692303
645884,0.0
64591,0.0
645916,0.0
645918,0.0
645938,0.0
645939,0.0
645949,0.0
645957,0.0
645961,0.0272409292764164
645962,0.0824319443491516
645967,0.5286167804059076
645968,0.0447946653885956
645973,0.0
645974,0.0
645979,0.4046563649868404
64598,2.1292272318291303
64599,2.413624192762812
645993,0.1748170911334096
645998,0.0
646,0.1461551171419667
64600,0.0
646000,0.0
64601,2.195423820545662
646012,0.0
646013,0.1584644237132182
646019,0.3392249446932426
646023,0.2347535870437137
646066,0.0
646071,0.0
646085,0.0792173887819751
646087,0.0
646093,0.0565566131007352
6461,1.2725086292437413
646103,0.0
646108,0.4634597803827599
646112,0.0
646114,0.0
646119,0.0
646127,0.7676380559150596
646174,0.1380798037091699
646175,0.0
646189,0.4968210373473922
646193,0.1270681007161791
6462,0.2112496279420356
646202,0.1837056568939827
646216,0.0
646231,0.0
646241,0.0268377072511832
646249,0.0
646262,0.0
646268,0.051284114267885
646269,0.1309924294396301
646294,0.7276964733841322
646309,1.0015071120711965
646324,0.4386703736376154
646366,0.1581202170574014
646383,0.1857046546754418
6464,2.617630751718572
646409,0.0
64641,1.1283308724932892
646424,0.1499891819001348
646433,0.0
646440,0.0
646446,0.0
64645,0.6319143759088167
646450,1.1290418055237714
646457,0.1315261137724414
646476,0.3348312878167729
646479,0.0
64648,0.0
646480,0.0600532833173621
646483,0.7539752537637653
646486,0.0
646498,0.0
646506,0.0
64651,2.242654572134733
646522,0.0366616595234452
646527,0.2389676267024272
646532,0.0702650067990862
646538,0.0
646548,0.1220462241655084
646557,0.076750799447613
646567,0.1499891819001348
646576,0.4052842188715475
646583,0.0
646588,0.094423529467826
646595,0.5827872864078509
646597,0.0
646600,0.0105493414072734
646603,0.0326656794165476
646612,0.3279156096968621
646616,0.2286269205281031
646620,0.0
646624,0.5937251335727107
646625,0.0721778321548017
646627,0.4470259815477046
64663,0.0
646640,0.0
646643,1.547316891549874
646658,0.1128197163068454
646663,0.0
646665,0.1901843659990476
646666,0.0485371324516474
646672,0.0
646674,0.1178980435863406
646685,0.0759903776592968
646688,0.0280467968559265
646693,0.0
646698,0.0242120678044732
646710,0.1164502841304022
646719,1.223862341348564
646721,0.0
646723,0.0278454019696254
646737,0.0
646745,0.0557775902066152
646754,0.0
646759,0.0
646770,0.0
646784,0.0784592157513684
646785,0.6575859668194167
646787,0.0923747627007558
646799,0.0
6468,2.330910441897276
646801,0.0
646804,0.0
646817,0.0392489295621294
646819,0.6160433912447034
64682,1.1399293627247131
646820,0.258038258146766
646828,0.0
646851,0.7258593490317428
646862,0.4430986171464912
646864,0.0382547653609949
646870,0.0
646877,0.0
64689,2.114510063277286
646890,0.300769231165453
646892,0.1067941198550825
646898,0.0
6469,0.0138321417599086
646909,0.0633423431029015
646912,0.0477506279872771
646913,0.0
64693,0.0084911297831118
646942,0.0
646949,1.1523811057171398
646951,0.0740862832627668
646956,0.0406387916047836
646960,0.0
646962,2.1784021960556035
646966,0.0
646982,0.2815406709978149
646985,0.0
64699,0.7179748737128936
6470,1.871075383048136
647024,1.7438877231442276
647030,0.6361227519175457
647034,0.0
647042,0.141776258746249
647060,0.0
647076,0.1992333314916197
64708,1.9082519949223489
647087,2.306696353009158
647094,0.0
647099,0.1419518643529123
64710,2.8292936850093633
647102,0.0
647107,0.0
64711,0.0569458532680942
647112,0.2333439246723052
647132,0.0
647135,0.6633973459158585
64714,0.5701765973564612
647155,0.0
647158,0.0
647166,0.0489301088118718
647167,0.3922435953642581
647169,0.0
647174,0.2715968350027382
64718,1.8896820965820973
6472,2.236370306697397
647201,0.0
647208,0.0
647219,0.2336573991124095
647249,0.0
647264,0.0
647265,0.0
647276,1.3451256936187157
647286,0.0
647288,0.0152643844692303
647298,0.0
6473,0.03580222232232805
647309,0.0
647310,0.7148113266019385
647323,0.2724924834198263
64735,0.0
6474,1.2454285047183888
647415,0.0
64743,2.14727755093927
647436,0.2750246193102813
64744,2.444322000709947
64745,1.928116871010381
64746,2.4319970970390155
64747,2.4964288700597277
64748,2.346939132196623
64750,2.142696658824545
64753,0.6210011814782408
64754,1.794205579536153
64755,2.3539677322280124
64756,2.102160115906634
64757,1.6846491943874164
647589,0.0
64759,2.499217803237508
6476,0.0573349127789155
64760,2.280926626997001
64761,2.1338703875922476
64762,0.9790900004437324
64763,1.9276002278533468
64764,2.2041829948652696
64766,1.6991685263764489
64768,0.9178653791063756
64769,2.357078598303881
6477,1.2507654061726838
64770,1.892539414802576
64771,2.5496391964448475
64772,1.9791572650466929
64773,2.4751847286547988
64776,1.3994849448182982
64777,2.0279022842856924
64778,1.9756462546323377
64779,1.5021714618120914
6478,2.678759937760392
64780,2.282853040943742
64781,2.1875968505691463
64782,1.771874755089323
64783,1.4964446187721308
64784,1.942262770214076
64785,1.2008656430334537
64786,1.9640054298394096
64787,2.241468137177002
64788,1.6023274051607104
64789,1.2011232037232855
64792,1.5597012549226963
64793,1.535488732044387
64794,1.623158504438048
647946,0.3265249991591786
64795,2.220391395611852
647979,2.9057814837342058
64798,2.1375544585383564
64799,0.600476158735976
648,2.36724029844498
6480,1.9517555227472645
64800,0.5188901413104611
648000,0.6365786520285666
64801,2.09571549214672
64802,1.4625527343551443
64805,1.187154916021155
64806,0.0
64816,0.1038567167187382
6482,2.083427688314833
648294,0.5060798257736868
6483,1.688413538029159
648315,0.0
64834,2.6389986740398133
64837,1.906298481713056
64838,2.133335790418017
64839,1.697694382188592
6484,1.8628346347843443
64840,1.6356240058424183
64841,1.7368436359816055
64843,0.0166942133416963
64844,2.3178305595631854
648442,0.0
64847,2.6244214560877
64848,1.7729590708405434
64849,0.7720557960751623
64850,0.0598594062479726
64852,1.796239522439314
64853,2.023983981541571
64854,1.5472605397756665
64855,2.7993253890409795
64856,2.407620626531683
64857,1.7762182625702336
64858,1.7089036318153323
64859,1.2990015383636977
64860,1.5733908292063583
64863,1.473192934439148
648630,1.1437302157485851
64864,1.523756094412668
64866,1.7239009833312842
648691,0.2065619740916918
6487,0.1644645680444395
648729,0.304501394118264
648791,0.7464168194317394
64881,0.0
6489,0.6499392972481077
648927,0.036063467897197
648947,0.1140922349498855
64895,1.5279792624654651
64897,1.604295140574466
648987,1.0540523346656865
649,2.1621408337096595
6490,1.1766466901293515
64900,1.985599064495984
64901,0.5668628208878768
64902,0.0091091168566818
649024,0.2893182181688508
6491,1.2482048097591294
649133,0.0
649137,0.0191397532419228
649159,0.0
64919,1.3167139037343216
6492,0.2862457951418161
64921,2.140632699550476
64922,0.1818688831908015
649238,0.0
64924,2.0890676112440545
64925,2.33060414194613
64926,1.919601030968624
64927,1.6031455279354283
64928,2.6698690588845313
649299,0.0
6493,0.1673630074226078
649330,0.0
64939,0.0
6494,2.3281763606820975
64943,2.112391917025605
64946,1.3735940879139752
64949,2.6091159814930296
6495,2.2798008797031715
64951,0.1982511050965841
6496,0.8400440039142266
64960,2.385504817506821
64963,1.6058732968837826
64965,1.9281950915996997
64968,1.8366603505737904
64969,1.8479238285616653
6497,2.5048593646300716
64975,2.749357960297253
64976,2.177299153669707
64978,1.037323103086051
64979,2.133888495507083
6498,2.331605494707803
64981,2.4153541142596215
64983,2.140339408084739
6499,2.185374662699633
650,1.1381222492156688
6500,2.2785910873372317
650024,0.0
65003,2.181112954491693
65005,2.2664965284493697
650059,0.0
65008,2.110188738570126
65009,1.2024826179630637
65010,1.622487065193969
65018,1.8344591368486705
6502,0.9226643420481128
650293,0.0
6503,2.0602986315688065
6504,1.3082034888672227
650474,2.185597522492848
6505,2.0556364920993255
65055,1.164958164640542
65056,2.403777275943597
65057,1.9199924593306017
65059,0.4504602201420365
6506,0.4107868396102578
65061,0.5239301359011763
65062,1.607330393750127
65065,0.768689006909982
6507,2.0984479526049693
65072,0.1808652430448176
65078,1.1383278912490078
6508,1.3608818750954392
65080,2.284817831533822
650808,0.2016836555872125
65082,1.533308158865063
65083,2.178773088882658
65084,1.6250237917197317
6509,2.268444117708865
65094,1.2966914318644556
65095,2.175444917118054
650983,0.0
651,0.0579181636361618
6510,2.6049799159795386
651053,0.0
65108,3.075111564535436
65109,1.907437128242167
6511,0.0047737452018541
65110,2.1004652789515825
651144,0.0
65117,2.2054917055723315
6512,0.6684640913644322
65121,0.0
65122,0.0
65123,2.362447895971527
65124,1.8795858077740129
651249,0.2657501063825088
65125,2.2664441487418534
6513,2.110029125476203
651302,0.3994881133746474
6514,0.2235644531810927
651430,0.1853718320962182
651452,0.0
6515,1.7120491607268058
651628,0.0278454019696254
651644,0.0
6517,1.4190772827416376
651746,0.9148845426864805
6518,1.368315039928793
6519,0.0164900995891271
652,1.693283423342976
6520,2.601140300570602
6521,0.0070474104382352
65217,0.0
652170,0.0
6522,2.2260773669811766
65220,2.2463690174330435
6523,0.9471977839569502
6524,0.0852580403731478
652411,0.0
652423,0.0
65243,0.778147046800787
65244,1.7508673923175202
65249,1.4378681761391714
6525,1.8329390089091877
65250,0.9453228154456762
65251,1.2351147609097155
652549,0.0225922306114602
65258,1.4522045312281069
6526,1.5198139565695998
65260,1.817742823201858
652624,0.184705774775147
65263,1.655280677041006
65264,2.573507325929294
65265,2.3223051229080456
65266,2.2407469481089293
65267,0.219427397119987
652670,0.0
65268,1.1620865378451328
6527,0.3891723552178673
6528,1.0214173372518944
6529,0.350774998302549
652965,0.0
652966,0.0
652968,0.3162969930156206
652974,0.0
652975,0.0
652985,0.0
652991,0.0
653,0.0534361704016004
6530,0.076560759028747
653017,0.0
653061,0.032865928486596
653067,0.0
653073,0.0132175827499873
653075,0.0346660352741282
653079,0.4535257181670199
653082,1.18768272637953
6531,0.3093550284785648
653108,0.0326656794165476
653121,1.3836268268518943
653125,0.0858221088259321
653140,0.3774127029756018
653145,0.0600451840671189
653147,0.3274986896152399
653149,0.964813777890957
653156,0.1393138122542398
653166,0.0
653174,0.0
653175,0.0232000328901817
653192,0.0244143296379668
6532,0.1822031529648999
653203,0.0
653220,0.0
653232,1.6256915407274588
653236,0.1729599900364498
653240,0.0
653247,0.0
653268,0.4498692440300991
653269,0.0763706752693144
653275,0.0
653282,0.0
653288,0.0
6533,2.53210054341598
653308,0.9811868348084548
653314,0.0
653316,0.1489453134079853
653319,1.677534595952637
653333,0.2314604781238472
653361,1.2518064130978688
653363,0.0
653390,0.1195237358855934
6534,0.1336573840641972
653404,0.0177140457770852
653423,0.0
653427,0.0
653437,0.0
653440,0.5918370059842332
653458,0.0786488237171767
653464,1.0669824198019044
653486,0.0
653489,0.0970237498872507
653499,0.1959545645915504
6535,2.338533792708574
653505,0.1512053420531817
653509,0.0
653510,1.0972089472699975
653543,0.0
653544,0.0
653545,0.0
653548,0.0
653550,0.0
653567,0.3541392113228169
653583,1.7840869853044348
653590,0.0
6536,1.706107876181559
653604,0.2055886812295905
653619,0.0
653641,0.0
653643,0.0
653645,0.0195466581122431
653650,0.1971036549237277
653656,0.0
653657,0.0
653658,1.3883635064147446
653659,0.7140791659373801
653665,0.1980872839056782
653689,1.3459699075462084
653702,1.7695255261377485
653707,0.0
653720,0.22548674056443105
653737,0.6737528646191896
653753,0.0
653773,0.5407239685166306
653781,0.0
653784,2.055748712612643
653789,0.266952984640683
653794,0.0
6538,0.6026802929299947
653808,0.8060149478453087
653820,0.4831610087974954
653857,0.2837497213258301
6539,0.6650612600009619
654,1.5918323815350472
6540,0.0254249141756302
654029,0.6367609283011315
6541,1.8908171459027812
654170,0.0
6542,2.8845239677894576
654231,0.350774998302549
654254,0.5885702898592897
6543,0.0916285002418245
654319,0.7868878262652975
654320,0.0
654321,0.0
654322,0.8795476754932257
654340,0.0234025367070836
654346,0.2091516577938769
654350,0.0
654364,0.0
654369,0.1178980435863406
654370,0.0738956344925407
654371,0.3096395937509883
654381,0.0936791088254262
654382,0.0604409028617613
654383,0.0625696085978943
654386,0.0
654387,0.1868684534699322
654391,0.0
654412,0.0
654429,0.0084911297831118
654433,1.251370104139147
654434,1.1514576249710111
654463,0.2115719051452569
654483,0.5806187560096068
6545,1.2527114771356542
654502,0.0123974780415539
654506,0.9512689629676692
6546,0.7679384980031663
6547,0.18153447501312
654780,0.0372594270725486
654783,0.0
654790,0.3692949642583837
6548,2.0487776896270513
654835,0.0272409292764164
654841,0.1553613094606595
6549,0.089572811643912
655,1.0052327299805928
6550,0.4575153821884988
6553,0.6273109903075856
6554,0.2083432804441998
6555,0.0
6556,1.276016926964188
6557,0.0654636900743731
6558,2.11934166339695
6559,0.0893856781967923
656,0.7678634002685998
6560,2.1154596615291386
6561,0.0
6563,0.3565523168278233
6564,0.150163030160434
6565,0.6898845553364533
6566,1.821347523819532
6567,1.987323952621657
6568,0.0352652184723042
6569,0.0080788886488122
657,1.7123375834880108
6570,0.0274424681999785
6571,0.6502074720777162
6572,0.0
6573,1.4317693982919135
6574,2.33172161149127
6575,2.021305964736121
6576,2.6139311985535127
6578,2.244004932618371
6579,0.0156731530012164
658,2.1906841944169866
6580,0.3666577511707616
6581,1.2670236524117071
6582,0.0
6583,0.981616064193142
6584,1.6104772827063425
6585,0.2041265232242545
6586,2.0995103129497443
6588,0.2718954979794535
659,2.2697555240747835
6590,2.3081736443531033
6591,2.259554262978627
6594,2.483066992843653
65944,0.1426539097765001
6595,2.1571482502940564
6596,1.8398918118611651
6597,2.1774952384990804
65975,0.1489453134079853
65977,1.3264629889802182
65979,2.014592577667192
6598,1.7076470672959034
65980,1.8465481044521703
65981,1.6780586806107651
65982,1.82012560963903
65983,1.7263451768175062
65985,1.6653524489497875
65986,1.8130295761092503
65987,0.4679733984104834
65988,1.801282018575067
65989,0.8652288388997291
6599,2.3373381726395466
65990,2.111299239278227
65991,2.05999925159821
65992,2.555068602759236
65993,2.7585119902925412
65997,0.4556405736865049
65998,1.9101141908283092
65999,1.7466833931086343
660,1.4130910620561632
66000,0.484403167165935
66002,0.6450042358277566
66004,1.7929021952045887
66005,2.240384109323496
66008,2.256136300565456
6601,2.2359487445585717
6602,2.259840402736423
6603,2.7110690076714725
66035,1.0788601827746391
66036,1.4336921209723772
66037,0.0181216355189445
6604,1.8340352446746064
6605,0.8405145094518939
6606,1.1876073553791129
6607,1.194462058784341
6608,1.867371667711032
6609,2.360652866802744
661,1.8317010396515645
6610,1.778553644824345
6611,2.6069971133975103
6612,2.7214045029796
6613,2.703543528494061
6614,2.171421817606765
6615,1.7129138637036572
6616,0.4838388108081963
6617,1.4638925516531502
6618,2.330867425634224
6619,1.728712680866646
662,1.586088554322656
6620,0.1182595860883647
6621,1.878020215950856
6622,0.8781555653746663
6623,2.6102039925500273
6624,2.551466218538084
6625,2.797098586752762
6626,2.3912652273456483
6627,2.0844723541143564
6628,2.848141587144664
6629,2.3841923274257724
663,2.155963422574734
6631,2.6849345327377567
6632,2.0312595275469874
6633,2.845754237438338
6634,2.1199869643529308
6635,2.4746130503870347
6636,2.224332288456451
6637,2.3246819374039633
6638,0.9901376651541
664,1.9066536243949657
6640,2.218922137330134
6641,1.404855781326865
6642,2.4462816677125465
6643,2.1876318239179087
6645,1.8061279836369089
6646,2.0374791423445684
664612,0.0
664613,0.0
664614,0.0
664615,0.0
664616,0.0
664617,0.0
6647,2.9146139365086334
664721,0.2023358143890825
6649,2.4860948117745583
665,2.6173039334703403
6650,2.1161595201217125
6651,2.428806523742672
6652,1.5453406070302715
6653,1.801324676327547
6654,2.071913010860398
6655,2.027055250731956
6656,0.0078726930921942
6657,0.0424223934120883
6658,0.0831865093464727
6659,2.6577219231804787
666,2.5099898689479874
6660,0.5438491251744711
6662,2.028548379331175
6663,1.7364344635882976
6664,0.3712668955750554
6665,1.002025935575607
6666,2.2992412785461656
6667,2.3814018376587573
6668,2.1441554414036115
667,1.7783623305447644
6670,1.9424966809987505
6671,1.311816119507385
6672,1.9880560381450871
6674,1.5128822550154075
6675,2.477077688939544
6676,1.1615736186147003
6677,0.0236049920866109
6678,3.4692393583431778
668,0.0833750437052461
6683,1.6054751111385717
6687,1.5635468728139696
6688,2.576746419757759
6689,0.4565785721608359
669,2.1329002725577477
6690,0.5824919685083196
6691,0.3425037863712844
6692,2.7468825941202355
6693,1.6367264988038182
6694,0.0822431961241168
6695,2.2752591655086127
6696,3.037463219875166
6697,2.521688961782521
6698,0.0
6699,0.3341425069771574
670,1.8166851524643992
6700,0.0
6701,0.0
6703,0.0
6704,0.0
6705,0.052263005646635
6706,0.0
6707,0.2013573773952446
6708,0.1632680785905308
6709,2.5553492940204694
671,0.398475526494279
6710,0.2581901983896828
6711,2.588644492525374
6712,1.303043169965671
6713,2.1408236533471725
6714,2.2191172223647087
6715,1.273218567434203
6716,0.0916285002418245
6717,2.383091137824888
6718,0.0211723261778742
672,1.2829656681176445
6720,2.776210746663158
6721,2.3295793362191257
6722,2.3104350436593255
6723,2.5244620403675126
6725,1.0373719972616071
6726,2.8335905273990303
6727,3.0086683446964626
6728,1.0923751100493824
6729,1.9687813000739265
673,1.2512021998403522
6730,2.3257378477251693
6731,2.3791496443383275
6732,1.6337389656393315
6733,2.1552224779860185
6734,2.618115922841756
6736,0.0
6737,2.290359181370319
6738,1.808881273900137
6741,2.341935221706638
6742,2.1071781084453804
6744,2.21710427093917
6745,2.353256015571355
6746,2.4777704921459747
6747,2.5544943107922
6748,2.5876101708840458
6749,2.4748767941942584
675,1.1228227664988204
6750,0.0
6751,0.3138955929198037
6752,0.9671248722441088
6753,0.1025683134842556
6754,0.009315012732202
6755,0.1468535609837009
6756,0.029254159459327
6757,0.0
6758,0.0
6759,0.0
676,0.0082850342053478
6760,2.340801337480484
6764,1.6912126622773491
6767,2.7335818606598083
6768,2.517205435227531
6769,0.45693001505071
677,2.8572482724582233
6770,0.1077099208929781
6772,2.566126893007862
6773,2.5688551042450536
6774,2.5502417418853955
6775,1.1211303248960158
6776,2.357677117609793
677679,0.2222937962439548
677681,0.9655300482809246
6777,2.435505997038959
677763,1.003993410229789
677765,0.235379301880427
677766,0.0
677767,0.5416629445675704
677768,0.0
677770,0.0
677771,0.0
677772,0.92177842544675
677773,0.0
677774,0.4819167411393558
677775,0.4828218725218858
677776,0.0
677777,0.0
677778,0.0
677779,0.0
677780,0.0
677781,0.0
677784,0.0
677790,0.0164900995891271
677792,0.0
677793,0.950027839660554
677794,0.0
677795,0.0
677796,1.2272412651372673
677797,0.9351101674850528
677798,0.0
677799,1.9609302185444528
6778,2.594979308288833
677800,0.5268096363033034
677801,0.0
677802,0.4143916467755089
677803,0.0
677804,0.0
677805,0.0
677806,0.5687726375742547
677807,1.0851610138037504
677808,0.4497509922296036
677809,0.0
677810,0.0
677811,0.5875934432407934
677812,0.0
677813,0.2431594065903223
677814,0.6975176136141007
677815,0.0
677816,0.0
677817,0.0
677818,0.0
677819,0.2431594065903223
677820,0.2383447341173207
677821,0.0
677822,0.0
677823,0.4096645771812045
677824,0.0
677825,0.0
677826,1.0349714505764311
677827,0.2338140899857443
677828,0.6709835127482509
677829,0.2322457897286582
677830,0.0
677831,0.0
677832,0.7170840925878114
677833,0.8281683753191996
677834,0.0
677835,0.0
677837,0.0
677838,0.0
677839,0.0
677840,0.0
677841,0.3006253282448439
677842,0.0
677843,0.7152989928308906
677844,0.0
677845,0.0
677846,0.0
677847,0.0
677848,0.0
677849,0.7661337963572161
677850,0.0
677885,0.6291559988349685
6779,0.0
678,2.753777722928705
6780,2.581987292336486
6781,2.8826119972308923
6782,2.2229711287892084
6783,0.0671953437318986
6785,0.8341674369872322
6786,2.291014937087342
678655,1.799818384259414
6787,1.6855271352454386
6788,1.3355475630729894
6789,2.0021015986626858
6790,1.7795650595411732
6792,1.0310312987462538
6793,2.0977229693432724
6794,2.185699130373596
6795,1.1824962096911444
6799,0.4633436824747013
680,0.0
6801,1.6379036936051652
6803,0.0
6804,1.272734620048238
6809,1.9190491828646037
6810,2.4112285642020996
6811,2.406496124758178
6812,1.7352917086534787
6813,2.139386766228861
6814,2.071187288787697
6815,1.9045595310595451
6817,1.298509554383949
6818,0.0812988122919001
6819,0.6950106753009021
682,2.975703072475527
6820,1.043065059463428
6821,2.0509321796565287
6822,0.5569300582202276
6827,0.0673875284399155
6829,2.4166663741635053
683,1.714403458193106
6830,2.4072416148899274
6832,1.9493018359124803
6833,0.7475018593056793
6834,2.4641224096615892
6835,2.0794558388092184
6836,2.885915733213298
6837,1.9505897188726944
6838,2.172961241512651
6839,1.616756168652414
684,2.907727471473358
6840,2.1131457152825024
6843,1.8245785195756492
6844,2.5591253975911123
6845,1.2569884357258516
6846,0.8314474950285975
6847,0.1040406105580704
684959,0.0
685,1.1358965865434263
6850,2.183122423470198
6853,0.3828629220170676
6854,1.0925086903095016
6855,0.9841851055791414
6856,2.68558292577976
6857,1.8707417067917564
686,1.6378418115169806
6860,0.0084911297831118
6861,0.3757177662085518
6862,0.1295675712697485
6863,0.9513816685724016
6865,0.4626467110929663
6866,0.045189394581304
6867,2.25271838590853
6868,1.641586012767567
6869,1.2185765852589432
687,2.46727512853671
6870,0.0
6871,1.703949314419292
6872,1.9257315744273749
6873,1.8283150155050576
6874,1.547410796375364
6875,1.403524659555937
6876,2.7953836906313447
6877,1.3245333841375695
6878,2.0763649336136956
6879,2.778053767678984
688,1.417391625293332
6880,2.1821882201859215
6881,0.7433848706329548
6882,2.341247534223319
6883,1.9646189959784477
6884,2.358662093554822
6885,2.1063042290145737
6886,1.4393462170447369
6887,0.193816174198769
6888,2.740125861262965
689,2.8705075675469804
6890,2.331120379864568
6891,1.859370749067186
6892,2.860773078422259
6894,2.2153376377852876
6895,1.9335630728393531
6897,2.337474545231047
6898,0.1140922349498855
6899,1.5259214119416296
6900,0.0860100466169922
6901,1.9973828533231544
6902,2.467351689353747
6903,2.317379680703478
6904,2.2750040104540243
6905,0.2615254979860056
6906,0.0639214260144302
6907,1.8600473491941591
6908,2.065772120876163
6909,1.6914187982948252
6910,1.070043864924262
6911,0.9666853352349865
6913,1.835049892540398
6915,1.2797574566209569
6916,1.832701604448366
6917,2.2788078707602057
6919,2.036635711166956
6920,2.1967434439386215
692053,1.0052327299805928
692057,0.0
692058,0.3483435797417242
692063,0.0
692072,0.0
692073,0.0
692075,1.4110137561658185
692076,0.3096395937509883
692084,0.5045448495842794
692085,0.0
692086,1.0175382284418204
692088,0.0
692089,1.385948578387311
692091,0.0
692092,0.0
692093,1.3796635150678236
692094,0.0
692099,1.290200712592381
6921,1.9961299636798149
692106,0.0
692107,0.0
692108,0.878852002373381
692109,1.2472583912173267
692110,0.0
692111,0.0
692146,0.0
692148,0.0
692149,0.0
692157,1.0812252836474838
692158,0.0
692199,0.0
692201,0.0
692202,0.5554997381448878
692203,0.0
692204,0.0
692205,0.8655519964691333
692206,0.0
692209,0.3450896434646048
692210,0.0
692211,0.0
692212,1.6362144030560444
692213,0.0
692214,0.8505810516332982
692215,0.0
692223,0.0
692225,1.4144712191146218
692226,0.0
692227,2.658449089296964
692229,0.5827872864078509
692233,0.3775429261445328
692247,1.2716360625414334
6923,3.012969610154012
692312,0.0
6924,2.077212895587766
6925,1.8346167538509544
6926,2.429647450606202
6927,0.0213753154909553
6928,0.0306605722017031
6929,2.3554520092593156
693120,0.7044881843002049
693121,0.0
693122,0.0
693123,0.0
693124,0.0
693125,0.0
693126,0.0
693127,0.0
693128,0.0
693129,0.0
693130,0.0
693131,0.0
693132,0.0
693133,0.0
693134,0.0
693135,0.0
693136,0.0
693137,0.0
693138,0.0
693139,0.0
693140,0.0
693141,0.3150265908981102
693142,0.0
693143,0.0
693144,0.840245691252871
693146,0.0
693147,0.0
693148,0.0
693149,0.0
693152,0.3070747430554275
693153,0.0
693154,0.0
693155,1.9108909595555357
693156,0.0
693157,0.0
693158,1.6157183005997648
693159,0.3123377707816712
693160,0.0
693161,0.0
693162,0.0
693163,0.0
693164,0.0
693165,0.0
693166,0.3123377707816712
693167,0.0
693168,0.0
693169,0.0
693170,0.0
693171,0.0
693172,0.0
693173,0.0
693174,1.112506672763143
693175,1.3149869324453305
693176,0.0
693177,0.0
693178,0.0
693180,0.0
693181,0.3736264849638638
693182,0.0
693183,0.0
693184,0.0
693185,0.0
693186,0.3659970186845886
693187,0.0
693188,0.0
693189,0.0
693190,0.0
693191,0.0
693192,0.0
693193,0.0
693194,0.0
693195,0.0
693196,0.0
693197,0.0
693198,0.3150265908981102
693199,0.0
6932,1.514915955893228
693200,0.3123377707816712
693201,0.8351844673154479
693202,0.0
693203,0.0
693204,0.0
693205,0.0
693206,0.0
693207,0.0
693208,0.0
693209,0.0
693210,0.0
693211,0.0
693212,0.0
693213,0.0
693214,0.0
693215,0.0
693216,0.0
693217,0.0
693218,0.0
693219,0.0
693220,2.302974933054895
693221,0.0
693222,0.0
693223,0.0
693224,0.0
693225,0.0
693226,0.5229677461514158
693227,0.3096395937509883
693228,0.5307370523394719
693229,0.0
693230,0.8505810516332982
693231,0.3178468815878214
693232,2.2636561662114287
693233,0.3178468815878214
693234,0.0
693235,0.0
6934,1.955378282167126
6935,2.084301046126464
6936,1.6828321014600736
6938,2.200488908260802
6939,0.6604097319962855
694,2.6916224389232424
6940,1.7157450026970678
6941,1.9640268495904107
6942,1.911103286286364
6943,0.0846935889461878
6944,2.550924966062377
6945,2.168486749323795
6947,2.1105125847832795
6948,2.262217491747661
6949,1.7991436208714295
695,1.7117867944488987
6950,2.567570995237756
6952,0.0
6954,0.0683477895576427
6956,0.6817382914285482
6958,0.0
6959,0.0
696,0.0248187083181388
6960,0.0
6961,0.0
6962,0.0
6967,1.2862177863442243
6968,0.0
6969,0.0
6970,0.0
6971,0.0
6972,0.4535257181670199
6973,0.0
6974,0.2322457897286582
6975,0.0272409292764164
6976,0.6548393663998014
6977,0.7353106356896871
6978,0.6709835127482509
6979,1.2442051626985011
6981,0.912429609588248
6982,0.4174853927184002
6983,0.3112028399871392
6984,1.0471671051251832
6985,0.0
6987,0.0740862832627668
6988,2.293985175840873
699,1.550406022153782
6990,2.3091169032831456
6991,1.0646991789927929
6992,2.439714925406893
6993,2.514992859069519
6996,1.932388500333702
6997,0.109721115265514
6998,0.0
6999,0.7113060390291223
70,0.0759903776592968
7001,2.7247714844187843
7003,2.0491433476655514
7004,1.7638459954565169
7005,2.2634790027751133
7006,0.8259042964338978
7007,0.2893182181688508
7008,2.3416172583622403
7009,3.075162057003486
701,1.614791981301591
7010,2.0581811594984707
7011,1.885536285165777
7012,0.0
7013,1.3583070635544643
7014,1.8349908547590632
7015,0.1916720862344515
7016,2.392856317033362
7018,1.362627656907734
7019,2.0144235236392323
7020,2.3033746116808635
7021,0.7600823690294669
7022,2.0260909499991806
7023,1.4965489663189429
7024,2.2300185636084096
7025,2.084150436562088
7026,2.2368586613083696
7027,2.485200454120743
7029,1.9369742109034864
7030,2.474973653336264
7031,3.1838951578933687
7032,0.0
7033,3.0699118296333667
7035,1.6198719281178722
7036,0.3231772778981793
7037,2.0193513950145476
7038,0.1765016753129527
7039,0.9795745259965656
7040,2.6783886317447063
7041,2.2093590044932103
7042,0.9586636409231304
7043,2.457020036374533
7044,0.2698024687800435
7045,2.4906498993317956
7046,2.2015281490598606
7047,0.0132175827499873
7048,2.7544099481694677
7049,2.1179150728616736
705,2.1489737344819337
7050,2.144533481588129
7051,0.7647770346108848
7052,2.298190629927738
7053,0.0
7054,0.0553878071845259
7056,2.220317199410133
7057,2.8859254580606306
7058,2.6730055946281923
7059,2.069482956607536
706,2.8815188417323316
7060,2.496430346463564
7062,0.4185960217415813
7064,1.988471833120387
7066,0.8058023185933759
7067,2.145446149991178
7068,1.2160757567379428
7069,2.7441870692947714
7070,2.575075956397338
7071,2.441594571102246
7072,2.3491790295004686
7073,2.2255767036638257
7074,1.6249919699414397
7075,2.277177029152635
7076,3.1681513144031763
7077,3.014588759919533
7078,3.2232320343295795
7079,2.43653078716053
708,2.520994915584936
7080,0.0
7082,2.1559591687145945
7083,2.3455571440566003
7084,1.865740106110904
7086,2.434595792568725
7087,0.3060750087792166
7088,2.040477675412419
7089,2.3055518194725435
7090,2.2934546144290864
7091,1.3852974607929396
7092,1.2982326138234943
7093,0.265298552533264
7094,2.821120698433904
7095,2.413692254725079
7096,1.5880225000512846
7097,1.9304256923747507
7098,1.3985461859614328
7099,1.7078457099224291
71,3.4953765421168668
710,2.872132978895534
7100,1.5093178547717585
7101,0.0097266548872287
7102,2.09001453353214
7103,0.999375266662239
7104,0.1716066910730517
7105,2.0662577875753696
7106,2.386062287870838
7107,2.3905095862137884
7108,2.0104194464255847
7109,1.4596373171476251
711,0.0
7110,1.915955925207804
7111,0.8001065033533171
7112,2.2325503912143287
7113,0.9726470537718704
7114,3.4151783857341544
7118,1.1161511726809294
712,3.168861248390539
7122,2.218730490751798
7123,2.3024449491654924
7124,1.4340710492259274
7125,0.9150040494423252
7126,2.335699651760827
7127,2.743995788384082
7128,2.303451734640638
713,3.107576483840492
7130,2.2403241534392753
7132,2.6782047082627325
7133,2.5208252179342794
7134,0.6565240641942933
7135,0.1088075433050862
7136,1.380742670828652
7137,1.4241490703229616
7138,2.644167306988206
7139,0.2397455554894407
714,3.1289145213884852
7140,1.095306816266809
7141,0.0
7142,0.0
7143,0.3326250168547689
7145,2.665263754164847
7148,1.7554271171614129
715,2.9004037269629257
7150,2.5000152134575817
7153,2.344229826854066
7155,2.606948039394658
7156,1.8436768508429424
7157,2.3637835160704705
7158,1.8323551465052164
7159,2.0295846461751985
716,3.012087043064204
7161,0.768689006909982
7162,2.419180602232805
7163,2.112021643556579
7164,1.0026479361554077
7165,2.5796062596659133
7166,0.3357945467127776
7167,2.868018948453188
7168,2.3462332094972473
7169,2.8068060939456583
717,1.6243550714525488
7170,2.558905498007346
7171,2.7287216713148124
7172,2.153675970917822
7173,0.9589976600632296
7174,2.0171504810773726
7175,2.322453213504211
7177,2.7124992069586473
7178,3.058458368348354
7179,0.0
718,3.0821296651104055
7180,0.0
7181,1.6647695971846848
7182,1.7954833440070015
7184,2.9948050056230646
7185,1.900656840324098
7186,2.1612284366921455
7187,1.8974091982047312
7188,1.9331848085289831
7189,1.5682789040244305
719,2.319585893371181
7190,0.1532859758466703
72,1.068422356729327
720,1.3871444801710142
7200,3.114778284523348
7201,0.0097266548872287
7203,2.8133258115771445
7204,1.9924858563694616
7205,2.462324035317031
721,1.6732195781218162
7216,1.5238547293205704
722,1.3029211458108385
7220,1.5194557881648108
7222,0.1646353512832717
7223,0.2621304026705514
7224,0.0062213260747212
7225,0.9971313251666464
7226,1.5688895246609396
7227,2.3247386838648305
723778,0.0
723779,0.0
723809,1.635312964124935
723961,0.0
723972,0.0960960359655527
724,0.0
724022,0.0
724023,0.0
724024,0.0
724025,0.0
724026,0.0
724027,0.0
724028,0.0
724029,0.3096395937509883
724030,0.0
724031,0.5642410569029761
724032,0.0
724033,0.0
724067,0.0
724068,0.0
724102,0.8903272300182966
7247,2.48471078123616
7248,1.712258941439331
7249,2.1011798591909407
725,0.3096395937509883
7251,2.3918563193494693
7252,0.0664261626900539
7253,0.0738956344925407
7257,2.0199011742081363
7258,0.0
7259,2.254856274015863
726,1.496235856733524
7260,1.7727880454734646
7262,1.7593159974562198
7263,2.311546440240541
7264,2.358167665317432
7265,2.475038737650762
7266,1.816232517076244
7267,2.4152225792825424
7268,0.4467885501897481
727,1.405482462402044
7270,1.9459438972209024
7272,1.3383224705475043
7273,0.200050937148015
7274,0.4781712195300542
7275,1.3453509507486816
7276,0.6773707320783453
727676,0.0
727677,0.2178304945613746
727684,0.1211462231579099
727699,0.0
7277,1.8907913846981697
727701,0.1231249267976725
727704,0.0
727708,0.0
727792,0.0973945447953161
7278,0.0236049920866109
727800,2.145148035825929
727810,0.0735142061810224
727821,0.0729417365234151
727826,1.5181402271621214
727828,0.0
727830,0.0
727832,0.0
727835,0.1197041703191302
727837,0.0
727838,0.0
727842,0.0278454019696254
727851,0.4782850015747643
727857,0.0262325134658017
727859,0.0189362275154237
727865,0.3716606692608364
727866,0.0320646470462866
727897,1.75555770825776
727905,0.0
727909,0.06565627325421
727910,1.7927063415359343
727914,0.0
727915,0.0
727919,0.3903255331569754
727924,0.0
727930,0.0154687933557568
727936,2.1233360974416833
727940,0.0
727944,0.0
727951,0.0453866897349848
727956,0.8333526569948662
727957,1.8678989366440264
727964,0.0
727969,0.0
727970,0.1685534795001399
727982,0.0
727984,0.2289422589237593
727993,0.0
727997,0.1641228937636206
728,2.211733283896119
7280,2.4270562604204553
728002,0.2086667292854055
728010,0.1765016753129527
728012,0.0
728022,0.0
728036,0.0
728040,0.0590834488965626
728042,0.0
728047,0.0654636900743731
728049,0.0
728056,0.0
728062,0.0
728064,0.0
728072,0.0
728075,0.0
728081,0.0
728082,0.0
728084,0.1946393048600189
728088,0.254382888076708
728090,0.0
728096,0.0
728106,0.1466790060376274
728111,0.0
728113,0.4340948411158832
728116,0.0252228938178094
728118,0.3174244923435959
728121,0.0786488237171767
728128,0.2660509983970706
728130,0.3833799530107722
728132,0.0
728134,0.1428293269526154
728137,0.0
728138,0.5088128186616873
728139,0.7886366801659853
728158,0.0706479226552025
728167,0.0975798800301689
728169,0.0
728175,0.2325596973617025
728178,0.2931055006210052
728179,0.0
728190,0.9085178078510132
728192,0.1126377675040334
728194,0.0
728196,0.031262604438497
728207,0.2128597176451206
728215,0.5827872864078509
728224,0.0
728226,0.0
728228,0.1082589144778865
728229,0.2428496632083635
728231,0.0
728239,0.0442022240997431
728244,1.0851610138037504
728248,0.0
728255,0.0
728269,0.0
728276,0.1644645680444395
728279,0.0
728294,1.9181838831526952
728299,0.1075268419004856
7283,2.228952291160025
728300,0.1998874825803323
728307,0.0
728310,0.059277505632032
728311,0.0
728315,0.2704010462861587
728317,0.0
728318,0.0
728327,0.0191397532419228
728339,0.5862235854783087
728340,0.5546811251955661
728343,0.0
728358,0.0
728361,0.0923747627007558
728365,0.0
728369,0.0
728373,0.0
728378,0.0
728379,0.0
728386,0.0
728392,1.4685535678276431
728393,0.0
728395,0.0
7284,2.958322734053658
728400,0.0
728403,0.0
728405,0.0
728410,0.0
728419,0.0
728428,0.281982980067927
728430,0.1654887289915786
728431,1.3577575804357276
728432,0.0
728447,0.0
728450,0.0
728458,0.0
728464,0.5033365203116907
728481,0.1195237358855934
728484,0.0
728485,0.112455778548313
728486,0.6659353890920489
728488,0.4253476196679362
728489,0.2253083066279462
728492,0.4678580092881662
728498,0.328054533004933
728501,0.7016753866758345
728506,0.0
728509,0.0873244225138922
728517,0.0
728523,0.1710986205592281
728524,0.0
728532,0.4233897967566067
728535,0.3453613327611243
728537,0.7217677300293278
728538,0.0752292615879394
728553,1.718906808660986
728558,0.1660003253041142
728562,0.0406387916047836
728564,0.2200652649665873
728567,0.1984148928985513
728568,1.315910669739503
728577,0.178182758872508
728586,0.2179903285816389
728587,0.0
728588,0.0731326033913595
728590,0.5216825633504433
728591,0.0934928992017695
728597,0.0962816618610842
7286,2.1150352760473705
728606,0.0544125563488178
728611,0.458684727480093
728614,0.0
728620,0.0
728621,0.5519113667910065
728633,0.0491265280900879
728635,0.0756099064785592
728637,0.0
728638,1.2190397805686954
728642,0.350505221488065
728643,0.1751542886325345
728655,0.090507846716347
728656,0.0
728658,2.383155516337492
728660,0.0
728661,2.0302278652237553
728673,0.4711969736957428
728689,0.2549932931012345
728693,0.0
728695,0.6200684376636297
728698,0.2991848339044601
7287,0.2375654303383231
728700,0.0453866897349848
728706,0.1354292185439032
728712,0.0
728723,0.2202246523198821
728730,0.7325446417895424
728734,0.0886367224100169
728737,0.1146369993408919
728741,1.241408390258065
728743,1.2120868169489345
728746,0.0
728752,0.814393760668445
728753,0.0
728763,0.0532407567944813
728769,1.2218108170561153
728774,0.0
728780,0.1998874825803323
728782,1.0611402219967616
728791,0.3534675508105442
7288,0.2499432911113673
728819,0.9996356506675996
728833,0.5310545560348755
728841,1.440071909504115
728843,0.0475538868142473
728858,0.0729417365234151
728877,0.7387717559240736
728888,0.330135385465491
7289,2.025288522087455
728911,0.0
728927,1.257911441805198
728929,0.0
728933,0.0
728945,0.0
728957,0.0
728962,0.0959103684817372
728975,0.939663548337633
728978,0.7979577067831822
728979,0.392498969506788
728990,0.0162859366995967
728992,0.6679416750088943
729,1.967254860966578
7290,1.4346625527703225
729004,0.3230374741364185
729013,1.7480745013472452
729020,0.0
729025,0.1162691351325153
729032,0.0
729046,1.0295470097028312
729050,0.0555827213422205
729056,0.0
729059,0.1038567167187382
729075,0.0
729079,0.0
729082,2.133956392006498
729083,0.1485970601752414
729085,1.4534814320150011
729092,0.1084418312612436
729096,0.4105375928620247
729097,0.1685534795001399
7291,2.0351447566237897
729121,0.0
729131,0.2023358143890825
729141,0.0
729146,0.170251127831315
729150,0.0886367224100169
729171,0.0
729178,0.1627547573177827
7292,1.7689390792558253
729201,0.0
729203,0.095353116336939
729208,0.3144612982709531
729211,0.0807316672117631
729212,1.554919273925562
729215,0.0
729224,0.6157617075127776
729230,1.610707105802517
729233,0.0
729236,0.95883067318376
729238,0.3207971677744509
729240,0.0
729241,0.1398421038439008
729246,0.0
729249,0.1872006591820415
729250,0.0
729254,0.0
729257,0.0
729259,0.1683835190067455
729262,0.1386088924011609
729264,0.0123974780415539
729274,0.4738343859925213
729277,0.0
729279,0.8060149478453087
729293,0.0
7293,1.7514310058436142
729301,0.5635335455285408
729305,0.1281402344712371
729313,0.0702650067990862
729330,0.0
729332,0.0
729340,1.1545433925113908
729348,0.0213753154909553
729349,0.3258287531326413
729355,0.0
729359,3.1386481333240277
729362,2.169716093764564
729374,0.5948870566784894
729384,0.0
729389,1.0033727947517377
729391,0.0
729396,0.0
729399,0.2400565135573705
7294,0.4724595249391337
729402,1.4495031565658545
729420,0.0888240246898696
729422,0.0
729428,0.0
729431,0.0
729438,1.5598476311038292
729440,1.7730274618678905
729442,0.0
729447,0.0
729449,0.3268033218138417
729450,0.0
729458,0.0
729461,0.0
729467,0.0867613730983522
729475,0.0658488120877697
729480,0.6944243901250087
729484,0.1396660445520418
729490,0.0
7295,2.954002751653529
729501,0.0
729506,0.0
729515,1.6105757922914838
729528,0.0436093653522559
729532,0.0491265280900879
729533,0.4799896185823755
729536,0.092934019355804
729540,0.002701491548138
729558,0.0
729561,0.3989819899680454
729565,0.5936282201541268
729568,0.0
729582,0.1454560752901778
729595,0.4840646055302309
729597,0.0981356370534185
7296,2.252474286783514
729608,0.0
729614,1.127954139121217
729617,0.0
729621,0.1075268419004856
729627,0.0
729646,0.988389837714176
729650,0.0
729652,0.1243816268565123
729654,0.0288518968796068
729658,0.0
729662,0.5843602374019601
729665,0.0223895328412295
729674,0.3907095352383978
729677,0.2162303931243751
729678,0.994406562054002
729679,0.1825372844358325
729682,0.0284494427319338
7297,2.401918335372162
729707,0.0
729723,0.6611138677878833
729732,0.1164502841304022
729739,0.1018311809447803
729747,0.2938317217009022
729759,0.0
729764,0.0
729767,0.0
729779,0.4439334324094268
729780,0.1347209445133961
729786,0.0
729789,0.394029403740415
729799,0.380661596988309
7298,1.571163410074648
729817,0.0
729828,0.0
729830,1.0171337622967689
729838,0.1016467951358945
729842,0.3677137325999314
729852,1.7720918379203332
729857,0.0051875911285856
729867,0.4496327215574479
729873,0.0
729877,0.0
729894,0.0
7299,0.0544125563488178
729909,0.1075268419004856
729911,0.0033236975274522
729920,0.5527331546974233
729950,0.0643072587180317
729952,0.0588893471988714
729955,0.0
729956,0.0294552189612712
729960,0.0
729962,0.0
729966,0.0
729967,2.0957809095501765
729970,1.488617990939726
729974,0.0
729978,0.6027759682762119
729987,0.0
729991,1.2862177863442243
729993,0.5345378935351073
729998,2.0415340493045298
730,2.3636876494139925
730005,0.1198845651997117
730016,0.0
730029,0.3355194528853651
730051,1.5384637396824237
730058,0.0
730066,0.1410734588900477
730070,0.2890261264122564
730087,0.5800261844811762
730091,0.821421459268692
730094,1.6670529787953268
730098,0.1117274208851172
7301,1.4981323079240247
730100,0.0
730109,0.0
730112,1.2173990337272071
730130,0.0
730159,0.0
730174,0.0903209239347336
730180,0.0
730183,0.6402151134945657
730187,0.6618172839628073
730190,0.0
730196,0.0
730213,0.0778901327798074
730227,0.1468535609837009
730249,0.0
730255,0.0635354152782802
730262,0.0
730268,0.0
730291,0.0
730338,0.0382547653609949
7305,3.007704663420645
7306,0.1987423683833813
730668,0.0590834488965626
7307,0.3836383362629247
730747,0.3327630941206541
730755,0.0
730811,0.0
730861,0.0897599029245919
730993,0.0
731,0.2039638965631334
7310,0.0
7311,2.9215383484535646
731157,0.1491193842892281
731220,0.946118951808649
7314,2.957437031419508
731424,0.0652710625303166
7316,3.074226272064701
731605,0.0138321417599086
731642,0.1308144574602704
731656,0.4575153821884988
731688,0.3951751970760664
7317,2.7933512566400354
731755,0.0
731779,0.0416301479021601
7318,2.304004832785137
7319,2.332591152398387
732,0.377933461666197
7320,2.451112123353004
7321,1.9628040401167428
732199,0.076750799447613
7322,2.4915879573051973
732229,0.0
732253,0.0
732275,0.0
7323,2.4520511673144334
7324,1.962201953378787
7325,2.0686386660376175
7326,2.2566348851084532
7327,2.3946751291358304
7328,2.634442714665131
7329,2.1821290089096865
733,0.534748464384304
7332,2.4092583055805417
7334,2.235705686072615
7335,0.6593521762054866
7336,2.0279445860557477
7337,1.722417653650272
734,2.003135176849362
7341,2.6949706398481377
7342,2.160452294535389
7343,2.5657325013014667
7345,2.174405133516489
7347,0.7659078623348287
7348,0.0
7349,1.5764033122932586
735,0.0696903035798559
7350,0.2336573991124095
7351,2.7125701395827218
7352,0.7770369882360955
7353,1.5774090778570775
7355,2.1467976685339782
7356,0.0
7357,2.9832525642529903
7358,2.3782899815846164
7360,2.532463383054555
7363,0.3956838807709969
7364,0.1741422744221952
7365,0.1563969960933261
7366,0.6279572993673782
7367,0.4473819861471035
7368,0.3526607791358305
7369,0.0211723261778742
7371,1.8735827315309104
7372,1.7541666665766875
7373,2.5205371833585404
7374,2.454261002855909
7375,2.1947316603514837
7376,2.334565946699333
7378,1.765043662943995
7379,0.2007044229568114
738,2.3117934983738193
7380,0.9837042355361186
7381,2.061537928997175
7384,2.6675971667107565
7385,2.6735639494865646
7386,2.3292387031286137
7388,2.8030507911609797
7389,2.3695545704328635
7390,1.757228160083511
7391,2.5655258059754034
7392,2.5597022689967406
7398,2.293301244355273
7399,0.0225922306114602
740,2.3956949673790544
7401,0.0526542428027862
7402,2.206420303735487
7403,1.3909475712796353
7404,0.0
7405,1.91756580729257
7407,2.303220311054172
7408,2.539770666597902
7409,2.0071715115743136
741,1.8635881867445496
7410,2.267812554698575
7411,2.523119242775961
7412,2.118515686095872
7414,2.3946709934211743
7415,2.6810660395550245
7416,2.7034351248389705
7417,2.3637150428564992
7419,2.4739478862771014
7421,2.058370612095928
7422,1.9378300454542936
7423,2.878549384912064
7424,1.9088764263362572
7425,0.2554507873990374
7428,2.2554841623047275
7429,0.1629259004538207
7430,2.9046685133731853
7431,3.094894023800046
7432,0.5573381956613488
7433,1.139272892076373
7434,0.3616217619129963
7436,1.3582246781258178
7439,0.8196196076888945
744,0.5239301359011763
7441,0.0
7442,1.5153377338496654
7443,1.834754619696471
7444,1.633863836352106
7447,0.8021769809318442
7448,1.4634686679730695
745,0.266652437449185
7450,2.8806837276634623
7451,0.8674875088057612
7453,2.282958594866681
7454,2.2048527601818413
7455,0.0162859366995967
7456,2.284026891168421
7458,2.6370961028791458
746,2.1887878438183135
7461,1.7434973299178098
7462,1.8658679491520984
7464,2.1787093074591115
7465,1.6138638008828765
7466,2.3758175930706464
7468,1.8885611216676232
7469,2.086918999157954
747,1.1716282123249622
7471,0.2677038505933879
7472,1.8930008647943
7473,1.6316736683715416
7474,1.4529801828864377
7475,0.6546617901776041
7476,0.0080788886488122
7477,0.8660041420459326
7478,0.0358639763576893
7479,0.3536019300948766
7480,0.6010518166624562
7481,1.4708017372668392
7482,0.5990349496949721
7483,1.5892959138697955
7484,0.6010518166624562
7485,1.4449603768275772
7486,1.5405257752292008
7490,0.2430045500309304
7494,3.174960503578905
7498,1.153503319724338
7499,1.7340087574386038
750,0.6266640811463199
7503,1.9093523118551148
7504,0.1770063673650971
7507,2.121067718265553
7508,1.984069866115853
751071,0.7504380958537519
7511,2.0088910935431006
7512,0.7355471904111105
7514,1.9158510576522003
7515,2.179942999699846
751580,0.7582103102136118
7516,1.080998285079533
7517,1.6127213741402306
7518,1.656796908598746
752,2.028705207274986
7520,2.757511393087551
752014,0.0
7525,2.1444192328250775
7528,2.317308431882674
7529,2.698675235518712
753,1.5377169271902105
7531,2.953840620559281
7532,2.8821609638805774
7533,2.8075866441702653
7534,2.859096585763112
7535,1.7472403720701386
7536,2.7076168249456543
7538,2.8182540358497845
7539,0.6703762230879322
754,2.9832150740707544
7541,1.7082162707759705
7542,1.1061490428989278
7543,2.0252154894373993
7544,0.0
7545,0.0416301479021601
7546,0.0217811482126814
7547,0.0078726930921942
7549,1.2923523072014214
755,1.2352185203953168
7551,1.990090486705034
7552,1.1947598065760354
7553,1.4258123588812128
7554,1.374951994210741
7555,2.910221703273081
7556,1.0106250021505954
7559,1.9673185824119703
7561,1.7357516549726164
7562,1.343320133049129
7564,1.3645303991189277
7565,1.267773410448075
7566,1.719203678799032
7567,0.4931512320435224
7568,0.3203763866263268
7569,1.725252066819967
757,2.2119035410087164
7570,2.128501861623073
7571,0.1873667107284053
7572,2.321967118198769
7574,0.9333722397073928
7576,1.6582341211858158
7577,0.5875934432407934
7579,0.973408585292776
758,0.4172383624861543
7580,2.299034768517077
7581,2.1148443781138364
7582,1.6573160167289644
7584,1.4953999147347856
7586,2.21896116325889
7587,1.5465837985343798
7589,1.558675354330502
759,0.6129386166279143
7592,1.5964245130963512
7593,1.7022765348103173
7594,1.619888017246803
7596,1.7128091414885664
7597,1.2620095112975036
760,1.8804764726426824
761,1.225554395872724
7617,0.3158737571340648
762,1.2739597775584497
7620,1.3573450864302774
7621,1.1309610981833018
7625,1.40708325611365
7626,1.7937389940326869
7627,1.9442278202268812
7629,2.0150555253189637
763,0.0
7633,1.5830506847625254
7634,0.235379301880427
7637,1.9092949074011785
7638,0.5440569859799346
7639,1.3719117255793478
764,0.0
7643,0.5792353174241102
7644,1.657804917014904
765,0.0270393423001977
7652,0.1394899473602603
766,0.2257832415899689
767,0.4305839807828567
7673,1.136515696058808
7675,1.8295431400906543
767557,0.0505001786277436
767561,0.0
767562,0.0
767563,0.394029403740415
767564,0.0
767565,0.0
767566,0.0
767567,0.0
767568,0.0
767569,0.0
767577,0.0
767578,0.0
767579,0.0
767581,0.0
767582,0.0
767583,0.0
767585,0.0
767588,0.0
767589,0.0
767590,0.0
767591,0.0
767592,0.0
767593,0.0
767594,0.0
767595,0.0
767596,0.0
767597,0.0
767598,0.0
767599,0.0
767600,0.0
767603,0.0
767604,0.0
767605,0.0
767606,0.0
767608,0.0
767609,0.0
767610,0.0
767611,0.0
767612,0.0
7678,1.1583275220438085
768,0.218150130624384
768097,0.0278454019696254
7681,0.2975972060215257
768206,0.5196430080689317
768211,2.279460332219894
768212,0.0
768213,0.0
768214,0.0
768215,0.0
768216,0.6254610829816507
768217,0.2625837765818147
768218,0.2765103030942561
768219,0.0
768220,1.037860718331641
768222,0.0
768239,0.0078726930921942
7686,0.0181216355189445
7690,1.6972877941223938
7691,1.1635045061011602
7692,1.7260531004965527
7693,1.8404360418737225
7694,1.3873262210458372
7695,1.4941852515643264
7697,1.8588973931107504
7699,1.6230147070441925
770,2.0199320370058818
7700,1.2653574281342468
7701,1.635266289622784
7702,1.7327595549301984
7703,2.104324112480493
7704,1.9120573640578713
7705,2.4557512168414215
7706,2.1651582603369226
7707,1.867207894143209
7709,1.9784011955669576
771,2.6114927323107695
7710,1.042629061570946
7711,0.9233132151319215
7712,0.1086247075317278
7716,2.6243359107270945
7718,1.0567084385635943
7726,2.3842308202339524
7727,1.8207166471412113
7728,1.0979151306753157
773,0.1354292185439032
7730,0.0260306859239784
7732,0.8332167602734721
7733,1.5350842421083808
7737,2.282089702760391
7738,1.5326113761897082
7739,2.0992711787139307
774,0.4300984242518497
7741,1.8116478842847563
7743,1.9958144560663345
7745,1.9178789784732904
7746,1.841270434100457
7748,1.4271342487928151
775,1.010982776550448
7750,2.144928674324331
7752,1.2379782171967173
7753,1.4134117908017385
7755,2.03340375263562
7756,2.036995728380828
7757,0.3287487745066965
776,0.5823935018245948
7760,1.9097375287206215
7761,0.9603874554643476
7762,0.4723448370640282
7763,2.493608732078072
7764,2.571080353782619
7766,0.4206893926412255
7767,1.43146012698318
7768,0.9651444682138276
7769,1.5587670428891909
777,0.0215782561623971
7770,1.3847237932748375
7771,1.2656845435392947
7772,1.0209149723021744
7773,1.0012994578585688
7775,1.5917127232301325
7776,1.463914851277873
7779,2.0950959604752795
778,0.9596095573764736
7780,0.1951327793248736
7781,0.0432138940104846
7782,1.3313719547953695
7783,0.0610219959658159
7784,1.5826673841963863
7786,1.702102202593544
7789,1.120112464682486
779,0.0060146795562324
7791,2.7753858520728247
7798,1.860121429367956
7799,1.841590162111663
780,2.7284892921718917
7802,2.069044816012773
7803,0.0756099064785592
7804,0.4794218528220889
7805,2.8524769384348723
780529,0.0
780776,0.4876678838918387
780815,0.0
780816,0.0725598717535938
780854,0.0
7809,0.0148554188895284
781,1.7093128964667708
7812,2.965324371664425
7813,1.671671475441424
7818,2.483607199795684
782,1.329750383030831
7827,0.0
783,0.3939019859550799
7832,2.8572997235501485
7837,2.52928546503618
784,1.81611928183076
7840,1.3051436941492105
7841,2.397437845327527
7844,1.7965847547492206
7846,2.8853839447199503
7849,0.781613170483608
785,0.1608697997347039
7850,0.3626847374461915
7851,1.0505719091922892
7852,2.791923393043181
7855,1.2948051440993238
7857,1.5226302277770147
786,0.9974449333089984
7862,1.9006652199481384
7866,2.150368075970423
7867,2.2827621202174537
7869,2.3116028504968127
7871,1.6821733310467049
7873,2.4872196279661427
7874,2.467743958931463
7879,2.6606878997816548
788,2.3375959919348905
7881,1.1219348557062638
7884,2.450878194644324
78986,0.2254666497348655
78987,0.9835438610408552
78988,2.3505763588796267
78989,1.0076009992350567
78990,0.7800667305305317
78991,1.635981442555541
78992,2.282905822126923
78994,2.450302921141443
78995,1.4841438497214718
78996,1.608469695694806
78997,0.0619895891189751
78998,0.8283738083072298
78999,2.00722895621967
790,2.0917535318790335
79000,0.6659353890920489
79001,1.9923399005002256
79002,2.829562006681444
79003,2.0077774353355675
79004,2.674886143811254
79005,2.129355625200527
79006,2.348628908939129
79007,2.1714503117216153
79008,0.0146508621545966
79009,2.371295337100416
79012,0.0199533676763937
79015,0.4109114319638679
79016,2.0676240488419735
79017,2.228838587235894
79018,1.6857359147393982
79019,1.1936424319839984
79020,0.1808652430448176
79022,2.5287125290440957
79023,1.6967450971548663
79024,0.0308612972995617
79025,0.5385282402559196
79026,3.014726602200654
79027,1.9979848799058233
79029,1.645177949858153
7903,1.6403875136498094
79031,2.159265899875054
79033,2.3608441162975984
79034,2.235191988416569
79035,2.32281925138402
79036,2.0326167669974984
79037,0.1197041703191302
79038,1.7965631859757183
79039,2.349291328566823
79041,1.0914391891890434
79042,2.236370306697397
79047,1.9411895285875096
79048,2.028355270693813
7905,2.7141351844213393
79050,2.1939045771378853
79053,2.1131840832518307
79054,0.036063467897197
79055,0.1921673828594753
79056,1.7032408271096433
79057,0.3124795204068381
79058,1.7695714880852946
79064,1.904385220714062
79065,1.956478984575573
79066,1.8642212007874404
79068,1.540106451078953
79070,1.790206723973307
79071,1.7323715753189957
79072,1.6031622093263591
79073,2.863551557469915
79074,1.8872118385511545
79075,1.3993581864209543
79077,2.6393040941078927
79078,0.743852221625174
79080,1.7420669614005724
79081,0.7170030541004815
79083,2.8113105792696955
79084,1.9173488522778324
79085,2.098827367172789
79086,1.9214588865078808
79087,1.344054394321142
79088,1.5788873476945695
79089,2.3446082387463187
79090,2.443476726412046
79091,1.45450514474741
79092,0.9069462253493342
79094,0.7246585133470403
79095,2.4520957291085246
790952,0.0
790955,1.4450993475320606
79096,1.7791495456923738
79097,0.0
79098,0.977742072430626
79100,0.1714373696317186
79101,1.7574527629769223
79102,2.1529559478427576
79109,2.1710919311466292
791091,0.0
791114,0.0
791115,0.0
7913,2.3935253508522045
79132,2.0828390779008186
79133,1.243319930267678
79134,2.176565861037096
79135,1.743509535018374
79137,2.543990425657373
79139,2.210262659205542
79140,1.3790043807598271
79142,2.361768776194269
79143,2.4697606241563332
79144,3.135455954912936
79145,1.8307477722017975
79147,1.6631043273947814
79148,2.1416307427614876
79149,0.5539640690764492
7915,1.3878969876836174
79150,0.0
79152,0.6423878742333502
79153,1.754928133121055
79154,1.5159997858622662
79155,2.4042407709329776
79156,1.9905840892775457
79157,1.728712680866646
79158,2.0479020829219796
79159,1.0348241636956002
7916,2.6267872882758785
79160,1.4572021872582974
79161,1.7503631160226223
79165,2.0420000067909783
79166,0.0168982779780871
79168,1.4766386219279166
79169,1.867025846535142
7917,2.6532123057274983
79170,1.97981590100738
79171,2.6125478658442156
79172,1.2121950050956485
79173,1.0623133051721811
79174,1.973436461844804
79175,1.6216864536564646
79176,1.8626598333192317
79177,1.591490419292512
79178,1.2325491259231849
7918,1.9491831973498353
79180,2.5968616345874445
79183,1.5682968747320876
79184,2.240939859350176
79187,0.3850578708962719
79188,2.6118088112660662
7919,2.4762663162139056
79190,1.0399576585734671
79191,2.4865425042155493
79192,1.8687520338966264
7920,0.5366408347886468
7922,2.8326974226238884
79228,2.38008713901448
7923,2.2095195041633735
79230,1.256882070002394
79231,0.0
79232,0.1389614282421753
79258,0.5780473597224134
79269,1.9307133514526724
79273,0.2290998812908406
79274,0.0
79283,0.0
79290,0.1139105667826226
79291,0.0
79294,0.0
79295,0.0
79296,0.0
79297,0.0
79299,0.0
793,0.0639214260144302
79300,0.0
79301,0.0
79302,0.0
79306,0.0
79308,0.0
79309,0.0
79310,0.0
79312,0.0
79313,0.0384536920503017
79314,0.0
79317,0.0
7932,0.152246322955713
79321,0.0
79322,0.0
79323,0.0386525717956126
79324,0.0
79331,0.0
79334,0.0
79339,0.0
79342,0.0
79345,0.0
79346,0.0
7936,2.5080239790008143
79363,1.3912052621560138
79364,1.8919490156694931
79365,2.316097447073181
79366,1.395285205072092
79368,0.1080759571659009
79369,0.1465044137579888
79370,0.1732979617607553
794,2.481299040574153
7940,2.1047563478829714
79400,0.1465044137579888
7941,2.123983576243399
79411,1.8597045543045267
79412,0.6908960275421171
79413,0.2654490992728575
79414,1.7947583065583133
79415,2.332865388353986
7942,1.776421846641849
79441,1.4051566845845629
79442,0.3605573035957628
79443,2.1972426747488876
79444,0.8583391047614125
79446,1.4933457899225204
79447,1.9568500460884288
79465,0.4993679056014837
79470,0.0
79473,0.0
79476,0.0
79482,0.0
79488,0.0
79490,0.0
79492,0.0
79494,0.0
79498,0.0
795,1.2554509940122558
79501,0.0
79504,0.0
79508,0.0
79512,0.0
79513,0.0
79514,0.0
79518,0.0
79521,0.0
79523,0.0
79525,0.0
79526,0.0
79529,0.0
79530,0.0
79532,0.0
79533,0.0
79534,0.0
79537,0.0346660352741282
79538,0.0
79541,0.0
79544,0.0465694896604753
79546,0.0
79549,0.0086971754034013
7955,0.0691152046135907
79550,0.0
79567,2.1639252875203017
79568,1.9976839849442365
7957,0.6370342530231459
79570,2.6604773638321175
79571,1.9887197548659472
79572,2.024850114122472
79573,1.862797840672597
79574,0.1615557448577286
79575,1.9351186387420816
79576,1.6706220456095149
79577,1.805251991024204
79581,2.153178968969476
79582,1.7411107608280787
79583,1.0785866705137763
79585,1.3736474065332431
79586,2.696487058409405
79587,1.7692151541192396
79589,0.6151040040973638
79590,2.670813428042589
79591,2.0515284452627243
79594,2.3202037715794415
79595,2.080291454629192
79596,1.6264217734369235
79598,1.2640141839166426
796,0.0168982779780871
79600,1.9058437704674147
79602,2.6017819042526535
79603,2.568304665341277
79605,0.7879814055720077
79607,1.7535827605501757
79608,0.5095762178862586
79609,1.7574291260717028
79611,1.4090274314874016
79612,1.6384293532553085
79613,1.3661828238966625
79616,0.4172383624861543
79618,1.5754484938780309
79621,1.1410354476867046
79622,2.3211518532459596
79623,0.9997397728826504
79624,2.900911380462522
79625,0.6153859526953365
79626,1.990057112303972
79627,2.0636253812578405
79628,0.1091730934233686
79629,2.348992573370136
79630,2.1050850908424086
79631,1.9564280270647283
79632,0.761979380254185
79633,1.1864755703290957
79634,1.9173649270687367
79635,1.360143607862929
79637,1.975292701598381
79639,1.4194429876471728
79641,1.8796564267370175
79642,0.7563484267158794
79643,2.1307649187370687
79644,1.6743628922131852
79645,0.4059115491293562
79646,2.0942025857470448
79647,2.428795419084662
79648,1.41318976943973
79649,1.5615641730924756
7965,1.9409775579104087
79650,1.78631350613364
79651,2.073980187196585
79652,2.6518538896913326
79654,2.3369833320148397
79656,1.2980786958042458
79657,1.903079639454866
79658,1.3875078975361137
79659,1.1468175782458174
79660,2.2387916690973055
79661,1.689104610384662
79663,1.460109430911963
79664,1.6766408238961814
79665,2.4490140491349344
79666,2.379989614178693
79668,1.599074097579148
79669,1.5374102053433991
79670,1.847379819077722
79671,1.8752011525127084
79672,2.3377421626109856
79673,1.9020037149561848
79674,0.1842058707502884
79675,1.6671980260862107
79676,0.3644089194923896
79677,1.7459922298532524
79679,1.361100419392194
79680,1.7402508385114852
79682,1.9748207948840657
79683,1.028902670590892
79684,1.556027091636531
79685,2.0350795402408868
79689,1.8290742839695335
79690,2.304820384213216
79691,1.6775629405193684
79692,1.0808166227786054
79693,1.9850111089245273
79694,1.619195677059084
79695,0.95883067318376
79696,0.4496327215574479
79697,1.95264598293584
79698,0.1021998293216098
79699,1.9165764993062773
797,0.0449920531388688
79701,1.9560857116712425
79703,1.6511823777736163
79705,1.3119361178790352
79706,2.1015168115838256
79707,1.6589584045438337
79709,2.640193460682403
79710,1.8241545476157164
79711,0.0846935889461878
79712,1.226574164286089
79713,0.6788296872446413
79714,2.001156012121178
79716,1.2522758934625855
79717,2.350374054667279
79718,2.350028650306906
79719,2.3618101157036793
79720,1.7624113887506718
79722,0.8720449213050708
79723,1.297832334563769
79724,2.65981507216795
79725,1.1205792074535197
79726,1.6899324860343892
79727,0.0270393423001977
79728,1.7350055514065978
79729,1.74966576754406
79730,0.7779251845647122
79731,1.5560455333901229
79733,0.8941682375957044
79734,1.8529857894337116
79735,2.245510673864662
79736,1.3374658191236712
79738,2.0610183711623047
79739,1.001351378102395
79740,0.0540221383132408
79741,0.6951780925306236
79742,2.12316821444701
79744,1.360143607862929
79745,1.6117890229592788
79746,2.251744141441628
79747,0.0140368959186701
79748,0.0089031710875008
7975,2.0824635404138667
79750,0.8103234354253271
79751,1.8444374169955136
79752,1.9421495376725084
79753,1.793988626909448
79754,2.716417978697503
79755,0.6826766658356413
79758,1.529463282234339
79759,1.5381766419373069
7976,0.9990626577910412
79760,0.5924642191312938
79762,2.4150909879496743
79763,2.149593638731707
79767,1.9572352861562137
79768,1.5775324447393877
79770,2.3025637182740297
79772,1.466871788678407
79774,2.0230056721963283
79776,1.0646057971301248
79777,1.833640537843657
79778,1.959170267870587
7978,1.33571963343737
79780,1.1295431104518294
79781,1.1335793044809264
79782,0.0884493778801894
79783,1.6557569040044344
79784,2.184485712422149
79785,1.9062406380020067
79786,1.8972402104730992
79788,0.8499192507950993
79789,1.548648609455069
7979,1.8995912063456133
79791,2.0197962218708185
79792,2.451179172340846
79794,1.933655653876936
79796,1.0167796307702088
79797,1.8805909709441444
79798,1.677846287685071
79799,0.0573349127789155
798,0.0
7980,1.1342423434198752
79800,1.059493975744894
79801,1.1998342062629015
79802,0.542808917107226
79803,2.1719302922000776
79804,0.3065036238862894
79805,0.4271784313218206
79807,1.4426152187595969
79809,1.5227290932635809
79810,1.072859268873364
79811,2.34459126833663
79812,2.4649871880578016
79813,1.7942489567382325
79814,0.6723695872190529
79815,1.833423289223664
79816,1.3442801135603164
79817,1.3490257805930768
79818,2.3447512392095096
79819,0.5775517892550538
7982,1.6102144879495444
79820,0.2636406352920438
79822,1.1400933624943306
79823,1.0706450017075124
79825,1.344956687022576
79827,2.319074466384831
79828,1.3162380603986648
79829,1.8299815914401305
79830,1.6700459756750592
79831,1.2323405746603042
79832,1.754154758008756
79833,1.6003009524123255
79834,1.6965957392014528
79836,0.6116172687297831
79837,2.3821087956379845
79838,0.3968271667745437
79839,0.9959800366176892
7984,1.392594555509982
79840,0.5704770855829259
79841,0.7295285867899959
79842,1.4589170411737142
79843,1.198763913461025
79844,1.0140915530279224
79845,1.8247701750876253
79846,0.9828484161547648
79847,1.306751525495705
79848,0.8466665224003275
79849,0.0729417365234151
79850,1.8310757042189565
79852,0.5807174697594641
79853,0.0610219959658159
79856,1.1997604589998332
79857,0.0693069482704467
79858,1.5474671303940246
79861,1.21316774807382
79862,1.5673434835804183
79863,1.3952085255733873
79864,1.2425356424503329
79865,0.1576036338499989
79866,1.0302401370187888
79867,1.916697278096115
79868,1.9115520679163296
79869,2.3101464822042583
79870,0.8621831279064538
79871,1.2903569163160211
79872,1.8660870157481777
79873,2.170639358976735
79874,2.1359242919058827
79875,2.2579460714281203
79876,1.9114378803632623
79877,2.2770158897774553
79879,1.137793067904131
7988,2.03292102491284
79882,1.4325061244189503
79883,1.894067016142111
79884,1.212627546374113
79885,2.1469591560459387
79886,1.8417257297482956
79887,2.246617593366688
79888,2.270900673787652
79890,1.879859387911604
79891,1.7239137488744334
79892,2.245175916565299
79893,2.0743965012295793
79894,2.227159614835544
79895,0.9331981790049212
79896,1.306387913859655
79897,0.8553259501636526
79898,1.3961279209298896
79899,1.633863836352106
799,0.3182690404455821
79901,2.7837860362839835
79902,2.279643975329566
79903,2.2753521731690376
79905,1.0628287231719205
79906,0.6701157914124977
79908,0.1128197163068454
7991,2.2334626785433036
79912,1.0832643150709678
79913,1.9113155003652216
79915,1.029745128163697
79917,0.4367472603462599
79918,1.2136714610019328
79919,0.9438415498520536
79921,2.9070540619166567
79922,1.8021769277198565
79923,0.0066344685557293
79924,1.064418988971436
79925,0.9470275672817888
79927,1.5434697268452533
79929,0.0878870906234544
7993,1.451404802510258
79930,1.7589746140127756
79931,0.2355356536201727
79932,2.282987909407949
79933,0.0551928477150357
79934,1.5207280705938848
79935,1.7261547143492022
79937,0.3695581838547297
79939,2.2125258890961006
7994,1.5762266402100134
79940,1.4645388335592044
79943,1.4249693474798997
79944,1.140666990858718
79946,0.0
79947,2.1378008041480085
79948,1.9602891885292235
79949,1.2923834262021163
79953,1.9023042629520743
79954,1.9511066420622316
79955,0.607543196822904
79956,2.2421447178873373
79957,2.1522473513854186
79958,2.024228163566945
79959,1.0012994578585688
79960,1.7047633424434634
79961,1.9918020387943436
79962,1.3166841760587766
79966,2.100355983036803
79968,1.5776733958326654
79969,1.8189410246371511
79971,2.273652921525551
79973,0.8476640074419796
79974,1.8206657285055905
79977,2.151761249371684
79979,1.721378899405433
79980,2.1196008649807476
79981,0.8312430367889719
79982,1.5710919585722478
79983,0.3679774993526651
79987,1.951998576294801
79989,1.4704497590317906
79990,2.3347635095249024
79991,1.7250229308621965
79993,1.3289667640970206
79998,0.8343709713489774
800,2.6974864834200334
8000,0.527022476519273
80000,1.1296683682234383
80003,1.3614007675724524
80004,1.792488620224752
80005,1.2169344596183254
80006,1.5565063445979277
80007,1.5982993464853783
80008,0.6753057206036287
8001,0.0837519842731955
80010,1.8821905660996736
80011,2.313944609514152
80012,1.7738473032713036
80013,1.9835678338262523
80014,1.616415875331619
80017,1.9766496940126157
80018,1.685248610716222
80019,2.3140752497905375
80020,1.581830003176583
80021,1.779980169320429
80022,2.1989692767004283
80023,2.40415655081022
80024,2.127032853310966
80025,1.8135167581971543
80028,0.9483313640595304
80031,1.0902783425166431
80032,0.0893856781967923
80034,0.4691262963598183
80036,0.0390501905320824
80039,0.363082971728615
80045,1.3684766218903357
80052,0.0302589788495971
80054,1.1246366013283553
80055,1.036099442385138
80059,0.0134224851965348
80060,0.0
80063,1.5020476782558665
80067,1.5231836136088046
80069,0.1543243036951329
80070,0.0516758077965697
80071,0.6328314099887317
80072,0.2557556363801945
80078,0.0318642078034075
80086,0.1016467951358945
80095,1.4944368091035662
80097,2.501700728890661
80099,0.0440046509270564
801,2.7013993087569848
80108,0.9767156513043166
80110,1.2925078840995343
80111,0.6204416846847329
80114,1.8260590398634884
80115,1.091260747890297
80117,0.0548027927666294
80119,1.2086861728921334
80122,0.0221867865316464
80124,1.7265736225171475
80125,0.0696903035798559
80127,1.3819769726449231
80128,1.2134196618564352
80129,1.7451419238837784
8013,0.6757364453404411
80131,0.4762342217943778
80133,0.0187326529005272
80135,2.286234435449481
80139,2.7193259770446483
80142,2.0228035804615603
80143,1.9839206815410249
80144,0.3121959952371886
80145,2.498520851766205
80146,1.9047586502140912
80148,2.421979228752877
80149,1.899767608482256
80150,0.954809323735823
80152,1.8474944069790655
80153,2.0423781705933517
80155,1.7733692532560918
80157,0.0888240246898696
80162,2.589702707137975
80164,1.9803981325678983
80167,1.341961859520297
80168,0.3652033827063985
80169,1.9489012869253768
80173,1.473105388563578
80174,1.328908671802505
80176,2.4024330286814313
80177,1.963176294872058
80178,1.6659345485016197
80179,1.7643231365750192
80183,0.8361998965972457
80184,1.1411582137719185
80185,1.3945434875495692
8019,2.071413222121655
80194,1.8019640260834724
80195,2.2582020075884506
80196,2.102851632028237
80198,1.920670556359586
80199,1.9141775205258704
802,0.0801641354811421
80201,0.135252207441062
80204,1.7682020101000708
80205,1.6207399382085024
80206,1.2197160599118797
80207,1.6703197008538275
80208,1.99263175676569
80209,1.9715922968352448
8021,1.906108392461824
80210,1.5098460660770083
80212,2.1100339632726066
80213,1.670909804221422
80216,1.4033485905029637
80217,0.613032903302933
80218,2.368303960688622
80219,2.184732653563823
8022,0.0
80221,2.495052592793693
80222,2.1887762252115244
80223,1.7404598331202292
80224,1.397860054021152
80227,1.5493785359805272
80228,1.8651002910586107
80230,2.2501755589064345
80231,1.598231915849989
80232,2.276983055467951
80233,2.355114429665095
80235,1.5566168727682852
80237,0.1343665777337765
80243,1.4489978873807965
80254,1.6519180085409348
80255,1.9923000847215184
80256,1.883486703531288
80258,0.3857022353430552
80262,1.7205821398198773
80263,1.4970286778934467
80264,1.337979977953302
80267,2.1211333984613883
8027,1.9223329809909555
80270,2.0992861292150673
80271,2.2535393092099967
80273,2.0275576502251216
80274,0.5752676948823711
80279,1.6176300581960397
8028,1.720852171916346
8029,0.5000308449591234
80298,1.7294569973475908
8030,2.149186271483856
80301,2.6068578807525635
80303,2.7573973871050343
80304,1.579343966508453
80305,2.2126632322173347
80306,1.8749690672747004
80307,0.8703797944520147
80308,2.2273223475126636
80309,0.0975798800301689
8031,2.8981660244818417
80310,2.123088909060078
80311,1.2089401327491556
80312,0.6088722393728827
80313,1.2736698601539944
80314,1.5982656323884434
80315,1.871282665985868
80316,0.0
80317,1.2763697097892124
80318,1.3029821613847914
80319,0.9433279760295248
80320,1.2898569038711007
80321,1.6961065800705264
80323,0.835929271752599
80324,1.764973987334026
80325,2.2542304024138025
80326,0.8574889989747664
80328,0.3849289321797631
80329,0.2096362928752736
80331,2.4428677228592552
80332,1.5352576367252058
80333,0.0581124904196997
80335,2.5605677462731693
80336,1.9873777310507272
80339,0.4585678761823063
8034,1.7187518402705415
80341,1.387585739189542
80342,1.443289707446394
80343,0.0972091680864421
80344,2.229657781845889
80345,1.678836594837561
80346,2.3668020723148384
80347,2.3910895632071107
80349,1.8881118603627065
80351,2.313816584342117
80352,1.243081353134755
8036,2.3578608713464506
8038,2.3081247806474865
80380,1.4669604460773904
80381,2.5961783424093645
8045,2.2453499006392965
8048,0.0219839916622789
805,2.780849745175978
8050,2.057723846210937
8061,0.8609477455690123
8065,1.8317704633937024
80700,2.4657004711045403
80704,1.6909239115219197
80705,0.8524304679063458
80709,2.0142919851037373
80712,0.0
80713,0.0
80714,1.32757077649687
80723,1.2439669720030684
80724,1.8656579001988949
80725,1.340940835463772
80726,0.7397909429129466
80727,2.534894839365844
80728,1.8039080833711272
8073,2.641171852958333
80731,0.9491236331993234
80736,2.5256891547995424
80737,1.0482722128126816
80739,0.4948216133337345
8074,0.0
80740,0.5891557501154158
80741,1.001039789702444
80742,1.79198743672587
80745,1.6728903361354692
80746,1.3512572878686069
80755,0.6695077327714577
80757,1.9184564950273335
80758,1.0096528270902956
80759,0.8589922639632372
8076,2.601317196391639
80760,2.311632394817475
80762,2.560346596445264
80763,0.1557066847631222
80764,2.015480439322141
80765,0.3465827451363191
80772,2.124834234213025
80774,2.0351151142170822
80775,1.677718803617949
80776,1.5319523737005103
80777,2.0159672553939303
80778,1.4532536540656795
8078,2.4371454455191897
80781,2.7326535139438537
80789,2.126104135975982
8079,2.6253091705219735
80790,1.8985985535105656
808,2.7261250708058222
80816,0.114818507485862
80817,1.4651620306935995
80818,2.0359560495922815
8082,1.9060753242606991
80820,1.8965296868017043
80821,1.2385972373064769
80823,0.0130126308322217
80824,2.006577409268569
80829,2.2595007811140344
80830,2.155993198159711
80831,0.2403673497812929
80832,1.748738239262971
80833,2.217973500573189
80834,0.0
80835,0.0994309548859968
8085,1.8783834041049725
80851,2.2273154243052353
80852,0.3766308945443049
80853,1.6273566804502937
80854,2.142184002866522
80856,1.8125210603558533
8086,2.1346662679008386
80862,0.5549882149294902
80863,1.2581436107328987
80864,0.9257845343900692
8087,2.174969741208487
8089,2.283746249845908
80895,1.887107860973659
80896,2.0351566129314924
8091,0.0308612972995617
8092,0.0782695646180464
80975,0.5911037860059626
8099,2.440481719742844
81,2.8839420263070967
810,0.1302803097110695
8100,1.669397014352192
81025,0.0294552189612712
81027,0.1410734588900477
81029,1.3493890509895834
81030,0.9253145621535062
81031,2.443635395437642
81033,0.0422244019181622
81034,0.0942374869521354
81035,1.9268396957542109
81037,2.421014387533724
81047,0.0
81050,0.0
8106,1.8747457835973504
81061,0.0
81075,0.0
81076,0.0
81077,0.0
81078,0.0376577034343075
81079,0.0
81090,0.0
81099,0.0
811,3.1418761993702686
8110,0.2687538599435117
81104,0.0
81109,0.0
8111,2.212084572755671
81110,0.0
81111,0.0
81113,0.0
81114,0.0
81115,0.0
81116,0.0
81126,0.0238073990491231
81127,0.0
81136,0.0
81138,0.0
81140,0.0
8115,0.3498303634195138
81153,0.0
81155,0.0
81159,0.0
81160,0.0
81163,0.0
81164,0.0
81166,0.0
81168,0.0
81169,0.0
81175,0.3891723552178673
81182,0.0
81185,0.0
81188,0.0
81191,0.0
81193,0.0
81194,0.0
81196,0.0
81198,0.0
8120,0.8126424315438165
81201,0.0
81202,0.0
81204,0.0
81205,0.0
81207,0.0
81208,0.0
81209,0.0
81210,0.0326656794165476
81211,0.0
81215,0.0
81221,0.0
81223,0.0
81224,0.0
81226,0.0
81228,0.0
8123,0.0
81230,0.0
81236,0.0
81242,0.0396462670429822
81243,0.0
81244,0.0
81246,0.0
81248,0.0725598717535938
8125,2.4553310391503875
81251,0.0
81261,0.0
81264,0.0
81270,0.0103437444480222
81274,0.0
81278,0.0
8128,0.1636101126354953
81282,0.0
81285,0.3755872296393489
81295,0.0
81298,0.0
813,2.6585866638380824
81300,0.0
81304,0.0
81309,0.0
8131,2.176934703496939
81310,0.0
81315,0.0
81316,0.0
81318,0.0
81320,0.0
81322,0.2900479700082339
81324,0.0
81325,0.0
81327,0.0
81328,0.0
81330,0.0
81331,0.0
81336,0.0
81340,0.0
81341,0.0
81342,0.0487336436053482
81343,0.0463724718392014
81345,0.0
81352,0.7895820347757021
81354,0.0
81356,0.0
81358,0.0
81363,0.0
81366,0.0
81377,0.0
8139,0.904277623485986
81390,0.0
81392,0.0
81399,0.0
814,0.8511760889587862
8140,1.6215421956181977
81406,0.0
81407,0.0
81419,0.0
81428,0.0344662129356738
81430,0.0
81431,0.0
81438,0.0
81439,0.0219839916622789
81440,0.0378567710724885
81442,0.0
81448,0.0
81449,0.0
81458,0.0
81462,0.0
81465,0.0378567710724885
81466,0.0148554188895284
81469,0.0
81470,0.0
81472,0.0168982779780871
81474,0.0
8148,2.5867810231323767
81487,0.0
81488,1.7560085375376453
81490,1.8774970094464425
81491,0.5610009710141508
81492,0.0
81493,1.3069029569501869
81494,0.2639423345951417
815,0.2213394734265361
81501,0.9132090462992596
81502,2.368776048597579
8153,1.200423832804852
81532,2.11327998532713
81533,1.8980000974504092
81537,1.8890702569500477
81539,1.6926125094608973
81542,2.232110390571663
81543,1.511164083266472
81544,1.7776187678372897
81545,1.8824623974014016
81550,1.695099392590511
81551,0.1513789312195854
81552,2.2158929293663103
81553,1.7064533334370082
81554,2.293953990093565
81555,2.328604776577584
81556,2.172291876265373
81557,0.0773206608342586
81558,2.1818683595456303
81559,1.8771330285082668
81562,2.3323645424348936
81563,1.8491999107347388
81565,1.9328061821585467
81566,2.0602542942297495
81567,0.3099240547125964
81569,0.0756099064785592
81570,1.161376218068117
81571,1.306266654680713
81572,2.1565711970587533
81573,1.953380375792376
81575,2.0705679524015266
81576,2.139547202286039
81577,1.6754321122181763
81578,1.3697406033366757
81579,1.903870148033667
816,0.534748464384304
81602,1.502851709297445
81603,2.6734910847913103
81605,2.311839129858707
81606,2.496372761214676
81607,1.9833233653689568
81608,1.5599573835843614
81609,1.6970707948824624
8161,2.2844503241000473
81610,1.6270558163746656
81611,2.4002208569744132
81614,1.9421721867857884
81615,0.5925612926204844
81616,0.2531606609068825
81617,1.7196292729865732
81618,2.51748305837724
81619,2.1124880298410003
81620,1.6301028291474666
81621,1.6099844201078433
81622,2.3120618268625894
81623,0.0
81624,1.0269157204048645
81626,0.0590834488965626
81627,1.9228961509067457
81628,2.3505977717953304
81629,0.2672534170449826
81631,2.398246349967407
8165,2.458642576248573
81669,2.3934153293365763
81671,2.741059074346138
81688,2.8490946380422635
81689,2.2441202381094265
81691,1.0369318051008136
81693,0.3590912456398448
81694,0.076560759028747
81695,0.0380557917082188
81696,0.0
81697,0.0
817,1.9426098137676944
8170,0.3903255331569754
81704,1.7788685639893702
81706,0.611522791299396
8174,0.7777772349131886
8175,2.520110039514226
8178,1.8764752619137175
81786,0.3308277568855052
81788,1.6720016110484075
81789,1.241203185338642
81790,1.76030330922705
81792,2.005738981459555
81793,0.4761201214788212
81794,1.903537491995408
81796,0.2102820170793421
81797,0.0
818,1.91179664578776
81831,0.9027563043167632
81832,0.085634128532859
81833,0.0
81839,1.719603491128224
81844,2.1540739249503345
81846,1.3390637708831787
81847,2.3560068281035975
81848,2.1821132175343747
81849,0.7408867944180314
81850,0.0
81851,0.0390501905320824
81853,2.095901649266343
81855,2.444355410908922
81856,1.2390438724392223
81857,2.026928031450208
81858,2.454684377352339
8187,1.6818646368293788
81870,0.0
81871,0.0338664618273812
81872,0.0
81873,2.20701961072805
81875,2.183708467631307
81876,2.6750529043567655
81887,1.7570862453690037
81888,0.0
81889,2.2557578969900525
8189,2.2733120232850044
81890,2.2525642387181133
81892,2.118515686095872
81893,0.0
81894,2.4633178630757104
819,1.999967477226757
8190,0.0308612972995617
8192,2.206081582450307
81926,2.0899582986462617
81928,1.7777766014414906
81929,1.5893130984402128
8193,0.2131813471486692
81930,0.9362660875094498
81931,0.9278950301710704
81932,2.101902931004368
8195,1.6708091096430584
820,0.6376715925535444
8200,0.2073721496926904
8202,2.0483029423402868
8204,2.1508517794623354
8208,1.6337389656393315
8209,0.0912551171776534
821,2.890879799522977
8214,0.0871367817651098
8216,1.4626645242405445
8218,0.7868148562074102
822,2.9700076043956223
8220,1.5906858212033512
8224,0.2406780642448516
8225,1.1949306653555112
8226,1.693666349122723
8227,1.1576880559068066
8228,2.026818952189403
823,2.5548841353546226
8233,2.116245123734456
8237,2.3101437841597914
8239,2.2576583043076095
824,2.5449398840044575
8241,2.474353845164536
8242,2.4176008278708405
8243,2.182022403218049
825,0.505093427368581
826,2.9497741184522557
8260,1.8502255297512764
8266,2.5650898571717953
8269,2.221301633828636
827,0.9770399708727175
8270,2.603099267301185
8273,2.416117065530965
8277,0.0975798800301689
828,2.2827826528943604
8284,0.0115765804481612
8287,0.0
8288,0.7940720019245043
8289,1.9995248927138145
829,2.7023401815878216
8290,0.0677717653179942
8291,1.8632575297368412
8292,1.0432103210236805
8293,0.0119871284396815
8294,1.7999253905717678
8295,1.7714860163679371
830,2.3250042277751777
8301,2.6104770564524813
8302,0.1100862611199595
8303,2.447542228490819
8309,2.2676959216280816
8310,1.916512068995103
8312,2.2527793829299054
8313,1.7552370959632522
8314,2.5082013107134866
8315,2.0415398773541495
8317,1.4954626600521594
8318,1.2730250405888606
832,2.309511825393938
8320,1.2351839360822006
8321,2.0447720750936655
8322,2.5622990376011368
8323,2.148583027764764
8324,2.618129387585529
8325,1.886951844514424
83259,0.0031163460570424
8326,0.5041056892833149
8328,0.0850699324727219
8329,0.7403390931984822
833,1.872002830991952
8330,0.0
8331,0.0733234266047182
8332,0.0723688738166034
8333,0.3446819290378812
8334,2.6303743902026206
8335,0.0664261626900539
8336,0.0
8338,1.384854228558163
8339,1.4818053748265798
83394,0.7356260234218235
834,2.04645541362904
8340,0.0716044446446561
83401,1.4122512724829288
8341,0.8462004985938055
83416,0.2747271446341556
83417,0.0633423431029015
8342,0.0744674501196066
8343,0.5511915273499198
83439,2.091982400720497
8344,0.8278258419372256
83440,2.237779561443229
83442,3.014528462240756
83443,2.868277764201755
83444,0.4947103734169642
83445,0.1532859758466703
83446,0.0610219959658159
83447,0.0392489295621294
83448,1.2387347023233872
83449,0.2511705004141448
8345,1.246445865983269
83450,1.2962282080713177
83451,2.2998850869944114
83452,1.6833640159321888
8346,0.1389614282421753
83460,1.044419454536462
83461,1.136680678751487
83463,1.4361264808393417
83464,1.8148200379422037
83468,2.1880706340153377
8347,1.620338284949948
83473,1.0090892707160668
83475,2.0264429931257624
83478,1.2536484744936671
83479,1.8984216380216137
8348,0.5053127426769786
83480,1.6989119174834428
83481,0.8396404395995981
83482,0.0532407567944813
83483,2.989807705367897
8349,2.293593721542292
835,1.873976751718326
8350,0.2465586152299185
8351,0.0
8352,0.1380798037091699
8353,1.1084493161785622
83538,0.7568067735055637
83539,0.331657782425756
8354,0.0
83540,1.6329108359782614
83541,2.2083541768850625
83543,1.9336710819430043
83544,1.5122159233264183
83546,0.2356919745933813
83547,1.817701798396192
83548,1.9672761026087155
83549,2.285795852220482
8355,0.6460839831217271
83550,0.0045667467349953
83551,0.0
83552,0.0175101773978301
8356,0.2540775085443826
8357,1.3211542337911082
8358,0.1905152080494213
8359,0.3006253282448439
83590,2.3038480792923175
83591,1.0575123994133568
83592,0.9404669977702952
83593,1.7657397985887713
83594,1.802198211979703
83595,1.4023665183522245
83596,1.9639411635173616
83597,0.0828093123943021
83598,0.0156731530012164
836,2.2608195960972597
8360,0.4160019882239308
83604,2.102644315563677
83605,1.998514142444244
83606,2.4339286348562035
83607,2.195720036791397
83608,1.9045429333358836
8361,0.0
8362,0.1699118824483975
8363,0.1690631473497824
83636,2.143671314127554
83637,2.4035201479281727
83638,2.5305815847455175
83639,0.1069773613093653
8364,0.2338140899857443
83640,1.5067498870816436
83641,2.3454797881058003
83642,2.1723406005924466
83643,2.529934911061231
83648,1.2868155436536477
8365,1.1689852355902932
83650,0.1482486582226979
83655,0.0
83656,0.0
83657,0.8511100009657164
83658,1.6800220819047829
83659,0.1393138122542398
8366,0.0794068242501354
83660,1.7915838808120683
83661,0.178182758872508
83666,2.1604942919550645
83667,1.9568282286880545
8367,0.3992350941547569
8368,0.0
8369,0.0
83690,1.6665885135228515
83692,2.3841153275762603
83693,1.9877002439119325
83694,0.9792515517541216
83695,1.9605269966971568
83696,1.8263504960193635
83697,0.0
83698,0.0666185243177208
83699,1.940659387933552
837,1.9620010509570416
8370,0.1903498040086411
83700,1.682607948085758
83706,2.448506318983582
83707,1.9795827624733744
83714,1.5626747803778624
83715,0.9564321970945604
83716,2.457318299879106
83719,2.691507533213737
8372,1.3489419130226197
83723,1.0730894421446169
83729,0.068923416931643
83732,2.0317743002454485
83733,0.3905815562190577
83734,1.1421393924600218
83737,1.9166570225629085
83740,0.0
83741,0.0
83742,2.5954223739983395
83743,2.0143483643428217
83744,1.0757986885804294
83746,1.827273770096018
83752,2.0213182644127916
83755,0.0
83756,0.3793637083476485
83757,0.0
83758,1.4611868643808137
83759,1.768605251632707
83786,2.37587469948861
83787,1.9696759983753829
8379,0.2007044229568114
83795,0.366129211027781
838,0.2374094777375767
8382,1.1523008626300657
8383,0.0
83844,0.0086971754034013
83849,0.3137541020320343
83850,0.0947954893080635
83851,0.0047737452018541
83852,1.6652213729479814
83853,0.3663935269313085
83854,0.2566694775561359
83855,2.0651436278467736
83856,0.980166201330851
83857,1.5326113761897082
83858,1.440305779721487
8386,0.0
83860,1.7061743312274027
83861,1.6067183084431471
83862,2.3895146213477036
83863,0.0
83867,0.0
83868,0.0
83869,0.0016634701178795
8387,0.197759541309304
83871,2.5552758350978264
83872,1.6120509253554605
83873,0.0758001637739616
83874,1.5483863115491758
83875,0.2170308444044319
83876,1.1102225181706933
83877,2.2026238016453146
83878,1.3748722162559983
83879,1.0053358918191206
8388,0.0
83880,0.0
83881,0.3099240547125964
83882,1.0018703353024714
83884,0.1632680785905308
83886,0.8997025738168692
83887,0.1236637478282847
83888,1.22216507338233
83889,0.0386525717956126
8389,0.0
83890,0.5474780208698097
83891,1.7456158712982828
83892,2.1965427919524942
83893,0.0
83894,0.0831865093464727
83895,0.0
83896,0.0
83897,0.0
83899,0.0
839,2.2014012157874063
8390,0.0700734830017112
83900,0.0
83901,0.0
83902,0.0443997508881444
83903,0.9356305980789388
8391,0.0
8392,0.0374585887741673
83930,2.0257628902092204
83931,2.2284627489053284
83932,1.4182229412320064
83933,0.4040279867096877
83937,2.164980016881419
83938,0.921009611834964
83939,2.2706543127888104
8394,2.2842926953886193
83940,1.564363002361573
83941,1.831929102747654
83942,0.0
83943,1.323741960272551
8395,0.7264989186545932
83953,0.0203598820990786
83955,0.1301021831418956
83957,0.0236049920866109
83959,0.9814014873097509
8396,2.482151020854894
8398,1.5677034799717178
83982,2.269441136053705
83983,1.3680995187565674
83985,0.7784427470004391
83986,2.478318863267921
83987,2.1110339951841577
83988,1.3620282069489615
83989,1.857185048827933
8399,1.3042618752159452
83990,1.2642437543949647
83992,0.9114689687076776
83998,0.0105493414072734
83999,1.589776843231208
840,2.2133202707920474
84000,0.9971836044761494
84002,0.7771110503122304
8402,2.4218277850769128
8403,0.0
84033,0.9789284063140096
84034,1.8953172153955895
8404,3.08497176297065
8405,2.3733676347107195
84055,0.1318817104701158
84056,1.5712884241564011
84057,0.0
84058,1.8076224590929155
84059,0.5699762012951282
8406,2.349305661766785
84060,1.426702011917639
84061,2.3530365229831314
84062,2.0993459250694033
84063,0.1557066847631222
84064,0.462297978360953
84065,2.0949295651779543
84066,0.0268377072511832
84067,2.1078406537738164
84068,1.251739311402111
84069,0.8340995779308485
8407,3.116308536334853
84070,0.2208618836338299
84071,0.9957704760285322
84072,0.2122160704749191
84073,1.1689462756731497
84074,1.4381030770385097
84075,0.0
84076,0.5106653978299407
84077,0.051284114267885
84078,1.6362144030560444
84079,1.8685978822278768
8408,2.4013319553598853
84080,1.902112272113067
84081,2.1330455042106022
84083,0.6580279438190567
84084,0.5101210121105844
84085,1.521561187256289
84086,0.2787335645114763
8409,2.4354806497812858
841,1.7588097114191057
84100,1.1801713502805735
84101,0.2349100619558004
84102,1.6375167930051833
84103,0.0
84105,1.5175210737314322
84106,1.4685756584200265
84107,0.04578114125236
84108,1.6841188076111708
84109,0.1086247075317278
8411,1.7746201588178567
8412,2.0792295275170343
84124,1.479822918184135
84125,0.4427405517321521
84126,1.6186152427054348
84128,2.055383871994326
84129,0.1518994770252737
84131,1.369874887748857
84132,1.6385220539737009
84133,1.4981739054912395
84134,1.7123375834880108
84135,1.4903751402909098
84138,0.9186380729094576
84140,0.9959800366176892
84141,1.5465461736262849
84142,1.0120038187576297
84144,1.1219771682759705
84146,1.9487973741203235
84148,2.174881077549549
84152,2.1291859527438444
84153,1.8245986979833495
84154,1.8872898042105004
84159,2.0762110309370465
8416,2.030005567920459
84162,1.8776212210637055
84163,0.7414340472155031
84164,2.193453995171219
84166,1.8105434235701232
84167,1.2655537211086167
84168,2.718249041461191
8417,1.8799652404620997
84171,1.4294332674217256
84172,1.6768963691244922
84173,2.1612284366921455
84174,1.3958471700652824
84179,2.0384323525003003
84181,1.919081194942095
84182,0.2059132434918138
84186,1.9125457530015224
84187,2.115502549103573
84188,2.1902293985963115
84189,0.7758508625221845
8419,0.1338347400317799
84190,1.4011046754924783
84191,2.388579737058716
84193,2.292715506598557
84196,1.9328602938306367
84197,1.6717576211444394
842,1.4782874967473183
8420,1.6134398004451638
84203,0.0719867467506061
84206,1.1840913475333303
84210,0.0166942133416963
84214,0.4354222316688882
84215,0.8119405775784991
84216,1.2629634776113627
84217,0.9976016764616183
84218,0.0
84219,1.845810589517724
84220,0.0024939884663487
84221,1.7253793128299846
84223,1.3769689286198898
84224,1.0349714505764311
84225,1.385948578387311
84226,0.3334531094010107
84229,0.041431969987866
84230,1.5511705264102498
84231,2.5232027611695145
84232,2.683143776532895
84233,2.2306292995471835
84236,1.8897165388862696
84239,0.3323487880510513
8424,1.3768364778633508
84240,1.7087318917878818
84243,2.002915775426116
84245,1.76147573823724
84246,2.218226017164687
84247,2.126219779254214
84248,2.067520803231746
84249,0.2542302130705458
8425,2.4339359142282193
84250,1.2162547632402398
84251,1.2194670007647828
84253,0.9285384788561664
84254,1.532456398140048
84255,1.6623720035383396
84256,2.0444136758020157
84258,0.193816174198769
84259,1.0530532117492435
84260,1.5312536191924726
84261,1.9055706960329983
84262,2.2410728373416453
84263,2.4472288877571997
84264,1.837551270514738
84265,2.1770348651008873
84266,2.569200447383868
84267,2.2153412232034277
84268,1.7783285603037722
84269,1.8228192557897889
8427,2.249385267467176
84270,2.2844561607531206
84271,2.4945240494900127
84272,1.896182427977567
84273,2.200320390713923
84274,2.2761012817941744
84275,1.3719652182577633
84276,0.0
84277,1.6889941107396176
84279,2.151576096814175
8428,1.793532664634851
84280,2.0832767191704624
84281,0.8673586573903276
84282,2.4592456354719507
84283,1.805251991024204
84284,1.5588587137249863
84285,2.056443724427977
84286,2.150169220313674
84287,2.2702859512468825
84288,1.1075823625199837
84289,1.6420308069073193
84290,0.1023840919216796
84292,1.2967531646765738
84293,2.5559699260082773
84294,1.629882481611228
84295,1.8028362412523755
84296,0.835996938612545
84298,1.408728811421344
84299,2.1103869475813783
843,1.5569114888056128
84300,1.865109438320476
84301,1.7700767447142058
84302,1.0870066296904162
84303,1.7795538347531432
84304,1.849789003823804
84305,2.182968866156695
84306,1.3472336754680458
84307,1.9393765302572896
84309,2.403522157570054
8431,0.0306605722017031
84310,2.2920089568485538
84311,2.4544226016350574
84312,1.4435453102064848
84313,2.502186112979647
84314,1.5558795318191472
84315,1.2590712945554594
84316,2.4517785111883814
84317,2.222132131698978
84318,1.396561505339631
84319,1.5417815461246407
84320,1.9104741448862024
84321,1.448331067752307
84322,0.0
84324,0.0921882600032804
84326,2.5370094810508776
84327,1.6390624335412889
84328,2.0223622776533445
84329,1.244885135568336
8433,0.085634128532859
84330,1.768731906476018
84331,2.0649576077645144
84332,0.4185960217415813
84333,1.9700557976715256
84334,1.5961875108897587
84335,2.204060742261795
84336,2.628741742276275
84337,2.1225986929622276
8434,1.9214827509393757
84340,1.7724914396260325
84342,1.0643722776718032
84343,1.8585071603123344
8435,0.5845566106389871
8436,2.3398431002259112
84364,2.3830288926554126
84365,2.147342939138824
84366,0.2459416614431023
8437,0.6435619482908753
84376,1.707289285449868
8438,0.9680578425101356
8439,1.9581496180786917
844,1.40915180471261
8440,2.342277290361352
84417,1.692269816527079
84418,2.4938084099232665
84419,1.965971130529985
8443,2.4686940089557026
84432,0.4649673925272589
84433,1.7531532652210782
84435,0.0056012358560772
84436,1.430650363023099
84437,1.5745981368957416
84439,1.2749571900788443
8444,1.3223614578177552
84440,1.285902909367406
84441,1.7872846466872323
84443,0.543121137854785
84444,1.685401820695701
84445,2.443339145887382
84446,1.4546414807922667
84447,2.3244212913767868
84448,1.276658178485082
84449,1.2928499940300493
8445,1.908449288988344
84450,1.9902573152528804
84451,0.6322813346567829
84455,1.211256671454906
84456,1.532378890349815
84457,0.1484228777959074
84458,1.2646043114237182
8446,1.949998113885548
84460,1.6195017230534503
84461,1.7140119475341926
84464,1.558290068712357
84465,0.1044082755723394
84466,0.2951372179654887
84467,0.2366292549290747
8447,1.835236790177796
8448,1.4837798656098018
8449,2.284809086117612
84498,2.122804198344361
845,1.388933119964307
8450,2.2707759953870688
84501,1.3204167647555898
84502,0.5334841145133373
84503,1.0019740732709452
84504,0.0
8451,2.3151105109790944
84513,2.1572372699976112
84514,2.281138936262339
84515,0.8665204874267673
84516,2.0865166602685465
84517,0.9280705821862316
84518,1.509764840221505
84519,1.2125194427361978
8452,1.8421611824474864
84520,2.121798905606687
84522,2.457358719579382
84524,1.4532764365512356
84525,1.1978765953467203
84527,1.3912825441324848
84528,0.0
84529,0.7077003122774207
8453,2.036328538339343
84530,0.0089031710875008
84532,1.9309231330577077
84536,1.0486561157858758
84539,0.0
8454,2.370002413296684
84541,0.8394385625541394
84542,1.31698137767884
84545,2.180815880736442
84546,0.0
84547,1.7247172298045363
84548,1.6931739554330951
84549,1.5382532181705697
8455,2.184720898439698
84552,1.7018472859352285
84553,0.8116596239017725
84557,2.446702439786733
8456,0.896818488203525
84560,0.0
84561,1.6468799364762778
84569,0.0
84570,0.350774998302549
84572,2.3950326601979857
8458,1.4581506014168713
8459,2.125715300996951
846,0.0
8460,2.0438580561750608
84612,2.118463704115984
84614,1.4468101483372195
84616,0.0938652766473933
84617,2.4973177972151657
84618,0.0322650387162132
84619,1.4230371562122095
8462,1.9980764097104315
84620,1.5077909392587117
84622,1.3329885401973312
84623,0.1088075433050862
84624,2.482907829651748
84626,1.5095820323081106
84627,1.4243421967718182
84628,0.5964333137141896
84629,2.6008220128876935
8463,2.367436624869369
84630,0.058501008843608
84631,0.0983208065549586
84632,2.192290463295021
84634,1.2298666841279369
84636,1.2041314918056951
84639,0.0
8464,1.3328155723062567
84640,1.918055530661735
84641,2.3802019626500583
84643,0.0
84645,0.8747255641290952
84647,0.0
84648,0.0
84649,2.5752185344699297
84650,2.1758551420538677
84651,0.0459782976541651
84654,0.0
84656,2.565537422079957
84657,0.8461338961525255
84658,0.0499117462968908
84659,0.2636406352920438
84660,0.1964472329761948
84661,2.1956782780826933
84662,2.334788508805667
84664,0.0
84665,0.0053944386314874
84666,0.0
84667,0.1898533880244812
84668,1.308897817236419
84669,2.327670709040879
8467,2.3156017015667234
84671,1.3941338028997134
84673,0.0
84674,1.7946499855184106
84675,0.1108160684965277
84676,0.558153771476905
84677,0.0
84678,1.575784669502178
84679,1.5870737931176675
8468,0.0152643844692303
84680,1.610329479011941
84681,0.1525930213293895
84684,0.0489301088118718
84687,2.663394453325513
84688,0.5146812078358473
84689,0.6274957112311763
84690,0.0962816618610842
84691,0.0693069482704467
84692,0.0298571944893556
84693,1.9057941343979277
84694,0.0
84695,1.6889941107396176
84696,0.6156677877259357
84698,0.7236160516377695
84699,0.1845391745051366
847,2.6954246819535577
8470,1.3533406831178787
84700,0.2139848555672504
84701,1.8664062777162695
84705,1.9531675436049236
84706,1.9418474249570783
84707,2.0227545722494056
84708,1.4013825491512049
84709,0.5713777889066898
8471,0.009315012732202
84717,2.3840297499215666
84720,2.0076116993343196
84722,1.6966093192719622
84725,1.1742588449241331
84727,1.5083208140599944
8473,2.447983834286314
84733,1.4267260348085369
84734,2.007592571308527
84735,0.0447946653885956
84740,0.068923416931643
84747,2.0284518373802043
84749,1.802793735959898
84750,1.0325611972408462
84752,1.950944253917124
84759,2.103118007770071
8476,1.976753349759924
84765,1.1456008811851466
84766,0.7356260234218235
84767,0.0
84769,1.9682307772459229
8477,1.4156757800421127
84775,1.4485151070372737
84779,0.0392489295621294
84787,1.7423974645337612
8479,2.143605245597532
84790,2.1952185989171404
84791,1.627372509943244
84792,2.1098694418513975
84793,1.251739311402111
84795,1.732584381011555
8480,1.9988404827443655
84803,1.230041266971279
84804,1.5594449877998138
84807,1.312206014959601
84808,0.1371972284494705
8481,2.1676935855654804
84811,2.1346165773561987
84812,0.8201745568263427
84814,1.2144620844596672
84815,0.6045913291986373
84816,1.3321520007268075
84817,2.001233819880792
84818,1.9984553716244091
8482,1.5207677754440574
84823,2.296642051069491
84824,0.4176088772952308
84826,0.0
8483,2.7458612276459813
84830,0.6089670746925554
84833,2.735207728301805
84836,2.413639751111413
84838,1.867462624684628
84839,0.0
8484,0.1717759771350716
84842,0.4447673101809474
84844,2.2955689069774796
84847,0.1146369993408919
84850,0.0
84851,1.4221410093120923
84852,0.6400337423751866
84856,0.5068461003684477
84858,1.6749334597310752
84859,1.6516178950380065
84861,1.844283491202248
84864,1.3245333841375695
84865,1.1935305713480375
84866,1.68332204567819
84867,0.0999854713451175
84868,2.2823365128581363
84869,1.8911690511811592
8487,1.636602407033723
84870,1.4143973773467091
84871,0.186369888167896
84872,1.092018746118874
84873,0.0177140457770852
84874,1.684174667445083
84875,2.4297489440938667
84878,1.9766358711482424
84879,1.0204121860238409
8488,0.1878646602768941
84881,1.877550247641536
84883,2.2535713357545655
84885,2.1769547381178977
84886,2.42014742132584
84888,2.2459532235875392
84889,0.4085406354184954
8489,0.5822950214433741
84890,2.0406588129271768
84891,0.1135471102998034
84892,2.089876486985575
84893,2.2243218118788364
84894,1.7750060637880978
84895,1.7807756022705736
84896,2.2054953954484415
84897,1.701659358748462
84898,2.349303272944942
84899,1.897231759225006
8490,2.65876805493489
84900,0.8347778475574208
84901,2.271550675287986
84902,1.8021769277198565
84904,0.7888549597865797
84905,1.1552224106341566
84908,2.1818051424130487
84909,1.504353129227461
8491,2.006289607593517
84910,2.305715961324722
84911,0.7623581323185036
84912,1.5737995297799168
84913,1.1837499142852668
84914,2.054591215555618
84915,1.2587732833823733
84916,1.8682530974589464
84918,0.4887902796950564
84919,2.3109521947960836
8492,0.207534086575862
84920,0.7659078623348287
84922,1.5603413172530984
84923,1.9593148250877093
84924,1.2943092752798977
84925,1.864917302875852
84926,2.539402936587916
84928,1.9645833499869707
84929,0.4755493538937113
8493,1.9011342003684488
84930,1.6563960467948835
84931,0.0
84932,1.980808591786931
84933,0.928129088518694
84934,2.154983681789594
84935,1.9928968882164568
84936,2.1071244671569564
84937,1.3287924679731562
84938,1.8818922190194949
84939,1.9266434458369757
84940,2.2749499523945422
84941,1.7777427848629528
84942,0.7457183605770688
84944,0.1084418312612436
84945,1.75027901283961
84946,2.076072994447778
84947,1.0542424526048866
84948,1.4142250380240144
8495,1.6693537169791708
84950,2.1240114986791085
84951,1.5006219011356057
84952,1.720479226768019
84954,1.841832216045476
84955,1.2616472221885546
84957,1.0945974550022193
84958,1.6629433180104545
84959,1.010113526738922
8496,1.945382687666416
84960,0.559070182078184
84961,1.7038958832059627
84962,1.5647252751398033
84964,0.7039926557546667
84966,1.5980970252746765
84967,2.313888604717149
84968,0.7546651124854192
84969,1.6345032647138191
8497,1.0474075211745837
84970,0.010754888621307
84971,1.9505897188726944
84973,1.9614695956850576
84975,2.312811969270783
84976,1.237806142884803
84978,0.3460401353128495
8498,2.184175807925215
84981,2.09077030729789
84983,0.3974615777438575
84984,1.3065091453810376
84985,0.2038012369269854
84986,1.7230576349626303
84987,2.380528870936718
84988,1.7471919675042578
84989,0.1721144431730159
8499,0.2604657961588657
84991,2.2850917370750614
84992,0.0
84993,2.485235728357829
8500,1.860167722685028
85001,0.3281934312999205
85002,0.4210582040503606
85003,0.1823702359819901
85004,1.994754290377247
85007,1.932016857138652
8501,1.9038452083900357
85012,2.600165863581075
85013,2.343206355515328
85014,2.0601545158287884
85015,1.2126996037383797
85016,0.7533614447821753
85019,1.694362975436995
8502,2.217275441793007
85021,1.7107883771737529
85025,2.3476891165749247
85026,1.5377744156742317
85027,2.5222084073555022
85028,1.669324849750172
8503,1.971333132334882
8504,1.668284394978905
8505,1.819309013331246
8506,1.647274131881122
8507,2.2308863032133925
8508,2.2400108773131953
8509,0.2369414360556601
8510,0.2542302130705458
8513,0.0
8514,1.6998431047650264
8515,1.3326713888844024
8516,0.9102058871355038
8517,1.4589846114533522
8518,1.568656145315481
8519,2.9782644212366365
8520,1.9059512942136891
8521,0.0130126308322217
8522,2.2045161903800903
85235,0.1459804127775399
85236,2.5544351266184635
8525,2.096509769450652
8526,1.5860712509116142
8527,2.0460064966630105
8528,1.0314758669444513
85280,0.0
85285,0.0
85289,0.0
8529,0.1600115535070715
85290,0.0
85291,0.0
85293,0.0
85294,0.0
8530,2.1527456644324756
85300,0.0136273381928503
85301,1.7463440119178963
85302,1.1996129351517142
8531,2.219191679970002
85313,2.1090166023286336
85315,1.729797194780591
8532,0.2984635860502864
85320,0.3517184693718995
85329,2.2868115451164046
8533,2.260151419458593
8534,1.5917469144458982
85343,0.0
85345,0.0
8535,2.331423662433193
85352,0.9334882530711972
85354,0.0
85358,2.16476434572358
85359,2.444719167151399
8536,0.958106538690068
85360,2.067955326668653
85363,1.624291333061029
85364,2.188128841438724
85365,2.2226835048507874
85366,0.3449537627274193
85369,1.961850306170692
8537,1.3405432320858564
85376,0.1473770019605207
85377,1.7944007419922643
85378,2.089559293569894
85379,1.732584381011555
8538,1.5817950798422171
85388,0.0
85389,0.0
8539,2.379106173761736
85390,0.0
85391,1.3293442077803672
85395,1.953607758208644
85397,0.4044050766459973
8540,2.0037217787217276
85403,2.03568975976097
85406,1.820563872638535
85407,0.6611138677878833
85409,1.9794112472946288
8541,1.190426838660663
85413,0.0274424681999785
85414,1.46411550274334
85415,1.4588719892117037
85416,0.0078726930921942
85417,0.2872712788607249
8542,2.6265887401171337
8543,2.0121181459790294
85437,1.749882306232971
85438,0.0
85439,1.2493855268841736
8544,1.7023033490653667
85440,1.3551672001568202
85441,1.9890746078301311
85442,0.5543739034869272
85443,0.2756192305189168
85444,1.7536066088956797
85445,0.0181216355189445
85446,0.5065177958752659
85449,1.5584735770867515
8545,2.3691307727126514
85450,1.7982744826217576
85451,2.087799503883121
85452,0.0575293748341413
85453,2.156269565789428
85455,0.5423924114238896
85456,2.676562227890203
85457,1.9084739439146925
85458,1.9039366461760403
85459,0.9297066829165608
8546,2.2624358721125524
85460,1.457066551619728
85461,1.7444117620824993
85462,1.5835902588433526
85463,0.913987513428352
85464,1.5759261453078293
85465,1.847799819315407
8547,0.7256193534319102
85474,0.5861256368395884
85476,1.849684548688875
85477,0.6618172839628073
85478,1.2008656430334537
85479,0.6946757171074402
8548,2.056835496445825
85480,0.3157326270918106
85481,0.0123974780415539
85486,0.1531127924617492
85487,0.0845053532862342
8549,0.4688958611274185
85495,0.0
8550,1.6717001925094948
85508,0.0223895328412295
85509,0.0
8551,0.0
8552,1.493366794045924
8553,3.036794295242613
8554,1.628147487388134
8555,1.4924838429328862
8556,1.1766466901293515
85569,0.0
8557,1.1513370601896968
8558,2.068584478931254
8559,1.5159997858622662
8560,2.5313892011821513
8562,2.5233091448612073
8563,1.6339886730166064
8564,0.3412758601249733
8565,2.0182060353068096
8566,2.3616722963150494
8567,2.097542749306619
8568,2.0764604270257725
8569,1.8500832351122591
857,2.9047019428131757
8570,2.623241204405801
8572,2.012659627188357
8573,1.5601402479299489
8574,2.419589059755665
8575,1.4677797746327452
8576,2.134964265909151
8577,0.0278454019696254
8578,1.901368485566688
858,2.30144336247365
8581,0.1135471102998034
85824,0.4797625650053627
8585,0.0
85865,1.2680990681268485
8587,0.0
859,0.0366616595234452
8590,0.0084911297831118
8591,0.0376577034343075
8594,0.0
8596,0.0386525717956126
86,2.135140238697214
860,1.789242244234656
8600,0.3170018724926201
8601,0.2011941885601803
8602,2.11509729611291
8603,2.006801104865387
8604,1.779284351257266
8605,1.3245626733355265
8607,2.0465129280799923
8608,0.6603216643600908
8609,1.7994222251897465
861,2.299561947705259
8611,2.5710769367662154
8612,2.150052448624943
8613,2.4174068648445908
8614,2.961208227165407
8615,2.412521436528563
8618,0.2059132434918138
862,1.0237228068432147
8620,0.0
8621,1.5539570712739372
8622,0.41257391998321463
8623,1.1087446424086114
8624,1.956107570546245
8625,2.182708845409037
8626,1.240141731455101
8629,1.483758446373154
863,1.5529929168459826
8630,1.7319456526341377
8631,1.92993541333182
8632,0.5212536609476652
8633,0.8095485975094209
8634,2.2385807842203533
8635,1.500808108932199
8636,2.663887172268105
8637,1.1839016880818172
8638,1.84224821804774
8639,2.8305212114772753
864,1.7955374015515524
8641,0.2292574724518689
8642,2.033921548476658
8643,1.2879776878579845
8644,2.406273121968052
8645,1.4841010420664056
8646,2.0701688722562603
8647,0.0459782976541651
8648,2.063306691074418
8649,2.2008406570818217
865,2.1641248492979663
8650,2.0527463994682105
8651,1.6583968163514624
8653,0.0064279224007442
8654,1.669397014352192
8655,2.7012589791233106
8658,1.754404769049636
8659,2.2612236171354136
866,0.1929922007033621
8660,2.2370067122822626
8661,2.647463474503678
86614,0.0
8662,2.4926875674772604
8663,1.1466555021414668
8664,2.7264249069320914
8665,2.1090699637842625
8666,2.6364133694987175
8667,2.5548503636570405
8668,2.3469631975558225
8669,2.3965224107622305
867,1.699155024343463
8671,0.4745208534888528
8672,2.0571039015005437
8673,2.9678307956945993
8674,1.95280766755843
8675,2.2867188117895036
8676,1.4543687713334688
8677,2.4802809045552885
8678,2.181413730897112
86781,0.9400080114689084
868,1.6653524489497875
8681,0.9504794463101114
8682,2.9995214164304715
8683,2.358293086363949
8685,1.6357794474300005
8686,0.0805425329522405
8687,0.0
8688,0.1697422064994797
8689,0.1913417191488781
869,0.3487493523901473
8690,1.708639388726689
8692,2.387487598310194
8693,0.0650783906040881
8694,2.260584475139596
8697,2.0219204591381263
8698,1.4238350820566112
87,2.6219951583299577
8701,0.0524586470199822
8702,1.6941718532772196
8703,2.2194787215052605
8704,2.302980449194133
8705,1.9639054554224664
8706,1.7278785524656393
8707,0.3794935971895026
8708,0.1135471102998034
871,2.764769213352043
8710,0.9320365258083348
8711,1.7804396847282091
8712,0.0
8714,2.1083659297368316
8715,0.0189362275154237
8717,2.2134969505567543
87178,1.9277020441343784
8718,1.755094525186419
8720,2.3602400191519015
8721,3.050540009915214
8722,2.5090312080087154
8723,2.394559308304619
8724,2.864360913114688
8725,2.3096982999264184
8726,1.529969923508193
8727,2.012898640741516
8728,1.688316702403052
8729,1.8664336314358592
873,2.1844464992753845
8731,2.0398166574447094
8732,1.6746197373156984
8733,2.5875457340212247
8735,0.2500967964746218
8736,1.4115338807748428
8737,1.9871827484845377
8738,1.3308223389194798
8739,0.1724527678491707
874,1.4064835489011378
8740,0.9314548834905104
8741,1.729129149539744
8742,2.362567050270979
8743,2.620744370589833
8744,0.6390353525854365
8745,1.0140407188245504
8747,0.1034888062958342
8748,0.0983208065549586
8749,0.0
875,0.2245161188612271
8751,2.5175242669088607
8754,1.9040862267310923
8756,0.0
8760,2.233469477430137
8761,2.264791503408462
8763,2.8217217494124456
8764,2.189889839838612
8766,2.602853373977178
8767,1.971003673586946
87688,0.92177842544675
8771,0.0
8772,1.4463945466490713
8773,1.5050508418662985
8774,1.9172925854057388
8775,2.1140510696743
8776,2.0515738359166096
87769,1.2262578866095644
8777,1.9140316635051553
8778,0.0
8780,2.212648777640317
8781,0.1292109697369215
8784,1.8602417811289456
8785,0.057140405596366
8786,1.5874017457449636
8787,1.253079775751735
8788,0.0068409645610921
8789,0.0268377072511832
8790,1.7181702218570138
8792,1.1765698209467728
8793,1.33889279463138
8794,0.6431106167803193
8795,2.2536994113317146
8796,0.2955718980899506
8797,1.6007371341592256
8798,1.357482620815313
8799,2.438396146659037
88,0.1876987112634928
8800,1.9519470320778007
8801,2.4102686054276052
8802,2.351521910541906
8803,1.8094988131051597
8804,2.713674192080446
8805,1.8208082850703025
8807,0.8339638384064861
8808,0.5995156807810642
8809,1.2061401579818525
881,0.4697020690910383
8811,0.1233045730531342
8812,0.9509871087767192
8813,2.464489341746845
8814,1.0055937192611502
8815,2.770551731887002
8816,2.257376621977259
8817,1.1955777943009622
8818,2.3594265880545433
8819,1.9641410683705005
8820,0.960442981937772
8821,1.7652178025787515
8822,0.1424784549426613
8823,0.3648062545982056
8824,1.973715117149471
8825,1.5238350039536728
8826,2.541147050923007
8828,2.032139003259445
8829,2.3658807172858363
883,0.0460683448803931
8831,1.709721782212518
8832,1.898303651149144
8833,2.0134829613667504
8834,2.178230574502906
8835,1.5634561047946214
8836,1.144991556317753
8837,1.845215788102243
8838,0.1398421038439008
8839,2.47159036715365
8840,2.1588104753837833
8841,2.182330286156143
8842,0.7950095588926334
8843,0.4407082484194444
8844,1.3423583870640736
88455,2.04015608668462
8846,1.7893629240300386
8847,0.5916871499835843
8848,2.557042008983222
885,0.0175101773978301
8850,1.84222887838471
8851,1.385401695134323
8852,0.0
8853,1.6279103882878494
8854,1.0174876850733707
8856,0.0775105280642577
8857,1.5408305075097497
8858,0.2270483524983386
8859,1.7741088665167386
886,0.152246322955713
8861,2.6984486102786347
8862,1.4700314588535015
8863,1.9439423305811812
8864,1.9287890643643864
8867,1.402920740588808
8869,1.1467770635463188
887,0.0140368959186701
8870,2.520274714074218
8871,1.7526157954393544
8872,2.3619777149919474
8874,1.990790680441002
88745,2.33300618921872
8875,1.335633605308391
8876,1.191849966069746
8877,2.134779175223939
8878,2.5967390361374982
8879,2.251086616817617
8880,2.327241047818434
8881,2.4439947372940773
8882,1.8098751718474095
8883,1.9415602030656192
8884,2.1036698678240757
8886,2.1327867692157088
8887,2.2982186164318956
8888,2.0770911213602217
889,1.0918850533957911
8890,1.9608078559627289
8891,1.99639268838439
8892,1.67618616154623
8893,2.1339518659750327
8894,2.5107148866954
8895,2.344959565848111
8896,2.1254929200403283
8897,1.06128111526695
8898,1.4832655458563146
8899,2.273200325525176
89,0.1086247075317278
890,1.7696059563143502
8900,0.2733871114304414
8904,2.557734191974747
8905,1.9569373035142048
8906,1.965558871563732
8907,1.86555740387132
8908,2.5472533744568016
8909,0.3667898289338502
891,2.2544955826626123
8910,1.5786588717550698
8911,0.2928148227845346
8912,2.448428264169447
89122,2.2329421587409293
8913,0.1727909512670478
8914,2.0742684547412247
8915,1.788759181989564
8916,0.0375194369789461
8918,0.0
892,1.994899330794981
8924,1.7884185126464294
8925,1.936721691090628
8926,0.285659199945487
8927,0.331657782425756
8928,0.1333025569412144
8929,0.0
8930,2.2638456579122432
8932,2.3538217482704185
8933,2.911923185852074
8934,2.1060499686930467
8935,2.1788806935809175
8936,1.690552385379103
8938,2.3223882698478757
8939,2.2007471419035673
894,2.0068202726655384
8940,0.0835635353418218
8941,0.0288518968796068
8942,0.6429300018115768
8943,2.478384788086833
8944,0.0
8945,1.857408803332024
896,2.2760982887329098
8968,0.1359600224363479
8969,0.9012923645479196
897,0.170081522887999
8970,0.6949269512226242
8971,2.8241494628335646
8972,0.5359055041906291
8973,0.7726525449009819
8974,1.72663705851634
8975,1.5556396492843616
8976,2.4184118380386668
89765,1.3569322647712851
89766,0.1034888062958342
89777,0.0
89778,0.0
89780,0.0586952005206574
89781,1.6646821044342357
89782,1.2625689366411326
89790,1.5770211425001808
89792,0.0
89795,0.8462004985938055
89796,1.8400571001173152
89797,1.3169219507091343
898,1.1537835269041674
89801,1.276209382606596
89822,1.0389832565486234
89832,0.0938652766473933
89839,0.2096362928752736
89845,1.6822154092170405
89846,1.909081618766723
89848,1.862088909337208
89849,1.9317611498653495
8985,2.2975322571098635
89853,1.7051897756431027
89857,1.3823178527493876
89858,0.8219748694900861
8986,2.3210162104089807
89866,0.0756099064785592
89869,0.0209692882026594
8987,1.1532630319845232
89870,0.1338347400317799
89872,0.1045920467791873
89874,0.2607687135326988
89876,0.6471620483629925
8988,0.0
89882,0.0
89884,0.4244917031046245
89885,0.1259945652633729
89886,0.3574886934946831
89887,1.3991553074414582
8989,0.963931064171822
89890,1.660859664211088
89891,2.5404755412992612
89894,1.4148402665936584
899,1.7137768740569763
8991,2.674262593284827
89910,2.0045582205520533
8992,2.925355512200746
89927,2.135329650809195
8993,0.2625837765818147
89932,1.658071367511628
8994,1.2503282618460074
89941,2.5424652126712632
89944,0.7113877642810509
8995,0.8651641877264037
89953,1.7191649679754244
89958,1.6101323339864766
8996,1.971473242749988
8997,0.9899789795082145
89970,1.9100568955448105
89978,0.8384282270534684
8999,0.6162311174050886
9,1.8186648207185965
90,2.193538046504692
900,2.500332988526267
90007,2.622138311248592
9001,0.1738046550044918
90019,0.2462501984298378
9002,1.604345059226677
90024,1.8491713848789355
90025,0.6672445009654198
90050,0.0164900995891271
90060,1.6882613583207746
90070,0.0
90075,1.5155585185290763
901,2.2917892747949486
90102,1.829772388145968
90113,0.1184402978192798
90120,2.3557939111452826
90121,2.2935596599483254
9013,2.1617058569299323
90133,1.5594266777035417
90134,0.0144462560950847
90135,2.530594713489628
90139,1.9955315930838744
9014,1.6523078596908751
90141,1.1476677213360835
9015,1.3532297788477128
9016,1.781278983148689
90161,0.4138954605273758
90167,0.0530452976713926
90187,0.2403673497812929
9019,2.5700933941967845
90193,0.6199750947368011
90196,1.9243914165950324
90199,0.0
902,1.6568562653692107
9020,1.7431310173680534
90203,1.871372756167132
90204,1.8738693294456763
9021,2.4060120837362367
9022,1.7554152432853627
90226,0.2320887894316884
9023,0.9525075925746104
90231,2.354388825805305
90233,1.300505421336572
9024,0.834031711737705
90249,0.8212138086017571
9025,1.554512425934843
9026,2.110802350140174
90268,1.5622927341209556
9027,0.0951672823362936
90271,0.7147300146256796
90273,1.1711238948632268
9028,1.488617990939726
90288,0.4951552313876683
90293,0.9749288067729938
9031,2.4305044683588095
90313,2.12893358813556
90316,0.0
90317,1.411038536098779
9032,0.1756598215993468
90321,1.6960793887704817
90324,2.2440279968748973
90326,1.7125734255239646
9033,0.7990329876142893
90332,1.7194487682074928
90333,1.7324091368001044
90338,1.7433508419587695
9034,1.4171468604107271
90342,0.095353116336939
90353,1.2029594620058677
90355,2.1616849310259365
90362,1.6124107991948295
9037,1.5969150631014026
90378,2.3671635399353947
90379,2.2091436711028742
9038,0.0
90381,0.909603523498676
9039,2.2134897409226273
90390,1.8656944381989349
904,1.913407117631
9040,2.574291045353648
90407,1.5446611349471844
90410,1.89062819225167
90411,2.415369585259808
90416,1.021768742358235
90417,1.6261996515178214
90423,1.1167919358391452
90427,2.0651764452106365
9043,2.2312765761701923
9044,1.8643586831406256
90441,2.3997899440818906
9045,2.7591624081883164
90459,1.5903773099264285
9046,2.1225940210178993
9047,1.4213889569186478
9048,1.3603077580271543
90480,2.4639972536227694
90485,0.7620551479751247
90488,2.292869150656365
9049,2.6241148730625383
905,1.8581723796171743
9050,1.759233619302652
90506,0.9869028781277496
90507,2.373526988358768
9051,1.7198612416698682
9052,2.416167218666189
90522,2.0703468937715708
90523,0.1033047896802982
90525,1.1846220526820723
90527,0.8110270343683322
90529,1.0836712692145103
9053,1.975223339604996
9054,1.6523977778062329
9055,0.1168124626568068
90550,1.8564476617845291
90557,2.135856768974462
9056,2.073312034072837
9057,1.3526471435711451
90576,1.1507740859882696
9058,1.021467550597674
90580,2.045816407708274
90589,0.3233170563685997
90592,1.775221565050563
90594,1.2433880760297624
9060,2.031451153148509
9061,2.4952705627141607
90624,1.5085040975989876
90625,0.1215063417494183
90627,1.730212632555735
9063,1.359294670810132
90634,1.6154584686506177
90637,1.8436672144532953
90639,1.5077297626312052
9064,2.151007115238641
90649,1.6509719784610797
90655,0.0
9066,2.2018079836413618
90665,0.0
90668,0.3403194474270173
90673,1.362464239266837
90678,1.7667818921748155
9068,1.1731771317129012
9069,1.7437901577265529
90693,1.775890061982638
9070,2.154859955954157
90701,2.0221782493405285
9071,0.738693292561677
9073,1.3878710575245163
90736,1.734706752263125
90737,0.0471602662673416
9074,0.0799748722352531
9075,0.411036003645149
9076,1.927161335662396
9077,0.7519783007549146
90780,2.490874162329095
9079,1.9769882000382235
90799,2.074145701714887
908,2.624209894113806
9080,1.0033727947517377
90806,1.927192701211195
90809,2.1130689671008756
90826,1.596965780187163
90827,0.0
9083,0.0
90835,0.3766308945443049
9084,0.0
90843,2.64461622273603
9085,0.0
90850,2.1527413716311785
90853,1.046204465337916
9086,0.0
90861,2.7072634276921073
90864,0.2687538599435117
90865,2.277436477647197
9087,0.0
90871,2.2255593062732677
90874,1.4759862275405529
9088,1.8685071775984037
909,0.1130016249722951
9091,2.139409053340243
9092,2.3925399988826377
9093,2.1750100354332855
90933,1.6768395938753335
9094,2.000435538497099
9095,1.2029594620058677
90952,2.5083260876412043
90956,2.1969212831224367
90957,1.646743404612528
9096,1.113452165302444
9097,2.2863185998467426
9098,0.304501394118264
90987,2.0042495939514255
9099,0.8843333920218855
90990,2.1186290752614645
90993,2.221287540138636
91,2.1622494938967054
910,0.4498692440300991
9100,2.172932870206932
9101,1.3909217950569566
91010,2.037514489655117
91012,2.0449973438573292
91039,2.151433937214023
9104,0.8920028016811175
91050,1.5415914896879412
91056,1.895716122520997
91057,1.7442533983851596
9107,2.020049292694168
91074,1.1427517730206422
9108,0.980327467687446
911,1.0238728557710968
9110,2.3149590210958455
91107,2.309309014340946
9111,1.9754452542655416
9112,2.150540903140797
91120,1.1587640564996533
9113,1.9159962515454647
91133,0.6715902651343795
91137,1.966581608128024
9114,2.2422374760356716
91147,1.146614975903193
91149,0.0274424681999785
91151,0.6673316864395231
91156,0.4654306537441762
9117,2.0296508221807956
91179,2.0115758922049647
9118,0.0221867865316464
91181,0.0304597993916931
9119,0.0166942133416963
912,0.9028781455130293
9120,1.670190062313312
9121,2.122724812482657
9122,1.8469689510922285
91227,0.0256268862991105
9123,2.0143859458510884
9124,2.754921473003237
9125,2.159813316098327
91252,2.356055942495858
9126,2.2864027427375753
9127,0.6207214891116375
91272,2.5836346493853557
9128,2.120523048593654
91283,1.7736993924455864
91289,2.5520283736372034
9129,2.2963269508313338
91298,1.4306980323092402
913,0.8776485851071287
9130,2.6850665890588594
91300,2.569209620174926
91304,2.5667116666710075
9131,1.7713944971617843
91316,0.6767690803671296
91319,0.8846469774465476
9132,0.539574661886159
9133,1.8986490865136711
9134,0.8206597482143508
9135,2.382270223381974
91351,1.552305691545064
91353,0.0
9136,2.290926243232228
91368,2.1587978162946735
91369,2.423790728978035
91370,0.0871367817651098
91373,1.940052638357972
9138,2.4189035339090017
91380,0.0
9139,1.843078969793928
91392,1.2164337117806705
914,2.4116731739000836
9140,1.9148736585750283
91404,2.0433712108316966
91408,2.0854415883111934
91409,1.3850367822985743
9141,2.3931349097874164
91419,1.2301459900547584
9143,1.627894577326678
91433,1.6261996515178214
9144,2.819331202045018
91442,1.5144334734322058
91445,2.1569955927805577
9145,1.7107883771737529
91452,1.606138564307596
9146,2.144630124902515
91461,2.3052753271853095
91464,0.1295675712697485
9147,1.6418774786106347
9148,2.247469859198398
9149,2.2309650786686928
915,2.340438036629058
9150,2.2267125647080275
9152,0.0051875911285856
91522,0.833148801182599
91523,1.8492379421408345
91526,1.3418485107207967
9153,0.0276439590910099
9154,0.1627547573177827
91543,2.084560572418078
91544,1.9494426726300116
91548,0.2530077494603604
9156,1.2340760846379866
91561,1.9839681556222364
91574,1.659135603461743
9158,2.409987314817438
91582,2.203497077791404
91584,1.7084278804005728
9159,1.0463971182955505
916,2.303952589990173
91603,2.106196679128808
91607,1.9752996371144669
91608,0.8458007803203769
91612,2.1560952668057385
91614,0.9136882176026512
9162,0.6564354984263006
91624,1.839726457652639
91646,0.6201617681189213
91647,1.428979085886309
91653,1.7240796671291734
9166,1.8754331055531936
91661,0.9788745320852498
91662,0.5229677461514158
91663,2.596170011898012
91664,1.4293854781368187
9167,2.364979400084545
9168,3.5953615525644977
91683,1.5151971820390144
91687,1.248778620433211
91689,2.320339755663145
9169,2.139712019560984
91694,1.7417852233670994
917,1.3961789499680417
9170,2.0373612939176486
91703,0.288733925393611
9172,0.6479694962034778
9173,0.4927051508892219
91734,0.0
91746,2.310022348979132
91748,1.7728906688893395
91749,0.8129229612797407
9175,1.3539502346463743
91750,1.6766976243064198
91752,0.3593580110842576
91754,2.134846902469228
91768,2.033189283492194
9177,0.0074601518934053
91775,1.6435001411422634
91782,2.276203029781251
9179,1.8058115698868984
9180,2.1558740807395584
91801,1.536527284464731
91807,0.0876995769262763
9181,2.249333380039616
9182,1.1070615660330438
91828,0.459385447426768
9183,1.9262978101143264
91833,1.7569087863257449
9184,2.2537890351166263
9185,1.8339070060636768
91851,2.6805400424707395
91860,0.1334799897055372
91862,0.8660687080989335
91869,1.5635287206028925
9187,1.5384446051879326
91875,1.2922900637671195
9188,2.302041363897601
9189,1.2167967975984952
91893,0.7778512138894519
91894,0.0396462670429822
919,1.7365460941581488
9191,2.1889853005970026
91937,0.5750687300622482
9194,1.4162401996011469
91942,1.3197964941298606
91947,2.0998488172600505
91948,0.0370602183099194
91949,2.236090448060535
9196,0.7319900707100215
91966,1.6897808238678511
9197,1.3545037536356874
91975,1.084709977154578
91977,0.3770218993897575
91978,1.0123607745941503
92,1.5924984884907334
920,2.59350921992905
9200,0.835387681114068
92002,2.194682167261434
9201,1.387170447096574
92014,1.5857943093419722
92017,1.8457243004769752
9202,2.2007808102913247
9203,2.045839453946329
9204,1.305386697470116
9205,2.000701817563757
9207,0.6468028798941509
92070,1.6311558862027575
9208,2.257430444803381
92086,0.0280467968559265
9209,1.8811014165743576
92092,1.5154381030111097
921,1.8309763581604896
9210,0.0
92104,1.445215126934457
92105,1.58717738193502
92106,1.3668585265200464
9211,0.0
9212,1.7973282051940735
92126,1.3198851488147902
92129,0.0867613730983522
9213,1.8731793619218535
9214,1.9378911055427153
92140,2.427125124204644
9215,1.402013517244015
92154,1.5816902942397466
92162,1.7978446188776682
9217,1.9303790252655664
92170,0.962549275981887
9218,2.2093991364515473
92181,2.358764132853308
9219,2.5592061827287655
92196,0.258038258146766
922,0.0
9221,2.5617874695436487
92211,0.3634809981927294
9223,1.9270123154361696
92235,0.4807837530666895
92241,1.7818599287525967
92249,1.2501600359367333
92255,1.5576104698379678
92259,2.1783742634187915
9227,0.2523958075722266
9228,0.0445972313113895
92283,1.208250542328497
92285,1.5209464068620042
9229,0.1931570629018073
92291,1.7143643227787002
92292,0.5335895618388528
92293,1.7497379591369444
923,1.7926736904630145
9230,2.712016351780844
92304,0.4691262963598183
92305,2.403142102953036
9231,2.212453581112961
92312,1.8670713660369311
9232,1.878055663225347
92335,0.8198971415908876
92340,0.9335462516244124
92342,1.8692322513543824
92344,1.7408038408208977
92345,2.5381255859019825
92346,0.1178980435863406
9235,2.510678327049741
92359,1.958164114045162
9236,1.4995861154987418
92369,0.282130360912648
92370,1.330938095278558
9238,2.087490796273141
92399,1.6046777131364378
924,1.566117439845781
9240,2.607907904733096
92400,1.9844764399536936
9241,0.2168708182832729
9242,2.002786656852168
92421,1.849304488665282
92427,0.2852189645943883
9244,1.487131142300305
9245,0.3066464430516934
9246,2.672912945021761
9247,0.0282481437700031
9248,0.0
92482,1.205374070014196
92483,0.0983208065549586
9249,2.4806518239290787
925,1.9897699727686535
92507,0.1440561939591301
9252,0.6386719452204884
92521,1.3938263238277446
9253,1.901953601759134
9254,1.5740481305033491
9255,2.077652006511545
92552,0.0
92558,1.881083825678531
9256,1.6492249106909096
92565,1.4159948771051107
92579,2.277257569423953
9258,1.6466371848342234
92591,1.2337987717217331
92595,2.017119390818679
92597,1.805484359237308
926,0.8978631940641444
9260,2.4338685733855914
92609,1.940462296756429
9261,2.913248299993461
92610,1.6303073428287145
9262,2.119270939619115
9263,1.9428435185192416
9265,2.340595190346571
92659,1.7378339773531988
9266,2.2571485703948397
92667,2.2332994643028843
9267,2.3106182954754715
92675,1.2017849554982178
92682,1.6949903706679883
92689,2.4316140814303604
92691,0.4896869577795881
927,0.1944747460819447
9270,2.263827024161053
92703,2.185746016295685
9271,0.0790279102152443
92714,2.276325684308234
92715,1.8928556503866223
92736,0.1746484396889903
92737,0.0710306629776471
9274,1.936507305142562
92745,1.475420119457289
92747,1.7828969578762568
92749,0.0579181636361618
9275,2.2759156608134377
9276,2.159518659259823
9277,2.4350222237872527
9278,2.1909075194701977
92797,0.7847683980706881
92799,2.3492817727416275
928,2.563842242860751
92815,2.3315625713637957
9282,1.864468635792921
92822,1.4424755557483997
9283,0.1890253477766942
9284,0.9012923645479196
92840,2.2213368655045236
92856,2.287590053488388
9287,0.0
9288,0.0
9289,1.9861389224733303
929,2.9109489939012207
9290,0.3290262962364426
92906,1.93927767578588
92912,2.368726624931581
92922,1.851466153028963
9293,0.0447946653885956
92935,1.424897023729036
9294,1.7507113695575436
92949,0.9319783860762728
9295,2.5231340623141336
9296,2.7853880882403144
92960,1.7653686665537325
92979,1.870768771789472
9299,0.0
92999,2.0448009632934183
93,1.132998514619698
930,0.357889646800717
9300,0.0
9301,0.0
93010,1.2017482121612555
9302,0.0
9303,0.0
93034,0.0784592157513684
93035,0.0481439722271771
9304,0.0
93058,1.316565248652106
9306,2.0112413269204734
9308,2.195849077264666
93081,1.2625360452527614
93082,0.8592533408746634
93099,1.0734115331326357
931,0.7310383092312854
9310,0.827277410974056
93100,1.9329916770872824
93107,0.0
93109,1.8316018427793457
9311,1.6585151033805594
9312,0.0286506937617837
93129,1.8153257777895584
9313,0.0
93134,1.8699289212359536
9314,2.1806613021698995
93144,0.4968210373473922
93145,2.269700603926575
9315,0.98145513861795
93166,0.6449141808165625
9317,1.9574967422490444
9318,2.1391147510317765
93183,1.815903020499203
93185,2.6151589051549
9319,1.670190062313312
93190,0.0086971754034013
932,0.0508922379282558
9320,2.343537336931979
9321,1.8668255005033447
93210,2.2779904790911742
9322,2.366655107647893
93233,0.7590176691192018
9324,2.656396178945263
9325,2.194864875769304
9326,1.7150421783019745
93273,0.2671032151864317
9328,2.3483990119692084
9329,1.901351755437608
933,1.611133617603272
9330,1.795223771715949
9331,0.9572141238019048
9332,2.4977840334815378
93323,1.3430939989203567
9333,0.3850578708962719
9334,2.3303507810953508
93343,2.2092568292270296
93349,1.6215742568656908
9337,2.4170666533875145
93377,0.0
9338,2.7046773218046067
93380,2.1387130371435945
9340,0.4354222316688882
93408,0.1284973014560392
9341,2.6604781865599896
9342,1.9860917150971649
93426,0.0778901327798074
93429,0.1189821951149861
9343,2.1943621948411884
93432,0.1088075433050862
93436,2.0052902096344223
9344,2.4227862940072655
93463,0.0
93474,1.1409126551794442
9348,0.095353116336939
93487,2.2177670807487435
9349,2.9362074391572777
93492,0.0614091674392234
9350,0.0845053532862342
9351,2.6908126405109556
93517,0.5605949231158076
9352,1.9038867736020115
9353,1.7392166833887988
9354,1.7830751173842212
9355,0.0700734830017112
93550,1.2662728532999914
9356,0.0
9358,2.2183966268636426
93587,1.0658186076863372
93589,1.018901292997619
93594,0.8867752462940223
9360,2.0080322730654836
9361,2.3885101402941085
93611,1.9070002044717305
9362,0.0181216355189445
93621,2.987159018910357
93622,1.9035541313452315
93624,2.1153118985798924
93627,1.5817252253741436
9363,1.2601956394760851
9364,2.0990468473576582
93643,1.9828747703416916
93649,0.3546761154436263
9365,0.6564354984263006
93650,0.2143060330373782
93653,0.4591519479514422
93654,0.0099324012091867
93659,0.0
9366,0.0
93661,0.1550157875879565
93663,2.168511378524532
93664,1.934280009583329
93668,0.0232000328901817
9367,2.2099641335577305
9368,3.053728370151118
9369,0.3205166724505941
9370,2.8396277267029353
9371,2.313717863783764
9372,1.686861640565824
9373,1.9365762276053915
9374,1.6685013547211582
9375,2.707445352704445
9376,0.0084911297831118
9377,2.671882205474857
9378,0.0284494427319338
9379,0.7998919411691903
9380,2.2004739322593023
9381,0.2254666497348655
9382,1.984307086298045
9383,0.0089031710875008
9388,0.5854396161788052
9389,0.0761805481519545
939,1.5453971860632143
9390,0.0356644376201233
9391,2.4119216403620967
9392,2.0645469382791117
9394,2.300499840445066
93948,0.1538053052160182
93953,0.5475814341936012
9397,1.852882141618932
93973,2.033981019559163
93974,2.459630289265039
93978,0.0432138940104846
93979,0.0818655711838594
9398,0.9223691763392552
93986,0.3491549102849444
9399,1.3594042891063092
94,2.2255975793578773
940,1.3917717258888205
9400,1.8348629107755208
94005,2.322055553589965
9401,1.8653837611478277
94015,1.4088532577866404
9402,1.2428767754939112
94025,1.5736574132805
94026,0.0
94027,0.0621829736100838
9403,2.8704560233288845
94030,0.6274033568914429
94031,2.80970105404372
94032,0.3102084114303381
94033,0.0374585887741673
94039,1.652457713320425
9404,2.236195000672193
94056,2.276298764036224
94059,1.449043842101001
9406,2.36544967760274
9407,0.0219839916622789
94081,1.886917166023285
94086,0.6159495092692002
9409,2.085953675157467
94097,1.426365571128123
941,0.8259042964338978
9410,2.220433786195265
94101,2.127770413362801
94103,2.7073537169370794
94104,1.8248306796077696
94107,2.494193970666522
9411,1.823750364252964
94115,0.0
9412,1.8515323408787177
94120,1.4715927722404276
94121,1.6729905657558966
94122,1.5267652147747908
9413,1.4116328916985974
94134,2.064245490673689
94137,0.0816766944344988
9414,0.1466790060376274
9415,2.0883493862539777
94150,0.0
94151,0.0
9416,2.5059433002742164
94160,0.0
94161,1.157493202730456
94162,0.0
94163,0.0
9419,1.6560542918885577
942,1.935556480348418
9420,1.6959434073124888
9421,0.0
9422,1.6482127600894525
9423,1.3768364778633508
94233,0.0706479226552025
94234,0.6167939937741671
94235,0.840245691252871
94239,2.4942504969315404
9424,1.953336351036521
94240,1.9772091054519008
94241,2.331582771298621
9425,2.0761579461108552
9426,0.0
9427,0.807501414607198
94274,1.8727307048239037
9429,1.1399293627247131
94298,0.0
943,0.9080346633462764
9430,0.0
94304,0.0
9431,0.0551928477150357
9432,0.0
9435,1.4268461320845764
9436,0.0282481437700031
9437,0.157431366533768
9439,1.779924096991278
944,1.6034623719649523
9440,0.5097941846309146
9441,1.196802530004574
9442,1.6440957078545635
9443,1.8017723227782512
9444,2.135811746581479
9445,2.844107080959655
9446,2.689956167300422
9447,0.8205904573741931
9448,2.3346784973969323
945,1.2597990779203512
9450,2.222462360389994
9451,1.8511918329067705
9452,2.410818641268074
9453,1.834429577003354
9454,1.827213618831672
9455,1.3430374501071538
9456,0.8106049662488811
9457,1.322008409615039
9459,2.340710550950662
946,0.8503825830828389
9462,1.6109532182697208
9463,1.7184546647568293
9464,0.7855731238277889
9465,1.3464195977255675
9466,2.131298814760584
9467,1.7466955089558618
9468,0.2143060330373782
9469,1.917742498204329
947,2.3576049825929233
9470,2.161592842256548
9472,0.2690536052345982
9473,2.0827452295951385
9474,1.9873172297896495
9475,1.918488554756087
9476,0.6051636278191053
9477,1.9899369404595983
9478,0.3290262962364426
9479,1.6649736809752766
948,2.8267838601242428
9480,0.0534361704016004
9481,1.426629936371822
9482,2.0714508642199267
9486,1.868280327889314
9487,1.2975242229482142
9488,1.465317707503362
9489,2.1115016582082395
949,2.3265416238123793
9491,2.23156385856457
9493,1.617177136874281
9495,0.6234204995806126
9496,0.3685047589206305
9497,1.6147269066309498
9498,1.493366794045924
9499,0.163439113617829
95,0.0449920531388688
950,2.2817014850338526
9500,2.64134679414197
9501,1.4665835423656066
9502,0.0
9506,0.2859525525523412
9507,1.2287130442004792
9508,0.5294656374027761
9509,2.4089227761999212
951,2.0908366181335576
9510,1.9916691173760797
9512,2.1227154718152517
9513,2.1493553424533025
9514,0.0786488237171767
9515,0.0322650387162132
9516,2.760447046435992
9517,2.3598220102863254
9518,2.056460523133949
9519,1.2933161550729075
952,0.8790418071008071
9520,2.0443384839646632
9521,1.5249187019440131
9522,2.1936182582760053
9524,2.328127872982066
9525,2.32394332367535
9526,2.3098414614109677
9527,1.957895851550661
9528,2.607848010800513
9529,2.2338466018107015
953,1.770340619419804
9530,1.9083588746047664
9531,2.8790605282476323
9532,1.0424836578185976
9533,1.6438056572028026
9534,1.4392525026825815
9535,2.513730668596718
9536,2.4672409141640337
9537,2.5237813393335693
9538,2.527382743909917
954,1.6263583209879569
9540,2.1147727653160064
9541,2.310591353157583
9542,0.445956941528477
9543,0.960887013101694
9545,1.9969307114193575
9546,1.6348927221027705
9547,3.077869566934197
955,2.2353204859678364
9550,2.6755206778667904
9551,2.207856154593168
9552,2.291986139580824
9553,2.3859602303733825
9554,1.9054879094844768
9555,2.1121467134395813
9556,2.333485956893264
9557,0.1543243036951329
9559,2.252769752559085
956,0.765832533860174
9560,1.8383524421125816
9562,2.0447258493293283
9563,2.394679264795418
9564,2.067515368452826
9567,1.9845170737616529
9568,0.0148554188895284
95681,1.092018746118874
9569,1.8696847696863532
957,1.481869885729468
9570,1.627831328036657
9572,2.3521191509874884
9573,0.8354554048215415
9575,1.7171472942705357
9576,1.0844843281415135
9577,2.006270413086683
9578,2.359366422094163
958,2.222985153014029
9580,2.053232467614082
9581,1.90884358578723
9582,1.1082760293674387
9583,2.043098532527742
9584,2.4634598051024827
9585,1.4869822090409668
9586,0.7510546053991756
9587,2.2489861766636685
9588,2.905939166659381
9589,2.2197690610095515
959,1.5538829749322294
9590,2.306082246554663
9592,2.3995437295046016
9595,2.0453147999707997
9596,0.0738956344925407
9597,0.0392489295621294
960,2.495414304738584
9600,1.8712105795156384
9601,2.7327816103325353
9603,1.7783623305447644
9604,2.2914637610971367
9605,1.7839092485119488
9607,0.0
9609,1.280298794850289
961,2.3613665823520797
9610,1.2003133254078835
9611,2.0320493549644145
9612,2.5876101708840458
9615,0.053631538511365
9616,2.340666375210185
9617,1.3740737572384607
9618,2.256546019991624
9619,2.142484615027738
962,1.701726484747664
9620,2.5478387217608613
9622,1.5565616118997183
9623,0.0
9625,1.1974324056257937
9626,0.0
9627,0.909603523498676
9628,0.3731027642239592
963,2.668369929310044
9630,1.326200276691001
9631,1.8000858492583336
9632,2.1636715140971594
9633,1.7340711238179298
9635,1.2089038598911928
9636,2.9170966392419997
9637,2.0977780187687607
9638,1.0527674378818084
9639,0.2405227222278928
9640,2.024959763847733
9641,1.817742823201858
9643,3.0819460105205163
9644,2.326128430224182
9645,1.7985643938885276
96459,1.9257315744273749
9646,2.240284176931061
9647,1.998788286994867
9648,1.776557515517991
9649,1.440142082038091
965,2.0299033873095547
9650,1.817865873520783
9651,0.8473981629191472
9652,2.03307604210212
9653,1.9183683174722048
9654,1.403801216530674
9655,1.875183304497221
9656,1.9416660460263044
9657,2.0483544501760047
9658,1.9532776436614616
9659,1.53719922007874
966,2.5948485526481893
9662,1.3680995187565674
96626,0.0
9663,2.1301936346332115
9665,2.244146588108258
9666,1.90498254121559
9667,2.210826236461614
9668,1.4073828446125047
9669,2.301720351114439
967,3.1882606834141436
9670,2.081847243074542
9671,0.4339740518748788
9672,2.4491352234350496
9673,1.9672902630588125
9674,2.4851038118212747
9675,1.9139830326587175
96764,1.8367975397324745
9677,1.319175494533731
9678,1.718609737910755
9679,2.1446652614023254
968,0.0491265280900879
9681,0.8396404395995981
9682,1.8804764726426824
9683,2.0381795760128463
9684,1.7257226926164242
9685,2.285859788122541
9686,2.092200963525633
9687,2.1234433149202925
9688,1.6505508871880057
9689,2.3000938433685096
969,1.95198385006751
9690,2.1922367852507945
9692,0.8946621520779803
9693,1.6798106177329213
9694,1.9338561718037872
9695,2.3395649199913837
9696,1.8488574702092544
9697,2.2141883692673807
9698,2.39318062504556
9699,0.2191082719804654
97,1.6940079689055614
970,0.5827872864078509
9700,1.413263787366073
9701,2.293769650117645
9702,1.659194654346907
9703,2.416855032310992
9704,1.91067034706212
9705,0.0681558255976688
9706,1.87744376428227
9708,0.0763706752693144
9709,2.5223138059897403
971,1.5476173219082918
9710,2.026770462391208
9711,1.080089408963068
9712,1.1285818906785474
9715,0.4562269621457333
9716,1.780282832656099
9717,0.1588084847758757
9718,0.0
9719,1.8965974097395693
972,3.368244578779506
9720,0.1258155061858682
9721,0.4962661912262655
9722,0.6599692811232684
9723,0.4366269005985389
9724,0.0
9725,1.9576999761098797
9726,1.9592208689853177
9727,2.5487779634478067
9728,2.0218406313033013
9729,0.0236049920866109
973,1.3989523477429875
9730,1.9709405538215523
9731,1.4953999147347856
9732,1.5228279384856256
9733,2.0885701341825564
9734,0.7076181401318046
9735,1.6453453913197231
9736,1.7024239931380003
9737,1.604976897963843
9738,1.735453366697122
9739,2.1918454509258827
974,1.2254135897644205
9741,3.222795439862591
9742,2.203374581174762
9743,1.5165608172848783
9744,1.7082691826835967
9745,0.0449920531388688
9746,2.2928549273764554
9747,1.7111564780112587
9748,2.249550605160188
9749,1.612737714413608
975,2.9376749498142187
9750,1.0632500937854723
9751,1.110265699121483
9752,0.0364623094604789
9753,1.099280922523677
9754,1.891769157503892
9755,1.7684670400685607
9757,2.0397112547847405
9758,0.0144462560950847
9759,1.3944666966824342
976,2.0957255571277766
9760,1.0837164688515506
9761,2.5497362296559047
9762,1.3366077657442803
9764,1.580396011061676
9765,1.4709556488998303
9766,2.4336500679630615
9767,1.8569984936139476
9768,1.278417691955114
977,2.8777595931111963
9770,2.194819207694751
9771,1.7406318709749324
9772,2.3813090386178946
9774,2.2712470946779457
9775,2.3622369744184684
9776,2.2885137677176624
9777,2.4122988473919422
9778,2.132500580693977
9779,1.943220169540496
978,1.9011509395547597
9780,2.3329005943578323
9781,1.9358481054321128
9782,0.5028966298769667
9783,1.0381537585327387
9784,2.6518487922700533
9785,2.158852669062437
9786,1.071199351746761
9787,1.6320185317926532
9788,1.7856168936732044
9789,2.2956225067149107
9790,2.018038584734468
9791,2.2016998078934966
9792,2.2645095812799143
9793,2.3466237080748793
9794,2.2585019301474776
9796,1.2600965262679271
9797,1.9249674501752716
9798,2.3958083051510264
98,1.3183759929012215
9801,1.6986416424923645
9802,2.774677998477074
9804,2.9128015572911883
9805,2.2747125932152374
9806,2.209001257848693
9807,2.3507262190285148
9808,0.1113630007312303
9810,2.396904512364267
9811,2.2184641363236426
9812,2.1802130329251104
9813,2.1968494017147524
9814,1.5396294997826083
9815,1.2757281144989128
9816,1.5126804330781134
9817,2.517881162715838
9818,1.8449468872627532
9819,1.516320454927246
9820,2.102125505477687
9821,2.054934345264581
9823,2.2527376493248297
9824,1.2809667550627295
9825,1.7060414111500537
9826,2.2190711214192915
9827,1.865730972936296
9828,2.1874919093689247
9829,0.819758389478768
983,1.9116825280638587
9830,2.267929146878743
9831,1.8795593224982965
9832,0.2711486275042417
9833,1.754678424801401
9834,0.202009801220362
9836,1.4788935873916942
9837,1.5088094164562746
9839,1.7112484552623806
984,2.1119109686818587
9840,1.1737955081340632
9841,1.6268498483956284
9842,1.7810777020764543
9843,1.7812230812669654
9844,1.6604035015400933
9846,1.9676228852549809
9847,1.9770296294119512
9848,1.3540333000331106
9849,1.5843550411518008
9851,1.8184805835112583
9852,1.9036622703133048
9853,2.105099803701781
9854,1.3515911915424643
9855,1.4994201853114604
9856,0.0725598717535938
9857,1.8675626539856989
9858,2.0846280191361104
9859,1.550592599848479
9860,1.5049688099705405
9861,1.9156735266737153
9862,2.3499404525641956
9863,0.4760060034358719
9865,1.6246736309666654
9866,1.1545034249456538
9867,2.5675963657329417
9868,2.3738520846341165
9869,1.8708679947609104
987,2.049993258702339
9870,1.9392092235559184
9871,2.1388157404892847
9873,2.119440653325135
9874,1.9851598721209731
9875,1.62059538337039
9877,0.052263005646635
9878,2.1703128176854394
9879,2.1133375143375956
988,2.115683573718158
9880,1.3098021004461502
9881,1.8924453510270256
9882,2.141010067424012
9883,1.6593570045451789
9884,0.1391376392196552
9885,1.7743248200027588
9886,2.1421663118760903
9887,2.267225905763294
9889,1.63022869451288
989,2.2064607806793095
9890,0.9910361009517474
9891,2.2606126983997306
9892,0.1126377675040334
9894,2.319908070403573
9895,1.7122065056150442
9896,0.9353415238733398
9897,2.26597236005116
9898,2.5350706854768585
9899,0.9076116063240544
990,1.343178810677577
9900,1.844504741515642
9901,0.7095875221415768
9902,2.6608530875713625
9903,2.179919163187077
9904,1.9022207999471763
9905,2.121569398069981
9907,1.914541930182484
9908,2.1311619943514493
9909,2.0813032056395357
991,2.130746651776847
9910,1.6396638185605537
9911,0.6422974783857428
9912,0.9291812626339124
9913,2.1051733590374906
9914,1.4618366815604351
9915,1.7871633753095548
9917,2.3540312849148664
9918,2.0973373898876853
9919,2.4923359591761263
9920,1.1873057697957
9921,2.6219097997993814
9922,2.239980867531194
9923,1.9479725188770165
9924,1.8007591111798698
9925,1.882392264819662
9926,2.299910144799413
9927,2.1827206687511924
9928,0.8749166066126568
9929,2.3116297090811706
993,0.913388778540302
9931,1.7938041298268754
9933,2.192359465694256
9934,0.9902434325417112
9935,2.698227497698186
9936,1.2815386323908602
9937,1.5338300827611304
9938,1.8520897877933005
9939,2.205270240493382
994,2.279709114491196
9940,0.4561097216443815
9941,1.1576919616612935
9942,0.9892908619749402
9943,2.179998611888356
9945,2.0518800782195457
9946,1.6611978102526852
9947,0.0336664500279098
9948,2.686361889107522
9949,1.3175456011874038
995,1.1703471392498717
9950,2.4823678918815455
9951,0.3060750087792166
9953,0.9675092085980954
9955,0.4797625650053627
9956,1.831998488448359
9957,1.0751569481713663
9958,1.5430908796561449
996,2.141098801695667
9960,1.6187765477764549
9961,2.799888194251354
9962,1.964854177706184
9963,0.8274145623082121
9965,0.0197500372972908
9966,0.5912010468298661
9967,2.7181313827730142
9968,2.165468933697415
9969,2.21969826927502
997,2.4585637539436624
9970,0.3653357127756181
9971,0.0392489295621294
9972,2.2358711198581585
9973,2.3944372360484785
9975,2.2941042214223772
9976,2.0993060622598203
9978,2.316123936180624
998,2.2861386359964646
9980,1.8433105101313887
9982,0.2537720108920371
9984,1.7605732505883684
9985,2.393645707139225
9986,2.007949469504441
9987,2.7345596075116334
9988,2.021293664659516
9989,2.216268582834251
999,1.830727889228497
9990,1.619888017246803
9991,2.433775727767927
9992,0.0660413065929845
9993,2.455078310823738
9994,1.641739439058839
9997,0.5890582071004394
