genes,expVal
1,0.186037339999593
10,0.0276439590910099
100,1.2327575979653669
1000,0.913987513428352
10000,1.1937169932855334
100008586,0.0
100009668,0.2234057317392093
100009676,1.0489438799395026
10001,1.6791332608016567
10002,0.2238818013106508
10003,0.1563969960933261
100033398,0.0
100033411,0.0625696085978943
100033413,0.0
100033414,0.0
100033415,0.0
100033416,0.0
100033417,0.0
100033418,0.0
100033419,0.0
100033420,0.0
100033421,0.0
100033422,0.0
100033423,0.0
100033424,0.0
100033425,0.0
100033426,0.0
100033427,0.0
100033428,0.0
100033429,0.0
100033430,0.0
100033431,0.0
100033432,0.0
100033433,0.0
100033434,0.0
100033435,0.0
100033436,0.0
100033437,0.0
100033438,0.0
100033439,0.0
100033440,0.0
100033441,0.0
100033442,0.0
100033443,0.0
100033444,0.0
100033445,0.0
100033446,0.0
100033447,0.0
100033448,0.0
100033449,0.0
100033450,0.0
100033451,0.0
100033453,0.0
100033454,0.0
100033455,0.0
100033456,0.0
100033458,0.0
100033460,0.0
100033603,0.0
100033799,0.0
100033800,0.0
100033801,0.0
100033802,0.0
100033803,0.0
100033804,0.0
100033805,0.0
100033806,0.0
100033807,0.0
100033808,0.0
100033809,0.0
100033810,0.0
100033811,0.0
100033812,0.0
100033813,0.0
100033814,0.0
100033815,0.0
100033816,0.0
100033817,0.0
100033818,0.0
100033819,0.0
100033820,0.0
100033821,0.0
100033822,0.0
100036563,0.0
100036564,0.0
100036565,0.0
100037417,0.8599707528991236
100038246,0.0
10004,0.5171663570865035
100048903,0.0
100048907,0.0816766944344988
100048908,0.0
100048909,0.0
100048912,0.0828093123943021
100048922,0.0
100049587,0.5722773521645261
100049716,1.2290279135023696
100049717,0.0
10005,1.65301174186528
10006,2.318761967120079
10007,2.3372116661658
100073347,0.0175101773978301
10008,1.1957263905059885
10009,2.018646015419422
100093624,0.0
100093625,0.0
100093626,0.0
100093698,0.0
1001,1.4765734213561583
10010,2.051636239034763
100101116,0.0
100101117,0.0
100101118,0.0
100101120,0.0
100101266,0.3562845697911383
100101267,1.8397848254953868
100101268,0.8463336827612604
100101467,1.682257483430485
100101490,0.0
10011,2.024063358014875
100113379,0.0
100113380,0.0
100113381,0.0
100113382,0.0
100113386,0.495710922760668
100113389,0.3401827198023176
100113392,0.0
100113393,0.0
100113397,0.0754196057556881
100113403,0.0
100113404,0.0
100113407,1.1974324056257937
100124412,0.0
100124534,0.0
100124535,0.0
100124536,0.0
100124537,0.557644145757668
100124538,0.0
100124539,0.0
100124540,0.0
100124541,0.0
100124700,0.0540221383132408
100125288,0.2211803085870034
100126270,0.1001702276495741
100126296,0.0
100126297,0.0
100126299,0.0
100126301,0.0
100126302,0.0
100126303,0.0
100126304,0.0
100126306,0.0
100126307,0.0
100126308,0.0
100126309,0.0
100126310,0.0
100126311,0.0
100126313,1.0333000649321542
100126314,0.0
100126315,0.0
100126316,0.0
100126317,0.0
100126318,0.0
100126319,0.0
100126320,0.0
100126321,0.0
100126323,0.0
100126324,0.0
100126325,0.0
100126326,0.0
100126327,0.0
100126328,0.0
100126329,0.0
100126330,0.0
100126331,0.0
100126332,0.0
100126333,0.0
100126334,0.0
100126335,0.0
100126336,0.0
100126337,0.0
100126338,0.0
100126339,0.0
100126340,0.3338668220092238
100126341,0.0
100126342,0.0
100126343,0.0
100126345,0.0
100126346,0.0
100126347,0.3644089194923896
100126348,0.6052589655977353
100126349,0.0
100126350,0.0
100126351,0.0
100126352,0.0
100126354,0.0
100126355,0.0
100126356,0.0
100126572,0.0
100126791,0.2167107601059482
100126793,0.1173554320033511
100127206,0.0
100127888,0.0
100127892,0.1095384817418901
100127893,0.0
100127900,0.0
100127902,0.0
100127906,0.0
100127907,0.5748697094523108
100127911,0.0
100127917,0.0
100127924,0.3658648034044902
100127938,0.0731326033913595
100127945,0.0
100127949,0.1102687734821434
100127950,0.0
100127954,0.0
100127958,0.0
100127963,0.0
100127965,0.0487336436053482
100127967,0.0
100127969,0.0
100127978,0.0
100127981,0.0
100127983,0.3378546211044128
100127986,0.0
100127995,0.0
100127999,0.06565627325421
100128006,0.0
100128007,0.0951672823362936
100128016,0.0
100128022,0.0
100128025,0.1038567167187382
100128030,0.0
100128043,0.0
100128052,0.0
100128054,0.0123974780415539
100128059,0.0761805481519545
100128060,0.8542745616732785
100128071,0.5044350843616178
100128072,0.0
100128079,0.1086247075317278
100128083,0.1673630074226078
100128093,0.0
100128094,0.0
100128098,0.1858710144881974
100128115,0.0
100128117,0.0643072587180317
100128126,0.031262604438497
100128135,0.0
100128139,0.0
100128140,0.0467664613262632
100128144,0.0
100128154,0.0
100128164,0.0134224851965348
100128174,0.0
100128190,0.0
100128191,1.2403130730918674
100128210,0.0
100128233,0.0272409292764164
100128237,0.0
100128239,0.0260306859239784
100128240,0.0
100128248,0.0
100128250,0.1003549427233438
100128252,0.282277714016631
100128258,0.0
100128260,0.0
100128264,0.0
100128275,0.0
100128293,0.0
100128299,0.0763706752693144
100128305,0.2041265232242545
100128310,0.0
100128312,0.0
100128327,0.0126025784990239
100128334,1.5675595143395602
100128341,0.0
100128351,0.068923416931643
100128355,0.076560759028747
100128358,0.0
100128362,0.0
100128368,0.0
100128373,0.0
100128379,0.0294552189612712
100128384,0.0
100128385,0.0744674501196066
100128386,0.0563619252247972
100128397,0.498261664719046
100128398,0.3616217619129963
100128413,0.0443997508881444
100128420,0.0721778321548017
100128427,0.0
100128448,0.0
100128450,0.0
100128462,0.0
100128493,0.0
100128494,0.3276376880099102
100128505,0.0596654842894622
100128523,0.0
100128531,0.0370602183099194
100128535,0.6929984468269492
100128541,0.0
100128548,0.3191126678813421
100128554,0.0
100128560,0.2101206348407074
100128568,0.4627629187214708
100128569,0.7813188903736555
100128595,0.0
100128601,0.0173062599854029
100128605,0.0
100128610,0.0
100128637,0.0
100128640,0.618854005772164
100128646,0.1491193842892281
100128655,0.0
100128662,0.0
100128664,0.0
100128674,0.0
100128675,0.5384235142620754
100128678,0.0264342928541542
100128681,0.0
100128682,0.0086971754034013
100128685,0.0318642078034075
100128688,0.0
100128707,0.0586952005206574
100128710,0.0
100128714,0.0
100128731,3.0603388606942756
100128733,0.0
100128738,0.0
100128750,0.5360105974413675
100128756,0.0
100128766,0.2994731460902649
100128770,0.7791075877624215
100128771,0.2369414360556601
100128782,0.1850388721625969
100128788,0.600476158735976
100128803,0.0
100128804,0.0
100128807,0.0
100128811,0.0
100128817,0.0
100128822,1.17879476872013
100128833,0.0
100128849,0.0
100128863,0.0
100128865,0.0
100128867,0.0
100128881,1.0218189262717514
100128882,0.4999203969465767
100128888,0.2678539377990642
100128893,0.0113712320035829
100128899,0.0
100128902,0.0
100128905,0.1080759571659009
100128906,0.0
100128908,0.0
100128911,0.0
100128923,0.053631538511365
100128927,2.3197666663454473
100128930,0.0
100128936,1.0846648543254906
100128939,0.0
100128946,0.0
100128961,0.1348980704403251
100128963,0.0300581105554705
100128985,0.0
100128993,0.0
100129001,0.0
100129005,0.0
100129007,0.0
100129009,0.0
100129013,0.0
100129017,0.0735142061810224
100129029,0.2843377498087372
100129032,0.1445814306542895
100129040,0.0
100129045,0.0
100129049,0.0
100129053,0.0
100129060,0.392498969506788
100129061,0.0
100129066,0.0
100129074,0.0
100129075,0.7390855173695152
100129078,0.0
100129090,0.2007044229568114
100129102,0.0
100129123,0.0
100129128,0.0
100129129,0.0
100129135,0.0
100129141,0.4954886969919165
100129143,0.0
100129144,0.0
100129168,0.0
100129175,0.0528497930137067
100129176,0.0
100129180,0.1058773024419657
100129193,0.0
100129195,0.6721964810778842
100129196,0.3235965374674634
100129199,0.0
100129213,0.0
100129215,0.218469638822162
100129216,0.5795319960138128
100129223,0.0
100129227,0.094423529467826
100129229,0.0400434172142254
100129234,0.0835635353418218
100129239,0.0
100129243,1.0602000724342389
100129250,0.4790809823431844
100129259,0.0
100129260,0.0
100129271,0.0
100129276,0.0
100129277,0.0
100129278,0.0
100129283,0.0
100129284,0.0
100129288,0.0
100129298,0.0
100129307,0.0284494427319338
100129308,0.0
100129310,0.0
100129315,0.0
100129320,0.0
100129325,0.0
100129337,0.0199533676763937
100129339,0.1033047896802982
100129344,0.0
100129345,0.0
100129347,0.0
100129351,0.0
100129361,1.9726900728174963
100129367,0.0
100129368,0.0
100129370,0.0
100129374,0.0621829736100838
100129385,0.0
100129396,0.0
100129398,0.0
100129403,0.0
100129404,0.0
100129407,0.0
100129418,0.0
100129421,0.0681558255976688
100129422,0.0520673186640733
100129423,0.0
100129427,0.0
100129434,0.4188426046880013
100129452,0.0
100129456,0.0
100129457,0.0
100129461,0.574172697577225
100129471,0.0
100129480,1.090412404467603
100129484,0.5714777966331201
100129487,0.0
100129515,0.0
100129517,0.1525930213293895
100129518,0.0610219959658159
100129520,0.0140368959186701
100129527,0.0
100129540,0.0189362275154237
100129543,0.0219839916622789
100129550,1.2582430813107035
100129553,0.5412457734211459
100129554,0.0
100129556,0.0700734830017112
100129557,0.0
100129573,0.0530452976713926
100129574,0.0
100129583,0.5825904214978823
100129584,0.0
100129587,0.0
100129589,0.0
100129597,0.0
100129599,0.0
100129601,0.0
100129607,0.0
100129611,0.0
100129616,0.0
100129620,0.0
100129631,0.0
100129634,0.0
100129636,0.0
100129640,0.0
100129654,0.0138321417599086
100129657,1.529365789973618
100129662,0.0
100129667,0.0
100129669,0.0
100129670,0.1301021831418956
100129685,0.6363963278973769
100129694,0.0168982779780871
100129706,0.0
100129707,0.0
100129714,0.0
100129716,0.0731326033913595
100129718,0.0
100129722,0.1726218772089289
100129723,0.0
100129724,0.041431969987866
100129726,0.380531908022198
100129731,0.0542173700425294
100129732,0.0
100129734,0.0865736051467432
100129774,0.063149226365247
100129776,0.0
100129777,0.0
100129779,0.0
100129781,0.9932500781647936
100129782,0.0
100129784,0.0
100129792,0.3009131074817633
100129794,0.9004368227728371
100129795,0.0
100129799,0.0
100129801,0.0
100129808,0.0731326033913595
100129813,0.0
100129815,0.0
100129818,0.0600532833173621
100129819,0.0
100129827,0.0252228938178094
100129836,0.0685397094214406
100129842,0.2954270316438934
100129843,0.0
100129844,0.0
100129845,0.0219839916622789
100129847,0.0
100129858,0.1220462241655084
100129863,0.0272409292764164
100129878,0.7320693232352578
100129882,0.3170018724926201
100129917,1.1074088157702453
100129921,0.0
100129923,0.0
100129924,0.1982511050965841
100129928,0.0
100129931,0.033066130062972
100129933,0.1941455275186967
100129939,0.0
100129940,0.2430045500309304
100129947,0.0698819152678692
100129949,0.0
100129955,0.0
100129958,0.0
100129959,0.0
100129969,0.0
100129975,0.9676738503826708
100129976,0.0447946653885956
100129995,0.0
100129996,0.0
100129997,0.04578114125236
10013,1.9590184251658305
100130002,0.0
100130011,0.0
100130018,0.0
100130044,0.0
100130059,0.0
100130064,0.0
100130066,0.0
100130072,0.0
100130073,0.0664261626900539
100130086,0.0
100130105,0.0
100130108,0.0
100130110,0.0
100130111,0.0878870906234544
100130121,0.0
100130137,0.0
100130148,0.3706101527949399
100130176,0.4944878427081043
100130177,0.0
100130192,0.0863857947605423
100130196,0.0
100130197,0.0
100130203,0.0
100130225,0.0
100130231,0.0364623094604789
100130240,0.1062441514989379
100130249,0.0
100130264,0.0
100130268,0.0
100130274,0.0
100130277,0.0
100130279,0.0
100130286,0.0
100130301,0.6894626648295483
100130302,0.0130126308322217
100130310,0.0
100130311,0.071221967357895
100130313,0.0
100130316,0.0
100130319,0.0
100130326,0.0
100130331,0.0
100130335,0.1503368413657982
100130347,0.0
100130348,0.0171022935190702
100130357,0.2406780642448516
100130361,0.0
100130370,0.0191397532419228
100130374,0.0
100130386,0.0
100130391,0.0258288102084853
100130392,0.0
100130400,0.0
100130405,0.0
100130417,0.8289213107734305
100130446,0.5047643303506895
100130448,0.0
100130449,1.5741368846793031
100130466,0.0501079362162316
100130480,0.0
100130488,0.0
100130490,0.0
100130497,0.0
100130514,0.0
100130519,0.4317964909096636
100130520,0.057723791780431
100130522,0.1641228937636206
100130523,0.0434116529118274
100130524,0.0
100130535,0.0086971754034013
100130537,0.0
100130548,0.0660413065929845
100130550,0.0
100130562,2.7945166405740047
100130564,0.0274424681999785
100130566,0.0
100130587,0.0
100130602,0.0
100130603,0.0
100130607,0.0
100130612,0.0
100130613,0.0
100130620,0.095353116336939
100130626,0.0
100130630,0.0
100130636,0.0
100130660,0.0646929135332517
100130664,0.0
100130671,0.0
100130676,0.0
100130687,0.0
100130691,0.0955389086838045
100130705,0.4635758600217035
100130714,0.0
100130717,0.2465586152299185
100130718,0.0
100130719,0.0
100130721,0.3029245872753158
100130731,0.0
100130733,0.2572781176619668
100130742,0.3592246400101575
100130748,0.0322650387162132
100130750,0.2827196069755909
100130756,0.0
100130760,0.0
100130766,0.0
100130771,0.221021111993137
100130776,0.5294656374027761
100130782,0.0
100130785,0.0
100130786,0.04578114125236
100130801,0.0583067721494003
100130803,0.0
100130820,0.0
100130821,0.0
100130827,0.0
100130843,0.0
100130855,0.1534591224248764
100130861,0.0
100130871,0.0276439590910099
100130880,0.0
100130881,0.1202452363628534
100130890,0.2149480012246582
100130892,0.3191126678813421
100130894,0.0
100130898,0.0
100130929,0.0
100130933,0.0608283430685188
100130950,0.3488845622067646
100130954,0.0
100130958,0.3337289425017358
100130967,0.6077332142681786
100130980,0.2126988543900615
100130983,0.0
100130988,0.0
100130995,0.0
100131011,0.0
100131012,0.0852580403731478
100131017,1.7836313862213151
100131029,0.0
100131031,1.5522313374082153
100131033,0.0
100131036,0.2133421134199432
100131038,0.0
100131041,0.0
100131046,0.0
100131051,0.285659199945487
100131055,0.0
100131065,0.0
100131067,0.7630393413022257
100131072,0.0
100131080,0.0
100131083,0.0561671921294347
100131085,0.1336573840641972
100131089,0.8090550384893841
100131094,0.2863923752026195
100131103,0.0
100131107,0.0
100131117,0.0304597993916931
100131118,0.0
100131137,0.0
100131138,0.0
100131151,0.0
100131161,0.0400434172142254
100131187,2.883038409144539
100131189,0.0
100131193,0.5113181222208677
100131205,1.375058345621364
100131207,0.0
100131208,0.0049806933258769
100131211,1.1090554114410351
100131213,0.0921882600032804
100131216,0.0
100131229,0.0
100131236,0.0
100131244,0.0
100131246,0.0
100131250,0.0516758077965697
100131264,0.0
100131286,0.0
100131289,0.1447564345294934
100131291,0.035464851664874
100131302,0.0
100131303,0.0
100131315,0.0406387916047836
100131327,0.0
100131338,0.0
100131339,0.0848817820027076
100131340,0.0
100131348,0.0
100131366,0.0
100131369,0.0820544050747075
100131378,0.0
100131379,0.0
100131390,0.0
100131396,0.0
100131415,0.0
100131418,0.0
100131425,0.3329011466395836
100131434,0.2572781176619668
100131439,0.0
100131441,0.0
100131442,0.0
100131451,0.0
100131465,0.0
100131467,0.0916285002418245
100131469,0.0
100131471,0.822665968587263
100131496,0.0316637209677261
100131520,0.0811098068644656
100131526,0.3880174160816136
100131527,0.0
100131533,0.0
100131535,0.0506962311574882
100131536,0.098876066768446
100131550,0.0
100131553,0.0
100131557,0.0
100131562,0.0
100131608,0.0
100131611,0.0487336436053482
100131614,0.1290326108407842
100131616,0.0
100131623,0.0
100131624,0.0
100131638,0.0
100131641,0.0284494427319338
100131655,1.0042518118095536
100131656,0.0
100131672,0.1393138122542398
100131678,0.0
100131685,0.0
100131688,0.0
100131691,0.542184067933255
100131711,0.0
100131726,0.0282481437700031
100131736,0.0
100131740,0.0
100131755,0.4273003260115916
100131759,0.0
100131760,0.3452255001400199
100131761,0.2581901983896828
100131779,0.3824749171361232
100131785,0.074848442848116
100131788,0.3880174160816136
100131789,0.0
100131801,0.9085178078510132
100131805,0.0
100131810,0.0
100131814,0.0221867865316464
100131827,0.1191627482987562
100131828,0.0
100131832,0.116631393300044
100131842,0.0398448655326076
100131846,0.0
100131863,2.0516702726927765
100131893,0.0310619747051902
100131897,0.428761512079279
100131902,0.0
100131913,0.0
100131921,0.174311031346234
100131935,0.0
100131939,0.0
100131940,0.0
100131947,0.0
100131950,0.0
100131953,0.0
100131956,0.0
100131961,0.0916285002418245
100131980,0.0
100131981,0.0
100132015,0.0
100132036,0.0
100132037,0.350100378003441
100132047,0.0
100132058,0.0
100132061,0.1182595860883647
100132066,0.0
100132073,0.0
100132074,1.9045512322835256
100132076,0.0
100132078,0.0
100132086,0.0
100132103,0.04917774860458445
100132116,0.7970243650313573
100132124,0.0
100132126,0.0
100132142,0.0
100132146,0.0
100132147,0.0173062599854029
100132153,0.0794068242501354
100132166,0.0
100132169,0.4974862959890671
100132172,0.0248187083181388
100132174,0.0
100132202,0.0
100132204,0.0
100132215,0.2525488374796599
100132234,0.0
100132242,0.0
100132247,0.2877103603551462
100132249,0.3939019859550799
100132268,0.0778901327798074
100132273,0.5238232669773065
100132280,0.0
100132289,0.0
100132304,0.0
100132308,0.0
100132321,0.0
100132358,0.0
100132386,0.0
100132396,0.0
100132399,0.0
100132400,0.0
100132406,0.4552885173234218
100132415,0.2221348216975109
100132417,0.147028078610212
100132421,0.0
100132441,0.0
100132463,0.1027524940253784
100132464,0.0
100132476,0.0
100132479,0.0
100132487,0.1229452412768831
100132498,0.0
100132504,0.0
100132520,0.0
100132524,0.0
100132534,0.0959103684817372
100132537,0.0
100132547,0.2186293449996029
100132562,0.2581901983896828
100132565,0.0
100132591,0.0306605722017031
100132597,0.0
100132599,0.0
100132606,0.0
100132609,0.0
100132612,0.0
100132641,0.0
100132644,0.0
100132645,0.0
100132647,0.0
100132659,0.0
100132669,0.0
100132672,0.0
100132673,0.0475538868142473
100132677,0.01219232802879
100132678,0.8465334072434997
100132686,0.0
100132698,0.0
100132708,0.0
100132712,0.0
100132723,0.0
100132735,0.0
100132742,0.8956488214731761
100132762,0.0
100132778,0.0
100132796,0.041828279182458
100132803,0.0871367817651098
100132812,0.0530452976713926
100132824,0.1078929593095223
100132834,0.0569458532680942
100132849,0.0
100132857,0.1023840919216796
100132891,0.4662406609873151
100132916,0.0
100132922,0.6547505840023238
100132923,0.3022067985551166
100132924,0.0
100132948,0.0
100132949,0.0
100132963,0.0
100132965,0.0503040803202519
100132967,0.0
100132972,0.4483304971249586
100132977,0.0
100132979,0.0
100132987,0.0298571944893556
100132988,0.0
100132994,0.0
100132995,0.0563619252247972
100133012,0.0
100133024,0.0
100133029,0.0
100133037,0.0
100133038,0.2388119493839321
100133044,0.2443971708333719
100133053,0.0
100133054,0.0604409028617613
100133064,0.0
100133077,0.0
100133087,0.0
100133093,0.0
100133102,0.0
100133108,0.0
100133121,0.0443997508881444
100133123,0.0
100133127,0.0
100133128,0.0
100133137,0.0
100133163,0.0
100133168,0.0
100133170,0.2178304945613746
100133205,0.2665021207842197
100133210,0.0
100133220,0.13385192529669396
100133225,0.0
100133234,0.0
100133251,0.0
100133252,0.0
100133265,0.0
100133267,0.0
100133273,0.5740730685664681
100133294,0.09665278895269
100133307,0.0
100133309,0.0972091680864421
100133311,0.0060146795562324
100133315,0.547167691337005
100133316,0.0
100133319,0.0
100133330,0.0
100133461,0.0
100133545,0.0191397532419228
100133612,0.08431707500591
100133941,2.960587652463256
100133957,0.2088284047437949
100133985,0.6867563623928283
100134015,0.3334531094010107
100134229,0.4350604506089697
100134317,0.0583067721494003
100134444,0.0
100134713,0.3378546211044128
100134934,0.0546076972506679
100134938,0.0
100137047,0.2389676267024272
100137049,0.0702650067990862
10014,2.064711260783718
100141515,0.0
100144435,0.0
100144595,2.1842856791060448
100144597,0.0
100144602,0.0
100144603,0.7129386687524958
100144748,0.4084156491467168
100147744,0.0
100147745,0.0
100147746,0.440468788138026
100147747,0.0
100147749,0.0
100147752,0.4788536473516551
100147755,0.0
100147756,0.0
100147758,0.0
100147759,0.0
100147760,0.0
100147761,0.0
100147762,0.0
100147766,0.0
100147767,0.0
100147768,0.9119494733866296
100147769,0.0
100147770,0.0
100147771,0.0
100147812,0.0
100147813,0.0
100147814,0.0
100147815,0.0
100147817,0.0
100147821,0.0
100147822,0.0
100147825,0.0
100147827,1.1627565771725898
100147828,0.0
100147829,0.0
100147830,0.0
100147832,0.7090957139346297
100147833,0.0
100147834,0.0
100147835,0.0
100147836,0.9119494733866296
100147837,0.0
10015,2.519931649976023
100151643,0.0
100151645,0.0
100151647,0.0
100151648,0.0
100151649,0.0
100151650,0.0
100151651,0.0
100151652,0.0
100151654,0.0
100151655,0.0
100151656,0.0
100151658,0.440468788138026
100151663,0.0
100151664,0.0
100151665,0.0
100151666,0.0
100151667,0.0
100151668,0.0
100151670,0.0
100151671,0.0
100151672,1.0609053250544362
100151676,0.0
100151677,0.0
100151678,0.0
100151679,0.0
100151681,1.0609053250544362
100151683,0.0
100151684,0.0
100151685,0.0
100151686,0.0
100151687,0.4350604506089697
100151688,0.0
100158257,0.0
10016,0.7165977155270943
100169751,0.0
100169752,0.0
100169753,0.0
100169754,0.0
100169755,0.0
100169756,0.0
100169757,0.0
100169758,0.0
100169759,0.0
100169760,0.0
100169761,0.0
100169762,0.0
100169763,0.0
100169764,0.0
100169765,0.0
100169766,0.0
100169767,0.0
100169768,0.0
100169834,1.125856659836902
100169850,0.0
100169851,0.0
10017,0.1272468869287004
100170229,0.5377948377550712
100170765,0.0
100170841,0.2726416588947935
100174857,0.0
100174949,0.0
10018,1.905007410283184
100187716,0.0
100188847,0.0
100188891,0.0
100188893,0.0
100188949,0.0364623094604789
100188953,0.0366616595234452
100188954,0.0238073990491231
100189478,0.0
100189512,0.0
100189589,0.0
10019,1.6493456140220064
100190938,1.2269955852440773
100190940,0.0066344685557293
100190949,0.0
100191040,0.577055872230508
100192204,0.0
100192379,0.0
100192386,0.0326656794165476
100192420,0.0
100194425,0.0891985025665453
100194426,0.2356919745933813
1002,0.0738956344925407
10020,1.5405829273236835
10021,0.0207662015448037
100216001,0.0
100216339,0.0860100466169922
100216341,0.1558793174845897
10022,0.0
10023,1.5533268839229453
100233209,0.1944747460819447
10024,2.0143671555620117
100240711,0.0
100240712,0.0
10025,2.3712619086160465
10026,1.8478189000860632
100268168,0.3710042664928334
100270648,0.0
100270679,0.0
100270680,0.0140368959186701
100270753,0.074848442848116
100270754,0.0
100270755,0.114273863088368
100270790,0.0
100270804,0.5552951727878813
100270823,0.0534361704016004
100270825,0.0
100270826,0.0
100270827,0.6946757171074402
100270828,0.0
100270832,0.1144554512135472
100270833,0.0416301479021601
100270834,0.0497155105434259
100270835,0.0
100270837,0.0
100270838,0.0
100270839,0.0404403802309502
100270840,0.2806553026210401
100270841,0.3323487880510513
100270843,0.0
100270844,0.0
100270845,0.0
100270846,0.0
100270848,0.0
100270851,0.0
100270852,0.0
100270853,0.0
100270854,0.9341838783210158
100270855,0.0
100270856,0.0
100270857,0.0
100270858,0.043016088629042
100270859,0.0
100270860,0.0824319443491516
100270862,0.6857387228543912
100270865,0.4554058880638007
100270866,0.0
100270867,0.0
100270869,0.0604409028617613
100270870,0.0
100270871,0.0
100270872,0.0
100270873,0.0782695646180464
100270874,0.0
100270875,0.0400434172142254
100270876,0.0
100270877,0.0
100270879,0.0
100270880,0.0
100270881,0.0
100270882,0.0
100270884,0.0
100270885,0.0
100270886,0.0
100270887,0.0
100270888,0.0
100270889,0.0986910213962365
100270890,0.1180788346824814
100270895,0.0
100270896,0.4214268337653372
100270897,0.0
100270900,0.2684540003248531
100270903,0.0
100270904,0.0908815660467812
100270905,0.0910683626288553
100270906,0.0
100270907,0.0
100270908,0.0
100270910,0.0
100270911,0.0
100270912,0.0
100270914,0.0
100270916,0.0
100270917,0.0396462670429822
100270919,0.0
100270922,0.0
100270923,0.0
100270924,0.0
100270925,0.0
100270928,1.7995293318264125
100270930,0.0
100270935,0.0
100270937,0.0
100270938,0.0
100270939,0.0
100270940,0.8166983147827327
100270941,0.0
100270942,0.0
100270943,0.0
100270944,0.0
100270946,0.5936282201541268
100270950,0.0
100270951,0.0
100270952,0.0
100270953,0.0
100270954,0.0
100270955,0.0
100270956,0.0780798702999492
100270959,0.0920017153720052
100270961,0.0
100270962,0.0
100270963,0.1465044137579888
100270964,1.0145996587618402
100270966,0.0
100270967,0.0
100270968,0.0
100270969,0.0
100270970,0.0933066477599419
100270971,0.5105565533407368
100270975,0.0
100270977,0.0
100270978,0.0
100270980,0.0
100270981,0.0
100270982,0.0
100270983,0.0
100270984,0.0
100270985,0.3270815441316422
100270986,0.0
100270987,0.0
100270988,0.0946095302476571
100270989,0.0
100270990,0.0
100270993,0.1518994770252737
100270994,0.0
100270995,0.1034888062958342
100270996,0.0
100270997,0.0
100270998,0.0
100270999,0.0
100271001,0.0
100271002,0.1007242492434112
100271003,0.3323487880510513
100271004,0.5182442030811757
100271007,0.0921882600032804
100271008,0.0
100271010,0.7535149501307794
100271011,0.0
100271012,0.0
100271015,0.0
100271016,0.0
100271017,0.6171689931630995
100271018,0.0
100271019,0.0
100271020,0.0
100271023,0.6239776146616375
100271033,0.0538268611423806
100271034,0.0
100271035,0.0
100271036,0.0
100271037,0.0869490986322006
100271038,0.0
100271039,0.0860100466169922
100271041,0.0583067721494003
100271042,0.0
100271043,0.0
100271044,0.4092901167367211
100271045,0.0
100271047,0.0
100271049,0.0
100271052,0.0
100271053,0.0923747627007558
100271054,0.0
100271055,0.0
100271056,0.0
100271057,0.0
100271059,0.0
100271060,0.0
100271062,0.0
100271063,0.0797855659595778
100271065,0.0
100271066,0.3880174160816136
100271067,0.0
100271068,0.074848442848116
100271069,0.0
100271071,0.0852580403731478
100271072,0.0
100271073,0.0
100271075,0.0
100271076,0.1449314009166019
100271077,0.0
100271078,0.0
100271080,0.0
100271085,0.0
100271088,0.0
100271089,0.0
100271090,0.0
100271091,0.0
100271093,0.0
100271094,0.0
100271097,0.0
100271098,0.0
100271101,0.0
100271103,0.0
100271104,0.0
100271105,0.0
100271107,0.0
100271110,0.0
100271111,0.0
100271112,0.1913417191488781
100271113,0.0
100271116,0.0
100271119,0.0
100271120,0.3107768124017167
100271121,0.5170584842001492
100271123,0.0
100271126,0.0
100271127,0.0
100271129,0.0
100271131,0.0
100271132,0.0660413065929845
100271133,0.0481439722271771
100271136,0.0
100271141,0.0
100271142,0.0
100271143,0.0
100271144,0.2130205485608581
100271145,0.0
100271146,0.0
100271147,0.0
100271148,0.0398448655326076
100271149,0.0
100271150,0.0
100271151,0.0
100271152,0.0
100271153,0.0
100271154,0.0
100271155,0.0
100271156,0.0
100271158,0.0
100271160,0.0
100271161,0.0727508259833435
100271162,0.0746579682411712
100271163,0.0
100271164,0.0
100271165,0.1405459622981713
100271166,0.0
100271167,0.0
100271168,0.1431800483883791
100271169,0.0723688738166034
100271170,0.0727508259833435
100271171,0.0
100271172,0.0
100271173,0.0
100271174,0.0
100271175,0.201846744967738
100271176,0.0
100271177,0.0
100271178,0.0
100271179,0.0
100271180,0.0
100271181,0.0
100271184,0.0
100271185,0.0
100271186,0.0733234266047182
100271187,0.0
100271189,0.1405459622981713
100271190,0.0
100271191,0.0
100271193,0.1108160684965277
100271194,0.0
100271197,0.0
100271198,0.0
100271199,0.0
100271200,0.0
100271201,0.0
100271202,0.0
100271204,0.0
100271206,0.0
100271207,0.0
100271209,0.918697471314977
100271210,0.1341893368520052
100271211,0.0445972313113895
100271212,0.0
100271213,0.0
100271214,0.0
100271215,0.089572811643912
100271216,0.0
100271217,0.0473570995805846
100271218,0.0
100271220,0.0
100271221,0.09665278895269
100271224,0.0
100271225,0.0
100271226,0.0
100271227,0.0
100271229,0.0
100271230,0.0
100271233,0.0
100271235,0.0
100271236,0.0
100271237,0.0
100271243,0.0
100271244,0.0
100271247,0.0
100271250,0.0
100271251,0.1240227657226751
100271252,0.1173554320033511
100271253,0.0479473231186116
100271254,0.0
100271256,0.0
100271257,0.0
100271258,0.0
100271260,0.6944243901250087
100271261,0.0
100271263,0.0
100271267,0.0
100271271,0.6924104238187144
100271272,0.0
100271276,0.0
100271277,0.2616767677010045
100271278,0.2568216815987181
100271282,0.247021015259454
100271284,0.0
100271285,0.0
100271286,0.4528194211296233
100271287,0.0
100271288,0.0
100271290,0.0
100271291,0.0
100271292,0.0
100271293,0.0
100271294,0.0
100271296,0.0
100271297,0.0
100271298,0.0738956344925407
100271299,0.0
100271300,0.2125379587842801
100271301,0.0
100271302,0.0
100271304,0.0
100271305,0.0
100271306,0.1654887289915786
100271308,0.0
100271309,0.0
100271312,0.4277877058745143
100271313,0.0
100271315,0.1058773024419657
100271316,0.0
100271317,0.0
100271319,0.4544664003159852
100271321,0.0
100271324,0.0
100271326,0.0
100271328,0.0
100271329,0.0
100271332,0.1060607473296442
100271334,0.0
100271336,0.0
100271337,0.0
100271338,0.0
100271339,0.0
100271340,0.0
100271342,0.0
100271344,0.0
100271346,0.0
100271347,0.0
100271351,0.0
100271353,0.0910683626288553
100271354,0.0
100271357,0.0
100271358,0.0
100271359,0.4839517168688308
100271360,0.0
100271361,0.1651474855524761
100271362,0.0
100271363,0.0
100271364,0.0
100271365,0.0
100271366,0.0
100271372,0.0
100271374,0.3815687992175671
100271375,0.0
100271376,0.0
100271378,0.0
100271379,0.0
100271380,0.0
100271381,0.0
100271383,0.5780473597224134
100271384,0.0
100271385,0.0
100271386,0.04578114125236
100271387,0.0
100271389,0.0
100271391,0.0
100271392,0.3797533081747531
100271393,0.0
100271395,0.0
100271398,0.0
100271399,0.0
100271401,0.0
100271402,0.0
100271404,0.0
100271407,0.0
100271408,0.0
100271410,0.0
100271411,0.0
100271414,0.0
100271415,0.7442414310518527
100271416,0.0
100271417,0.0
100271419,0.0
100271420,0.0
100271421,0.0
100271422,0.8984155726540889
100271423,0.0744674501196066
100271424,0.0
100271425,0.0
100271427,0.0
100271428,0.0
100271429,0.0
100271430,0.0681558255976688
100271431,0.0
100271432,0.0
100271433,0.0
100271435,0.0
100271437,0.0
100271438,0.4313117234116039
100271439,0.1396660445520418
100271441,0.0
100271444,0.1380798037091699
100271447,0.035464851664874
100271448,0.0
100271449,0.0
100271450,0.0
100271451,0.0
100271452,0.0
100271453,0.0
100271456,0.0
100271457,0.0
100271458,0.0
100271460,0.1424784549426613
100271461,0.0
100271462,0.0
100271464,0.0
100271465,0.0
100271466,0.0
100271467,0.0
100271469,0.0
100271470,0.0
100271471,0.2788815579750946
100271474,0.0
100271475,0.0
100271476,0.3226179110229265
100271477,0.0
100271478,0.0
100271479,0.2264160481716871
100271480,0.0
100271482,0.0
100271483,0.0
100271485,0.0
100271486,0.0
100271487,0.0
100271488,0.6499392972481077
100271489,0.0
100271490,0.0
100271491,0.0
100271492,0.0
100271495,0.1177172127846447
100271498,0.0
100271499,0.0
100271500,0.0
100271502,0.0
100271503,0.0
100271504,0.0
100271505,0.0
100271507,0.0
100271510,0.0
100271512,0.0
100271513,0.0
100271515,0.3685047589206305
100271516,0.0
100271520,0.0
100271533,0.0
100271534,0.0
100271535,0.0495192289370227
100271536,0.0
100271537,0.0
100271538,0.1651474855524761
100271539,0.0
100271542,0.0
100271543,0.0471602662673416
100271545,0.0
100271547,0.0
100271548,0.4764623692625881
100271549,0.0
100271551,0.0
100271553,0.0
100271557,0.0
100271558,0.0
100271560,0.0
100271561,0.0
100271562,0.0
100271563,0.0
100271564,0.9371316158310072
100271570,0.1898533880244812
100271572,0.0985059346638177
100271574,0.0
100271575,0.5876911886994094
100271583,0.0
100271585,0.0
100271586,0.1347209445133961
100271587,0.0
100271588,0.0
100271589,0.0
100271590,0.0
100271591,0.0
100271592,0.0
100271593,0.0473570995805846
100271594,0.4039022480596825
100271595,0.0
100271596,0.0
100271597,0.0
100271602,0.0648856742777243
100271604,0.0
100271605,0.0
100271606,0.0
100271607,0.0
100271610,0.0
100271612,0.700347668783148
100271613,0.0
100271617,0.0
100271619,0.0
100271620,0.1391376392196552
100271621,0.0
100271622,0.0
100271623,0.0756099064785592
100271624,0.1416006154108587
100271626,1.433928984634015
100271627,0.0742768884659622
100271630,0.0
100271638,0.0
100271639,0.0
100271642,0.0
100271644,0.0
100271647,0.1108160684965277
100271649,0.0
100271650,0.9772020660376638
100271651,0.3758482803482453
100271652,0.0878870906234544
100271702,0.2160702066097536
100271715,0.0934928992017695
100271832,0.0807316672117631
100271835,0.0
100271836,0.2262578936399773
100271846,0.0
100271849,0.0668108416886656
100271870,0.0
100271873,0.0164900995891271
100271884,0.0
100271893,0.0
100271927,0.2899020741820128
100272147,0.0
100272228,0.3299968365272935
100286844,0.2364731183324891
100286918,0.0
100286938,0.0
100286946,0.045189394581304
100286958,0.0
100286962,0.121866302736131
100286963,0.0
100286964,0.0
100286997,0.1738046550044918
100287013,0.1034888062958342
100287014,0.0
100287015,1.1057140019534748
100287016,0.6147278958345521
100287036,0.2107659687066258
100287042,0.9066435459844396
100287045,0.0
100287049,0.6703762230879322
100287066,0.0
100287067,0.0
100287074,0.0
100287082,0.3542734726887055
100287087,0.5142481366902564
100287136,0.0
100287140,0.0
100287144,0.0
100287148,0.188196455857058
100287171,1.4069833540283236
100287173,0.0
100287177,0.0
100287178,0.0
100287200,0.0
100287205,0.0
100287225,0.0018711756515813
100287226,0.0
100287234,0.0
100287238,0.0
100287243,0.0
100287266,0.0
100287270,0.0
100287272,0.0334663908138561
100287279,0.0
100287284,0.1213263021618315
100287290,0.0931203544834532
100287325,0.0495192289370227
100287327,0.0
100287335,0.0
100287345,0.0
100287355,0.0
100287357,0.0
100287361,0.0717956175864252
100287364,0.0
100287366,0.0
100287399,0.0
100287404,0.0
100287427,0.0548027927666294
100287430,0.0
100287441,0.0
100287461,0.0372594270725486
100287478,0.0
100287482,1.803165512192402
100287498,0.0
100287512,0.0
100287513,0.0
100287520,0.2102820170793421
100287539,0.0
100287542,0.0
100287551,0.0
100287559,0.0350655380227658
100287569,0.3989819899680454
100287573,0.0
100287577,0.0
100287579,0.0
100287591,0.0
100287592,0.0
100287616,1.3821867717687066
100287635,0.0
100287692,0.0
100287704,0.0
100287718,0.0
100287722,0.0408371562480633
100287745,0.1903498040086411
100287785,0.0
100287792,0.0168982779780871
100287808,0.6017228225728225
100287834,0.0
100287837,0.2397455554894407
100287840,0.0
100287856,0.0
100287879,0.0
100287887,1.8480478005622696
100287895,0.0
100287896,1.3443929366407148
100287898,0.1738046550044918
100287900,0.0
100287902,0.3411393026160296
100287912,0.0
100287919,0.0
100287928,0.0
100287932,2.834697323402857
100287944,0.0
100287948,0.0
100287964,0.0
100287966,0.1066108377458085
100288001,0.0677717653179942
100288022,0.0
100288035,0.0
100288072,0.0788383885327216
100288073,0.174311031346234
100288097,0.0278454019696254
100288112,0.0
100288122,0.2545355335728673
100288123,0.553759063748244
100288129,0.0
100288142,0.1872006591820415
100288146,0.0
100288148,0.0
100288172,0.0
100288181,0.1064275149657084
100288195,0.0
100288198,0.4296125514780102
100288208,0.0
100288227,0.0
100288233,0.0
100288241,0.0
100288252,0.2831612505969013
100288264,0.0
100288287,0.0
100288298,0.0
100288323,0.0
100288330,0.0
100288332,0.1525930213293895
100288337,0.0
100288392,0.0
100288413,1.2816656336306953
100288416,0.0
100288420,0.0
100288484,0.0348658102965977
100288510,0.0348658102965977
100288513,0.0
100288520,0.0
100288533,0.1586364724369398
100288543,0.0
100288560,0.0816766944344988
100288584,0.0
100288590,0.0
100288637,1.0114424599398018
100288654,0.0
100288659,0.0
100288663,0.0477506279872771
100288683,0.0735142061810224
100288687,0.0
100288690,0.1997239947427288
100288695,0.0
100288711,0.0
100288724,0.0
100288742,0.0
100288763,0.0
100288771,0.0
100288772,0.0246165431357565
100288778,1.9497464112952936
100288785,0.0
100288797,0.0
100288798,0.6297085495192024
100288801,0.0
100288803,0.0
100288814,0.1343665777337765
100288825,0.0
100288831,0.0
100288842,1.1529424900194667
100288843,0.0
100288846,0.0516758077965697
100288853,0.0
100288866,0.029254159459327
100288868,0.1969395996757199
100288885,0.0
100288897,0.0286506937617837
100288911,0.947708152609652
100288948,0.0
100288950,0.0
100288964,0.0
100288984,0.0
100288998,0.0372594270725486
100289017,0.0
100289028,0.0
100289034,0.0
100289037,0.0
100289061,0.4490410849371847
100289087,0.0
100289091,0.0
100289092,0.0600532833173621
100289095,0.0481439722271771
100289097,1.0391295186163076
100289098,0.9437274591933378
100289099,0.0
100289118,0.061215604083323
100289133,0.2171908384806782
100289141,0.0
100289178,0.3102084114303381
100289184,0.0
100289187,0.6603216643600908
100289206,0.022997480615535
100289211,0.5554997381448878
100289220,0.0288518968796068
100289230,0.2370974806067989
100289237,0.0
100289255,0.0
100289259,0.0207662015448037
100289264,0.0479473231186116
100289274,0.8386978048455055
100289279,0.0
100289280,0.0
100289303,0.0420263638480368
100289315,0.0
100289319,0.1159067175904995
100289341,0.5707774468542421
100289350,0.0
100289360,0.0
100289361,0.0
100289371,0.5479949383201965
100289373,0.5879843439736677
100289380,0.0
100289381,0.0
100289388,0.4958220102683504
100289404,0.270101814525391
100289414,0.6881108568814367
100289416,0.0
100289419,0.0
100289448,0.0
100289450,0.0
100289462,0.0
100289470,0.0310619747051902
100289473,0.0453866897349848
100289475,0.0
100289479,0.0
100289495,0.445956941528477
100289509,0.1598397954841866
100289518,0.636943156737057
100289545,0.5461322881673503
100289568,0.0
100289581,0.0
100289584,0.0
100289607,0.0
100289635,0.304501394118264
100289640,0.0
100289650,0.0
100289678,1.055097227759622
10029,0.0
100292680,0.2878566660488788
100293090,2.842623571900819
100293516,1.7932392868613094
100294362,0.9126095657669432
100294713,0.0
100294720,0.0
1003,1.952969285465331
100302111,0.0
100302112,0.0
100302113,0.0
100302114,0.0
100302115,0.0
100302116,0.0
100302117,0.0
100302118,0.0
100302119,0.0
100302121,0.350100378003441
100302122,0.0
100302123,0.0
100302124,0.0
100302125,0.0
100302126,0.0
100302127,0.0
100302128,0.0
100302129,0.0
100302130,0.0
100302131,0.0
100302132,0.0
100302133,0.0
100302134,0.0
100302135,0.0
100302136,0.0
100302137,0.0
100302138,0.0
100302139,0.0
100302140,0.0
100302141,0.0
100302142,0.0
100302143,0.0
100302144,0.0
100302145,0.0
100302146,0.0
100302147,0.0
100302148,0.0
100302149,0.4198281252169684
100302150,0.0
100302152,0.0
100302153,0.0
100302155,0.0
100302156,0.0
100302157,0.0
100302158,0.0
100302159,0.0
100302160,0.0
100302161,0.4350604506089697
100302163,0.0
100302164,0.0
100302166,0.0
100302167,0.0
100302168,0.0
100302170,0.0
100302171,0.0
100302172,0.0
100302174,0.0
100302175,0.0
100302177,0.0
100302178,0.0
100302179,0.0
100302181,0.0
100302182,0.0
100302183,0.0
100302184,0.0
100302185,0.0
100302186,0.0
100302187,0.0
100302188,0.0
100302190,0.0
100302191,0.0
100302192,0.0
100302193,0.0
100302196,0.0
100302197,0.0
100302201,0.0
100302202,0.0
100302203,0.3401827198023176
100302204,0.0
100302205,0.0
100302208,0.0
100302209,0.0
100302210,0.0
100302211,0.0
100302212,0.0
100302213,0.0
100302214,0.0
100302217,0.0
100302218,1.1973583395597145
100302219,0.0
100302220,0.0
100302221,0.0
100302222,0.0
100302223,0.0
100302224,0.0
100302225,0.0
100302226,0.0
100302227,0.0
100302228,0.0
100302229,0.0
100302232,0.0
100302233,0.0
100302234,0.0
100302235,0.0
100302236,0.0
100302237,0.0
100302238,0.0
100302239,0.0
100302240,0.0
100302242,0.0
100302243,0.6212807618630699
100302246,0.0
100302250,0.0
100302251,0.0
100302254,0.0
100302255,0.0
100302256,0.0
100302257,0.0
100302258,0.0
100302259,0.0
100302260,0.0
100302261,0.0
100302263,0.0
100302265,0.0
100302267,0.0
100302268,0.0
100302270,0.0
100302274,0.0
100302275,0.5757648630317661
100302276,0.0
100302277,0.0
100302278,0.0
100302279,0.0
100302280,0.0
100302281,0.0
100302282,0.0
100302283,0.0
100302284,0.0
100302285,0.0
100302286,0.0
100302287,0.0
100302288,0.0
100302289,0.0
100302290,0.0
100302401,0.2099592200681515
100302522,0.0
100302666,0.0925612234809782
100302691,0.0761805481519545
100302692,0.7752569989433724
100302736,0.0191397532419228
100302737,0.0
100302738,0.0
100302741,0.0
100302742,0.0
100302743,0.0
100303491,0.0
100303728,0.3804021968742689
100303755,0.8580122747390678
100306951,0.4873308290771032
100309464,0.0
100310782,0.0
100310812,0.0173062599854029
100310846,0.7464168194317394
100310850,0.0
100310851,0.0
100310852,0.4886781175869438
100310853,0.0
100310855,0.0
100310856,0.0
100310857,0.0
100312775,0.105693816820032
100312782,0.0
100312785,0.0
100312787,0.0
100312788,0.0
100312789,0.0
100312792,0.0
100312798,0.0671953437318986
100312801,0.0
100312803,0.0364623094604789
100312806,0.0
100312807,0.0
100312809,0.0
100312812,0.0
100312817,0.0
100312821,0.0
100312825,0.1009088407219797
100312828,1.101564736478796
100312830,0.0811098068644656
100312832,0.0
100312835,0.0
100312837,0.0
100312838,0.0
100312842,0.0520673186640733
100312848,0.0
100312849,0.7963774247278423
100312850,0.042620338349058
100313770,0.0
100313771,0.0
100313772,0.0
100313773,0.0
100313774,0.0
100313777,0.0
100313778,0.0
100313779,0.0
100313780,0.0
100313781,0.0
100313806,0.0
100313822,0.0
100313824,0.0
100313829,0.0
100313830,0.0
100313835,0.0
100313837,0.0
100313838,0.0
100313839,0.0
100313840,0.0
100313841,0.0
100313842,0.0
100313843,0.0
100313884,0.0
100313886,0.0
100313887,0.0
100313892,0.0
100313895,0.0
100313914,0.0
100313921,0.0
100313923,0.0
100313938,0.0
100316904,0.0
100329135,0.0236049920866109
100337589,0.0
100337590,0.0
100337591,0.2327166047192115
100359394,0.0262293235099911
10036,2.0412658609034833
100379132,0.2226116503176634
100379141,0.0
100379174,0.0
100379224,0.2265741713124618
100379250,0.0
100379287,0.0
100379296,0.0
100379298,0.0
100379300,0.0
100379345,0.3857022353430552
100379378,0.0
100379564,0.0
100379571,0.7011777969645735
100379584,0.0
100379592,1.4153564817599311
10038,2.009005456710176
100380272,0.1840391672405283
100381178,0.0
100381270,0.0284494427319338
10039,2.0766195276223183
1004,0.4705073950412826
10040,2.1534018494135636
100418706,0.0637284429094406
100418707,0.0814877748095437
100418710,0.0388514046163894
100418712,0.0
100418714,0.0
100418715,0.0
100418718,0.0
100418720,0.2213394734265361
100418721,0.0
100418722,0.0
100418723,0.5100120859632781
100418731,0.0
100418735,0.129745813935983
100418737,0.7464168194317394
100418740,0.0099324012091867
100418744,0.4830479808106961
100418747,0.125636408067992
100418748,0.3277766613678189
100418751,0.0
100418753,0.1596680011708285
100418754,0.0
100418768,0.0
100418769,0.0
100418770,0.0
100418774,0.0
100418781,0.4532903606930506
100418792,0.0
100418799,0.0
100418814,0.3366192385950894
100418819,0.0342663432615378
100418829,0.0540221383132408
100418832,0.0
100418834,0.5605949231158076
100418835,0.0
100418836,0.0
100418865,0.0274424681999785
100418871,0.0
100418874,0.0
100418877,0.136843931739014
100418881,0.8250102074226036
100418885,0.0
100418888,0.0
100418889,0.0
100418892,0.4756635428944551
100418897,0.0
100418903,0.0
100418904,0.0
100418906,0.0
100418908,0.0
100418910,0.3177061107824478
100418919,0.0614091674392234
100418921,0.0600532833173621
100418937,0.2910684782073524
100418951,0.0
100418956,0.0
100418959,0.0
100418960,0.0
100418961,0.0
100418964,0.0
100418965,0.0
100418968,0.1936514469748223
100418974,0.0442022240997431
100418983,0.0
100419006,0.0
100419008,0.0
100419016,0.0
100419017,0.2557556363801945
100419023,0.0
100419028,0.9074906804536924
100419029,0.0
100419036,0.2308316701084366
100419045,0.0
100419046,0.0294552189612712
100419047,0.0
100419056,0.1198845651997117
100419058,0.0
100419069,0.0290530521054448
100419073,0.0
100419075,0.4178557853996705
100419092,0.0
100419095,0.0
100419149,0.0
100419154,0.0
100419178,0.0
100419185,0.0352652184723042
100419187,0.0
100419209,0.1302803097110695
100419246,0.0
100419293,0.0
100419318,0.0
100419319,0.0
100419353,0.0
100419356,0.0
100419366,0.0
100419391,0.0
100419416,0.0
100419423,0.0
100419426,0.0
100419427,0.058501008843608
100419436,0.2847784812970493
100419447,0.0
100419458,0.0873244225138922
100419471,0.0
100419472,0.0
100419477,0.0725598717535938
100419489,0.0
100419503,0.2319317581334551
100419506,0.0
100419512,0.0
100419513,0.0
100419515,0.5740730685664681
100419548,0.1447564345294934
100419553,0.0
100419554,0.0
100419558,0.0
100419560,0.1038567167187382
100419562,0.0
100419570,0.0
100419572,0.0
100419574,0.1786864032253949
100419610,0.0
100419614,0.0
100419615,0.0
100419616,0.0
100419624,0.0
100419639,0.0
100419641,0.0
100419642,0.0
100419643,0.1209661047225065
100419644,0.0
100419645,0.0
100419649,0.0
100419650,0.0
100419654,0.0
100419668,0.4409476315873112
100419679,0.2554507873990374
100419684,0.0
100419685,0.0
100419691,0.0
100419692,0.0
100419693,0.0447946653885956
100419700,0.0
100419701,0.0
100419704,0.0
100419712,0.0
100419713,0.0
100419716,0.0
100419717,0.0
100419727,0.0
100419732,0.0
100419733,0.0
100419739,0.0
100419741,0.0
100419742,0.0
100419743,0.0
100419755,0.0
100419758,0.0
100419761,0.0
100419762,0.0
100419764,0.0
100419774,0.0
100419775,0.0
100419777,0.0
100419780,0.0
100419783,0.0
100419784,0.0
100419786,0.0
100419791,0.0
100419792,0.0
100419806,0.0
100419811,0.0
100419812,0.0
100419815,0.0
100419816,0.0
100419824,0.0232000328901817
100419827,0.0
100419830,0.0
100419839,0.0
100419847,0.1058773024419657
100419851,0.0
100419855,0.0
100419859,0.0
100419861,0.0
100419877,0.0
100419878,0.4592687069148791
100419880,0.0
100419883,0.0
100419891,0.0
100419893,0.0
100419894,0.0
100419912,0.0573349127789155
100419913,0.0
100419916,0.0
100419917,0.0479473231186116
100419920,0.8528260780085217
100419923,0.0
100419928,0.1119095706081079
100419929,0.0
100419930,0.0
100419932,0.0
100419949,0.0
100419950,0.0
100419955,0.0837519842731955
100419960,0.0
100419964,0.0422244019181622
100419967,0.0
100419968,0.0
100419972,0.0
100419974,0.0
100419977,0.0
100419978,0.0
100419979,0.2195869118689518
100419995,0.0
100419996,0.054997842915243
10042,2.006916097207365
100420005,0.0
100420006,0.0
100420008,0.0
100420011,0.2628858809535586
100420013,0.0
100420015,0.2034758186827095
100420018,0.0
100420019,0.0
100420020,0.1042244635039507
100420021,0.0
100420025,0.0
100420027,0.0
100420028,0.243623794793028
100420030,0.0
100420036,0.0
100420041,0.0
100420044,0.0
100420048,0.0
100420050,0.0
100420051,0.5469607303095628
100420052,0.0
100420053,0.0
100420057,0.0322650387162132
100420058,0.0
100420066,0.0
100420073,0.0
100420080,0.0
100420083,0.0
100420084,0.0
100420089,0.0639214260144302
100420096,0.0
100420100,0.1553613094606595
100420110,0.121866302736131
100420113,0.0300581105554705
100420114,0.0428182367483027
100420116,0.0
100420119,0.0
100420121,0.0
100420122,0.0
100420123,0.0
100420127,0.0
100420143,0.0
100420155,0.0
100420158,0.0
100420166,0.0
100420170,0.0
100420180,0.0
100420186,0.0
100420187,0.0
100420200,0.0
100420205,0.0
100420211,0.0
100420213,0.0
100420214,0.0
100420223,0.0
100420224,0.0
100420226,0.0
100420228,0.0
100420247,0.0
100420250,0.0
100420254,0.0
100420257,0.009520858735307
100420259,0.2971636543944906
100420260,0.0
100420263,0.0
100420273,0.0
100420275,0.0
100420287,0.0
100420292,0.0
100420295,0.0
100420298,0.0
100420307,0.8227350379867654
100420308,0.1025683134842556
100420320,0.0
100420321,0.0
100420323,0.0
100420324,0.0
100420325,0.0
100420336,0.0
100420341,0.1570867224494012
100420342,0.0
100420347,0.0
100420354,0.0
100420356,0.0
100420362,0.0
100420363,0.0
100420364,0.0
100420367,0.0
100420368,0.0
100420369,0.0
100420370,0.0
100420373,0.0
100420374,0.0
100420376,0.0
100420377,0.0
100420378,0.0
100420385,0.0
100420386,0.0
100420389,0.0
100420392,0.0
100420403,0.0
100420406,0.0
100420410,0.0
100420412,0.0
100420413,0.0
100420423,0.0880745620036581
100420424,0.0
100420428,0.0
100420430,0.0
100420466,0.0
100420473,0.0
100420476,0.0
100420501,0.0
100420502,0.3681093484764645
100420505,0.4271784313218206
100420512,0.0
100420514,0.0
100420526,0.0
100420527,0.2026616951876663
100420531,0.0
100420532,0.045189394581304
100420534,0.0
100420535,0.054997842915243
100420540,0.0
100420541,0.0
100420545,0.0
100420546,0.1780148076809264
100420551,0.0
100420552,0.0
100420557,0.0
100420558,0.0
100420567,0.0
100420568,0.1538053052160182
100420569,0.0
100420572,0.0
100420574,0.0
100420576,0.0
100420580,0.0
100420583,0.0
100420589,0.0
100420590,0.0
100420591,0.0
100420607,0.0920017153720052
100420613,0.0
100420621,0.0
100420642,0.0
100420647,0.0
100420656,0.0
100420658,0.0
100420660,0.0
100420680,0.0
100420683,0.0
100420707,0.0481439722271771
100420710,0.0
100420737,0.0
100420742,0.0
100420746,0.0
100420752,0.0
100420754,0.0
100420760,0.0
100420765,0.0
100420775,0.0
100420790,0.0
100420800,0.0
100420801,0.0
100420802,0.0
100420803,0.0972091680864421
100420821,0.0
100420833,0.0
100420839,0.0569458532680942
100420841,0.0
100420845,0.0
100420859,0.0
100420864,0.0
100420869,0.1027524940253784
100420872,0.0
100420879,0.0
100420880,0.0
100420881,0.0
100420889,0.0
100420890,0.0
100420893,0.0
100420898,0.0532407567944813
100420899,0.5852434879730277
100420900,0.0
100420901,0.0
100420916,0.0546076972506679
100420919,0.0
100420920,0.0
100420921,0.1202452363628534
100420926,0.0
100420930,0.0
100420939,0.0
100420941,0.0
100420944,0.0
100420957,0.0
100420966,0.980864714170536
100420975,0.0
100420981,1.086062043249432
100420983,0.0
100420990,0.0
100421002,0.0
100421008,0.0
100421009,0.0
100421018,0.0
100421023,0.0
100421028,0.0
100421029,0.0
100421046,0.0
100421074,0.0
100421075,0.0
100421087,0.0
100421090,0.0
100421093,0.0443997508881444
100421094,0.0
100421100,0.0370602183099194
100421109,0.0489301088118718
100421113,0.0
100421116,0.0
100421122,0.0
100421125,0.0
100421126,0.0
100421137,0.0
100421141,0.0491265280900879
100421142,0.0
100421143,0.0
100421146,0.0
100421148,0.0
100421153,0.0
100421154,0.0
100421158,0.0
100421160,0.0479473231186116
100421165,0.0
100421166,0.1119095706081079
100421167,0.0
100421173,0.0191397532419228
100421175,0.0199533676763937
100421188,0.0
100421189,0.0
100421194,0.0
100421201,0.0
100421202,0.0
100421217,0.0
100421222,0.0
100421226,0.0
100421232,0.0
100421236,0.0
100421238,0.0
100421246,0.0306605722017031
100421257,0.0
100421259,0.0
100421271,0.0
100421273,0.0
100421289,0.0
100421294,0.0
100421308,0.0
100421311,0.1716066910730517
100421313,0.0
100421318,0.0
100421319,0.0
100421324,0.0440046509270564
100421330,0.0
100421331,0.0
100421336,0.0750388739578922
100421343,0.0
100421347,0.0
100421354,0.0
100421357,0.0
100421363,0.0
100421364,0.0
100421369,0.2587976668438312
100421371,0.0717956175864252
100421372,1.8398334590856005
100421376,0.0
100421385,0.0
100421386,0.0
100421387,0.0
100421395,0.2358482648106615
100421400,0.0
100421402,0.3175653143704257
100421413,0.2222937962439548
100421415,0.5798285504513511
100421420,0.12867577671514
100421424,0.0
100421428,0.0
100421429,0.0074601518934053
100421431,0.1424784549426613
100421437,0.0959103684817372
100421439,0.0679638175237219
100421451,0.0
100421455,0.0
100421462,0.0
100421465,0.0378567710724885
100421468,0.0428182367483027
100421478,0.0
100421484,0.0
100421485,0.0
100421495,0.0
100421496,0.0
100421506,0.0598594062479726
100421508,0.1731289935300493
100421509,0.0
100421511,0.0290530521054448
100421513,0.0
100421515,0.6262941489596535
100421525,0.0538268611423806
100421527,0.0
100421528,0.0199533676763937
100421531,0.0
100421533,0.3374430473673273
100421535,0.0
100421537,0.0
100421548,0.0
100421550,0.0
100421558,0.0
100421565,0.0
100421569,0.0633423431029015
100421580,0.0
100421581,0.0
100421582,0.2569738562906076
100421589,0.2859525525523412
100421594,0.0
100421595,0.0362629122582597
100421599,0.0
100421601,0.0
100421603,0.0
100421606,0.0
100421611,0.0
100421617,0.0
100421620,0.0
100421621,0.1400181252501461
100421622,0.0
100421623,0.0
100421629,0.0
100421632,0.0
100421633,0.0
100421634,0.0
100421638,0.0
100421646,0.0
100421651,0.0
100421658,0.0
100421664,0.0
100421667,0.0
100421670,0.0
100421672,0.0
100421673,0.0
100421674,0.0
100421684,0.0
100421692,0.0
100421695,0.0606346453732357
100421696,0.0
100421697,0.0
100421698,0.0
100421699,0.3209373772901978
100421700,0.0
100421701,0.0
100421702,0.0627628591308276
100421704,0.9495759020989036
100421705,0.0
100421706,0.0
100421707,0.0
100421709,0.0
100421710,0.0
100421716,0.0
100421717,0.0
100421718,0.0
100421729,0.0
100421733,0.0
100421734,0.0
100421736,0.0
100421751,0.0
100421754,0.0
100421756,0.0
100421766,0.0262325134658017
100421767,0.0
100421768,0.0
100421769,0.0
100421774,0.0
100421775,0.1620698240114415
100421782,0.0
100421787,0.0
100421788,0.0666185243177208
100421794,0.0406387916047836
100421796,0.8898299091124617
100421797,0.0
100421803,0.0
100421805,0.2055886812295905
100421806,0.1576036338499989
100421807,0.0
100421808,0.0
100421813,0.0
100421815,0.0750388739578922
100421816,0.0946095302476571
100421817,0.1928273047309902
100421819,0.0497155105434259
100421820,0.0264342928541542
100421823,0.0
100421827,0.0
100421829,0.3544077104926446
100421840,0.1712680127981029
100421842,0.0
100421854,0.2440879109998394
100421859,0.2531606609068825
100421860,0.1817016964086886
100421865,0.1215063417494183
100421868,0.1095384817418901
100421870,0.0
100421901,0.0
100421910,0.0
100421985,0.0
100422013,0.1576036338499989
100422019,0.0
100422020,0.0
100422022,0.0
100422023,0.0
100422024,0.0
100422044,0.0
100422053,0.0
100422055,0.0
100422059,0.0
100422091,0.0
100422106,0.0
100422188,0.0
100422189,0.0
100422190,0.0
100422200,0.0322650387162132
100422204,0.1189821951149861
100422225,0.0
100422229,0.0
100422230,0.0
100422235,0.0
100422254,0.9066435459844396
100422256,0.0
100422263,0.0
100422265,0.7390855173695152
100422267,0.0
100422268,0.0
100422271,0.0
100422272,0.0
100422274,0.0
100422284,0.0493229014588557
100422285,0.0
100422287,0.1361368806434324
100422288,0.0
100422296,0.3273596661759082
100422300,0.0694986479199568
100422317,0.0606346453732357
100422319,0.0
100422325,0.0
100422330,0.0
100422334,0.0
100422338,0.1642937488756426
100422339,0.0
100422342,0.068923416931643
100422346,0.0
100422347,0.0
100422348,0.0
100422374,0.0534361704016004
100422376,0.0
100422381,0.0
100422382,0.0334663908138561
100422384,0.0
100422385,0.0
100422398,0.0505001786277436
100422399,0.0708393147493007
100422407,0.0
100422411,0.0893856781967923
100422417,0.0
100422418,0.0
100422431,0.0
100422432,0.0
100422441,0.015877463426456
100422445,0.5371656111364315
100422449,0.0
100422452,0.0
100422453,0.0
100422473,1.3421601608562508
100422491,0.0
100422492,0.0
100422493,0.0
100422496,0.0
100422497,0.0
100422513,0.0
100422514,0.0
100422519,0.0
100422523,0.0
100422526,0.1678734237127189
100422527,0.0
100422528,0.0
100422529,0.0
100422540,0.0
100422545,0.0
100422546,0.0173062599854029
100422547,0.0
100422548,0.0
100422549,0.0
100422550,0.0
100422558,0.0362629122582597
100422559,0.0
100422561,0.1405459622981713
100422562,0.0380557917082188
100422564,0.0
100422580,0.0
100422581,0.0
100422582,0.0
100422587,0.0
100422603,0.4973754616859084
100422608,0.0
100422614,0.0
100422622,0.0
100422625,0.0
100422627,0.0540221383132408
100422628,0.0
100422633,0.0
100422637,0.0
100422638,0.0
100422639,0.0
100422640,0.0
100422641,0.0
100422644,0.0
100422656,0.0
100422658,0.0
100422671,0.0
100422674,0.0
100422685,0.0
100422686,0.0
100422687,0.0
100422690,0.3644089194923896
100422710,0.0453866897349848
100422715,0.0
100422716,0.0
100422737,0.0051875911285856
100422821,0.0
100422823,0.0
100422824,0.0
100422825,0.0
100422826,0.0
100422827,0.0
100422828,0.0
100422829,0.0
100422830,0.0
100422831,0.0
100422832,0.0
100422833,0.0
100422834,0.0
100422835,0.0
100422836,0.0
100422837,0.0
100422838,0.0
100422839,0.0
100422840,0.0
100422841,0.0
100422842,0.0
100422843,0.0
100422844,0.0
100422845,0.0
100422846,0.350100378003441
100422847,0.0
100422848,0.0
100422849,0.0
100422850,0.0
100422851,0.0
100422852,0.0
100422853,0.0
100422854,0.0
100422855,0.0
100422856,0.0
100422857,0.0
100422858,0.0
100422859,0.0
100422860,1.1382456433195132
100422861,0.0
100422862,0.0
100422863,0.0
100422864,0.0
100422865,0.0
100422866,0.0
100422867,0.0
100422868,0.0
100422869,0.0
100422870,0.0
100422871,0.0
100422872,1.768190483344898
100422873,0.0
100422874,0.0
100422875,0.3719230718394904
100422876,0.0
100422877,0.0
100422878,0.3536019300948766
100422879,0.0
100422880,0.0
100422881,0.0
100422882,0.0
100422883,0.0
100422884,0.0
100422885,2.470865290779071
100422886,0.0
100422887,0.0
100422888,0.0
100422889,0.0
100422891,0.0
100422892,0.0
100422893,0.0
100422894,0.0
100422895,0.0
100422896,0.0
100422897,0.0
100422898,0.0
100422899,0.0
100422900,0.0
100422901,0.0
100422902,0.0
100422903,0.0
100422904,0.0
100422905,0.0
100422907,0.0
100422908,0.0
100422909,0.0
100422910,0.0
100422911,0.0
100422912,0.0
100422914,0.0
100422915,0.0
100422916,0.0
100422917,0.0
100422918,0.0
100422919,0.0
100422920,0.0
100422921,0.5901304399436321
100422922,0.0
100422923,0.0
100422924,0.0
100422925,0.0
100422926,0.0
100422927,0.0
100422928,0.0
100422929,0.4633436824747013
100422930,0.0
100422931,0.0
100422932,0.0
100422933,0.0
100422934,0.4350604506089697
100422935,0.0
100422936,0.7748112502525775
100422937,0.0
100422938,0.0
100422939,0.0
100422940,0.0
100422941,0.0
100422942,0.0
100422943,0.0
100422944,0.0
100422945,0.0
100422946,0.0
100422947,1.3447876257499778
100422948,0.6000921248908186
100422949,0.0
100422950,0.0
100422951,0.0
100422952,0.0
100422953,0.8176039298089047
100422954,0.0
100422955,0.0
100422956,0.0
100422957,0.0
100422959,0.0
100422960,0.0
100422961,0.0
100422962,0.0
100422963,0.0
100422964,0.0
100422965,1.6739344903575022
100422966,0.0
100422967,0.0
100422968,0.0
100422969,0.0
100422971,0.8111676629566379
100422972,0.0
100422973,0.0
100422974,0.0
100422975,0.0
100422976,0.0
100422977,0.0
100422978,0.0
100422979,0.0
100422980,0.0
100422981,0.0
100422982,0.0
100422983,0.0
100422984,0.0
100422985,0.0
100422986,0.7986747570429279
100422987,0.0
100422988,0.0
100422989,0.0
100422990,0.0
100422991,0.0
100422992,0.0
100422993,0.0
100422994,0.0
100422995,0.0
100422996,0.0
100422997,0.3401827198023176
100422998,0.0
100422999,0.0
100423000,0.0
100423001,0.0
100423002,0.0
100423003,0.0
100423004,0.0
100423005,0.0
100423006,0.0
100423008,0.0
100423009,0.0
100423010,0.0
100423011,0.9160189357387722
100423012,0.5950805244603776
100423013,0.0
100423014,0.0
100423015,0.0
100423016,0.0
100423017,0.0
100423018,0.0
100423019,0.0
100423020,1.443916862945208
100423021,0.0
100423023,0.0
100423025,0.0
100423026,0.0
100423027,0.0
100423028,0.0
100423029,0.0
100423030,0.0
100423031,0.0
100423032,0.0
100423033,0.0
100423034,0.0
100423035,0.0
100423036,0.0
100423037,1.4033485905029637
100423038,0.0
100423039,0.0
100423040,0.0
100423041,0.0
100423042,0.0
100423043,0.0
100423061,0.1967755109431192
100423062,0.4151353111108172
10043,1.961713867791488
100431172,0.0
100431173,0.0
10044,1.37148358454893
10045,1.293471451798779
10046,0.5856356900058501
100462767,0.0824319443491516
100462772,0.0670031148207685
100462776,0.0
100462780,0.0
100462785,0.0
100462786,0.0
100462790,0.0
100462792,0.2125379587842801
100462793,0.0
100462799,0.0
100462813,0.6000921248908186
100462815,0.0
100462816,0.0
100462825,0.0
100462830,0.0
100462833,0.0
100462836,0.2891721859438369
100462840,0.0
100462843,0.0
100462851,0.0
100462867,0.0
100462868,0.0
100462869,0.0
100462871,0.0
100462872,0.0
100462873,0.0
100462874,0.0
100462875,0.0
100462877,0.0
100462878,0.0
100462879,0.0
100462881,0.0
100462886,0.2211803085870034
100463528,0.0
10047,0.0
10048,2.4325368980714237
10049,2.1062700120614917
100498859,0.0
100499171,0.0
100499177,1.6989119174834428
100499227,0.0258288102084853
100499258,0.1195237358855934
100499261,0.0696903035798559
100499405,0.2530077494603604
100499416,0.0
100499417,0.0
100499418,0.0
100499457,0.0
100499468,0.0
100499469,0.0
100499471,0.0
100499481,0.0
100499483,0.0465694896604753
100499484,0.0925612234809782
1005,0.218150130624384
10050,0.0
100500719,0.0
100500737,0.0
100500798,0.0
100500801,0.0
100500802,2.2446665785450106
100500803,0.0
100500804,0.0
100500807,0.0
100500808,0.0
100500809,0.0
100500810,0.0
100500811,0.0
100500812,0.0
100500813,0.0
100500814,0.0
100500816,0.0
100500817,0.0
100500818,0.0
100500819,0.3606904420989562
100500820,0.0
100500821,0.0
100500822,0.0
100500823,0.0
100500824,0.0
100500825,0.0
100500826,0.0
100500827,0.0
100500828,0.350100378003441
100500829,0.0
100500830,0.0
100500831,0.0
100500832,0.0
100500834,0.0
100500835,0.0
100500836,0.0
100500837,0.0
100500838,0.0
100500839,0.0
100500841,0.0
100500842,0.0
100500843,0.0
100500844,0.0
100500845,0.0
100500846,0.0
100500847,0.0
100500849,0.0
100500850,1.636773024536066
100500851,0.0
100500852,0.0
100500853,0.3004813987113197
100500854,0.0
100500855,0.0
100500856,0.0
100500857,0.2860991875947336
100500858,0.0
100500859,0.0
100500860,0.0
100500861,0.0
100500862,0.0
100500863,0.0
100500864,0.0
100500865,0.0
100500866,0.2931055006210052
100500867,0.0
100500868,0.0
100500869,0.0
100500870,0.0
100500871,0.0
100500872,0.0
100500873,0.0
100500875,0.0
100500876,0.0
100500877,0.0
100500878,0.0
100500879,0.0
100500880,0.3136125853077581
100500881,0.0
100500882,0.0
100500883,0.0
100500884,0.0
100500885,0.0
100500886,0.0
100500887,0.0
100500888,0.0
100500889,0.0
100500890,0.0
100500891,0.0
100500893,0.0
100500894,0.0
100500895,0.0
100500896,0.0
100500897,0.0
100500898,0.0
100500899,0.0
100500900,0.0
100500901,0.0
100500902,0.0
100500903,0.0
100500904,0.485305233796748
100500905,0.0
100500906,0.0
100500907,0.0
100500908,0.3370312532664493
100500909,0.0
100500910,0.0
100500911,0.0
100500912,0.0
100500913,0.0
100500914,0.0
100500915,0.0
100500916,0.0
100500917,0.7470370583664266
100500918,0.0
100500919,0.0
100500920,0.0
100500938,0.0364623094604789
100505383,0.0
100505385,0.1704206972913704
100505474,0.0
100505475,0.0
100505477,0.0
100505478,0.0424223934120883
100505495,0.5940157939310826
100505501,0.018529029376588
100505502,0.0
100505515,0.0
100505534,0.0074601518934053
100505538,0.6955128033449338
100505540,0.0
100505545,0.0
100505549,0.7818337942675402
100505561,0.0
100505566,0.2880029443553827
100505573,1.5474483531274028
100505576,0.502456473412168
100505583,0.0
100505588,0.0
100505591,0.0
100505592,0.6470722737260443
100505609,0.0
100505616,0.2631878694942116
100505619,0.0
100505621,0.0
100505624,0.0829979322484961
100505625,0.0101380977223869
100505633,0.0097266548872287
100505635,0.0209692882026594
100505641,2.595686414513299
100505648,1.2760810864865852
100505658,0.0
100505659,0.0
100505663,0.0
100505664,0.06565627325421
100505666,1.1934559851315347
100505676,0.0246165431357565
100505678,0.3930094589276579
100505683,0.2572781176619668
100505685,0.0
100505694,0.0
100505696,0.7506693538201669
100505716,0.0860100466169922
100505718,0.0296562306312831
100505724,0.0
100505738,0.9160189357387722
100505739,0.0
100505741,0.132770028068318
100505746,0.0434116529118274
100505753,0.0
100505755,0.06565627325421
100505761,1.4397443076133984
100505767,0.4010044471831929
100505768,0.0
100505771,1.5027074937977345
100505776,0.0
100505782,0.076560759028747
100505783,1.2159683250010922
100505795,0.1359600224363479
100505806,0.9711211387879024
100505811,0.0
100505812,0.7053957129630071
100505817,0.0
100505826,0.129745813935983
100505832,0.0
100505839,0.189356665990483
100505841,0.0
100505851,0.0596654842894622
100505853,0.0
100505854,1.5913022332817632
100505869,0.201520533066984
100505876,1.7974035547884724
100505877,0.0
100505878,0.0
100505879,0.0
100505881,0.6340217490278781
100505890,0.0
100505893,0.0
100505894,0.4895749331352011
100505915,0.0923747627007558
100505929,0.0
100505933,0.011781879253164
100505942,0.1805304190528387
100505948,0.0
100505964,0.0
100505967,0.0
100505975,0.0
100505984,0.5517057722528368
100505985,0.0
100505989,0.2097977727501754
100505993,0.0
100505996,0.0
100506013,0.0826206497668653
100506020,0.2399010497591375
100506022,0.3625519464706961
100506025,0.0130126308322217
100506033,0.3410027208275318
100506035,0.0723688738166034
100506049,0.0
100506050,0.0
100506054,1.0839875932690035
100506068,0.0759903776592968
100506070,0.2240404280203549
100506071,0.0128076294222381
100506076,0.06565627325421
100506082,0.2203840078521228
100506083,0.096838290181438
100506084,0.3832507283333926
100506085,0.0
100506099,0.0729417365234151
100506103,0.0
100506108,0.0
100506115,0.350100378003441
100506119,1.327308616258837
100506122,0.0
100506125,0.3638788170283364
100506126,0.0173062599854029
100506127,0.6185734522639644
100506142,0.4195818666797907
100506144,0.0
100506159,0.0
100506161,0.4361452669084439
100506164,0.1040406105580704
100506169,0.2262578936399773
100506172,0.0
100506175,0.1058773024419657
100506178,0.0
100506195,0.0
100506211,0.6262016352244051
100506215,0.4405885279206463
100506224,0.0
100506229,0.0
100506233,0.7024210873423955
100506235,0.4920355179076667
100506237,0.0
100506241,0.0
100506243,0.0
100506258,0.3530642712957951
100506271,0.0
100506272,0.0
100506274,0.0074601518934053
100506275,0.0168982779780871
100506286,0.3323487880510513
100506289,0.041431969987866
100506299,0.1952972035635645
100506302,0.6071630074891282
100506305,0.0893856781967923
100506311,0.2311461362475948
100506314,0.957604714689644
100506319,0.0
100506321,0.0992460334971177
100506334,0.7851343046228197
100506343,0.0
100506356,0.0
100506368,0.2364731183324891
100506374,0.3765005148400954
100506376,0.0
100506380,0.2275222515585524
100506384,0.0
100506385,0.1245609986757527
100506388,0.3022067985551166
100506392,0.0660413065929845
100506394,0.4568128859816396
100506405,0.0304597993916931
100506406,0.0
100506409,1.2477318058369142
100506411,0.7529775263906382
100506412,0.0
100506413,0.0
100506421,0.0
100506422,0.0
100506428,0.7578750213000554
100506433,0.0540221383132408
100506443,0.0
100506444,0.1398421038439008
100506451,0.4720006660943524
100506457,0.0
100506462,0.4240021674653565
100506465,0.0029089440711514
100506469,0.8493893180154328
100506470,0.0
100506474,0.0588893471988714
100506475,0.0
100506476,0.439270328504358
100506489,0.0
100506492,2.287887657144779
100506495,0.3069320026278125
100506497,0.1541513409448461
100506498,0.0
100506504,0.8816301262403236
100506506,0.0
100506516,0.4018875677699908
100506526,0.0
100506527,0.0136273381928503
100506530,0.0
100506532,0.0
100506540,0.9051886492762456
100506542,0.0
100506551,0.0084911297831118
100506564,0.058501008843608
100506571,0.0784592157513684
100506581,0.1279616427158935
100506599,0.7164355118623036
100506606,0.5517057722528368
100506622,0.0
100506637,0.5413500889276288
100506649,0.7452523147925135
100506655,0.031262604438497
100506658,1.968689600417262
100506660,0.5396792203037503
100506668,1.8457338890380712
100506674,2.5095356390841195
100506675,0.0
100506677,0.0
100506679,0.0983208065549586
100506680,0.0775105280642577
100506681,0.0761805481519545
100506682,0.2581901983896828
100506686,0.6182927860908027
100506688,0.1254572708948052
100506691,0.0934928992017695
100506696,1.7476878583280144
100506697,0.0985059346638177
100506710,2.262725785014247
100506713,0.0809207585101274
100506714,1.056566449475331
100506721,0.0
100506724,0.0
100506725,0.0264342928541542
100506731,0.0256268862991105
100506733,0.0
100506736,0.1067941198550825
100506737,0.229730058806874
100506742,0.0775105280642577
100506749,0.5901304399436321
100506757,0.0
100506765,0.0
100506775,0.0869490986322006
100506776,0.0702650067990862
100506779,0.7887822079764181
100506791,0.0
100506795,0.0540221383132408
100506801,0.1055102904479631
100506804,0.0769407965432616
100506810,0.1673630074226078
100506811,0.4125292535614715
100506827,0.0
100506834,0.3270815441316422
100506835,0.0876995769262763
100506844,1.0849806409435625
100506860,0.0443997508881444
100506866,0.1040406105580704
100506869,0.0606346453732357
100506881,0.3165790218143073
100506885,0.0334663908138561
100506888,0.0
100506895,0.0244143296379668
100506897,0.0
100506901,0.0
100506907,0.0
100506911,0.0
100506915,0.0191397532419228
100506922,0.7980294471878667
100506929,0.0
100506930,1.0986645110442126
100506937,0.0
100506939,0.0
100506963,0.2600112017183644
100506990,0.0573349127789155
100506994,0.330550882940382
100506999,0.0
100507003,0.0493229014588557
100507027,0.01219232802879
100507032,0.3628175053096492
100507034,0.0940514026841421
100507040,0.0803533557144177
100507043,0.0
100507050,0.1675331818740776
100507053,0.1581202170574014
100507055,0.0
100507057,1.1445036266627304
100507058,0.0
100507059,0.0
100507062,0.4768044576298729
100507064,0.0219839916622789
100507086,0.0960960359655527
100507091,0.0
100507096,0.0
100507098,0.1594961705535451
100507114,0.0
100507117,0.1318817104701158
100507118,0.2859525525523412
100507127,0.0260306859239784
100507135,0.0
100507143,0.0
100507144,0.174311031346234
100507156,0.0368609624667365
100507157,0.0
100507163,0.0
100507170,0.0
100507171,1.6868477600049976
100507173,0.0238073990491231
100507175,0.1562244731360848
100507178,0.2003777465210845
100507201,0.0
100507203,0.0
100507206,0.0240097576149657
100507218,0.3286099761852214
100507240,0.0
100507244,0.0738956344925407
100507246,1.9099177156961769
100507249,0.0506962311574882
100507250,0.1403700544629917
100507254,0.051871586053616
100507257,0.0
100507261,0.0
100507266,0.2852189645943883
100507274,0.0
100507277,0.0
100507283,0.1801954562545614
100507290,1.7310800016062198
100507291,0.980166201330851
100507300,0.0598594062479726
100507303,2.4603881166171377
100507308,0.0134224851965348
100507316,1.808220865557446
100507331,0.0
100507336,0.009315012732202
100507341,0.0364623094604789
100507347,0.3594913588692676
100507362,0.0
100507373,0.5491308456826992
100507377,0.0
100507384,0.0
100507388,0.0
100507389,0.0
100507391,0.0070474104382352
100507392,0.2406780642448516
100507398,0.1324148165236816
100507401,0.0217811482126814
100507403,0.1697422064994797
100507404,0.0
100507406,0.0
100507410,0.0173062599854029
100507420,0.9541365363302146
100507421,0.0583067721494003
100507423,0.1198845651997117
100507428,0.0
100507433,0.1198845651997117
100507435,0.0
100507436,1.7606084478657291
100507437,1.2757923084308016
100507458,0.8546690347312379
100507459,0.6418453221951569
100507461,0.0
100507462,0.0238073990491231
100507463,0.5513972696538072
100507466,0.0372594270725486
100507468,0.1717759771350716
100507470,0.0
100507475,0.1513789312195854
100507477,0.0
100507480,0.0
100507487,0.391093342326679
100507495,0.5093581856949384
100507500,0.0
100507501,0.773323243520579
100507506,0.1974316650138717
100507507,1.9603612669175037
100507516,0.3290262962364426
100507524,0.157431366533768
100507526,0.0058079828238362
100507527,0.0
100507528,0.0
100507533,0.0221867865316464
100507534,0.0
100507537,0.0
100507540,0.2317746958232287
100507547,0.1267104114681807
100507551,0.4932627097696588
100507554,0.5643420726316156
100507562,0.0
100507564,0.1685534795001399
100507567,0.3515837589493132
100507582,0.62610910920802
100507584,0.8896433127575462
100507588,0.8361998965972457
100507599,1.0482722128126816
100507600,0.1428293269526154
100507602,0.9930922047182198
100507605,0.0068409645610921
100507607,0.0497155105434259
100507608,0.0
100507612,0.0213753154909553
100507629,0.0
100507632,0.010754888621307
100507639,0.0575293748341413
100507642,0.1867022992794706
100507650,0.145106329829701
100507651,0.0162859366995967
100507657,0.0056012358560772
100507661,0.0130126308322217
100507670,0.1033047896802982
100507679,0.0
100507747,0.0370602183099194
100508046,0.0
100508120,0.2881491952836383
100508631,0.0
100509620,0.0
100509894,0.0332662841654657
100509927,0.0
10051,2.1922367852507945
100510707,0.025020825205399
10052,0.966190478911212
100526416,0.0
100526664,0.0
100526693,0.0
100526694,0.0
100526737,0.3766308945443049
100526738,0.0
100526739,0.016081724652309
100526740,0.0
100526760,0.0298571944893556
100526761,0.0
100526767,0.1334799897055372
100526771,0.0
100526772,0.0115765804481612
100526773,0.0
100526783,0.0
100526794,0.0
100526825,0.0
100526830,0.0156731530012164
100526831,0.0
100526835,0.1412492154969934
100526836,0.0
100526842,0.0
100527943,0.0
100527945,0.0
100527949,0.0
100527963,0.0
100527978,0.1517259986918346
100528016,0.1726218772089289
100528017,0.0
100528018,0.0
100528019,0.0
100528020,0.0
100528021,0.0
100528030,0.0510881989588056
100528062,0.0
100528064,0.0
100529063,0.0731326033913595
100529097,0.0
100529144,0.0
100529145,0.1754913456975675
100529209,0.0
100529215,0.0807316672117631
100529239,0.0
100529240,0.0
100529241,0.0
100529251,0.0252228938178094
100529257,0.0973945447953161
100529261,0.0
10053,2.8426694039575993
100532724,0.0
100532726,0.0
100532731,0.0
100532732,0.0752292615879394
100532735,0.0
100532737,0.0
100532746,0.0195466581122431
100533105,0.0
100533106,0.3683729782535312
100533107,0.311628633700008
100533111,0.0
100533177,0.0
100533179,0.0442022240997431
100533181,0.0
100533182,0.4132747657713685
100533184,0.0
100533195,0.0
100533464,0.0
100533467,0.0
100533483,0.0
100533496,0.0
100533619,0.0296562306312831
100533622,0.0
100533626,0.0
100533627,0.0
100533628,0.0
100533629,0.0177140457770852
100533631,0.0
100533634,0.3875035432439886
100533643,0.0
100533653,0.0
100533658,0.0
100533663,0.0
100533666,0.0
100533667,0.0
100533669,0.0
100533670,0.0
100533672,0.0
100533674,0.0
100533675,0.0
100533676,0.2723432796002477
100533677,0.0
100533679,0.0
100533695,0.0
100533705,0.0
100533706,0.0
100533708,0.0
100533711,0.0
100533713,0.0
100533714,0.0
100533717,0.0
100533718,0.0
100533723,0.0
100533727,0.0
100533728,0.0
100533729,0.0
100533731,0.0
100533736,0.0
100533757,0.0
100533787,0.0
100533844,0.0
100533848,0.0
100533849,0.0
100533851,0.0
100533852,0.0
100533952,0.0
100533970,0.036063467897197
100533997,0.0
100534589,0.0
100534592,0.0
100534593,0.3887875714267803
100534595,0.0
100534599,0.0
100534612,0.0
10054,2.5623178362913666
10055,2.7006870111294967
10056,2.113988869350575
10057,2.3027431709809876
10058,0.186369888167896
10059,2.277808892669918
1006,0.0211723261778742
10060,0.7031659687318335
10061,1.6727471121767
100616109,0.0
100616110,0.0
100616111,0.0
100616112,0.0
100616113,0.0
100616114,1.2125194427361978
100616115,0.0
100616116,0.0
100616117,0.7690639423115235
100616118,0.0
100616119,0.0
100616120,0.0
100616121,0.0
100616122,0.0
100616123,0.0
100616124,0.0
100616125,0.0
100616126,0.0
100616127,0.0
100616128,0.0
100616129,0.0
100616130,0.8862125775448197
100616131,0.0
100616132,0.4148875049406991
100616133,0.0
100616134,0.0
100616135,0.0
100616136,0.524677776085414
100616137,0.0
100616138,0.0
100616139,0.0
100616140,0.0
100616141,0.0
100616142,0.0
100616143,0.0
100616144,0.9099047776986432
100616146,0.0
100616147,0.0
100616148,0.0
100616149,0.0
100616150,0.0
100616151,0.0
100616152,0.0
100616153,0.0
100616154,0.0
100616155,0.0
100616157,0.0
100616158,0.0
100616159,0.0
100616160,0.0
100616161,0.0
100616162,0.7163543953998177
100616163,0.0
100616164,0.3719230718394904
100616165,0.0
100616166,0.0
100616167,0.0
100616168,0.3308277568855052
100616169,0.0
100616170,0.0
100616171,0.0
100616172,0.0
100616173,0.0
100616174,0.0
100616175,0.0
100616176,0.0
100616178,0.0
100616179,0.0
100616180,0.0
100616181,0.0
100616182,0.0
100616183,0.0
100616184,0.0
100616185,0.0
100616186,0.0
100616187,0.0
100616188,0.0
100616189,0.0
100616190,0.0
100616191,0.0
100616192,0.0
100616193,0.0
100616194,0.9222510709220804
100616195,0.0
100616196,0.0
100616201,0.0
100616202,0.0
100616203,0.0
100616204,0.6499392972481077
100616205,0.0
100616206,0.0
100616207,0.0
100616208,0.0
100616210,0.0
100616211,0.0
100616212,0.0
100616213,0.0
100616214,0.0
100616215,0.0
100616216,0.0
100616218,0.0
100616219,0.0
100616220,0.8477968884308914
100616221,0.0
100616222,0.0
100616223,0.0
100616224,0.0
100616225,0.0
100616226,0.0
100616227,0.0
100616228,0.0
100616229,0.0
100616230,0.0
100616231,0.0
100616232,0.0
100616234,0.0
100616235,0.0
100616236,0.0
100616237,0.0
100616238,0.0
100616239,0.0
100616240,0.0
100616241,0.8374838155255607
100616242,0.0
100616243,0.0
100616244,0.0
100616245,0.0
100616246,0.0
100616247,0.0
100616248,0.0
100616249,0.3838966314221063
100616250,0.0
100616251,0.0
100616252,0.0
100616253,0.0
100616254,0.0
100616255,0.0
100616256,0.0
100616257,0.0
100616258,0.0
100616259,0.0
100616260,0.0
100616261,0.0
100616262,0.7090957139346297
100616263,0.0
100616264,0.0
100616265,0.0
100616266,0.0
100616267,0.0
100616268,0.0
100616269,0.8584044507213968
100616270,0.0
100616271,0.0
100616272,0.0
100616273,0.0
100616274,0.0
100616275,0.0
100616276,0.0
100616277,0.0
100616278,0.0
100616279,0.0
100616280,0.0
100616282,0.0
100616283,0.6267565335186575
100616284,0.440468788138026
100616285,0.9481048145099372
100616286,0.0
100616287,0.0
100616288,0.0
100616289,0.0
100616290,0.0
100616291,0.0
100616292,0.0
100616293,0.0
100616294,0.0
100616295,0.0
100616296,0.0
100616297,0.0
100616299,0.0
100616300,0.0
100616301,0.0
100616302,0.0
100616303,0.0
100616304,0.0
100616305,0.0
100616306,0.5901304399436321
100616307,0.0
100616308,1.05076314823842
100616309,0.0
100616310,0.0
100616311,0.0
100616312,0.0
100616313,0.0
100616314,0.0
100616315,0.0
100616316,0.0
100616317,0.3401827198023176
100616318,2.2726019513903006
100616319,0.0
100616320,0.0
100616321,0.0
100616322,0.0
100616323,0.0
100616324,0.0
100616325,0.0
100616326,0.0
100616327,0.0
100616328,0.0
100616329,0.0
100616330,0.0
100616331,0.0
100616332,0.0
100616333,0.0
100616334,0.0
100616335,0.0
100616336,0.0
100616337,0.9826878159769143
100616338,0.0
100616339,0.0
100616340,0.0
100616341,0.0
100616342,0.0
100616343,0.3606904420989562
100616344,0.0
100616345,0.0
100616346,0.0
100616347,0.0
100616348,0.0
100616349,0.0
100616350,0.0
100616351,0.0
100616352,0.0
100616354,0.0
100616355,0.540619562034321
100616356,0.0
100616357,0.0
100616358,0.0
100616359,0.3758482803482453
100616360,0.0
100616361,0.0
100616362,0.0
100616363,0.0
100616364,0.0
100616365,0.0
100616366,0.0
100616367,0.0
100616368,0.0
100616369,0.0
100616370,0.0
100616371,0.0
100616372,0.0
100616373,0.0
100616374,0.0
100616375,0.0
100616376,0.0
100616377,0.0
100616378,0.0
100616379,0.0
100616380,0.0
100616381,0.0
100616382,0.0
100616383,0.0
100616384,0.0
100616385,0.0
100616386,0.0
100616387,0.0
100616388,0.0
100616389,0.0
100616390,0.0
100616391,0.0
100616392,0.0
100616393,0.0
100616394,0.0
100616395,0.0
100616396,0.0
100616397,0.0
100616398,0.0
100616399,0.0
100616400,0.0
100616401,0.0
100616402,0.0
100616403,0.0
100616404,0.0
100616405,0.0
100616406,0.0
100616407,0.0
100616408,0.0
100616409,0.0
100616410,0.0
100616413,0.0
100616414,0.0
100616415,0.0
100616416,0.0
100616417,0.0
100616418,0.0
100616419,0.0
100616420,0.7748112502525775
100616421,0.4010044471831929
100616422,0.0
100616423,0.0
100616424,0.0
100616425,0.0
100616426,0.0
100616428,0.0
100616429,0.0
100616430,0.0
100616431,0.0
100616432,0.0
100616433,0.0
100616434,0.0
100616435,0.0
100616436,0.0
100616437,0.0
100616438,0.0
100616439,0.0
100616440,0.0
100616441,0.0
100616447,0.0
100616449,0.0
100616450,0.0
100616451,0.0
100616452,0.0
100616453,0.0
100616454,0.0
100616455,0.0
100616456,0.0
100616457,0.0
100616459,0.0
100616460,0.0
100616463,0.0
100616464,0.0
100616465,0.0
100616466,0.0
100616467,0.0
100616468,0.0
100616469,0.0
100616470,0.0
100616471,0.0
100616472,0.0
100616473,0.0
100616474,0.0
100616475,0.0
100616476,0.0
100616477,0.8730035920365316
100616478,0.0
100616479,1.1476272671203434
100616480,0.0
100616481,0.0
100616482,0.0
100616483,0.0
100616484,0.0
100616485,0.0
100616486,0.0
100616487,0.0
100616488,0.0
100616490,0.3536019300948766
100616491,0.0
100616492,0.0
100616493,0.0
100616494,0.0
100616495,0.0
100616498,0.0
100616499,0.0
100616500,0.0
100616530,0.1252780946513598
10062,1.844841199769483
100628307,0.0
100628560,0.0
10063,2.679174448110274
100630918,0.9264301675970312
100630920,0.109721115265514
100631239,0.0
100631242,0.0
100631243,0.0
100631247,1.8535224560305437
100631248,0.0
100631249,0.0
100631251,0.0
100631252,0.0
100631258,0.0
100631260,0.0
100631261,0.0
100631269,0.0
100631383,0.0111658338983268
100652739,0.0
100652740,0.0
100652748,0.6161372606223464
100652749,0.0
100652758,1.003683182244149
100652759,0.0
100652770,0.4859810552306006
100652791,0.0144462560950847
100652792,0.0
100652824,0.6397615967330058
100652833,0.0
100652840,0.0294552189612712
100652856,0.0
100652865,0.2325596973617025
100652871,0.0
100652909,0.009315012732202
100652929,0.0
100652939,3.09281523820387
100652955,0.0
100652960,0.0
100652967,0.0
100652974,0.0
100652997,0.0
100652999,0.0150599263207783
100653233,0.0302589788495971
100653489,0.0
100653515,0.0
10066,2.594480014131168
10067,2.754033676217183
10068,0.9779039811787228
10069,1.8189307981106744
1007,0.0
10071,0.0
10072,2.3158695513299214
10073,1.6925302872092955
100736411,0.0
10075,2.4947721080671217
100750225,0.1329475761372088
100750245,0.0
100750325,0.0901339590533384
100750326,0.015877463426456
10076,1.87671538105606
10077,0.0731326033913595
100775107,0.1654887289915786
10078,2.234606368909781
10079,2.682046632716423
1008,0.0
10081,2.138525415419311
10082,1.2690098669849572
100820709,0.0175101773978301
100820734,0.0
100820735,0.0
100820829,1.1680884758298165
10083,0.0146508621545966
10084,2.3691240411642007
100846978,0.0916285002418245
100846991,0.0
100846992,0.0
100846993,0.0
100846994,0.0
100846995,0.0
100846996,0.0
100846997,0.0
100846998,0.0
100846999,0.0
100847000,0.0
100847001,0.0
100847002,0.0
100847003,0.0
100847004,0.0
100847005,0.0
100847006,0.0
100847007,0.0
100847008,0.0
100847009,0.0
100847010,1.617063837045975
100847012,0.0
100847013,0.0
100847014,0.0
100847015,0.0
100847016,0.5804212872334236
100847017,0.0
100847018,0.0
100847019,0.0
100847020,0.6748747247574173
100847021,0.0
100847022,0.0
100847023,0.0
100847024,0.0
100847025,0.0
100847026,0.0
100847027,0.0
100847028,1.5155585185290763
100847029,0.0
100847030,0.0
100847031,0.0
100847032,0.0
100847033,0.0
100847034,0.0
100847035,1.323125586365155
100847036,0.0
100847037,0.0
100847038,0.0
100847039,0.0
100847040,0.0
100847041,0.8862125775448197
100847042,0.229730058806874
100847043,0.0
100847044,0.0
100847045,0.0
100847046,0.7313557131355173
100847047,0.0
100847048,0.0
100847049,0.0
100847050,0.0
100847051,0.0
100847052,0.0
100847053,0.0
100847054,0.0
100847055,0.0
100847056,0.0
100847057,0.0
100847058,0.0
100847059,0.0
100847060,0.0
100847061,0.0
100847062,0.0
100847063,0.0
100847064,0.0
100847065,0.0
100847066,0.0
100847067,0.0
100847068,0.0
100847069,0.4886781175869438
100847070,0.0
100847071,0.0
100847072,0.8477968884308914
100847073,0.0
100847074,0.0
100847075,1.6351418010007448
100847076,0.0
100847077,0.0
100847078,0.0
100847079,0.0
100847080,0.6052589655977353
100847081,0.0
100847082,0.0
100847083,0.0
100847084,0.0
100847085,0.0
100847086,0.0
100847087,0.0
100847088,0.0
100847089,0.0
100847090,0.0
100847091,0.0
100847092,0.0
100847093,0.0
10085,1.9664681034157108
100852407,0.0524586470199822
100852408,0.0
100852409,0.0
100852410,0.0588893471988714
100856809,0.0
100856810,0.0
100856811,0.0
100856881,0.0
100859919,0.0
100859921,0.0983208065549586
100859925,0.0
100859930,1.336636390153522
10086,0.0
100861402,0.282130360912648
100861412,0.870123233846596
100861429,0.0
100861430,0.2431594065903223
100861435,0.0
100861436,0.0
100861468,0.0
100861469,0.0
100861470,0.0
100861485,0.0
100861504,0.0
100861507,0.0
100861510,0.0
100861513,0.208505021189391
100861514,0.0
100861516,0.0485371324516474
100861517,1.1168773171317536
100861518,0.1570867224494012
100861520,0.0
100861522,0.0
100861540,0.0
100861542,0.0
100861544,0.0
100861545,0.0
100861546,0.0
100861547,0.0
100861548,0.7702623091735439
100861549,0.096838290181438
100861552,0.0
100861553,0.0
100861554,0.0
100861563,0.7578750213000554
100861573,0.0
100862662,0.0130126308322217
100862664,0.0
100862665,0.0
100862666,0.0
100862667,0.0
100862668,0.0
100862669,0.0
100862670,0.0
100862671,0.0217811482126814
100862672,0.0
100862673,0.0
100862675,0.0
100862676,0.0
100862679,0.0
100862680,0.0
100862692,0.0
100862704,0.1449314009166019
100862850,0.0
100862853,0.0
100862854,0.0
100862855,0.0
10087,1.550984175144129
100873165,0.0
100873168,0.0
100873169,0.0
100873170,0.0
100873172,0.0
100873173,0.0
100873174,0.0
100873175,0.0
100873176,0.0
100873177,0.0
100873178,0.0
100873179,0.0
100873180,0.0
100873181,0.0
100873182,0.0
100873183,0.0
100873184,0.0
100873185,0.0
100873186,0.0
100873188,0.0
100873189,0.0
100873191,0.0
100873192,0.0
100873193,0.0
100873194,0.0
100873196,0.0
100873197,0.0
100873198,0.0
100873199,0.0
100873200,0.0
100873201,0.0
100873202,0.961607879675112
100873203,0.0
100873204,0.0
100873205,0.170251127831315
100873206,0.0510881989588056
100873207,0.0
100873208,0.0
100873209,0.061215604083323
100873210,0.0
100873211,0.0
100873212,0.0404403802309502
100873213,0.0
100873214,0.0569458532680942
100873215,0.0
100873217,0.0
100873218,0.0
100873219,0.0
100873220,0.0
100873221,0.0374585887741673
100873222,0.0
100873223,0.0
100873224,0.0
100873226,0.0
100873227,0.0
100873228,0.0
100873229,0.0
100873231,0.0
100873232,0.0
100873233,0.0
100873234,0.0
100873235,0.0
100873236,0.0344662129356738
100873237,0.0342663432615378
100873239,0.1001702276495741
100873240,0.129745813935983
100873241,0.0
100873243,0.0
100873244,0.0
100873245,0.0262325134658017
100873246,0.0
100873247,0.1685534795001399
100873248,0.0
100873249,0.0
100873250,0.0
100873254,1.4797365428348548
100873256,0.0
100873257,0.0
100873258,0.0553878071845259
100873260,0.0
100873261,0.0201566492701331
100873262,0.0
100873263,0.0
100873264,0.0
100873265,0.0
100873266,0.0
100873267,0.0
100873269,0.0
100873270,0.0
100873271,0.0
100873273,0.0
100873274,0.0
100873275,0.0
100873276,0.0
100873277,0.0
100873278,0.0
100873279,0.0
100873280,0.0
100873281,0.0
100873282,0.0
100873283,0.4173618877839998
100873284,0.0
100873285,0.0
100873286,0.0
100873287,0.0
100873288,0.0
100873289,0.0
100873290,0.0
100873291,0.0
100873292,0.0
100873293,0.0
100873294,0.0
100873295,0.0
100873296,0.0
100873297,0.0
100873298,0.0
100873299,0.0
100873300,0.0
100873301,0.0
100873302,0.0
100873303,0.0
100873304,0.0
100873305,0.0
100873306,0.0
100873307,0.0
100873308,0.0
100873309,0.0
100873310,0.0
100873311,0.0
100873312,1.2063952858638098
100873313,0.0
100873314,0.0
100873316,1.5198338470274348
100873317,0.0
100873318,0.0
100873319,0.0
100873320,0.0
100873321,0.0
100873322,0.0
100873323,0.0
100873324,0.0
100873325,0.0
100873326,0.0
100873327,0.0
100873328,0.229730058806874
100873329,0.0
100873330,0.0
100873331,0.0
100873332,0.0
100873333,0.3277766613678189
100873335,0.0
100873337,0.0
100873338,0.0
100873339,0.0
100873340,0.0
100873341,0.0
100873344,0.0
100873345,0.0
100873346,0.0
100873347,0.0442022240997431
100873348,0.0
100873349,0.0
100873350,0.0
100873353,0.0
100873355,0.0
100873356,0.0
100873357,0.0
100873358,0.0
100873359,0.0
100873360,0.0
100873361,0.0
100873362,0.0
100873363,0.0
100873365,0.0
100873366,0.0
100873367,0.0
100873368,0.0
100873369,0.4247363507413907
100873370,0.0
100873371,0.4515227906598616
100873372,0.0
100873373,0.0
100873374,0.0
100873375,0.0
100873376,0.0
100873377,2.3062652348747115
100873378,0.0
100873379,0.0
100873380,0.0
100873381,0.0
100873382,0.0
100873383,0.0
100873384,0.0
100873385,0.0
100873386,0.0
100873387,0.0
100873388,0.0
100873389,0.0
100873390,0.0
100873391,0.0
100873392,1.4347807699007389
100873393,0.6087773912275745
100873394,0.0
100873395,0.0
100873396,0.0
100873397,0.0
100873398,0.7470370583664266
100873399,0.0
100873400,0.0
100873401,0.6122782542458186
100873402,0.0
100873403,0.0
100873404,0.0
100873405,0.0
100873406,0.0
100873407,0.0
100873408,0.0
100873409,0.0
100873410,0.0
100873411,0.0
100873412,0.0
100873413,0.0
100873414,0.0
100873415,0.0
100873416,0.0
100873417,0.0
100873418,0.0
100873419,0.0
100873420,0.2751733143663593
100873421,0.6984345113090353
100873422,0.0
100873423,0.0
100873424,0.0
100873425,0.0
100873426,0.4515227906598616
100873428,0.0
100873429,0.0
100873430,0.0
100873431,0.0
100873432,0.0
100873433,0.0
100873434,0.0
100873435,0.0
100873436,0.0
100873437,0.0
100873438,0.0
100873439,0.0
100873440,0.0
100873441,0.0
100873442,0.0
100873443,0.0
100873444,0.0
100873445,0.0
100873446,0.0
100873447,0.0
100873448,0.0
100873449,0.0
100873451,0.0
100873452,0.0
100873453,0.0
100873454,0.0
100873455,0.0
100873456,0.0
100873457,0.0
100873458,0.0
100873459,0.0
100873460,0.0
100873461,0.2931055006210052
100873462,0.0
100873463,0.2594046677433314
100873464,1.012411750999676
100873465,0.0
100873466,0.0
100873467,0.0
100873468,0.0
100873469,0.0
100873470,0.0
100873471,0.0
100873472,0.0
100873473,0.0
100873474,0.0
100873475,0.0
100873476,0.0
100873477,0.7262591513660515
100873478,0.0
100873479,0.0
100873480,0.0
100873481,0.0
100873482,0.0
100873483,0.0
100873484,0.0
100873485,0.0
100873486,0.0
100873487,0.0
100873488,0.0
100873489,0.0
100873490,0.0
100873491,0.0
100873492,0.0
100873493,0.0
100873494,0.0
100873495,0.0
100873496,0.0
100873497,0.0
100873498,0.0
100873499,0.0
100873500,0.0
100873501,0.2557556363801945
100873502,0.0
100873503,0.0
100873504,0.0
100873505,0.0
100873506,0.0
100873507,0.0
100873508,0.0
100873509,0.0
100873510,0.0
100873511,0.0
100873512,0.0
100873513,0.0
100873514,0.2751733143663593
100873515,0.0
100873516,0.0
100873517,0.0
100873518,0.0
100873519,0.0
100873520,0.0
100873521,0.0
100873522,0.0
100873523,0.0
100873524,0.0
100873525,0.0
100873526,0.0
100873527,0.0
100873528,0.0
100873529,0.0
100873530,0.0
100873531,0.0
100873532,0.0
100873533,0.0
100873534,0.0
100873535,0.0
100873536,0.0
100873537,0.0
100873538,0.0
100873539,0.0
100873540,0.0
100873541,0.3191126678813421
100873542,0.0
100873543,0.0
100873544,0.0
100873545,0.0
100873546,0.0
100873547,0.0
100873548,0.0
100873549,0.0
100873550,0.0
100873551,0.0
100873552,0.0
100873553,0.0
100873554,0.0
100873555,0.0
100873556,0.0
100873557,0.0
100873558,0.0
100873559,0.0
100873560,0.0
100873561,0.0
100873562,0.0
100873563,0.0
100873564,0.0
100873565,0.0
100873566,0.2612228714096791
100873567,0.0
100873568,0.0
100873569,0.0
100873570,0.0
100873571,0.0
100873572,0.0
100873573,0.0
100873574,0.0
100873575,0.0
100873576,0.0
100873577,0.0
100873578,0.0
100873579,0.0
100873580,0.0
100873581,0.0
100873582,0.0
100873583,0.0
100873584,0.0
100873585,0.0
100873586,0.0
100873587,0.0
100873588,0.0
100873589,0.5635335455285408
100873590,0.0
100873591,0.0
100873592,0.0
100873593,0.0
100873594,0.0
100873595,0.0
100873596,0.3107768124017167
100873597,0.0
100873598,0.0
100873599,0.0
100873600,0.0
100873601,0.0
100873602,0.0
100873603,0.0
100873604,0.0
100873605,0.0
100873606,0.0
100873607,0.0
100873608,0.0
100873609,0.0
100873611,0.0
100873612,0.0
100873613,0.0
100873614,0.0
100873615,0.0
100873616,0.0
100873617,0.0
100873618,0.0
100873619,0.0
100873620,0.0
100873621,0.0
100873622,0.0
100873623,0.6158556146928788
100873624,0.0
100873625,0.0
100873626,0.0
100873627,0.0
100873628,0.0
100873629,0.0
100873630,0.2671032151864317
100873631,0.0
100873632,0.0
100873633,0.0
100873634,0.0
100873635,0.2711486275042417
100873636,0.0
100873637,0.4756635428944551
100873638,1.1409126551794442
100873639,0.0
100873640,0.0
100873641,0.2838967698843725
100873642,0.0
100873643,0.0
100873644,0.0
100873645,0.0
100873646,0.0
100873647,0.0
100873648,0.0
100873649,0.0
100873650,0.0
100873652,0.0
100873653,0.0
100873654,0.0
100873655,0.0
100873656,0.0
100873657,0.0
100873658,0.0
100873659,0.0
100873660,0.0
100873661,0.0
100873662,0.0
100873663,0.0
100873664,0.0
100873665,0.0
100873666,0.0
100873667,0.0
100873668,0.0
100873669,0.0
100873670,0.0
100873671,0.0
100873672,0.0
100873673,0.0
100873674,0.0
100873675,0.0
100873676,0.0
100873677,0.0
100873678,0.0
100873679,0.0
100873680,0.0
100873681,0.0
100873682,0.0
100873683,0.0
100873684,0.4488042980027877
100873685,0.0
100873686,0.2420747747849154
100873687,0.0
100873688,0.932849911147578
100873689,0.5665608018439054
100873690,0.0
100873691,0.0
100873692,0.0
100873693,0.0
100873694,0.0
100873695,0.0
100873696,0.0
100873697,0.7352317655464042
100873698,0.0
100873699,0.0
100873700,0.0
100873701,0.0
100873702,0.0
100873703,0.0
100873704,0.0
100873705,0.0
100873706,0.6342961534225429
100873707,0.0
100873708,0.0
100873709,0.2794732524915229
100873710,0.0
100873711,0.0
100873712,0.0
100873713,0.0
100873714,0.0
100873715,0.0
100873716,0.7313557131355173
100873717,0.0
100873718,0.0
100873719,0.0
100873720,0.0
100873721,0.2631878694942116
100873722,0.0
100873723,0.0
100873724,0.0
100873725,0.2612228714096791
100873726,0.0
100873727,0.0
100873728,0.0
100873729,0.0
100873730,0.265147976990959
100873731,0.0
100873732,0.5546811251955661
100873733,0.0
100873734,0.0
100873735,0.5532462931658774
100873736,0.9705206289300928
100873737,0.0
100873738,0.485305233796748
100873739,0.0
100873740,0.0
100873741,0.8943535008766985
100873743,0.0
100873745,0.0
100873746,0.0
100873747,0.7850611396020792
100873748,0.6539510278899517
100873749,0.0
100873750,0.4920355179076667
100873751,0.0
100873752,0.0
100873753,0.0
100873754,0.0
100873755,0.0
100873756,0.0
100873757,0.2838967698843725
100873758,0.0
100873759,0.9874874748860788
100873760,0.0
100873762,0.0
100873763,0.0
100873764,0.0
100873765,0.0
100873767,0.0
100873768,0.0
100873769,0.0
100873770,0.0
100873771,0.0
100873772,0.0
100873774,0.0
100873776,0.0
100873777,0.0
100873778,0.0
100873779,0.0
100873780,0.0
100873781,0.0
100873782,0.0
100873785,0.0
100873788,0.0
100873790,0.0501079362162316
100873796,0.0975798800301689
100873797,0.0
100873801,0.0
100873802,0.0
100873803,0.0
100873804,0.8584044507213968
100873805,0.0
100873806,0.0
100873807,0.0
100873808,0.0
100873812,0.0
100873813,0.0
100873814,0.0
100873815,0.0
100873816,0.0
100873817,0.0
100873818,0.0
100873820,0.0
100873821,0.0
100873822,0.0
100873823,0.0
100873824,0.0
100873825,0.3136125853077581
100873826,0.0
100873828,0.0
100873829,0.0
100873830,0.0
100873831,0.0
100873832,0.0
100873833,0.0
100873834,0.0
100873835,0.0
100873836,0.0
100873837,0.0
100873838,0.0
100873839,0.0
100873840,0.0
100873841,0.0
100873842,0.0
100873843,0.0
100873845,0.0
100873846,0.0
100873847,0.0
100873848,0.0
100873849,0.0
100873850,0.0
100873851,0.0
100873852,0.0
100873853,0.0
100873855,0.0
100873856,0.0
100873857,0.0
100873858,0.0
100873860,0.6908960275421171
100873861,0.3518531560943878
100873862,0.0
100873863,0.0
100873864,0.0
100873865,0.0
100873866,0.0
100873867,0.0
100873870,0.0
100873871,0.0
100873872,0.0
100873873,0.0
100873874,0.0
100873875,0.0
100873877,0.0
100873880,0.076750799447613
100873882,0.231617602490273
100873884,0.0
100873885,0.0
100873886,0.0334663908138561
100873887,0.0617961599388916
100873888,0.457398345838149
100873889,0.0
100873890,0.2935413143981809
100873891,0.0
100873893,0.4482119995810875
100873894,0.5369557465375479
100873899,0.0
100873900,0.0
100873901,0.0
100873905,0.0
100873907,0.0
100873908,0.0
100873910,0.0
100873912,0.6212807618630699
100873913,0.4035249060099343
100873919,0.0
100873920,0.0
100873921,0.0
100873922,0.290193838581475
100873923,0.0639214260144302
100873924,0.2243575867846448
100873930,0.1997239947427288
100873932,0.0
100873933,0.0
100873934,0.1746484396889903
100873935,0.0
100873937,0.0
100873939,0.0508922379282558
100873940,0.193321891338453
100873941,0.1345437802827254
100873942,0.0
100873944,0.129924017888448
100873945,0.0
100873946,0.4739488417740011
100873947,0.0643072587180317
100873948,0.0
100873949,0.2232469786978939
100873952,0.0
100873955,0.1827042983389634
100873960,0.0
100873962,0.0
100873964,0.0
100873965,0.1240227657226751
100873966,0.0
100873967,0.2356919745933813
100873969,0.0
100873972,0.0
100873974,0.0471602662673416
100873976,0.0
100873977,0.0
100873978,0.0
100873979,0.0060146795562324
100873980,0.1012779001967963
100873982,0.0
100873983,0.0
100873984,0.0
100873986,0.0
100873987,0.0602471155158791
100873988,0.0
100873989,0.0
100873990,0.2637914993933349
100873993,0.0
100873995,0.0
100873997,0.0076664475141711
100873998,0.0
100874001,0.7848415956739772
100874002,0.0320646470462866
100874004,0.0
100874006,0.0936791088254262
100874008,0.8176039298089047
100874010,0.0
100874012,0.0
100874013,0.058501008843608
100874016,0.8733228279665448
100874018,0.1137288585710933
100874019,0.0
100874021,0.0
100874023,0.0
100874024,0.0
100874027,0.2007044229568114
100874028,0.0217811482126814
100874029,0.1261735853154376
100874031,0.231617602490273
100874032,1.1518191658506538
100874034,0.0890112847364733
100874035,0.0
100874037,0.0
100874039,0.0
100874041,0.0
100874042,0.0710306629776471
100874044,0.0
100874047,0.0
100874051,0.0
100874054,0.7346004698737151
100874055,0.0794068242501354
100874056,0.0
100874058,0.7310383092312854
100874059,0.0
100874063,0.0
100874064,0.0
100874065,0.0
100874068,0.4830479808106961
100874078,0.247021015259454
100874079,0.0
100874080,0.0
100874082,0.0
100874083,0.0
100874084,0.0
100874085,0.0797855659595778
100874086,0.0
100874088,0.0
100874089,0.0
100874090,0.0598594062479726
100874091,1.1005117853162294
100874093,0.3037850601415601
100874095,0.0
100874097,0.3922435953642581
100874098,0.0
100874100,0.0294552189612712
100874101,0.1301021831418956
100874102,0.0
100874104,0.0
100874106,0.0
100874109,0.0
100874111,0.1582923385912082
100874112,0.4718859066400572
100874114,0.114273863088368
100874117,0.0
100874118,0.0
100874123,0.0326656794165476
100874124,0.0
100874131,0.0520673186640733
100874135,0.0
100874137,0.0
100874143,0.0
100874144,0.0
100874145,0.0
100874146,0.0463724718392014
100874150,0.0
100874156,0.0
100874157,0.0
100874169,0.3473959406229774
100874176,0.0
100874178,0.0
100874179,0.0113712320035829
100874180,0.0
100874182,0.0
100874183,0.0
100874185,0.110998419529435
100874187,0.0
100874188,0.7102427104826377
100874190,0.0
100874193,0.0
100874194,0.0
100874195,0.0
100874198,0.0
100874200,0.0
100874201,0.0
100874202,0.2433142328968992
100874203,0.0645001083526856
100874204,0.0
100874205,0.0
100874206,0.0308612972995617
100874208,0.0
100874212,0.0
100874213,0.0
100874214,0.1685534795001399
100874216,0.0
100874221,0.0
100874222,0.0082850342053478
100874223,0.4432179339371198
100874225,0.0
100874231,0.0
100874234,0.0
100874236,0.063149226365247
100874237,0.0
100874238,0.0
100874239,0.0
100874241,0.0
100874243,0.0
100874246,0.7986747570429279
100874248,0.0
100874249,0.1744797530975475
100874251,0.0
100874253,0.1946393048600189
100874254,0.0
100874258,0.0
100874261,0.3390880221956519
100874262,0.0812988122919001
100874263,0.0
100874264,0.0
100874268,0.0860100466169922
100874270,0.0
100874273,0.0
100874275,0.0
100874276,0.0
100874278,0.0565566131007352
100874284,0.3029245872753158
100874286,0.0
100874287,0.0
100874288,0.0
100874291,0.8334885251112546
100874295,0.0
100874298,0.0
100874300,0.2125379587842801
100874312,0.1878646602768941
100874313,0.0677717653179942
100874314,0.0
100874323,0.0428182367483027
100874324,0.0
100874326,0.0
100874330,0.0
100874333,0.0
100874334,0.0
100874337,0.0
100874342,0.0
100874343,0.2122160704749191
100874348,0.0
100874351,0.0
100874353,0.0
100874355,0.0
100874356,0.0
100874358,0.0
100874361,0.0
100874362,0.7989613571957329
100874363,0.3448178579210003
100874364,0.135606191401068
100874366,0.141776258746249
100874374,0.0759903776592968
100874379,0.0
100874380,0.0
100874381,1.1269483056879412
100874389,0.0
100874390,0.0
100874393,0.0
100874394,0.0
100874395,0.0
100874397,0.0
100874398,0.0
100874399,0.0
100874401,0.0
100874402,0.0
100874404,0.0
100874405,0.0
100874409,0.0
100874410,0.0
100874412,0.1377268877932005
100874416,0.0
100874420,0.0
100874421,0.0
100874422,0.0
100874423,0.0
100874427,0.0
100874429,0.0
100874430,0.0
100874431,0.0
100874432,0.0
100874434,0.6440129859106509
100874436,0.0
100874438,0.0
100874439,0.2283114571781785
100874440,0.0
100874441,0.0
100874442,0.0
100874443,0.215268792123166
100874445,0.0
100874446,0.0
100874449,0.0
100874451,0.0
100874454,0.0
100874461,0.0
100874465,0.0
100874470,0.0
100874489,0.0
100874490,0.0
100874492,0.0
100874495,0.0
100874497,0.0
100874499,0.0
100874500,0.0
100874501,0.0
100874502,0.2711486275042417
100874504,0.0
100874506,0.0
100874508,0.0
100874510,0.0
100874511,0.0
100874512,0.0
100874517,0.0
100874519,0.0
100874523,0.3355194528853651
100874524,0.3495602536250465
100874528,0.1532859758466703
100874530,0.0
100874531,0.1100862611199595
100884155,0.0380557917082188
100885775,0.0416301479021601
100885776,0.3620205513073884
100885778,0.0126025784990239
100885779,0.0
100885780,0.0
100885781,0.0
100885782,0.0
100885789,0.0
100885796,0.0
100885798,0.0
100885848,0.3130462598802482
100885850,0.0
100885864,0.0
100886964,0.0
100887068,0.0274424681999785
100887072,0.0294552189612712
100887073,0.0
100887074,0.0
100887080,0.1719452278307409
100887740,0.0
100887744,0.0
100887748,0.0
100887749,3.4948893906430203
10089,0.2200652649665873
1009,2.04576454847357
10090,0.9263715013267424
100913179,0.0
10092,2.473509465565599
10093,2.4768837294465156
10094,2.6948506822322154
10095,0.2008677113527925
10096,2.316460159608615
100967223,0.0
10097,2.8183868865745665
10098,2.158092408660398
10099,2.6146217270973975
100996246,0.0702650067990862
100996249,0.041431969987866
100996251,0.1100862611199595
100996255,0.2406780642448516
100996263,0.0
100996279,0.0
100996280,0.0
100996286,0.032865928486596
100996288,0.1336573840641972
100996291,0.0
100996301,1.5640911155797843
100996307,0.2060754753648871
100996331,0.0
100996333,0.1716066910730517
100996335,0.0
100996338,0.0
100996342,0.0538268611423806
100996345,0.0
100996350,0.0
100996351,0.0
100996361,0.0
100996384,0.0
100996385,0.0
100996404,0.0567512557756906
100996419,0.7819073190996135
100996425,0.0
100996435,0.112273749424129
100996437,0.9693725616985164
100996447,0.0
100996455,0.0152643844692303
100996465,0.0
100996478,0.0
100996481,0.0352652184723042
100996485,0.2794732524915229
100996490,0.0
100996492,0.0310619747051902
100996501,0.0
100996521,0.0290530521054448
100996539,0.8271402305596578
100996569,0.0
100996570,0.1393138122542398
100996571,0.0
100996590,0.0276439590910099
100996597,0.0
100996609,0.8737694890721405
100996624,0.0
100996630,0.0
100996631,0.0
100996635,0.2549932931012345
100996637,0.0
100996645,0.0
100996648,0.0
100996654,0.0
100996660,0.0646929135332517
100996665,0.0
100996671,0.0264342928541542
100996679,0.0
100996693,0.0
100996694,0.0
100996696,0.0731326033913595
100996702,0.0
100996717,0.3352442606887486
100996732,0.4600855033012058
100996746,0.0
100996758,0.0
100996763,0.0
100996792,0.0
100996842,1.095218193411814
100996851,0.0
100996876,0.0
100996886,0.0
100996928,0.0
100996939,0.0
100996941,0.036063467897197
100996944,0.0
101,1.1697249629646107
1010,0.0064279224007442
10100,1.3645032662191117
10101,2.2926813537032236
10102,0.275916367201021
10103,2.891901026372002
10105,2.6268990828754974
101056700,0.67124361522531
101059915,0.1480744014416773
101059918,0.085446105720894
101059938,0.0
101059948,0.0
101059953,0.0
101059974,0.0
10106,2.562033372731104
101060000,0.0
101060004,0.0
101060006,0.0
101060019,0.0449920531388688
101060021,0.0
101060035,0.0
101060038,0.0270393423001977
101060039,0.0814877748095437
101060040,0.0
101060042,0.0
101060056,0.0
101060067,0.0
101060091,0.2735361170356658
101060111,0.0
101060113,0.0
101060119,0.0
101060152,0.0246165431357565
101060160,0.0
101060164,0.0
101060176,0.0
101060199,0.0
101060200,0.0797855659595778
101060211,0.0
101060226,0.0051875911285856
101060233,0.0
101060264,0.7144046687264961
101060301,0.0
101060321,0.0
101060351,0.0
101060376,0.0
101060389,0.112091680115918
101060391,0.282130360912648
101060498,0.3854445553653426
101060542,0.0
101060544,0.0910683626288553
101060684,0.4268126278238547
101060691,0.943556283723719
10107,0.009520858735307
10109,2.602686611292311
1011,0.0
10110,0.1771745280964104
101101772,0.1680434911261384
101101773,0.0
101101775,0.1685534795001399
10111,0.4856432224943858
10112,2.239019143197117
10113,2.598460836918888
10114,2.5405212031071103
101154753,0.0
10116,2.2568632870745065
10117,0.0
101180976,0.0
1012,1.0839424146023822
10120,2.450489057927386
10121,2.6489420579109773
10123,1.9685202518654268
101234261,0.1268892755676334
10124,1.552008205242161
101241875,0.0
101241877,0.0
101241891,0.0
101241892,0.5198579690753709
101243545,0.0614091674392234
101243555,0.0581124904196997
10125,2.115616891019606
10126,2.08212418275793
10127,2.164955138506745
10128,2.5005558085877126
10129,1.1070615660330438
101290500,0.0
1013,0.022997480615535
10130,2.6094367808281804
10131,2.272904295482116
10133,2.2204973621924493
10134,2.976461005158382
101340250,0.0
101340251,0.290777040522898
101340252,0.0
10135,1.9342569028704617
10136,0.0
10137,2.307017955504941
10138,1.488342202832324
10139,1.8481907989230053
1014,0.0
10140,2.9435087255862835
101409253,0.0
101409254,0.0
101409257,0.2563649813792048
101409258,0.1878646602768941
101409261,0.3484788611650034
10141,0.0600532833173621
101410534,0.0280467968559265
101410535,0.129745813935983
101410536,0.0
101410538,1.8074858612304283
101410540,0.0
101410541,0.0
101410542,0.0
101410545,0.0086971754034013
10142,2.1970347496245077
10143,0.0
10144,0.6060212021825097
101447996,0.0
10146,2.045568570814443
10147,2.3266390705393194
10148,0.4020136433595122
10149,0.0975798800301689
1015,0.0276439590910099
10150,2.001272717821054
10152,1.7119966999545135
10153,2.185452875401018
10154,1.5959842701663758
10155,2.9698931316594517
101559451,0.0735142061810224
10156,0.2126988543900615
10157,1.2308436342129514
10158,0.9178059015091332
10159,2.6154911962602196
1016,0.0
10160,1.6815557295210923
10161,1.6495115287768063
10162,1.6716858342046976
10163,2.351177751096473
10164,0.0
10165,1.983228252435989
10166,1.883906184478828
101669762,0.0264342928541542
101669766,0.2073721496926904
101669767,0.0
10168,1.6836157547648134
10169,2.5583508323671382
1017,2.2256532416117736
10170,0.2628858809535586
10171,1.779284351257266
10172,1.4175384274077223
101730217,0.0058079828238362
10174,2.5568276762151707
10175,2.3204338649996643
101752399,0.0899469520555108
101752400,0.6297085495192024
10178,0.0384536920503017
10179,1.087545707660439
1018,0.147028078610212
10180,2.2065233265777615
101805488,0.0203598820990786
101805491,0.0
101805492,0.0
10181,2.071364819490055
10184,1.9889809049020797
10186,1.853663567873653
101867536,0.0084911297831118
10188,1.919545081212649
10189,2.866428080070372
1019,2.2734206660836627
10190,2.1508906198016153
101926888,0.4531726538869441
101926890,0.0
101926892,0.0
101926895,0.3854445553653426
101926896,0.7958018294580095
101926897,0.0
101926898,0.0
101926900,0.0916285002418245
101926903,0.0
101926904,0.1371972284494705
101926905,0.0
101926906,0.0
101926907,0.3241551965213768
101926908,0.0
101926911,0.1180788346824814
101926913,0.0364623094604789
101926924,0.0
101926926,0.1320594510057083
101926928,0.0
101926933,0.6137867400041452
101926940,0.1524196905802636
101926942,0.0
101926943,0.1780148076809264
101926945,0.0
101926948,0.0
101926951,0.0
101926955,0.0
101926956,0.1536322322100882
101926963,0.4464322606088483
101926964,0.025020825205399
101926966,0.0
101926967,0.6597048752983057
101926971,0.0252228938178094
101926975,0.200214358457645
101926977,0.3887875714267803
101926978,0.0
101926983,0.0
101926987,0.1627547573177827
101927000,0.1180788346824814
101927003,0.0049806933258769
101927007,0.0
101927009,0.0
101927015,0.0
101927017,0.0177140457770852
101927018,0.1646353512832717
101927020,0.0
101927023,0.0
101927027,1.2037288853437047
101927034,0.0893856781967923
101927038,0.0
101927039,0.2922331420294379
101927040,0.0115765804481612
101927043,0.1391376392196552
101927049,0.0
101927051,0.018529029376588
101927056,0.4417848660326631
101927058,0.0
101927059,0.0
101927062,0.0
101927067,0.2542302130705458
101927070,0.0378567710724885
101927072,0.0
101927074,0.0
101927075,0.0
101927081,0.0
101927082,0.0
101927084,0.0833750437052461
101927087,0.0
101927089,0.0
101927093,0.0199533676763937
101927096,0.0567512557756906
101927098,0.0424223934120883
101927101,0.0
101927109,0.0
101927111,0.5493371809123715
101927112,0.0
101927115,0.0455839386189831
101927117,0.120425512675816
101927120,0.0
101927123,0.0
101927124,0.276658716815503
101927125,0.0358639763576893
101927129,0.0043596979037672
101927131,0.0
101927132,0.0
101927134,0.0238073990491231
101927136,0.0091091168566818
101927138,0.0
101927139,0.0
101927141,0.0072538062085478
101927143,0.0270393423001977
101927145,0.0
101927149,0.0
101927150,0.1895222740277748
101927151,0.424980918317437
101927152,0.0045667467349953
101927155,0.4562269621457333
101927159,0.0
101927164,0.3333151557922801
101927171,0.0
101927176,0.0
101927179,0.0
101927188,0.0
101927193,0.0310619747051902
101927195,0.0
101927204,1.4816333043366774
101927207,0.0
101927215,0.0031163460570424
101927219,0.0
101927220,0.0829979322484961
101927227,0.0
101927228,0.0
101927229,0.8280313837334308
101927233,0.3067892359627172
101927237,0.0434116529118274
101927239,0.0
101927244,0.0432138940104846
101927245,0.1962830437178839
101927248,0.0
101927249,0.0
101927253,0.0
101927256,0.0
101927257,0.018529029376588
101927259,0.2102820170793421
101927265,0.0
101927267,0.0424223934120883
101927269,0.0
101927273,0.0
101927274,0.0
101927275,0.7979577067831822
101927278,0.0658488120877697
101927279,0.0758001637739616
101927282,0.0
101927285,0.0148554188895284
101927288,0.1463297841307743
101927289,0.4806703579152258
101927292,0.0039454490619983
101927293,0.0627628591308276
101927295,0.0
101927297,0.1240227657226751
101927300,0.4839517168688308
101927305,0.0428182367483027
101927314,0.0031163460570424
101927318,0.0
101927320,0.0
101927322,0.085446105720894
101927331,0.0
101927332,0.0
101927344,0.1712680127981029
101927346,0.0
101927347,0.0
101927348,0.0400434172142254
101927350,0.0111658338983268
101927351,0.0
101927352,0.0
101927354,0.0
101927355,0.0816766944344988
101927356,0.0
101927358,0.0
101927359,0.0
101927360,0.0
101927362,0.0
101927363,0.0
101927367,0.0
101927375,0.041431969987866
101927377,0.112273749424129
101927378,0.0
101927379,0.0286506937617837
101927381,0.0
101927392,0.0994309548859968
101927394,0.105693816820032
101927396,0.0
101927401,0.324573925812795
101927404,0.0
101927406,0.0068409645610921
101927410,0.0
101927411,0.0
101927412,0.0
101927413,0.0183253569229505
101927414,0.0
101927416,0.0951672823362936
101927417,0.0
101927419,0.016081724652309
101927420,0.877204644853122
101927422,0.0
101927423,0.2088284047437949
101927430,0.0
101927431,0.0
101927433,0.0
101927434,0.0
101927438,0.0
101927440,0.3237362401119191
101927447,0.0
101927449,0.0
101927450,0.0
101927459,0.0
101927460,0.0
101927464,0.0
101927468,0.0266360241092229
101927476,0.0
101927480,2.2628130212770325
101927481,0.5725769536721256
101927482,0.7602343296892616
101927483,0.0
101927487,0.0
101927492,0.4050331401957274
101927494,0.0
101927495,0.0633423431029015
101927496,0.0807316672117631
101927497,0.0
101927498,0.0
101927501,0.0
101927502,0.0376577034343075
101927503,0.0
101927504,0.0
101927505,0.0047737452018541
101927511,0.0
101927512,0.0
101927513,0.0
101927521,0.0
101927523,0.0350655380227658
101927524,0.0284494427319338
101927525,0.3016320903001918
101927526,0.0
101927528,0.0111658338983268
101927532,0.0
101927539,0.1414249343325171
101927540,0.1565694824896934
101927541,0.0921882600032804
101927543,0.0
101927547,0.0
101927551,0.0
101927553,0.0
101927554,0.0
101927557,0.0
101927559,0.4023917435227699
101927565,0.0156731530012164
101927571,0.5081578372451316
101927572,0.7220091035293397
101927575,0.0
101927577,0.0
101927580,0.0
101927581,0.0
101927586,0.0
101927587,0.0058079828238362
101927588,0.0
101927590,0.0
101927591,0.0
101927592,0.0
101927596,0.1458056710234613
101927597,0.3815687992175671
101927599,0.6726291644915319
101927605,0.0
101927606,0.0
101927608,0.0
101927609,0.0346660352741282
101927612,1.1697249629646107
101927616,0.0
101927619,0.0
101927620,0.0
101927629,0.0101380977223869
101927630,0.0203598820990786
101927631,0.997758379026497
101927632,0.0
101927635,0.0
101927637,0.0
101927641,0.0033236975274522
101927642,0.0266360241092229
101927646,0.0082850342053478
101927650,0.1828712777039117
101927653,0.0
101927657,0.2165506698612004
101927659,0.0326656794165476
101927661,0.0130126308322217
101927664,0.0
101927666,0.0
101927667,0.0714132279076869
101927668,0.119343261883879
101927671,0.0272409292764164
101927678,0.0886367224100169
101927682,0.150163030160434
101927683,0.0
101927685,0.0284494427319338
101927686,0.0858221088259321
101927687,0.0051875911285856
101927688,0.1095384817418901
101927689,0.0
101927690,0.0
101927692,0.011781879253164
101927693,0.0
101927694,0.0
101927697,0.0191397532419228
101927700,0.009520858735307
101927701,0.0
101927702,0.1077099208929781
101927704,0.0
101927708,0.5232886851548474
101927711,0.0380557917082188
101927712,0.1111807302691279
101927715,0.0
101927718,0.0
101927720,0.7231343700294567
101927721,0.0
101927722,0.5031166083304995
101927726,0.0606346453732357
101927727,0.5742723126096851
101927735,0.0227948798627598
101927740,0.2083432804441998
101927750,0.0614091674392234
101927751,0.114273863088368
101927752,1.7937064223821149
101927755,0.110998419529435
101927760,0.0221867865316464
101927761,0.3047877429779049
101927762,0.0
101927765,0.8382933958430083
101927766,0.0
101927768,0.0394476217259577
101927769,0.0
101927780,0.0070474104382352
101927787,0.2089900475761052
101927788,0.094423529467826
101927793,0.011781879253164
101927795,0.0788383885327216
101927796,0.0
101927797,0.0
101927798,0.0
101927801,0.0
101927808,0.0394476217259577
101927809,1.3855319583005707
101927811,0.963875852358229
101927815,0.01543064864978085
101927821,0.04578114125236
101927822,0.0600532833173621
101927824,0.0
101927825,0.0
101927827,0.0
101927828,0.1452812212828696
101927832,0.0
101927833,0.0
101927837,0.3444099990116609
101927839,0.0
101927843,0.0
101927844,0.0072538062085478
101927845,0.0
101927847,0.0
101927849,0.0
101927851,0.1525930213293895
101927857,0.0
101927858,0.1487712053746272
101927863,0.3593580110842576
101927866,0.0
101927869,0.0
101927870,0.0262325134658017
101927873,0.0
101927876,0.0
101927877,0.0
101927879,0.0
101927880,0.1421274322450643
101927884,0.0
101927886,0.109721115265514
101927888,0.0191397532419228
101927889,0.0
101927891,0.0020788305397574
101927895,0.473490911683664
101927896,0.033066130062972
101927900,0.0
101927901,0.0
101927904,0.0187326529005272
101927905,0.5227537076183053
101927907,0.0
101927908,0.0
101927911,0.0140368959186701
101927913,0.0
101927914,0.0
101927917,0.0
101927921,0.0
101927922,0.0
101927924,0.1641228937636206
101927926,0.0
101927931,0.4432179339371198
101927934,0.943556283723719
101927936,0.0
101927943,0.8198971415908876
101927944,0.0203598820990786
101927948,0.0
101927950,0.0438070313509447
101927953,0.0
101927957,0.0199533676763937
101927963,0.1615557448577286
101927972,0.0268377072511832
101927973,0.0
101927974,0.2970190835551979
101927983,0.1188016023173223
101927988,0.0
101927989,0.6815675393162742
101927990,0.0
101927993,0.0
101927994,2.1253167705582823
101928002,0.0
101928007,0.363746233807929
101928008,0.0
101928009,0.0
101928014,0.0
101928015,0.0
101928016,0.0
101928022,0.3688999641191207
101928031,0.0
101928033,0.0
101928035,0.0047737452018541
101928036,0.0
101928040,0.0
101928043,0.0
101928045,0.174311031346234
101928052,0.0
101928053,0.1373738196458896
101928058,0.1900188940084079
101928059,0.3069320026278125
101928062,0.3979687225531679
101928063,0.1913417191488781
101928067,0.0
101928075,0.0
101928076,0.672888643494807
101928087,0.0
101928089,0.0
101928093,0.0
101928099,0.6339302568160583
101928100,0.0702650067990862
101928101,0.0
101928103,0.2118940526257159
101928104,0.0097266548872287
101928105,0.5380044576726806
101928107,0.0
101928108,0.0
101928111,0.4096645771812045
101928114,0.0
101928118,0.1315261137724414
101928132,0.0
101928134,0.0
101928136,0.0706479226552025
101928137,0.0
101928138,0.0
101928141,0.0
101928144,0.0
101928147,0.0
101928150,0.0694986479199568
101928151,0.0
101928153,0.3556147916337492
101928154,0.0179178651438874
101928158,0.0
101928161,0.0402419221072167
101928162,0.0
101928165,0.0
101928167,0.0
101928173,0.457398345838149
101928174,0.0
101928176,0.0723688738166034
101928185,0.0807316672117631
101928188,0.4788536473516551
101928190,0.0
101928196,0.0
101928200,0.0493229014588557
101928201,0.0
101928203,0.0
101928205,0.0148554188895284
101928222,0.2970190835551979
101928223,0.0
101928227,0.052263005646635
101928228,0.4069141903041223
101928230,0.1254572708948052
101928231,0.0205630661837875
101928232,0.0
101928233,0.0201566492701331
101928235,0.0
101928238,0.2990406377669145
101928241,0.0179178651438874
101928243,0.0586952005206574
101928251,0.0
101928253,0.0
101928254,0.0
101928259,0.0
101928266,0.0
101928270,0.0
101928271,0.0
101928276,0.0115765804481612
101928280,0.0
101928284,0.0
101928287,0.0113712320035829
101928288,0.0
101928290,0.3509098510791981
101928292,0.8580776541105188
101928295,0.0
101928298,0.0
101928300,0.0
101928304,0.1459804127775399
101928309,0.0
101928311,0.0
101928317,0.0332662841654657
101928333,0.0
101928335,0.0534361704016004
101928336,0.0123974780415539
101928337,0.0
101928345,0.0
101928357,0.0
101928363,0.0302589788495971
101928371,0.0
101928372,0.0
101928373,0.1261735853154376
101928376,0.018529029376588
101928380,0.0
101928386,0.0
101928388,0.0424223934120883
101928389,0.0
101928392,0.0
101928398,0.0
101928399,0.2825723370389634
101928401,0.0
101928403,0.7191068953470723
101928404,0.0
101928405,0.0
101928414,0.0084911297831118
101928416,0.0
101928417,0.0240097576149657
101928418,0.0
101928420,0.1480744014416773
101928424,0.3386771083125778
101928435,0.0
101928436,0.0
101928443,0.0
101928445,0.2248330884582169
101928446,0.0089031710875008
101928449,0.0
101928450,0.0
101928460,0.0166942133416963
101928461,0.1622411114790308
101928463,0.2775486097425162
101928464,0.338265974684118
101928469,0.0256268862991105
101928470,0.0
101928471,0.0
101928475,0.0
101928476,0.0115765804481612
101928478,0.0272409292764164
101928483,0.0641143646112851
101928484,0.0
101928489,0.0871367817651098
101928495,0.0
101928496,0.0
101928499,0.0
101928504,0.4362657045468734
101928505,0.0
101928509,0.0412337454202869
101928513,0.0
101928514,0.1695724950282078
101928516,0.0
101928517,0.0
101928523,0.0
101928525,0.1749857074436463
101928527,1.6198397481748856
101928532,0.0
101928536,0.0
101928537,0.0
101928539,0.0
101928545,0.2812456594128502
101928550,0.0272409292764164
101928554,0.1763333746336354
101928555,0.057140405596366
101928557,0.1610413402968344
101928559,0.0
101928565,0.0
101928569,0.0140368959186701
101928571,0.116631393300044
101928578,0.8209368375748937
101928580,0.0
101928583,0.0221867865316464
101928590,0.0
101928595,0.7057254221234369
101928596,0.0
101928597,0.0
101928600,0.0
101928601,0.0
101928602,0.3198149887249777
101928603,0.0
101928611,0.036063467897197
101928612,0.1682135228864451
101928614,0.0
101928616,0.0
101928618,0.0
101928622,0.0
101928627,0.0
101928628,0.0
101928646,0.0440046509270564
101928650,0.0617961599388916
101928651,0.0
101928656,0.0
101928659,0.4676271768005791
101928661,0.0
101928673,0.2631878694942116
101928674,1.7790259365226648
101928677,0.1045920467791873
101928682,0.0
101928684,0.0
101928685,0.0
101928694,0.0
101928696,0.071221967357895
101928698,0.0
101928700,0.0
101928708,0.0
101928710,0.0078726930921942
101928716,0.0964672461846826
101928718,0.0082850342053478
101928725,0.3189721271692777
101928731,0.0183253569229505
101928733,0.022997480615535
101928734,0.0
101928736,0.7244982397573867
101928737,0.1379033647729047
101928738,0.199396919210256
101928739,0.0973945447953161
101928743,0.0
101928744,0.0109603861112779
101928748,0.0
101928751,0.0
101928752,0.0
101928765,0.0540221383132408
101928766,0.0532407567944813
101928767,0.0179178651438874
101928770,0.0
101928773,0.0146508621545966
101928776,0.0
101928778,0.0
101928781,0.2516302132284079
101928782,0.0
101928784,0.033066130062972
101928790,0.0
101928795,0.0
101928796,0.2060754753648871
101928797,0.0
101928807,0.0
101928809,0.0
101928813,0.0970237498872507
101928819,0.0
101928820,0.0
101928823,0.0236049920866109
101928834,0.1929922007033621
101928837,0.457398345838149
101928844,0.0588893471988714
101928846,0.0
101928847,0.0242120678044732
101928850,0.0
101928851,0.0
101928855,0.0
101928856,0.0
101928857,0.0
101928858,0.1688932936585756
101928865,0.0320646470462866
101928866,0.0
101928868,0.0306605722017031
101928869,0.0
101928877,0.0
101928879,0.0520673186640733
101928881,0.0
101928882,0.0342663432615378
101928886,0.0
101928887,0.0128076294222381
101928891,0.8627025745648622
101928893,0.5906172807428398
101928894,0.0219839916622789
101928896,0.0
101928904,0.0
101928909,0.0434116529118274
101928917,0.0553878071845259
101928922,0.0
101928924,0.0
101928929,0.0
101928937,0.0
101928940,0.0168982779780871
101928942,0.0
101928943,0.3298582626860887
101928944,0.0875120208953502
101928952,0.0
101928965,0.0858221088259321
101928969,0.269952155905544
101928971,0.0
101928973,0.0
101928978,0.0
101928982,0.121866302736131
101928988,0.3069320026278125
101928989,0.0238073990491231
101928991,0.0
101928992,0.0
101928994,0.0717956175864252
101928995,0.1373738196458896
101928999,0.0
101929002,0.0258288102084853
101929004,0.0203598820990786
101929010,0.0
101929011,0.0
101929019,0.0
101929023,0.0596654842894622
101929025,0.0
101929027,0.0
101929050,0.0
101929052,0.0
101929053,0.0
101929054,0.4816902835481734
101929058,0.0
101929059,0.0
101929064,0.0
101929071,0.0629560650472485
101929073,0.0
101929074,0.5012446691152181
101929076,0.0
101929080,0.076750799447613
101929081,0.0
101929082,0.0
101929084,0.0
101929086,0.0
101929089,0.1699118824483975
101929093,0.0
101929095,0.2984635860502864
101929099,0.1527663152168473
101929104,0.0
101929106,0.0
101929107,0.0
101929109,0.0
101929110,0.0332662841654657
101929111,0.0332662841654657
101929116,0.0
101929120,0.0
101929122,0.3238759174970587
101929123,0.0
101929124,0.0
101929125,0.0818655711838594
101929127,0.0115765804481612
101929130,0.0181216355189445
101929134,0.2738340434194801
101929140,0.2810981119313987
101929141,0.0
101929144,0.0
101929145,0.4403490290661468
101929147,0.6228629392815743
101929148,0.0
101929151,0.0
101929152,0.0
101929153,0.0
101929159,0.0
101929162,0.2445517554898116
101929164,0.0
101929172,0.0
101929174,0.0
101929176,0.0209692882026594
101929178,0.0
101929180,0.0
101929181,0.0
101929184,0.085446105720894
101929191,0.0654636900743731
101929199,0.0
101929200,0.6651487229614114
101929210,0.0
101929212,0.0342663432615378
101929215,0.1656592969286946
101929224,0.9031826451767722
101929225,0.0
101929227,0.0113712320035829
101929231,0.0150599263207783
101929237,0.2672534170449826
101929238,0.0179178651438874
101929239,0.0
101929241,0.0
101929243,1.40570787873223
101929244,0.0
101929247,0.0
101929260,0.0
101929261,0.0
101929265,0.0
101929268,0.0
101929269,0.0
101929270,0.5605949231158076
101929282,0.0
101929284,0.0
101929288,0.0
101929290,0.0936791088254262
101929295,0.1389614282421753
101929297,0.0
101929305,0.0
101929308,0.0
101929309,0.0778901327798074
101929310,0.0
101929315,0.0
101929316,0.0199533676763937
101929328,0.0400434172142254
101929329,0.018529029376588
101929335,0.0254249141756302
101929337,0.0134224851965348
101929338,0.0
101929341,0.0
101929344,0.0
101929350,0.0240097576149657
101929351,0.6233276037988366
101929352,0.0538268611423806
101929353,0.0
101929355,0.0152643844692303
101929372,0.0183253569229505
101929374,0.0
101929378,0.0390501905320824
101929384,0.0
101929386,0.0
101929387,0.0
101929390,0.0
101929397,0.0
101929402,0.3486141187120186
101929406,0.0
101929407,0.055972413796195
101929408,0.0227948798627598
101929410,0.611239282549968
101929412,0.0
101929413,0.0
101929415,0.0
101929422,0.0
101929423,0.0621829736100838
101929425,0.3181283464112395
101929428,0.0
101929437,0.0
101929439,0.059471517423572
101929440,0.246404421848082
101929441,0.1308144574602704
101929445,0.0
101929450,0.0384536920503017
101929457,0.0
101929460,0.0378567710724885
101929467,0.057140405596366
101929468,0.0035309985040075
101929469,0.5607979759563397
101929470,0.0119871284396815
101929473,0.0084911297831118
101929475,0.0850699324727219
101929478,0.0
101929480,0.0
101929486,0.011781879253164
101929488,0.0
101929494,0.1088075433050862
101929495,0.0
101929497,0.1754913456975675
101929505,0.0
101929510,0.0113712320035829
101929511,0.0581124904196997
101929512,0.1146369993408919
101929516,0.0972091680864421
101929517,0.0
101929524,0.1622411114790308
101929526,0.0
101929528,0.0
101929529,0.5499558301586809
101929530,0.0
101929531,0.6000921248908186
101929532,0.0506962311574882
101929536,0.0
101929538,0.0394476217259577
101929541,0.1139105667826226
101929542,0.0
101929544,0.0
101929548,0.3987288007645533
101929549,0.0
101929551,0.0
101929557,0.0
101929559,0.0
101929560,1.1986530759856004
101929563,0.0583067721494003
101929566,0.7259393285265248
101929570,0.0
101929572,0.0
101929577,0.059471517423572
101929582,0.0
101929586,0.0555827213422205
101929589,0.046963386855558
101929590,0.0
101929591,0.0197500372972908
101929592,0.0
101929595,0.0310619747051902
101929596,0.3506401217746132
101929602,0.0
101929607,0.0378567710724885
101929608,0.0
101929609,0.8067939958930789
101929620,0.0
101929623,0.0
101929624,0.0
101929628,0.0
101929631,0.0
101929634,0.0
101929639,0.2439332358021009
101929651,0.231617602490273
101929653,0.0
101929657,0.1180788346824814
101929662,0.0
101929663,0.0
101929664,0.0248187083181388
101929667,0.0442022240997431
101929680,0.0
101929681,0.0
101929684,0.0
101929688,0.0812988122919001
101929690,0.0262325134658017
101929691,0.0740862832627668
101929692,0.0209692882026594
101929693,0.5982650963145842
101929694,0.0
101929696,0.0
101929698,0.5017957392922876
101929700,0.0
101929701,0.0
101929704,1.0714301765984189
101929705,0.1896878480350211
101929709,0.5936282201541268
101929717,0.0
101929718,0.018529029376588
101929721,0.0
101929723,0.1524196905802636
101929726,0.2221348216975109
101929730,0.1699118824483975
101929733,0.0
101929741,0.0824319443491516
101929743,0.0
101929745,0.0
101929746,0.2591012256984977
101929748,0.1049594666720178
101929753,0.0058079828238362
101929754,0.0382547653609949
101929756,0.0262325134658017
101929765,0.0
101929796,0.0925612234809782
101929897,0.0
101929901,0.2383447341173207
101929918,0.0304597993916931
101929926,0.0
101929947,0.1532859758466703
101929977,0.960997970748665
101929983,0.0
101929989,0.0
101929998,0.0
10193,2.0537404646288366
101930023,0.0
101930028,0.0
101930041,0.0
101930085,1.648817300142264
101930090,0.0
101930094,0.0
101930100,0.2314604781238472
101930114,0.1396660445520418
101930275,0.1898533880244812
101930276,0.0
101930294,0.0
101930370,0.3522570741342485
101930420,0.0
101930421,0.0
101930452,0.0510881989588056
101930593,0.0
101930746,0.0
101930749,0.0
10194,1.8765997858221597
10195,2.316650619614455
101954264,0.0
101954266,0.0
101954267,0.0
101954269,0.0
101954271,0.0
101954272,0.0
101954273,0.0
101954275,0.0
101954276,0.0
101954277,0.0
101954278,1.3104041010981389
10196,1.6986281244221084
10197,2.4638654538109233
10198,1.296351773723359
10199,2.123708889812799
102,2.058693572910019
1020,2.2780856976915684
10200,1.869919881188965
10201,1.8480478005622696
10202,2.2813157564335387
10203,1.7325092849597292
102030688,0.0
102031319,0.0
10204,2.391279861548658
10205,0.7485851363496727
10206,1.7289903706950844
102060282,0.0
102060414,0.0230877039217182
10207,1.927082910940939
10208,1.7161739548659167
10209,3.1520246023130536
1021,0.7948654066710664
10210,1.987733823463234
10211,2.893792137871619
10212,2.4926771001047845
10213,2.2330000337876723
10214,0.0
10215,0.0
102157401,0.457398345838149
102157402,2.096338995320751
10216,0.2465586152299185
10217,2.285772599724192
10218,0.0320646470462866
10219,0.3295810402632949
102191832,0.0
1022,2.2435796083424946
10220,0.944468672409098
10221,2.620398351612303
102216268,0.0
102216342,0.0
10223,0.059277505632032
102238594,0.2772520909716023
10224,1.4571343740665337
10225,0.1843725398343365
10226,2.460946080075593
10227,2.567400261727402
10228,2.1052174850715764
102288414,0.0786488237171767
10229,2.138015657535226
10230,1.2036922702853037
10231,1.4177340973213104
10232,0.0
10233,1.8095092720630672
10234,2.00882118802407
10235,0.280212242818749
10236,2.453446585342538
10237,2.4422539497150093
10238,2.618192855340237
10239,1.5074441697535277
1024,1.8014099789090934
10240,1.759045267251324
10241,2.4564006571869057
10242,0.0
10243,2.1190681210085316
10244,2.362736538590456
10245,2.371382234537761
10246,0.0
102464817,0.4820299437065862
102464823,0.0
102464824,0.3644089194923896
102464825,0.0
102464826,0.0
102464827,0.0
102464828,0.0
102464829,0.0
102464830,0.0
102464831,0.0
102464832,0.0
102464833,0.0
102464834,0.0
102464836,0.0
102464837,0.0
102465133,0.0
102465134,0.0
102465135,0.0
102465136,0.8850857361426809
102465137,0.7762959096605132
102465138,0.0
102465139,0.0
102465140,0.0
102465141,0.0
102465246,0.0
102465247,0.0
102465248,0.0
102465249,0.0
102465250,0.0
102465251,0.0
102465252,0.0
102465253,0.0
102465254,0.0
102465255,0.0
102465256,0.0
102465257,0.8513082445094858
102465427,0.0
102465428,0.0
102465429,0.0
102465430,0.0
102465431,0.0
102465433,0.0
102465434,0.0
102465435,0.0
102465436,0.0
102465437,0.0
102465438,0.0
102465439,0.0
102465440,0.0
102465441,0.0
102465442,0.0
102465443,0.0
102465444,0.0
102465445,0.0
102465446,0.0
102465447,0.0
102465448,0.0
102465449,0.0
102465450,0.0
102465451,0.1961188209270054
102465452,0.0
102465453,0.0
102465454,0.0
102465455,0.0
102465456,0.3922435953642581
102465457,0.0
102465458,0.0
102465459,0.0
102465460,0.0
102465461,0.0
102465462,0.0
102465463,0.7019240446928626
102465464,0.0
102465465,0.0
102465466,0.0
102465467,0.0
102465468,0.0
102465469,0.0
102465470,0.681482147253381
102465471,0.0
102465472,0.0
102465473,0.0
102465474,0.0
102465475,0.0
102465476,0.0
102465477,0.0
102465478,1.3522027930592266
102465479,0.0
102465480,0.0
102465481,0.0
102465482,0.0
102465483,0.0
102465484,0.0
102465485,0.0
102465486,0.0
102465487,0.4298555274178127
102465488,0.0
102465489,0.0
102465490,0.0
102465491,0.0
102465492,0.0
102465493,0.0
102465494,0.0
102465495,0.0
102465496,0.0
102465497,0.0
102465498,0.0
102465499,0.0
102465500,0.445956941528477
102465501,0.0
102465502,0.4298555274178127
102465503,0.0
102465504,0.0
102465505,0.0
102465506,0.0
102465507,0.0
102465508,0.0
102465509,0.0
102465510,0.0
102465511,0.0
102465512,0.0
102465513,0.0
102465514,0.6684640913644322
102465515,0.0
102465516,0.0
102465517,0.0
102465518,0.0
102465519,0.0
102465520,0.0
102465521,0.0
102465522,0.4247363507413907
102465523,0.0
102465524,0.0
102465525,0.0
102465526,0.0
102465527,0.0
102465528,0.0
102465529,0.0
102465530,0.0
102465531,0.0
102465532,0.0
102465533,0.0
102465534,0.0
102465535,0.0
102465536,0.0
102465537,0.0
102465538,0.0
102465539,0.0
102465665,0.0
102465666,0.0
102465667,0.0
102465668,0.9826878159769143
102465669,0.0
102465683,0.0
102465684,0.0
102465688,0.0
102465689,0.0
102465690,0.0
102465691,0.0
102465692,0.0
102465693,0.0
102465694,0.0
102465695,0.0
102465696,0.0
102465800,0.0
102465801,0.0
102465802,0.0
102465803,0.0
102465832,0.0
102465833,0.0
102465834,0.0
102465835,0.0
102465836,0.0
102465837,0.0
102465838,0.0
102465839,0.0
102465840,0.0
102465841,0.0
102465842,0.0
102465854,0.0
102465855,0.0
102465856,0.0
102465857,0.0
102465858,0.0
102465859,0.0
102465860,0.0
102465861,0.0
102465862,0.0
102465863,0.0
102465864,0.0
102465865,0.0
102465866,0.557644145757668
102465867,0.0
102465868,0.0
102465869,0.0
102465870,0.0
102465871,0.0
102465872,0.0
102465873,0.0
102465874,0.0
102465875,0.0
102465876,0.0
102465877,0.0
102465878,0.0
102465879,0.0
102465880,0.0
102465881,0.0
102465882,0.0
102465906,0.0
102465907,0.0
102465908,0.0
102465909,0.0
102465910,0.0
102465944,0.0
102465974,0.0
102465975,0.8881485543432
102465976,0.0
102465977,0.0
102465978,0.0
102465985,0.0
102465993,0.0
102465995,0.0
102466081,0.0
102466103,0.0
102466104,0.0
102466162,0.0
102466189,0.0
102466190,0.0
102466191,0.0
102466192,0.0
102466193,0.0
102466194,0.0
102466195,0.0
102466196,0.0
102466197,0.0
102466198,0.0
102466199,0.0
102466200,0.0
102466201,0.0
102466202,0.0
102466203,0.0
102466204,0.0
102466205,0.0
102466222,0.0
102466223,0.0
102466225,0.0
102466227,0.0
102466235,0.0
102466247,0.0
102466250,0.0
102466251,0.0
102466252,0.0
102466253,0.0
102466259,0.0
102466268,0.0
102466270,0.0
102466271,0.0
102466515,0.0
102466516,0.0
102466518,0.0
102466519,0.0
102466615,0.0
102466616,0.0
102466656,0.0
102466657,0.6559924988579852
102466658,0.0
102466659,0.0
102466719,0.0
102466720,0.0
102466721,0.0
102466722,0.0
102466723,0.0
102466724,0.961607879675112
102466725,0.0
102466726,0.5819994980813803
102466727,0.0
102466728,0.0
102466729,0.0
102466730,0.0
102466731,0.0
102466732,0.0
102466733,0.0
102466734,0.0
102466735,0.0
102466736,0.0
102466737,0.7090957139346297
102466738,0.0
102466739,0.0
102466740,0.0
102466741,0.0
102466742,0.0
102466743,0.0
102466745,0.3922435953642581
102466746,0.7925546473099078
102466747,0.0
102466748,0.0
102466749,0.0
102466750,0.0
102466751,0.4101635675469852
102466752,0.0
102466753,0.0
102466754,0.0
102466755,0.0
102466756,0.0
102466757,0.0
102466758,0.0
102466759,0.0
102466806,0.0
102466812,0.0
102466814,0.0
102466815,0.0
102466816,0.0
102466854,0.0
102466864,0.0
102466865,0.0
102466866,0.0
102466872,0.0
102466873,0.0
102466874,0.0
102466875,0.0
102466876,0.0
102466877,0.0
102466878,0.3467183376238796
102466879,0.0
102466880,0.0
102466889,0.0
102466906,0.5804212872334236
102466911,0.0
102466912,0.0
102466918,0.0
102466953,0.0
102466967,0.0
102466972,0.0
102466982,0.0
102466983,0.0
102466984,0.0
102466985,0.0
102466986,0.0
102466995,0.0
102467003,0.0
102467004,0.0
102467005,0.0
102467079,0.0
102467146,0.0362629122582597
102467212,0.281688135119667
102467213,0.0
102467214,0.0
102467222,0.0
102467225,0.0
102467226,0.0
102467655,0.0
10247,2.2069277603356463
10248,2.6880019930769543
10249,0.022997480615535
1025,2.5457405295651796
10250,2.0149429683941436
10251,0.1949683214694214
10252,2.1835158506652124
10253,1.3771807790285426
10254,2.1272865609497607
102546227,0.0
102546228,0.0
102546294,0.0262325134658017
102546299,0.0070474104382352
10255,0.0503040803202519
102557615,0.0
10256,1.7969189302812545
10257,0.4684347742055308
102577424,0.0
102577425,0.0
102577426,0.0225922306114602
102578074,0.0
1026,2.357462991534006
10260,1.5563589336650308
102606463,0.398475526494279
102606465,0.3013445768910261
102606466,0.0
10261,0.9004979715141742
10262,2.9052148544100396
10263,2.4632650302405503
10265,2.8355578624561644
102659353,0.0
10266,2.4788442850465753
10267,2.3296199847368175
10268,1.9872634429058431
102682016,0.0
10269,2.5520490826745954
1027,2.28074369569231
10270,2.10079296946954
10272,2.2404007618454695
102723099,0.1234841800583226
102723165,0.0828093123943021
102723166,0.1756598215993468
102723167,0.0
102723168,1.5933170098218012
102723169,1.6006700558959694
102723170,1.3208298742691016
102723305,0.0604409028617613
102723313,0.2219758154632521
102723314,0.0723688738166034
102723318,0.0
102723322,0.1697422064994797
102723323,0.0136273381928503
102723324,0.1117274208851172
102723330,0.0
102723335,0.0553878071845259
102723341,0.0
102723360,0.0
102723362,0.0
102723364,0.0
102723377,0.0
102723378,0.0
102723380,0.0
102723385,0.0532407567944813
102723413,0.0084911297831118
102723423,0.0
102723430,0.061215604083323
102723446,0.1034888062958342
102723448,0.0
102723449,0.0
102723451,0.0
102723471,0.0
102723472,0.0
102723475,0.0388514046163894
102723481,0.0
102723483,0.0516758077965697
102723495,0.0
102723508,1.019556480642268
102723510,0.1102687734821434
102723518,0.0
102723525,0.0
102723526,0.0
102723538,0.0
102723544,0.0
102723547,0.0
102723548,0.0
102723553,0.0082850342053478
102723555,0.0
102723557,0.1452812212828696
102723562,0.0
102723566,0.7678634002685998
102723567,0.0
102723575,0.118620969890508
102723582,0.5799273743568738
102723604,0.0
102723605,0.0
102723617,0.0
102723619,0.1985786473235092
102723623,0.0
102723626,0.0970237498872507
102723631,0.0
102723640,0.054997842915243
102723641,0.1238432763780587
102723644,0.0
102723647,0.4135231053081815
102723654,0.0
102723661,0.0
102723663,1.0399576585734671
102723670,0.0358639763576893
102723672,0.2097977727501754
102723678,0.0
102723680,0.0
102723684,0.0
102723690,0.0
102723692,0.0
102723699,0.0316637209677261
102723701,0.1135471102998034
102723708,0.0
102723727,0.0225922306114602
102723737,0.0
102723741,0.0
102723742,0.0105493414072734
102723749,0.0
102723757,0.0
102723775,0.2957167376189304
102723786,0.0
102723796,0.0
102723809,0.7939998265526577
102723817,0.129745813935983
102723824,0.0374585887741673
102723828,0.0179178651438874
102723831,0.0
102723833,0.0
102723834,0.2971636543944906
102723838,0.0
102723849,0.0123974780415539
102723854,0.1137288585710933
102723859,0.4355427863089285
102723878,0.0
102723885,0.4656621752294618
102723895,0.0
102723896,0.0
102723899,0.0
102723924,0.0
102723932,0.0
102723944,0.2781413110415791
102723966,0.0
102723971,0.0
102723981,0.0
102723989,0.1250988793227
102723996,0.9895556148730844
102724015,1.0904570849312
102724019,0.0614091674392234
102724023,0.1498152965710392
102724030,0.2336573991124095
102724039,0.0
102724053,0.0
102724064,0.7929885357669109
102724076,0.0
102724087,0.0089031710875008
102724094,0.0
102724097,0.8187862930933314
102724101,0.0
102724105,0.8808736628464384
102724127,0.0
102724135,0.0
102724153,0.0166942133416963
102724159,0.2808029335446761
102724163,0.5823935018245948
102724165,0.0
102724167,0.1548429716536619
102724168,0.1998874825803323
102724178,0.0
102724190,0.1252780946513598
102724200,0.5299956661121584
102724201,0.0
102724219,0.0284494427319338
102724220,0.0
102724224,0.8140438719351136
102724233,0.1727909512670478
102724238,0.0
102724246,0.0432138940104846
102724264,0.0
102724265,0.0
102724289,0.0
102724297,0.1961188209270054
102724312,0.0811098068644656
102724321,0.0
102724323,0.2660509983970706
102724330,0.8741520917441522
102724334,0.0
102724338,0.0
102724339,0.0400434172142254
102724341,0.0
102724344,0.1929922007033621
102724354,0.0
102724357,0.0
102724362,2.011525410646926
102724373,0.0
102724380,0.0
102724386,0.0156731530012164
102724397,0.1714373696317186
102724398,0.0
102724428,1.7405212830213457
102724430,0.0
102724433,0.0
102724434,0.0
102724446,0.0
102724452,0.0
102724473,0.0648856742777243
102724474,0.7697382908780693
102724479,0.0750388739578922
102724481,0.0
102724482,0.0731326033913595
102724485,0.0
102724488,0.0268377072511832
102724497,0.0248187083181388
102724502,0.0
102724508,0.2218167775301066
102724511,0.0
102724515,1.4921260041739908
102724536,0.1067941198550825
102724548,0.2202246523198821
102724550,0.0643072587180317
102724551,0.0402419221072167
102724555,0.0
102724560,0.2143060330373782
102724571,0.1400181252501461
102724587,0.0
102724589,0.0992460334971177
102724594,0.1211462231579099
102724596,0.0729417365234151
102724601,0.0362629122582597
102724602,0.0
102724605,0.0
102724623,0.0
102724624,0.1593243036188781
102724627,0.0
102724631,0.0
102724637,0.0123974780415539
102724642,0.7404173637086497
102724643,0.0
102724651,0.0
102724652,0.0
102724655,0.0
102724657,0.0
102724659,0.0
102724663,0.0
102724679,0.0
102724684,0.0
102724691,0.0
102724698,0.0
102724699,0.0
102724700,0.0
102724701,0.0561671921294347
102724708,0.5928524329596051
102724710,0.0
102724714,0.0706479226552025
102724719,0.7929162409650027
102724737,0.0
102724742,0.0
102724745,0.2494825961694702
102724763,0.0
102724768,0.0
102724814,0.1146369993408919
102724816,0.0
102724826,1.0012994578585688
102724827,0.4214268337653372
102724832,0.5252113314448094
102724843,0.0
102724849,0.1036727819699854
102724850,0.0
102724858,0.0
102724859,0.0
102724862,0.0156731530012164
102724877,0.0272409292764164
102724880,0.0123974780415539
102724890,0.0
102724907,0.1188016023173223
102724908,0.0
102724917,0.0
102724919,0.1382562046163831
102724927,0.9540243335892328
102724929,0.0
102724933,0.0390501905320824
102724934,0.0
102724940,0.0
102724950,0.0
102724951,0.0
102724954,0.0142416006900836
102725019,0.0
102725021,0.1375503727556631
102725022,0.4510507252520137
102725045,0.0
102725068,0.531794854511342
102725079,0.0
102725080,0.0
102725105,0.0
102725191,0.0
102725220,0.0
102725532,0.0
10273,2.2820103317279887
10274,1.984740483164121
10276,2.8010776602283447
10277,1.6803743004734186
10278,2.2872140525915285
10279,0.231617602490273
1028,1.268814825004832
10280,2.7075004564713914
102800315,0.0080788886488122
102800317,0.0
10281,0.0
10282,1.795764367925211
10283,2.0040501398581125
10284,2.538473241177654
10285,2.089651410365553
10286,2.242538763868329
10287,2.020413171106932
10288,0.4092901167367211
10289,2.459625275217179
1029,0.5830824811498677
10290,0.3410027208275318
10291,2.5332306258931347
10293,1.6911989164841834
10294,2.42012457325091
10295,2.328974082424384
10296,1.987586051514968
10297,0.3496953204272714
10298,2.2295821408509218
10299,2.432608189980024
103,2.792237674228798
1030,1.7067188862877738
10300,1.610904006244842
10301,0.2426947461122555
10302,1.6717863327117315
10307,1.2430131690988726
10308,1.4330757521902553
10309,0.1862036312220281
103091864,0.1292109697369215
1031,2.007241720520335
103106903,0.0510881989588056
10311,1.7684324802217737
10312,2.0073948587821477
10313,2.7510957739025512
10314,2.3041202871749924
103157000,0.0
10316,0.5708775390819809
103164619,0.0242120678044732
10317,0.692326379034071
10318,2.3490236569762177
10319,0.2350665060588626
1032,2.434708355953068
10320,0.380531908022198
10321,0.3588243869820759
10322,2.240494000784931
10324,0.1517259986918346
10325,2.2583472668562763
10326,0.0553878071845259
10327,2.4742376860891473
10328,1.7917693460551858
103283057,0.0
10329,1.3245919609066688
1033,2.1525567318313117
10330,0.8185082836343549
10331,0.3638788170283364
103312105,0.0
10332,0.0091091168566818
10333,0.331657782425756
103344928,0.0248187083181388
103344929,0.0
103344930,0.0
103344931,0.8387651816700402
10335,1.417856352595921
103352539,0.2356919745933813
103352670,0.0
10336,2.0597551335372257
10340,0.0
10342,2.2635287423696324
10343,0.0278454019696254
10344,0.6151979995868957
10345,0.0846935889461878
103456507,0.0
10346,1.6922012462783385
10347,1.2695621038209504
10349,0.2606172693978964
10350,0.3026375512736929
103504726,0.0
103504727,0.0
103504729,0.0
103504730,0.0
103504731,0.0
103504732,0.0
103504733,0.0
103504734,2.480595748270688
103504735,0.0
103504736,0.0
103504737,0.0
103504738,0.0
103504739,0.0
103504740,0.0
103504741,0.0
10351,0.4152591834884931
10352,1.819360097299858
103581031,0.0
1036,0.7448636945214628
10360,2.340148081887803
10361,0.0344662129356738
103611157,0.0
10362,2.4718054603231057
103625681,0.6422070707448908
103625684,0.0
10363,1.7805740834843329
10365,2.1375186122530363
10367,2.362725089539878
10368,0.0
103689911,0.1818688831908015
103689912,1.274571313844833
103689913,0.0
103689917,0.0786488237171767
10369,0.0
103695364,0.0
103695365,0.0
103695431,0.8968799894883263
103695433,0.0
103695434,0.0
103695435,0.1920023178353444
10370,2.5720071119107115
10371,0.3638788170283364
103724388,0.0
103724390,0.0282481437700031
103752554,0.0
103752555,0.0
103752584,0.0082850342053478
103752589,0.2487141744835275
10376,2.7236594131231207
10379,0.8132033700955728
10380,2.266000130845764
10381,0.0398448655326076
10382,0.0221867865316464
10383,2.983277115804471
10384,1.1578509186172985
10385,1.283756830263446
10388,1.3867028411765865
10389,1.3178126550344016
1039,2.3260924753009173
10390,1.300106845314801
103908605,0.0140368959186701
10391,0.7535916895248096
103910,3.2266144679219724
103911,0.0
10392,1.0878599399235418
10393,1.0182453890942198
10394,0.0
10395,1.8025492474209803
10396,0.8399767607584209
10397,2.405762795470729
10398,2.8709984667900157
10399,3.0457306046701467
104,1.5282920684484047
1040,2.474185160925946
10400,1.877585735900698
10401,2.6123858760111203
10402,0.5778491730952041
10403,1.865118585377899
10404,2.3234076760287676
10406,2.7024911661679383
10407,0.0
10408,0.0
10409,2.414926419465828
1041,0.0140368959186701
10410,3.1320456258732396
10411,0.6166064186461808
10412,2.316645330570317
10413,2.1528400928707416
104169670,0.0
104169671,0.0089031710875008
10417,1.8894926114433617
10418,1.909532672283093
10419,2.1503075665123816
10420,1.658071367511628
10421,2.486279777253039
10422,1.9547646274050092
10423,2.607559339547673
10424,2.634802161854436
10425,2.1214147490938076
10426,1.8361798311397035
104266956,0.0
104266957,0.13212195916954514
104266959,0.0
104266960,0.0
104266961,0.0
104266962,0.0
104266963,0.0
10427,2.3329458535497243
10428,2.15381295194065
1043,1.6595930463148072
10430,2.684998318174827
104310350,0.0
104310351,0.0386525717956126
10432,2.1141228259497016
104326056,0.0
104326057,0.0
104326058,0.0
104326193,0.0
10434,2.6006509486191325
10435,0.0164900995891271
104355137,0.0
104355138,0.0
104355139,0.0
104355141,0.2046142054746045
104355143,0.0
104355145,0.0
104355146,0.0
104355152,0.0
104355218,0.0
104355285,0.0
104355286,0.0
104355287,0.0
104355291,0.0
104355292,0.0
104355293,0.0
104355294,0.0786488237171767
104355296,0.0
104355297,0.0
104355426,1.1915132371120398
10436,1.778553644824345
10437,0.0880745620036581
10438,1.7276381296025374
10439,1.0002601151561126
1044,0.3965732529053505
10440,2.601859449870482
104413890,0.0
104413892,0.2267322630732208
10443,1.4550502648938908
10444,2.508401211647734
10445,2.3358217727437265
10446,1.786236161042537
10447,2.243932434670881
104472519,0.1240227657226751
104472714,0.0
104472717,0.0
10449,1.598956283827663
1045,0.0
10450,1.4827077575704746
104502416,0.1850388721625969
104502417,0.0
10451,2.132405133536506
10452,2.3324829031365986
104533120,0.0635354152782802
10454,1.8970965151332693
104548972,0.0
104548973,0.0510881989588056
10455,1.9018115804180056
10456,2.7640148175431265
104564224,0.0848817820027076
10457,2.462660090177005
10458,2.201322792452982
10459,1.6829581383871826
1046,0.0
10460,2.1543988020675364
10461,1.002699740634385
104613533,0.0
10462,0.1719452278307409
10463,2.323130446482589
10464,1.892257157704727
10465,1.4814396529916682
10466,1.8905766440995808
10467,2.2499231269731803
10468,1.4043538801316438
10469,1.8943565225914347
1047,2.5964177378754534
10471,2.258773207077291
10472,0.7090957139346297
10473,2.7389466161247027
10474,2.511348327187816
10475,1.537103286956669
10476,2.7976157297222413
10477,1.6053257033413808
10478,2.1039799203809997
10479,0.6461738860735954
104797537,0.0
104798195,0.0
1048,1.5601585304847152
10480,2.228738634160909
10481,0.0
10482,2.3284467370800557
10483,2.5523303328082343
10484,2.2678555144682577
10485,0.0658488120877697
10486,2.6745897689451636
10487,2.8239528486261363
10488,2.7179713341996132
10489,2.0279687563648423
10490,2.016652730724864
104909134,0.0
10491,2.501707979346244
10492,1.128502979574952
10493,2.9530994367907213
10494,2.2035675863703212
10495,1.764346398216221
104968399,0.0964672461846826
10497,1.224426937398415
10498,2.264803890117195
10499,2.008439659078234
105,0.0136273381928503
1050,1.299431652304902
10500,1.2561836433915496
10501,1.2414425835912706
10505,1.5549007883908332
10507,1.029101002799259
10509,2.2922598421765015
1051,2.4995641982239105
10512,2.7787589504772474
10513,2.298403267345569
10514,1.9017781563359069
10516,1.7845753793770256
10517,0.0162859366995967
10518,0.668899134829036
105180390,0.0
105180391,0.0
10519,2.8835948125519533
1052,2.6325671729034292
10520,1.2686522362189194
10521,2.695285448773097
10522,2.1392663917037984
105221694,1.0178413993161248
10523,2.0073501998138528
10524,1.651107246352106
10525,2.357667810788305
10526,2.067743560349589
10527,2.5573231502558436
105274304,0.1361368806434324
10528,2.5196168175794744
10529,2.358798911464888
1053,0.1896878480350211
10531,1.8487147027245012
10533,1.4272542488037727
10534,2.2971197495838056
10535,0.051284114267885
10536,1.6861114720809631
105369147,0.3896850958985421
105369165,0.0
105369167,0.0146508621545966
105369187,0.0
105369192,0.0138321417599086
105369201,0.4882292970710771
105369250,0.5499558301586809
105369274,0.0
105369292,0.0
105369301,0.8077134906179447
105369302,0.0140368959186701
105369306,0.0
105369308,0.0314631865193807
105369317,0.0215782561623971
105369318,0.0
105369323,0.8410518092922455
105369332,0.1313482575810238
105369344,0.3154502898354606
105369347,0.9080346633462764
105369360,0.0532407567944813
105369363,0.4649673925272589
105369378,0.1939808677093617
105369413,0.2338140899857443
105369423,0.0
105369428,0.0
105369431,0.0
105369438,0.0
105369443,0.0
105369473,0.0
105369482,0.0
105369490,0.1014623682252616
105369496,0.0
105369507,0.0
105369515,0.0
105369525,0.0
105369527,0.0
105369528,0.0646929135332517
105369536,0.0
105369541,0.0
105369547,0.0763706752693144
105369549,0.0
105369557,1.278992285478329
105369558,0.0
105369563,0.0
105369564,0.0
105369576,0.0
105369584,0.0
105369589,0.0
105369591,0.025020825205399
105369595,0.0
105369635,1.9910570856465568
105369668,0.0
105369691,0.0
105369717,0.0
105369723,0.0780798702999492
105369728,0.0955389086838045
105369730,0.0
105369734,0.0
105369736,0.0
105369739,0.0242120678044732
105369740,0.0
105369758,0.1876987112634928
105369759,0.0420263638480368
105369779,1.4374685918333907
105369784,0.0
105369785,0.0717956175864252
105369791,0.0629560650472485
105369804,0.0
105369807,0.0
105369810,0.0912551171776534
105369840,0.0
105369848,0.2630368896979078
105369854,0.0
105369860,0.0
105369865,0.3431851201226468
105369885,0.6167002124987596
105369893,0.0
105369897,0.0
105369900,0.0
105369908,0.0240097576149657
105369911,0.1245609986757527
105369920,0.0
105369921,0.0
105369954,0.0
105369971,0.1544972297209149
105369980,0.0
105369984,0.0916285002418245
105369995,0.0
10537,0.0
105370000,0.1225857523790576
105370014,0.0
105370015,0.0
105370016,0.0
105370022,0.0
105370024,0.0
105370027,0.2349100619558004
105370035,0.0
105370047,0.1178980435863406
105370057,0.0356644376201233
105370060,0.0
105370061,0.0
105370103,0.0447946653885956
105370109,1.2719917230437718
105370115,0.0
105370117,0.0191397532419228
105370141,0.0
105370145,0.0
105370158,0.1709291929021107
105370169,0.0068409645610921
105370174,0.0650783906040881
105370185,0.0829979322484961
105370208,0.0875120208953502
105370232,0.0
105370295,0.0
105370306,0.0
105370308,0.0
105370315,0.0
105370340,0.0
105370349,0.151031715914848
105370357,0.0
105370369,0.0
105370401,0.1188016023173223
105370404,0.0643072587180317
105370409,0.0
105370414,0.0
105370423,0.0
105370424,0.0
105370431,0.0
105370455,0.0138321417599086
105370458,0.0694986479199568
105370460,0.0152643844692303
105370471,0.0428182367483027
105370473,0.0
105370474,0.0
105370479,0.0
105370489,0.0
105370500,0.0207662015448037
105370503,0.1031207321073816
105370509,0.0
105370524,0.0610219959658159
105370525,0.1637810756568249
105370526,0.074848442848116
105370532,0.0483405753318879
105370540,0.0
105370578,0.4967101018837402
105370586,0.0
105370589,0.0
105370600,0.0
105370607,0.0
105370611,0.0
105370622,0.0
105370623,0.1832051328693448
105370625,0.2102820170793421
105370629,0.0
105370635,0.9899260750729054
105370645,0.0
105370646,0.0
105370648,0.0
105370650,0.0
105370654,0.0
105370670,0.0
105370681,0.0440046509270564
105370722,0.0
105370728,0.0
105370737,0.0
105370738,0.0
105370757,0.1738046550044918
105370764,0.0
105370769,0.0
105370781,0.1073437223162539
105370787,0.0408371562480633
105370791,0.0
105370792,0.041828279182458
105370802,0.0
105370804,0.0
105370809,0.0542173700425294
105370829,0.0
105370833,0.0586952005206574
105370868,0.1697422064994797
105370880,0.0
105370887,0.0557775902066152
105370906,0.0
105370911,0.0
105370921,0.4220408132841297
105370941,0.352391666129312
105370947,0.1931570629018073
105370954,0.0
105370969,0.0520673186640733
105370985,0.0
105370987,0.0
105370993,0.0
105370997,0.0324653828330247
105371006,0.0
105371008,0.0
105371009,0.0
105371011,0.0
105371018,0.0
105371022,0.0442022240997431
105371027,0.0548027927666294
105371045,0.2568216815987181
105371046,0.1985786473235092
105371048,0.0
105371049,0.7104064084060709
105371055,0.3885309400974964
105371062,0.7047358127251081
105371074,0.2221348216975109
105371079,0.0
105371083,0.1726218772089289
105371090,0.0
105371113,0.0
105371115,0.0
105371129,0.0499117462968908
105371142,0.0
105371143,0.0
105371146,0.0
105371152,0.215909987982621
105371184,0.054997842915243
105371200,0.0
105371240,0.1491193842892281
105371242,0.0
105371251,0.0
105371252,0.0
105371254,0.0860100466169922
105371256,0.0089031710875008
105371260,0.1047757771404354
105371264,0.1886938932954536
105371267,0.2089900475761052
105371272,0.0
105371279,0.1078929593095223
105371286,0.0449920531388688
105371296,0.0
105371335,0.0
105371346,0.0
105371350,0.0
105371361,0.1946393048600189
105371374,0.0916285002418245
105371401,0.6366697961458028
105371414,0.4921471660429486
105371416,0.2931055006210052
105371423,0.0588893471988714
105371430,0.0
105371450,0.3238759174970587
105371455,0.0217811482126814
105371485,0.0173062599854029
105371508,0.0
105371509,0.0
105371541,0.0
105371559,0.0
105371562,0.0860100466169922
105371564,0.1734668947414687
105371574,0.0
105371580,0.0
105371595,0.0
105371597,0.0
105371609,0.0
105371620,0.3476668142229261
105371622,0.0814877748095437
105371653,0.0
105371660,0.0
105371672,0.0
105371673,0.0
105371689,0.0453866897349848
105371708,0.0
105371712,0.0
105371722,0.8493230456258818
105371729,0.2029874437103106
105371730,0.3751954852871808
105371734,0.0382547653609949
105371735,0.0
105371745,0.0467664613262632
105371757,0.0
105371762,0.2718954979794535
105371773,0.0526542428027862
105371786,0.0
105371789,0.095353116336939
105371795,0.4543488804206496
105371798,0.0871367817651098
105371807,0.0227948798627598
105371824,0.0633423431029015
105371828,0.0193432301006561
105371830,0.0
105371831,0.0
105371841,0.2298875252519026
105371848,0.0
105371855,0.3326250168547689
105371856,0.2510172033808796
105371887,0.0398448655326076
105371899,0.0
105371907,0.1697422064994797
105371941,1.1829904281194583
105371956,0.0053944386314874
105371964,0.0
105371967,0.0203598820990786
105371969,0.0
105371993,0.0
105371994,0.0
105372009,0.0696903035798559
105372035,0.0
105372040,0.0629560650472485
105372041,0.0
105372042,0.0
105372045,0.0
105372058,0.0
105372061,0.0
105372068,0.0
105372069,0.0
105372079,0.0
105372080,0.0
105372097,0.0201566492701331
105372107,0.0
105372126,0.0
105372127,0.0
105372132,0.0
105372138,0.0
105372143,0.0
105372145,0.0
105372147,0.0
105372155,0.0
105372165,0.0438070313509447
105372173,0.0
105372180,0.041431969987866
105372187,0.0
105372188,0.0
105372207,0.0
105372209,0.0
105372244,0.0
105372253,0.1473770019605207
105372266,0.7623581323185036
105372267,0.0
105372268,0.0132175827499873
105372280,0.0812988122919001
105372281,0.0
105372295,0.4417848660326631
105372316,0.0
105372321,0.8480625679136147
105372348,0.0
105372360,0.0
105372363,0.0
105372397,0.0
105372401,0.7999634697220421
105372424,0.0416301479021601
105372429,0.0
105372430,0.0
105372432,0.7887094481034088
105372435,0.0670031148207685
105372440,0.1215063417494183
105372441,0.0
105372444,0.0
105372476,0.5258510780052004
105372480,0.8654873780576668
105372481,1.0026479361554077
105372482,1.1164502841304025
105372502,0.0378567710724885
105372524,0.0876995769262763
105372556,0.0
105372558,0.0
105372589,0.2491753170632973
105372608,0.0
105372626,0.0
105372629,0.0763706752693144
105372640,0.0
105372668,0.0524586470199822
105372676,0.0
105372682,0.0
105372703,0.0082850342053478
105372705,0.4791946234325006
105372710,0.0248187083181388
105372725,0.0
105372733,0.0
105372738,0.1598397954841866
105372747,0.0
105372749,0.0
105372751,0.0588893471988714
105372753,0.025020825205399
105372763,0.0
105372779,0.0600532833173621
105372791,0.0784592157513684
105372802,0.1073437223162539
105372808,0.0
105372832,0.7082752380473739
105372833,0.0
105372840,0.1229452412768831
105372860,0.6330146717779771
105372876,0.2046142054746045
105372883,0.0790279102152443
105372893,0.0
105372894,0.0
105372897,0.0
105372906,0.0207662015448037
105372907,0.0404403802309502
105372937,0.0
105372944,0.0
105372950,0.7991762249183691
105372969,0.0
105372971,0.085446105720894
105372972,0.0
105372978,0.2016836555872125
105372980,0.0
105372984,0.009315012732202
105372988,0.0
105372990,0.0499117462968908
105373006,0.0179178651438874
105373009,0.0066344685557293
105373010,0.0
105373044,0.0
105373051,0.0
105373054,0.0
105373058,0.0
105373085,0.0280467968559265
105373098,0.0
105373100,0.0
105373113,1.1669166426607973
105373144,0.0
105373148,0.052263005646635
105373158,0.0091091168566818
105373159,1.1207488382820867
105373170,0.0043596979037672
105373175,0.0
105373199,0.0
105373220,0.0
105373223,0.0
105373244,0.0
105373251,0.0
105373277,0.0
105373289,0.2083432804441998
105373297,0.0
105373299,0.0735142061810224
105373314,0.0
105373334,1.495420830736371
105373343,0.0
105373346,0.0199533676763937
105373347,0.0467664613262632
105373352,0.0101380977223869
105373354,0.0936791088254262
105373368,0.0
105373373,0.0
105373377,0.0
105373390,0.0
105373400,0.0
105373411,0.0
105373418,0.0
105373422,0.071221967357895
105373429,0.0191397532419228
105373436,0.0
105373440,0.0
105373460,0.0
105373496,0.3338668220092238
105373507,0.0
105373508,0.0
105373509,0.3191126678813421
105373514,0.0
105373519,0.0
105373525,0.0
105373530,0.0
105373537,0.0
105373538,0.0
105373559,0.0
105373575,0.0
105373593,0.0
105373600,0.0
105373604,0.0
105373615,0.2219758154632521
105373643,0.0
105373647,0.0
105373669,0.0
105373682,0.0150599263207783
105373683,0.0
105373684,0.0
105373696,0.0
105373742,0.0
105373757,0.0410354741801234
105373764,0.0
105373780,0.0
105373805,0.1290326108407842
105373818,0.0
105373845,0.0
105373852,0.0
105373863,0.0
105373869,2.3014904671181196
105373876,0.0
105373878,0.3964462639138413
105373884,0.5056415916715438
105373888,0.0
105373934,0.0
105373951,0.265298552533264
105373953,0.3355194528853651
105373958,0.9111083480866384
105373973,0.0
105373974,0.2426947461122555
105373979,0.0
105373984,0.2467127785855971
105374003,0.0
105374041,0.0
105374042,0.0
105374057,0.0
105374058,0.0
105374059,0.0316637209677261
105374088,0.0
105374104,0.1620698240114415
105374105,0.2597079930570676
105374114,0.0769407965432616
105374134,0.0
105374158,0.0
105374171,0.0
105374174,0.7082752380473739
105374177,0.0136273381928503
105374205,0.0
105374219,0.0097266548872287
105374243,0.0
105374250,0.0350655380227658
105374272,0.0
105374289,0.0
105374293,0.0
105374308,0.0
105374312,0.0658488120877697
105374313,0.5759636328029007
105374322,0.0
105374328,0.0298571944893556
105374338,0.0
105374344,0.032865928486596
105374363,0.7077003122774207
105374374,0.0
105374408,0.0
105374409,0.0
105374419,0.1252780946513598
105374425,0.0
105374428,0.0
105374436,0.0
105374449,0.0
105374461,0.0
105374464,0.0979504261429475
105374468,0.0903209239347336
105374484,0.0
105374516,0.0
105374524,0.009315012732202
105374540,0.0
105374561,0.0
105374582,0.0
105374588,0.0
105374593,0.0221867865316464
105374596,0.0
105374597,0.0
105374629,0.0
105374642,0.0
105374644,0.0
105374645,0.0
105374647,0.0
105374648,0.0927476423604853
105374652,0.0
105374655,0.0
105374676,0.0039454490619983
105374698,0.0
105374716,0.0
105374727,0.0348658102965977
105374736,0.0
105374758,0.114818507485862
105374768,0.0
105374769,0.0
105374774,0.0
105374780,0.0132175827499873
105374791,0.0
105374796,0.1396660445520418
105374802,0.0927476423604853
105374811,0.2977416696292913
105374845,0.2497897559461853
105374847,0.0
105374852,0.318409708905874
105374880,0.0
105374885,0.1934866860254196
105374888,0.0244143296379668
105374901,0.0234025367070836
105374910,0.0
105374928,0.0
105374943,0.0858221088259321
105374971,0.2938317217009022
105374974,0.0
105374978,0.0
105374988,0.0123974780415539
105374989,0.053631538511365
105375009,0.2160702066097536
105375013,0.1850388721625969
105375014,0.0442022240997431
105375015,0.3736264849638638
105375022,0.3828629220170676
105375050,0.0
105375070,0.0
105375082,0.0
105375095,0.2102820170793421
105375115,0.0614091674392234
105375118,0.0195466581122431
105375130,0.0
105375132,0.0
105375148,0.0
105375166,0.0
105375168,0.3136125853077581
105375210,0.0
105375216,0.0
105375224,0.0
105375233,0.0
105375240,0.0
105375261,0.3263858001857181
105375266,0.0
105375268,0.0
105375283,0.0
105375297,0.0
105375298,0.0
105375303,0.0
105375304,0.2987521653592278
105375341,0.0
105375342,0.0
105375344,0.0
105375355,0.0677717653179942
105375358,0.0
105375366,0.0
105375380,0.0
105375387,0.0179178651438874
105375392,0.0136273381928503
105375405,0.0
105375421,0.0964672461846826
105375423,0.4842903306740939
105375430,0.943556283723719
105375440,0.0326656794165476
105375448,0.0248187083181388
105375475,0.0
105375483,0.0
105375484,0.0
105375501,0.0
105375519,0.0274424681999785
105375523,0.0432138940104846
105375538,0.0310619747051902
105375553,0.0
105375556,0.0
105375563,1.3678030304394095
105375564,0.4010044471831929
105375589,0.0
105375591,1.1194328897284962
105375594,0.0
105375606,0.0
105375610,0.0
105375614,0.1171744819931155
105375622,0.0
105375623,0.0693069482704467
105375624,1.433241772044126
105375635,0.8129229612797407
105375645,0.1267104114681807
105375650,0.1491193842892281
105375666,0.3669218838017817
105375671,0.0
105375679,0.0
105375680,0.0
105375706,0.0318642078034075
105375709,0.0
105375726,0.1336573840641972
105375732,0.0
105375743,0.0506962311574882
105375744,0.0
105375747,0.0
105375750,0.0
105375754,0.0234025367070836
105375759,0.0
105375775,0.0
105375781,0.1776788006106026
105375787,0.0
105375790,0.0752292615879394
105375814,0.0
105375822,0.0
105375826,0.0166942133416963
105375840,0.0171022935190702
105375843,0.0
105375844,0.0
105375851,0.0
105375861,0.0
105375875,0.0
105375878,0.0788383885327216
105375888,0.0
105375903,0.1765016753129527
105375924,0.0130126308322217
105375968,0.0
105375971,0.0
105375972,0.0
105375976,0.0
105375977,0.1442313103832132
105375992,0.1608697997347039
105376020,0.0236049920866109
105376030,0.0
105376034,0.0166942133416963
105376070,0.0610219959658159
105376072,0.0
105376114,0.7692138569827943
105376116,0.0
105376121,0.0
105376124,0.0
105376144,0.0
105376162,0.0
105376174,0.0
105376199,0.0763706752693144
105376219,0.0
105376230,0.0
105376244,0.0041525986866217
105376277,1.9330843919465868
105376292,0.0189362275154237
105376310,0.0
105376314,0.0
105376323,0.1489453134079853
105376348,0.0
105376350,0.0
105376365,0.0
105376380,0.2086667292854055
105376381,0.0
105376382,0.0782695646180464
105376386,0.0
105376387,0.0076664475141711
105376388,0.0119871284396815
105376412,0.0
105376419,0.0
105376429,0.0284494427319338
105376435,0.0
105376440,0.0
105376444,0.0
105376453,0.0
105376468,0.0
105376473,0.1320594510057083
105376478,0.0
105376479,0.0
105376480,0.0
105376499,0.0
105376527,0.4417848660326631
105376541,0.9483879884560488
105376550,0.0
105376554,0.0
105376556,0.0
105376561,0.0
105376562,0.0
105376567,0.0
105376569,0.0
105376570,0.0
105376588,0.0
105376603,0.0
105376605,0.0
105376606,0.0
105376607,0.043016088629042
105376619,0.0
105376620,0.0
105376633,0.0
105376640,0.0
105376647,0.0
105376650,0.0
105376654,0.0
105376662,0.0179178651438874
105376671,0.0873244225138922
105376672,0.0164900995891271
105376673,0.0
105376679,0.0
105376680,0.0
105376713,0.0694986479199568
105376744,0.0
105376745,0.0
105376748,0.5561130831052237
105376752,0.0236049920866109
105376762,0.0372594270725486
105376805,0.1113630007312303
105376827,0.0
105376834,0.0
105376843,0.7668111362092798
105376854,0.0
105376892,0.1191627482987562
105376944,0.0
105376946,0.0
105376955,0.0
105376975,0.0
105376992,0.0
105377007,0.0076664475141711
105377023,1.5225511207923434
105377031,0.0
105377035,0.3297196639340368
105377043,0.0903209239347336
105377068,0.0706479226552025
105377096,0.0
105377105,1.1347804973828202
105377108,0.0579181636361618
105377134,0.5873001257175332
105377139,0.0
105377144,0.0
105377146,0.0
105377155,0.2628858809535586
105377156,0.0
105377175,0.0282481437700031
105377180,0.0
105377188,0.0
105377192,0.0
105377198,0.0074601518934053
105377199,0.4311904822786587
105377203,0.0278454019696254
105377205,0.018529029376588
105377209,0.0
105377224,0.0
105377245,0.0
105377247,0.0
105377248,0.0
105377249,0.0
105377253,0.0
105377259,0.0
105377267,0.0
105377303,0.0
105377321,0.0
105377329,0.4146396168447367
105377342,0.1468535609837009
105377349,0.025020825205399
105377355,0.0
105377366,0.0
105377372,0.0
105377373,0.0105493414072734
105377389,0.0304597993916931
105377391,0.0
105377411,0.0
105377424,0.0101380977223869
105377438,0.0
105377441,0.0617961599388916
105377443,0.0
105377451,0.0
105377456,0.0
105377466,0.0801641354811421
105377480,0.0
105377489,0.0254249141756302
105377500,0.0
105377503,0.0
105377532,0.0
105377536,0.0336664500279098
105377540,0.1529395722563866
105377543,0.0
105377555,0.0
105377556,0.0
105377557,0.0392489295621294
105377595,0.1529395722563866
105377602,0.0
105377603,0.0
105377606,0.0
105377617,0.0
105377623,0.4255919872926806
105377633,0.9474813741810104
105377652,0.0
105377663,0.7201563581685647
105377671,0.0
105377672,0.0
105377682,0.0
105377716,0.0
105377724,0.0510881989588056
105377727,0.1292109697369215
105377728,0.0
105377730,0.061215604083323
105377750,0.488004783498392
105377753,0.0
105377779,0.0
105377797,0.0
105377820,0.0
105377848,0.0
105377849,0.0
105377853,0.0
105377858,0.0
105377860,0.0252228938178094
105377862,0.0
105377880,0.0
105377918,0.0076664475141711
105377924,0.0
105377926,0.0
105377935,0.0660413065929845
105377946,0.0
105377953,0.0
105377957,0.0475538868142473
105377959,0.0
105377962,0.0
105377986,0.0260306859239784
105378013,0.0
105378044,0.0
105378049,0.0
105378065,0.0
105378066,0.0
105378073,0.0
105378078,0.0
105378083,0.0646929135332517
105378147,0.0396462670429822
105378209,0.0
105378220,0.0
105378231,0.0
105378238,0.0
105378242,0.0
105378250,0.0
105378268,0.7255393358535224
105378270,0.0
105378277,0.0
105378289,0.0
105378305,0.0324653828330247
105378311,0.0
105378325,0.0
105378333,0.0
105378349,0.0
105378385,0.0
105378397,0.0
105378402,0.0
105378421,0.0
105378464,0.0
105378473,0.0
105378478,0.0
105378482,0.1883623024484596
105378499,0.3330391744193237
105378500,0.1347209445133961
105378516,0.0650783906040881
105378531,0.0
105378580,0.1202452363628534
105378591,0.0
105378597,0.0
105378614,0.0
105378622,0.0168982779780871
105378644,0.0376577034343075
105378645,0.0
105378653,0.0998006737938156
105378663,0.2347535870437137
105378666,0.0
105378668,0.0
105378687,0.809478111968969
105378696,0.0
105378710,0.0
105378712,0.0
105378715,0.0691152046135907
105378716,0.0152643844692303
105378720,0.201846744967738
105378734,0.0
105378736,0.0205630661837875
105378738,0.0
105378739,0.0
105378744,0.0784592157513684
105378753,0.2013573773952446
105378763,0.0045667467349953
105378769,0.0
105378785,0.0058079828238362
105378786,0.0
105378788,0.0
105378798,0.0
105378803,0.0246165431357565
105378810,0.0
105378828,0.0
105378831,0.0
105378842,0.0
105378853,0.1788542149780509
105378855,0.0
105378872,0.0126025784990239
105378897,0.0
105378909,0.0449920531388688
105378920,0.0
105378930,0.0
105378934,0.0
105378949,0.0763706752693144
105378952,0.0
105378960,0.0
105378966,0.0
105378976,0.0598594062479726
105378992,0.0
105379003,0.0
105379006,0.0
105379030,0.0
105379033,0.0
105379036,0.0
105379051,0.0
105379054,0.3070747430554275
105379057,0.1901843659990476
105379087,0.0
105379098,0.0
105379100,0.0
105379104,0.0
105379109,0.0
105379132,0.0455839386189831
105379152,0.5279794815008101
105379158,0.0
105379178,0.0
105379191,0.0105493414072734
105379194,0.8481953664273741
105379196,0.0
105379197,0.015877463426456
105379199,0.0992460334971177
105379224,0.0567512557756906
105379230,0.0
105379242,0.0
105379269,0.0
105379270,0.0
105379301,0.0140368959186701
105379311,0.0
105379327,0.0
105379340,0.0
105379342,0.0
105379350,0.0
105379388,0.0
105379407,1.8788435667907744
105379427,0.0
105379444,0.0
105379478,0.0
105379479,0.0
105379487,0.0
105379499,0.0
105379507,0.0082850342053478
105379699,0.0
105379825,0.0390501905320824
105379829,0.0362629122582597
105379839,0.3562845697911383
10538,2.535889022254897
10539,2.154479974665867
1054,2.5582066322913852
10540,2.263802177538695
10541,2.7584125601008154
105416157,1.034234652010431
10542,2.330061706041676
10544,1.7069975452551236
105447648,0.7505922767532284
10548,1.3045965303721554
10549,2.7897865604288703
10550,2.768243741567591
10551,3.440236593294056
10552,2.17594355879144
10553,2.0291271122336547
10554,2.089421074798975
10555,2.338197588991171
10556,1.8958687909785668
10557,1.8460310241194824
10558,2.0367833009749323
10559,1.647728548702082
1056,0.0727508259833435
10560,3.024770204963052
10561,1.9593292778659075
105616916,0.0
105616981,0.0
105616982,0.0
10562,1.2065410205856568
10563,0.1813672189915267
10564,2.287144590043945
10565,2.3602630974775733
10566,0.2311461362475948
105664404,0.0
10567,1.795559022637699
10568,1.1584466102678452
10569,2.24413011960059
1057,0.0
10570,0.5035563658556838
10572,2.15381295194065
10573,2.499869329752342
10574,2.88372854697401
105748977,0.0
10575,2.669548752645486
105751187,0.0
105755953,0.0
10576,2.963992524333636
10577,2.5372238123055864
10578,0.4923704111338037
10579,1.8461938784848575
1058,1.9829631712382247
10580,1.741441991341068
10581,2.7791334401905035
105827617,0.0
10584,0.0782695646180464
10585,1.4573151886838964
10586,0.0140368959186701
10587,1.5575737070180746
10588,0.4065383565242155
10589,2.693960130327409
1059,2.7649339203851473
10590,0.0
10591,2.5291707049594057
10592,1.881813208066892
10594,2.4286436148741632
10595,0.0076664475141711
10597,1.3992567570175238
10598,2.684532706045048
10599,0.0128076294222381
1060,1.4046801722126108
10600,2.1442170102712517
10602,1.1760314421278026
10603,1.2116177572059823
10605,2.533229325005153
106050037,0.0
10606,2.5605074497904257
10607,2.200754624051794
10608,2.000727786081992
10609,2.3516950361401205
1061,0.0675796689626678
10610,2.2391963329928712
10611,2.391434523898507
10612,1.9383868688242447
10613,2.301728657145336
10614,2.665343748904798
106144526,0.0
106144531,0.0
106144544,0.0
106144568,0.0
106144578,0.0
106144584,0.3935196035363652
106144585,0.0
106144593,0.7053132605855389
106144598,0.1382562046163831
106144599,0.0
106144607,0.0
106146149,0.0
10615,2.212930531893923
10616,2.399722814058966
10617,2.1114968400283063
10618,2.6824264909611126
106182118,0.6079231802649053
106182249,0.0
1062,1.7437047700050765
10620,1.0688861013904496
10621,1.870272294778552
10622,0.9178653791063756
10623,2.45634321129011
10625,2.2285593342433336
10626,1.0374208874229631
10627,2.833461948826979
10628,2.919650511055037
10629,1.4850846747391049
1063,2.3061532691509896
10630,1.822089112336006
10631,3.190525578984784
10632,1.912936034945074
10633,0.3685047589206305
10634,2.1886755143103507
10635,1.9129116534866604
10636,1.2571146794287535
10637,0.0374585887741673
10640,1.876145979483221
10641,2.2624078026458863
10642,0.0332662841654657
10643,0.0084911297831118
10644,0.2403673497812929
10645,2.206118416159675
106456574,0.0
10647,1.5330373080116624
106478909,0.0
106478911,0.0
106478912,0.0
106478913,0.0
106478914,0.0
106478915,0.0
106478916,0.0
106478917,0.2838967698843725
106478918,0.0
106478919,0.0
106478920,0.0
106478921,0.0
106478922,0.0
106478923,0.0
106478925,0.0
106478926,0.0
106478927,0.0
106478928,0.0
106478929,0.0
106478930,0.0
106478931,0.0
106478932,0.0
106478934,0.0
106478935,0.0
106478936,0.0
106478938,0.0
106478939,0.0
106478940,0.0
106478941,0.0
106478942,0.0643072587180317
106478943,0.1284973014560392
106478944,0.0
106478945,0.0
106478946,0.0
106478947,0.0
106478948,0.0
106478949,0.0
106478950,0.0
106478951,0.0
106478952,0.0
106478953,0.0
106478956,0.0
106478957,0.1843725398343365
106478958,0.67081005627704
106478959,0.0
106478960,0.0302589788495971
106478968,0.0
106478970,0.0
106478980,0.0
106478981,0.0
106478982,0.0702650067990862
106478983,0.0
106478984,0.0
106478987,0.0
106478988,0.0
106478989,0.0
106478990,0.2838967698843725
106478992,0.0
106478994,0.0
106478995,0.0
106478996,0.0
106478998,0.0
106478999,0.0
106479001,0.0
106479002,0.0
106479003,0.2711486275042417
106479004,0.0
106479005,0.0
106479006,0.7470370583664266
106479007,0.0
106479008,0.0
106479010,0.0
106479011,0.0
106479012,0.0
106479013,0.0
106479014,0.0
106479015,0.0
106479016,0.0
106479018,0.0
106479020,0.2624326809349534
106479021,0.0
106479022,0.1357831260270535
106479024,0.0
106479025,0.0
106479026,0.0483405753318879
106479027,0.0
106479028,0.0
106479029,0.0
106479032,0.0
106479033,0.0
106479034,0.0
106479035,0.0
106479036,0.0
106479037,0.4435757693419984
106479039,0.0
106479040,0.0
106479041,0.0
106479042,1.4100463937797496
106479043,0.0
106479044,0.0
106479045,0.0719867467506061
106479046,0.0
106479048,0.0
106479049,0.0
106479051,0.0
106479052,0.0
106479053,0.0
106479054,0.0
106479055,0.0
106479057,0.0
106479058,0.0
106479059,0.0282481437700031
106479060,0.0
106479061,0.0
106479062,0.0
106479063,0.0
106479064,0.0
106479065,0.0
106479067,0.0
106479068,0.0
106479069,0.0
106479070,0.0
106479071,0.0
106479072,0.0
106479073,0.0
106479074,0.0
106479075,0.0
106479076,0.0
106479077,1.378397230826051
106479078,0.0
106479079,0.0
106479080,0.0
106479081,0.0
106479082,0.0
106479083,0.0
106479085,0.0
106479086,0.0
106479087,0.0
106479088,0.0
106479089,0.7163543953998177
106479090,0.0
106479091,0.0
106479092,0.0
106479093,0.0
106479094,0.0
106479095,0.0
106479096,0.0
106479097,0.0
106479098,0.0
106479099,0.0
106479100,0.0
106479101,0.0
106479102,0.0973945447953161
106479103,0.0
106479105,0.3673179111040963
106479106,0.1153627921809967
106479108,0.1928273047309902
106479109,0.0
106479110,0.0
106479111,0.0
106479112,0.0
106479113,0.0
106479114,0.1075268419004856
106479116,0.0
106479117,0.0
106479118,0.0
106479119,0.0
106479120,0.0
106479121,0.0
106479122,0.0
106479125,0.0
106479130,0.4718859066400572
106479131,0.0
106479132,0.0
106479134,0.0
106479135,0.0
106479137,0.0
106479138,0.0
106479139,0.1188016023173223
106479140,0.0
106479141,0.1080759571659009
106479142,0.0
106479143,0.0
106479144,0.0
106479145,0.0
106479146,0.0
106479147,0.0
106479148,0.0
106479149,0.0
106479150,0.0
106479151,0.0
106479152,0.0
106479154,0.0
106479155,0.0
106479157,0.0
106479158,0.0
106479159,0.0
106479162,0.0
106479163,0.0
106479164,0.0
106479165,0.0
106479166,0.1003549427233438
106479167,0.0
106479169,0.0
106479170,0.0
106479172,0.0
106479173,0.0
106479174,0.0
106479175,0.0
106479176,0.0
106479177,0.0
106479178,0.0
106479179,0.0
106479181,0.0
106479182,0.0
106479184,0.0
106479186,0.0
106479187,0.0
106479188,0.0
106479190,0.0
106479192,0.0
106479193,0.0
106479194,0.0
106479195,0.0
106479198,0.0
106479199,0.0
106479201,0.0
106479203,0.0
106479205,0.0
106479206,0.0
106479207,0.0
106479208,0.0
106479211,0.0
106479212,0.0
106479214,0.0
106479216,0.0
106479217,0.1431800483883791
106479218,0.0
106479219,0.0
106479221,0.0
106479222,0.0
106479223,0.0
106479224,0.0
106479225,0.1071605621244834
106479227,0.0
106479228,0.0
106479229,0.0
106479230,0.112455778548313
106479231,0.1249196248938618
106479232,0.0
106479233,0.0
106479234,0.0
106479235,0.1108160684965277
106479236,0.0
106479237,0.0
106479238,0.0
106479239,0.0
106479240,0.0
106479241,0.0
106479242,0.0
106479243,0.0
106479244,0.0
106479245,0.0
106479246,0.0
106479247,0.0
106479248,0.114273863088368
106479249,0.0
106479250,0.0
106479251,0.1168124626568068
106479252,0.0
106479253,0.423512311032106
106479254,0.0
106479255,0.0
106479256,0.0
106479258,0.0
106479259,0.0
106479260,0.0
106479261,0.0
106479262,0.0
106479263,0.0
106479264,0.0
106479265,0.1233045730531342
106479266,0.1157254490155959
106479267,0.0
106479268,0.0
106479269,0.2091516577938769
106479270,0.0
106479271,0.0
106479272,0.0
106479273,0.0
106479274,0.0
106479275,0.0
106479276,0.0
106479277,0.1049594666720178
106479278,0.1276043426051557
106479279,0.0
106479280,0.0
106479281,0.0
106479282,0.0
106479283,0.0
106479284,0.0
106479285,0.0
106479286,0.0
106479287,0.1128197163068454
106479288,0.0
106479289,0.0
106479290,0.0
106479291,0.0
106479292,0.0
106479293,0.0
106479294,0.0
106479295,0.0
106479296,0.0
106479297,0.0
106479298,0.0
106479299,0.0
106479300,0.0
106479301,0.0
106479302,0.0
106479303,0.0
106479304,0.2133421134199432
106479305,0.0
106479306,0.0
106479307,0.0
106479308,0.0
106479309,0.1128197163068454
106479310,0.0
106479311,0.0
106479312,0.0
106479313,0.0
106479314,0.114273863088368
106479315,0.0
106479316,0.0
106479317,0.524677776085414
106479318,0.2122160704749191
106479319,0.8207983076918695
106479320,0.0
106479321,0.0
106479322,0.0
106479324,0.0
106479325,0.0
106479326,0.0
106479327,0.0
106479328,0.0
106479329,0.0
106479330,0.0
106479331,0.0
106479332,0.2122160704749191
106479333,0.0
106479334,0.0
106479335,0.0
106479336,0.0
106479337,0.0
106479338,0.0
106479339,0.0
106479340,0.0
106479341,0.0
106479342,0.0
106479343,0.1131834935159202
106479344,0.0
106479345,0.0
106479346,0.1139105667826226
106479347,0.0
106479348,0.0
106479349,0.0
106479350,0.0
106479351,0.0
106479352,0.0
106479353,0.0
106479354,0.4656621752294618
106479355,0.0
106479356,0.2311461362475948
106479357,0.0
106479358,0.0
106479359,0.0
106479360,0.0
106479361,0.0
106479362,1.4117566281831435
106479363,0.0
106479364,0.0
106479365,0.0
106479366,0.0
106479367,0.3082157229395512
106479369,0.0
106479370,0.0
106479371,0.0
106479372,0.1200649205425508
106479373,0.0
106479374,0.0
106479375,0.0
106479376,0.0
106479377,0.0
106479378,0.0
106479379,0.0
106479380,0.0
106479381,0.0
106479383,0.0
106479384,0.3797533081747531
106479385,0.0
106479386,0.0
106479387,0.1160879462910086
106479388,0.0
106479389,0.0
106479390,0.0
106479391,0.0
106479392,0.0
106479393,0.0
106479394,0.0
106479395,0.0
106479396,0.2126988543900615
106479397,0.6529725329022943
106479398,0.0
106479399,0.0
106479400,0.0
106479401,0.0
106479402,0.0
106479403,0.0
106479404,0.0
106479405,0.0
106479407,0.1164502841304022
106479408,0.0
106479409,0.0
106479410,0.0
106479411,0.0
106479412,0.0
106479413,0.2139848555672504
106479414,0.0
106479415,0.1066108377458085
106479416,0.0
106479417,0.8634161241039892
106479418,0.0
106479419,0.0
106479420,0.0
106479421,0.0
106479422,0.0
106479423,0.0
106479424,0.0
106479425,0.0
106479426,0.0
106479427,0.0
106479428,0.0
106479429,0.0
106479430,0.0
106479431,0.0
106479432,0.0
106479433,0.0
106479434,0.0
106479435,0.0
106479436,0.0
106479437,0.0
106479438,0.0
106479439,0.0
106479440,0.0
106479441,0.0
106479442,0.0
106479443,0.0
106479444,0.2178304945613746
106479445,0.0
106479446,0.0
106479447,0.0
106479448,0.0
106479449,0.0
106479450,0.0
106479451,0.0
106479452,0.0
106479453,0.0
106479454,0.0
106479455,0.0
106479456,0.0
106479457,0.0
106479458,0.0
106479459,0.3787139303793794
106479460,0.4515227906598616
106479461,0.0
106479462,0.0
106479463,0.0
106479464,0.0
106479466,0.0
106479470,0.0
106479471,0.0
106479472,0.1149999756639092
106479473,0.0
106479474,0.1224059489718711
106479475,0.0
106479476,0.0
106479477,0.1207859468404668
106479478,0.0
106479479,0.0
106479480,0.0
106479481,0.0
106479482,0.0
106479483,0.0
106479484,0.4913652705503719
106479485,0.0
106479486,0.0
106479487,0.3268033218138417
106479488,0.0
106479489,0.1034888062958342
106479490,0.0
106479491,0.0
106479492,0.0
106479493,0.2349100619558004
106479494,0.0
106479495,0.0
106479496,0.4633436824747013
106479497,0.0
106479498,0.0
106479499,0.0
106479500,0.0
106479501,0.0
106479502,0.0
106479503,0.0
106479504,0.0
106479505,0.0
106479506,0.1135471102998034
106479507,0.0
106479508,0.0
106479509,0.2962958267391992
106479510,0.0
106479511,0.0
106479512,0.0
106479513,0.0
106479514,0.0
106479515,0.0
106479516,0.6881108568814367
106479517,0.0
106479518,0.0
106479519,0.0
106479520,0.0
106479521,0.0
106479522,0.0
106479523,0.0
106479524,0.1843725398343365
106479525,0.0
106479526,0.0
106479527,0.0
106479528,0.0
106479529,0.0
106479530,0.0
106479531,0.0
106479532,0.2178304945613746
106479533,0.0
106479534,0.1184402978192798
106479535,0.2133421134199432
106479536,0.3136125853077581
106479537,0.0
106479538,0.0
106479539,0.0
106479540,0.0
106479541,0.0
106479542,0.0
106479543,0.0
106479544,0.0
106479545,0.0
106479546,0.0
106479547,0.0
106479548,0.0
106479549,0.0
106479550,0.6684640913644322
106479551,0.0
106479552,0.0
106479553,0.0
106479554,0.4125292535614715
106479555,0.0
106479556,0.0
106479557,0.0
106479558,0.0
106479559,0.247021015259454
106479560,0.0
106479561,0.0
106479562,0.2356919745933813
106479563,0.0
106479564,0.0
106479565,0.0
106479566,0.0
106479567,0.0
106479568,0.0
106479569,0.0
106479570,0.0
106479571,0.0
106479572,0.0
106479573,0.0
106479574,0.2420747747849154
106479575,1.0482722128126816
106479576,0.0
106479577,0.0
106479578,0.0
106479579,0.954809323735823
106479580,0.0
106479581,0.4010044471831929
106479582,0.2253083066279462
106479583,0.0
106479584,0.2327166047192115
106479585,0.0
106479586,0.4247363507413907
106479587,0.0
106479588,0.0
106479589,0.0
106479590,0.0
106479591,0.0
106479592,0.0
106479593,0.0
106479594,0.9826878159769143
106479595,0.0
106479596,0.0
106479597,0.0
106479598,0.0
106479599,0.0
106479600,0.0
106479601,0.0
106479602,0.0
106479603,0.0
106479604,0.0
106479605,0.8176039298089047
106479606,0.0
106479607,0.0
106479608,0.0
106479609,0.0
106479610,0.0
106479611,0.0
106479612,0.0
106479613,0.0
106479614,0.0
106479615,0.0
106479616,0.0
106479617,0.0
106479618,0.5096852094372708
106479619,0.0
106479620,0.0
106479621,0.0
106479622,0.2931055006210052
106479623,0.0
106479624,0.0
106479625,0.0
106479626,0.0
106479627,0.0
106479628,0.0
106479629,0.0
106479630,0.0
106479631,0.0
106479632,0.0
106479633,0.0
106479634,0.0
106479635,0.0
106479636,0.0
106479637,0.0
106479638,0.0
106479640,0.0
106479641,0.0
106479642,0.0
106479643,0.0
106479644,0.0
106479645,0.0
106479646,0.0
106479647,0.0
106479648,0.0
106479649,0.0
106479650,0.0
106479651,0.0
106479652,0.0
106479653,0.0
106479654,0.3004813987113197
106479655,0.0
106479656,0.0
106479657,0.0
106479658,0.0
106479659,0.0
106479660,0.0
106479661,0.0
106479662,0.0
106479663,0.0
106479664,0.0
106479665,0.0
106479666,0.0
106479667,0.0
106479668,0.0
106479669,0.0
106479671,0.0
106479672,0.0
106479673,0.0
106479674,0.0
106479675,0.0
106479676,0.0
106479677,0.0
106479678,0.2931055006210052
106479679,0.0
106479680,0.0
106479681,0.0
106479682,0.0
106479683,0.0
106479684,0.0
106479685,0.0
106479686,0.0
106479687,0.290777040522898
106479688,0.0
106479689,0.0
106479690,0.0
106479691,0.0
106479692,0.0
106479693,0.0
106479694,0.0
106479695,0.0
106479696,0.0
106479697,0.0
106479698,0.0
106479699,0.0
106479700,0.0
106479701,0.0
106479702,0.0
106479703,0.0
106479704,0.0
106479705,0.0
106479706,0.2838967698843725
106479707,0.0
106479708,0.0
106479709,0.0
106479710,0.0
106479711,0.0
106479712,0.0
106479713,0.0
106479714,0.0
106479715,0.0
106479716,0.0
106479717,0.0
106479718,0.0
106479719,0.502456473412168
106479720,0.0
106479721,0.0
106479722,0.0
106479723,0.6499392972481077
106479724,0.0
106479725,0.0
106479726,0.0
106479727,0.0
106479728,0.0
106479729,0.0
106479730,0.0
106479731,0.0
106479732,0.0
106479733,0.2955718980899506
106479734,0.0
106479735,0.0
106479737,0.2884416150412991
106479738,0.0
106479739,0.0
106479740,0.0
106479741,0.0
106479742,0.0
106479743,0.0
106479744,0.0
106479745,0.6663720369761769
106479746,0.0
106479747,0.0
106479748,0.0
106479749,0.290777040522898
106479750,0.0
106479753,0.0
106479754,0.0
106479755,0.0
106479756,0.0
106479757,0.0
106479758,0.0
106479759,0.0
106479760,0.0
106479761,0.0
106479762,0.0
106479763,0.0
106479764,0.0
106479765,0.0
106479766,0.0
106479767,0.0
106479768,0.0
106479769,0.0
106479770,0.0
106479771,0.0
106479772,0.0
106479773,0.0
106479774,0.0
106479775,0.0
106479776,0.0
106479777,0.6539510278899517
106479778,0.0
106479779,0.0
106479780,0.281688135119667
106479781,0.2838967698843725
106479782,0.0
106479783,0.0
106479784,0.0
106479785,0.0
106479786,0.0
106479787,0.0
106479788,0.0
106479789,0.0
106479790,0.0
106479791,0.0
106479792,0.0
106479793,0.0
106479795,0.0
106479796,0.0
106479797,0.0
106479798,0.0
106479799,0.0
106479800,0.0
106479801,0.0
106479802,1.1544234813661225
106479803,0.0
106479805,0.0
106479806,0.0
106479807,0.0
106479808,0.0
106479809,0.0
106479810,0.8943535008766985
106479811,0.0
106479812,0.0
106479813,0.0
106479814,0.0
106479815,0.0
106479816,0.0
106479817,0.9086988910980096
106479818,0.0
106479819,0.0
106479820,1.20237251891704
106479821,0.0
106479822,0.3055031538950215
106479823,0.0
106479824,0.5490276557733444
106479825,0.0
106479826,0.0
106479827,0.0
106479828,0.0
106479830,0.0
106479831,0.0
106479832,0.0
106479833,0.0
106479834,0.0
106479835,0.2838967698843725
106479836,1.325703684716979
106479837,0.0
106479838,0.0
106479839,0.0
106479840,0.0
106479841,0.0
106479842,0.0
106479843,0.0
106479844,0.0
106479845,0.0
106479846,0.0
106479847,0.0
106479848,0.0
106479849,0.0
106479850,0.0
106479851,0.0
106479852,0.0
106479853,0.0
106479854,0.0
106479855,0.0
106479856,0.0
106479857,0.0
106479858,0.8990900443865096
106479859,0.0
106479860,0.0
106479861,0.0
106479862,0.2955718980899506
106479863,0.0
106479864,0.0
106479865,1.0584568367224008
106479866,0.0
106479867,0.0
106479868,0.0
106479869,0.0
106479870,0.6539510278899517
106479871,0.0
106479872,0.0
106479873,0.0
106479874,0.0
106479875,0.0
106479876,0.4920355179076667
106479877,0.0
106479878,0.0
106479879,0.0
106479880,0.0
106479881,0.0
106479882,0.0
106479883,0.0
106479884,0.0
106479885,0.281688135119667
106479886,0.0
106479887,0.0
106479888,0.0
106479889,0.0
106479890,0.0
106479891,0.0
106479892,0.0
106479893,0.0
106479894,0.0
106479895,0.0
106479896,0.0
106479897,0.0
106479898,0.0
106479899,0.0
106479900,0.2838967698843725
106479901,0.3004813987113197
106479902,0.2931055006210052
106479903,0.918519259146229
106479904,0.0
106479905,0.0
106479906,0.0
106479907,0.0
106479908,0.0
106479909,0.0
106479910,0.0
106479911,0.2980305164951732
106479912,0.0
106479914,0.0
106479915,0.0
106479917,0.0
106479918,0.0
106479919,0.0
106479920,0.0
106479921,0.0
106479922,0.0
106479923,0.0
106479924,0.0
106479925,0.0
106479926,0.0
106479927,0.0
106479928,0.0
106479929,0.0
106479930,0.4954886969919165
106479931,0.0
106479932,0.4920355179076667
106479934,0.0
106479935,0.4820299437065862
106479936,0.0
106479937,0.0
106479939,0.0
106479940,0.0
106479941,0.0
106479942,0.7850611396020792
106479943,0.4920355179076667
106479944,0.290777040522898
106479945,0.0
106479947,0.0
106479948,0.0
106479949,0.0
106479950,0.0
106479951,0.0
106479952,0.0
106479953,1.144259505031564
106479954,0.0
106479955,0.0
106479956,0.0
106479957,0.2838967698843725
106479958,0.4989256107196615
106479960,0.0
106479961,0.0
106479962,0.0
106479963,0.0
106479964,0.0
106479965,0.0
106479966,0.0
106479967,0.0
106479968,0.0
106479969,0.0
106479970,0.0
106479971,0.0
106479972,0.0
106479973,0.0
106479974,0.0
106479975,1.21764902727818
106479976,0.0
106479977,0.0
106479978,0.0
106479979,0.0
106479980,0.2860991875947336
106479981,0.0
106479982,0.0
106479983,0.0
106479984,1.1392318375865007
106479985,0.0
106479986,0.0
106479987,0.0
106479988,0.0
106479989,0.0
106479990,0.0
106479991,0.0
106479992,0.0
106479993,0.0
106479994,0.2884416150412991
106479995,0.0
106479996,0.0
106479997,0.0
106479998,0.0
106479999,0.0
10648,0.0
106480001,0.0
106480002,0.0
106480003,0.0
106480004,0.0
106480005,0.0
106480007,0.0
106480008,0.0
106480009,0.0
106480010,0.0
106480011,0.7850611396020792
106480012,0.0
106480013,0.0
106480014,0.0
106480015,0.2838967698843725
106480016,0.0
106480017,0.0
106480018,0.0
106480019,0.0
106480020,0.0
106480021,0.0
106480022,0.0
106480023,0.0
106480024,0.0
106480025,0.0
106480026,0.0
106480027,1.3572075156392998
106480028,0.0
106480029,0.0
106480030,0.0
106480031,0.0
106480032,0.0
106480033,0.520824504037292
106480034,0.0
106480035,0.0
106480036,0.0
106480037,0.0
106480040,0.0
106480041,0.0
106480042,0.0
106480043,0.0
106480044,0.0
106480045,0.0
106480046,0.5710776812642496
106480047,0.0
106480048,0.0
106480050,0.0
106480051,0.0
106480052,0.0
106480053,0.0
106480054,0.0
106480055,0.0
106480056,0.0
106480057,0.0
106480059,0.0
106480060,0.0
106480061,0.0
106480062,0.0
106480063,0.0
106480064,0.0
106480065,0.0
106480066,1.0022851803300266
106480067,0.0
106480069,0.290777040522898
106480070,0.0
106480071,0.0
106480072,0.0
106480073,0.0
106480074,0.0
106480075,0.0
106480076,0.0
106480077,0.0
106480078,0.0
106480079,0.6539510278899517
106480080,0.0
106480081,0.0
106480082,0.0
106480083,0.0
106480084,0.0
106480085,0.0
106480086,0.0
106480087,0.0
106480088,0.0
106480089,0.0
106480090,0.0
106480091,0.0
106480092,0.0
106480093,0.0
106480094,0.0
106480095,0.2838967698843725
106480096,0.0
106480097,0.0
106480098,0.0
106480099,0.0
106480100,0.0
106480101,0.0
106480102,0.0
106480103,0.0
106480104,0.0
106480105,0.0
106480106,0.0
106480107,1.0935762302861316
106480108,0.0
106480109,0.0
106480110,0.0
106480111,0.4298555274178127
106480112,0.0
106480113,0.0
106480114,0.0
106480115,0.0
106480116,0.0
106480117,0.0
106480118,0.0
106480119,0.0
106480120,0.0
106480121,0.0
106480122,0.0
106480123,0.0
106480124,0.4920355179076667
106480125,0.0
106480126,0.0
106480127,0.0
106480128,0.0
106480129,0.0
106480130,0.0
106480131,0.0
106480132,0.0
106480133,0.0
106480134,0.0
106480135,0.0
106480136,0.0
106480137,0.0
106480138,0.0
106480139,0.0
106480140,0.0
106480141,0.0
106480142,0.0
106480143,0.0
106480144,0.2838967698843725
106480145,0.0
106480146,0.0
106480147,0.0
106480148,0.0
106480149,0.0
106480150,0.0
106480151,0.0
106480152,0.0
106480154,0.0
106480155,0.0
106480156,0.0
106480157,0.0
106480158,0.0
106480159,0.0
106480160,0.0
106480161,0.0
106480162,0.0
106480163,0.0
106480164,0.0
106480165,0.0
106480166,0.0
106480167,0.0
106480168,0.0
106480169,0.1961188209270054
106480171,0.0
106480172,0.0
106480173,0.0
106480174,0.0
106480175,0.0
106480176,0.0
106480177,0.0
106480178,0.0
106480179,0.0
106480180,0.0
106480181,0.0
106480182,0.0
106480183,0.0
106480184,0.0
106480185,0.0
106480186,0.0
106480187,0.0
106480188,0.0
106480190,0.0
106480191,0.0
106480192,0.0
106480193,0.0
106480194,0.0
106480195,0.0
106480196,0.0
106480197,0.0
106480198,0.0
106480199,0.0
106480200,0.0
106480201,0.0
106480202,0.0
106480203,0.0
106480204,0.0
106480205,0.0
106480206,0.0
106480207,0.0
106480208,0.5345378935351073
106480209,0.0
106480210,0.0
106480211,0.0
106480212,0.0
106480213,0.0
106480214,0.0
106480215,0.0
106480216,0.0
106480217,0.0
106480218,0.0
106480219,0.0
106480220,0.0
106480221,0.0
106480222,0.0
106480223,0.3121959952371886
106480224,0.1709291929021107
106480225,0.0
106480226,0.0
106480227,0.1813672189915267
106480228,0.0
106480231,0.0
106480232,0.0
106480233,0.0
106480234,0.0
106480237,0.0
106480239,0.0
106480240,0.1430047064851852
106480241,0.0
106480242,0.0
106480243,0.0
106480244,0.0
106480246,0.0
106480247,0.0
106480248,0.0
106480250,0.0
106480251,0.0
106480259,0.0
106480261,0.0
106480262,0.0
106480263,0.2311461362475948
106480264,0.0
106480265,0.0
106480267,0.0
106480268,0.1562244731360848
106480270,0.0
106480271,0.0
106480272,0.0
106480273,0.0
106480276,0.0
106480278,0.0
106480279,0.0
106480280,0.0
106480281,0.0
106480282,0.0
106480283,0.0
106480284,0.0
106480285,0.0
106480286,1.9677572688125544
106480287,0.0
106480288,0.0
106480289,0.0
106480291,0.2884416150412991
106480293,0.0
106480294,0.0
106480295,0.0
106480296,0.0
106480299,0.0
106480301,0.0
106480304,0.0
106480307,0.0
106480308,0.0
106480309,0.0
106480310,0.7940720019245043
106480311,0.6499392972481077
106480312,1.6571529325758538
106480313,0.0
106480314,0.0
106480315,0.0
106480316,0.0
106480317,0.0
106480318,0.0
106480319,0.0
106480321,0.0
106480323,0.243623794793028
106480324,0.0
106480328,0.0731326033913595
106480329,0.0
106480331,0.0
106480333,0.0
106480335,0.0
106480336,0.0
106480337,0.0
106480342,0.0
106480346,0.0
106480347,0.0
106480348,0.0
106480351,0.0
106480352,0.0
106480353,0.0
106480355,0.0
106480357,0.0
106480358,0.265147976990959
106480359,0.0
106480360,0.8630918823100221
106480361,0.0
106480362,0.0
106480363,0.0
106480365,0.0
106480366,0.0
106480368,0.0
106480369,0.0
106480370,0.0
106480371,0.0
106480372,0.0
106480373,0.4515227906598616
106480374,0.0
106480375,0.0
106480376,0.0
106480377,0.0
106480378,0.0
106480379,0.0
106480380,0.0
106480381,0.0
106480382,0.0
106480383,0.0
106480385,0.0
106480386,0.0
106480387,0.0
106480388,0.0
106480389,0.0
106480390,0.0
106480392,0.0
106480393,0.0
106480395,0.0
106480396,0.0
106480397,0.0
106480398,0.0
106480399,0.0
106480400,0.0
106480401,0.0
106480402,0.0
106480403,0.0
106480404,0.0
106480405,0.0
106480406,0.0
106480407,0.0
106480408,0.0
106480409,0.8374838155255607
106480410,0.0
106480411,0.0
106480412,0.0
106480413,0.0
106480414,0.0
106480415,0.611522791299396
106480416,0.0
106480417,0.1211462231579099
106480418,0.1822031529648999
106480419,0.0
106480420,0.0
106480421,0.0
106480422,0.0
106480423,0.0
106480424,0.0
106480425,0.0
106480427,0.0
106480428,0.0
106480429,0.1768381716659198
106480430,0.0
106480433,0.0
106480434,0.0
106480435,0.0
106480436,0.0
106480437,0.0
106480438,0.0
106480439,0.0
106480444,0.0
106480445,0.0
106480446,0.0
106480447,0.0
106480448,0.0
106480449,0.0
106480450,0.0
106480451,0.0
106480452,0.0
106480453,0.0
106480454,0.0
106480455,0.0
106480456,0.0
106480457,0.0
106480459,0.0
106480460,0.0
106480462,0.0
106480463,0.1934866860254196
106480464,0.0
106480465,0.0
106480466,0.0
106480467,0.0
106480469,0.0
106480472,0.0
106480475,0.0
106480476,0.0
106480477,0.0
106480478,0.0
106480479,0.0
106480480,0.0
106480481,0.0
106480482,0.4820299437065862
106480483,0.1888596375756467
106480484,0.1164502841304022
106480485,0.0
106480486,0.0
106480487,0.0
106480488,0.0
106480489,0.5950805244603776
106480490,0.2171908384806782
106480491,0.0
106480492,0.4044050766459973
106480493,0.0
106480494,0.0
106480495,0.0
106480496,0.0
106480497,0.0
106480498,0.1171744819931155
106480499,0.0
106480500,0.0
106480501,0.0
106480502,0.0
106480503,0.2146270815596062
106480504,0.0
106480505,0.0
106480506,0.0
106480507,0.0
106480508,0.0
106480509,0.1240227657226751
106480510,0.0
106480511,0.0
106480512,0.0
106480513,0.0
106480514,0.0
106480515,0.0
106480516,0.0
106480517,0.0
106480518,0.0
106480519,0.0
106480520,0.0
106480521,0.2260997077064084
106480522,0.0
106480523,0.0
106480524,0.0
106480525,0.0
106480526,0.0
106480527,0.0
106480528,0.0
106480529,0.0
106480530,0.0
106480531,0.0
106480532,0.0
106480533,0.0
106480534,0.0
106480535,0.0
106480536,0.0
106480537,0.0
106480538,0.0
106480539,0.0
106480541,0.0
106480542,0.0
106480543,0.0
106480544,0.0
106480545,0.0
106480546,0.0
106480547,0.0
106480548,0.0
106480549,0.0
106480550,0.0
106480551,0.502456473412168
106480552,0.0
106480553,0.0
106480554,0.0
106480555,0.2884416150412991
106480556,0.0
106480557,0.0
106480558,0.0
106480559,0.0
106480560,0.0
106480561,0.0
106480562,0.0
106480563,0.0
106480564,0.0
106480565,0.0
106480566,0.0
106480568,0.2838967698843725
106480569,0.0
106480570,0.0
106480571,0.0
106480572,0.0
106480573,0.0
106480574,0.0
106480575,0.3004813987113197
106480576,0.0
106480577,0.0
106480578,1.0022851803300266
106480579,0.0
106480580,0.0
106480581,0.0
106480582,0.0
106480583,0.0
106480585,0.0
106480586,0.0
106480587,0.0
106480588,0.0
106480589,0.3107768124017167
106480590,0.0
106480591,0.0
106480592,0.0
106480593,0.0
106480594,0.0
106480595,0.0
106480596,0.0
106480597,0.0
106480598,0.0
106480599,0.0
106480600,0.0
106480601,0.2884416150412991
106480602,0.2838967698843725
106480603,0.0
106480604,0.0
106480605,0.0
106480606,0.0
106480607,0.0
106480608,0.0
106480609,0.0
106480610,0.5059702920090801
106480611,0.0
106480612,0.0
106480613,0.0
106480614,0.0
106480615,0.0
106480616,0.0
106480617,0.0
106480618,0.0
106480619,0.0
106480620,0.0
106480621,0.0
106480622,0.0
106480623,0.0
106480624,0.0
106480625,0.0
106480626,0.0
106480627,0.0
106480628,0.0
106480629,0.0
106480630,0.8477968884308914
106480631,0.0
106480632,0.0
106480633,0.0
106480634,0.0
106480635,0.0
106480636,0.0
106480637,0.8943535008766985
106480638,0.0
106480639,0.0
106480640,0.0
106480641,0.0
106480642,0.0
106480644,0.2838967698843725
106480645,0.290777040522898
106480646,0.0
106480647,0.0
106480648,0.0
106480649,0.0
106480650,0.0
106480651,0.0
106480652,0.0
106480653,0.0
106480654,0.0
106480655,0.0
106480656,0.0
106480657,0.0
106480658,0.0
106480659,0.0
106480660,0.0
106480661,0.0
106480662,0.0
106480663,0.0
106480664,0.0
106480665,0.0
106480666,0.0
106480667,0.0
106480668,0.0
106480669,0.0
106480670,0.0
106480671,0.167022551389696
106480672,0.0
106480673,0.0
106480677,0.0
106480678,0.0
106480679,0.0
106480680,0.0
106480682,0.0
106480683,0.0
106480684,0.0
106480685,0.0
106480686,0.9234900633577144
106480688,0.0
106480689,0.0
106480690,0.0
106480691,0.0
106480692,0.0
106480693,0.0
106480694,0.0
106480695,0.1139105667826226
106480696,0.0
106480697,0.0
106480698,0.0
106480699,0.0
106480700,0.0
106480701,0.0
106480702,0.0
106480703,0.0
106480704,0.6539510278899517
106480705,0.0
106480706,0.0
106480707,0.0
106480708,0.0
106480709,0.0
106480710,0.0
106480712,0.0
106480713,0.0
106480714,0.0
106480715,0.0
106480716,0.0
106480717,0.0
106480718,0.0
106480719,0.0
106480723,0.0
106480724,0.0
106480725,0.0
106480726,0.0
106480727,0.0
106480728,0.0
106480729,0.0
106480732,0.0
106480733,0.0
106480734,0.0
106480738,0.0
106480744,0.0
106480745,0.0
106480747,0.0
106480748,0.0
106480749,0.0
106480750,0.0
106480751,0.0
106480752,0.0
106480753,0.0
106480754,0.0
106480755,0.0
106480756,0.0
106480758,0.0
106480759,0.0
106480760,0.0
106480761,0.2751733143663593
106480762,0.0
106480763,0.0
106480764,0.0
106480767,0.0
106480768,0.0
106480769,0.0
106480770,0.0
106480771,0.0
106480773,0.0
106480774,0.6963488599457722
106480775,0.0
106480776,0.0
106480777,0.0
106480778,0.0
106480780,0.0
106480783,0.0
106480784,0.0
106480785,0.0
106480787,0.0
106480788,0.2003777465210845
106480789,0.1473770019605207
106480790,0.0
106480793,0.0
106480794,0.0923747627007558
106480795,0.4055352137670819
106480796,3.3585399094465447
106480797,0.0
106480798,0.0
106480799,0.1776788006106026
106480800,0.0
106480801,0.0
106480802,0.0
106480803,0.0
106480804,0.0731326033913595
106480805,0.0
106480806,0.0
106480807,0.0
106480808,0.0
106480809,0.0
106480810,0.0
106480811,0.0
106480812,0.0
106480813,0.0
106480814,0.0
106480815,0.0
106480816,0.0
106480817,0.0
106480818,0.0
106480819,0.7163543953998177
106480820,0.0
106480821,0.0
106480822,0.0
106480823,0.0
106480824,0.4954886969919165
106480825,0.0
106480826,0.0
106480827,0.0
106480828,0.0
106480829,0.0
106480830,0.0
106480831,0.0
106480832,0.0
106480833,0.0
106480834,0.0
106480835,0.0
106480836,0.0
106480837,0.5182442030811757
106480838,0.1224059489718711
106480839,0.0
106480840,0.0
106480841,0.0
106480842,0.0
106480843,0.0
106480844,0.0
106480845,0.0
106480846,0.0
106480847,0.0
106480848,0.0
106480849,0.0
106480850,0.0
106480851,0.0
106480852,0.0
106480853,0.0
106480854,0.0
106480855,0.0
106480856,0.0
106480858,0.0
106480860,0.0
106480861,0.0
106480863,0.2049391623143697
106480864,0.0
106480865,0.0
106480867,0.0
106480868,0.1207859468404668
106480869,0.1066108377458085
106480872,0.0
106480873,0.0
106480874,0.0
106480875,0.0
106480877,0.0
106480878,0.0
106480879,0.0
106480881,0.4633436824747013
106480882,0.0
106480883,0.0
106480885,0.0
106480886,0.0
106480887,0.0
106480889,0.0
106480890,0.0
106480891,0.0
106480892,0.0
106480893,0.0
106480894,0.0
106480896,0.0
106480897,0.0
106480898,0.0
106480899,0.0
106480900,0.0
106480901,0.0
106480903,0.0
106480905,0.0
106480906,0.0
106480907,0.8650995299972106
106480908,0.0
106480911,0.0
106480912,0.0
106480913,0.0
106480914,0.0
106480917,1.1271160670797091
106480918,0.0
106480919,0.0
106480920,0.0
106480921,0.916972620034709
106480923,0.0
106480924,0.0
106480925,0.112455778548313
106480926,0.1164502841304022
106480927,0.1160879462910086
106480928,0.0
106480929,0.0
106480930,0.0
106480931,0.0
106480932,0.0
106480933,0.0
106480934,0.0
106480935,0.1135471102998034
106480936,0.0
106480937,0.0
106480938,0.0
106480939,0.0
106480940,0.0
106480941,0.0
106480942,0.0
106480943,0.0
106480944,0.0
106480945,0.0
106480946,0.0
106480947,0.0
106480948,0.2165506698612004
106480949,0.0
106480950,0.0
106480951,0.2126988543900615
106480952,0.0
106480953,0.0
106480954,0.0
106480955,0.2219758154632521
106480956,0.0
106480957,0.0
106480958,0.0
106480959,0.0
106480960,0.1146369993408919
106480961,0.0
106480962,0.0
106480963,0.0
106480964,0.0
106480965,0.0
106480966,0.0
106480967,0.0
106480968,0.0
106480969,0.0
106480970,0.0
106480971,0.0
106480972,0.0
106480973,0.0
106480974,0.3807912637792411
106480975,0.0
106480976,0.0
106480977,0.0
106480978,0.114273863088368
106480979,0.4330070323782402
106480980,0.0
106480981,0.0
106480982,0.0
106480983,0.0
106480984,0.0
106480985,0.0
106480986,0.9899260750729054
106480987,0.0
106480988,0.0
106480989,0.2146270815596062
106480990,0.0
106480991,0.0
106480992,0.0
106480993,0.3090703588283134
106480994,0.0
106480996,0.0
106480997,0.0
106480998,0.0
106480999,0.0
106481000,0.0
106481001,0.0
106481002,0.0
106481003,0.0
106481004,0.0
106481005,0.0
106481006,0.0
106481007,0.0
106481008,0.0
106481009,0.0
106481010,0.0
106481011,0.0
106481012,0.0
106481013,0.0
106481014,0.520824504037292
106481015,0.0
106481016,0.0
106481017,0.0
106481018,0.0
106481019,0.0
106481020,0.0
106481021,0.0
106481022,0.0
106481023,0.0
106481024,0.1146369993408919
106481025,0.0
106481026,0.0
106481027,0.0
106481028,0.0
106481029,0.1233045730531342
106481030,0.0
106481031,0.4620653982837022
106481032,0.0
106481033,0.0
106481034,0.2091516577938769
106481035,0.0
106481036,0.0
106481037,0.0
106481038,0.0
106481040,0.0
106481041,0.0
106481042,0.0
106481043,0.0
106481044,0.0
106481045,0.7986747570429279
106481046,0.0
106481047,0.0
106481048,0.0
106481049,0.0
106481050,0.0
106481051,0.0
106481052,0.0
106481053,0.0
106481054,0.7774812359654543
106481055,0.2677038505933879
106481056,0.0
106481057,0.0
106481058,0.0
106481059,0.0
106481060,0.0
106481061,0.1119095706081079
106481062,0.0
106481063,0.0
106481064,0.1111807302691279
106481065,0.0
106481066,0.0
106481067,0.3022067985551166
106481068,0.0
106481069,0.0
106481070,0.0
106481071,0.0
106481072,0.0
106481073,0.1135471102998034
106481074,0.1131834935159202
106481075,0.0
106481076,0.0
106481077,0.0
106481079,0.2139848555672504
106481080,0.1119095706081079
106481081,0.0
106481082,0.0
106481083,0.0
106481084,0.0
106481085,0.0
106481086,0.2126988543900615
106481087,0.3172836446937965
106481088,0.0
106481089,0.2253083066279462
106481090,0.0
106481091,0.2420747747849154
106481092,0.0
106481093,0.0
106481094,0.0
106481095,0.0
106481096,0.0
106481097,0.0
106481098,0.0
106481099,0.0
106481100,0.0
106481101,0.0
106481102,0.0
106481103,0.7774812359654543
106481104,0.0
106481105,0.1149999756639092
106481106,0.0
106481107,0.0
106481108,0.0
106481109,0.0
106481110,0.0
106481111,1.0280093602042168
106481112,0.0
106481113,0.112091680115918
106481114,0.0
106481115,0.0
106481116,0.0
106481117,0.0
106481118,0.0
106481119,0.0
106481120,0.0
106481121,0.0
106481122,0.0
106481123,0.0
106481124,0.0
106481125,0.0
106481126,0.0
106481127,0.0
106481128,0.0
106481129,0.0
106481130,0.0
106481132,0.0
106481133,0.0
106481134,0.0
106481135,0.0
106481136,0.0
106481137,0.0
106481138,0.0
106481139,0.0
106481140,0.0
106481141,0.0
106481142,0.0
106481143,0.0
106481144,0.0
106481145,0.0
106481146,0.0
106481147,0.0
106481148,1.0478400246117965
106481149,0.0
106481150,0.0
106481151,0.0
106481152,0.0
106481153,0.0
106481154,0.0
106481155,0.0
106481156,0.0
106481157,0.0
106481158,0.247021015259454
106481159,0.0
106481160,0.247021015259454
106481161,0.0
106481162,0.0
106481163,0.0
106481164,0.0
106481165,0.0
106481166,0.0
106481167,0.2594046677433314
106481168,0.0
106481169,0.0
106481170,0.0
106481172,0.0
106481173,0.0
106481174,0.0
106481175,0.0
106481176,0.0
106481177,0.0
106481178,0.0
106481179,0.403273239498817
106481180,0.0
106481181,0.0
106481182,0.0
106481183,0.0
106481184,0.0
106481185,0.0
106481186,0.0
106481187,0.0
106481188,0.2283114571781785
106481189,0.0
106481190,0.0
106481191,0.0
106481192,0.0
106481193,0.0
106481194,0.0
106481195,0.0
106481196,0.0
106481197,0.0
106481198,0.8513082445094858
106481199,0.0
106481200,0.2356919745933813
106481201,0.0
106481202,0.0
106481203,0.0
106481204,0.6499392972481077
106481205,0.4954886969919165
106481206,0.7850611396020792
106481208,0.8990900443865096
106481209,0.0
106481210,0.0
106481211,0.0
106481212,0.0
106481213,0.0
106481214,0.0
106481215,0.0
106481217,0.0
106481218,0.0
106481219,0.0
106481220,1.5376210977122446
106481221,0.0
106481222,0.0
106481223,0.0
106481224,0.0
106481225,0.0
106481226,0.0
106481227,0.0
106481228,0.2860991875947336
106481229,0.0
106481230,0.2838967698843725
106481231,0.0
106481232,0.0
106481233,0.0
106481234,0.0
106481235,0.0
106481236,0.8079961513402668
106481238,0.2838967698843725
106481239,0.0
106481240,0.0
106481241,0.0
106481242,0.0
106481243,0.0
106481244,0.0
106481245,0.0
106481246,0.0
106481247,0.0
106481248,0.0
106481249,0.0
106481250,0.0
106481251,0.0
106481252,0.0
106481253,0.0
106481254,0.0
106481255,0.0
106481256,0.0
106481257,0.0
106481258,0.0
106481259,0.0
106481260,0.0
106481261,0.0
106481262,0.290777040522898
106481263,0.0
106481264,0.0
106481265,0.0
106481266,0.0
106481267,0.0
106481268,0.0
106481269,0.0
106481271,0.0
106481272,0.0
106481273,0.0
106481274,0.0
106481275,0.0
106481276,0.0
106481277,0.0
106481278,0.0
106481279,0.0
106481280,0.0
106481281,0.4920355179076667
106481282,0.0
106481283,0.0
106481284,0.0
106481285,0.0
106481286,0.0
106481287,0.3107768124017167
106481288,0.0
106481289,0.0
106481290,0.0
106481291,0.0
106481292,0.0
106481293,0.0
106481294,0.0
106481295,0.0
106481296,0.0
106481297,0.0
106481298,0.0
106481299,0.0
106481300,0.0
106481301,0.0
106481302,0.0
106481303,0.0
106481304,0.0
106481305,0.2931055006210052
106481306,0.0
106481307,0.0
106481308,0.0
106481309,1.1203246674155165
106481310,0.2838967698843725
106481311,0.0
106481312,0.0
106481314,0.7850611396020792
106481315,0.0
106481316,0.0
106481317,0.0
106481319,0.0
106481321,0.4920355179076667
106481322,0.0
106481323,0.0
106481325,0.0
106481326,0.0
106481327,0.2980305164951732
106481328,0.0
106481329,0.0
106481330,0.0
106481331,0.0
106481332,0.0
106481333,0.2838967698843725
106481334,0.0
106481335,0.0
106481336,0.0
106481337,0.0
106481338,0.0
106481339,0.3004813987113197
106481340,0.502456473412168
106481341,0.0
106481343,0.0
106481344,0.0
106481345,0.290777040522898
106481346,0.0
106481347,0.0
106481348,0.9086988910980096
106481349,0.0
106481350,0.0
106481351,0.6706365559273005
106481352,0.0
106481353,0.0
106481354,1.3184352567262752
106481355,0.0
106481356,0.0
106481357,0.0
106481358,0.0
106481359,0.0
106481360,0.0
106481361,0.0
106481362,0.0
106481363,0.0
106481364,0.0
106481365,0.0
106481366,0.0
106481367,0.4920355179076667
106481368,0.0
106481369,0.0
106481370,0.0
106481371,0.0
106481372,0.0
106481373,0.0
106481374,0.0
106481375,0.0
106481376,0.0
106481377,0.0
106481378,0.903852025379836
106481379,0.0
106481380,0.0
106481381,0.0
106481382,0.0
106481383,1.0022851803300266
106481384,0.0
106481385,0.0
106481386,0.0
106481387,0.0
106481388,0.6539510278899517
106481389,0.0
106481390,0.0
106481391,0.0
106481392,0.0
106481393,0.0
106481394,0.0
106481395,0.0
106481396,0.0
106481397,0.0
106481398,0.0
106481399,0.0
106481400,0.0
106481401,0.0
106481402,0.2838967698843725
106481403,0.0
106481404,0.0
106481405,0.0
106481406,0.0
106481407,0.9086988910980096
106481408,0.0
106481409,0.0
106481410,0.0
106481411,0.0
106481412,0.0
106481413,0.0
106481414,0.0
106481415,0.0
106481416,0.6539510278899517
106481417,0.0
106481418,0.0
106481419,0.0
106481420,0.0
106481421,0.0
106481422,0.0
106481423,0.0
106481425,0.0
106481426,0.0
106481427,0.0
106481428,0.0
106481429,0.3277766613678189
106481430,0.0
106481431,0.0
106481432,0.0
106481433,0.0
106481434,0.0
106481435,0.0
106481436,0.0
106481437,0.0
106481438,0.6539510278899517
106481439,0.0
106481440,0.0
106481441,0.0
106481442,0.0
106481443,0.0
106481444,0.2838967698843725
106481445,0.0
106481446,0.0
106481447,0.0
106481448,0.0
106481449,0.0
106481450,0.0
106481451,1.0333000649321542
106481452,0.0
106481453,0.290777040522898
106481454,0.0
106481455,0.0
106481456,0.0
106481457,1.3309091585777089
106481458,0.0
106481459,0.0
106481460,0.3029245872753158
106481461,0.0
106481462,0.0
106481463,0.0
106481466,0.0
106481467,0.0
106481468,0.0
106481469,0.0
106481470,0.0
106481471,0.0
106481472,0.0
106481473,0.0
106481474,0.0
106481475,0.0
106481476,0.0
106481477,0.0
106481478,0.0
106481479,0.0
106481480,0.0
106481481,0.0
106481483,0.0
106481484,0.0
106481485,0.0
106481486,0.0
106481487,0.0
106481488,0.0
106481489,0.0
106481490,0.0
106481491,0.0
106481492,0.0
106481493,0.0
106481494,0.0
106481495,0.6792582000980276
106481496,0.0
106481497,0.7850611396020792
106481498,0.290777040522898
106481499,0.0
106481500,0.0
106481501,0.0
106481502,0.0
106481503,0.0
106481504,0.6539510278899517
106481505,0.0
106481506,0.0
106481507,0.6539510278899517
106481508,0.0
106481509,0.0
106481510,0.0
106481511,0.0
106481512,0.0
106481513,1.4704497590317906
106481514,0.0
106481515,0.0
106481516,0.0
106481517,0.0
106481518,0.0
106481519,0.0
106481520,0.0
106481521,0.0
106481522,0.0
106481523,0.0
106481524,0.0
106481525,0.6499392972481077
106481526,0.2838967698843725
106481527,0.0
106481528,0.0
106481529,0.0
106481530,0.2838967698843725
106481531,0.0
106481532,0.0
106481533,0.0
106481534,0.0
106481535,0.0
106481536,0.0
106481538,0.0
106481540,0.0
106481541,0.0
106481542,0.0
106481543,0.0
106481544,0.0
106481545,0.6580279438190567
106481546,0.0
106481547,0.0
106481548,0.0
106481549,0.0
106481550,0.0
106481551,0.2838967698843725
106481552,0.0
106481553,0.0
106481554,0.0
106481555,0.6539510278899517
106481556,0.0
106481557,0.0
106481558,0.0
106481559,0.0
106481560,0.0
106481561,0.2931055006210052
106481562,0.0
106481563,0.0
106481565,0.0
106481566,1.21764902727818
106481567,0.0
106481568,0.0
106481569,0.0
106481570,0.0
106481571,0.0
106481572,0.0
106481573,0.0
106481574,0.0
106481575,0.0
106481576,0.0
106481577,0.0
106481578,0.0
106481579,0.0
106481580,0.0
106481581,0.0
106481582,0.0
106481583,0.0
106481584,0.0
106481585,0.0
106481586,0.0
106481587,0.0
106481588,0.0
106481589,0.0
106481590,0.0
106481591,0.0
106481592,0.0
106481593,0.0
106481594,0.0
106481595,0.0
106481596,0.0
106481597,0.2838967698843725
106481598,0.0
106481599,0.0
106481600,0.0
106481601,0.0
106481602,0.0
106481603,0.0
106481604,0.0
106481605,0.0
106481606,0.0
106481607,0.0
106481608,0.0
106481609,0.0
106481610,0.0
106481611,0.0
106481612,0.0
106481613,0.0
106481614,0.0
106481615,0.0
106481616,0.0
106481617,0.0
106481618,0.0
106481619,0.0
106481620,0.0
106481621,0.0
106481622,0.0
106481623,0.2487141744835275
106481624,0.0
106481625,0.0
106481626,0.0
106481627,0.0
106481628,0.0
106481629,0.0
106481630,0.0
106481631,0.0
106481632,0.0
106481633,0.0
106481634,0.0
106481635,0.0
106481636,0.0
106481637,0.8504487460916984
106481638,0.0
106481639,0.0
106481640,0.0
106481641,0.0
106481642,0.0
106481643,0.0
106481644,0.0
106481645,0.0
106481647,0.2711486275042417
106481648,0.0
106481649,0.0
106481650,0.0
106481651,0.0
106481652,0.0
106481653,0.0
106481654,0.0
106481655,0.0
106481656,0.0
106481657,0.0
106481658,0.0
106481659,0.0
106481661,0.0
106481662,0.0
106481663,0.2112496279420356
106481665,0.0
106481666,0.0
106481667,0.0
106481668,0.0
106481669,0.2094747804319355
106481671,0.0
106481675,0.0
106481677,0.1224059489718711
106481680,0.0
106481682,0.0
106481683,0.0
106481684,0.0
106481686,0.0
106481688,0.0
106481690,0.1421274322450643
106481692,0.4504602201420365
106481693,0.0
106481694,0.0
106481695,0.0614091674392234
106481696,0.0
106481697,0.2222937962439548
106481698,0.0
106481699,0.0
106481701,0.0
106481702,0.1603549607351917
106481703,0.0
106481704,0.0
106481706,0.0
106481707,0.0
106481708,0.0
106481709,0.0
106481710,0.0
106481711,0.0
106481712,0.0
106481713,0.0
106481714,0.0
106481715,0.0
106481716,0.0
106481717,0.0
106481718,0.0
106481720,0.0
106481721,0.0
106481722,0.0396462670429822
106481723,0.0
106481725,0.0
106481726,0.0
106481728,0.0
106481729,0.0
106481730,0.0
106481731,0.0
106481732,0.0752292615879394
106481734,0.0
106481735,0.2165506698612004
106481736,0.0
106481737,0.0
106481738,0.0
106481739,0.0
106481741,0.0
106481743,0.0
106481745,0.0
106481746,0.0
106481747,0.0
106481748,0.0
106481749,0.0
106481750,0.0
106481751,0.0
106481752,0.0
106481753,0.7822748201130088
106481754,0.0
106481755,0.0
106481756,0.0
106481757,0.0
106481758,0.0
106481759,0.0
106481760,0.0
106481761,0.0
106481762,0.0
106481763,0.0
106481764,0.0
106481765,0.0
106481766,0.0
106481767,0.0
106481768,0.0
106481769,0.0
106481770,0.0
106481771,0.0
106481772,0.0
106481773,0.0
106481774,0.0
106481775,0.0
106481776,0.0
106481777,0.0
106481778,0.0
106481779,0.0
106481780,0.0
106481781,0.0
106481782,0.0
106481783,0.0
106481784,0.0
106481785,0.0
106481787,0.0
106481788,0.0
106481791,0.0
106481792,0.0
106481793,0.0
106481794,0.0
106481796,0.0262325134658017
106481798,0.0
106481799,0.0
106481800,0.0
106481801,0.0
106481802,0.0
106481803,0.0
106481804,0.0
106481805,0.0
106481806,0.0
106481807,0.0
106481808,0.0
106481811,0.0
106481813,0.0
106481815,0.0
106481816,0.0
106481818,0.0
106481820,0.0
106481821,0.0
106481822,0.0
106481824,0.0
106481825,0.0
106481827,0.2139848555672504
106481828,0.0
106481829,0.0
106481830,0.0
106481831,0.0
106481832,0.0
106481833,0.0
106481834,0.0
106481835,0.0
106481836,0.0
106481837,0.0
106481839,0.0
106481840,0.0
106481841,0.0
106481842,0.1146369993408919
106481843,0.0
106481844,0.0
106481845,0.0
106481846,0.0
106481847,0.0
106481848,0.0
106481849,0.0
106481850,0.8241148822043715
106481851,0.0
106481853,0.0
106481854,0.0
106481855,0.0
106481856,0.0
106481857,0.0
106481858,0.1131834935159202
106481859,0.0
106481860,0.0
106481861,0.0
106481862,0.0
106481863,0.0
106481864,0.0
106481865,0.0
106481866,0.7090957139346297
106481867,0.0
106481868,0.0
106481869,0.0
106481870,0.0
106481871,0.0
106481872,0.0
106481873,0.0
106481874,0.0
106481875,0.0
106481876,0.0
106481877,0.0
106481878,0.0
106481879,0.0
106481880,0.0
106481881,0.0
106481882,0.0
106481883,0.0
106481884,0.0
106481885,0.0
106481886,0.0
106481887,0.0
106481888,0.0
106481890,0.0
106481891,0.0
106481892,0.0
106481893,0.0
106481894,0.0
106481895,0.0
106481896,0.0
106481897,0.0
106481898,0.0
106481899,0.0
106481900,0.0
106481901,0.0
106481902,0.0
106481903,0.0
106481904,0.0
106481905,0.0
106481906,0.0
106481907,0.0
106481908,0.0
106481909,0.0
106481910,0.0
106481911,0.0
106481912,0.0
106481913,0.0
106481914,0.0
106481915,0.0
106481916,0.2838967698843725
106481917,0.0
106481918,0.0
106481919,1.159596507146063
106481920,0.0
106481921,0.2838967698843725
106481922,0.0
106481923,0.0
106481924,0.0
106481925,0.0
106481926,0.0
106481927,0.0
106481928,0.0
106481929,0.4920355179076667
106481930,0.0
106481931,0.0
106481932,0.0
106481933,0.0
106481934,0.0
106481935,0.5325343932227614
106481936,0.0
106481937,0.0
106481938,0.0
106481939,0.0
106481940,0.0
106481941,0.0
106481942,0.0
106481943,0.0
106481944,0.0
106481945,0.0
106481947,0.0
106481948,0.0
106481949,0.0
106481950,0.0
106481951,0.0
106481952,0.0
106481953,0.0
106481954,0.0
106481955,0.0
106481956,0.0
106481957,0.0
106481958,0.0
106481959,0.0
106481960,0.0
106481961,0.0
106481962,0.0
106481963,0.0
106481966,0.0
106481968,0.0
106481970,0.0
106481971,0.0
106481972,0.0
106481973,0.0
106481975,0.0
106481976,0.0
106481977,0.0
106481978,0.0
106481979,0.0
106481980,0.0
106481981,0.0
10650,1.6621667398896702
10651,2.593996614673074
10652,2.2746915531858622
10653,2.581307176029483
10654,2.873946382220239
10655,0.1140922349498855
10656,0.799319430855105
10657,2.7411473715745203
10658,2.5197245259971015
10659,0.9870092102845954
1066,0.8030318145613987
10660,0.0
10661,0.0
106614088,0.2311461362475948
10663,0.2751733143663593
106632260,0.0
106633802,0.0
106633815,0.0
106635527,0.0
106635537,0.0
10664,2.085482995688663
10665,0.0
10666,0.1023840919216796
106660605,0.0687315852068485
106660609,0.0039454490619983
106660610,0.7755539975472682
106660611,0.7895093635080019
106660616,0.0
106660619,0.0
10667,1.7722060478768618
10668,1.6501745826749288
10669,1.64937578484667
106699570,0.0366616595234452
10670,2.908340440395947
10671,2.1189595896689464
10672,2.690103399358488
10673,1.2420576981464535
10675,0.3681093484764645
10677,0.7187836545714098
10678,2.319161072419291
106780802,0.0
1068,0.0
10681,0.8219057190398634
10682,2.327425258527148
10683,0.0
10686,0.0
106865372,0.0
106865373,0.0
106865374,0.0
106865375,0.0
106866913,0.0
106866914,0.0
106866915,0.0
106866980,0.0
106866981,0.0
10687,1.9305812097098405
1069,2.7576196796745367
10690,0.0156731530012164
10691,1.4875139058815774
10692,0.2660509983970706
10693,0.6314554050671054
10694,2.8310244967608513
10695,2.6585270016144147
10699,0.6973507718651302
107,0.8630918823100221
1070,2.204612386797692
107048981,0.0
107048983,0.0
107048985,0.0
107057644,0.6189474985852518
107057646,0.0
107057647,0.0
107063536,0.0
107063537,0.0
107063539,0.5419756639690473
107063540,0.0
107063543,0.0
107063544,0.0
107063611,0.0
107063612,0.0
107074708,0.0
107075094,0.0
107075096,0.0
107075097,0.3234568095556919
107075098,0.0
107075099,0.0
107075100,0.0
107075102,0.0
107075103,0.0
107075104,0.0
107075105,0.0
107075109,0.0
107075112,0.0
107075113,0.0
107075116,0.0729417365234151
107075117,0.6589992964009352
107075118,0.0246165431357565
107075120,0.0
107075121,0.0
107075122,0.0
107075123,0.0
107075124,0.0
107075125,0.0
107075126,0.0
107075127,0.0
107075128,0.0
107075129,0.0
107075130,0.350100378003441
107075131,0.0
107075132,0.0
107075133,0.0
107075134,0.0314631865193807
107075135,0.0
107075136,0.0
107075137,0.0
107075138,0.0
107075139,0.0
107075141,2.9983799859265035
107075142,0.0
107075143,0.0
107075144,0.0
107075145,0.0
107075146,0.0
107075147,0.0
107075148,0.051871586053616
107075149,0.0
107075150,0.0
107075151,0.0
107075152,0.0
107075153,0.0
107075154,0.0
107075155,0.0
107075157,0.0
107075158,0.0
107075159,0.052263005646635
107075160,0.0
107075161,0.0990610707966686
107075162,0.0
107075163,0.0
107075164,0.0
107075165,0.0262325134658017
107075166,0.0
107075167,0.0
107075168,0.2711486275042417
107075169,0.1515524834278699
107075170,0.1164502841304022
107075171,0.0706479226552025
107075172,2.8678083627651936
107075173,0.0
107075174,0.0
107075175,0.0
107075176,0.0
107075177,0.0
107075178,0.0
107075179,0.0
107075180,0.0
107075181,0.0
107075182,0.0
107075183,0.0
107075184,0.0
107075185,0.0
107075186,0.0
107075187,0.0
107075188,0.0
107075189,0.0
107075190,0.2428496632083635
107075191,0.0
107075192,0.0
107075193,0.0
107075194,0.0
107075195,0.0940514026841421
107075196,0.0
107075197,0.0
107075198,0.0
107075199,0.0
107075200,0.0
107075201,0.0
107075202,0.0
107075203,0.0
107075204,0.1093558077997425
107075205,0.0
107075207,0.0
107075208,0.0
107075209,0.0
107075210,0.0
107075211,0.0
107075213,0.0
107075214,0.0
107075215,0.0
107075216,0.0
107075217,0.045189394581304
107075218,0.0
107075220,0.0
107075221,0.0773206608342586
107075222,0.0
107075223,0.0
107075224,0.0
107075225,0.4656621752294618
107075226,0.0
107075227,0.0
107075228,0.0
107075229,0.0
107075230,0.0
107075231,0.0
107075232,0.0
107075234,0.0
107075235,0.1157254490155959
107075236,0.0
107075237,0.0
107075238,0.120425512675816
107075239,0.0
107075240,0.0
107075241,0.0
107075242,0.0
107075243,0.0
107075244,0.4550537199587505
107075245,0.0
107075246,0.1773426538726067
107075249,0.0
107075250,0.0
107075251,0.0
107075252,0.0
107075253,0.0
107075254,0.0
107075255,0.0
107075257,0.0
107075258,0.0
107075259,0.0
107075260,0.201520533066984
107075261,0.0668108416886656
107075262,0.0
107075263,0.0891985025665453
107075264,0.0
107075265,0.0683477895576427
107075266,0.0
107075267,0.0
107075268,0.0
107075269,0.0
107075270,1.717082471912463
107075271,0.0
107075272,0.0
107075273,0.0422244019181622
107075274,0.0
107075275,0.0
107075276,0.0
107075277,0.0
107075278,0.0
107075279,0.0
107075280,0.2251499320535076
107075281,0.0234025367070836
107075282,0.0
107075283,0.0485371324516474
107075284,0.0
107075285,2.62957865750108
107075286,0.0
107075287,0.0
107075288,0.0
107075289,0.0
107075290,0.0
107075291,0.0
107075292,0.0
107075293,0.0
107075294,0.0
107075295,0.0
107075296,0.0
107075297,0.2327166047192115
107075298,0.0
107075299,0.0
107075300,0.0
107075301,0.5653514428737354
107075302,0.0
107075303,0.0
107075304,0.0
107075305,0.0
107075306,0.0
107075309,0.0
107075310,1.1179861242364024
107075311,0.1018311809447803
107075312,0.0
107075313,0.0
107075314,0.0
107075315,0.0
107075316,0.132770028068318
107075318,0.0
107080108,0.0
107080551,0.0
107080620,0.3557487942158129
107080622,0.0
107080626,0.0
107080627,0.0
107080629,0.0
107080632,0.0
107080633,0.0
107080636,0.686502094829528
107080637,0.0
107080639,0.5346431866589378
107080652,0.1249196248938618
107080653,0.0
107080654,0.0
107080655,0.0
1071,0.5290413337794537
107105253,0.0
107105254,0.0
107105256,0.0
107105259,0.0
107105261,0.0
107105262,0.0
107105264,0.0
107105282,0.0
10712,2.295238652070518
107126287,0.6588227886810981
107126289,0.0
107126294,0.7487397466009988
10713,2.4178944196157715
107131119,0.0
107131120,0.0
107131122,0.0
107131123,0.0
107131124,0.0
107133487,0.0
107133494,0.0
107133497,0.132770028068318
107133499,0.0
107133502,0.0
107133508,0.0
107133511,0.0
107133513,0.0
107133522,0.0
107133524,0.3634809981927294
10714,1.9260777033044112
10715,0.1896878480350211
10716,0.0115765804481612
107161153,0.0
107161159,0.0
107161162,0.0
107161164,0.0
107161230,0.0
10717,0.8939211351759224
107178918,0.0
107178919,0.0
10718,0.2406780642448516
1072,2.9500258633282352
10720,0.0
10721,1.228222888756462
10723,2.25240359332985
10724,2.622086178119458
10725,1.480750496303012
10726,2.550953092521351
10728,3.0103986118002517
107282092,0.0
1073,1.67632829302964
10730,2.586034732056472
10732,1.6784831648203045
10733,1.7165895096733927
10734,0.5785425840562
10735,2.334150417932109
10736,2.3111243957957948
10737,0.0848817820027076
10738,0.0238073990491231
10739,0.0479473231186116
107397391,0.0
107397392,0.0
107403069,0.0
107403154,0.0
10741,2.092007821730071
10742,1.705043235571646
10743,1.8795416646886904
107436076,0.0
10744,0.136843931739014
10745,1.3571249556827667
10746,2.039289347437262
10747,0.3374430473673273
10749,2.0364526191660532
1075,0.7394775123086362
10750,0.3678456273961285
10752,0.3258287531326413
10753,1.3349161552612632
107548099,0.0
10755,2.467205066328895
10758,1.5410208666260807
10761,0.6981845710538014
10762,1.895130357201002
10763,2.025398044577615
10765,1.9233714480965105
10766,2.218815680293554
10767,1.6344720938009931
10768,2.6006017609082117
10769,2.324258603486331
10771,2.617241224742918
10772,2.1344539053510325
10773,2.234460652942691
10775,2.0676349151224596
10776,2.694854296213105
10777,0.0072538062085478
10780,1.4651842732348994
10781,2.039594105936114
10782,1.6793450448730969
10783,1.7892971029367413
10785,1.668631480415749
10786,0.0
10787,2.2386912641487005
10788,2.158590986756722
10791,2.27667843661986
10793,1.124257434948107
10794,0.4975971134478377
10795,0.5747701782176049
10797,2.0427966141069147
10798,0.0
107983981,0.0
107983987,0.0
107983988,0.0
107983993,0.1018311809447803
107984000,0.0280467968559265
107984009,0.0
107984010,0.0735142061810224
107984028,0.0
107984036,0.67124361522531
107984098,0.0
107984132,0.0
107984178,0.0
107984195,0.0
107984208,0.0
107984262,0.4867687258054157
107984265,0.2754706199613274
107984270,0.4095397777735824
107984273,0.4836129464704479
107984322,0.0
107984324,0.0
107984345,0.1055102904479631
107984359,0.0
107984365,0.0
107984366,0.036063467897197
107984367,0.0
107984377,0.0
107984399,0.0
107984414,0.0
107984440,0.0
107984508,0.8876495147378523
107984516,0.0
107984539,0.0714132279076869
107984548,0.0
107984574,0.0
107984588,0.4148875049406991
107984640,0.0
107984643,0.1570867224494012
107984714,0.0880745620036581
107984757,0.0807316672117631
107984761,0.4672807923874156
107984764,0.0
107984773,0.2183099007008225
107984780,0.0
107984784,0.0
107984807,0.0
107984811,0.0
107984827,0.0848817820027076
107984851,0.0
107984875,0.6070679279622099
107984918,0.0
107984921,0.5732755328495015
107984928,0.0
107984948,0.0723688738166034
107984953,0.0
107984955,0.0
107984969,0.2675537347388714
107984970,0.0947954893080635
107984977,0.0
107984992,0.0
107985020,0.621653361651217
107985028,0.0
107985040,0.1709291929021107
107985049,0.0
107985092,0.1082589144778865
107985099,0.0
107985101,0.0
107985113,0.0
107985122,0.0
107985126,0.0111658338983268
107985128,0.0
107985177,0.0134224851965348
107985181,0.6944243901250087
107985190,0.061215604083323
107985194,0.051871586053616
107985206,0.0
107985209,0.2328734811183248
107985210,0.0
107985213,0.0
107985222,0.0
107985228,0.0
107985246,1.3634167835047424
107985265,0.0
107985274,0.1449314009166019
107985305,0.4805569452276723
107985312,0.0
107985359,0.2128597176451206
107985380,0.1088075433050862
107985432,0.022997480615535
107985433,0.0416301479021601
107985453,0.1347209445133961
107985463,0.0
107985532,0.0940514026841421
107985535,0.0704564866776887
107985565,0.0
107985578,0.0
107985579,0.0
107985593,0.0845053532862342
107985628,0.0
107985629,0.0
107985640,0.0
107985643,0.0
107985644,0.0
107985645,0.0
107985651,0.0320646470462866
107985655,0.0
107985659,0.0
107985688,0.0378567710724885
107985694,0.3712668955750554
107985711,0.1279616427158935
107985740,0.0
107985781,0.0
107985789,0.0
107985792,0.0
107985793,0.0
107985818,0.0
107985820,0.0
107985844,0.0
107985876,0.188030575137308
107985879,0.3642764284249902
107985885,0.0
107985893,0.0
107985953,0.0
107986032,0.0
107986034,0.0
107986036,0.0
107986046,0.0
107986096,0.0
107986100,0.1536322322100882
107986119,0.6656732670991807
107986163,0.4649673925272589
107986178,0.0
107986208,0.0
107986226,0.0
107986237,0.0
107986266,0.0
107986277,0.0316637209677261
107986281,0.0142416006900836
107986313,0.0
107986315,0.0
107986319,0.0
107986322,0.0
107986337,0.0
107986374,0.5934343533490472
107986375,0.0
107986376,0.0
107986400,0.0
107986407,0.0
107986412,0.0364623094604789
107986443,0.12867577671514
107986448,0.0
107986453,0.6797720612842238
107986474,0.1651474855524761
107986482,0.1512053420531817
107986494,0.0
107986521,0.0
107986524,0.0
107986558,0.0352652184723042
107986571,0.2684540003248531
107986588,0.2531606609068825
107986593,0.401761471069277
107986618,0.0
107986626,0.0
107986639,0.0
107986669,0.0
107986703,0.0
107986732,0.0
107986739,0.0
107986742,0.0344662129356738
107986749,0.0758001637739616
107986756,0.2494825961694702
107986763,0.0
107986768,0.0
107986777,0.0
107986782,0.0
107986806,0.0142416006900836
107986809,0.2356919745933813
107986818,0.1375503727556631
107986821,0.0
107986822,0.0
107986837,0.0
107986838,0.0962816618610842
107986878,0.0
107986951,0.2494825961694702
107986952,0.0759903776592968
107986954,0.0
107986962,0.8016064696837026
107986980,0.0
107987013,0.0
107987014,0.0130126308322217
107987018,0.0
107987035,0.0
107987106,0.010754888621307
107987127,0.0581124904196997
107987142,0.110451245488528
107987155,0.0
107987217,0.0
107987232,0.0
107987282,0.0
107987295,0.170759729813761
107987327,0.0
107987328,0.0
107987329,0.0
107987423,0.0
107987443,0.0738956344925407
10799,1.3722058667536758
108,0.1259945652633729
1080,0.0144462560950847
10800,0.509140088022557
10801,2.665941738375546
10802,1.9532189274835523
10803,0.0128076294222381
10804,0.053631538511365
10806,1.607148506830634
10807,1.920239899119648
10808,2.569144257530114
10809,2.9652001200966938
1081,1.735465799449637
10810,0.3880174160816136
10811,1.7351921969899886
10813,1.9726272268707383
10814,0.0051875911285856
10815,1.7477724659603089
10816,0.0
10817,1.4886604061021391
10818,2.488946565097151
10819,1.2556509054729486
1082,0.0
10821,0.0714132279076869
10823,0.0
10824,0.0308612972995617
10825,1.5402780372090463
10826,1.11503882674558
10827,1.7756409140908391
10830,0.0
10838,1.5767564575039912
1084,0.01219232802879
10840,0.0635354152782802
10841,0.042620338349058
10842,0.0
10844,2.2126776861842483
10845,2.091758619413591
10846,0.2484065966980257
10847,0.415506866858674
10848,2.063356160986274
10849,1.472667426016832
10850,0.0
10855,0.6011477138588303
10856,2.585088221832493
10857,3.03177767343482
10858,0.3096395937509883
10859,0.4537610008247003
10861,0.8567032816773975
10863,0.3290262962364426
10864,0.0101380977223869
10865,2.34377562575457
10866,0.7575699828917215
10867,1.869060162837144
10868,1.542749660119984
10869,2.319855705738451
1087,0.090507846716347
10870,0.5721774569124689
10871,0.3898132267591921
10873,1.40437898695131
10874,1.7663769338548507
10875,0.9190537431421582
10876,0.0380557917082188
10877,0.0144462560950847
10878,0.0168982779780871
108783646,0.0
108783654,1.0529579691274311
10879,0.0
1088,0.0
10880,0.0
10881,0.0
10882,0.2793253707446482
10884,2.560348962596932
10885,1.5691766024648464
10886,0.0447946653885956
10887,0.0
10888,0.0332662841654657
1089,0.1001702276495741
10890,2.76975665715643
108903150,0.0970237498872507
10891,0.0733234266047182
10892,1.4198327814790097
10893,0.3408661147519204
10894,0.6901375642637158
10897,2.6829464898527258
10898,1.967014041222634
10899,2.385726222648372
109,1.8948669099466493
1090,0.0
10900,0.0639214260144302
10901,1.616480712451378
10902,2.1116172752432307
10903,1.9491461154416256
10904,2.3452282516342957
10905,1.729948308733894
10906,2.4036949379093375
10907,2.3624776887579606
10908,1.921108710319707
10910,1.5013456430596122
10911,0.058501008843608
10912,1.8407078890331177
10913,0.0706479226552025
109136578,0.0
10914,2.384671011558227
10915,2.0690610527205884
10916,3.3482566331313404
10917,0.0
10919,2.1459584960948157
10920,2.4328657983521143
10921,2.597933621056921
10922,2.34880600797952
10923,2.6611979277511666
10924,1.4949395359202002
10926,1.7442899489801242
10927,2.452578629805416
10928,2.271966130429592
109286551,0.0
109286553,0.2806553026210401
10929,2.0595386217553138
10930,0.1704206972913704
10933,2.6273709106517513
10935,2.6708933593832107
10936,0.677800159635622
10938,2.016509506478106
10939,2.060907732909968
10940,1.7395986220289934
10941,0.0
10942,0.036063467897197
10943,1.3296343649525184
10944,2.4233143634903485
10945,3.025034133679468
10946,2.2301730670134803
10947,2.0855709708141568
10948,2.065231134346977
10949,2.5014816805350453
1095,0.0
10950,1.7529264150101824
10951,2.801799058715039
10952,2.704244618483155
10953,2.456003379982234
10954,1.8472747522233497
10955,2.7234004062953048
10956,2.628106339455977
10957,2.179410262068389
10959,3.052862336133973
10960,2.890892604614574
10961,2.6099653349550045
109616958,0.0
109616959,0.0
109616960,0.0
109616961,0.0
109616962,0.2327166047192115
109616963,0.0
109616964,0.2283114571781785
109616965,0.7841825237248439
109616966,0.0
109616967,0.243623794793028
109616968,0.4298555274178127
109616969,0.0
109616970,0.0
109616971,0.0
109616972,0.0
109616973,0.0
109616974,0.0
109616975,0.0
109616976,0.5221112115096428
109616977,0.5635335455285408
109616978,0.0
109616979,0.6684640913644322
109616980,0.0
109616981,0.0
109616982,0.0
109616984,0.0
109616985,0.0
109616990,0.0
109616991,1.5810960667663847
109616992,0.0
109616993,0.0
109616994,0.0
109616995,0.0
109616997,0.0
109616998,0.0
109616999,0.2327166047192115
109617000,1.2139231456022812
109617001,0.0
109617002,0.0
109617003,0.0
109617004,0.0
109617005,0.0
109617006,0.0
109617007,0.0
109617008,0.0
109617009,0.0
109617010,0.0
109617011,0.0
109617012,0.6158556146928788
109617013,0.0
109617014,0.3880174160816136
109617015,0.0
109617016,0.0
109617020,0.0
109617022,0.0
109617023,0.4101635675469852
109617024,0.0
10962,1.4927993656998733
109623459,0.0
10963,2.7764028676983874
10964,1.2965679448174496
10965,2.3562055775600945
10966,1.710525259902456
10969,2.2099641335577305
1097,0.0
10970,2.7784987179626106
109703458,0.046963386855558
10971,3.0319183884639216
10972,3.023821773232244
109729114,0.0
109729115,0.0524586470199822
109729116,0.0
109729117,0.0
109729118,0.0
109729119,0.0
109729120,0.0
109729121,0.0
109729122,0.0
109729124,0.0
109729125,0.0
109729126,0.0
109729127,0.6309961312247931
109729131,0.0
109729133,0.2671032151864317
109729135,0.0140368959186701
109729137,0.0
109729140,0.0
109729141,0.5827872864078509
109729142,0.0
109729143,0.0
109729144,0.0
109729147,0.1067941198550825
109729150,0.0614091674392234
109729151,0.0
109729152,0.0
109729153,0.0
109729154,0.0
109729155,0.0
109729156,0.0
109729157,0.0
109729158,0.0
109729161,0.2609201285730693
109729163,0.0
109729168,0.0
109729169,0.0
109729170,0.0
109729173,1.0337921354332849
109729174,0.0
109729180,0.2454786304334116
109729181,0.8995188775925584
109729184,0.0621829736100838
10973,1.5422753394838424
109731405,0.051871586053616
10974,0.0
10975,1.9836153513679955
10978,1.7951588537823595
10979,1.8255862471164204
1098,0.0
10980,2.699486770289229
10981,2.3791583377297325
10982,1.7216356105462929
10983,3.0150688353857467
10984,0.1225857523790576
10985,2.389596605673515
109864269,0.0
109864281,0.0
10987,1.972096121244718
10988,2.357085591434088
10989,2.5051031349924675
10990,0.1243816268565123
10991,0.25712600164172
109910381,0.0
109910384,0.0
10992,2.5624470435183477
10993,1.5930954686611
10994,2.3115276346448583
10998,0.7689889722315462
10999,2.779067853775685
11000,2.0937879622097992
11001,2.139569479352279
11004,1.9573369843131596
11005,0.219427397119987
11006,0.9623832521023472
11007,2.232304879906587
11009,1.2009024447197458
110091775,0.0438070313509447
1101,1.390844458602
11010,1.2679362638143068
11011,2.115931144318127
110117498,0.0
110117499,0.0
11012,0.1292109697369215
11013,0.9794130602650972
11014,2.9321443084453693
11015,2.1081617463796314
11016,1.822667247716416
11017,2.3123540526176023
110175910,0.0
11018,1.6793309290489566
11019,0.6521709131482525
1102,1.2736376374833154
11020,1.3344564720352197
11021,2.296979322352725
11022,1.8098229199338165
11023,0.0
11024,0.0970237498872507
11025,0.3113447971994957
11027,0.2742807210695635
11029,0.0
1103,0.0
11030,2.037755940512068
11031,2.4928938482805907
11033,0.0818655711838594
11034,3.04472367141307
11035,1.794844943456283
11036,0.0
11037,0.9551454419207432
1104,2.1618899512237495
11040,1.965174651264608
11041,2.459382829529856
11043,1.881154184689514
11044,1.8667708436359616
110440226,0.2133421134199432
11045,0.0
11046,0.8267285147268979
110467518,0.0
110467520,0.0
110467521,0.0
110467522,0.0
110467523,0.0
11047,2.4919704401343252
1105,2.2466600945408386
11051,2.34509756789327
11052,2.4220681669739546
11054,2.1592195409712276
11055,0.0
11056,1.6616238079959014
11057,2.579298907521718
11059,2.718535033523977
110599563,0.0
110599564,1.9013182930902048
110599583,0.0
110599588,0.0
1106,1.8155526464717533
11060,1.7952562269524248
11061,0.0
11062,1.00682975909211
11063,0.0205630661837875
11064,1.5151770998759877
11065,2.7918586096713973
11066,1.6487417765814705
11067,2.3240803273400714
11068,2.387301320719959
11069,1.2735409579151071
1107,2.30946586597165
11070,2.6124909348236005
11072,1.894101086510676
11073,2.333937438718812
11074,0.0101380977223869
11075,1.6315168264424111
11076,1.2659787783962035
11077,0.7045707371663014
11078,1.6501444648436303
11079,2.2618927766874317
1108,1.6137985953570368
11080,1.5467906824892008
110806272,0.2525488374796599
110806273,0.1855382605489196
110806277,0.0575293748341413
110806278,0.0
110806279,0.0
110806280,0.1776788006106026
110806281,0.0
110806283,0.0436093653522559
110806285,0.0
110806290,0.0136273381928503
110806291,0.0
110806292,0.0
110806296,0.0
110806297,0.0
110806298,1.0274627903562703
110806299,0.0
110806300,0.0
110806301,0.6583813214175499
110806308,0.0
11081,0.1771745280964104
11082,2.029361968798907
11083,2.072245827247852
110841583,0.4939312189520121
11085,0.0
11086,0.0416301479021601
1109,0.0370602183099194
11091,2.0569082086354076
11092,1.1589623700703071
11093,0.3259680525856669
11094,2.1933087674770473
11095,0.1661707857688191
11096,1.036099442385138
11097,1.1467770635463188
11098,2.786268243994046
11099,1.1714342975004906
111,0.3896850958985421
11100,2.7045659047151696
11101,2.3556042713608396
11102,1.1029219752193598
11103,1.7676022080436904
11104,1.7201317171160475
11105,0.0084911297831118
111064647,0.010754888621307
111064649,0.0540221383132408
111064650,0.0
11107,0.2511705004141448
11108,1.9998113294034188
111082961,0.1047757771404354
111082962,0.0
111082963,0.0
111082964,0.0
111082965,0.0706479226552025
111082966,0.0
111082967,0.1333025569412144
111082968,0.0
111082969,0.0
111082970,0.0
111082971,0.0
111082972,0.352391666129312
111082973,0.0696903035798559
111082974,0.0
111082976,0.0704564866776887
111082977,0.5698759820809096
111082978,0.0
111082979,0.0
111082980,0.0
111082981,0.0784592157513684
111082982,0.0
111082983,0.0658488120877697
111082984,0.1382562046163831
111082985,0.0
111082987,0.0
111082989,0.1169934922160474
111082993,0.0416301479021601
1111,1.5578309869632596
11112,2.2927866470498137
11113,1.1037522633375876
11116,0.7042404653293866
11117,2.357292984147166
11118,0.3440019232102286
111188157,0.0
11119,1.3864688782682444
1112,1.5924472832197405
11120,2.0667754927340702
111216275,0.1245609986757527
111216276,0.0
111216277,0.1375503727556631
111216278,0.0
111216280,0.0
111216284,0.4920355179076667
11122,1.20204209089769
11123,1.560176812334259
11124,1.831988576913874
11126,0.6486864370355591
11127,1.6821733310467049
11128,1.9120899418905193
11129,1.876137076259674
1113,0.0
11130,2.53613509990698
11131,0.238188934556376
11132,1.2576459842442786
11133,1.6318147802309635
11135,2.3971035938446974
11136,0.0797855659595778
11137,2.4901420432416765
11138,2.092708743192344
1114,0.0320646470462866
11140,2.5862689714407465
11141,0.0946095302476571
11142,2.155805995582192
11143,2.079603129343244
11144,0.2366292549290747
11145,2.706456331176973
11146,1.224391667096273
11147,2.073558055421712
11148,0.0
11149,0.398222167107179
111501764,0.0
11151,1.3817146032736578
11152,1.8147683975391564
11153,1.237702872335727
11154,0.6477004516462214
11155,0.8286476174852774
11156,2.1344674641845973
11157,1.5225313420185416
11158,1.394824955404626
11159,1.340344317112594
1116,1.6907588270332403
11160,2.057969303868991
11161,2.3606874385246
11162,0.5405151403758741
11163,1.9347572461832816
11164,2.2045753913597785
111644132,0.518136490653734
111644133,0.0
111644134,0.0
111644135,0.0
111644136,0.0
111644137,0.0
111644138,0.0
111644139,0.0
111644142,0.1966113887139408
111644143,0.0
111644144,0.0
111644145,0.0
111644146,0.0
111644147,0.599131122187273
11165,0.1318817104701158
11166,0.0598594062479726
11167,2.5325481537564496
111674481,0.0
11168,2.214120009871128
11169,1.7956563038689977
1117,0.4944878427081043
11170,0.5225396056888886
11171,2.8266679505289143
11172,0.1524196905802636
11173,0.913987513428352
11174,0.7773331866431122
11176,2.328862061977677
11177,2.2094210246318906
11178,1.5853439297103469
11179,1.5883325686119378
1118,0.3154502898354606
11180,2.6712902865127837
11181,0.0551928477150357
11182,0.3330391744193237
11183,1.9647045330451351
11184,0.3056461570780727
11185,0.3096395937509883
11186,2.270139711092417
11187,2.6152405577276254
11188,2.3041505184773583
11189,0.0366616595234452
1119,1.7968003820624117
11190,1.7609485400395315
11193,1.7304767966756398
11194,1.8204110423281044
11196,2.221583385324863
11197,0.7363351032214366
11198,2.5984474105129145
11199,0.0
112,2.024557559096081
1120,0.2678539377990642
11200,2.0429417976064927
11201,1.847761655127932
11202,0.0563619252247972
1121,1.4950023404087551
11211,0.478057419844406
11212,2.3109306632535884
11213,0.4694718140338474
11214,1.7937064223821149
11215,1.7549162455208325
11216,2.1334128580348337
112163659,0.1034888062958342
112163686,0.0
11218,1.5868838207189195
11219,0.0643072587180317
1122,1.4589170411737142
11221,2.185956924657514
11222,2.660510270977417
11223,0.0334663908138561
11224,3.1754296805602857
11226,2.694338440321513
112267859,0.0
112267871,0.0428182367483027
112267877,0.1171744819931155
112267897,0.0
112267949,0.0
112267968,0.0056012358560772
112267969,0.0
112267975,0.0
112267977,0.0
112267986,0.9017196992898638
112267992,0.6511898902321224
112268018,0.0
112268032,0.0
112268039,0.0
112268065,0.0
112268105,0.2952821382719953
112268124,0.8792947917395868
112268136,0.0380557917082188
112268162,0.0
112268164,0.0
112268165,0.0
112268173,0.0
112268176,0.0
112268184,0.5343272610762845
112268198,0.0972091680864421
112268208,0.01219232802879
112268216,0.0
112268234,0.0
112268241,0.0799748722352531
112268243,0.0223895328412295
112268252,0.0616026860516921
112268270,0.0
112268276,0.0
112268293,0.1727909512670478
112268404,0.0
112268408,0.0
112268410,0.1529395722563866
112268411,0.0
112268419,0.5490276557733444
112268431,0.0508922379282558
112268449,0.0
112268472,0.0
112268475,0.0
112268476,0.0
112268487,0.0
11227,0.8168377223848307
112272612,0.0
11228,1.876048033311578
1123,1.3595412794412272
11230,1.9670990534573716
11231,2.23133473630392
11232,1.6612125065170225
11234,1.6662834478907722
11235,2.313829922654744
11236,2.5214248237710972
11237,1.8412025812597983
11238,0.5794331169497549
112398,1.01950610699071
112399,1.5412301741645809
1124,0.0
11240,1.3088073041380146
11243,1.87051609531936
112436690,0.0
112436692,0.457398345838149
11244,1.9586204618247445
112441426,0.0
112441428,0.0
112441429,0.0
112441430,0.0
112441431,0.0
112441432,0.0
112441434,1.1513370601896968
112441435,0.0
112441436,0.0
112441437,0.0
112441438,0.0
112441442,0.0
11245,1.5826848137475091
112464,1.190089250542666
11247,0.5168426902165557
112476,1.286123342663167
112479,1.4968410208213614
11248,1.59605202692242
112483,2.2132878094915855
112487,1.2139590911999214
112488736,0.0
112488737,0.0
112488738,0.0
112488739,0.0
112488740,0.0
112488741,0.0
112488742,0.0
112488745,0.0
112488746,0.0
112488747,0.0
112488748,0.0
11249,0.0264342928541542
112495,2.5143464797944444
11250,0.0
11251,0.3020631612903438
11252,2.022258005940389
11253,1.821083078470649
11254,0.3039283797512765
112543478,0.0
112543493,0.1660003253041142
11255,0.0
112552163,0.0
11257,1.2700489031641995
112574,1.871714917537501
112577460,0.0
112577461,0.0812988122919001
112577462,0.0
112577464,0.9972881495501682
112577465,0.0
112577466,0.0
112577467,0.0
112577516,0.0
112577518,0.0
112577592,0.04578114125236
11258,2.3195596860053556
11259,1.9818191962388905
112590798,0.0
112597,0.9655851113547947
11260,2.462722955089504
112609,0.4833870124794141
11261,2.554094276102607
112611,0.9512126024373184
112616,1.538348921242532
11262,0.3657325651805175
11264,1.9812186151878552
11266,2.022766824898151
11267,2.0075288042849477
11269,1.285146449519318
112694756,0.99503644242142
11270,2.2171827348935027
112703,1.0649792357636358
112714,1.823831232220945
11272,0.1279616427158935
112724,1.119687824363033
11273,2.4629875046813265
11274,1.9956566047964752
112744,0.0
11275,1.5010562753226326
112752,1.8880167603560711
112755,0.2806553026210401
11276,1.7000048510833556
11277,0.0
112770,2.0461216550271604
11278,1.462284335732657
11279,1.20952017591553
1128,0.1336573840641972
11280,0.045189394581304
112802,0.0
112806053,1.8257070110908349
11281,0.0043596979037672
112812,0.1671927972655278
112817,0.2975972060215257
11282,2.4630883026593886
11283,0.1284973014560392
11284,1.9978737071419417
112840,1.7884624853284594
112840933,0.6612018341373725
112840934,0.0138321417599086
112849,1.1688293797681886
11285,1.7400786498946164
112858,2.380461785160869
112869,1.9729204208476656
112885,0.0412337454202869
1129,0.0
112903833,0.5231817213210643
112935960,0.7025866872862648
112935969,0.0
112936,2.026643147007567
112937,0.0119871284396815
112939,2.4401609721823134
112942,2.3881196885614013
112950,1.9818805666627692
112970,1.0453849917731102
113,0.6856538509846959
1130,1.310554494604801
113000,2.1041766415995244
113026,2.198973037136368
11309,0.966190478911212
113091,0.0
1131,0.0797855659595778
11311,2.064514065018187
113115,1.1559803524298278
11313,2.3227440008814653
113130,2.254578608008111
11314,0.999479433719386
113146,1.801292683417111
11315,2.785115355621974
11316,2.6313630519925733
11317,0.0750388739578922
113174,1.7105384194919742
113177,0.6558152193096215
113178,2.288631931364388
113179,0.3741498450981821
11318,0.0999854713451175
113189,2.334578454282219
11319,2.2008144753898966
1132,0.4490410849371847
11320,2.2321718203145724
113201,2.43875280054155
11321,2.0355950334040176
113218477,0.1606982229626605
113219467,0.0
11322,1.5504246832139756
113220,2.0168705769168778
113230,2.2824363597282096
113235,1.4964654900661956
113246,2.3855857337489663
11325,2.5714798589643566
113251,2.361901961933352
11326,0.9999479635361376
113263,1.8295730491675557
113277,1.0968555334396912
113278,1.6871807744011402
11328,2.4661946703183237
11329,2.285333400706218
1133,0.0410354741801234
11330,0.0103437444480222
11331,2.6449354251102486
11332,2.02097987750528
11333,2.5987199425768495
11334,2.3729600300742217
11335,2.902758188731781
11336,2.02351348633323
11337,0.1677033206330719
11338,2.7146161368288624
11339,1.2768183721201103
113391335,0.0
1134,0.5517057722528368
11340,1.9706037415966755
113402,2.0586100755018144
11341,0.0
113419,2.45396309333166
11342,2.4101761816089824
11343,1.7263705655574788
11344,1.9621015151095769
113444,1.3547526452294685
11345,2.460746331998538
113451,0.95351916811736
113452,2.4482599439500885
113455421,0.0
113457,2.55904102384842
11346,1.6978162860625017
1135,0.0
113510,1.4636695001845874
113523636,0.1146369993408919
113523638,0.0
113523639,0.0
113523640,0.3652033827063985
113523642,0.0
113540,0.6941729702152104
1136,0.0150599263207783
113612,1.0932206011415273
113622,1.2473598718127887
113655,2.820347252775721
113675,2.167816993113825
113691,0.0
1137,0.0
113730,0.3137541020320343
113746,0.0115765804481612
113791,1.893282602526256
1138,0.2186293449996029
113802,0.8173950537790181
113828,0.9132090462992596
113829,2.458793454787684
113835,0.1416006154108587
113878,1.380926690887144
1139,0.0068409645610921
113939904,0.0
113939925,0.0
114,0.0
1140,1.2120507495347443
114026,0.0
114034,1.313912179114448
114036,0.1038567167187382
114041,0.2256249613852226
114042,0.1688932936585756
114044,0.6721964810778842
114049,2.1748407684458577
114088,0.2378772436632628
1141,0.0420263638480368
114108587,0.052263005646635
114112,1.693050771843845
114131,0.0
114132,0.0
114134,0.6885335850197372
1142,0.0
114294,1.9556118024371911
1143,0.0
114327,0.9052493373524452
114335,0.0
114336,0.0
1144,0.0
114483833,0.0
114483834,0.0
1145,0.3060750087792166
114515514,0.0
114515515,0.0
114515518,0.0191397532419228
114515520,0.0443997508881444
114515521,0.0
114548,0.3827336091282766
114569,2.7017733885818296
114571,0.0300581105554705
114599,0.0
1146,0.0
114609,1.0817243705958923
114614,0.2347535870437137
114625,0.9911417118825846
114655,1.3522027930592266
114659,1.0003121247594322
1147,2.005270964749686
114757,1.634425333451086
114758,0.0
114760,0.0
114761,0.0
114769,0.7208819527203356
114770,1.5951364786566304
114771,0.0
114780,0.0380557917082188
114781,1.4342367404692449
114783,1.3552776923695449
114784,0.3882742216663623
114785,2.1486394898202184
114786,0.0018711756515813
114787,0.5359055041906291
114788,0.0227948798627598
114789,2.2829820467080935
114790,1.6919680284206804
114791,1.6193084544867442
114792,0.114818507485862
114793,1.4458167476921144
114794,0.0041425171026739
114795,0.0205630661837875
114796,0.7193492242120577
114798,0.0068409645610921
114799,1.9438070263023537
114800,0.2996172621558362
114801,1.3693644212785827
114803,1.5059727481018887
114804,0.7772591495141029
114805,1.2662728532999914
114815,0.4535257181670199
114818,0.424980918317437
114819,0.5461322881673503
114821,0.0763706752693144
114822,2.2269274994049084
114823,2.2316322232711983
114824,0.0209692882026594
114825,1.6006365131357758
114826,1.0305369455193212
114827,0.347802215138303
114836,0.3320724601662341
114841035,0.0215782561623971
114841037,0.0
114876,2.020265194976441
114879,1.5830158521998812
114880,0.8822598232030635
114881,1.1837878615885755
114882,2.1729855579427126
114883,1.8467681459620628
114884,1.3669395515864011
114885,2.0432842074359145
114897,1.3844106133323542
114898,0.3399091915477006
114899,1.5168210750985212
1149,0.3526607791358305
114900,0.4135231053081815
114902,0.0
114904,1.845052547741673
114905,0.1487712053746272
114907,2.17912766021191
114908,2.4731774303657117
114926,1.995544754131809
114928,1.2254487946681936
114932,2.9150403294778724
114960,0.0
114971,1.566784946423159
114984,2.6503895199220446
114987,1.048704086180925
114990,1.7162259206773034
114991,1.5397058439482088
115,2.1202080784107338
115004,1.2845784037918313
115019,0.0254249141756302
115024,2.30838258964711
115072896,0.0
115098,2.564859404785307
115106,2.2376217750040435
115111,0.1236637478282847
115123,1.8400182146938595
115196,1.2163263496099823
1152,1.859658208699174
115201,1.7881875814002324
115207,2.054028022014485
115209,1.5489294827894085
115253419,0.0
115253422,0.9968698608667844
115265,0.2309889187162591
115273,0.9001921683396928
115286,1.566478371292327
115290,1.0937983881884816
115294,2.040647129278978
1153,2.8860669259524765
115308161,0.0828093123943021
115330,0.2186293449996029
115350,0.0
115352,0.033066130062972
115353,2.389983112673623
115361,1.071199351746761
115362,0.3641439143298541
115399,1.3340251531583092
1154,2.4238941885470275
115409980,0.6253684586133536
115409985,0.5272352539912157
115409986,0.0
115409987,0.0
115409990,0.0
115416,1.5670012326955245
115426,1.9567482211333147
115482682,0.0
115482683,0.0
115482684,0.0
115482685,0.09665278895269
115482686,0.0
115482687,0.0
115482688,0.3055031538950215
115482689,0.0
115482690,0.0
115482691,0.0
115482692,0.0
115482694,0.0
115482700,0.0
115482701,0.0
115482702,0.0
115482704,0.0
115482705,0.0981356370534185
115482708,0.0
115482709,0.0
115482710,0.0
115482711,0.2527018377567929
115482715,0.0
115482717,0.0990610707966686
115482720,0.1795251138352385
115482721,0.0
115482722,0.0
115482724,0.0
115482725,0.0
115482726,0.0
1155,2.4957637342874563
115509,1.7233900566923797
115548,1.980965818889723
115557,0.8702515270787087
115560,1.3009955675367164
115572,0.558153771476905
115584,0.0614091674392234
115650,0.2925240366109281
115653,0.0
115677,2.006801104865387
115701,0.1582923385912082
115703,1.5725011245020386
115704,1.5589503668439846
115708,1.8492474494445064
115727,0.3133294743166249
115749,0.0485371324516474
115752,1.86711688047153
115761,0.2781413110415791
115795,0.1062441514989379
1158,0.0
115804232,0.2739829642168674
115811,1.2426380047271133
115817,1.883241805777816
115825,0.7532079040075834
115827,0.125636408067992
115830329,1.383940484994575
115830330,0.0
115838655,0.1009088407219797
115861,0.0
115891964,0.0089031710875008
1159,0.5044350843616178
115908,2.6049577224347384
115939,2.618888115539261
115945146,0.0
115948,0.2833084097715614
115950,1.3765184570617894
115992,1.0333492902546724
116,0.1610413402968344
1160,0.6887870960897735
116028,1.9274513724187168
116033993,0.0
116039,1.109012139983912
116064,2.1048937692808942
116068,2.0510231008339255
116071,0.3509098510791981
116085,0.0
116092,2.503014476451662
1161,0.8931173829268856
116113,2.4097825783554208
116115,1.629882481611228
116135,0.0240097576149657
116138,2.651341115957741
116143,1.2689123547964418
116150,1.8282250104570952
116151,2.565730179721405
116154,0.0461754078434364
116159,1.6874442347121088
116173,0.0246165431357565
116179,0.0304597993916931
116211,0.1073437223162539
116224,1.816633741231067
116225,1.9093359114224655
116228,0.3075028069978139
116236,2.1843406016763396
116238,2.3447827391727483
116254,2.247006442275339
116255,0.0
116285,1.0771257771175875
1163,2.468376038491003
116328,0.0546076972506679
116337,0.0
116362,2.5001289523748103
116369,0.0467664613262632
116372,0.1188016023173223
116379,0.0246165431357565
1164,2.743816930844142
116412,0.9369586068001508
116435278,0.0
116435280,0.2569738562906076
116435281,0.1111807302691279
116435282,0.0
116435284,0.0
116435285,0.0
116435286,0.0
116435287,0.0
116435289,0.0
116435296,0.0
116435298,0.4383101683083477
116435299,1.295764582012225
116435302,0.4671652947146989
116435303,0.0
116437,0.2038012369269854
116441,1.4869396483691129
116442,1.4858317721870111
116443,0.0960960359655527
116444,0.0
116447,2.1641830334695946
116448,0.0
116449,0.0175101773978301
116461,1.921196283258836
116496,1.807958511298416
116511,0.0820544050747075
116512,0.0
116519,0.0
116534,0.4883415280217969
116535,1.0254710419216375
116540,0.0
116541,2.388244264137256
116729,0.0246165431357565
116804915,0.0
116828,0.6010518166624562
116832,2.131385440602678
116835,1.4688848231068858
116840,1.9536590843546395
116841,2.0198209191562624
116842,1.0362953970918545
116843,1.5014902624798585
116844,0.8478633186115889
116931,0.1543243036951329
116935,0.3404561507267515
116937,0.5365358335632141
116938,0.0
116966,0.540619562034321
116969,0.2840437908116426
116983,1.358581587324682
116984,0.6228629392815743
116985,1.922563104496036
116986,0.2126988543900615
116987,1.5326307449284964
116988,1.9276785503889853
117,0.1853718320962182
117134595,0.0
117134596,0.0412337454202869
117134597,0.0
117134598,0.0
117134600,0.0
117134601,0.6771988855612692
117143,2.2325947006936997
117144,0.2262578936399773
117145,1.647789103326014
117154,0.1671927972655278
117155,0.2723432796002477
117156,0.0648856742777243
117157,0.5694749639190445
117159,0.0
117166,0.1615557448577286
117177,1.846825528820122
117178,1.8173631903907743
117194,0.0173062599854029
117195,0.1036727819699854
117196,0.0
117245,0.4031473746814073
117246,2.375868110816922
117247,0.0916285002418245
117248,0.660057393841329
117283,0.1428293269526154
117285,0.0
117286,1.5380043006223585
117289,0.5667621621100268
1173,2.8251111518886174
117314529,0.5030066274149733
117369447,0.0
1174,2.5491916797733656
1175,2.766532430660346
117531,0.0164900995891271
117532,0.0927476423604853
117579,0.0
117581,0.8319243127248583
117583,1.6070327234461828
117584,1.3263462441344178
1176,2.447181858574669
117608,1.4687081812486436
117751731,0.0
117751732,0.0955389086838045
117751734,0.0
117751736,0.0113712320035829
117751737,0.0
117751738,0.0
117751739,0.0725598717535938
117751740,0.632923046921024
117751741,0.0
117779438,0.01219232802879
1178,0.0
117854,1.0510021102405906
1179,0.0
117981787,1.5056861201590697
117981788,0.0873244225138922
117981789,0.0
118,2.520248862275394
1180,0.1216863419358079
1181,0.9077929514235464
118126072,1.02211994152966
1182,2.3645630631570524
1183,0.2712980584208171
1184,0.8720449213050708
118421,0.1518994770252737
118424,1.9891749784936423
118425,0.0
118426,1.4351352543443463
118427,0.0
118429,1.4667831153894806
118430,0.9788745320852498
118442,0.0
118460,1.856111198006264
118461,0.0
118471,0.0
118472,1.413263787366073
118487,2.46615542610131
118490,0.8472651993652478
118491,0.4237572793709733
1185,1.0381537585327387
118568799,0.0173062599854029
118568801,0.0
118568802,0.0725598717535938
118568803,0.2613741992254882
118568804,0.0
118568805,0.0
118568808,0.0
118568811,0.1822031529648999
118568819,1.2736698601539944
118568822,0.0
118568823,0.0
118568825,0.2471750885981067
118597831,0.6299846604824868
118597835,1.0609053250544362
118597843,0.0
1186,2.101987030740244
118611,0.0264342928541542
118663,0.0438070313509447
118670,0.0
118672,0.7898000003111212
1187,0.3373058071621018
118732296,2.257047164200176
118732298,0.1704206972913704
118738,0.3342803124530755
118788,0.9626599336217364
1188,0.01219232802879
118812,1.9072310914759416
118813,2.171397392233091
118827809,0.0
118827811,1.1598737189141934
118827812,0.0
118827814,0.8537482192866647
118856,0.2445517554898116
118881,2.016721210158833
118924,1.6724891939832975
118932,1.0405901651057494
118980,1.960959004162807
118987,1.6386919564487314
119,0.1489453134079853
119016,0.7669615621089337
119032,2.067221771597096
1191,2.9035458475892963
119139901,1.152340985591034
119139902,0.0708393147493007
119139903,0.114273863088368
119139905,0.623513382995225
119139906,0.0
119180,0.08431707500591
1192,3.142418382872381
1193,1.2897943694652736
119385,0.061215604083323
119391,1.7309920860517227
119392,1.4395570102836646
119395,0.0835635353418218
119437,0.4877802009998662
119467,0.0899469520555108
1195,2.33408278102645
119504,2.4443958498939455
119545622,0.0
119545623,0.1341893368520052
119545626,0.4273003260115916
119545627,0.1660003253041142
119545628,0.0262325134658017
119545629,0.719187681319322
119548,0.0
119559,2.3693236826084125
119587,1.575660843266374
1196,2.34889212866706
119678,0.0
119679,0.0
119682,0.0
119687,0.0
119692,0.0
119694,0.0
119695,0.0
119696,0.0
119710,0.930231659560744
119722,0.0
119746555,1.5888832945915696
119749,0.0
119764,0.0
119765,0.0
119772,0.0
119774,0.0
119775,0.0
1198,1.377736472179469
119863861,1.4711974131597294
119863864,0.0
119863865,0.5532462931658774
119863870,0.6929984468269492
119863871,0.0
12,1.7147424862344562
120,1.9611748286138388
1200,2.2986604857646253
120017342,0.0
120065,0.0
120066,0.0586952005206574
120071,1.3021273063346717
1201,0.05966542627908695
120103,0.8319243127248583
120114,0.1572590627380865
120126,0.0
120146,0.0
120224,1.1243838515482198
120227,1.853409531714924
120237,0.0
1203,0.5017957392922876
120318,0.0471602662673416
120356739,1.4640932121490635
120356740,0.0
120376,0.352391666129312
120379,0.3687682518465182
1204,0.0
120400,0.0082850342053478
120406,0.0191397532419228
120425,0.1944747460819447
120526,1.5260981442501165
120534,1.883626578735176
120586,0.0
1207,2.4359058416080694
120766138,0.0542173700425294
120766140,0.1227655164757016
120766143,0.0
120766144,0.331796033138066
120766146,0.6997659741412915
120766149,0.0
120766150,0.2327166047192115
120775,0.0
120776,0.0
120787,0.0
120793,0.0
120796,0.0
1208,0.0
120824,0.0
120863,0.4181026121442722
120872,0.0477506279872771
120883619,0.0099324012091867
120892,0.4724595249391337
1209,2.713411747104976
120935,0.0565566131007352
120939,0.1601832752529271
121006,0.1027524940253784
121009647,0.2072101800793139
121014,0.0264342928541542
121053,0.6148219418518983
121054,0.0278454019696254
1211,2.78725214029047
121129,0.0
121130,0.0
121131,0.0
1212,2.47225280562142
121214,0.0586952005206574
121227,1.3835222315607387
121232368,0.3291650196604457
121232370,0.5159788708554317
121232371,0.0598594062479726
121232372,0.0716044446446561
121232375,0.1964472329761948
121233923,0.3720542391857689
121233924,0.0
121233925,0.0
121256,0.0
121260,1.865758371848499
121268,0.7795504425641225
121270,0.0
121273,0.0561671921294347
121274,1.604394972511969
121275,0.0538268611423806
121278,0.0
121296,0.0
1213,3.01357786289332
121328,0.2245161188612271
121340,0.041828279182458
121355,0.1567419323387753
121360,0.0
121364,0.0
121391,0.0119871284396815
121441,2.135063543283531
121457,1.704149624063984
1215,0.2047767003527363
121504,1.7162129297995834
121506,1.6529818116652373
121512,1.16507586507345
121536,1.7798680172943242
121549,0.0617961599388916
121551,0.509140088022557
121599,0.0
121601,0.0493229014588557
121627959,0.0
121642,2.0586100755018144
121643,0.0101380977223869
121665,2.335018410832882
121676925,0.0
121725015,0.0097266548872287
121725057,0.0
121793,0.3618876446659664
121832807,0.0
121832810,0.0
121832811,0.2391232734865712
121832813,0.0
121832815,0.0775105280642577
121838,0.0070474104382352
121847981,0.0
121847984,0.0
121847985,0.1765016753129527
121847986,0.0
121853074,0.0
121853075,0.2750246193102813
121853076,0.0
121952,0.0304597993916931
121981,0.0668108416886656
122011,0.0440046509270564
122042,0.0
122046,0.0209692882026594
122060,1.489634942419764
122145,0.0
122149298,0.0
122149299,0.0
122149300,0.0
122149301,0.1040406105580704
122149302,0.5954673007661545
122149303,0.0
122149304,0.0
122152325,0.188196455857058
122152326,0.8043119702852111
122152331,0.2698024687800435
122152365,0.0
122183,0.0
122258,0.0
122319436,0.0240097576149657
122319696,0.0
122394732,0.0
122394733,0.0234025367070836
122402,0.0635354152782802
122405565,0.0
122409,0.0
122416,1.5608344896472497
122455332,0.0
122455333,0.0
122455334,0.0215782561623971
122455337,0.380661596988309
122455338,0.0
122455339,0.0
122455340,0.0
122455341,0.0
122455342,1.0962807771840202
122481,0.1279616427158935
122509,1.900078224147267
122513141,2.0441649065989647
122525,1.1043632942518675
122526776,0.6110502129717055
122526777,0.0
122526779,0.0
122526780,0.1440561939591301
122526782,0.7613729266709592
122539212,0.2445517554898116
122539214,1.0500456832273113
122553,1.1086225510841718
122589,0.0372594270725486
122592,0.0
122616,1.884010986942924
122618,0.7464168194317394
122622,0.5897407254460062
122651,0.0
122664,0.0144462560950847
122665,0.0
122704,2.2343182651396933
122706,0.0
122740,0.0
122742,0.0
122748,0.0
122769,1.8823747297800024
122773,0.8128528401855872
122786,2.0181874333417924
122809,1.678582153321837
122830,1.9080052406058956
122876,0.0
122945,0.1584644237132182
122953,1.4449603768275772
122961,1.980678660227005
122965330,0.0
122965331,0.0
122965332,0.0
122965333,0.0
122965335,0.0
122965336,0.0
122965337,0.0
122965338,0.0
122970,2.183130296377133
123,2.152346210687657
1230,1.2649318822547104
123016,2.0517043032410243
123036,2.2326424121156263
123041,0.0266360241092229
123096,1.903487569808052
123099,2.738048510486237
123103,0.0447946653885956
123169,2.4239994932345654
1232,0.0867613730983522
123207,0.9825807256497928
123228,0.3113447971994957
123258399,0.5064083280847029
123258400,0.0
123263,1.579273746342781
123264,0.3719230718394904
123283,1.6321595375136326
1233,0.7676380559150596
123346,0.1189821951149861
123355,1.0332508355469414
1234,0.5924642191312938
123464508,0.0
123464509,0.1126377675040334
123464510,0.0
123464511,0.0
123464512,0.0
123464513,0.0
123464515,0.0754196057556881
123464517,0.870636251658755
123464518,0.5375851567139619
123464519,0.0
123466203,0.0544125563488178
123466204,0.218150130624384
123466205,0.0
123466206,0.7137535061258078
123466212,0.5459250279724356
123466215,0.0848817820027076
123497957,0.096838290181438
1235,0.0082850342053478
123591,0.2213394734265361
1236,0.5006931816122143
123606,1.930246771926433
123624,0.002701491548138
123688,0.8481289706050895
1237,0.0702650067990862
123706506,0.0
123706507,1.3234778882032263
123706512,0.5843602374019601
123706513,0.2211803085870034
123706523,0.1387851793074599
123706524,0.5548858663425813
123706528,0.4705073950412826
123706533,0.5114268525685592
123706537,0.0
123706540,0.5637357633271645
123706541,0.4410672942672432
123706542,0.033066130062972
123706543,0.071221967357895
123706545,0.7514396342176021
123706547,0.711632880749498
123706549,0.2448608343336134
123706550,0.1412492154969934
123720,1.7285611393699911
123722,0.0272409292764164
123745,0.0
123775,0.0
1238,0.1838724292925855
123803,1.912830371213594
123811,2.453079547541878
123872,0.2374094777375767
123876,0.0
123879,1.3665072712429618
123904,0.0
123920,2.3980786818199675
123970,0.0
124,0.0
1240,1.1059750657473786
124044,1.9339332670179443
124045,1.2094477037054014
124056,0.0
124093,1.2624373591046296
1241,1.3542547429407543
124152,1.2536819088497952
124220,2.307641177535198
124222,1.9984749629004948
124245,1.6418468067648264
124274,1.2876952359929397
124296660,0.0
124359,2.1947240464911246
1244,0.1594961705535451
124401,1.378450054906529
124402,2.0037926256106515
124404,0.1003549427233438
124411,1.2475627763661197
124446,2.7242205672829485
124454,1.9199126072323685
124460,0.3889158544443934
124491,1.370035983001854
124512,2.221671384925141
124535,0.0
124538,0.0
124540,2.366066563171931
124565,2.4602030097507273
124583,2.7992956312021846
124590,0.0201566492701331
124599,0.1898533880244812
124602,0.0376577034343075
124626,0.015877463426456
124637,0.0091091168566818
124641,0.0
124739,1.1087524432168416
124751,0.636852048497301
124773,0.0294552189612712
124783,0.1058773024419657
124790,1.2799485794140164
124801,1.641493932216715
124808,2.2566570976999025
124817,0.7808035834640121
124842,0.011781879253164
124857,0.009520858735307
124871,0.0128076294222381
124872,0.1341893368520052
124900174,0.0
124900175,0.0
124900177,0.0
124900178,0.0
124900179,0.0
124900180,0.8176039298089047
124900181,0.6915695085501228
124900182,0.0
124900183,0.0
124900184,0.0
124900185,0.0
124900186,0.0
124900187,0.0
124900188,0.0
124900192,1.1035775646618442
124900193,0.4857558507292837
124900196,0.0
124900197,0.0
124900198,0.0
124900199,0.0
124900200,0.0
124900201,0.0
124900202,0.243623794793028
124900203,0.0
124900204,0.0
124900205,0.0
124900206,0.0
124900207,0.0
124900208,0.0
124900209,0.0
124900210,0.0
124900211,0.0
124900212,0.0
124900217,0.2057509787839322
124900219,0.0
124900220,0.0
124900221,0.0
124900222,0.0
124900223,0.0
124900224,0.0
124900225,0.0
124900226,0.0
124900227,0.0
124900228,0.0
124900229,0.0
124900230,0.0
124900235,0.0
124900236,0.0
124900237,0.0
124900238,0.0
124900239,0.0
124900240,0.0
124900241,0.0
124900242,0.0
124900243,0.0
124900245,0.7090957139346297
124900246,0.0
124900247,0.0
124900256,0.0
124900257,0.0
124900259,0.0
124900260,0.0
124900261,0.0
124900262,0.0
124900263,0.0
124900264,0.0
124900265,0.0
124900266,0.0
124900267,0.0
124900268,0.0
124900269,0.0
124900270,0.0
124900271,0.0
124900275,1.698857875649021
124900277,0.0
124900278,0.0
124900279,0.0
124900280,0.0
124900281,0.0
124900282,0.0
124900283,0.0
124900284,0.0
124900285,0.0
124900291,0.0
124900293,0.0
124900294,0.0
124900295,0.0
124900296,0.0
124900297,0.0
124900298,0.0
124900299,0.0
124900300,0.0
124900304,0.0
124900305,0.0
124900306,0.0
124900307,0.0
124900309,0.0
124900310,0.0
124900311,0.0
124900312,0.0
124900313,0.5071742566350146
124900314,0.0
124900315,0.0
124900316,0.0
124900318,0.0
124900319,0.0
124900320,0.0
124900321,0.0
124900322,0.0
124900323,0.0
124900324,0.0
124900325,0.0
124900326,0.0
124900327,0.0
124900328,0.0
124900329,0.0
124900330,0.0
124900332,0.0
124900333,0.0
124900334,0.0
124900339,0.0
124900341,0.0
124900342,0.0
124900343,0.0
124900344,0.0
124900345,0.0
124900346,0.0
124900347,0.0
124900348,0.0
124900349,0.0
124900350,0.0
124900351,0.0
124900352,0.0
124900353,0.0
124900354,0.0
124900356,0.0
124900357,0.0
124900358,0.0
124900359,0.0
124900360,0.0
124900361,0.0
124900362,0.0
124900363,0.0
124900364,0.0
124900366,0.0
124900367,0.0
124900369,0.0
124900370,0.0
124900371,0.0
124900372,0.771010186942941
124900375,0.0
124900376,0.0
124900377,0.0
124900378,0.0
124900379,0.0
124900380,0.0
124900381,0.0
124900382,0.0
124900383,0.0
124900393,0.0
124900394,0.0
124900395,0.0
124900396,0.0
124900397,0.0
124900398,0.0
124900399,0.0
124900400,0.0
124900402,0.0
124900406,0.0
124900407,0.0
124900408,0.0
124900409,0.0
124900410,0.0
124900411,0.0
124900414,0.0
124900418,0.1064275149657084
124900419,0.0
124900421,0.0
124900422,0.0
124900423,0.6881108568814367
124900424,0.0
124900425,0.0
124900426,0.0
124900427,0.0
124900428,0.0
124900429,0.0
124900430,0.2240404280203549
124900431,0.0
124900432,0.0
124900433,0.0
124900434,0.0
124900435,0.0
124900436,0.0
124900437,0.281688135119667
124900438,0.0
124900439,0.0
124900440,0.0
124900441,0.0
124900442,0.0
124900443,0.5917843304437739
124900444,0.0
124900446,0.0
124900447,0.0
124900448,0.0
124900449,0.0
124900450,0.0
124900452,0.2487141744835275
124900453,0.265147976990959
124900454,0.0
124900455,0.0
124900456,0.0
124900457,0.2420747747849154
124900460,0.8374838155255607
124900461,0.0
124900462,0.0
124900463,0.0
124900464,0.0
124900469,0.7390855173695152
124900470,0.0
124900471,0.0
124900472,0.0
124900473,0.0
124900475,0.0
124900476,0.0
124900481,0.0
124900488,0.6706365559273005
124900490,0.0
124900492,0.0
124900493,0.0
124900494,0.0
124900495,0.0
124900496,0.0
124900497,0.0
124900498,0.0
124900500,0.0
124900501,0.0
124900502,0.0
124900503,0.0
124900504,0.0
124900505,0.0
124900506,0.0
124900507,0.0
124900508,0.0
124900516,0.3987288007645533
124900517,0.0
124900518,0.0
124900519,0.0
124900520,0.0
124900521,0.0
124900522,0.0
124900524,0.229730058806874
124900525,0.0
124900526,0.0
124900527,0.0
124900528,0.0
124900529,0.0
124900530,0.0
124900531,0.0
124900532,0.0
124900533,0.0
124900534,0.0
124900535,0.0
124900536,0.0
124900537,1.225695165972405
124900538,0.0
124900539,0.0
124900540,0.0
124900541,0.0
124900542,0.0
124900551,0.0
124900552,0.0
124900553,0.0
124900554,0.0
124900555,0.0
124900556,0.4148875049406991
124900557,0.0
124900558,0.0
124900559,0.0
124900560,0.0
124900561,0.0
124900562,0.0
124900563,0.0
124900564,0.0
124900577,0.0
124900589,0.0
124900609,0.0
124900632,0.0
124900637,0.0111658338983268
124900638,0.0
124900656,0.0
124900669,0.0
124900731,0.0
124900758,0.0
124900774,0.0
124900775,0.0
124900778,0.0436093653522559
124900787,0.085634128532859
124900792,0.0
124900810,0.0
124900818,0.0
124900824,0.0
124900838,0.0
124900848,0.0
124900869,0.0
124900881,0.0
124900883,0.0
124900885,0.0
124900886,0.0
124900887,0.0
124900890,0.4055352137670819
124900891,0.0
124900892,0.0
124900893,0.0
124900916,0.0
124900922,0.4837258873436339
124900945,0.1089903385970567
124900957,0.0
124900964,0.2557556363801945
124900989,0.1588084847758757
124901016,0.0
124901018,0.0
124901020,0.010754888621307
124901037,0.0
124901048,0.0662337567877756
124901051,0.0
124901065,0.0
124901067,0.6663720369761769
124901073,0.0
124901075,0.0
124901107,0.0193432301006561
124901121,0.0
124901122,0.0
124901151,1.3183167224327064
124901165,0.1324148165236816
124901168,0.0
124901186,0.1249196248938618
124901188,0.0
124901189,0.0
124901190,0.0
124901194,0.0
124901196,0.0
124901197,0.0
124901220,0.0
124901221,0.0
124901333,0.4802166019010028
124901351,0.0
124901355,0.0260306859239784
124901358,0.0
124901391,0.6193213448008056
124901405,0.0
124901407,0.0491265280900879
124901409,0.0
124901427,0.0
124901437,0.0
124901447,0.0171022935190702
124901449,0.0
124901457,0.0278454019696254
124901462,0.0175101773978301
124901499,0.0
124901505,0.0
124901506,0.0
124901507,0.0
124901508,0.0
124901509,0.0
124901521,0.0
124901524,0.0
124901525,0.0
124901526,1.0782217886468917
124901527,0.0
124901528,0.0
124901582,0.0
124901604,0.0
124901612,0.0
124901616,0.089572811643912
124901617,0.0
124901619,0.0
124901628,0.0581124904196997
124901632,0.0
124901635,0.0
124901641,0.0
124901656,0.0
124901671,0.0340664262320136
124901728,0.2234057317392093
124901766,0.0
124901813,0.0
124901826,0.0
124901827,0.2884416150412991
124901856,1.3484943914600536
124901858,0.0
124901859,0.1536322322100882
124901860,0.0
124901861,0.0
124901864,0.0
124901872,0.0520673186640733
124901880,0.0
124901882,0.4521124496200571
124901899,0.0
124901902,0.0
124901942,0.0
124901966,0.0771307503330335
124901990,0.0
124901995,0.0
124902005,0.1768381716659198
124902013,0.0
124902018,0.0
124902022,0.0
124902026,0.5259576473510799
124902027,0.0
124902031,0.0
124902033,0.0524586470199822
124902045,0.0
124902062,0.0
124902076,0.0
124902078,0.0
124902079,0.0
124902081,0.0
124902096,0.0
124902100,0.0
124902101,0.0
124902105,0.5819994980813803
124902108,0.0938652766473933
124902114,0.5142481366902564
124902157,0.0
124902165,0.0
124902178,0.0
124902202,0.5559086932742608
124902204,0.5469607303095628
124902229,0.0
124902232,0.0
124902280,0.6682029328794313
124902301,0.0080788886488122
124902324,0.0
124902333,0.0
124902337,0.3681093484764645
124902338,0.0
124902371,0.0788383885327216
124902374,0.0
124902388,0.0878870906234544
124902392,0.0
124902436,0.0
124902438,0.01219232802879
124902447,0.1850388721625969
124902453,1.7009606451703183
124902473,0.0534361704016004
124902479,0.1421274322450643
124902532,0.0
124902534,0.0936791088254262
124902537,0.0528497930137067
124902542,0.0
124902546,0.5453028877204354
124902567,0.520824504037292
124902568,0.0
124902571,0.0
124902572,0.0
124902573,0.0
124902595,0.0
124902596,0.0
124902606,0.0
124902609,0.0
124902623,0.0
124902629,0.0923747627007558
124902632,0.2504037178358816
124902665,0.0
124902684,0.0
124902694,1.4085794355250785
124902709,0.2388119493839321
124902718,1.407183138568234
124902723,0.3209373772901978
124902727,0.0
124902739,0.0
124902752,0.0
124902762,0.0
124902769,0.4875555495384593
124902771,0.0
124902803,0.0
124902809,0.0
124902814,0.2369414360556601
124902815,0.610482697994384
124902819,0.0
124902824,1.118667407834282
124902825,0.0
124902826,0.0
124902827,0.0
124902828,0.0
124902847,0.0
124902860,0.4240021674653565
124902888,0.0
124902897,0.0
124902904,0.1357831260270535
124902923,0.0
124902940,0.0
124902947,0.0
124902964,0.0274424681999785
124902988,0.0
124902995,0.0723688738166034
124903002,0.0501079362162316
124903026,0.0
124903031,0.0573349127789155
124903037,0.0
124903074,0.0
124903092,0.0
124903094,0.0
124903098,0.0
124903099,0.0
124903100,0.3248529526034982
124903101,0.0
124903183,0.0203598820990786
124903185,0.0
124903233,0.0
124903236,0.0
124903254,0.0
124903255,0.0
124903256,0.0
124903257,0.0
124903275,0.0
124903317,0.0
124903324,0.0
124903342,0.2272063501845077
124903372,0.0168982779780871
124903386,0.0
124903387,0.0
124903398,0.3683729782535312
124903413,0.0
124903416,0.0
124903417,0.0
124903418,0.0
124903419,0.0
124903420,0.6323730440996449
124903421,0.0
124903422,0.0
124903423,0.0
124903435,0.0
124903436,0.0
124903437,0.0
124903478,0.0
124903523,0.0
124903525,0.0
124903564,0.6256462948091237
124903567,0.0
124903574,0.0
124903585,0.0
124903587,0.0
124903590,0.8513082445094858
124903592,0.0
124903594,0.1576036338499989
124903595,0.0
124903615,0.0
124903619,0.0076664475141711
124903624,2.5736348995008003
124903629,1.0746981317613502
124903639,0.0
124903658,0.0
124903659,0.0
124903667,0.7639465323691077
124903670,0.281982980067927
124903732,0.0060146795562324
124903750,0.0
124903753,0.0
124903770,0.0
124903780,0.0
124903784,0.0
124903808,0.0
124903809,0.2612228714096791
124903824,0.1895222740277748
124903825,0.0
124903852,0.0138321417599086
124903859,0.0
124903871,0.0
124903883,0.0555827213422205
124903889,0.0590834488965626
124903903,0.0
124903916,0.0
124903925,0.0
124903931,0.0
124903940,0.0
124903956,0.0
124903957,0.2519365399675359
124904023,0.0
124904027,0.0
124904039,1.0650258989450216
124904048,0.0754196057556881
124904072,0.0
124904076,0.0148554188895284
124904108,0.0
124904114,0.0
124904115,1.3071754248675669
124904116,0.0
124904117,0.0
124904135,0.0
124904136,0.0
124904137,0.0
124904138,0.0
124904139,0.0
124904140,0.0
124904141,0.0
124904142,0.0
124904143,0.0
124904144,0.0
124904145,0.0
124904146,0.0
124904151,0.0
124904152,0.4101635675469852
124904153,0.0
124904154,0.0
124904219,0.0
124904242,0.0205630661837875
124904256,0.3014883468762432
124904288,0.0
124904332,0.0
124904351,0.0
124904358,0.0
124904362,0.0
124904363,0.0
124904380,0.2327166047192115
124904381,0.0
124904382,0.1639520026951061
124904403,0.0
124904411,0.7976706664745774
124904434,0.2922331420294379
124904441,0.0
124904471,0.0
124904478,0.0
124904498,0.0
124904503,0.9940388292257926
124904522,0.0
124904530,0.0
124904535,0.4536433688452947
124904542,0.1029366335610796
124904544,0.0
124904546,0.0
124904553,0.0207662015448037
124904559,0.0
124904576,0.0
124904580,0.0
124904582,0.0
124904585,0.0
124904601,0.0
124904611,0.0132175827499873
124904613,0.0
124904616,0.0
124904619,0.0
124904621,0.1949683214694214
124904624,0.0
124904631,0.0
124904634,0.0
124904640,0.0
124904641,0.0
124904642,0.3653357127756181
124904666,0.0
124904668,0.0
124904669,0.281688135119667
124904671,1.8022088537072345
124904682,0.0
124904686,0.0
124904687,0.0
124904695,0.2155894543456707
124904701,0.0780798702999492
124904706,0.0
124904710,0.0
124904715,0.0
124904721,0.0
124904732,0.0
124904756,0.440468788138026
124904767,0.1485970601752414
124904769,0.0
124904778,0.0
124904784,0.0308612972995617
124904795,0.0
124904802,0.0
124904806,0.0
124904808,0.6716769002360768
124904809,0.2403673497812929
124904812,0.0
124904813,0.0
124904863,0.1437058484632928
124904880,0.0
124904882,0.0
124904917,0.1699118824483975
124904963,0.0
124904965,0.0
124904972,0.0
124904974,0.0
124904975,0.0
124904983,0.0
124904984,0.0
124904986,0.0
124905012,0.0
124905013,0.0
124905014,0.1596680011708285
124905040,0.0154687933557568
124905061,0.0
124905065,0.0
124905067,0.0
124905068,0.0
124905069,0.0
124905092,0.0
124905119,0.0949814066654706
124905134,0.9422995471769232
124905142,0.0
124905143,0.0
124905150,0.0
124905166,0.0
124905168,0.0
124905169,0.0
124905170,0.4515227906598616
124905171,0.0
124905172,0.0
124905173,0.0
124905174,0.0
124905176,0.0
124905179,0.0
124905218,0.0
124905221,0.0
124905237,0.1151814038904759
124905258,0.0
124905265,0.0
124905266,0.0
124905267,0.0
124905268,0.0
124905269,0.0
124905270,0.0
124905271,0.0
124905290,0.0
124905291,0.0
124905292,0.0
124905293,0.0
124905313,0.0
124905349,0.0619895891189751
124905527,0.0209692882026594
124905594,0.0
124905716,0.0
124905951,0.0
124905956,0.1759966682054657
124906002,0.0725598717535938
124906013,0.0754196057556881
124906033,0.4592687069148791
124906080,0.0
124906135,0.0
124906140,0.0
124906141,0.0
124906142,0.0
124906143,0.0
124906144,1.016222716090536
124906145,0.0
124906146,0.0
124906147,0.0
124906148,0.0
124906189,0.0
124906194,0.0
124906195,0.0
124906196,0.0
124906201,0.0742768884659622
124906209,0.4374690103882592
124906232,0.043016088629042
124906237,0.0
124906280,0.0780798702999492
124906284,1.092553210252745
124906339,0.7417465620147607
124906340,0.0
124906343,0.0
124906345,0.0
124906346,0.0
124906347,0.0
124906348,0.502456473412168
124906350,0.0
124906377,0.0
124906378,0.0
124906379,0.0
124906380,0.0
124906381,0.0
124906382,0.0
124906495,0.1473770019605207
124906551,0.0
124906598,0.0
124906683,0.0
124906685,0.0
124906712,0.0473570995805846
124906839,0.0
124906859,0.0148554188895284
124906892,0.0532407567944813
124907582,0.0
124907725,0.1370205991519871
124907726,0.6916536468461693
124907748,0.0
124907760,0.4204434173498403
124907871,0.0140368959186701
124907878,0.0
124907879,0.0384536920503017
124907880,0.0497155105434259
124907890,0.0
124907913,0.0
124907968,0.0
124907978,0.0
124907995,0.0
124907998,0.0
124908005,0.0
124908011,0.0
124908058,0.0
124908063,0.0
124908064,0.1240227657226751
124909376,0.3673179111040963
124909383,0.0
124909384,0.1717759771350716
124909396,0.2920876540636091
124909397,0.0111658338983268
124909401,0.0
124909423,0.0
124909425,0.0
124909426,0.0461754078434364
124909439,0.0338664618273812
124909446,0.6016270037792184
124909475,0.0629560650472485
124909496,0.0
124912,0.0
124923,0.5101210121105844
124925,0.0356644376201233
124930,1.837629501748753
124935,0.9763370605029288
124936,2.0234584551244787
124944,0.2686039444299036
124961,1.2543501646412494
124975,1.1153813156262342
124976,0.8033876652430059
124989,0.6917377747430666
124995,2.61906069721733
124997,1.386104723758285
125,0.8799268121183101
125050,0.0
125058,1.9250462938756912
125061,2.074017567947263
125078041,0.0
125078044,0.0
125111,0.4307053205448775
125113,0.211088440665768
125115,0.0
125144,2.340622193366894
125150,1.9346110574757636
125170,1.6312029814851703
125177372,0.0288518968796068
125177373,0.1966113887139408
125177374,0.3592246400101575
125177376,0.0957246593932778
125206,0.0955389086838045
125208,2.0342544653907595
125228,1.773949673142646
125336,0.0497155105434259
125467750,0.0
125476,1.527294289491918
125488,1.7531771372690088
125704,0.0
125775238,0.0453866897349848
125775239,0.0
125775240,0.0
125775241,0.0
125775243,0.0374585887741673
1258,0.0
125875,0.1697422064994797
125893,1.4457704948869388
1259,0.1888596375756467
125919,1.4104186744703922
125931,0.0
125950,1.9400905875817027
125958,0.0072538062085478
125962,0.0
125963,0.0138321417599086
125965,0.0286506937617837
125972,0.025020825205399
125981,0.0
125988,2.574294423587797
125997,0.0
126,0.2211803085870034
1260,0.0
126003,0.5117529458957238
126006,1.6201132060932817
126014,0.9226643420481128
126017,0.4036507077159547
126037,1.097959238648188
126068,1.467912510921925
126069,1.100950747245182
126070,1.3400884582108823
126074,1.1503313574723777
126075,1.7755162856947493
1261,0.0326656794165476
126119,2.181998708628943
126123,0.0
126129,0.3104926639711026
126133,1.8675717463448591
126147,0.2578862886323496
126170,0.499257357044862
1262,0.0475538868142473
126204,0.0
126205,0.0
126206,0.0
126208,2.0114622992715456
126231,0.5454066152498979
126235,0.0914418297097786
126248,0.6393077832466076
126259,0.0555827213422205
126272,0.8068647723146359
126282,1.375616330914148
126295,0.350100378003441
126298,1.8486480609885392
126299,1.9755769559470504
1263,1.6145641798412935
126306,0.1047757771404354
126308,2.2727864140667835
126321,1.84534057547909
126326,1.0059544926393946
126328,1.1683225506588886
126353,2.383819985539563
126364,0.9354571697209242
126370,0.0294552189612712
126374,0.8126424315438165
126375,1.399865031097122
126382,2.3552457532989934
126393,0.650922096525006
1264,2.0281741414472583
126402,0.0
126410,1.1832183820536335
126432,0.935688396758238
126433,0.2456330041876151
1265,2.345975025088096
126520,0.229730058806874
126526,1.7337592027611102
126536,0.0
126541,0.0
126549,0.330135385465491
126567,0.215268792123166
126568844,0.0
126568847,0.0
126568848,0.0
126568849,0.085446105720894
126581,0.0
1266,2.5942525749800427
126626,1.4684872901273045
126637,0.0
126638,0.0
126661,1.0432103210236805
126668,0.1692329654664143
126669,0.5509857258876966
126695,2.068541123519342
1267,2.3852235769454566
126731,1.8446201294800344
126755,0.0947954893080635
126767,0.0
126789,1.6813028284968896
126792,1.857501998420808
1268,0.1018311809447803
126811,0.0
126820,0.053631538511365
126823,2.074119010857331
126859,0.0463724718392014
126868,0.0434116529118274
1269,0.0270393423001977
126917,1.3888037179187398
126961,0.0215782561623971
126969,1.0577486503833713
127,0.057140405596366
1270,0.3634809981927294
127002,0.636943156737057
127003,0.2080197009600495
127018,1.9403485454583027
127059,0.0
127062,0.0
127064,0.0062213260747212
127066,0.0
127068,0.0
127069,0.0
127074,0.0666185243177208
127077,0.0
127086,0.0
127099,0.0975798800301689
1271,0.4116585521766364
127124,0.0
127138859,0.0
127138860,0.0
127138861,0.1515524834278699
127138862,0.8416557359100335
127138863,0.9818841790309442
127138864,0.0
127138865,1.4800819532522678
127138867,0.0
127138868,0.3394987165389233
1272,0.7535916895248096
127247,0.0
127253,1.695780174631794
127254,0.0080788886488122
127255,0.1946393048600189
127262,2.2573164568009627
127281,2.0438985980255646
127294,0.170251127831315
127343,0.5447840249395133
127379681,0.0
127379682,0.0
127379683,0.0553878071845259
127379685,0.1091730934233686
127379686,0.1108160684965277
127379687,0.0
127379688,0.0
127379689,0.0
127379691,0.0
127379692,0.0
127379693,0.499257357044862
127379694,0.0
127379695,0.1398421038439008
127379696,1.256549597903359
127379697,0.0
127379698,0.0
127379699,0.0
127379701,0.0
127379703,0.0
127379704,0.0
127379705,0.0
127379706,0.0
127379708,0.0
127379709,0.0
127379711,0.0
127379712,0.0
127379713,0.0
127379714,0.0
127379715,0.0861979419229091
127379721,0.0
127379725,0.0
127379726,0.0
127379728,0.0
127379729,0.0
127379730,0.0
127379732,0.0
127379733,0.0
127379734,0.0
127379736,0.0
127379740,0.0
127379741,0.2872712788607249
127379742,0.4021396978440272
127379743,0.0
127379744,0.0
127379745,0.0
127379746,0.0
127379747,0.0
127379748,0.0
127379749,0.0
127379754,0.0
127379755,0.0
127379757,0.0
127385,0.0
127391,0.0
127396,0.7207207770327619
127406,0.0398448655326076
127428,0.7374366257056141
127435,2.0727552053964264
127460871,0.0
127460872,0.0
127460873,0.0
127460874,0.1405459622981713
127460876,0.0
127460877,0.0
127460878,0.0
127460880,0.0
127460881,0.0
127460882,0.0
127460883,0.0
127460885,0.0
127460886,0.0
127481,0.0
127482536,0.0
127482537,0.0
127482538,0.0
127482540,0.0
127482543,0.0951672823362936
127482545,0.0
127482546,0.0
127482547,0.0
127495,0.3618876446659664
127525787,0.0
127525788,0.0
127525789,0.0
127525790,0.1033047896802982
127525791,0.0
127525792,0.0
127525793,0.0
127525794,0.0
127525795,0.0
127525796,0.0
127534,0.0248187083181388
127540,0.0
127544,2.2780678462919175
127545,0.3792337972640885
127550,0.0
127566421,0.0
127566423,0.0
127566424,0.0
127566425,0.3401827198023176
127566426,0.0
127566427,0.0
127566429,0.0
127566430,0.0
127579,0.6171689931630995
127602,0.952563834811672
127608,0.0
127617,0.0119871284396815
127623,0.0
127665,0.0759903776592968
127670,0.054997842915243
127687,2.114529175336271
1277,3.3766390159238213
127700,1.5833988681436804
127703,1.9054465098017743
127707,0.0740862832627668
127731,0.0388514046163894
127733,1.1742974391058445
127748585,0.0
127795,0.0
1278,3.2810122656703338
127814295,0.4878925008671732
127814297,0.0
127829,2.821509576039821
127833,0.0227948798627598
127841,0.3026375512736929
127845,2.080228455612574
127882475,0.0
127898561,0.0
127933,2.7025466223501637
127943,0.1644645680444395
128,2.417856057573507
1280,2.5673979538107807
128025,0.0
128031833,0.0
128031834,0.0
128031835,0.0
128031836,0.0
128031837,0.0
128061,1.6251351506016316
128071539,0.0
128071540,0.0
128071543,0.0
128071544,0.0
128071545,0.0
128071547,0.0
128077,1.5357582025293686
128092246,0.0
128092247,0.0
128092248,0.0
128092249,0.1610413402968344
128092250,0.0
128092251,0.0
128092252,0.0
128092253,0.0
1281,3.3318531091959342
128125814,0.0
128125816,0.0152643844692303
128125817,0.0
128125818,0.0
128125822,0.1277830120988136
128136,0.0
128153,0.8853363188631148
128178,1.1027470260650385
128193286,0.0
128193289,0.1926623749725581
128193290,1.853258917757011
1282,2.708260389362151
128209,0.0336664500279098
128218,2.0506535954510343
128229,0.8534848857854838
128239,2.2880349147137204
128240,3.0217748004070932
128266842,0.0
128266843,0.0
128266846,0.0
128272,1.6532062400509424
128308,2.5687529118025076
128312,1.1215962430361648
128322,0.0
128338,1.9272867829829183
128344,0.3224780060156172
128346,1.2470892149163464
128360,0.0
128366,0.0
128367,0.0
128368,0.0
128370,0.0
128371,0.0
128372,0.0
128385369,0.3592246400101575
128385372,0.1555340154263538
128385375,0.0
128385376,0.2139848555672504
128385377,0.0
128387,1.7650320511265063
1284,2.5086647014547285
128408,0.0
128414,0.1173554320033511
128434,0.0362629122582597
128439,1.5930443288396854
128486,1.5059727481018887
128488,0.129745813935983
128497,0.8130631807969592
1285,0.0390501905320824
128500,0.0532407567944813
128506,0.0
128553,0.8734504774593136
128580,0.3515837589493132
1286,0.1270681007161791
128602,0.0
128611,0.0366616595234452
128615,0.0
128637,2.121152162026527
128646,0.0
128653,0.0
128667224,1.2100996126777313
128667226,0.2445517554898116
128667229,0.4264466450633953
128668,0.0
128674,0.0080788886488122
128676,0.0
1287,1.9618000449538775
128706665,0.0
128706666,0.0
128709,0.0
128710,1.6521429635296163
128718,0.0
128756,0.0
128760,0.0725598717535938
128770,0.0
128790,0.0
1288,0.3506401217746132
128817,0.0
128821,0.8876495147378523
128822,1.6670674856253742
128826,0.0
128853,0.66093790135437
128859,0.0
128861,0.0
128862,0.0
128864,0.3006253282448439
128866,3.0433210758696365
128869,2.2820279713848164
128876,0.0113712320035829
1289,2.680120020400592
128954,0.0175101773978301
128966558,0.0
128966594,0.0
128966682,0.0
128977,1.972913442614585
128989,1.049614786764815
128997,0.0
1290,2.8258132427782896
129025,0.0
129049,0.3537362857810169
129080,1.0021814957793524
129099,0.0
1291,3.028133612501761
129138,1.7144425901314295
1292,3.048446879538577
129285,1.7860150975642684
129293,0.0973945447953161
1293,2.8750086348224637
129303,1.9803022959511976
1294,0.9767156513043166
129401,1.7548211329416628
129446,0.0
129450,1.0785410727126623
1295,2.206942458049104
129521,0.0
129530,0.57715508338035
129531,1.3802691738612138
129560,0.0
129563,1.5693559374600892
1296,2.1871613315668887
129607,1.4166079605715862
129642,2.246116983290932
129656,0.0
129684,0.0
129685,1.4197110031952196
1297,0.0058079828238362
129787,1.6224710666005588
1298,1.9378147789559328
129804,1.233104875467143
129807,0.0240097576149657
129810495,0.2988964149213926
129810498,0.0
129810500,0.7010948298440308
129810502,0.4714266897038167
129810503,0.0
129831,1.5176609519128277
129841,0.0
129852,0.0260306859239784
129868,0.0
129870,0.0
129880,0.9268992988329472
129881,0.5070648876752196
1299,0.1184402978192798
13,0.0219839916622789
130,0.0633423431029015
1300,2.73184597755325
130013,0.1901843659990476
130026,1.0955283143309256
130074,2.333473406663318
130075,0.0
1301,2.409358893194322
130106,0.0
130120,0.0
130132,0.7395558837329735
130162,1.0220697828196792
130195,0.0
1302,0.0916285002418245
130271,0.5341165669762832
1303,2.614964396619743
130340,0.9123696126972068
130355,2.0611897952126
130367,0.265298552533264
130399,0.112273749424129
130429,0.0
130453475,0.0
130497,0.7818337942675402
1305,0.5387376464866304
130502,1.5620196550734369
130507,2.0933627362029923
130535,1.718971362704462
130540,0.2477910822028433
130557,1.7900424787833396
130560,0.0
130572099,0.0
130574,1.895164337860339
130576,2.10724636767913
130589,1.5603230417483849
1306,2.325892081564783
130612,1.6293311492555969
130617,1.8697842564599825
1307,1.8912119454969636
130700,0.0567512557756906
130728,0.0475538868142473
130733,0.6887026028788619
130749,0.1341893368520052
130752,0.3596246833723068
130773,0.0635354152782802
1308,1.6141082397029167
130813,0.2411439078222737
130814,2.251731261181685
130827,0.7452523147925135
130865,0.0
130888,1.3304169908826469
130916,1.4152581956178722
130932198,0.0
130932201,0.0205630661837875
130940,0.3878889805904448
130951,1.6417547788500044
131,0.0453866897349848
1310,0.0
131034,0.0221867865316464
131054,0.0
131076,1.973798674688063
131096,0.0234025367070836
1311,2.8520206880374435
131118,2.1447355239677757
131149,0.0
131177,0.2808029335446761
131183827,0.0
131185,0.0290530521054448
1312,2.159661809091318
131368,0.0998006737938156
131375,0.0
131377,0.0
1314,2.755989367474281
131405,0.0164900995891271
131408,1.5402780372090463
131450,0.1131834935159202
131474,2.1728031434883577
1315,2.5947470438917746
131540,0.0436093653522559
131544,0.6015311719262784
131566,1.9007490065847037
131578,2.306832664027557
131583,1.1616920258839123
1316,2.6932622369370662
131601,2.0530799331781724
131616,1.335862982315836
131669,0.0
131675794,0.0704564866776887
1317,1.9902439716336644
1318,0.0428182367483027
131831,0.0
131840634,0.2149480012246582
131870,1.952153168275467
131873,0.1982511050965841
131890,0.0
131920,0.0
131965,1.5573346792418696
131973,0.0
132,1.9192252174662925
132001,1.335346742975754
132014,1.0529579691274311
132112,0.0
132141,0.0
132158,0.4813504659486741
132160,1.9030379905991293
132200,0.1416006154108587
132203,0.0871367817651098
132204,0.0089031710875008
132228,0.2011941885601803
132243,0.0
132243159,0.0
132299,2.6485974636715888
132320,1.0522908412201055
132321,0.807854836301682
132332,0.0799748722352531
132391,0.0
132430,0.3210775613859247
1325,0.2394344754937768
132532400,0.0
132542979,0.0
132542980,0.0
132542981,0.0
132542983,0.0
132542984,0.0
132565736,0.0
1326,1.3184352567262752
132612,0.0
132625,0.0136273381928503
132660,1.7605263164118363
132671,0.4881170488981507
1327,2.563518363833659
132719,0.0
132720,2.3259871556632006
132724,0.0
132789,1.7286874275950563
132851,0.071221967357895
132864,2.135004882720266
132884,0.594596755397657
1329,2.844260882212903
132946,0.4371082228580303
132949,1.4768993379385686
132954,0.0392489295621294
132989,0.046363236866170096
133,1.7447769964831763
133015,0.946118951808649
133022,1.7418097295756385
133039958,0.0
133039959,0.0
133039961,0.0
133039962,0.0
133039963,0.135252207441062
133039964,0.0
133039969,0.9127894702242866
133039970,0.2096362928752736
133039974,0.0
133060,0.0
1331,0.0
133121,0.1827042983389634
133150,0.0
133308,0.9337781916667532
133332,0.0
133383,1.525489126373828
133395143,0.0
133395144,0.1883623024484596
133395146,0.0
133395147,0.0
133395148,0.0
133395149,0.0276439590910099
133396,0.0168982779780871
133418,1.246039149072724
133482,0.0
133491,0.0635354152782802
133522,0.246404421848082
133558,0.0
133569,0.0
133584,0.9712302590848978
133619,2.272825712527321
133629,0.0
133686,2.037897205517951
133688,0.0
133690,0.9707390643669548
1337,2.7482894458860794
133746,1.5824756163719138
133748,0.0
133790,0.0
133874,0.06565627325421
1339,0.0733234266047182
133923,0.2270483524983386
133957,1.512498721423175
134,2.325037727493562
1340,2.981629238663522
134006662,0.2279958687871773
134082,0.0
134083,0.0
134111,0.2747271446341556
134121,0.9750372493755208
134145,1.8523446392378309
134147,2.350961570988421
134187,0.0171022935190702
134218,2.141768031595011
134265,1.295671808474164
134266,2.077371670930224
134285,0.0828093123943021
134288,0.0
134353,1.412819517611013
134359,1.773038859310626
134391,0.0
134429,0.7794766540989471
134430,1.8380008987777003
134490,0.0
134492,1.5144938100467904
1345,3.4680102889268274
134505,0.1038567167187382
134510,1.9647045330451351
134526,0.0
134548,0.2648467394595812
134549,1.669541308860064
134553,2.2813452172581052
1346,1.8899145252106495
134637,0.6714169620851462
1347,2.69217869286794
134701,0.0
134728,0.3961922217855013
134756,0.0
134829,0.0
134860,0.0
134864,0.0
1349,2.5645471799252353
134957,1.275984844336688
135,0.2890261264122564
1350,2.953981523831566
1351,3.0024367580528857
135112,1.4458167476921144
135114,2.198897820627222
135138,0.1401941087850785
135152,0.0428182367483027
135154,1.8629633881608785
1352,1.4131404181504503
135228,1.6833500262851977
135250,0.0238073990491231
135293,0.8400440039142266
135295,0.0835635353418218
1353,2.1448979528897776
135398,2.4057847409178637
135458,0.6872646132482431
1355,1.9695281982765311
1356,0.1454560752901778
135644,0.0
135656,0.0064279224007442
1357,0.0
1358,0.0
135886,1.027711293144245
135892,0.0
1359,2.433163329315551
135924,0.0342663432615378
135927,0.0
135932,0.2742807210695635
135935,0.0
135941,0.0
135942,0.0
135946,0.0
135948,0.0
136,1.0492794282952678
1360,3.821604319741287
136051,1.7793180459986966
1361,0.0422244019181622
136157,0.0
1362,2.4298559369804695
136227,0.0565566131007352
136242,0.0
136259,0.0402419221072167
136263,0.0
136288,0.0
1363,2.527451767862058
136306,0.0555827213422205
136319,2.8157955644434747
136332,0.3160148614633159
136371,0.0
1364,2.8473527662117624
1365,2.809730044177771
136541,0.0
1366,2.737815222062008
136647,1.5473356739946529
1368,1.031821413450989
136853,0.5006931816122143
136895,0.6551056450545139
1369,0.0
136991,0.0
1370,0.0465694896604753
137012,0.0
137075,1.5528258453089658
1371,1.8168187921682677
137107,0.0
137196,0.0
137209,1.214497995052683
1373,0.3506401217746132
137362,0.0
137392,1.20204209089769
1374,2.1173656039727473
137492,2.0499590715111853
1375,0.0346660352741282
1376,0.8621831279064538
137682,1.804543534166408
137695,1.7612883639139074
137735,0.0
137797,0.0590834488965626
1378,0.0282481437700031
137805484,0.0
137805493,0.0616026860516921
137814,0.0
137835,0.2825723370389634
137868,0.0
137872,0.3020631612903438
137886,2.0484974901950865
1379,0.0
137902,0.0272409292764164
137933868,0.0
137964,2.0605977700080365
137970,0.0
137994,0.5161949222768677
1380,0.0710306629776471
138009,0.0
138046,1.129250735846879
138050,2.466838193392986
138065,0.0850699324727219
1381,0.2577342898365512
138151,1.3119661132291227
138159,0.0
138162,1.3058116862440754
138199,1.7620256792676066
1382,3.282233841294348
138234,0.0
138240,0.0
138241,1.108492629770038
138255,0.0
138307,0.0
138311,1.0868717823396177
1384,2.6362991136576857
138428,0.1005396165825761
138429,0.7719811645558303
138474,0.0
1385,1.9788756301758936
1386,2.211171197353962
138639,1.2862177863442243
138652,0.0
1387,2.250492448144595
138715,0.1651474855524761
138716,2.4129427431208543
138724,0.0
138799,0.0
1388,2.591938299455459
138802,0.0
138803,0.0
138804,0.0
138805,0.0
138842257,0.0
138842259,0.010754888621307
138842260,0.2003777465210845
138842261,0.7071248976131833
138842262,0.0
138842265,0.12867577671514
138842266,0.2465586152299185
138842268,0.0
138842269,0.0583067721494003
138864,0.0
138881,0.1622411114790308
138882,0.0318642078034075
138883,0.0
1389,2.5751747583434894
138948,0.0332662841654657
138971,0.0
1390,1.6689927435106149
139060,0.0
139065,0.4291263621006556
139067,0.059277505632032
139081,0.0130126308322217
139105,0.0
139135,0.0
139170,0.010754888621307
139189,0.0144462560950847
139198561,0.8916308366340404
1392,0.0
139212,0.0
139221,0.6860781047721852
139225793,0.2240404280203549
139231,2.2613957255597317
139281638,0.1055102904479631
139281640,0.0
139281641,0.0
139281643,0.0
139281645,0.0
139281648,0.0
139281650,0.0606346453732357
139281654,0.0
139281663,0.046963386855558
139281666,0.0
139281668,0.0
139285,0.9472545124229752
1393,0.1477257762004251
139322,1.7785198897074992
139324,0.4020136433595122
139341,2.189360545611436
139355198,0.1820360353720198
139355203,0.0
139355210,0.1468535609837009
139355214,0.0
139355215,0.0738956344925407
139355216,0.5812108322605674
139355217,0.0
139355220,0.282277714016631
139355222,0.14563089186569
139355228,0.0
139355230,0.0
139355231,0.2386562415205864
139355238,0.2125379587842801
139355239,0.0
139355241,0.0
139378,0.0
1394,0.0
139411,0.0623763134303502
139420,0.0
139422,0.0
139425,0.0
139432815,0.0342663432615378
139452,0.0801641354811421
1395,0.0372594270725486
139562,0.0
139596,1.828724792707168
139599,0.0314631865193807
1396,1.4894232516061097
139604,0.0
139628,0.0
139629,0.0
139637961,0.0
139637965,0.0
1397,2.651210853804954
139716,0.3741498450981821
139728,0.1007242492434112
139735,0.2450153285415904
139741,0.0
139748,0.0
139760,0.0
139793,0.0
1398,2.2768576581308757
139804,0.0
139818,1.051527487460334
139886,1.6788789877158818
1399,2.552950292793472
139952,0.0
14,2.8277544757965716
140,0.924550100130564
1400,1.3763593730288692
140032,0.0
1401,0.052263005646635
140100,0.0
140101,0.0
140258,0.0
140290,0.0215782561623971
1404,0.0173062599854029
140432,0.0258288102084853
140453,0.0
140456,0.0
140458,0.0
140459,1.928796873867397
140460,1.870272294778552
140461,2.202538212915345
140462,0.4532903606930506
140464,0.0
140465,1.8455516683196875
140467,2.2763077377034593
140469,0.0175101773978301
140545,0.3134710427387107
140564,0.0818655711838594
140576,3.0448452691335635
140577504,0.0
140577505,0.0099324012091867
140577506,0.0
140577507,0.0
140577508,0.0
140577509,0.0
140577510,0.0
140578,0.0115765804481612
140596,0.0
140597,0.1371972284494705
1406,0.0
140606,2.2909319661391923
140609,2.3776966371274466
140612,0.4626467110929663
140625,0.0
140628,0.0
140660,0.2007044229568114
140679,0.0
140680,2.28870684241705
140683,0.0
140685,0.6257388822740194
140686,0.3601577487070311
140687,0.129924017888448
140688,2.0265036570316384
140689,0.5515001186306734
140690,0.0
140691,1.5791859563717408
140696,0.2226116503176634
140697,0.0
140699,0.592658352752789
1407,1.902604586275399
140700,1.7520896228242644
140701,0.0
140706,0.4724595249391337
140707,2.0602709213531907
140710,2.252846787780362
140711,0.0681558255976688
140713,0.2557556363801945
140714,0.0
140715,0.0
140716,0.0
140730,2.246650287054257
140731,0.0
140732,0.0
140733,0.4875555495384593
140735,2.7236276987243646
140738,1.1717057595655782
140739,1.773357864604325
140748,0.0
140749,0.0
140752,0.1430047064851852
140753,0.0
140754,0.3107768124017167
140755,0.0
140756,0.0
140758,0.4828218725218858
140759,0.0
140760,1.0669824198019044
140761,0.1423029624369139
140766,0.9856254392880216
140767,0.0
140771,0.0731326033913595
140775,1.7332346730611996
1408,1.9351340098208147
140801,0.1302803097110695
140803,0.0308612972995617
140807,0.0
140809,0.0282481437700031
140823,2.838430786767812
140825,0.2191082719804654
140828,0.0
140831,1.3634983487683023
140832,0.1354292185439032
140834,0.0
140836,0.0
140838,1.530884421856909
140848,0.0
140850,0.0
140851,0.0
140856,0.0
140857,0.0
140862,1.5116700605103464
140870,0.0882619910836516
140873,0.0
140875,0.0
140876,2.040979970505219
140880,0.0
140881,0.0
140883,0.1265315084029311
140885,1.8186545874443023
140886,0.3113447971994957
140890,1.821347523819532
140893,1.554512425934843
140894,0.055972413796195
140895,0.0
1409,0.0
140901,2.1139218723865163
140902,0.0
140909,0.0
140913,0.0
140921,0.0569458532680942
140947,0.0
141,1.33755154728716
1410,1.8403097664594747
1411,0.0
1412,0.0483405753318879
1413,0.1247403313498729
141374963,0.0
1414,0.3526607791358305
1415,0.2126988543900615
1417,0.0807316672117631
1418,0.0
1419,0.0
142,2.2985794278709264
1420,0.0
1421,0.0
1424,0.0
142678,1.0695810331576563
142679,0.3422310834944084
142680,0.2199058457810981
142683,0.0635354152782802
142684,0.085634128532859
142685,0.0639214260144302
142686,0.5005828339838213
142689,0.0
1427,0.8505149022747734
1428,0.4407082484194444
142827,0.0
142891,2.0781592402860225
1429,1.8219977546674289
142910,0.0542173700425294
142940,2.243850031693378
143,2.369041006900789
143098,2.039594105936114
1431,2.608572851898342
143162,0.0569458532680942
143187,1.4040525016505916
1432,2.260286417348986
143241,0.0
143244,0.1778468215978626
143279,1.9463175922440616
143282,0.3614887857873177
143341,0.0
143379,2.3289180770747104
143384,2.1303994020797035
1434,2.8018099872290043
143425,2.322268739390111
143458,2.81285785385344
143471,0.0
143496,0.0316637209677261
1435,1.685721999141964
143501,0.0
143502,0.0
143503,0.5463394884682484
143506,0.0
143570,0.8021056942679596
1436,1.2586076508721564
143630,0.2439332358021009
143662,1.5398203373612402
143678,0.0463724718392014
143684,1.375642886584791
143686,1.095085233800846
143689,0.1268892755676334
1437,0.0
1438,0.31591130298186393
143872,0.6335641674934566
143879,0.809619075423404
143884,1.73999253002783
143888,1.977685003938648
1439,1.0042518118095536
143903,1.3280656122350232
143941,1.2157175697152445
144,0.0236049920866109
1440,0.0475538868142473
144097,2.007158744921333
1441,1.120960806517047
144100,1.595357052810251
144108,2.193278185455665
144110,1.3933391035232447
144124,0.0
144125,0.0
144132,0.458684727480093
144165,0.9382262197448616
144193,0.5647459923762349
144195,0.0128076294222381
1442,0.0
144203,0.954697243545128
144233,1.0776283703123777
144245,1.1897890009198475
1443,0.0
144321,0.8401784691601663
144347,0.7551246210430511
144348,2.663128202886633
144360,0.0
144363,1.9865972075050484
1444,0.0
144402,0.7963774247278423
144404,1.1090986796600424
144406,0.3039283797512765
144423,0.0306605722017031
144448,0.0
144453,0.0
144455,1.0066239283129634
144481,0.0925612234809782
144486,0.3221981199986085
1445,2.318175545436622
144501,2.428732485047979
144535,0.0648856742777243
144568,0.0396462670429822
144571,0.1962830437178839
144577,1.3474299869621396
144581,1.8490762844438635
1446,0.0
144608,0.7909612619646662
144699,1.8659683692374789
1447,0.0
144715,0.2704010462861587
144717,1.6276889852697662
144742,0.0298571944893556
144766,0.0
144776,0.0
1448,0.0
144809,0.0
144811,0.9913000938181772
144817,0.0
144983,1.298632592935413
145173,1.961828766442555
145195,0.0449920531388688
1452,2.2622518181324556
145200,0.0
145216,0.0
145226,0.073704942137793
145235,0.0
145258,0.4693566594925347
145259,0.1491193842892281
145264,0.4762342217943778
145270,0.8118001159009243
145282,0.9267820491655816
1453,2.48724247667556
145370,0.0
145376,0.776740656725372
145389,1.3409124452344248
1454,1.996143104194456
145407,0.8719169892663735
145447,0.3248529526034982
145482,0.4578663800900948
145483,1.6640837828238717
145497,0.0
1455,2.256815716189988
145501,0.0
145508,1.0887120036663227
145553,0.0332662841654657
145567,0.9064618682502084
145581,0.189356665990483
1456,2.1720237710892687
145624,0.0
145645,0.0
145694,0.3410027208275318
1457,1.9229357807149496
145741,0.0410354741801234
145748,0.7388502100841657
145767,0.980703589960058
145773,0.8179519072896464
145781,0.7186219760230884
145783,0.6904747633538331
145788,1.7751194990373125
145814,0.0643072587180317
145820,0.0344662129356738
145837,0.3922435953642581
145853,0.796736914944972
145858,0.0
145864,1.1847735904228556
145873,0.4148875049406991
1459,1.378397230826051
145942,0.0
145946,0.0473570995805846
145957,0.0824319443491516
145978,0.1200649205425508
146,0.8128528401855872
1460,1.8057693634304637
146050,1.8305389536037189
146053,0.58827737766422
146057,0.89038936760094
146059,1.8370717820805176
146110,0.2267322630732208
146167,0.0356644376201233
146177,0.2144665734113071
146183,0.0467664613262632
146198,1.6883028670261315
1462,2.4896665484830915
146206,0.2126988543900615
146212,0.0146508621545966
146223,1.6868894003928026
146225,0.1173554320033511
146227,0.445956941528477
146279,0.4116585521766364
1463,0.0154687933557568
146310,0.0
146325,0.0
146330,2.3774366953266544
146336,0.0
146378,0.0921882600032804
146395,0.0197500372972908
1464,1.5372567707315188
146429,0.0400434172142254
146433,0.8266598699462594
146434,1.1915506614681692
146439,1.8655391291595576
146456,0.3719230718394904
1465,2.5157469990606853
146512,0.0181216355189445
146513,0.0
146540,1.534119795341802
146542,1.5830158521998812
146547,0.288587783888642
146556,0.3625519464706961
146562,0.7118779083308554
1466,1.093709535205267
146664,0.033066130062972
146691,2.068118141251843
146705,1.4396974898463195
146712,1.3475140978649411
146713,0.0037382490083226
146722,0.5895457875063634
146723,0.0
146754,0.1603549607351917
146760,2.142051298966702
146779,0.0
146795,0.0
1468,2.0283431981182343
146802,0.0213753154909553
146822,0.3685047589206305
146845,0.0234025367070836
146849,0.0
146850,0.5101210121105844
146852,0.0264342928541542
146853,0.0
146857,0.3389510753047519
146861,0.0
146862,0.0374585887741673
146894,0.2484065966980257
1469,2.6324293848880855
146909,1.9823984170027444
146923,2.3722410040132935
146956,1.1232028803247407
147,0.5636346616005768
1470,1.9393765302572896
147007,1.6453453913197231
147011,0.4082906420820218
147015,1.4168039905514016
147040,1.847589872608119
147081,1.0571814892145317
147093,0.0
1471,3.0004410363105634
147111,0.1267104114681807
147138,0.372316506026384
147179,2.171901837145219
147183,0.0
147184,1.804543534166408
147199,0.0
1472,0.6731480242939856
147276,0.1073437223162539
1473,2.171531710696738
147323,0.1428293269526154
147339,2.055866507694375
147372,0.1606982229626605
147381,0.0260306859239784
1474,1.2045703663324154
147407,0.0274424681999785
147409,0.0
147429,0.0693069482704467
147463,1.4985896861370929
147468,0.0
147495,1.302096750398423
1475,2.6611856196692893
1476,2.6027008510529583
147645,0.2890261264122564
147646,0.0481439722271771
147650,0.8477304513747705
147657,1.8284449884914984
147658,0.0639214260144302
147660,0.1003549427233438
147664,0.0
147670,0.0814877748095437
147685,0.445956941528477
147686,0.7082752380473739
147687,1.238940835137888
147694,1.4766386219279166
147699,0.2634897422815651
1477,2.174417241824095
147700,0.7580274879864256
147710,0.0
147719,0.0
147727,1.9562969629599996
147741,0.0119871284396815
147744,0.0
147746,0.3456329258702239
147798,2.6432365373418
1478,2.266942961789414
147807,1.920550976072024
147808,1.2944332856368597
147837,1.351646821358102
147841,1.9973828533231544
147872,0.0064279224007442
1479,2.019407026959887
147906,0.8974332309499904
147912,1.4590746908580183
147920,1.135152769160437
147923,1.451176072599839
147929,0.8508455808465734
147945,0.0
147948,0.5445763746938326
147949,0.3671859248799617
147965,1.7402631350913766
147968,0.189356665990483
147991,1.7656702357397258
148,0.041828279182458
1480,0.2226116503176634
148003,0.0
148014,0.1926623749725581
148022,2.237601626750535
148046,0.9225462925314822
148066,0.0
1481,0.0
148103,1.055287010094529
148109,0.114273863088368
148113,1.2942782681930352
148137,1.379030762345812
148145,0.0
148156,1.5528815423433362
148170,1.2628648693055664
148189,0.7134276891590946
148198,0.0109603861112779
1482,0.0
148203,1.3204462832948682
148206,1.4680230972864707
148213,0.859318593441616
148223,1.907626588548378
148229,0.1680434911261384
148231,0.0
148252,1.9587507490246256
148254,0.8417228038927117
148266,1.2062859597030149
148268,1.0463489609202627
148281,0.0211723261778742
148304,1.3548355826445575
148327,2.7611853166662255
148345,0.0396462670429822
148362,2.4500631868413203
148398,1.4503746901492076
148413,1.6020097859105331
148418,0.465083235124783
148423,1.5711991317660494
148479,2.2495862555615536
1485,0.0
148523,1.3889848716348392
148534,1.3799005969005866
148545,0.0927476423604853
148581,0.0
1486,0.7507464219676501
148641,0.2442425560068213
148645,0.1791897340119939
1487,2.2234266207328375
148738,0.0
148741,0.6386719452204884
148753,0.0600532833173621
148756,0.0320646470462866
148789,1.6402028494776069
1488,2.098887238550392
148808,0.3944115281226468
148811,0.0666185243177208
148823,0.2460959449649312
148867,1.6370520795446126
148870,0.0084911297831118
148898,0.407540162703302
1489,1.4753547574254553
148930,0.0
148932,1.221491791628398
148979,0.1962830437178839
1490,2.979643361752428
149013,1.1444222644075768
149018,0.0
149041,1.5053583382590796
149047,0.0
149069,0.2202246523198821
149076,2.082416571163814
149095,0.2852189645943883
1491,0.5889606506120556
149111,0.9859983029726316
149175,1.7132409603879133
149224,0.2178304945613746
149233,0.0
149281,0.1941455275186967
149297,0.2637914993933349
1493,0.2216577078869951
149345,2.074791031056366
149371,1.9839749371566664
149373,0.0
149420,1.9336479396181956
149428,2.1332088192422867
149461,0.1962830437178839
149465,0.0625696085978943
149466,1.842914883623212
149473,1.3978091927193632
149478,0.6769410348397602
149483,0.1850388721625969
149499,0.0782695646180464
1495,2.81430513397912
149501,1.1529424900194667
149563,0.4124049294806126
1496,0.0189362275154237
149603,2.902811551820688
149628,0.0981356370534185
149643,0.0687315852068485
149647,0.0
149684,0.0
149685,0.0
149699,0.0
1497,1.499751989216594
149708,0.0
149773,0.1452812212828696
149775,0.0
149830,0.0
149837,0.7409650008285099
149840,1.0972972671516723
149844,0.0621829736100838
1499,2.678227801889997
149935,0.0687315852068485
149950,0.0
149951,2.411283440665227
149954,0.0
149986,2.598412292226304
149998,0.5075022647920432
15,0.0
150,2.1398589543706756
1500,1.616415875331619
150051,0.6143515853416084
150082,0.8141838500226452
150084,0.3596246833723068
150094,1.7854840762039634
1501,1.5346986961061548
150135,0.0816766944344988
150142,0.1341893368520052
150147,0.0332662841654657
150159,0.2241990231746858
150160,0.0
150165,0.0
150197,0.0168982779780871
150209,0.2525488374796599
150221,0.0
150223,2.385775166046542
150248,0.0334663908138561
150274,2.096554960956499
150275,2.6956395189733175
150280,0.0
150290,1.0610462744462537
150291,0.1001702276495741
150297,0.0
1503,1.3748988102789512
150350,0.0788383885327216
150353,0.0140368959186701
150356,0.2406780642448516
150365,0.1331250857566386
150368,1.907280549961663
150372,0.4889024246040634
150379,0.0
150383,1.5975233039930952
150384,0.1115452309313575
1504,0.0
150465,1.632081206358964
150468,1.5756962255162212
150472,1.2236504685432354
150483,0.0162859366995967
150538,0.1980872839056782
150568,0.0150599263207783
150572,0.0388514046163894
150577,0.0
150590,1.636773024536066
150596,0.0
1506,0.0
150677,0.3584239240955883
150678,2.63858942458194
150681,0.0324653828330247
150684,2.0239351261896545
150696,2.056342916238262
150709,0.4831610087974954
150726,1.44860710122722
150737,1.7280429762649052
150763,0.1075268419004856
150771,0.3337289425017358
150786,0.1012779001967963
1508,2.8534445152850503
150864,1.7623296004614466
1509,2.589833770020776
150921,0.0614091674392234
150946,0.7975270990851785
150962,1.415159890397618
150967,1.4526609432158506
150992,0.0
151,0.314178497218857
1510,0.0396462670429822
151009,0.0461754078434364
151011,2.209975059809046
151050,1.0939316422281034
151056,0.1177172127846447
1511,1.1054528203966416
151112,0.0
151121,0.0
151126,0.6877724854873465
151171,0.0358639763576893
151174,0.018529029376588
151176,0.5836725015206955
151188,1.7178338247008076
151194,1.2803942685704544
151195,1.433763191801227
1512,1.5485362137456875
151230,1.6502348123482675
151242,0.0219839916622789
151246,1.8125625949326083
151254,0.2345970813119669
151258,0.1491193842892281
151278,0.0
151295,0.0860100466169922
1513,2.3348984825047503
151306,0.2125379587842801
151313,1.5171011961802752
151354,0.7414340472155031
151393,0.4040279867096877
1514,2.2090231714280772
151449,0.0270393423001977
151473,2.2084200374865146
151475,0.0126025784990239
151477,0.6074481687994394
151484,0.0
1515,0.6467130586343428
151516,0.8115191015695715
151525,1.9558962168867635
151531,0.036063467897197
151534,1.722673758192898
151556,1.258276234119413
151613,1.6963240506027972
151636,2.337045395439753
151645,0.4820299437065862
151647,0.0
151648,1.235909748810765
151649,0.330550882940382
151651,0.1288542131717881
151658,0.0
151742,0.8011068633445484
151790,0.0364623094604789
151825,0.0
151827,0.2677038505933879
151835,0.0306605722017031
151871,0.0
151877,0.0934928992017695
151887,1.997690528654302
151888,0.0392489295621294
1519,2.4911613909791708
151903,1.9855450370607988
151963,1.8029424857580847
151987,2.389548258553605
152,0.1089903385970567
1520,1.8920603163090608
152002,1.9499463059656177
152006,2.21545952091694
152007,1.7907318820687184
152015,0.1989060560900838
152024,0.0
152048,0.5861256368395884
152065,0.0164900995891271
152098,0.4536433688452947
1521,0.5299956661121584
152100,1.4006749361834945
152110,0.109721115265514
152118,0.0
152137,1.8917434569402083
152138,0.0
152185,0.8551946209982849
152189,2.578860514295555
1522,2.921321218615276
152206,0.0252228938178094
152217,2.2927411189376983
152225,0.0
152273,1.2417843993487576
152274,0.0
1523,2.046202244761284
152302,1.698046457674185
152330,0.2399010497591375
1524,0.2613741992254882
152404,0.0290530521054448
152405,0.0
152485,1.442289277726985
1525,0.7134276891590946
152503,2.0889702206153165
152518,1.5446989087820495
152519,0.4065383565242155
152559,0.7297671899291504
152573,0.0602471155158791
152579,2.0996198635662267
152586,0.0318642078034075
152641,0.0792173887819751
152663,0.1979234293138989
152687,0.9325595386544044
1527,0.0
152756,0.094423529467826
152789,0.0
1528,1.8658314266451228
152815,1.4661841546820276
152816,0.0175101773978301
152831,0.1979234293138989
152845,0.0
152877,0.6874339460386998
152926,1.0324133138346074
152940,0.0
152992,1.0031657810707588
153,0.0575293748341413
153020,0.4254698134707198
153090,1.8645144406839704
153129,1.1129796126109348
153163,0.0
153201,0.025020825205399
153218,0.0
153222,1.4116576414102824
153241,1.510515660910317
153328,0.3617547148701902
153339,2.433061142904537
153364,1.4990673960113574
153396,1.6634846669425911
1534,2.842737331974928
153443,1.7748472038928498
153469,0.0
153478,0.0903209239347336
1535,1.632081206358964
153527,2.8040868050103462
153562,2.277355980917955
153572,2.2589780959414982
153579,0.5960470674619985
1536,1.1341595055551164
153642,0.99697446013994
153643,0.0428182367483027
153657,0.266952984640683
153684,0.9336622324779112
1537,2.8816472693231723
153733,2.0219388785533523
153743,0.016081724652309
153745,0.0
153768,1.0672613925178485
153769,0.2118940526257159
153770,0.0366616595234452
1538,0.0
153830,1.6552062213506415
1539,0.0
153910,0.0
153918,0.0
153932,0.0702650067990862
154,0.8083493049405645
1540,1.8980422713757392
154007,1.6350017108039605
154043,0.2960063359606907
154064,0.0
154075,0.0459782976541651
154091,0.2063998406531889
154092,0.0080788886488122
154141,2.142148620004919
154150,0.0171022935190702
154197,0.0784592157513684
154214,0.5464430661679055
154215,0.0996158349795007
154288,0.0
1543,0.0420263638480368
154313,0.0197500372972908
154386,0.0
1544,0.0
154442,0.010754888621307
154449,0.0
154467,2.7306859626415276
1545,1.95264598293584
154661,0.5241438263410313
154664,0.0056012358560772
154743,1.743912111074667
154790,0.2122160704749191
154791,0.3322106364976697
154796,1.7663653580060747
1548,0.9971836044761494
154807,2.3548257957684333
154810,1.6106086241617772
154822,0.0
154860,0.0318642078034075
154865,0.0060146795562324
154872,0.0
154881,1.3947226213898076
1549,0.0138321417599086
154907,0.0
155,0.0126025784990239
1550,0.0
155006,0.125636408067992
155038,1.258905752999641
155051,0.1833720086948557
155054,1.3623825111290664
155061,1.7776300435999506
155066,2.0025864367455353
1551,0.0101380977223869
155100,0.0
155184,0.0
155185,1.1390265208471926
1553,0.0203598820990786
155340,0.0
155368,1.879197183948777
155382,1.925133003873488
155400,1.1935678607182372
155435,1.7781033571064166
155465,3.1463305946888993
1555,0.0380557917082188
1557,0.0058079828238362
1558,0.0140368959186701
1559,0.0177140457770852
156,2.4360649093065345
1562,0.0
1565,0.2559080167354376
1568,0.0920017153720052
157,1.7820720000631676
1571,0.0994309548859968
1572,0.0
157206,0.2562126892250005
157285,2.0595330685089857
1573,2.047403271004394
157310,0.2747271446341556
157313,1.731757613465965
157376,0.0
157378,1.9068352037127527
157381,0.0089031710875008
157506,1.8601584644394875
157567,1.9339255581728867
157570,1.3937494251603293
157574,1.1319599221038796
1576,0.051871586053616
157627,0.0
157638,2.5935659865037253
157657,1.1986530759856004
157680,1.8449661002678892
157693,0.0070474104382352
157695,0.7349161920748244
157697,1.1501300031630903
1577,0.6408495391091865
157724,0.1617271407141531
157739,0.0
157753,0.0144462560950847
157769,2.2453433368351803
157773,1.4168529861847965
157777,0.5400973019034722
1578,0.0
157807,0.0193432301006561
157848,0.0
157855,0.1031207321073816
157869,1.7754369578033924
1579,0.009315012732202
157916,0.0
157922,1.763088465926836
157927,0.0
157956,0.1336573840641972
157983,0.0999854713451175
158,0.3506401217746132
1580,1.2069051900373398
158038,0.0
158046,0.9529573867847556
158055,0.1656592969286946
158056,0.2634897422815651
158062,0.0
158067,0.7209625261000561
1581,0.0
158104,0.352391666129312
158131,0.0
158135,1.2195737541629068
158158,2.260151419458593
1582,0.0086971754034013
158219,1.205593060186641
158234,1.6808106671077825
158248,0.0443997508881444
158257,0.1151814038904759
158293,2.018639822063077
158297,0.0942374869521354
1583,0.0908815660467812
158326,0.24809889929831
158345,0.3794935971895026
158358,2.0471105537852687
158376,0.2279958687871773
158399,0.2505571338541427
1584,0.0
158401,0.0394476217259577
158405,0.855588527680582
158427,1.0769886313830133
158431,0.706137332948042
158434,0.0193432301006561
158452,0.0
158471,0.1872006591820415
1585,0.0
158506,0.0
158511,0.1233045730531342
158521,0.0614091674392234
158572,1.6055912839520383
158584,2.1785817095952966
158586,2.5219799119671635
1586,0.0
158674,0.1144554512135472
158724,0.0
158747,1.7288767916131962
158763,2.3373257722523357
158787,1.0578903556142043
158798,0.0
1588,0.0858221088259321
158800,0.3810505308621166
158809,0.0
158830,0.0
158833,0.0934928992017695
158835,0.0
158866,0.230517079620253
158880,1.2365656092296775
1589,0.0619895891189751
158931,0.1224059489718711
158960,2.1238718647633203
158983,0.0
159,2.2676529412367437
159013,1.6663996877130995
159090,2.33019106121074
159091,0.2497897559461853
1591,0.670028958879094
159119,0.0
159163,0.0
159195,1.8700735347719473
1592,0.135252207441062
159296,0.0
1593,2.362622029415566
159371,0.4056606798125319
1594,0.3531987214182662
1595,1.2309133499173288
1596,0.0
159686,0.0886367224100169
159963,0.2502502720460832
159989,0.0970237498872507
16,2.296613929442567
160,2.338627668919183
1600,0.2577342898365512
160065,0.0
1601,1.824477612907669
160140,0.1885281149238238
1602,1.9668014292945228
160287,0.0671953437318986
160298,0.4823694465515257
1603,3.1459610225742987
160335,1.2881659064168485
160364,0.0434116529118274
1604,2.356453255434964
160410,0.0306605722017031
160418,2.064212590618456
160419,0.0501079362162316
160428,1.11009295595684
160492,0.0
1605,2.7037161821836024
160518,1.1301691257840858
1606,1.3765449662932292
160622,1.021567964670455
1607,0.0410354741801234
160728,0.0
160760,1.9123504690221975
160762,0.0
160777,0.0310619747051902
1608,0.035464851664874
160851,0.4197050060744942
160857,0.5629265476423145
160897,1.4606708861273767
1609,1.9206864976841993
161,2.071074270181658
1610,0.0
161003,0.0179178651438874
1611,2.5802508254271657
161142,0.0694986479199568
161145,1.9477641732749231
161159,0.1741422744221952
161176,0.5042155042155121
161198,1.957155361891447
1612,1.402971094534999
161247,0.1688932936585756
161253,0.3502353496098125
161271,0.0
161291,2.620684349024368
1613,2.271225833633698
161357,0.0
161394,0.7908887432979598
161406,0.6698552608352895
161424,1.7420302233141574
161436,0.3162969930156206
161497,0.0089031710875008
1615,2.2959974595536496
161502,0.0362629122582597
161514,0.0
161582,0.5441608938064898
1616,2.684857219166727
1617,0.0
161725,0.3168609479248995
161742,1.7703291499823897
161753,0.1465044137579888
161779,0.6321896131190616
1618,0.0
161823,1.337580120226903
161829,0.0386525717956126
161835,2.726476126144938
161882,1.3134038977279134
161931,0.0260306859239784
162,2.4650692612671445
1620,0.1765016753129527
162073,1.725684552592018
162083,0.0
1621,0.0994309548859968
1622,2.6828746440014797
162239,1.3461666946429405
162282,0.0047737452018541
162333,0.1783506751853144
162387,1.294092187877625
162394,1.4255716422941764
162417,1.7024239931380003
162427,2.5135121107810807
162461,0.1311703628083161
162466,0.1520729184419736
162494,0.2298875252519026
162514,0.0296562306312831
162515,0.6220257626858451
162517,0.136843931739014
162540,0.0324653828330247
162605,0.0
162655,0.5338004101799936
162681,1.6824117217037906
1627,2.2746194057977687
1628,1.567145368554281
1629,1.257878266707998
162962,1.1993915760403129
162963,1.1033591172328188
162966,1.2975242229482142
162967,1.5684765441985686
162968,0.6647112968182946
162972,1.3706798622800294
162979,1.2976783009970656
162989,2.2288144633255107
162993,1.3501427280955145
162998,0.0508922379282558
163,2.7371558476214095
1630,0.0082850342053478
163007,0.0432138940104846
163033,1.6190506369595012
163049,1.8821203865165077
163050,0.1209661047225065
163051,0.1348980704403251
163059,1.4581054798709032
163071,0.0801641354811421
163081,1.227030689090155
163087,1.0227215187486285
163126,2.0555972069133555
163131,1.0748358143809422
163154,0.4984830472572178
163175,0.1857046546754418
163183,2.197688346548067
1632,2.583464681967542
163223,0.0733234266047182
163227,1.5450576112059464
163255,0.3926266242104571
163259,0.2548407360751445
1633,1.995709229110689
163351,0.1018311809447803
1634,2.500710081379477
163404,0.1284973014560392
163479,0.0115765804481612
163486,1.818193831109456
1635,2.4678886917074925
163589,1.2177561327435151
163590,1.88251498888361
1636,0.9717210596197596
163688,0.1313482575810238
163702,1.1487588991313018
163732,1.2111482998055765
163747,0.0
163778,0.0
163782,1.3485783309990242
163786,1.4400485164742662
1638,0.0189362275154237
163859,2.1823657935878584
163882,2.1171142741136073
1639,2.227723652369314
163933,0.8422590962111174
164,2.078649956074827
164045,0.0123974780415539
164091,1.13803997166899
1641,0.0516758077965697
164118,0.0252228938178094
164127,0.429369496387338
164153,0.0238073990491231
1642,2.635357148735608
164237,0.6441031581971856
164284,0.8018204697926444
1643,1.984259653938222
164312,0.0934928992017695
164395,0.0288518968796068
1644,0.0232000328901817
1645,0.3592246400101575
164592,0.01219232802879
1646,0.3757177662085518
164633,0.1306364468555331
164656,0.8281683753191996
164668,0.0284494427319338
164684,0.1692329654664143
1647,1.8314331538063633
164714,0.0132175827499873
164781,0.0
164832,2.3302316325059045
1649,2.0398225122788105
165,3.0654146018523973
1650,2.7739352027880275
165055,0.798818072818059
165082,0.0308612972995617
165100,0.0252228938178094
165140,0.4436950095059055
165186,0.0033236975274522
1652,0.0
165215,1.1423435923969627
165257,0.0372594270725486
1653,2.211080451828121
165324,1.6686025668438749
1654,2.4813192433276448
1655,3.010050736885388
165530,0.0288518968796068
165545,0.7945048872652964
1656,2.2439489128474657
165631,0.0878870906234544
165679,1.705309635981942
1657,1.7063736364777684
165721,0.0
165829,0.1642937488756426
1659,2.0131689222170626
165904,0.1761650389354001
165918,1.7602328619195429
166,2.6682420900100787
1660,2.71057464240635
166012,0.0723688738166034
1662,1.6014910985993691
1663,1.572946186873793
166336,0.8146735361495486
166348,0.0
166378,1.1993915760403129
166379,1.221420872015501
1665,2.2284937971885337
1666,2.2021360332478315
166614,0.9079742440994176
166647,1.6347214016818024
166655,0.0
1667,0.0
166752,0.0
166785,1.1375048785854365
166793,1.347149519366603
1668,0.0
166815,1.0084225690829272
166824,0.6376715925535444
166863,0.0
1669,0.0
166929,1.0134303728860534
166968,2.1734593906359434
166979,0.0910683626288553
167,0.0
1670,0.0
1671,0.0
167127,0.136843931739014
167153,2.1105319097062956
1672,0.3170018724926201
167227,1.9915228506597131
1673,0.0
167359,0.2779931777239645
1674,1.223191131082672
167410,0.035464851664874
167465,0.442621158228576
1675,2.112656165701982
167555,0.6014353270108863
1676,1.6671545168006197
167681,0.2202246523198821
167691,0.8521006061379239
1677,0.9826878159769143
1678,1.470185610657907
167826,0.0
167838,0.6124669927522506
168002,0.1763333746336354
168090,0.0
168330,0.0
168374,2.707553482861764
168391,0.0
168400,0.0
168417,0.0
168433,0.0
168448,0.022997480615535
168451,1.9689998811841265
168455,1.431531514173904
168507,0.3997410476776342
168537,1.7285232457938244
168544,1.786578582604722
168620,1.0492794282952678
168667,0.6181056126779353
1687,0.6411212582003282
168850,1.851787537316841
168975,0.0
1690,0.7334942691505462
169026,0.4294910338293531
169044,0.3972078773881758
169166,0.0227948798627598
169200,2.389928526648934
169270,0.5102299219176948
169355,0.0
169436,0.4158782385397301
169522,0.0326656794165476
169611,2.069661309309807
169693,0.0282481437700031
169714,1.439814526059817
169792,0.813413597408568
169834,0.0501079362162316
169841,0.5969158238984792
169966,0.0
169981,1.298878584913727
170062,0.0
170067,0.0221867865316464
170082,1.042629061570946
170261,0.6775425354464173
170302,0.0563619252247972
170370,0.0
170371,0.6666338925529474
170384,1.766654660691224
170392,0.1661707857688191
170393,0.0
170394,2.199010639241104
170425,0.0
170463,1.9612467435666812
170482,0.0
170487,0.0
170503,0.0637284429094406
170506,1.8552126127471011
170511,0.0
170513,0.0
170523,0.0
170526,0.0
170527,0.0544125563488178
170529,0.0
170535,0.0
170540,0.0
170547,0.0
170548,0.0477506279872771
170559,0.1641228937636206
170572,0.0
170575,0.5517057722528368
170589,0.0
170591,0.0
170622,2.3093117193203505
170626,0.1189821951149861
170627,0.0
170679,0.1748170911334096
170680,0.0
170685,2.122878898415717
170689,2.4876793083838984
170690,0.9537998667569756
170691,0.2189486615675671
170692,0.0835635353418218
170712,0.0
170825,0.0
170850,0.779329052371334
170954,2.156898026980031
170958,1.3527304171036547
170959,1.5417435408819058
170960,1.6609773089217943
170961,0.3294423916660163
171017,1.7919220212941551
171019,0.5712777671053793
171023,1.937494046001902
171024,1.847675772803396
171169,0.1049594666720178
171177,1.996235075180817
171222,0.1496413741592798
171389,0.0442022240997431
171391,0.9717755687043552
171392,1.1815445634975394
171420,0.0
171422,0.0
171425,0.4726888470464556
171482,0.0
171483,0.0
171484,0.01219232802879
171546,2.529249854725504
171558,0.1155441405508978
171568,1.330330089927278
171586,1.659179892348256
1716,2.383547938343332
1717,2.312587108458657
1718,2.644555130158135
1719,1.9218723341729576
1723,1.0299431809375297
1725,0.5734750007653546
1727,2.4268588889098117
1728,2.3477131253648085
1729,2.4272088565166596
173,0.0
1730,0.9183409961067622
1731,0.990824823927722
1733,2.129332701191951
1734,1.221208058436029
1735,0.0820544050747075
1736,2.4642771354910145
1737,2.0191411560964116
1738,2.2129558061988983
1739,1.8853883648515888
174,0.0223895328412295
1740,0.1340120576228596
1741,2.296371983716265
1742,0.7222503905050482
1743,2.3336917106944632
1745,0.0201566492701331
1746,0.3112028399871392
1747,1.084032768442218
1748,0.1710986205592281
1749,0.4389104136592731
175,2.244508691668857
1750,0.0105493414072734
1755,0.0152643844692303
1756,0.5237163822453541
1757,0.269652753139376
1758,0.0132175827499873
1759,1.025271501873827
176,0.1347209445133961
1760,1.5870047211664622
1761,0.0
1762,1.8178146069467351
1763,1.4588945157036552
1767,0.3649386536246808
1768,0.1716066910730517
1769,0.0047737452018541
177,0.8461338961525255
1770,0.0084911297831118
1773,1.3641775605365365
1774,1.4210246581523214
1775,0.5595787911639492
1776,0.2841907841167341
1777,2.564646243794322
1778,2.2452514301341244
178,1.895554909724891
1780,0.5517057722528368
1781,2.5063189465389732
1783,2.0210291162337195
1785,2.1637755417651325
1786,2.1821526946291647
1787,0.3093550284785648
1788,1.651062161531846
1789,1.3092898624432865
1791,0.0362629122582597
1793,2.1607461712909064
1794,0.4020136433595122
1795,0.8258355641770352
1796,2.1334763129940724
1797,1.7406810121541998
1798,1.9873441204131443
18,1.9118292448704728
1800,0.3153090826049388
1801,1.1916255026580296
1802,1.773038859310626
1803,0.4363861227043569
1804,0.0132175827499873
1805,0.9907719931754594
1806,1.0043034788525935
1807,0.0461754078434364
1808,2.4224595662386226
1809,2.403773259963003
181,0.1939808677093617
1810,2.035885057434448
1811,0.6025846045586397
1812,0.0089031710875008
1813,0.1073437223162539
1814,0.0113712320035829
1815,0.4375892340392048
1816,0.0
1819,1.5958826165596671
182,2.02227027469341
1820,1.3922347303445202
1821,0.4653148657282394
1822,2.793755051147536
1823,0.1258155061858682
1824,2.194746887569145
1825,0.7496666555737478
1826,0.0610219959658159
1827,1.7269414234757432
1828,0.1270681007161791
1829,2.83724557959923
183,1.784220239242799
1830,0.8633512889247816
1831,2.6018696516254565
1832,2.1336349010618973
1833,0.1637810756568249
1834,0.0
1836,1.5657200966458027
1837,2.42755842319174
1838,1.3378086477009057
1839,1.552287104100403
1840,0.7704119524325979
1841,2.3934921409136893
1842,1.530223044021358
1843,2.8877785737983928
1844,1.1309194427033729
1845,2.2573417908260813
1846,1.3427263223021535
1847,2.7451407369705545
1848,2.1121034249222026
1849,1.5944911245380748
185,1.5023364576090843
1850,1.9081204115359784
1852,0.0130126308322217
1854,2.397359953863395
1855,2.094217745958158
1856,1.8839760557981715
1857,2.527330965116043
1859,1.824174746520091
186,0.0
1861,2.0669061667383377
1869,2.271441418251956
187,2.058582238857063
1870,1.3165949830097796
1871,1.867862595098132
1874,1.976317808924612
1875,1.447893702196461
1876,1.769778255925047
1877,2.0177345038191543
1879,1.127241855947468
1880,1.13507006303504
1889,2.5870372354891225
189,0.0
1890,2.115583545041987
1891,2.372347630225744
1892,2.8860572069432022
1893,2.795866945791568
1894,2.3104350436593255
1896,0.2054263508171301
19,1.270081340856864
190,0.0
1901,1.7114717487950275
1902,1.4681557682868842
1903,1.9912634226868609
1906,1.815933921804693
1907,0.3800129302731301
1908,0.3736264849638638
1909,2.0915499722983775
191,2.669249558801438
1910,1.084032768442218
1911,1.282712249824225
1912,2.2949250253662328
1915,3.21027601351597
1917,2.1108168323084557
192111,2.463698973548395
192133,0.922841374424339
192134,0.0
192217,0.0459782976541651
192286,2.719936646323425
192666,1.018194905240822
192668,1.270924037568008
192669,0.9425282347343272
192670,1.616739969896189
192683,1.6905799164592945
1933,2.9941549915734567
1934,0.1908459142734483
1936,2.32810490257534
193629,0.0641143646112851
1937,0.0
1938,3.2897738882708003
1939,2.03443269248939
1942,2.841026091233066
1943,0.057723791780431
1944,1.4831583280674567
1945,2.0648755103312983
1946,0.4596188731163109
1947,1.8291940420894024
1948,1.747857057083434
1949,0.6951780925306236
1950,1.585153254037366
1951,1.548779704282915
1952,2.4313388924684216
1953,0.9170917283075334
1954,1.5704841833035386
1955,2.6423403994172183
1956,1.0606233251810946
1958,2.6086475209770574
195814,0.1325924415353502
195827,1.2853356645183784
195828,1.7125734255239646
1959,1.7256972663023604
195977,0.1093558077997425
196,1.2791517859296555
1960,1.8239929212028931
196047,0.1653181252039118
196051,1.5147953803589729
196074,1.3973003007826332
1961,0.0445972313113895
196120,0.0
196188,0.0
1962,1.1161084298018624
196264,0.9100252388381252
196294,1.3288215213359242
196335,0.0
196374,0.0326656794165476
196383,1.304991760667086
196385,0.2603142938058052
196394,1.1647619427326543
1964,2.4416602188226317
196403,2.044060721484469
196410,0.1668522697819637
196415,0.0
196441,2.1113088808481923
196446,0.0675796689626678
196463,2.358130493988075
196469,0.0
196472,0.0744674501196066
196475,0.0
196477,0.0
196483,1.725481083043224
1965,2.326084770152687
196500,0.1325924415353502
196513,1.5327856667108868
196527,2.03589097396032
196528,2.032682412077674
196541,0.0
1967,2.2927951828676667
196740,1.2584751084560792
196743,0.4470259815477046
196792,0.1916720862344515
1968,2.770399815307119
196872,0.499257357044862
196883,1.0439844499952893
1969,1.3195304407957769
196951,0.8703156639971416
196993,1.3304459546772658
196996,0.4384302561316384
197,0.0
197003,0.0148554188895284
197021,0.1923324140489498
197131,1.7050299113405116
197135,0.0150599263207783
197187,0.2668027253981361
197196,0.0
197257,1.2384597377592583
197258,1.4838655332126471
197259,0.7246585133470403
1973,0.3608235573841126
197320,0.7713838087320114
197322,0.7210430898397594
197331,0.1227655164757016
197335,1.730489371938888
197342,1.1768388171025923
197358,0.7104882425050739
197370,2.279513658474811
1974,2.8090707107702104
197407,1.9142342283176992
1975,2.758330048637033
1977,1.630700382208232
1978,2.5204433744813235
1979,2.412236337269044
1981,2.6949887010121616
1982,3.044896369250914
1983,2.5428038732700515
1984,2.808389251955022
198437,0.186369888167896
1986,0.0666185243177208
199,1.7916057044600873
1990,0.1398421038439008
1991,0.0
1992,2.391334211134907
199221,0.5948870566784894
199223,0.81109735245986
1993,1.9462503533590088
1994,2.4782309407170326
1995,0.0
1996,0.0298571944893556
199675,0.0372594270725486
199692,2.0782384323448837
199699,0.3133294743166249
1997,2.4370391860186262
199704,0.80813743574534
199713,0.0623763134303502
199720,0.1734668947414687
199731,2.285955668710963
199745,1.8979072992614163
199746,0.5944031547678629
199777,0.3351066276827368
199786,0.0752292615879394
1998,1.9403409608710376
199800,0.4793082469238793
199834,0.0
199857,0.8001780084347394
199870,1.547523457756921
199899,0.08431707500591
1999,2.4707880167688456
199920,1.7292174404325171
199953,1.6274991262478802
199964,0.8152327261493914
199974,0.0
199990,1.4248729135067106
2,2.782421871090331
20,1.6244506624796218
2000,2.182393407974373
200008,0.0
200010,0.132770028068318
200014,1.523341607261605
200030,1.1779902014928447
200035,1.7323840961716237
200081,2.265993959758286
2001,0.7149739211706809
200132,0.129745813935983
200149,0.0
200150,0.0223895328412295
200159,0.0308612972995617
200162,0.053631538511365
200172,0.1320594510057083
200185,0.8648408334984521
200186,2.3957258817847182
200197,0.1642937488756426
2002,2.345958127232024
200205,0.799319430855105
200232,0.0
200261,0.0
200298,0.1245609986757527
200312,1.2694322165251133
200315,0.2154291393132636
200316,0.907248758747797
200350,0.0696903035798559
200373,0.0074601518934053
2004,2.2872343097401098
200403,0.0215782561623971
200407,0.0302589788495971
200424,1.6007874365079025
2005,1.8249819025567648
200504,0.0225922306114602
200523,0.0
200539,0.1380798037091699
200558,0.5956606093410176
200576,1.7280935557788757
2006,1.7814242937597835
200634,2.7050050304768054
200726,0.0
200728,0.7473469616548725
200734,2.3908279745368755
200765,0.5070648876752196
200772,0.0
200844,1.5575553245400084
200845,2.0456262219751387
200879,1.2985403166829532
200894,1.4179296915808113
200895,1.3942874731201615
2009,1.582632523150795
200909,0.0
200916,2.116012043974117
200931,0.5016855586164207
200933,2.0665575999941166
200942,2.2991129227835887
200958,0.5757648630317661
200959,0.0
2010,2.690968197653049
2011,2.0922873359642393
201134,0.5288290883275357
201140,0.0
201158,0.3096395937509883
201161,1.7036954587155972
201163,1.173486404853994
201164,1.3823702757827552
201176,1.3398040238577906
201181,0.6547505840023238
201191,0.3375802630876894
2012,2.238922150921588
201229,0.915183266765786
201232,1.052195475816254
201243,0.0
201254,2.7796933483689843
201255,2.3021741045186146
201266,2.341102956222421
201292,2.29728256974709
201294,0.6247197432829719
201299,0.1195237358855934
2013,2.69184186464365
201305,0.0714132279076869
2014,2.35001911659426
201456,0.4783987659833207
201475,2.493507351161918
201477,0.0
2015,0.1515524834278699
201501,2.0951967691217246
201514,1.5851359160360452
201516,0.015877463426456
201562,2.481901422628907
201595,2.78547842552587
2016,1.7510233588612032
201617,0.0364623094604789
201625,0.0320646470462866
201626,1.980021494715401
201627,2.087912631387949
201633,0.0740862832627668
2017,2.687021685407463
201725,1.8449276733645812
201780,0.0681558255976688
201798,0.2756192305189168
201799,0.4396300692556715
2018,0.3480729452368478
201853,1.7599392074431344
201895,2.51163159517302
2019,0.6426589910436257
201931,1.544868854058532
201965,2.056656451931468
201973,1.4003713725215867
202,1.9782153886452447
2020,0.0211723261778742
202018,2.012992946819301
202020,0.9016586692512338
202051,1.1386567645808174
202052,1.1470606058958788
2021,1.3554709972861188
202122,0.1582923385912082
202151,0.4153830354024732
2022,2.3332725362370583
202243,1.8115438137761288
202299,0.1600115535070715
2023,2.864720928915482
202309,0.6062116320956573
202333,1.596407588364106
202374,0.0869490986322006
2025,0.0
202500,0.150163030160434
202559,0.0
2026,2.678934264550757
202658,0.0
2027,0.8185082836343549
202781,1.919928578933063
202789,0.0
2028,1.1076257410746897
202865,0.0
2029,2.858686245228382
202915,1.547523457756921
203,1.491536051365529
2030,2.4924527097758973
203054,1.8973162637269296
203062,1.8484290194731203
203068,3.135610482561697
203069,2.3724697616516854
203074,0.0
203076,0.0
203100,0.1164502841304022
203102,0.1144554512135472
203111,0.0886367224100169
203190,0.015877463426456
203197,2.0397112547847405
203228,1.272379449119091
203238,0.5734750007653546
203245,1.5758554127226865
203259,2.137706765020721
203260,1.1388211302570197
203286,0.4359043331666746
2033,2.111569105977568
203328,2.5346619364003775
2034,2.175014064600131
203413,0.0673875284399155
203427,2.272371985431332
203430,0.114818507485862
203447,0.1295675712697485
2035,1.7043498431240922
203510,0.0
203522,0.531160359528085
203523,1.2122671187829412
203547,2.1078406537738164
203562,0.0
203569,0.0538268611423806
2036,2.2214108401731103
203611,0.0
2037,1.3894245499348945
2038,0.0
203859,0.944468672409098
2039,2.222395637842776
204,2.3097415251297506
2040,3.17787568266262
2041,1.6449342886856675
2042,0.5652505701908436
204219,0.0481439722271771
2043,0.6543953401142354
2044,0.0
204474,0.0
2045,0.0516758077965697
2046,0.0262325134658017
2047,0.3233170563685997
204777,0.0
2048,0.3256894285398761
204801,0.0166942133416963
204851,2.184952009590962
2049,2.203058858642847
204962,0.2884416150412991
205,1.446417644708666
2050,2.107377974139186
2051,0.4047819776906567
205147,0.0056012358560772
2052,2.8579921021003387
205251,0.780877223432198
2053,1.917461362207142
205327,2.0129363659819393
2054,1.692543991972444
205428,1.5863826145162354
2055,1.358444343574524
205564,1.9220391817022568
2056,0.0629560650472485
205655,0.0
2057,1.461007454547559
205717,1.5271963565635365
2058,2.675085620785993
205860,0.0234025367070836
2059,2.0719881892231116
2060,2.0496113236495552
2063,2.600117616354992
206338,0.0374585887741673
206358,1.3702506985867726
2064,2.6278474938929586
206412,0.1979234293138989
2065,2.8469214449597295
2066,1.188097085455297
2067,2.0355239729518453
2068,1.6431791287039177
2069,0.0
207,2.1888614192895828
2070,0.1544972297209149
207032,0.1759966682054657
207063,1.1236925279840655
2071,1.9818873849964265
207107,0.0761805481519545
207147,0.0
2072,1.3736474065332431
2073,0.4755493538937113
2074,1.222412917427012
2077,2.4291819931731076
2078,1.2265038960668209
2079,3.057373779369274
208,2.174417241824095
2081,1.848838437398724
2086,1.3487741374205302
2091,2.683669910472847
2098,2.372873567667482
2099,2.648415966657291
21,2.5261534825747383
210,1.9419531907720748
2100,0.0598594062479726
2101,1.7195261364768035
2103,0.041828279182458
2104,0.1173554320033511
2107,2.5595089222717995
2108,2.355999811140956
2109,1.0938428095925936
211,2.378858276215072
2110,1.586123159226577
2113,2.1041078013164576
2114,1.7413193427870448
2115,1.1774148042285206
2116,1.018194905240822
2117,2.2717266248957344
2118,0.9117092671378224
2119,1.265488298029296
212,0.0841287540882683
2120,2.0524069058641814
2121,1.668949407239675
2122,0.8351167151528099
2123,0.783522790625936
2124,1.1140959324138473
2125,2.4214602226450466
2128,0.0213753154909553
213,0.1272468869287004
2130,2.5008177331350465
2131,1.906736170645119
2132,2.0298312431245935
2134,0.6595285483307368
2135,1.4270622350624322
2137,1.4075076210533828
2138,0.0416301479021601
2139,2.3864956602202683
214,2.8583445098105944
2140,1.7313310914962297
2145,1.7998825912978065
2146,2.0561524261111974
2147,0.0
2149,2.50334055216485
215,1.7585976010935918
2150,1.0933984428787529
2151,2.1161119537672923
2152,1.6781294558983242
2153,0.2136635490584076
2155,1.3232724073884623
2157,0.7131832232210908
2158,0.0
2159,0.7252992259552332
216,1.3938263238277446
2160,0.0
2161,0.5093581856949384
2162,1.9969700493037537
2165,0.0
2166,2.1164923088398604
2167,2.111833957448502
2168,0.0
2169,0.0
217,0.9398358038538248
2170,1.7831641692144466
2171,1.2438988984325805
2172,0.0
2173,0.0563619252247972
2175,0.7376724305799057
2176,0.8646467422306313
2177,1.5739948699669026
2178,1.81495427325103
218,0.2345970813119669
2180,1.9788550146871635
2181,2.630465419793686
2182,1.6671400127718776
2184,1.9411441158988871
2185,1.4638256467559587
2186,2.2190037319106635
2187,0.8285107273878656
2188,2.3686367438487705
2189,0.4687806164614945
219,2.352840503598472
2191,1.9819010213023895
2192,2.1637214512213614
219285,1.4666500756513905
219287,0.0302589788495971
219293,0.1343665777337765
2193,2.6474159774823183
219333,2.1275216566354875
219348,1.0542424526048866
2194,3.052098488367411
219402,2.402568119866556
219409,0.0
219417,0.0
219428,0.0
219429,0.0
219431,0.0
219432,0.0
219436,0.0
219437,0.0
219438,0.0
219447,0.0
219453,0.0
219464,0.0
219469,0.0
219473,0.0
219477,0.0
219479,0.0
219482,0.0
219484,0.0
219487,0.0
219493,0.0
2195,1.6707947228632023
219525,0.0
219527,0.1301021831418956
219537,0.1775107447064262
219539,0.1620698240114415
219541,2.164959285024927
219557,0.0
219578,0.0062213260747212
2196,0.5225396056888886
219621,0.4008782025306984
219623,1.0311795249336162
219654,2.0022891423704228
219670,0.1082589144778865
219681,0.3182690404455821
219699,2.1652245603920983
2197,3.009202895441328
219731,0.1606982229626605
219736,1.074284889865337
219738,2.251357518341361
219743,2.264695490794955
219749,1.6686893019909153
219770,0.0
219771,2.2342233066556108
219790,1.3911537343562042
219793,0.0
219833,0.2836026451269165
219844,1.826772244260456
219854,1.4377271827473102
219855,1.5495842106363176
219858,0.0
219865,0.0
219869,0.0
219870,0.0
219873,0.0
219874,0.0
219875,0.0
219899,1.188097085455297
2199,2.105922771550875
219902,1.4241007771548606
219927,2.023354485413732
219931,0.7987464188559292
219938,0.0394476217259577
219952,0.0
219954,0.0
219956,0.0144462560950847
219957,0.0
219958,0.0
219959,0.0
219960,0.0
219965,0.0
219968,0.0
219970,0.4120318336113919
219972,1.0476958918456067
219981,0.0
219982,0.0
219983,0.0
219986,0.0
219988,2.248807567892555
219990,0.0
219995,1.589896998301477
22,1.7824623818079124
220,0.5285106030088962
2200,2.3480946222286616
220001,0.0934928992017695
220002,1.222978999956491
220004,0.5842620303385444
220032,0.0
220042,1.3026159629953815
220047,0.2724924834198263
220064,1.4520218492546435
220070,0.0
220074,0.0187326529005272
220081,0.0242120678044732
220082,0.0
2201,0.6875185966639675
220107,0.0424223934120883
220108,0.6566126185863668
220112,0.1513789312195854
220134,1.8993726964777295
220136,1.1338280341192295
220158,0.0
220164,0.4423823136408459
2202,2.3098414614109677
220202,0.0903209239347336
220213,1.8889149954694164
220296,0.0280467968559265
2203,2.3986426675423465
220323,1.845042943359559
220359,0.8740883406275654
220382,0.0272409292764164
220388,0.2624326809349534
2204,0.0215782561623971
220416,0.089572811643912
220429,0.0
220433,0.6229558969424266
220441,1.6807403141501138
2205,0.5743719136672801
2206,1.1262347722163135
2207,2.291609425537574
220717,1.8643036957390633
2208,0.0432138940104846
220869,0.4255919872926806
220885,0.6692469711675669
2209,0.7177320501024869
220929,1.5038805789064549
220930,1.124847141231391
220963,0.8413202910976538
220965,0.2910684782073524
220972,2.2016027938471185
220974,0.0187326529005272
220979,0.3646738325719965
220980,0.033066130062972
220988,2.67434852562841
220992,1.2468861340606707
221,0.8391019601164678
221002,1.0404929001784278
221035,2.4148315104978173
221037,1.8936664736342392
221044,0.0
221060,0.061215604083323
221061,1.253748771396167
221074,0.0
221078,1.664288176971784
221079,1.896173954510492
221091,0.4620653982837022
221092,2.4120350465305536
221120,1.1600320647070332
221122,0.1820360353720198
221143,1.8087346060260316
221150,1.567901361087067
221154,2.071122710969042
221178,0.971828369251522
221184,1.4627315860726504
221188,0.0254249141756302
221191,0.0
2212,1.267805985046869
221223,0.0111658338983268
221241,0.0
221262,0.04578114125236
221264,0.5979761840948958
221294,1.7656470456210092
2213,0.1979234293138989
221301,0.0
221302,1.5412872421405466
221303,0.2926694432442935
221322,0.5108830378563325
221336,0.2863923752026195
221357,0.0
221391,0.0070474104382352
221393,0.3230374741364185
221395,1.7715775160339189
2214,1.987021308874315
221400,0.0946095302476571
221409,0.0
221416,0.0
221421,0.1270681007161791
221424,1.6078756267120824
221443,1.7431798768896622
221458,0.2118940526257159
221468,0.1393138122542398
221472,0.2072101800793139
221476,0.4742921022220122
221477,2.428671389586287
221481,0.2609201285730693
221491,2.374046539224028
221496,2.0226871755811513
2215,0.0746579682411712
221504,2.211076821507272
221527,1.593691686196272
221545,2.074636468404044
221613,0.0
221656,1.8948159002686156
221662,3.0627063852211585
221687,0.6581163052111493
221692,0.2229293777728488
2217,2.5931589033205755
221710,1.9691267428345007
221711,0.0867613730983522
221749,1.7541309398884393
221785,1.5588587137249863
221786,1.7627500604871609
2218,1.0691178366127858
221806,0.0623763134303502
221823,0.0
221830,1.9487082840987653
221833,0.0
221883,0.0
221895,1.2370483729029138
2219,0.0818655711838594
221908,2.018813197773896
221914,0.1548429716536619
221927,2.171377036452733
221935,0.6876032367789747
221937,1.3178126550344016
221938,0.0
221955,1.8022833382897725
221960,0.891258652226899
221981,0.3867320790387663
222,2.706533765937816
2220,0.06565627325421
222008,0.2762133913679275
222052,0.0604409028617613
222068,2.688637727008471
222166,1.4881936372139148
222171,2.7359794959113017
222183,0.7408867944180314
222194,2.067852173629107
2222,2.595848054661547
222223,2.014198001095225
222229,1.6717145503558413
222234,1.4306026892184034
222235,0.3366192385950894
222236,1.3332478852992935
222255,0.6928304921029358
222256,0.6066874809889995
222389,1.7248191538468824
2224,2.222788761297864
222484,2.1207438332110504
222487,0.0645001083526856
222537,1.0653058003977094
222545,0.0
222546,0.0
222553,0.2437785304032752
222584,1.3736207479123304
222642,0.3290262962364426
222643,0.8719169892663735
222658,2.251328503638447
222659,0.0342663432615378
222662,0.2791774610824414
222663,0.4428599260493998
222696,0.1324148165236816
222698,0.2439332358021009
2227,0.0350655380227658
222701,0.0
2228,0.0
222826,0.0666185243177208
222865,0.2420747747849154
222894,0.0
2229,0.0
222901,0.5361156753447552
222950,0.1044082755723394
222962,0.3895569433205307
222967,0.0215782561623971
223,2.6967189713248536
2230,1.5715205052603716
223075,0.0294552189612712
223082,2.0923787668445253
223117,0.6041140572194872
2232,2.1524536351010677
2235,1.8330675464238684
2237,2.633440639592295
2239,2.3984609146574107
224,1.8518158827214164
2241,1.1959863385999
2242,1.8289844427831876
2243,0.0183253569229505
2244,0.0082850342053478
2245,1.896588944994843
2246,1.6326448919955538
2247,0.6285108016678256
2248,0.0
2249,0.0
225,0.0227948798627598
2250,0.046963386855558
2251,0.0
2252,0.6206282334243608
2253,0.0733234266047182
2254,0.0148554188895284
2255,0.2222937962439548
2256,0.0280467968559265
225689,1.9835814108642384
2257,0.2491753170632973
2258,1.3467846860918593
2259,0.1398421038439008
226,1.6192762351796903
2260,2.244008227608863
2261,2.494208847052765
2262,0.0876995769262763
2263,2.002844765613295
2264,0.1126377675040334
2266,0.0
2267,0.0
2268,0.8813780721043998
2271,2.563050013485933
2272,0.2422298130789489
2273,1.6603004333327174
2274,1.4145450501214616
2275,2.2420287343014342
2277,0.5365358335632141
22794,2.588100477618541
22795,1.8203600864832483
22796,1.808178899862565
22797,0.357889646800717
22798,0.0203598820990786
2280,2.603949065229182
22800,1.6526674253043812
22801,1.9024127389423255
22802,0.0310619747051902
22803,2.5587092274682197
22806,0.2298875252519026
22807,0.5142481366902564
22808,1.5185592034513866
22809,2.3280053452060048
2281,0.5859296988439976
22818,2.7918734470477418
22820,2.858035474350837
22821,1.6042452165543084
22822,1.98607148159302
22823,1.523400841535367
22824,1.3432636086832042
22826,2.4068064674823426
22827,2.7979011714743787
22828,1.9524180412707597
22829,0.0
22832,0.9951938102393248
22834,2.2702950891189073
22835,1.4348989591988046
22836,2.1574957236449976
22837,1.2171131882052355
22838,2.1062651236613585
22839,2.080123433213251
22841,1.5619832326320224
22843,0.4152591834884931
22844,0.041828279182458
22845,2.4136572533123934
22846,0.963931064171822
22847,1.3979871851065184
22848,1.3127154459650403
22849,1.273379786768657
22850,2.012281930985949
22852,0.9306396684359876
22853,1.840513730695211
22854,0.0272409292764164
22856,2.3163781215028627
22858,1.9502052771606544
22859,1.7789809788599011
2286,0.1862036312220281
22861,0.5806187560096068
22862,1.715927033452602
22863,1.9400222763484107
22864,1.9981613820795192
22865,0.0402419221072167
22866,0.0201566492701331
22868,1.782941504736366
22869,1.079907464201848
2287,2.477724879859261
22870,2.373086355433531
22871,0.0586952005206574
22872,2.691604145191276
22873,0.7656064970107291
22874,2.2276026189327527
22875,2.108438824438741
22876,2.0588772011022205
22877,1.5916956266834923
22878,2.168199280706285
22879,1.6535949864273585
2288,2.898060326283105
22880,2.011601130470448
22881,0.6502074720777162
22882,2.123326772668659
22883,2.585298353321113
22884,1.6625039095006011
22885,2.082176412078999
22887,2.1498058040183894
22888,1.523460068531945
22889,2.2526991213852767
2289,1.956813683077914
22890,1.910138743438866
22891,1.3261126768113898
22893,1.944438048520266
22894,1.824023230919995
22895,0.0
22897,1.163543843379989
22898,0.6127500051867429
22899,1.241818569172238
229,0.0795962166369358
2290,0.0
22900,1.2242152816963838
22901,1.881233324005422
22902,1.548348828631109
22903,1.9202957513452632
22904,2.189294810366124
22905,1.7483763264204448
22906,2.2185671513470746
22907,2.377884360140779
22908,2.081292735468101
22909,1.293129739429867
22911,1.757748115087968
22913,2.4800718631504397
22914,0.011781879253164
22915,0.6747022504413682
22916,2.453709211809327
22917,0.0981356370534185
22918,2.2363062631081903
22919,2.7941777912855916
22920,2.331325126982613
22921,2.3133093217711345
22924,1.856559755201177
22925,0.7586370049415385
22926,2.3614447629172863
22927,1.0004161305435786
22928,2.730944685058323
22929,2.3401136630303796
22930,2.244393519130212
22931,2.546222080577073
22932,1.3681264638148594
22933,2.100365920388329
22934,2.3329458535497243
22936,1.7619087293478195
22937,2.3839355874166355
22938,2.6352334143034466
2294,0.2846315983898154
22941,1.3378943198267483
22943,0.0778901327798074
22944,1.353063378136703
22945,0.0
22947,0.0
22948,2.680397309635865
22949,1.9831467083922345
2295,1.261251721307162
22950,2.0470416457748795
22953,0.0181216355189445
22954,1.7401278535956568
22955,1.8805381295852728
2296,1.0485121813041214
2297,0.0491265280900879
22970,1.110956155858238
22974,2.586037971727676
22976,1.8092058566604137
22977,2.302779049686462
22978,1.2527784590683289
22979,1.3229787244750997
2298,0.4930397372969597
22980,1.9691619748306417
22981,1.1671512040684509
22982,1.7959588137645597
22983,0.08431707500591
22984,2.059449759836064
22985,2.3352506444546166
22986,0.0
22987,0.0300581105554705
22989,0.2431594065903223
2299,1.1763776019849497
22990,1.5611629862933678
22992,2.3210292554634098
22993,2.226670948740725
22994,2.027345876621899
22995,1.03658920835434
22996,2.1941220210563688
22997,0.0719867467506061
22998,1.1724032046377877
22999,0.0627628591308276
23,2.4666309147881877
230,0.9567674302590224
2300,0.258493991100522
23001,1.701148868712734
23002,2.0554400246344935
23005,1.2635219191582707
23007,0.606592337014026
23008,2.3505382879146213
2301,0.0
23011,1.9215225218115268
23012,2.0143170435770266
23013,1.8787551144109451
23014,2.186027198992867
23015,1.1245523637564532
23016,1.8407952306044593
23017,0.1222261062390532
23019,2.0468520831385635
2302,0.0927476423604853
23020,2.5976986359251666
23022,2.5820979292494455
23023,2.117076322286219
23024,1.4030969576215864
23025,0.0410354741801234
23026,0.0479473231186116
23028,2.253734623534851
23029,0.4085406354184954
2303,0.693837599011119
23030,2.506702663666449
23031,0.7637198509889424
23032,1.9907773553303751
23033,1.055903382221419
23034,1.1039269093613977
23035,1.1019591009060432
23036,1.4169019770751954
23037,0.6328314099887317
23038,2.1430497841456337
23039,2.4156517941921596
2304,0.0404403802309502
23040,0.0010400494263418
23041,1.6985605278954878
23042,2.5572382390361064
23043,0.7233752539422408
23046,0.1447564345294934
23047,1.6056908375031596
23048,1.7770433090440647
23049,1.790830276936969
2305,2.149641278744391
23051,1.4783524707456237
23052,2.3881386948338696
23053,1.8616094559020544
23054,2.278258211564105
23057,0.1391376392196552
23059,1.6714991345114496
2306,1.549060500367725
23060,2.0920027376698846
23061,2.383856383336701
23062,2.359919056021258
23063,2.3343807774471697
23064,1.755355869008246
23065,1.9423835157126632
23066,1.0033727947517377
23067,1.955633687816308
2307,1.2560505078769066
23070,2.2643421739677643
23071,2.1854919751493953
23072,0.0455839386189831
23074,1.8907055021524637
23075,2.1270651533566376
23076,2.1243370999408326
23077,1.6791191383037527
23078,1.1703471392498717
2308,1.5902401283967773
23080,1.9566318172682076
23081,1.6498431766713026
23082,2.1871107448361435
23085,1.6849002107049518
23086,0.8780288582812164
23087,2.0154866845085295
23089,0.9818305655053948
2309,2.0291150643599134
23090,0.7757766588004119
23091,2.054225236774925
23092,0.5603918124637641
23093,1.5327275769016326
23094,2.120099890651981
23095,1.5796949099559163
23096,1.3949272689342695
23097,1.3856361450344543
23098,0.7519783007549146
23099,1.9232605962326437
231,1.6783983001299525
2310,0.6441031581971856
23101,0.0035309985040075
23102,1.6838394036924256
23105,0.4878925008671732
23107,2.1724339699195485
23108,0.3255500787994247
23109,0.009520858735307
2311,0.0
23111,1.4659177170515505
23112,1.0210657259983598
23113,1.470471765021533
23114,0.4482119995810875
23116,1.5244658156023954
23117,0.7451746088402895
23118,2.2333912819904276
23119,0.8870876238323491
2312,0.0140368959186701
23120,0.0
23122,2.1047023466430472
23125,1.729242663129083
23126,2.376094242747422
23127,0.2774003643749096
23129,2.138967508571683
2313,1.036099442385138
23130,1.7653106482139775
23131,2.093144868863615
23132,1.6217505538367163
23133,1.9478683598946245
23135,1.848733741243672
23136,2.21796994266757
23137,2.08981511620928
23138,2.151024370559471
23139,2.1627672579559656
2314,2.3408111506968776
23140,1.4278538203876898
23141,2.0852914472864743
23142,1.935164750184772
23143,1.4245835008886991
23144,2.4178311196726336
23145,0.1108160684965277
23148,0.6860781047721852
23149,0.1184402978192798
2315,0.2399010497591375
23150,1.2550176000661346
23151,1.8522691441366912
23152,2.116135737729627
23154,2.0270855347134997
23155,1.4813750855830474
23157,1.6726898098112972
23158,2.9703304655745155
2316,2.796004151163733
23160,2.2971309811607052
23161,1.2906379681929203
23162,1.8105747218270427
23163,2.1297176297045564
23164,1.789790512724212
23165,2.1366527257696553
23166,1.2544169450708855
23167,2.4695812336694414
23168,2.530849292864478
23169,1.8642761992686492
2317,2.795266632573269
23170,2.105089995195254
23171,2.502296118091677
23172,2.189213590792614
23173,2.4061834772368145
23174,1.8394052875041076
23175,1.3276290166082596
23176,2.264636630673032
23177,1.892513763219034
23178,1.540201784305092
23179,1.3019745091175168
2318,1.0886671892302835
23180,1.5329211822662876
23181,1.6305274863834984
23184,2.0896462933752926
23185,2.095347929785755
23186,2.3711214701773797
23187,1.3854798570013038
23189,1.6507915585763475
2319,2.641709569438284
23190,2.66520313614811
23191,2.378285622854724
23192,2.095438596073237
23193,2.937776347516196
23194,2.186175509240682
23195,1.2337294215800607
23196,2.618302446909162
23197,2.3571368696754624
23198,2.2454942719517956
23199,2.1812594175680684
23200,1.7955374015515524
23201,2.1841090834762915
23203,1.7094052586034776
23204,3.0327320704253733
23205,0.0475538868142473
23207,2.086877753993737
23208,1.348662257035578
23209,0.009520858735307
2321,1.8591851843344067
23210,1.8839498554644576
23211,2.0967507259881804
23212,2.2152515764703056
23213,2.560405744313592
23214,2.321305686787229
23215,2.466709273223574
23216,2.044425242434742
23217,0.0060146795562324
23218,1.922213899325178
23219,2.202359524390157
2322,2.3326893004233376
23220,1.072168206987819
23221,1.3098924440917332
23223,1.9550642696216949
23224,1.849028726003673
23225,2.56291287440518
23228,0.6928304921029358
23229,1.52478091203066
2323,0.0495192289370227
23230,1.1134951054594784
23231,0.8361998965972457
23232,1.8753349876994172
23233,1.724704487632833
23234,1.8878524440440672
23235,1.4968410208213614
23236,0.4836129464704479
23237,0.058501008843608
23239,1.7108804311723862
2324,1.1858332080617138
23240,1.9299899187523128
23241,1.8001714023199202
23242,1.854312059900649
23243,1.8492759700408232
23244,2.229853682395845
23245,1.4690172630875244
23246,2.4923554208249277
23247,1.4746570225631828
23248,2.2721903206883693
23250,1.4752893867239465
23251,0.3822161368138974
23252,1.205045422723886
23253,1.786004041375013
23254,1.428309017847187
23255,1.6058235423506642
23256,1.309199416166032
23258,2.3396929621736753
23259,1.8466437890784857
2326,0.984985712012833
23261,1.3061150417966003
23262,1.5684046846165167
23263,1.694690422496071
23264,1.9248412676938085
23265,2.1359693000900255
23266,0.9759040975530008
23268,2.253029675510703
23269,1.3845411281902125
2327,1.0853413309666151
23270,2.108229820306513
23271,2.1277473875911346
23272,2.154437254571828
23274,1.6581749448031238
23275,1.578131195215544
23276,1.6085851207180524
23277,1.861793927438517
23279,1.937455846141006
2328,0.4436950095059055
23281,0.0378567710724885
23283,2.31934995060724
23284,0.0453866897349848
23286,1.9934398357492036
23287,1.201821696407498
23288,1.7550588751387102
2329,1.1161084298018624
23291,2.4020415360351373
23293,1.2581767696176651
23294,1.8891478653434095
23295,2.1601455614771248
23299,1.8276244796352543
2330,0.6146338371778239
23300,2.2496705051041723
23301,1.7156409513222823
23302,0.2216577078869951
23303,1.678568013445748
23304,2.049326042324755
23305,0.0890112847364733
23306,2.155771948076148
23307,1.5626565946883462
23308,0.2993290033426907
23309,1.9509664017162895
2331,2.208840515488387
23310,1.485041949073883
23312,1.1928962705485802
23313,1.9576999761098797
23314,0.9136283412529608
23315,1.486833230521358
23316,0.0191397532419228
23317,2.006161625954801
23318,1.1426701602698202
2332,2.177791157850154
23321,1.111947243944588
23322,0.9107475197081308
23324,2.066966043550534
23325,1.8530234730801052
23326,2.537101906955203
23327,1.0503806083798377
23328,1.2811892241236935
23329,0.9499713655708284
23331,1.3947737909583175
23332,2.0481140194135117
23333,1.7209421457347764
23334,0.8401112400477131
23335,1.6968944049186447
23336,1.4116328916985974
23338,2.061206380429781
23339,2.189260004307283
2334,0.1250988793227
23341,1.6918994116828137
23344,2.540830497121049
23345,0.6625199818074752
23347,2.0089165105495237
23348,1.9272867829829183
23349,0.0123974780415539
2335,3.2716831744653936
23350,2.0614384955695972
23351,2.1126945857595767
23352,1.7982207735365865
23353,2.242647955591318
23354,1.6097213453764132
23355,1.823305310385862
23357,1.5948478779988875
23358,1.734283102863542
23359,0.1867022992794706
23360,2.1138835828181626
23361,2.117446182058647
23362,0.7505151907650263
23363,2.0531138351228058
23365,2.0379737018541824
23366,1.5857250483516014
23367,2.6033347948585503
23368,1.7543214481059008
23369,2.684748341340822
23370,1.7347316600099616
23371,2.0750200907427123
23373,1.5302814375199465
23376,2.070955832570844
23378,1.7275115381964283
23379,1.8929410769533748
23380,1.6854435961182486
23381,2.4042307459315575
23382,1.9989187630210217
23383,2.046518679037913
23384,2.0561692379924605
23385,2.5902989186574574
23386,2.376894274312058
23387,1.9015357485671172
23389,2.1079331187410366
2339,1.7809546502024631
23390,1.7214944379933366
23392,2.168277331215654
23394,2.599170478344584
23395,1.5206685071941386
23396,2.11323683254804
23397,1.887982172992944
23398,1.8650271056027936
23399,2.228266043832057
23400,2.247818632102742
23401,1.9532189274835523
23403,2.0937980805940017
23404,1.7037489141167412
23405,1.786059319448823
23406,1.802304617185446
23408,1.586157761573228
23409,0.540619562034321
23410,1.857762832247408
23411,2.1951995907488464
23412,1.8860579255603676
23413,1.5216206405869306
23414,0.9621064457977336
23415,0.0189362275154237
23416,0.1058773024419657
23417,0.7950095588926334
23418,0.0029089440711514
2342,1.412374858213409
23420,2.361924919322458
23421,1.4425221144180698
23423,2.0383677049648745
23424,1.7539046022555902
23426,1.4844220085165092
23428,2.3782725463012766
23429,2.210648173458284
23430,0.2023358143890825
23431,1.838703687710521
23432,1.4876201760715575
23433,2.0711173289735862
23434,0.0
23435,2.406786583078082
23436,0.0
23438,2.2079074549667577
23439,0.0
23440,0.0
23443,1.481547246492656
23446,2.2453137981324303
23450,2.169712003106818
23451,2.650128010473126
23452,2.309003206689499
23456,2.298791812814098
23457,0.7271378801443101
2346,0.8499192507950993
23460,0.3459044228515163
23461,1.7766818408426066
23462,1.4700534834849857
23463,2.3261797874439685
23464,1.773585580101258
23466,1.4747661087584552
23467,0.6580279438190567
23468,2.1835197826903885
23469,1.7963042749445106
23471,2.755510285053864
23473,2.126783583582306
23474,2.0364171716863937
23475,1.0687933817174449
23476,2.149753856929798
23478,2.507184092828008
23479,2.3033856303626736
2348,0.7194299811366088
23480,2.598164271979849
23481,2.3287016011584623
23483,1.8423449028110224
23484,2.2434938190051033
23491,0.2072101800793139
23492,1.1302942468453676
23493,1.0151073353060625
23495,0.0495192289370227
23498,0.8349134159572603
23499,1.597236178097152
2350,0.8120810089459634
23500,0.6998491039106338
23503,1.4513361945614054
23504,0.1444063892768966
23505,2.001201401906022
23506,1.9267062563698736
23507,1.6468951041548634
23508,2.0944046700455687
23509,2.3142085019892784
23510,2.564796521528156
23511,2.124778515133418
23512,2.1478351428286926
23513,2.6147259360179365
23514,2.012483415678018
23515,1.8938795776638893
23516,2.235982488872728
23517,2.157457603052842
23518,1.9190171682146284
23519,0.0
2352,0.1207859468404668
23521,3.236890467045801
23522,1.9432728719327088
23523,2.1240208056747494
23524,2.712837483085683
23526,1.3176643084337352
23527,1.9001873024582232
23528,2.2746434566726483
23529,1.8860144811764843
2353,2.6818971179017157
23530,2.049120504538512
23531,2.072127765510539
23532,0.009520858735307
23533,0.5117529458957238
23534,2.307165023671586
23536,1.63528184831923
23538,0.0
23539,0.3550785463363491
2354,1.448077902841364
23541,2.038538115340963
23542,2.003438259596182
23543,1.9824188442130135
23544,1.8622178971933212
23545,1.393595593124633
23546,0.1318817104701158
23547,0.2672534170449826
23548,1.4670269287018924
23549,2.452963367888844
2355,2.3626174481854636
23550,1.9208379084353973
23551,1.1581686987865367
23552,1.0687006474188887
23553,0.1990697104555288
23554,1.820879545139369
23555,2.588244080598257
23556,1.619743194862414
23557,2.6181851630605775
23558,2.7893188124892516
23559,0.9846122267951049
2356,2.5095695191401246
23560,2.20691673663781
23562,0.2592529613172205
23563,0.010754888621307
23564,2.8740987263488647
23566,0.1236637478282847
23567,1.3912825441324848
23568,0.3844129576717742
23569,0.0812988122919001
2357,0.6087773912275745
23576,2.3253364941018777
2358,0.1033047896802982
23580,2.6447209207729103
23581,0.0
23582,1.9241307434955544
23583,1.8109188489580648
23584,0.3907095352383978
23585,2.622502019024768
23586,2.172076595936915
23587,1.9746402079071188
23588,2.0789609308472947
23589,2.0284578719766917
2359,1.2898569038711007
23590,1.472119425639958
23591,0.0
23592,2.2120918120359963
23593,1.8454941082374552
23594,1.4961940936099944
23595,1.8669803219651484
23596,0.4056606798125319
23597,1.19806156990667
23598,2.514290929585693
23600,0.5731757778794394
23601,0.5188901413104611
23603,2.332759747180974
23604,0.922841374424339
23607,2.437757064414946
23608,2.629761218106236
23609,1.7797333959506183
23612,2.267609955290338
23613,2.007649952504684
23616,0.8639345684881572
23617,0.0
23619,0.011781879253164
23620,0.0
23621,1.3160892715676022
23623,2.44155907991997
23624,2.524063480852504
23625,1.5906172807428398
23626,0.0195466581122431
23627,0.3503702974355756
23630,0.0242120678044732
23632,0.6706365559273005
23633,2.009982495029086
23635,1.91717198679434
23636,2.4174299163777433
23637,2.474875206076502
23639,1.096457685807225
23640,2.35578688947086
23641,2.0312595275469874
23642,2.2585902770472304
23643,1.8433105101313887
23644,1.8475516890055177
23645,2.2472414940608805
23646,2.5987116879603747
23647,2.3647292087518843
23648,2.0292295036085815
23649,1.0764854888768292
23650,1.2960428059541524
23654,2.391695603375737
23657,0.6815675393162742
23658,2.008859319898479
23659,1.447409851780799
23660,1.6872501211407525
23670,1.8536541619223912
23671,0.01219232802879
23673,2.2110477775560695
23676,0.0530452976713926
23677,1.9409094002533325
23678,1.6904009340288209
23682,1.6556676495633391
23683,1.6293469108068392
23704,2.6676059788892745
23705,1.2361859962543829
23708,0.7880542461596818
23710,1.886778422346551
23729,1.0424836578185976
23731,1.8886042935884495
23732,0.0070474104382352
23738,0.112273749424129
23741,2.9090292818902292
23742,0.0
23743,0.796449338566851
23746,0.0
23749,0.0
23753,2.657315146784575
23757,0.0
23759,1.985457226315085
23760,2.265552430248157
23761,2.142506708828744
23762,1.569284211639368
23764,1.3704653249909828
23765,1.8454461353773004
23766,0.0193432301006561
23767,0.2960063359606907
23768,0.2251499320535076
23769,0.1660003253041142
23770,2.7407879447036008
23772,0.0
23774,1.9993685640633043
23779,0.8329448809734319
23780,1.865246622720021
23781,0.0
23784,0.1579480590982811
23786,2.1867642221459405
23787,2.736975835531864
23788,2.6198111225979903
238,0.0146508621545966
239,0.3768915868124113
2395,0.9834369212268604
24,0.7266587159999359
240,1.5302814375199465
241,1.7188293312940377
24137,2.2171149716305183
24138,2.1836180688728333
24139,2.2573671229321706
24140,2.2565745863534663
24141,2.244899983874282
24142,1.5969995885104928
24144,1.8873071278733744
24145,1.92257103741484
24146,1.332729067001358
24147,1.9960051063101305
24148,2.856553357953784
24149,1.8862403411007749
24150,0.0
242,0.051284114267885
2444,1.4608055408965217
245711,0.1431800483883791
245802,0.0
245806,0.0
245812,1.7118392801904243
245908,0.0
245909,0.0
245910,0.0
245911,0.0
245913,0.0
245915,0.0
245927,0.0
245928,0.0
245929,0.0
245930,0.0
245932,0.0
245934,0.0
245936,0.0
245937,0.0
245938,0.0
245939,0.0
245940,0.0
245972,0.3935196035363652
245973,0.3556147916337492
246,0.051871586053616
246100,0.0
246119,0.0045667467349953
246122,0.0
246175,2.015467948640961
246176,0.0
246181,0.5008035125254379
246184,1.5684406157747193
246210,0.033066130062972
246213,0.0573349127789155
246243,1.808807946353138
246269,0.5191053260257926
246285,0.2165506698612004
246312,0.0
246329,0.618854005772164
246330,1.6629579575998337
246717,0.0
246721,0.215268792123166
246744,0.0777003520403405
246777,0.3820867135125049
246778,0.201846744967738
247,0.7157051123064903
2475,1.7747450485180365
248,0.010754888621307
2483,2.359435843341364
2487,1.4783524707456237
2488,0.0
249,1.0024924960511483
2491,1.5055632278480198
2492,0.0
2494,0.4868811810061266
2495,2.6352451579455205
2497,1.2519741311527113
25,2.1920526830246296
250,0.0
251,0.0
2512,3.4866070534249376
2515,0.0
2516,0.031262604438497
2517,2.419402076685603
2519,2.1478438482439035
2520,0.0
2521,2.632504218818611
2523,1.619517825110249
2524,1.479822918184135
2525,0.0671953437318986
2526,0.4749781425206428
2527,0.0698819152678692
2528,0.031262604438497
252839,2.665811924567546
252840,0.0
252841,0.0
252884,1.2990322722969807
2529,0.0629560650472485
252949,0.0
252951,0.0
252952,0.0
252954,0.0
252955,0.0
252968,0.0134224851965348
252969,1.8715258638347805
252983,1.254784090872892
252995,0.5288290883275357
2530,2.4670779347602254
253012,1.5411350457323327
253013,0.0
253017,0.0
253018,0.7757024467317652
253044,0.0
2531,2.246431178640598
253128,0.0175101773978301
253143,2.1409745675142435
253152,0.4828218725218858
253175,0.0
253190,0.6423878742333502
2532,1.5615641730924756
253260,1.717600783551669
253264,0.0136273381928503
2533,0.6354839885915995
253314,0.0
2534,1.4940384498339785
253430,1.4732367015516885
253461,1.9623597326787128
2535,0.8811889656808901
253512,1.4504663419576074
253558,1.1049301036200316
253559,0.1182595860883647
253573,0.0
253582,0.0959103684817372
253635,1.7164856577479335
253639,1.2348379729007786
253650,0.5629265476423145
253665,0.4563441840621564
2537,2.961829510909645
253714,0.8821968816668895
253724,0.2021728243568805
253725,2.005918342408809
253738,0.3894287690187129
253769,0.6193213448008056
253782,2.613833526437846
2538,0.0164900995891271
253827,1.7876702802361542
253832,1.945547392192902
2539,2.150441537832703
253935,0.0
253943,2.22073390206978
253959,1.504353129227461
253962,0.0447946653885956
253970,0.0
253980,1.7547735687988086
253982,0.3414123933619201
253986,0.4227769240880622
254013,1.004561747739814
254028,0.0
254042,0.9251382310930754
254048,1.7516466635974195
254050,0.0506962311574882
254065,1.4506724969301483
254099,0.2327166047192115
254102,1.977077958075104
254122,0.1883623024484596
254128,0.89038936760094
254158,0.0193432301006561
254170,1.544075257999088
254173,0.035464851664874
254187,0.0173062599854029
2542,1.326287862009491
254225,1.6879153021776048
254228,0.9333722397073928
254240,0.0
254251,0.9882306945807005
254263,1.2151798536383376
254268,0.0623763134303502
254272,0.0
254295,1.630354525344925
2543,0.0
254359,1.9316293573835277
254394,1.1067141077954434
254427,2.100355983036803
254428,1.9707651672591149
254439,0.0
254528,0.157431366533768
254531,1.7177043726387071
254552,1.4588719892117037
254559,0.1173554320033511
2547,2.808709194854502
254773,0.3198149887249777
254778,0.2425397987322351
254783,0.0
254786,0.0
2548,2.62844923318865
254827,0.8283738083072298
254863,1.960346852304984
254879,0.0
254887,1.2524769754111975
254896,0.0
2549,2.393552331314463
254910,0.0
254950,0.0
254956,0.0
254973,0.0
2550,1.5707524160083974
255022,0.135252207441062
255025,0.0
255027,1.6641567913611743
255031,0.9501972309100516
255043,0.5088128186616873
255057,0.363746233807929
255061,0.1929922007033621
255082,0.3448178579210003
2551,1.885048814055352
255101,0.0270393423001977
255104,1.8116478842847563
255119,0.0
255130,0.0097266548872287
255187,0.0221867865316464
255189,1.4551864516439073
255193,0.0
255220,0.0
255231,0.4188426046880013
255239,0.3816983109679298
255252,1.4822567733817982
255275,0.0708393147493007
2553,2.013727731770915
255308,0.1375503727556631
255313,0.0
255324,0.0
255349,0.0
255374,1.0308336065679735
255394,0.9790361404925128
2554,0.0043596979037672
255403,0.411907427092843
255411,0.0
255426,0.0119871284396815
255480,0.6285108016678256
255488,1.963448102459578
2555,0.0232000328901817
255512,0.6145397658787405
255520,2.21237764129666
2556,0.0173062599854029
255626,0.0
255631,0.2774003643749096
255649,0.0
255654,0.0
2557,0.0
255725,0.0
255738,0.0310619747051902
255743,3.18032550033022
255758,0.9261367809486508
255762,0.1020155256679961
255783,2.301365763541885
255798,0.0193432301006561
2558,0.0099324012091867
255809,1.2948051440993238
255877,1.5865209319024989
2559,0.0
255919,1.7549162455208325
255926,0.0
255928,0.0128076294222381
255967,2.4390356745069957
2560,0.0818655711838594
256006,0.2143060330373782
256021,0.0294552189612712
256051,0.8173950537790181
256076,0.0037382490083226
256085,0.0
2561,0.1576036338499989
256126,0.8417898648851051
256130,0.0
256144,0.0
256148,0.0
256158,0.2041265232242545
256190,0.0
2562,0.0282481437700031
256223,0.0
256227,0.0274424681999785
256281,2.030965911631794
256297,0.0217811482126814
2563,0.7259393285265248
256302,1.1368043845272358
256309,0.6793438704534895
256329,1.072168206987819
256355,0.3027810825165379
256356,1.465317707503362
256364,1.981764636557752
256369,0.0
256380,0.0314631865193807
256394,1.7612063620060006
2564,0.170081522887999
256435,0.3069320026278125
256471,1.3905349959228006
256472,0.0280467968559265
2565,0.010754888621307
256536,0.0
256586,2.0578689089870568
2566,0.0
256643,1.2673171598347257
256646,0.0
256691,1.4699433505075807
2567,0.0168982779780871
256710,0.1009088407219797
256714,0.0792173887819751
256764,0.8467330696331018
2568,1.7113535486489686
256815,0.0
256892,0.0
2569,0.0467664613262632
256933,0.0
256949,0.5017957392922876
256957,0.0934928992017695
256979,0.0207662015448037
256987,2.1904067628874997
257,0.0
2570,0.0831865093464727
257000,0.5519113667910065
257019,0.4972646105338807
257044,0.1562244731360848
257062,0.0
257068,0.1236637478282847
257093,0.67124361522531
2571,0.0260306859239784
257101,0.202009801220362
257106,1.0564717711228926
257144,1.6583672397624367
257160,1.4456085763340627
257169,0.2003777465210845
257177,2.0541350944300274
257194,0.4833870124794141
2572,0.01219232802879
257202,0.0
257203,0.0553878071845259
257218,0.6441031581971856
257236,1.284641549690123
257240,0.0
257313,0.009315012732202
257364,1.9098440126471217
257396,0.3013445768910261
257397,1.5735507977563357
257407,0.0461754078434364
257415,1.5481051177779694
257468,1.7942814867265318
25758,1.0910822519096248
25759,1.9268867812967816
257629,0.0
25763,0.18153447501312
25764,0.145106329829701
25766,0.9859450507292328
25769,0.6164187931976987
25770,0.0
25771,1.6698874270721469
25774,0.0
25775,0.0777003520403405
25776,1.7249974639154495
25777,1.7877914071529564
25778,1.994787258926581
25780,1.0489918270517484
25782,2.048262875773287
25786,0.8921267413226475
25788,0.8809998028060778
25789,0.5275543026248639
25790,1.1489203772066772
25791,0.2534663950395903
25792,2.3736243313702845
25793,2.134440346002199
25794,1.2577455460416298
25796,2.4346339235459307
25797,2.2809059785361967
25798,2.2324106079694337
25799,1.2951457871186836
258,0.0
2580,2.0927239656634966
25800,3.615842632999526
25801,1.4393930676526536
258010,2.241567719517617
25802,1.7845310030536812
25803,3.0178038674427583
25804,2.7982701644604413
25805,2.0215703196876973
25806,0.1137288585710933
25807,2.0934944067982673
25809,1.5193363396442017
2581,1.910711210407306
25813,1.4677355212847254
25814,2.5196890820733744
25816,1.2597660180323065
25817,2.121264722843232
25818,0.7942884803479043
25819,1.8776034788691909
2582,1.7446674584190058
25820,1.9184965692852909
25821,0.9744405766314348
25822,1.010062355291725
25823,0.1333025569412144
25824,3.0749683411465707
25825,1.2755033754752638
25826,0.0
25827,1.537965994127303
25828,2.4749339607834324
25829,2.243325476440755
2583,0.2880029443553827
25830,0.0
25831,2.3370602888732543
25832,0.6830175734801816
25833,0.6496710183111852
25834,0.0012479070270007
25836,2.0954436324273176
25837,1.319234668800733
25839,1.926572772103364
2584,2.4135210988098157
25840,2.222816824191354
25841,0.6523491313204828
25842,1.8083781996596209
25843,2.02001226850587
25844,2.730727526826636
25845,0.0871367817651098
25847,2.4407060411360817
25849,1.807138913671381
2585,1.1507740859882696
25850,0.8864627143548056
25851,1.2824270112318137
25852,1.8537670191530948
25853,2.6424248683683125
25854,0.6470722737260443
25855,2.3755253091190576
25858,0.0
25859,0.0029089440711514
25861,1.5359505887437723
25862,0.7536684200677101
25864,1.4496867639641386
25865,2.197854382077788
2587,0.0
25870,2.505035759983558
25871,2.0197900472976977
25873,2.996762840073389
25874,2.8339029233040023
25875,1.9094015091221637
25876,0.9218966204014596
25878,2.4987728824737596
25879,1.8815497270892032
2588,1.3372943207340129
25880,1.9269573991367333
25884,0.3700843501038117
25885,1.6781577628850342
25886,2.1107106162554823
25888,1.3003215002130923
2589,2.583639006167257
25890,0.7475792946391352
25891,0.7601583537089788
25893,0.2203840078521228
25894,1.1184971624698146
25895,1.7357268054079895
25896,2.060475927925512
25897,2.1580585812085205
25898,1.5925667534498786
259,0.2739829642168674
2590,1.9012429926215797
25900,0.9717755687043552
25901,2.1002913836235098
25902,1.2211371023223767
25903,2.181571929955829
25904,2.0590440570017132
25906,1.307871097605269
25907,1.8838537730863747
25909,2.0183858072302625
2591,0.7722796400616838
25911,2.27442994413124
25912,3.06753519897735
25913,1.74511760493226
25914,1.1275352561163727
25915,2.6763157913322364
25917,2.129497721276008
259173,0.6539510278899517
259197,0.083940390516352
2592,1.547579778465451
25920,2.4501787660348944
25921,2.561590828773051
259215,0.0
259217,1.2892938311094773
25923,2.2989398417931035
259230,1.878870098751868
259232,0.1131834935159202
259234,0.0410354741801234
259236,0.0489301088118718
259239,0.1966113887139408
25924,1.0445160789519594
259240,0.0
259249,0.0
25925,1.275696014663951
25926,2.53464899181461
259266,1.7366576961465168
25927,1.194350362374366
25928,0.4497509922296036
259282,1.89416921861637
259283,0.0332662841654657
259285,0.0
259286,0.0
259287,0.0
259289,0.1601832752529271
25929,2.1112558490276183
259290,0.1311703628083161
259292,0.0
259293,0.0211723261778742
259294,0.2745783649953818
259295,0.5222183338547858
259296,0.0
2593,2.535564031650851
25930,2.359090901108244
259307,0.991511205435214
259308,0.0252228938178094
25932,2.554169249899336
25934,1.9542378705320491
25936,1.7486538199639052
25937,1.9856800914440027
25938,1.4258123588812128
25939,1.6540132640869896
25940,2.0888112643591765
25941,2.280265235122516
25942,2.2896475387759225
25943,0.9907719931754594
25945,0.513814806691338
25946,2.1403038411649566
25948,2.3591071148634253
25949,2.0970366547827464
2595,1.19806156990667
25950,0.8828260157382563
25953,2.2383161550782606
25956,0.6742708745397795
25957,1.8720927622837211
25959,2.197835518426022
2596,0.2021728243568805
25960,1.7218408714398878
25961,0.6916536468461693
25962,2.175718453950044
25963,2.4764985889213893
25966,1.7818041029772766
2597,3.255093582257155
25970,1.8888891127601009
25972,2.3755736756348806
25973,1.4563198932305663
25974,1.0280093602042168
25975,0.3899413359089229
25976,2.34976636907734
25977,2.0279022842856924
25978,2.023250487089153
25979,1.759903955455443
25980,2.423536634220139
25981,0.4702773918155307
25983,2.150004863925618
25984,1.0209149723021744
25987,2.072996244197463
25988,1.03888572852871
25989,2.2264558517071493
25992,0.8718530135949529
25994,2.198269121763986
25996,1.5723942469524887
25998,2.0731086750188297
25999,1.796455325621494
26,0.0374585887741673
26000,2.262261179260697
26001,2.629340592005463
26002,0.8711488561683158
26003,2.5666399378150735
26005,1.789253216541779
26007,1.985747600883772
26009,1.6064699354019554
26010,1.8519575804967192
26011,0.8288528983113683
26012,1.7406687273797965
26013,0.4656621752294618
26015,1.8818746623592184
26017,2.6786346896734017
26018,2.581199522520531
26019,2.1249224383865704
26020,2.630709853898426
26022,2.432871277011879
26024,0.8101122074015513
26025,0.6176374597668
26027,0.0744674501196066
260293,0.2533135427632819
26030,1.8607783053739988
26031,0.8403129063271118
26032,1.014853550642847
26033,0.1997239947427288
260334,0.1236637478282847
260338,0.0
26034,0.096838290181438
26035,2.3286480964377354
26036,1.398190528998246
26037,1.823952504824959
26038,0.010754888621307
26039,2.0593442086510674
26040,1.582039488609083
260425,1.943709277600317
260429,0.0168982779780871
26043,1.916721429466029
260434,0.0
260436,0.0
26045,0.1007242492434112
26046,1.7874499610342174
26047,0.617918389133058
26048,1.6511373004124017
26049,0.9362660875094498
26050,0.0581124904196997
26051,0.7450191697865547
26052,0.4464322606088483
26053,2.0039857775840497
26054,1.866296844540438
26056,2.2141380005100393
26057,1.9428435185192416
26058,2.033338233376675
26059,0.0310619747051902
26060,2.254798844762055
26061,1.6377799210477362
26063,1.8711745315040615
26064,2.1120938045466575
26065,2.686813859693472
26070,0.0
26071,2.607095235255365
26073,2.708285110167217
26074,0.1842058707502884
26080,0.0818655711838594
26082,0.0
26084,1.9124074367056387
26085,0.0138321417599086
26086,1.5226104522473092
26088,1.7873618013801476
26090,2.530798132591874
26091,1.6723315044251437
26092,2.3916454931076925
26093,2.249583014772366
26094,1.513890105243816
26095,1.1657423712479793
26097,2.436473042680438
26098,1.2233325064772609
26099,2.2683981705855807
26100,2.117967134152274
26102,0.0
26103,0.0
26108,1.4767038138700097
26112,1.1313358612759206
26115,2.3305458866241904
26118,2.0667046916838534
26119,2.098208118165437
26121,2.125557795405238
26122,1.873609608649224
26123,2.435466164684331
26127,1.8680442705205096
26128,2.1932705395279024
26130,2.1442521876875302
26133,2.6442756739368796
26134,0.4585678761823063
26135,2.452251643454793
26136,1.8732959319292493
26137,0.1941455275186967
26138,0.0
26140,1.158248115981826
26145,2.400787042250673
26146,2.003844142362173
26147,1.8924111405833404
26149,0.3629502500681105
2615,2.1916304124700337
26150,0.8496543391302473
26151,2.167384876552181
26152,1.1074522073381758
26153,0.6320061337478721
26154,1.673119399572284
26155,2.1879386610209535
26156,2.670062010596784
26157,1.1794069995236147
26160,1.2982633920985531
26164,2.0548499984598543
26165,0.0
26166,1.3867548184461462
26167,0.5892532796602422
26168,1.47848239301473
2617,1.959054583547322
261726,2.4775124544840517
261729,1.2610868440650764
26173,2.200312899132533
261734,0.6537732228651794
26175,1.7947149814652863
2618,2.1456958469475205
26184,0.0
26188,0.0
26189,0.0
2619,1.9869674806216937
26190,2.3550886275638026
26191,0.2606172693978964
262,1.885431876432873
2620,0.4665875346150472
26205,2.060099071780338
26206,0.3688999641191207
26207,1.7958291931256931
2621,1.857464722922231
26211,0.0
26212,1.353922543238005
26219,0.0376577034343075
2622,1.3505888380262907
26220,0.0408371562480633
26224,2.0290728937677205
26225,1.7821501050157222
26226,0.1480744014416773
26227,0.8313111967260587
26228,0.4354222316688882
26229,2.383839255489786
2623,0.1746484396889903
26230,0.4670497789328722
26232,0.4973754616859084
26233,2.0548556221754866
26234,2.655245967454783
26235,1.4824501030191768
26238,0.0828093123943021
26239,0.0
2624,2.3290555273573035
26240,2.0305460626353526
26242,0.0
26245,0.01219232802879
26246,0.0082850342053478
26247,0.0
26248,0.0625696085978943
26249,0.2422298130789489
2625,3.206135240959971
26251,0.0489301088118718
26253,0.1407218323048948
26254,0.0
26255,0.0
26256,1.0753403742618377
26257,0.0
26258,2.1949980398687443
26259,1.917597938738057
2626,0.0
26260,1.7050698828304929
26261,0.1119095706081079
26262,2.0721384999588164
26263,1.5785182159369384
26266,0.4996994506783486
26267,0.4185960217415813
26268,2.173139522743599
26269,2.1135387936558607
2627,0.4444100486698154
26270,2.0908111153916877
26271,1.5100490712335253
26272,1.521382783297803
26273,1.8868391285556831
26275,1.654789043305283
26276,0.7380652541525784
26277,2.5613645819788404
26278,0.7857924236248301
26279,0.1016467951358945
2628,0.2454786304334116
26280,0.0641143646112851
26281,0.0
26284,2.543585416428596
26285,0.0
26286,1.9065628038833136
26287,0.2559080167354376
26289,0.5591719328949126
2629,2.268894063755104
26290,0.1424784549426613
26291,0.0264342928541542
26292,2.029452259276294
26297,1.431055408003008
26298,1.8361994550694951
26301,0.311628633700008
26307,0.0
2631,2.340607464729349
2632,1.9018951284622732
2633,1.8699470007294705
26330,0.0
26333,0.009520858735307
26338,0.0
26339,0.0
2634,2.0130495192307514
26341,0.0
2635,1.6625039095006011
26353,2.7303311346746018
26354,2.607302378145153
26355,2.2419690700601502
2636,0.0
2637,0.0154687933557568
2638,0.0
2639,2.0200678034303747
2641,0.0
2642,0.032865928486596
2643,1.9310551607843915
2644,0.3682411747744474
2645,0.0138321417599086
2646,0.0227948798627598
26468,0.3283323045897103
26469,2.5008104606134127
2647,1.694226467987872
26470,2.119789257935397
26471,1.2390782138959382
26472,2.6790286757258106
26476,0.0
2648,2.3328226330174098
2649,0.9310474096432472
26492,0.0
26493,0.0
26494,0.0
26495,0.0
26496,0.0
26497,0.0
26499,1.1942758856740818
265,0.0
2650,1.372259328968383
26502,1.823598694603936
26503,1.937410001427563
26504,2.391407359051545
26505,2.163250928517359
26507,0.0288518968796068
26508,1.872622953612416
26509,2.6477068735270155
2651,0.4519945553822774
26511,2.1860115837027343
26512,1.3213016041045174
26514,0.0
26515,2.20049639601753
26517,2.573138957447058
26519,2.7003354437424925
2652,0.0
26520,2.3635460787692097
26521,2.490571592857772
26523,1.4495031565658545
26524,1.6754178726883993
26525,0.0
26526,0.1088075433050862
26528,2.180736618247568
26529,0.0
2653,0.3446819290378812
26530,0.0
26531,0.0
26532,0.0
26533,0.0270393423001977
26534,0.2028245859775974
26538,0.0
26539,0.0396462670429822
26541,0.0
26548,0.3679774993526651
2657,0.0
26574,2.293167697200398
26575,0.233500677344822
26576,0.1594961705535451
26577,0.4405885279206463
26578,2.7658398145414425
26579,0.6578511870346717
2658,0.0
26580,0.8798636384229863
26583,0.0
26585,1.8978904245652564
26586,2.003882775363006
26589,0.3678456273961285
26591,0.0
26592,0.0
26595,0.0
266,0.0
2660,0.0128076294222381
26608,2.2091108117521774
26609,0.0
2661,0.5137064337140409
26610,0.7447859433050401
2662,0.1596680011708285
26637,0.0
2664,2.709713556745198
26644,0.112091680115918
26645,0.071221967357895
26647,0.0
26648,0.0
2665,2.827126115572874
26651,0.0
26658,0.0
26659,0.0164900995891271
266619,0.0
266623,0.1997239947427288
266625,0.0
266629,0.0
26664,0.0348658102965977
266655,1.3164462945102824
266656,0.0
266657,0.2363169510329401
266673,0.0
266675,0.2149480012246582
26669,0.0
266694,0.0
266722,1.7670246840399593
266727,0.9664104643944584
266740,0.0
266743,0.0310619747051902
266747,0.0664261626900539
266783,0.1463297841307743
26679,0.0
2668,0.0677717653179942
26681,0.0
266812,1.198209505336123
26682,0.0
26683,0.0
26685,0.0
26686,0.025020825205399
26687,0.0097266548872287
26689,0.0
2669,2.193870231386548
26690,0.0
266917,0.0
266919,0.0
26692,0.0
266920,0.3732337282394972
26693,0.0
26694,0.0
26695,0.0
266954,0.0
26696,0.0
266977,0.0144462560950847
267,2.8139082640113227
2670,0.0829979322484961
267002,1.4344733474413545
267005,0.0
267006,0.0
267008,0.0
267009,0.7683138588776371
26701,0.0
267010,0.0
267012,0.0
267017,0.0
267020,0.0442022240997431
26707,0.0
2671,1.6179209872875775
26716,0.0
26717,0.0
2672,0.0752292615879394
2673,2.5675006378494056
26735,0.0
26737,0.0
2674,2.677956710037119
26740,0.0
26742,0.0
26747,1.363661440796925
2675,0.1646353512832717
26750,2.027279294633965
26751,1.7568259471284118
2676,0.2226116503176634
26762,0.0
26765,0.7364925745883903
26766,0.0
26767,0.0
26768,1.3828942122183254
2677,1.7486900016773572
26771,0.0
26772,0.0
26773,0.0
26775,0.0
26777,0.0
26778,0.0
26779,0.2372534944972522
2678,0.4472633369318851
26780,0.0
26781,0.0
26782,0.6848045510694936
26783,1.7816030696482197
26784,0.0
26785,0.0
26786,0.0
26787,0.0
26788,0.0
26789,0.6323730440996449
2679,0.0130126308322217
26790,0.0
26791,0.0
26792,0.0
26793,0.0
26795,0.0
26796,0.0
26797,0.0
26798,0.3606904420989562
268,0.554271466905842
26800,0.0
26801,0.0
26804,0.0
26805,0.0
26807,0.0
26808,0.4148875049406991
26809,0.0
2681,0.6215602303445739
26810,0.0
26811,0.0
26812,0.0
26813,0.0
26814,0.0
26815,0.0
26816,0.0
26817,0.0
26818,0.0
26819,0.0
26820,0.0
26821,0.0
26822,1.709669044030746
26823,0.3681093484764645
26824,0.0
26826,0.0
26827,0.0
26828,0.2631878694942116
26829,0.0
2683,2.8130236246116884
26830,0.0
26831,0.4633436824747013
26832,0.265147976990959
26834,1.6581453537099635
26835,0.6590875333026617
26852,0.0
26853,0.0
26854,0.0
26855,0.0
26858,0.0
26859,0.0
2686,1.501076950149072
26860,0.0
26863,0.0
26864,0.1961188209270054
26865,0.0
26866,0.0
26869,0.0
2687,2.3724631011608515
26870,0.0
26871,0.0
26872,1.588711262376873
26873,2.2117006718159464
2688,0.0
2689,0.0
269,0.0666185243177208
2690,2.246405006900673
2691,0.1717759771350716
2692,0.0449920531388688
2693,0.0
2694,0.0
2695,0.0
26952,0.0
26953,2.137576860635069
26958,2.4887541712908905
26959,1.9917222914643904
2696,0.7581799196796976
26960,1.2572807680372735
2697,2.7241010685330957
26973,1.647561981905504
26974,0.7856462318901744
26983,0.0
26984,1.6553253445845706
26985,2.3943399577073916
26986,2.9902259839643124
26993,2.1074023404542936
26994,2.478186969669455
26995,2.201841548517982
26996,2.3455619781806942
26998,0.0
26999,1.5601402479299489
27,1.7493648396593795
270,0.0677717653179942
2700,0.0920017153720052
27000,1.7791832510742247
27005,2.1499010205508267
27006,0.0506962311574882
2701,1.7976187654409093
27010,0.2595563449866687
27012,0.0
27013,2.5905476727515957
27018,2.8668133450748106
27019,0.1384325675089229
2702,1.5340039313034293
27020,2.725647690506496
27022,0.0679638175237219
27023,0.0
2703,0.0
27030,1.857483361094296
27031,0.7118779083308554
27032,2.4465279167377822
27033,0.1454560752901778
27034,1.1906142995246671
27035,1.130377645713049
27036,0.3881458297714268
27037,2.045326338749118
27039,0.0306605722017031
27040,0.0242120678044732
27042,1.7369923307535802
27043,2.172462381724965
27044,2.78150071410848
2705,0.0453866897349848
2706,2.561054377518534
27063,0.0199533676763937
27065,0.1790219919026922
27067,1.979322029307828
27068,2.163121736878522
27069,2.921537484946405
2707,0.1146369993408919
27071,0.9765534268606454
27072,2.056600482818495
27074,0.4457191677612108
27075,3.3357171590431465
27076,2.267588460233576
27077,1.1971360822651766
27079,1.670118024760915
27085,1.245598196702132
27086,1.3232430464521756
27087,0.0420263638480368
27089,2.6309146054434165
2709,0.308785584733161
27090,1.6352040495456304
27091,0.0033236975274522
27092,3.0260301776885927
27094,0.5683709966720246
27095,2.165961305251305
27097,1.8590366721231413
27098,0.6586462357225081
27099,0.2173508005232572
271,1.4104186744703922
2710,0.9393763493002056
27101,2.5811797449307425
27102,2.7561308065247094
27106,1.7560796781018506
27107,1.906422404428705
27109,1.2733475467576203
27111,1.1108698938737112
27112,0.5071742566350146
27113,1.843136867027364
27115,0.4233897967566067
2712,0.0
27120,0.0
27121,0.0773206608342586
27122,1.785727543244945
27123,0.9655851113547947
27124,2.2145479306285516
27125,2.3666008264528275
27127,0.0416301479021601
27128,0.668986110442428
27129,0.693837599011119
2713,0.0191397532419228
27130,1.1039269093613977
27131,2.110773384061637
27132,1.903104626695168
27133,0.0
27134,2.3252824275580717
27136,0.0
27141,0.0
27143,1.202702750660159
27145,0.2986078890717505
27146,0.0420263638480368
27147,0.7192684576069726
27148,2.061234020809175
27151,0.2756192305189168
27152,1.192223871371718
27153,2.082557460862815
27154,2.3808705687480862
27156,0.2175107305434104
27158,1.5926520706132483
27159,0.0
27161,1.8717419180584445
27163,1.5006425944059372
27164,0.0097266548872287
27165,0.0831865093464727
27166,2.2946195867556805
2717,2.148104911286928
27173,0.6116172687297831
27175,1.8986575080640584
27177,0.0
27178,0.0420263638480368
27179,0.0
27180,0.5685718454679773
27181,0.5263837675097155
27183,1.8897595876405655
27185,0.3487493523901473
27189,0.0256268862991105
2719,1.2190397805686954
27190,0.3542734726887055
27197,0.1311703628083161
27198,2.0825000678924663
27199,0.0903209239347336
272,1.7206978881898074
2720,2.354475797879884
27200,0.0408371562480633
27201,0.0
27202,1.450122560752764
27229,1.5066477029423018
27230,2.9125168178074325
27231,0.0
27232,0.4528194211296233
27233,0.7289715160847638
27235,1.801346003588214
27236,2.3760393713328014
27237,1.3961279209298896
27238,2.4079120097409836
27239,0.7131017149043968
27240,0.1941455275186967
27241,1.1698416733449089
27242,1.737438110882057
27243,2.8346852749406453
27244,1.685972413587876
27245,1.6469406041572048
27246,2.342328569091962
27247,2.4822811625341217
27248,2.761085253010372
27249,2.5709687098134193
27250,2.5063189465389732
27252,1.8937517287535683
27253,1.2751178903256228
27254,0.889581101719844
27255,0.0
27257,2.06049254511302
27258,2.3178279246689124
27283,0.0
27284,0.0342663432615378
27285,0.4232672624027204
27286,1.8666615079802484
27287,0.1357831260270535
27288,0.0
27289,1.3846455161959033
2729,1.6255008542581273
27290,0.4242469753612539
27291,1.821845447510182
27292,1.4296482630573817
27293,1.6855132131424038
27294,0.1261735853154376
27295,1.1865510939195971
27296,0.8089139529188254
27297,2.2962199729082347
27299,1.0288530772512372
273,1.37808017248637
2730,1.807202016310418
27300,1.950419723827351
27301,2.649203861397504
27302,0.0
27303,0.6640108355003514
27304,1.569391796282868
27306,0.9012312930093528
27309,2.350107292538986
2731,0.2208618836338299
27314,1.665992717151774
27315,2.1504285750828576
27316,2.614749304561073
27319,0.2477910822028433
27320,0.0
27324,2.351600184474686
27327,1.8258579169311016
27328,0.009315012732202
27329,0.0211723261778742
2733,2.694630135396904
27330,1.6364472449471987
27332,2.192294297122536
27333,2.1478612584326817
27334,0.4365065213864079
27335,2.6905365206272016
27336,2.719069843702691
27338,2.2514703294486207
27339,2.8959137801284207
2734,1.9925521816059153
27340,1.5723229817840874
27341,1.8172707952438083
27342,0.4747495335754784
27343,1.829762423462604
27344,1.3424716254712044
27345,0.7481984537414001
27346,2.373553539444095
27347,2.443284449063941
27348,1.9730181029251812
27349,1.6159130786619134
2735,0.2157497372316905
27350,1.524584000912317
27351,1.786059319448823
27352,0.0933066477599419
2736,0.4309479408633949
2737,1.894032942895818
2738,1.8386354132521616
2739,2.9759512455554793
274,1.6649736809752766
2740,0.2347535870437137
2741,0.0
2742,0.0
27429,2.031828131124045
2743,2.271811532710349
27430,2.33561738080175
27433,2.020942944253173
27434,1.769996402782027
27436,1.5940490513738887
27439,0.1852053693049191
2744,2.0327719096341155
27440,2.058988446705367
27442,0.0
27443,0.3377174543308366
27445,1.0106250021505954
2745,1.0867369038201764
2746,2.7943918293719774
2747,0.8489915809510439
275,0.0495192289370227
2752,3.0350472608251406
2753,0.0
276,0.0142416006900836
2760,2.401056580159528
2762,1.6897394525025544
2764,2.2011098390833332
2765,0.0
2766,1.5534937795361647
2767,2.0621394842592458
2768,2.1629382865339064
2769,1.6908964016875712
277,0.0154687933557568
2770,0.5279794815008101
2771,2.693799800493259
2773,2.1465793252309484
2774,0.757646255627655
2775,0.0716044446446561
2776,2.154535503061992
2778,3.136626876982296
2779,0.0
278,0.0
2780,0.2417646072101112
2781,1.8616094559020544
2782,2.797570299200902
2783,2.910584426157478
2784,0.3121959952371886
2785,0.3107768124017167
2786,1.7442777657902886
2787,1.6465764766844937
2788,0.8813780721043998
279,0.0
2790,0.0296562306312831
2791,1.9374711265289928
2792,0.0608283430685188
2793,0.5520141419128756
2794,1.9335013401053176
2796,0.7559662294291101
2797,0.1954615941975408
2798,0.0557775902066152
2799,2.668674100305638
28,0.2818355714733183
280,0.3270815441316422
2800,2.157546544689811
2801,2.566401482053481
2802,2.2841349912669644
2803,2.347840341754252
2804,2.427816622095041
2805,2.5498135869168133
2806,2.429254074762351
280636,1.7000183272816922
280658,0.0
280664,1.7879675301784352
281,0.0
2810,2.6656546121764184
2811,0.4764623692625881
2812,0.0
2813,0.7842557865695462
2814,0.0400434172142254
2815,0.0
2817,2.3454531926644746
2819,1.0355602344120254
2820,2.584732588416584
2821,2.4690877573716663
2822,0.3304124086642045
28227,0.6406740371145225
2823,0.0831865093464727
28231,0.0528497930137067
28232,1.156099934889529
28234,0.0101380977223869
2824,1.127744735848186
2825,0.6177311154326648
282566,1.3531743178525912
2826,0.1964472329761948
282616,0.0
282617,0.0
282618,0.0
282679,1.4854476927490197
282697,0.0
2827,0.3955567419893469
282706,0.0
282754,0.0
282756,0.0
282763,0.0181216355189445
282769,0.0
282770,0.0
282775,0.0
282776,0.0
282786,0.0
282790,0.1900188940084079
282791,0.1447564345294934
282795,0.0
2828,1.5697144031267272
282801,0.0
282808,0.0
282809,1.5825104890815764
282890,0.889581101719844
2829,0.0138321417599086
282966,0.0
282969,0.8828888947854149
282973,0.0410354741801234
282974,0.8568998015044289
28299,2.257803799962339
282991,2.169536059617638
282996,0.1780148076809264
283,1.4977369539989234
2830,0.0
283008,0.0197500372972908
283025,0.0156731530012164
283033,0.0424223934120883
283038,0.031262604438497
283045,0.0364623094604789
283050,0.4220408132841297
28307,0.1149999756639092
283078,0.1304583976107058
283080,0.0
283089,0.0
283092,0.0
283093,0.0
2831,0.0
283102,0.3306893323448751
283104,1.0856567520709095
283106,0.2793253707446482
283110,0.0
283111,0.0
283116,0.0
283120,1.7083220882560022
283129,0.0
283130,1.3060240533055307
283131,2.5332930616027207
283140,0.2587976668438312
283149,1.8091535215358456
283150,0.0
283152,0.5087036960968921
283159,0.0
28316,0.025020825205399
283160,0.0
283162,0.0
283165,0.0
283171,0.0398448655326076
283177,0.0
283189,0.0
283193,0.0
283194,0.1820360353720198
2832,0.0
283208,1.4974662639436762
283209,1.558308422744824
283212,0.5095762178862586
283214,0.0
283219,1.8274241103063391
283229,1.675602951350141
283232,1.8296826974117768
283234,0.5690737195017648
283236,0.0
283237,2.11021775155937
283238,0.0561671921294347
283248,0.4324020073764664
283254,1.3507838911362522
283267,1.4265578505142869
283284,0.2279958687871773
283297,0.0
283298,1.5935725036167598
283299,0.0376577034343075
2833,0.4940425776623713
283303,0.0
283310,0.1532859758466703
283314,0.5143564287335809
283316,0.1729599900364498
283320,0.0332662841654657
283332,0.0
283335,1.2946812200347804
283337,1.616756168652414
283345,0.407540162703302
283349,2.3169598785109646
283352,0.0
283358,2.0122126459433543
283365,0.0
283373,1.8971049692195416
283375,0.094423529467826
283377,0.7937832527234949
28338,0.0
283383,0.0708393147493007
283385,0.5309487370083648
283387,0.0
28339,0.0
2834,0.0130126308322217
28340,0.0
283404,0.1865361108495833
28341,0.0
283416,0.1685534795001399
283417,0.2200652649665873
28342,0.0
283420,0.0372594270725486
283422,0.0
28343,0.0
283431,1.330243174611381
283432,0.0
28344,0.0
283440,0.0463724718392014
283446,0.0223895328412295
283450,1.7662958963627564
283455,0.1920023178353444
283459,1.8194928864514797
28346,0.3987288007645533
283460,0.0
283461,0.0
283463,0.0134224851965348
283464,1.9890411451196637
28347,0.0
283471,0.010754888621307
28348,0.0
283480,0.0150599263207783
283481,0.5597821333503532
283486,0.041431969987866
283487,0.6063068276841451
283489,2.054776882415534
2835,0.0906947274148189
28350,0.0
28351,0.0
283514,0.0
283518,0.3119123663570654
283521,0.0750388739578922
28353,0.0
283537,1.3777629188098175
28354,0.0
283547,0.0906947274148189
28355,0.0
283551,0.3175653143704257
283553,0.0420263638480368
283554,0.897678960110022
28356,0.328887547854481
283562,0.0
283571,0.1445814306542895
283575,0.0598594062479726
283576,0.018529029376588
283578,2.0548275027467247
283579,0.0975798800301689
283585,0.0
283587,0.0115765804481612
28359,0.0
283592,0.0
283596,0.6146338371778239
283598,0.0
28360,0.0
283600,0.0195466581122431
283601,0.0
283603,0.0788383885327216
28361,0.0
283617,0.0
28362,0.0
283624,0.8574889989747664
283629,0.9272509153707909
28363,0.0
283635,2.1832326279537337
283638,2.2550253140897203
28364,0.0
283643,1.0306358489127228
283652,0.0
283659,1.0003641298883623
28366,0.0
283663,0.9545290849906828
28367,0.0
283673,1.4588719892117037
283677,0.0
283683,0.0134224851965348
283685,0.0
283688,0.0262325134658017
28369,0.0
283692,0.0
283694,0.0
2837,0.0485371324516474
28371,0.0
283710,0.2046142054746045
28372,0.0
283726,0.7422931114467625
28373,0.0
283731,0.0322650387162132
283738,0.0134224851965348
28374,0.0
283742,2.109733897362409
283748,0.0070474104382352
28376,0.0
283761,0.0
283767,0.0
283768,0.0
28378,0.0850699324727219
2838,0.1009088407219797
28380,0.1845391745051366
283804,0.0
283807,0.2994731460902649
28382,0.0
283820,1.6183731792568068
28383,0.0
283847,0.0
283848,0.0563619252247972
283849,0.903852025379836
28385,1.203802108222512
283854,0.0
283856,0.0
283860,0.0181216355189445
283867,0.2533135427632819
283869,0.4411869376850796
28387,0.3849289321797631
283870,1.0748817014051943
283871,2.1970725635073736
283875,0.5101210121105844
283876,0.3526607791358305
28388,2.22899362860193
283887,0.3527953001618497
283888,0.0138321417599086
283897,0.3686365167826566
283899,1.8808198707495
28390,0.7441636073165917
283902,0.0
28391,0.8364027907166484
283914,0.0
28392,2.0111908009177792
283927,0.4090403726974694
28393,0.3854445553653426
283932,0.6740982480842358
283933,0.626016570907644
28394,2.1652287037298903
283948,0.1572590627380865
28395,1.3935186597501883
283951,2.2902674430681937
283953,0.0
283955,0.1060607473296442
283970,0.1729599900364498
283971,0.0
28398,1.1392318375865007
283982,0.0
283985,0.0126025784990239
283987,2.7787938709488182
283989,2.553751805877825
283991,2.644408451643724
283994,0.0752292615879394
283999,0.0
284,0.281688135119667
2840,0.0266360241092229
28400,0.9462894190574008
284001,1.9201840390580864
284004,1.8614433605203424
28401,1.1696471426174904
284013,0.7002646000724785
284018,2.484709244935447
28402,0.1850388721625969
284021,0.9126695396649198
284023,1.4137323167282212
284029,1.126528687544937
284034,0.0
284040,0.1240227657226751
28405,0.1001702276495741
284058,1.830339981324933
28406,0.0
284067,0.009520858735307
284069,1.543242454589166
28407,0.0
284071,0.0491265280900879
284076,0.0
28408,1.4936187731490482
284080,0.1442313103832132
284086,0.9498584018765508
28409,1.0757986885804294
284098,1.5774090778570775
284099,0.0723688738166034
2841,0.1325924415353502
28410,1.270470441249684
284106,2.3982218188291027
28411,0.1808652430448176
284110,0.1202452363628534
284111,0.0041525986866217
284114,1.248947273371562
284119,2.766328240746686
28412,0.5785425840562
284124,0.0
284129,2.265431911418397
28413,0.0
284131,1.8907055021524637
28414,1.1834842111860795
28415,0.2698024687800435
28416,0.7176510894591558
284161,1.863817652712196
284167,0.3616217619129963
28417,0.1832051328693448
28418,0.0
284184,2.5313682527384485
284186,0.0
28419,0.0
284191,0.0162859366995967
284194,0.1373738196458896
284196,0.0
2842,0.0664261626900539
28420,0.8813780721043998
284203,0.0
284207,2.3940106411356727
28421,0.0
284215,0.0368609624667365
284217,0.3706101527949399
28422,0.0
28423,1.6329421133568842
284230,0.2838967698843725
28424,2.000773226744484
284241,0.0
284252,1.5892959138697955
284254,0.0
284257,0.0
28426,1.164212158508851
284260,0.0356644376201233
284266,0.161898500427602
28427,0.0
284273,1.924565103700023
284274,0.0
284276,0.5618123739932783
28428,0.0
28429,0.4937084505608472
284293,0.0
284294,0.0
284297,1.836170018826956
2843,0.0
28430,0.0
284306,0.9470843113871976
284307,0.3980954554791694
284309,2.056410124737156
28431,0.0
284312,0.0
28432,0.0
284323,1.205921383563851
284325,1.7876152111372037
28433,0.0986910213962365
284338,0.8803057221482471
284339,1.057276053904114
28434,1.3305617939073675
284340,0.4271784313218206
284346,0.7508234811974857
284348,0.4599688733915179
284349,0.9655851113547947
28435,0.0
284352,2.104613963615655
284353,0.1820360353720198
284355,0.0
284358,0.876125209740572
284359,0.118620969890508
284361,1.7643231365750192
284366,0.0
284369,0.0
284370,1.5015728828700523
284371,1.5203308423660695
28438,0.0
284382,0.0
284383,0.0
284385,0.7328613337323365
28439,0.8108160345108714
284390,0.8126424315438165
284391,1.355857391729809
284393,1.602644807465176
284395,0.0
2844,0.2036385443040874
28440,0.0
284402,0.2126988543900615
284403,1.563492414091644
284406,0.243623794793028
284408,0.4882292970710771
28441,0.0
284415,0.0
284417,0.0996158349795007
284418,0.0
28442,1.968025896635726
284422,0.0
284424,0.0
284427,0.613032903302933
284428,0.0
28443,0.0
284433,0.0101380977223869
284434,0.0234025367070836
284439,1.3316609956868042
28444,1.8985817077662177
284443,0.8903272300182966
28445,1.5101099562174083
284451,0.1538053052160182
284459,2.0025928970973803
28446,0.3082157229395512
284467,0.2433142328968992
28447,0.0812988122919001
28448,2.037673511350073
284485,0.2222937962439548
284486,0.7108154798653196
28449,0.963102364745864
284498,0.0
2845,0.0193432301006561
28450,1.94561475143349
28452,2.1207250483106614
284521,0.0350655380227658
284525,0.0209692882026594
28453,0.4036507077159547
284532,0.0
28454,1.0586455430428212
284541,0.0
284546,0.0
28455,0.5819994980813803
284565,1.1811253270662845
28457,2.042488638644205
284573,0.0
284576,0.0130126308322217
284577,0.0123974780415539
28458,1.5322432216003905
284593,0.0
2846,0.2143060330373782
28461,1.584979845141599
284611,2.0420756701262732
284612,0.2330303265697469
284613,0.9383413288255548
284615,0.1447564345294934
284618,1.125057603993224
28462,0.0
28463,0.4544664003159852
284632,0.0382547653609949
28464,0.4055352137670819
284648,0.1666819524291762
284649,0.3378546211044128
28465,1.6656726966788653
284654,0.2957167376189304
284656,0.9139276657163736
28466,0.9634892304552336
284661,0.0
28467,1.4008519315435812
284677,0.0
28468,1.934364722644775
284680,0.9690441465100867
284685,0.4740632797361733
284688,0.0
28469,0.0
284695,1.5313313088033318
284697,0.6885335850197372
2847,0.01219232802879
28470,0.0
28471,0.742449186339129
284716,0.1801954562545614
284723,0.1211462231579099
28473,1.8960298783038765
284739,0.4688958611274185
28474,1.753391926410164
284749,0.114818507485862
28475,0.0
284751,0.0264342928541542
284757,0.0099324012091867
284759,0.3961922217855013
28476,0.524677776085414
28477,0.5490276557733444
28478,0.0
284788,0.0
28479,0.8274145623082121
284798,0.0
2848,0.0
28480,0.0
284800,0.0035309985040075
284801,0.0053944386314874
284802,0.0
284805,0.0183253569229505
28481,0.7986747570429279
28482,0.0
284825,0.1086247075317278
284827,0.0
28483,0.0
284835,0.0933066477599419
284837,0.2264160481716871
28484,0.0
28485,0.0
28486,0.0
284865,0.0
28487,0.0
28488,0.0
28489,0.0
2849,0.1117274208851172
28490,0.0
284900,0.8517045477666533
284904,0.0
28491,0.0
28492,0.0
28493,0.0
284930,0.010754888621307
284933,0.0
28494,0.0
284948,0.0
28495,0.0
284958,0.0084911297831118
28496,0.0
28497,0.0
28498,0.0
28499,0.0
284992,0.498261664719046
284996,2.305261633353543
285,1.2967840284054253
2850,2.232989821262537
28500,0.0
285000,0.0
28501,1.0609053250544362
285016,0.1029366335610796
28502,0.0
285025,0.0162859366995967
28503,0.0
28504,0.0
285045,0.0128076294222381
28505,0.0
285051,0.0548027927666294
285053,0.5966263574530001
28506,0.0
28507,0.0
285074,0.0
28508,0.0
285084,0.0
28509,0.0
285093,0.0138321417599086
285095,0.1449314009166019
285097,0.5509857258876966
28510,0.0
28511,2.181651002533042
28512,1.560030537788953
285126,0.0152643844692303
28513,0.0051875911285856
28514,1.2020053645485649
285141,1.115766372641929
285148,2.090515153293794
285150,0.0078726930921942
285154,0.0370602183099194
28516,0.0
28517,0.0670031148207685
285172,1.3735407637844343
285175,0.0018711756515813
285176,2.7264524385218736
28518,0.0
285180,0.0794068242501354
28519,0.0
285190,0.0440046509270564
285193,1.1153813156262342
285194,0.0
285195,0.8216290434600533
2852,1.804183562941882
28520,0.0
285203,1.55020070220413
285205,0.0240097576149657
28521,0.0
28522,0.8079961513402668
285220,0.0664261626900539
285224,0.0
28523,0.0
285231,0.0205630661837875
285237,1.9470415486474624
28524,0.0
285242,0.0
28525,0.0
285260,0.2510172033808796
285266,0.1281402344712371
285267,1.4408666229808236
285268,1.8704258158004383
285282,1.911918878645742
285286,0.0113712320035829
2853,0.0388514046163894
285303,0.0
285311,0.0
285313,0.3980954554791694
285315,0.9619403020769473
285326,0.0
285331,1.7330471881866374
285335,0.5511915273499198
285343,1.472689333379347
285346,0.8435310012741807
285349,0.3076454425599115
285362,2.274841809806442
285367,1.8265614234406653
285368,1.8749690672747004
285370,0.0
285375,0.0
285381,1.8333837772741737
285382,0.6984345113090353
285386,2.2858975625954883
285389,0.0777003520403405
2854,0.0
285401,0.0
285412,0.0
285419,0.0223895328412295
285423,0.0
285429,0.094423529467826
285440,0.9070067437023892
285441,0.0
285453,0.0616026860516921
285456,0.0463724718392014
285463,0.5740730685664681
285489,2.12761841589883
285498,0.1396660445520418
285500,0.0581124904196997
285501,0.0
285505,1.328908671802505
285513,0.49024682365998
28552,0.0
285521,1.2389064850595848
285525,0.0579181636361618
285527,1.976546010492919
285533,0.3618876446659664
285547,0.0
28555,0.0
285550,1.3287924679731562
285555,0.0795962166369358
285556,0.0
28556,0.0
28557,0.0
285577,0.0
28558,0.3592246400101575
285588,0.0972091680864421
28559,0.3248529526034982
285590,2.065209259662852
285593,0.4368676006350788
285596,0.0168982779780871
285598,1.162874737023567
2856,0.0
28560,0.1690631473497824
285600,0.3356570120913734
285601,0.0677717653179942
285605,1.2468184236354718
28561,0.0
285613,0.4102882633523751
28562,0.0
285626,0.002701491548138
285627,0.0
285629,0.0
28563,0.0
285634,0.0142416006900836
285636,2.0822234121070684
285638,0.0654636900743731
28564,0.0
285641,0.0
285643,0.0162859366995967
28565,0.0
285659,0.0
28566,0.0
285668,0.0
28567,0.2925240366109281
285671,0.9600541911764778
285672,1.6960793887704817
285676,0.2850721643902694
285679,0.2044516776682815
28568,0.1220462241655084
28569,0.1541513409448461
285692,0.0138321417599086
285696,0.0119871284396815
2857,0.9322690303344804
28570,0.0
285704,1.5985015798127136
285708,0.0
28571,0.0
28572,0.0
28573,0.2967298613788855
285735,0.0
28574,0.0
28575,0.0
285753,0.776370055000184
285755,0.9146454606438444
285758,0.0873244225138922
285759,0.0
28576,0.0
285761,1.4971329006485183
285766,0.0
285768,0.0064279224007442
28577,0.0
28578,0.0
285780,0.0
285782,0.0
28579,0.0
285796,0.0119871284396815
28580,0.0
285800,0.0227948798627598
285804,0.0
28581,0.0845053532862342
28582,0.1786864032253949
28583,0.1768381716659198
285830,0.0746579682411712
285834,0.0164900995891271
28584,0.0
285848,0.0350655380227658
28585,0.0
285852,0.0646929135332517
285855,2.290078151895336
285857,0.0
28586,0.0
285877,0.0
285878,0.0236049920866109
28588,0.0
285888,0.0
28589,0.0
2859,0.143530619363282
285900,0.1529395722563866
285908,0.799319430855105
28591,0.0
28592,0.0876995769262763
28593,0.0
28594,0.2657501063825088
285941,0.0
28595,0.3629502500681105
285954,0.083940390516352
285955,0.1058773024419657
285958,1.883679019500386
28596,1.483758446373154
285962,0.4445291549440259
285965,0.0334663908138561
285966,0.6498498825067728
28597,0.0903209239347336
285971,0.9634339788585382
285972,0.0487336436053482
285973,0.2007044229568114
285989,1.0399576585734671
28599,0.0
286,0.032865928486596
28600,0.0
286006,0.1171744819931155
28601,0.0
28602,0.1603549607351917
286023,0.0
28603,0.0
28604,0.2235644531810927
286042,1.28659539480646
286046,0.0792173887819751
286053,2.1802447877831246
286059,0.0136273381928503
28606,0.0
286075,1.7212890150358005
286077,2.7182040994971497
28608,0.0
286083,0.0
28609,0.0
286094,0.0
286097,0.4067889332513551
2861,0.5584593724035771
28610,0.0
286103,0.2496361909689343
28611,0.3258287531326413
286114,0.0
28612,0.0
286122,0.1895222740277748
286128,1.3586364746729709
286133,0.3405928297090988
286135,0.0
28614,0.1044082755723394
286144,1.8566438052058196
286148,1.9603684740240743
286150,0.0
286151,0.5736744126717913
28616,0.0
28617,0.2497897559461853
286177,0.0
286178,0.0
286183,0.0074601518934053
286184,0.0
286186,0.0
286187,0.1473770019605207
286189,0.0306605722017031
28619,0.0878870906234544
286190,0.0066344685557293
2862,0.0288518968796068
28620,0.0820544050747075
286204,0.0970237498872507
286205,1.5319717690423944
286207,0.7662090905698413
28622,0.0
28623,0.0
286234,0.0
286238,0.0
28624,0.0
28625,0.0
286256,0.3294423916660163
28626,0.0
286262,1.7536185325750866
28627,0.0
28628,0.0
28629,0.0
2863,0.096838290181438
28630,0.0
28631,0.0
286310,0.068923416931643
286319,2.437778628455166
28632,0.0
28633,0.0
286333,0.1106336771547726
286336,0.5944031547678629
28634,0.0
286343,2.0603041733634315
286348,0.0
28635,0.0
286362,0.0
286365,0.0
28637,0.0
286370,0.0
28638,1.4598846708407989
286380,0.0
28639,0.8870251606703334
2864,0.0
28640,0.0
28641,0.0
286410,1.8566251289123925
286411,0.0272409292764164
28642,0.1944747460819447
286423,0.1207859468404668
28643,0.0
286430,0.0223895328412295
286436,0.0191397532419228
28644,0.0
286442,0.0154687933557568
286444,0.6224909847645499
286451,2.141010067424012
286453,0.0374585887741673
286456,0.0
28646,0.0
286464,0.0
286467,0.1717759771350716
28647,0.0
28648,0.0
28649,0.0
286494,0.0132175827499873
286499,0.0912551171776534
2865,0.0565566131007352
28650,0.0
28651,0.0
286512,0.1393138122542398
286514,0.0
28652,0.1012779001967963
286527,0.2810981119313987
286528,0.0
28653,0.0
286530,0.3733247383147078
28654,0.0
286544,0.278289416369876
28655,0.0812988122919001
286555,0.0
28656,0.0
28657,0.0
28658,0.085446105720894
28659,0.0
2866,0.0
28660,0.0
28661,0.2065619740916918
28662,0.2684540003248531
28663,0.0
28664,1.0585983721172865
28665,1.5122361286648467
28666,0.0717956175864252
28667,0.0
286676,1.9190331758612
28669,0.0812988122919001
2867,0.6575859668194167
28670,0.0
28671,0.0
28672,0.0861979419229091
28673,0.3831214816130382
28674,0.2704010462861587
286749,0.0
28675,0.0
286753,0.5879843439736677
286754,0.112455778548313
28676,0.0
28677,0.0873244225138922
28678,0.0
2868,0.865810404637845
28680,0.3177061107824478
28682,0.141776258746249
286826,1.7560796781018506
286827,1.1457632577685344
28683,0.0
28684,0.0
28685,0.0
28686,0.0
28688,0.1840391672405283
286887,0.0
28689,0.1658298290284719
2869,1.2751178903256228
28690,0.0670031148207685
28691,0.0
28692,0.0
28693,0.3055031538950215
28694,0.0
28695,0.0
28696,0.0
286967,0.0
28697,0.0
28698,0.0
28699,0.0
287,0.4397499441774085
2870,2.0650396869804393
28700,0.0
28701,0.0
287015,0.0
28702,0.0
28703,0.0
28704,0.0
28705,0.0
28706,0.0
28707,0.0
28708,0.0
28709,0.0
28710,0.0
28711,0.0
28712,0.0
28713,1.0280093602042168
28714,0.0
28715,0.0
28716,0.0
28717,0.0
28718,0.6950106753009021
28719,0.0
2872,2.4283768488285484
28720,0.0
28721,0.0
28722,0.4693566594925347
28723,0.0
28724,0.0
28725,0.0
28726,0.0
28727,0.0
28728,0.0
28729,0.0
2873,2.6119642559907503
28730,0.0
28731,0.0
28732,0.4350604506089697
28733,0.0
28734,0.0
28735,0.0
28736,0.0
28737,0.4198281252169684
28738,0.0
28739,0.0
2874,0.0455839386189831
28741,0.0
28742,0.0
28743,0.0
28744,0.0
28745,0.0
28746,0.0
28747,0.0
28748,0.0
28749,0.0
2875,0.2768071024545558
28750,0.0
28751,0.0
28752,0.0
28753,0.0
28754,0.0
28755,1.9342183886810589
28757,0.0
28758,0.0
28759,0.0
2876,3.028639673389153
28762,0.0
28763,0.0
28764,0.0
28765,0.0
28767,0.0
2877,0.5999960836640804
28770,0.0901339590533384
28772,0.6567896932529879
28773,0.8362675350647845
28774,1.4281174059128203
28775,1.0850708343377131
28776,0.9481048145099372
28778,2.1313307319874575
2878,2.020758223895029
28780,0.092934019355804
28781,1.0044584534478624
28783,0.0
28784,1.5217989566347552
28785,1.5732841533163602
28786,0.3585574350539099
28787,0.0
2879,3.041638142692421
28791,1.2398674731579664
28793,2.158257271005585
28795,0.0
28796,2.376633666224492
28797,2.2673457768130825
28798,0.0
28799,0.5314776768477965
288,1.5868492719973024
2880,0.0
28800,0.0
28802,0.4554058880638007
28803,1.665774546011788
28804,1.0291505755667876
28805,0.0
28806,0.0
28811,0.2292574724518689
28812,1.1902768246747388
28813,2.405866523843604
28814,1.4505121615430303
28815,2.4946295370933163
28816,2.49251555631098
28817,1.7023971861825231
2882,1.687610550603292
28820,0.3075028069978139
28821,0.2327166047192115
28822,2.0277511677777142
28823,1.9570100031584057
28824,0.8103938295434913
28825,2.277036782641992
28826,1.494478722770517
28827,0.0
28829,0.0
28830,0.0
28834,1.6306060834764655
2885,2.901418560719312
2886,2.1122428915627083
28863,0.0
28869,0.0
2887,1.6736200691196903
28870,0.5087036960968921
28874,1.1961719416239365
28875,1.109444708891062
28876,0.737515236562364
28877,0.0
28878,0.8715330386717132
28879,0.0
2888,0.2034758186827095
28880,0.0
28881,0.2377213523100385
28882,0.8471987072608044
28883,0.7516705446774009
28884,0.0
28885,0.6565240641942933
28887,0.0
28888,0.0
2889,2.169491036619938
28891,0.1261735853154376
28892,0.0920017153720052
28893,0.24809889929831
28894,0.0
28896,0.5332731735326357
28897,0.0
28899,0.0
2890,0.0047737452018541
28900,1.055903382221419
28901,0.6290638644046286
28902,1.1916255026580296
28903,0.3829922128431253
28904,0.6547505840023238
28906,0.8680670178607112
28907,0.0845053532862342
28908,2.162257850982107
28909,0.0
2891,1.221314475491602
28912,2.488582880694153
28913,1.8607783053739988
28914,2.195750403591755
28915,0.1487712053746272
28916,0.0
28917,0.0
28918,0.0
28919,1.7397340681216262
2892,0.3010569572023901
28920,1.1797510861755678
28921,0.3069320026278125
28922,0.0
28923,1.5255874071722966
28925,0.0
28926,0.0
28928,0.0
28929,0.0
2893,0.1890253477766942
28930,0.4181026121442722
28931,0.0
28933,0.5842620303385444
28935,1.834331028995869
28936,0.0
28937,1.074009233436653
28938,1.9017112998304635
28939,0.0985059346638177
2894,0.5977835100613366
28940,1.564924406949428
28941,2.1496759219997124
28942,0.3621534348015169
28943,1.2512021998403522
28946,0.0
28947,0.0
28948,0.0
28949,0.0
2895,0.0
28950,0.6267565335186575
28951,1.9357637097804168
28952,2.322450616008674
28954,0.6002841680194949
28955,0.4120318336113919
28956,2.7408200352836296
28957,1.566117439845781
28958,2.637218095408046
28959,2.2224131976748245
2896,2.87011461881834
28960,1.4454466052818993
28962,1.8415126749573
28964,2.5730224708006455
28965,0.4026437048556565
28966,1.8019001346520969
28968,0.095353116336939
28969,2.458206278094696
2897,0.0252228938178094
28970,1.061609735378009
28971,1.7990364164599428
28972,2.5740668651819245
28973,2.6117025074184315
28974,2.884416671624184
28976,2.1683594708764096
28977,1.552770141750752
28978,2.6540023332506912
2898,0.1539783414563714
28981,1.511164083266472
28982,1.9802406741388427
28983,0.2975972060215257
28984,2.227000269061657
28985,1.7164986405788332
28986,2.6311833951539603
28987,2.070228222307587
28988,2.1133902412057455
28989,1.7949099095058836
2899,1.0384466545556943
28990,1.4320784794435213
28991,2.403596505135748
28992,2.3338120907816413
28996,1.8109813872729144
28998,2.13314078039042
28999,0.3916047820878345
29,1.7600449461081782
290,2.934297368408732
2900,0.1505106155300797
2901,0.3482082744348004
29015,1.1236249344159577
29018,0.0
2902,0.0070474104382352
29028,2.420276861568063
2903,0.0453866897349848
29034,0.0
29035,1.9322878814235944
2904,0.0045667467349953
2905,0.3653357127756181
29057,0.0983208065549586
29058,2.6458942514661135
2906,0.1900188940084079
29062,1.2650301148553706
29063,1.1771460837062373
29066,2.128083416927934
29068,1.8301110455945664
2907,3.183132121389842
29070,0.6638356086063987
29071,2.3055299276447574
29072,2.2187375906923883
29074,2.508008368650949
29075,0.0912551171776534
29078,1.6180179228929166
29079,2.0368777280009405
2908,1.810626880411507
29080,1.887506296722315
29081,2.0638559857440972
29082,0.4334906989937757
29083,1.0825401406111212
29085,2.3452403492733653
29086,2.0793137526664713
29087,1.8366799518014831
29088,2.4391144025738822
29089,2.5539914573248703
2909,2.086815877524762
29090,1.82012560963903
29091,0.1249196248938618
29092,0.2619792200335161
29093,1.7234411761463155
29094,2.1711774871264287
29095,2.0642235576285555
29097,2.2720540068246833
29098,0.5506769127073435
29099,1.8790115733024024
291,2.2150183849256293
2910,0.0
29100,2.3837814420731944
29101,2.1555335235027044
29102,2.189909141867049
29103,1.6218306665156637
29104,1.6721594163436604
29105,2.1396630278042896
29106,0.0113712320035829
29107,2.4543596734902824
29108,1.916205882824329
29109,1.7346444766739295
2911,0.0193432301006561
29110,1.49113532067015
29113,0.0891985025665453
29114,0.0
29115,2.266280794366005
29116,2.421895944005967
29117,2.1140127938216606
29118,0.035464851664874
29119,0.0534361704016004
2912,0.0152643844692303
29121,1.3924917741386795
29122,0.0
29123,1.4453540268122196
29124,0.0
29125,0.1005396165825761
29126,0.6494921078142308
29127,2.3926898739107405
29128,2.0100395171581353
2913,0.0698819152678692
2914,0.1775107447064262
2915,0.0041525986866217
2916,0.0043596979037672
2917,0.0043596979037672
2918,0.1673630074226078
2919,0.3073601452319899
292,2.95705940616966
2920,1.0655855688410645
2921,0.1215063417494183
2922,1.7892971029367413
2923,3.1394509112173186
2925,1.9287734448968383
2926,2.1358432628535
2928,0.0
293,1.5171592615588327
2931,2.162399891054569
2932,2.038596859586812
2934,2.5808422120742898
2935,2.667338279354379
2936,2.414189621625858
2937,2.219234219880374
2938,0.3648062545982056
2939,0.0
2940,0.0
2941,1.8003103891142909
2942,0.0
2944,0.884082411764878
2946,0.6460839831217271
2947,2.517425356605526
2948,1.5850145320562194
2949,0.4875555495384593
2950,2.4754257741752816
2953,0.0
2954,1.4656066917720931
2956,2.086851973403858
2957,2.214209953608132
2958,2.291160800692782
2959,1.9378911055427153
2960,2.0903568681983664
2961,2.268027298071013
2962,2.539774481392914
2963,1.880159231865628
2965,1.8370130311171848
2966,0.6372164097453008
2967,1.9472279193195088
2968,0.0453866897349848
2969,1.5448877331326858
2971,2.749676882858906
2972,1.5949497574518623
2975,2.311127085712481
2976,2.1438430347961512
29760,1.2122671187829412
29761,1.9140559767080565
29763,2.4435260990304983
29765,0.2945572672178883
29766,1.977512644579962
29767,1.3372657322147474
2977,0.7799192609685387
29775,0.8440657885055775
29777,2.059555280995481
2978,0.0
29780,0.9348787247922176
29781,2.124383590289487
29785,0.8544060796984766
29789,2.4160919858903807
2979,0.258493991100522
29796,2.5681758064701308
29798,1.1122915719684645
29799,0.8373487865334107
2980,0.0
29800,1.4351116298348776
29801,1.8753260667220248
29802,0.2702514446490945
29803,2.49617629581953
2981,0.0
2982,1.106105553512425
2983,1.6039788644123316
2984,0.0256268862991105
29841,1.6110516266235784
29842,1.8488574702092544
29843,1.7533322734623775
29844,1.968025896635726
29850,0.0091091168566818
29851,0.0534361704016004
29855,2.2664287413764543
2986,0.0097266548872287
2987,2.6080685559362102
29880,2.5010605317246033
29881,0.3254107039033371
29882,1.8039822686490588
29883,2.1624374802951483
29886,1.8739498988050285
29887,1.91635094767338
29888,2.1526898539479986
29889,2.1491689263058
29890,2.3580143054663174
29893,1.3243869137399775
29894,2.4226239180434073
29895,0.1512053420531817
29896,2.5005135877287663
29899,0.877204644853122
2990,2.7160883308773243
29901,2.158578319778387
29902,1.109314972198253
29903,1.742801071815266
29904,2.258924521754049
29906,0.0045667467349953
29907,0.2909227729648978
29909,0.1632680785905308
29911,1.8534377656982104
29914,1.8508321023287304
29915,1.56309285852305
29916,1.9863748725916737
29919,1.957024541464705
2992,2.07086428653718
29920,2.3504740328278273
29922,1.2736054128867431
29923,2.262432753399581
29924,1.990284001101501
29925,1.8449468872627532
29926,2.0960826837853768
29927,2.92821825676318
29928,1.856064445137488
29929,1.6803038789169402
2993,0.0
29930,0.0179178651438874
29933,0.9826878159769143
29934,2.3649930411828364
29935,0.0
29937,2.98971296746468
2994,0.0
29940,0.8955255722443273
29941,2.004545366093291
29942,0.0646929135332517
29943,0.0219839916622789
29944,0.0
29945,1.284988719357496
29946,2.697842602916271
29947,0.0
29948,1.0859720028567026
29949,0.3610897183286638
2995,1.50699504135643
29950,2.2303652397110176
29951,0.0645001083526856
29952,2.5306642858518935
29953,0.0203598820990786
29954,1.7612532221508437
29956,2.6716519080351624
29957,2.159863803950519
29958,0.1209661047225065
29959,2.4888874968841916
2996,0.1333025569412144
29960,0.0248187083181388
29964,0.1099037083863086
29965,1.271797755468045
29966,2.1935533263713993
29967,0.953182160802407
29968,1.0331031230092462
29969,2.1187188163454675
2997,2.4176257845021376
29970,0.009520858735307
29974,0.0296562306312831
29978,2.4898190922510923
29979,2.4220605987699555
2998,0.0
29980,1.8493805286921703
29982,2.179079873872908
29984,2.600635578396996
29985,1.750158837090566
29986,0.1277830120988136
29988,2.2431174076684184
29989,0.0616026860516921
2999,0.2595563449866687
29990,0.554271466905842
29991,0.2671032151864317
29992,1.2591374970384674
29993,0.3408661147519204
29994,1.4975912164790228
29995,2.1128146220819284
29997,2.556996521692175
29998,1.638382995841219
29999,0.0670031148207685
30,1.6699018428897774
3000,0.4514048025102579
30000,2.3384201162470695
30001,2.1021502275495134
30008,1.9993490184891711
30009,0.1277830120988136
3001,0.819758389478768
30010,0.0
30011,1.5550116908119898
30012,0.0
30014,0.0
3002,0.3986021742658905
3003,0.0
3004,0.3148853064053546
3005,3.1083203442690333
3006,3.386287554324423
30061,2.3591603827856944
30062,0.0
3007,1.2626018260326906
3008,1.0527674378818084
3009,0.0442022240997431
301,2.311191637033477
3010,0.6256462948091237
3012,2.00295450248619
3013,0.0681558255976688
3014,2.6404957668095252
3015,2.941719089221646
3017,2.9035984088440805
3018,0.0
302,2.821143539038857
3020,2.4181417395605123
3021,3.373287490775055
3024,0.0
3026,0.0197500372972908
3028,2.8007839305267974
3029,2.369083648851656
3030,2.704061845877371
3031,0.0758001637739616
3032,2.4767938027990652
3033,2.085674443894062
3034,0.3175653143704257
3035,1.7984140943341138
3036,0.0471602662673416
3037,0.8101122074015513
3038,0.328887547854481
3039,0.2265741713124618
3040,0.8989674669154293
3041,0.0
3042,0.0
3043,2.060586695109614
3045,0.1442313103832132
3046,0.0
3047,0.0
3048,0.0
3049,0.0
3050,0.0306605722017031
3051,0.0
3052,2.0917128290482134
3053,0.0306605722017031
3054,2.1337345489398274
3055,1.1630716152425036
3059,1.2746999699590849
306,0.9100854607245216
3060,0.0606346453732357
3061,0.041431969987866
3062,0.0
3064,1.799197212885506
3065,2.340970573270849
3066,1.8561298976650928
3067,0.414143594685555
3068,2.9784472796513257
3069,2.7999887316550356
307,2.1125264678015636
3070,1.3378086477009057
3071,0.7248187487457236
3073,1.2521753246169516
3074,2.462363785614545
3075,1.53673856579163
3077,1.267773410448075
3078,0.0
308,2.919097311952242
3080,0.0
3081,0.453878614110438
30811,1.5297946081069196
30812,0.2007044229568114
30813,0.0
30814,0.0
30815,0.0201566492701331
30816,0.0346660352741282
30817,0.4795354411318963
30818,0.3694265854349449
30819,0.6201617681189213
3082,0.2939768848140943
30820,0.0916285002418245
30827,2.0192586569388196
3083,0.2383447341173207
30832,0.350100378003441
30833,2.165622098010891
30834,1.609178281304366
30835,0.1290326108407842
30836,1.95229298467113
30837,1.3956939681741007
3084,0.2718954979794535
30844,2.160947545045197
30845,1.4240283287326052
30846,2.3732967849168936
30848,0.0
30849,2.2423235857550297
30850,2.4447648254090986
30851,0.0258288102084853
3087,1.9403637141949956
309,2.683596752177645
3090,0.9217193195687378
3091,2.0307740387611233
3092,2.313167680665735
3093,2.341333269948333
3094,2.595880371414649
3096,1.6245462336409917
30968,2.7384466310669406
3097,1.50248078307002
3098,2.765616940667464
3099,2.713668811253211
31,1.8578093922927588
310,2.754150351381156
3101,0.4322809434226612
3104,1.4686198366436682
3105,2.758797070862921
3106,2.9494087191929284
3107,2.933264125785277
3108,1.707077129856876
3109,1.080725770468694
311,2.4923629057319223
3110,0.0
3111,1.0416590305869464
3112,0.2245161188612271
3113,2.0840153546221463
3115,1.8338774069182329
3116,0.1062441514989379
3117,1.4157494356773874
3118,1.4057329188256271
3119,1.589811176403103
312,0.098876066768446
3120,0.6705497892919096
3122,2.848827145066168
3123,2.6231392361329395
3127,2.0850894363446812
313,0.3542734726887055
3131,0.6960981509454242
3133,2.73907466052217
3134,1.452250191254014
3135,0.3601577487070311
3136,2.001344020430365
3138,0.7198336206224438
314,0.3989819899680454
3140,1.4726016980930192
3141,1.9025628881267869
3142,0.4187193233642668
3145,1.5744385237997207
3146,2.753338263079508
3148,3.06407274815079
3149,2.198905343016253
3150,2.683951042184322
3151,2.798669889340226
3155,1.65740494696911
3156,2.1485569653183827
3157,2.0497766868538188
3158,0.2431594065903223
3159,2.52922743116325
316,0.6576743848997204
3161,1.6055580946875772
3162,2.1707984375002973
3163,2.4344250523906124
3164,1.7965847547492206
3166,0.0164900995891271
3167,0.0219839916622789
3169,2.9598128113639244
317,1.4677355212847254
3170,0.0
3171,0.0497155105434259
3172,0.0
3174,0.8546690347312379
3175,0.0058079828238362
3176,2.1853472840936403
317649,1.9377460724042292
317662,1.4989635858469788
317671,0.282277714016631
3177,1.9495019571796133
317701,0.0
317703,0.0
317705,0.1348980704403251
317719,0.0886367224100169
317727,0.0119871284396815
317749,1.8805205142710688
317751,0.1377268877932005
317753,0.0260306859239784
317754,0.0
317761,0.0207662015448037
317762,1.1812778129334185
317772,0.1943101536388631
317774,0.058501008843608
317778,0.0
317781,1.9198646882864037
3178,2.8777884032121364
318,2.435726790799291
3181,2.8520361552417737
3182,2.959739051922274
3183,2.8670850930639236
3184,2.610587787895005
3185,3.0296990138187274
3187,2.594953162078505
3188,2.7950831305671615
3189,2.412640475120742
319,0.1512053420531817
3190,3.004606912318126
319085,0.0227948798627598
319089,0.9429282346408864
319099,0.118620969890508
3191,2.5147308741175136
319100,0.0
319101,0.0
319103,0.0
319112,0.0
319117,0.0215782561623971
319129,0.2465586152299185
319135,0.1539783414563714
319139,0.0
319140,0.0282481437700031
319142,0.0
319143,0.3055031538950215
319144,0.0721778321548017
319145,0.0
3192,2.569680471485311
3195,0.0
3196,0.0128076294222381
3198,0.3157326270918106
3199,0.1159067175904995
32,0.9156012408729683
320,0.6375805798663192
3200,0.207534086575862
3201,0.098876066768446
3202,0.6784866835292029
3203,0.1302803097110695
3204,0.112455778548313
3205,0.3302739095085172
3206,0.2431594065903223
3207,0.1601832752529271
3208,0.1817016964086886
3209,0.0142416006900836
321,0.4350604506089697
3211,0.0
3212,2.593733065321246
3213,2.2873268979735726
3214,2.4808760204998843
3215,0.3993616143824341
3216,0.2707001641383658
3217,1.1593587889681574
3218,0.4337324146288667
3219,0.5613053553211942
322,1.6243232033609842
3221,0.4280312765477835
3222,0.0197500372972908
3223,0.8372137292452181
3224,0.7671119538317319
3225,1.092018746118874
3226,0.6573206444966172
3227,0.0219839916622789
3228,0.0
3229,0.0
323,2.0211214215807187
3231,0.1080759571659009
3232,0.1908459142734483
3233,0.3565523168278233
3234,0.9999479635361376
3235,1.2686522362189194
3236,0.4959330808642472
3237,0.0168982779780871
3238,0.0
3239,0.1380798037091699
324,1.6948404218697126
3240,0.0066344685557293
3241,1.5860366421711571
3242,0.135252207441062
3248,0.7075359580066355
3249,2.313055392856317
325,0.0
3250,0.0546076972506679
3251,2.5353678277686815
3255,0.0
3257,2.0339988590490132
326,0.0
326275,0.0
326276,0.1073437223162539
326278,0.1267104114681807
326286,0.0664261626900539
326288,0.0
326289,0.1798603545490436
326291,0.0
326292,0.0
326293,0.0
326294,0.0738956344925407
326297,0.0
326298,0.0
326299,0.2230881940461186
3263,0.9833834442725432
326307,2.074823001433426
326309,0.0
326310,1.2073418781158225
326311,0.0
326317,0.0
326320,0.951438013648436
326323,0.0
326326,0.197267676699121
326340,0.0
326341,0.0
3265,2.4719338001246136
3266,0.0795962166369358
326606,0.0
326624,0.8058023185933759
326625,1.7393029568957707
3267,2.183334929430591
3268,1.3955918080520335
3269,0.9464598392743062
327,2.612178586446167
3270,0.2256249613852226
3273,0.0072538062085478
3274,0.256060367680391
3275,2.17352818471918
3276,2.5053438379389124
327657,0.9440696680296918
328,2.856233642423589
3280,2.71616095592578
3281,2.31055363016025
3283,0.0
3284,0.0
329,2.115731196662517
3290,0.8296733704598988
3291,1.5155183833527468
3292,0.3193936727377908
3293,0.0
3294,0.1137288585710933
3295,2.119247361935449
3297,2.574612921391428
3298,1.929530281032888
3299,1.061187190160377
33,0.0740862832627668
330,0.8448671360605302
3300,2.3277090437921024
3301,2.9335842030119195
3303,2.962441629393483
3304,2.816729774117818
3305,1.145641479672081
3306,2.6870633798261117
3308,2.7546698534876723
3309,3.296483391432737
331,2.1780908201595888
3310,0.9209504330623864
3311,0.4396300692556715
3312,3.0410187848032892
3313,2.5586104460975143
3314,0.1281402344712371
3315,3.419154457169244
3316,0.0
332,2.640189912568426
3320,3.322963104818894
3321,1.6187120325189843
3326,3.441581649368909
3327,0.8916928460357657
3329,2.7781797081531296
333,0.3975883959245259
3336,2.0911221271589797
3337,2.3884004411130406
3338,2.2596108815033227
3339,2.2226027862091797
333926,1.7362855783457698
333929,0.1690631473497824
333932,0.042620338349058
334,2.9380912518811804
3340,2.2045790910826635
3344,1.5812709176737432
3346,0.0
3347,0.0
335,0.1227655164757016
3350,0.0
3351,0.1304583976107058
3352,0.5321118926262489
3354,0.701426637452602
3355,0.1744797530975475
3356,0.1254572708948052
3357,0.3153090826049388
3358,0.1565694824896934
3359,0.0258288102084853
336,0.0374585887741673
3360,0.0
3361,0.0146508621545966
3362,0.0553878071845259
3363,0.1077099208929781
3364,1.6227269773896302
337,0.0
3371,2.208431013024816
3373,0.4941539193886284
3375,0.0
3376,2.1713037458386983
337867,2.4728114433353383
337872,0.0664261626900539
337873,1.8797623321732209
337874,1.665730899114308
337876,1.3136431497104095
337878,0.0
337879,0.0
337880,0.0
337882,0.0
337959,0.0
337960,0.0
337963,0.0
337964,0.0
337966,0.0
337967,0.0
337968,0.0
337969,0.0
337970,0.0
337971,0.0
337972,0.0
337973,0.0
337974,0.0
337975,0.0
337976,0.0
337977,0.0
337978,0.0
337979,0.0
337982,0.0
337985,0.0
337986,0.0
338,0.0047737452018541
338005,0.0
338069,0.0134224851965348
338091,0.0773206608342586
338094,0.0
338095,0.0955389086838045
338096,0.0
338097,0.0865736051467432
338098,0.1040406105580704
338099,0.8000349904495845
3381,1.1084059993429922
3382,1.684928092705023
3383,1.211509456199494
338321,0.0
338322,0.0
338323,0.0
338324,0.0
338328,0.3482082744348004
338339,0.0
338376,0.092934019355804
338382,0.7502838792547495
338388,0.0
338396,0.0
338398,0.0
338399,0.0
3384,0.7266587159999359
338412,0.3207971677744509
338413,0.0382547653609949
338414,0.0388514046163894
338427,0.0
338428,0.0
338429,0.0
338433,0.0
338436,0.0
338440,1.6553997807085734
338442,0.2419197061654351
3385,0.1430047064851852
338557,0.051871586053616
338567,0.0
338588,0.0
338596,0.5242506478651942
338599,0.0
3386,0.0
338637,0.0
338645,0.036063467897197
338651,0.960554019827888
338653,0.0
338657,1.0723986513573216
338661,0.0
338662,0.0
338667,0.0811098068644656
338674,0.0
338675,0.0
338692,1.995097024800735
338694,0.0702650067990862
338699,1.1891128489949765
338707,2.0021986155247573
338739,0.0524586470199822
338751,0.0
338755,0.0
338758,0.2772520909716023
338761,0.0831865093464727
338773,1.7721832083212017
338785,0.0278454019696254
338799,1.2030694448685604
338811,0.0960960359655527
338817,0.0396462670429822
338862,0.0
338864,0.0
338872,0.0
338879,0.2122160704749191
338917,0.0
338949,0.0
339,0.1135471102998034
339039,0.5321118926262489
339044,0.015877463426456
339059,0.016081724652309
339105,0.0814877748095437
339122,0.243623794793028
339123,2.174784327885614
339145,0.0
339166,0.0
339168,0.0
339175,1.956267831635954
339201,1.8582561003817577
339210,0.6330146717779771
339221,0.0
339229,2.3598982630113903
339230,2.3489280054130712
339231,2.250127029042641
339244,0.0
339257,0.0134224851965348
339263,0.3515837589493132
339287,2.6341063781912952
339290,1.8275042695931487
339291,0.0
339298,0.0
339302,0.0
339318,1.5072196574689656
339324,1.8553344111779495
339327,0.6398523238124352
339344,1.8195541595477511
339345,0.0227948798627598
339366,0.8694813794837869
339390,0.0
339396,0.0
339398,0.1268892755676334
3394,0.7399476031409002
339400,0.0
339403,0.0
339416,0.00865312999270145
339442,0.0
339448,1.588280904789259
339451,1.2935956567023357
339453,0.3359320567572714
339456,0.3460401353128495
339479,0.0
339487,1.619968454467236
339488,0.2465586152299185
339500,1.419004110004709
339501,0.0
339512,0.0166942133416963
339524,0.0573349127789155
339529,0.0
339535,0.1292109697369215
339541,0.4710820887895752
339559,1.2414425835912706
339568,0.0
3396,2.766104701590767
339622,0.009520858735307
339665,0.9841851055791414
339666,0.2230881940461186
339669,0.0
339674,0.0691152046135907
339685,0.0
3397,1.5123775424484311
339745,2.206850587020209
339751,0.3444099990116609
339761,0.0733234266047182
339766,0.0
339768,0.4738343859925213
339778,0.0144462560950847
339779,0.0
339789,0.0193432301006561
339799,1.718713089636243
3398,2.4387026434377224
339804,0.0906947274148189
339807,0.0
339822,0.00207629934331085
339829,0.0814877748095437
339834,0.1313482575810238
339845,0.0
339855,0.0619895891189751
339874,0.4069141903041223
339881,0.0
339883,0.187532728084775
339894,0.0
339896,0.0146508621545966
339897,0.0
3399,2.2482158573425086
339926,0.0
339929,0.8043830164898139
339965,0.91625749327147
339966,0.0719867467506061
339967,0.0
339976,0.0
339977,0.1308144574602704
339978,0.0
339983,1.3672635250471608
339988,0.4361452669084439
34,1.8582840035108228
3400,1.3314008660371133
340017,0.231617602490273
340024,0.0
340061,2.1786375394069997
340069,0.0
340073,0.0146508621545966
340074,0.2216577078869951
340075,1.0813160584133477
340090,0.0
340094,0.0
340096,0.0
340107,0.0
340113,0.0
340120,0.0
340146,0.045189394581304
340152,0.0875120208953502
340156,0.1073437223162539
340168,0.0
340198,0.0
340204,0.1279616427158935
340205,0.1350751580780401
340217,0.0
340252,1.4967158760056714
340260,0.0
340267,0.1311703628083161
340268,0.0
340273,0.0530452976713926
340274,0.029254159459327
340277,0.7339685787915605
340286,0.0223895328412295
340307,0.0
340348,0.9928289909158104
340351,0.423512311032106
340357,0.0
340359,0.6254610829816507
340371,2.092526023953347
340385,1.7068117921240769
340390,0.1577758647003239
340393,0.016081724652309
340419,0.0
340441,0.0
340443,0.0
340460,0.0
340481,1.7264467229491869
340485,2.0678467437236243
340512,0.0
340515,0.0
340526,0.8196890022942457
340527,0.9437274591933378
340529,0.0
340533,0.0372594270725486
340542,1.80182558242748
340543,0.3809209084016326
340547,0.1492934180322608
340554,0.2465586152299185
340562,0.0
340578,0.1093558077997425
340581,0.0
340595,0.0
340596,0.1682135228864451
340598,0.041431969987866
340602,0.0
340654,0.0
340665,0.0
340706,1.5296776956384297
340719,1.2166841424243404
340745,0.0234025367070836
340749,0.0
340784,0.0372594270725486
340811,0.0
340895,0.0410354741801234
340900,0.0
340947,0.083940390516352
340970,0.0
340980,0.0
340990,0.0
341,2.205978427055282
341019,0.6644487074538893
341032,0.3644089194923896
341112,0.0
341116,0.0604409028617613
341128,0.0
341152,0.0
341208,0.0775105280642577
341230,0.0286506937617837
341276,0.0
341277,0.1133653219532496
341333,0.0
341346,0.2904854940046766
341350,0.0091091168566818
341356,0.114273863088368
341359,0.0
341392,0.0144462560950847
341405,0.0
341416,0.0
341418,0.0
341511,0.0
341567,0.0
341568,0.0
3416,1.935287687733307
341640,0.6631342541750695
341674,0.0
341676,1.069905053665938
341689,0.0294552189612712
3417,2.2743998608867195
341784,0.029254159459327
341799,0.0
3418,2.5900744243103397
341880,0.0
341883,0.0
3419,1.8592130243930816
341947,0.0
3420,2.428895346448096
342035,0.2965852100244166
342096,0.0
3421,2.357094915367719
342125,0.8413202910976538
342132,0.7091777068104688
342184,1.3683689061921191
3422,2.275058059693961
3423,0.6950106753009021
342346,0.0187326529005272
342357,1.2398674731579664
342371,1.6708378818225718
342372,0.0274424681999785
342374,0.0278454019696254
342419,0.0252228938178094
342443,0.0
3425,1.7164856577479335
342510,0.219427397119987
342527,0.0833750437052461
342538,0.2005411013501901
342574,0.0
3426,0.2034758186827095
342618,0.0049806933258769
342667,1.172712903151832
342705,0.0
342732,0.1982511050965841
3428,2.033028351311736
342808,0.0
342850,0.0074601518934053
342865,0.0
342892,0.4827087922104566
342897,0.0358639763576893
342898,0.0
3429,2.31383525782627
342900,0.0
342908,1.0098576260049743
342909,0.940639029947822
342918,0.0398448655326076
342926,0.3878889805904448
342931,0.0
342933,0.0344662129356738
342945,1.241510963842636
342977,0.4828218725218858
342979,0.4398697997772173
343,0.0258288102084853
3430,2.4667076409658844
343035,0.1333025569412144
343066,0.0
343068,0.0
343069,0.0314631865193807
343070,0.0
343071,0.0
343099,0.6677674478483135
3431,1.549210190635308
343169,0.0
343170,0.0
343171,0.1726218772089289
343172,0.0
343173,0.0
343184,0.1157254490155959
343263,0.0
343296,0.0
3433,1.901117460485062
343301,0.0
343326,0.3667898289338502
343332,0.0332662841654657
3434,2.207672876372492
343406,0.0
343409,0.0
343413,0.0775105280642577
343450,0.1431800483883791
343472,0.0
343477,0.1858710144881974
343495,0.0
343521,0.0262325134658017
343563,0.0
343578,1.7460529022861826
343637,0.0130126308322217
343641,0.0
3437,2.3039498401375926
343702,0.009315012732202
343727,0.0
343851,0.0
3439,0.0
343930,0.0
343981,0.0
343990,1.9041776096371128
344,0.0555827213422205
3440,0.0
344018,0.0
344022,0.0
344065,0.1171744819931155
3441,0.0
344148,1.5952891949536905
344167,0.0
344178,0.0
344191,0.0
3442,0.0
3443,0.0
344320,0.1382562046163831
344387,0.0173062599854029
3444,0.0
344454,0.1931570629018073
344462,0.0274424681999785
3445,0.0
344558,0.6413928708365233
344561,0.0
344595,1.0487520526941267
3446,0.0
344653,0.0378567710724885
344657,0.0
344658,0.0
344697,0.200214358457645
3447,0.0
344729,0.0
344752,0.0070474104382352
344758,0.0
344787,1.0632968941483647
3448,0.0
344805,0.0683477895576427
344807,0.0
344813,0.0
344838,0.0
344866,0.36095664945832
344892,0.0
3449,0.0
344901,0.0
344905,0.2327166047192115
344978,0.1379033647729047
345,0.0
345016,0.0
345041,0.4064130368376639
345051,0.1987423683833813
345062,0.0702650067990862
345079,1.3910764329309355
3451,0.0
345193,0.3437297520805705
3452,0.0
345222,0.1077099208929781
345274,0.5346431866589378
345275,0.0298571944893556
3454,2.1949333665705972
345430,0.0278454019696254
345456,0.0
345462,0.3049308778565532
345471,0.0
3455,0.1951327793248736
345557,0.1458056710234613
345576,0.032865928486596
3456,0.0
345611,0.0
345630,0.2356919745933813
345643,0.0332662841654657
345645,0.0
345651,0.0503040803202519
345757,2.507721557332217
345778,1.546207415830057
3458,0.0294552189612712
345895,0.129745813935983
3459,2.2352934379067033
345930,0.1366672261961176
346,0.0
3460,2.3444870017319936
346007,0.0374585887741673
3461,0.0
346157,0.2392788897468582
346171,0.0668108416886656
346288,0.0
3463,0.7417465620147607
346389,0.7101608466540053
346517,0.0
346524,0.0
346525,0.0
346528,0.0232000328901817
346562,0.0288518968796068
346606,0.0
346653,0.3014883468762432
346673,0.0
346689,0.1389614282421753
3467,0.0
346702,0.011781879253164
346708,0.0
346711,0.0
347,2.537772387123983
347051,0.5227537076183053
347088,0.0320646470462866
347097,0.0
347148,0.0428182367483027
347168,0.0366616595234452
347169,0.0
347193,0.0205630661837875
347240,1.3186426278157024
347252,0.4884537417549334
347265,1.0094479585060758
347273,0.0455839386189831
347275,0.0
347333,0.1596680011708285
347344,1.071707046713603
347359,0.0
347365,1.2873184017739094
3474,0.0
347404,0.0412337454202869
347411,0.0
347422,0.0
347442,0.016081724652309
347454,0.465199059523442
347468,0.0
347475,1.081179890980946
347487,0.0
3475,0.7341266074355173
347516,0.0
347517,0.4756635428944551
347527,0.4730326961733743
347541,0.0
347544,0.0
347549,0.0
347584,0.0
3476,2.545554909669296
347613,0.2634897422815651
347686,0.0
347687,0.0
347688,0.3027810825165379
347689,0.0225922306114602
347694,0.0
347703,0.0
347704,0.0
347717,0.0
347730,0.0
347731,0.0
347732,0.5476848325967695
347733,0.391093342326679
347734,2.580633111711897
347735,2.7629597501770915
347736,0.188196455857058
347741,0.0
347744,1.1384923515861445
347853,0.0
347862,2.1443005509436803
347894,0.0384536920503017
3479,0.161898500427602
347902,1.810407770860996
348,2.7362514404848555
3480,2.443737604713917
348013,0.501354916519017
348021,0.0
348093,1.8066442822977673
348094,0.6349360092944882
3481,0.3140370579793257
348110,1.3324406130804216
348120,0.0
348156,0.0837519842731955
348158,0.0
348174,0.0
348180,1.4387836677562695
3482,1.830429530617869
348235,2.415873899589436
348254,0.0434116529118274
348262,2.414356525361128
3483,0.2175107305434104
348303,0.0
348327,1.0929092472823008
348378,0.2338140899857443
3484,0.1229452412768831
348487,0.1359600224363479
3485,2.8002159871820873
3486,2.457665058603176
348645,0.1513789312195854
348654,1.5026868880946267
3487,3.2191997323450297
348751,1.054480014115925
348761,0.009315012732202
348793,1.786810389101956
3488,2.860475751946048
348801,0.9772020660376638
348807,0.0
348808,0.0
348840,0.0308612972995617
3489,2.0064878942544975
348910,0.0
348932,0.0
348938,0.1423029624369139
348980,0.0183253569229505
348995,2.0154991745729194
3490,2.92659726627652
349075,0.6078282036960866
3491,2.616844380814867
349136,0.508267041833569
349149,2.140805894527957
349160,0.0
349198,0.2042891169220665
3493,3.1289843602724616
349334,0.0
3494,2.8637596768337272
349408,0.0
3495,0.7399476031409002
349565,1.3904318001229228
349633,0.0232000328901817
349667,0.9911945104551684
3497,0.0221867865316464
3498,0.0
3499,0.0
35,0.9149442989190608
350,0.0
3500,2.384455267119559
3501,1.5798001418753738
3502,1.4499849818623116
350297,0.0
3503,0.5961436488798031
350383,0.0221867865316464
3507,2.060126794840802
3508,1.490670906322278
351,3.177596523020795
351143,0.0
3512,2.8649258327467746
3514,3.290203974593599
351449,0.0
3516,1.948693433795565
3527,0.0
352896,0.0
352909,0.3998674830008766
352990,0.0189362275154237
352999,0.0681558255976688
353,2.6200442550333625
353013,0.0
353088,1.4134364538400177
353091,0.0473570995805846
353094,0.0
3531,0.0
353116,1.2835037852034843
353131,0.0
353132,0.0
353133,0.0986910213962365
353134,0.0
353135,0.0
353137,0.0
353139,0.0
353140,0.0
353141,0.0
353142,0.0
353143,0.0
353144,0.0
353145,0.0
353149,0.0
353163,0.0
353164,0.140897664497433
353174,0.0410354741801234
353189,0.0880745620036581
353196,0.0
3532,0.0
353219,0.0
353238,0.0
353267,0.1795251138352385
353274,1.3939032109323122
353288,0.0
353299,0.0039454490619983
353322,0.6527944755980111
353323,0.0
353324,0.0788383885327216
353332,0.0
353333,0.0
353345,0.0891985025665453
353355,0.8053768520509522
353376,0.0
353497,0.0719867467506061
353500,1.6746482665944231
353511,0.9256083363610612
353512,0.3740190388476034
353513,0.0
353514,0.4765764164248742
3537,0.0
3538,2.7166082513238132
3539,2.6420824300955172
354,0.0078726930921942
3540,0.1347209445133961
3541,0.0
3542,0.1071605621244834
3543,0.0394476217259577
3547,1.90377869509792
3549,0.0
355,0.8386978048455055
3550,2.561440017651597
3551,2.0510060548032163
3552,0.1918372189643938
3553,0.4084156491467168
3554,1.5679193461685677
3556,0.6167002124987596
3557,1.611658016138739
3558,0.0623763134303502
3559,0.0784592157513684
356,0.0581124904196997
3560,0.9037303729316728
3561,0.5291474330893223
3562,0.0
3563,0.9670205875357522
3565,0.0841287540882683
3566,1.7088243754837469
3567,0.0445972313113895
3568,0.0162859366995967
3569,0.4265686592444273
357,1.8848745750097533
3570,0.5168426902165557
3572,3.0298930319472275
3574,0.1100862611199595
3575,0.7828623952144269
3576,0.8306292735411687
3577,1.5223730826209727
3578,0.0
3579,0.0546076972506679
358,2.266869110727009
3581,0.0
3586,0.0803533557144177
3587,0.5672653137133816
3588,0.4541137846217016
3589,0.6055449012955252
359,0.0082850342053478
3590,1.3692568903893445
3592,0.1044082755723394
3593,0.059277505632032
3594,0.2591012256984977
3595,0.0465694896604753
3596,0.0248187083181388
3597,2.620129241736347
359710,0.0
359730,0.1840391672405283
359731,0.0
359732,0.0
359738,0.0
359742,0.0
359743,0.1895222740277748
359745,0.0
359746,0.0
359748,0.0
359752,0.0
359753,0.0
359755,0.0
359757,0.0
359758,0.0
359769,0.0
359771,0.0
359778,0.0
359780,0.0
359783,0.0
359787,0.0
359791,0.0
359792,0.1366672261961176
359793,0.0
359794,0.0
359797,0.0
3598,0.45034206262084
359802,0.0
359809,0.1520729184419736
359819,0.0
359822,0.0
359845,1.897974790974524
359941,0.0
359948,2.810004590888119
359996,0.0
36,2.39714052274903
360,0.9015976332870702
3600,0.1923324140489498
360001,0.0
360014,0.0
360015,0.0
360019,0.2631878694942116
360020,0.0
360021,0.0
360023,2.1439090590995717
360030,0.0
3601,0.9182815637845986
360155,0.2923786028755929
360156,0.0
360158,0.2139848555672504
360163,0.0
360176,0.0
360183,0.0
360200,0.3864747494427827
360203,0.0
360205,0.0
360226,0.0
3603,0.6702894235144825
3604,0.0918151287903754
3605,0.0
3606,0.8072892695793148
3607,2.323547495921869
3608,3.0148214252231376
3609,2.550063933207022
361,0.1031207321073816
3611,0.3367566013394775
3612,1.743680370429889
3613,1.642092123795509
3614,2.4426432298508107
3615,2.713681590536131
3617,0.5168426902165557
3619,2.0188627191184425
362,0.3901974891013792
3620,0.2101206348407074
3621,1.808598368641368
3622,2.1402905026531367
3623,0.3542734726887055
3624,2.207298685175703
3625,1.2543167713501695
3626,0.0548027927666294
3627,1.9146956922427385
3628,1.505911342057526
363,0.061215604083323
3630,0.0534361704016004
3631,1.5833988681436804
3632,1.837032615695807
3633,0.8517045477666533
3635,0.9130891961209976
3636,2.4380983151758735
3638,2.641340611278264
364,0.1738046550044918
3640,0.0384536920503017
3641,0.0
3642,0.0
3643,2.198446176839835
3645,0.0274424681999785
3646,1.9138776455075304
3647,0.0
3651,0.0
3652,1.5650148936964938
3654,2.5772449598667717
3655,2.32757868701699
3656,0.5666614890965441
3658,1.9149221810823176
3659,1.3781594553758023
366,0.9198249686936492
3660,2.406963509241694
3661,2.0756000923613196
3662,0.1466790060376274
3663,1.7028125118486983
3664,2.9274786258934236
3665,2.411984214451631
3667,2.336441628980366
3669,1.2951457871186836
367,2.3932678809640833
3670,0.0499117462968908
3671,2.8644163637843887
3672,1.6259615445343534
3673,2.2819750495858035
3674,0.1974316650138717
3675,1.921896173819054
3676,0.8173950537790181
3678,2.4294776040813755
3679,0.7101608466540053
368,0.2112496279420356
3680,0.9999479635361376
3681,0.1227655164757016
3682,1.2616801675718914
3683,0.4465510428154437
3684,0.7225719719731405
3685,2.449240778485018
3687,0.9259606825776882
3688,2.56338028104866
3689,1.352758171989091
369,2.289785396366132
3690,0.8259042964338978
3691,2.533502382527515
3692,2.661651291466735
3693,2.837602572012225
3694,2.3089463434876136
3695,0.3032115173749001
3696,0.9575489311779448
3697,0.0078726930921942
3698,0.1759966682054657
3699,0.0816766944344988
37,2.480591074820118
3700,0.0380557917082188
3702,0.1466790060376274
3703,2.4729633266551216
3704,2.343510579123682
3705,2.4649822629484626
3706,1.237702872335727
3707,2.028494077526695
3708,1.7091941167587903
3709,1.5620742834833514
3710,2.11819422259631
3712,2.3353704412143204
3713,0.033066130062972
3714,1.6922149611728552
3716,2.168876508569716
3717,1.468443100056971
3718,0.5245710177036568
372,2.688639207117672
3720,2.2447356307782176
3725,2.810907008692763
3726,2.695547261503333
3727,3.0327805282439324
3728,3.0227149608609905
373,1.9287890643643864
3730,2.1272865609497607
373156,2.5568252805218528
3732,1.4982362951905848
3735,2.458593943656929
373509,0.1727909512670478
3736,0.0528497930137067
3737,0.0076664475141711
3738,0.0565566131007352
373856,0.1067941198550825
373861,0.0
373863,0.0
3739,0.0
374,2.070708067304636
3741,0.0483405753318879
3742,0.0416301479021601
374286,0.0080788886488122
374291,0.8473981629191472
3743,0.0164900995891271
374308,0.0199533676763937
374354,1.909549064656818
374355,0.0
374378,2.0737985695469456
374383,0.5102299219176948
374387,0.1979234293138989
374393,1.9277020441343784
374395,2.468121092964117
3744,0.0
374403,0.5790374626792876
374407,0.2473291319515496
374443,0.1987423683833813
374454,0.0
374462,0.7158674916741882
374470,0.0
3745,0.1126377675040334
374569,0.0058079828238362
3746,0.0223895328412295
374618,0.6806276391530817
374654,0.8802425862022866
374655,1.4242456427905317
374659,1.1084059993429922
3747,0.0221867865316464
374739,0.0565566131007352
374768,0.0
374786,0.0506962311574882
3748,0.0908815660467812
374819,0.4559924625529434
374860,0.5253179952353421
374864,0.0548027927666294
374868,1.4093755997864097
374872,0.2219758154632521
374875,1.2638173317140349
374877,0.3953024001482032
374879,1.0559981516772086
374882,2.51660805858606
374887,0.5709776172174932
374890,0.0
374897,0.0
374899,0.952901180463528
3749,0.2987521653592278
374900,1.1559803524298278
374907,1.5602499326811707
374918,0.045189394581304
374920,1.2014909408036567
374928,0.8598403742462348
374946,0.0616026860516921
374955,0.0238073990491231
374969,1.905711393961355
374973,0.0936791088254262
374977,0.0039454490619983
374986,1.4102697949576632
374987,0.1962830437178839
375,3.198707950050945
3750,0.4469072753681082
375033,0.7204789411507511
375035,1.8984553422055597
375056,2.1117665591411474
375057,0.1929922007033621
375061,0.8272088244025628
3751,0.6151979995868957
375189,0.7929162409650027
375190,0.9812941705142656
375196,0.1560519136043738
3752,1.003269296783413
375248,0.8267971522266588
375287,1.5232231168761694
375295,1.6160428850711412
375298,0.1135471102998034
3753,0.0376577034343075
375307,0.1475514077122861
375316,0.1014623682252616
375318,0.0
375323,0.0
375337,0.0
375341,1.1716282123249622
375346,0.2168708182832729
375387,0.8616632582209469
3754,1.138081111923658
375444,1.058315267388965
375449,2.300513735526515
375484,1.6504756512194871
3755,0.0066344685557293
375519,0.0262325134658017
375567,0.0128076294222381
375593,0.0506962311574882
3756,0.4275440557109228
375607,0.009315012732202
375611,0.031262604438497
375612,0.0
375616,0.1601832752529271
375686,0.0
3757,0.0888240246898696
375704,1.058315267388965
375743,1.914825130169535
375748,0.9158399578252544
375757,2.366333807934818
375759,0.1157254490155959
375775,0.5191053260257926
375790,2.234247048773744
375791,0.6945919517681804
3758,0.0232000328901817
375850,0.0
3759,0.974603363380928
3760,3.0768236941230827
3761,0.0
376132,0.0
3762,0.3755872296393489
376267,2.117180680186784
3763,0.0
3764,1.3080222103300474
376497,1.6612272023034689
3765,0.0084911297831118
3766,0.055972413796195
3767,2.095242123909847
3768,0.1840391672405283
3769,0.0294552189612712
376940,1.1481125279584128
377,2.8310105775349776
3770,0.3473959406229774
377007,0.0820544050747075
3772,0.0769407965432616
3773,0.0113712320035829
377381,1.5274509407342174
3775,0.4528194211296233
3776,0.3515837589493132
377630,0.0
377677,0.8047381315460629
3777,0.1140922349498855
3778,0.8587963862704502
377841,0.4124049294806126
3779,0.724017189683126
377997,0.0
378,3.010570695789792
3780,0.0614091674392234
378001,0.0
378009,0.0
378010,0.0
378013,0.0
3781,0.4248586445341375
378108,0.0
3782,0.4787399534398962
3783,0.8517045477666533
3784,0.8856494077553729
3785,0.0140368959186701
3786,0.3840257459832615
3787,0.0189362275154237
378706,0.0
378707,0.1131834935159202
378708,0.6626955441799796
3788,0.0
378805,0.112455778548313
378807,0.0
378825,0.0
378828,0.0
378832,0.0
378884,0.3293037181343514
378925,0.0284494427319338
378938,2.632573558736591
378948,0.0
378949,0.0
378950,0.0
378951,0.0
378952,0.0
378955,0.0
379,1.6271350102416775
3790,1.876848719379567
379005,0.0
379006,0.0
379007,0.0
379008,0.0
379011,0.0
379012,0.0
379024,0.0
379025,1.8071283956455648
3791,2.0030835643260096
3792,0.1283187873796772
3795,1.831333893046448
3796,1.739401534256732
3797,1.5919520091872146
3798,0.0544125563488178
3799,2.655179684600487
38,1.6958073842415409
3800,1.0354621441571756
3801,0.9264301675970312
3802,0.0
3804,0.0
3805,0.0
3809,0.0
381,2.8719964403015834
3811,0.0
3812,0.055972413796195
3814,0.4252254058786104
3815,1.6110024250623023
3816,0.0729417365234151
3817,0.0280467968559265
3818,0.0364623094604789
382,2.9314056526587304
3820,0.3371685424643607
3821,0.0639214260144302
3822,0.248867918546407
3823,0.1178980435863406
3824,0.0544125563488178
3827,0.0
383,0.0927476423604853
3831,1.1117319346273602
3832,2.351068491606389
3833,2.5129852271718107
3834,0.033066130062972
3835,2.4318945181096847
3836,1.957351510461071
3837,2.665738523641835
3838,2.7192871453320904
3839,2.0295004053502255
384,0.7058902165239181
3840,2.1405838344316046
3841,0.8559821920667064
3842,2.3048560351985357
3843,2.495566861105128
3845,2.1232801451689074
3846,0.1139105667826226
3848,0.0563619252247972
3849,0.0
3850,0.0455839386189831
3851,0.1805304190528387
3852,2.1596954829491906
3853,0.3067892359627172
3854,0.9009869475189412
3855,2.4782623446190684
3856,3.1956174294746806
3857,0.0
3858,2.3796816698161023
3859,0.0
3860,0.3573549956240446
3861,2.2779130937893592
386593,0.0422244019181622
386597,0.2248330884582169
3866,1.726700485328847
386617,0.051871586053616
386618,0.0
386627,0.4772603276962321
386653,0.0
386672,0.0
386674,0.0
386675,0.0
386676,0.0
386677,0.0
386678,0.0
386679,0.0
386680,0.0
386681,0.0
386682,0.0
386683,0.0
386684,0.0
386685,0.0
386688,0.0
386689,0.0
386690,0.0
386691,0.0
386692,0.0
386693,0.0
386695,0.0
386697,0.0
386724,0.0
386731,0.0
386732,0.0
386734,0.0
386735,0.0
386736,0.0
386742,0.0
386745,0.0
386746,0.0
386758,0.4056606798125319
3868,0.4151353111108172
387,3.0567060650777944
387032,1.3271920586950574
387043,0.0671953437318986
387044,0.0
387055,0.0
387066,1.2280477272866734
387074,0.0
387082,0.2962958267391992
387103,2.135874776339919
387104,0.0166942133416963
387111,0.0
387119,0.7265788220773138
387122,0.1786864032253949
387129,0.0134224851965348
3872,1.968640214713471
387263,1.8718049123245888
387264,1.2337987717217331
387266,0.0
387267,0.0
387273,0.4055352137670819
387317,0.0
387321,0.0
387322,0.0
387323,1.6462576259705066
387332,0.0
387338,1.4017864587314337
387357,0.0410354741801234
387361,0.0
387363,0.0
387364,0.0
387486,0.0
387491,0.25712600164172
387494,0.1997239947427288
387496,1.9096637924805149
3875,3.251493840508809
387509,1.2654228670384025
387521,1.8246390518735316
387522,0.0
387597,0.1430047064851852
3876,0.3953024001482032
387601,0.1738046550044918
387640,0.0675796689626678
387646,0.0914418297097786
387680,2.222511516011479
387694,0.0386525717956126
387695,0.0428182367483027
387700,0.0074601518934053
387707,0.132770028068318
387712,0.096838290181438
387715,0.0
387718,0.0
387723,0.4708522651484668
387733,0.0
387742,0.0
387745,0.3079306351066379
387747,0.0
387748,0.0
387751,0.2211803085870034
387753,0.3092127067048581
387755,0.0
387758,1.926187771964768
387763,1.6130480699463468
387775,0.2627348432514378
387778,0.0
387787,1.1562593389431073
387804,0.0621829736100838
387810,0.0
387815,0.0
387820,2.140334962414246
387836,0.0
387837,0.0
387841,1.17852670769169
387845,0.2036385443040874
387849,0.2439332358021009
387853,0.0
387856,0.4328860666615752
387867,1.0100111794953812
387882,1.6789072474069997
387885,0.1354292185439032
387890,0.6981012371869022
387893,2.136176264582576
3879,0.1261735853154376
387911,0.0445972313113895
387914,1.149404536476935
387921,1.680219358429216
387923,0.2546881495690168
387933,0.3491549102849444
387978,0.0
387990,0.4796490118580666
388,3.3025666951508983
3880,3.421920098910596
388011,0.0508922379282558
388015,0.0
388021,0.0
388076,0.0
3881,1.3417918271125748
388112,0.1080759571659009
388115,0.599131122187273
388121,1.9264313868709464
388122,0.0788383885327216
388125,0.2202246523198821
388132,0.2272063501845077
388135,0.9908776500807792
388181,0.0
3882,0.5437451721879315
388228,2.0658048825147004
388248,0.016081724652309
388254,0.0060146795562324
388255,0.0
388272,1.548648609455069
388282,0.0
388284,0.301919497498654
3883,0.0795962166369358
388323,0.2760648933442085
388324,1.4232065186780596
388325,0.2612228714096791
388327,0.9383413288255548
388333,0.0
388335,0.4542313418576185
388336,0.6865868612186332
388339,1.0314264868242289
388341,1.056566449475331
388344,1.8348333796441676
388363,2.085788230500878
388364,0.0
388381,0.0
388387,0.0164900995891271
388389,0.0183253569229505
388394,0.0
3884,0.0
388401,0.0920017153720052
388403,2.0721975338359355
388406,0.0
388407,0.61340992310235
388419,0.0
388428,0.0
388456,0.0
388460,0.0473570995805846
388468,0.0
388474,0.4161257174798992
3885,0.0
388512,0.0115765804481612
388523,0.074848442848116
388531,0.0290530521054448
388532,0.0717956175864252
388533,0.1946393048600189
388536,0.8884602541040943
388551,0.0812988122919001
388552,1.9654664087444895
388553,0.0140368959186701
388555,0.8316518885732588
388556,0.3487493523901473
388558,1.269302297988019
388559,1.6254054813496717
388561,1.733696791790286
388564,2.3571764880902597
388566,0.2933960701910224
388567,1.2981710519451293
388569,1.3234485387006254
388579,0.0658488120877697
388581,0.3151678496285632
388585,0.0
388588,1.1302108358396663
388591,1.0124627230857808
388595,0.0
3886,0.0590834488965626
388610,0.6957637283361037
388611,0.2080197009600495
388621,0.0
388630,0.5939189204579863
388633,0.0869490986322006
388646,0.029254159459327
388649,0.0326656794165476
388650,1.7101566320246042
388662,0.1541513409448461
388667,0.0
388677,0.1458056710234613
388685,0.0970237498872507
388695,2.1230002528862824
388697,0.018529029376588
388698,0.0
3887,0.9100854607245216
388701,0.4444100486698154
388707,0.4094149576274323
388719,0.0927476423604853
388722,1.593436257668064
388730,1.256948540005779
388743,2.584913714380479
388753,2.1050752819375447
388759,0.1333025569412144
388761,0.0
388762,0.0
388789,2.15638005224574
388795,0.0236049920866109
388796,1.4807289445809204
388799,0.6659353890920489
3888,0.0
388815,0.1077099208929781
388818,0.0
388820,0.0
388830,0.0
388849,0.0654636900743731
388882,0.0
388886,2.000344571445378
3889,0.0191397532419228
388907,0.2744295571436418
388910,0.0
388925,0.0268377072511832
388931,0.076560759028747
388939,0.0047737452018541
388942,0.0
388946,0.0
388948,0.052263005646635
388951,0.0
388960,0.0
388962,1.4450993475320606
388963,0.2840437908116426
388969,1.9669927852597635
388996,0.0
389,2.6002982436926207
3890,0.0
389000,0.0
389015,0.0
389023,0.0
389053,0.3374430473673273
389058,0.3273596661759082
389072,0.9980194598231044
389073,0.0
389075,0.0
389084,0.496599149544295
389090,0.0
3891,0.0132175827499873
389101,0.3662613804410334
389114,0.7554307837483738
389118,0.0332662841654657
389119,1.0395680892365118
389120,0.0
389123,0.0
389124,0.0
389125,0.0501079362162316
389127,0.0
389136,1.0589756340239276
389141,0.1520729184419736
389144,0.0
389151,0.0
389152,0.0
389156,0.1380798037091699
389158,0.0
389161,0.0
389170,0.230202364696839
389177,0.0132175827499873
389179,0.3026375512736929
389197,0.0
389199,0.0274424681999785
3892,0.2662014012677841
389203,1.5083004449500177
389206,0.0
389207,0.0
389208,0.0
389223,0.1215063417494183
389240,0.9379383534611314
389247,0.3868607110340799
389257,0.0
389273,0.0
389289,0.4002466617323575
389320,0.0
389322,0.7113877642810509
389332,0.0211723261778742
389333,0.8215598561134722
389336,1.4582408322141134
389337,1.5554735057564708
389342,2.8528564219959183
389362,0.6744434575029297
389376,0.0296562306312831
389383,0.3742806288380695
389384,0.0829979322484961
389386,0.0
389396,0.0
389400,0.0
389404,0.3302739095085172
389421,0.0
389428,0.0396462670429822
389432,0.6154799103201788
389434,0.1558793174845897
389435,1.866169135486074
389458,0.0
389465,0.0
389493,2.0663341265394086
3895,2.5092616307094904
389524,0.632556426711956
389537,0.2519365399675359
389541,2.6377475890964632
389549,0.0
389558,0.7775552481620559
389602,0.0280467968559265
389610,0.0290530521054448
389611,0.0
389616,0.0
389626,0.0
389630,0.0
389634,0.0616026860516921
389641,0.8966954676148147
389643,0.0266360241092229
389644,0.114818507485862
389649,0.257430204361254
389658,0.0
389668,0.0706479226552025
389672,0.672888643494807
389676,0.0
389677,1.5044763277526323
389690,0.0
389692,0.0617961599388916
3897,0.0246165431357565
389727,0.0
389730,0.0
389740,0.3969540916648174
389741,0.3144612982709531
389756,0.0
389761,0.0
389762,0.0
389763,0.0
389766,0.0362629122582597
389791,0.0338664618273812
389792,2.164228742844863
389799,0.033066130062972
3898,1.9803296802681616
389812,0.0
389813,0.5989387640588449
389816,0.1872006591820415
389827,0.0
389831,0.0123974780415539
389840,0.0318642078034075
389852,0.0
389856,1.848390913424796
389857,0.0
389860,0.1245609986757527
389874,0.0
389895,0.0
389898,0.0
3899,2.5197695062778935
389901,0.0940514026841421
389903,0.0
389941,0.6564354984263006
389948,0.0
389976,0.0326656794165476
39,1.8309962292692497
390,1.6325666437848203
390003,0.0
390010,0.0
390012,0.0
390028,0.0738956344925407
390030,0.0138321417599086
390031,0.0
390033,0.0
390034,0.0
390035,0.0166942133416963
390036,0.0
390037,0.0
390038,0.0
390039,0.0
390040,0.0
390041,0.0
390043,0.0
390044,0.0
390046,0.0
390053,0.0
390054,0.0
390058,0.0
390059,0.0175101773978301
390061,0.0
390063,0.0
390064,0.0
390066,0.0
390067,0.0
390072,0.0
390073,0.0
390075,0.0
390077,0.0
390078,0.0
390079,0.0
390081,0.0
390082,0.0
390083,0.0
390084,0.0
390091,0.0
390093,0.0234025367070836
390098,0.0
390099,0.0
390101,0.0
390102,0.0
390110,0.0
390113,0.0
390116,0.0
390117,0.0
390131,0.0
390133,0.0
390134,0.0
390136,0.0
390137,0.0
390139,0.0
390142,0.0
390144,0.0
390148,0.0
390151,0.0
390152,0.0
390154,0.0
390155,0.0
390157,0.0
390158,0.1135471102998034
390162,0.0
390166,0.0
390167,0.0
390168,0.0
390174,0.0
390181,0.0
390183,0.1276043426051557
390186,0.0
390190,0.0
390191,0.0
390195,0.0
390197,0.0
390199,0.0113712320035829
3902,0.3438658497099287
390201,0.0
390205,0.3254107039033371
390206,0.0811098068644656
390212,0.0
390215,0.0
390218,0.2372534944972522
390224,0.0
390225,0.0
390228,0.0
390231,0.0
390233,0.0996158349795007
390239,0.0
390243,0.0428182367483027
390245,0.0152643844692303
390251,0.0
390259,0.0
390260,0.0
390261,0.0
390264,0.0
390265,0.0
390267,0.0
390269,0.0
390271,0.0
390273,0.0
390274,0.0
390275,0.0
390282,0.0
390283,0.0910683626288553
390297,0.0
3903,0.9574373489712223
390301,0.0
390306,0.0
390313,0.0
390318,0.0
390320,0.0
390321,0.0
390322,0.0
390323,0.0
390324,0.0
390326,0.0
390327,0.0
390329,0.0
390332,0.1099037083863086
390340,0.0
390345,0.2102820170793421
390354,1.960973396175424
390378,0.0716044446446561
3904,0.0668108416886656
390407,0.0294552189612712
390413,0.0
390415,0.0219839916622789
390418,0.0797855659595778
390421,0.0
390429,0.0
390431,0.0
390433,0.0
390434,0.0
390435,0.0
390436,0.0
390437,0.0
390438,0.0
390439,0.0
390440,0.0
390441,0.0733234266047182
390442,0.0
390443,0.0
390445,0.0
390502,0.0
390530,0.3331771774676362
390531,0.6584696375048643
390535,0.0
390538,0.0
390539,0.0
390576,0.0
390578,0.0
390581,0.0716044446446561
390594,0.0111658338983268
390595,0.4551711279567966
390597,0.032865928486596
390598,0.0080788886488122
3906,0.0
390601,0.1992333314916197
390612,0.06565627325421
390614,0.0
390616,0.0
390627,0.5049837449076889
390637,0.6698552608352895
390648,0.0
390649,0.0
390650,0.0
390652,0.0
390660,0.029254159459327
390664,0.0
390667,0.0211723261778742
390671,0.0614091674392234
390714,0.2643946669006141
390735,0.0
390748,0.0
390766,0.0871367817651098
390790,0.0
390792,0.0179178651438874
3908,1.2340067695525796
390834,0.0179178651438874
390836,0.0
390846,0.0
390848,0.241454318250322
390857,0.0
390860,0.0318642078034075
390872,0.0
390874,0.0
390876,0.0946095302476571
390882,0.011781879253164
390883,0.0
390885,0.0
390886,0.0
390892,0.0
390895,0.0
3909,2.3791322568316415
390916,1.9763869751251908
390927,0.8639993444225774
390928,0.011781879253164
390937,0.1290326108407842
390940,0.2513237677264248
390948,0.0
390949,0.0
390980,1.2891686233793032
390992,0.0
390997,0.0
390998,0.0
390999,0.0
391,2.52709186568535
3910,2.040623760889152
391002,0.0
391003,0.0
391004,0.0
391013,0.2070481777241334
391053,0.0
391059,0.7273773341252332
391073,0.0
391077,0.0
391092,0.0
391099,0.0
3911,2.2307218433022578
391102,0.0
391104,0.051479983874231
391106,0.0
391107,0.0
391109,0.0
391110,0.0
391112,0.0
391114,0.0378567710724885
391117,0.0
391119,0.0
391120,0.0
391121,0.0
391123,0.0
391124,0.0807316672117631
391126,0.0
391130,0.0
391135,0.0272409292764164
391140,0.0555827213422205
391151,0.2072101800793139
391168,0.045189394581304
391171,0.0
391175,0.0754196057556881
391179,0.0276439590910099
391181,0.0809207585101274
391189,0.0
391190,0.0
391191,0.0
391192,0.0
391194,0.0
391195,0.0
391196,0.0
3912,2.0799500805253435
391211,0.0
391242,0.0
391253,0.0673875284399155
391256,0.2831612505969013
391269,0.0706479226552025
391279,0.035464851664874
391282,0.0
3913,2.7999719782559915
391349,0.0
391356,1.685916778065084
391365,0.0
391387,0.0
3914,1.9762486303616429
391436,0.0
391448,0.0
391458,0.0
391462,0.0
391470,0.0288518968796068
391472,0.0
391475,0.0
391490,0.1431800483883791
391496,0.0729417365234151
3915,2.6949359589341326
391524,0.0
391526,0.0
391533,0.0
391548,0.0
391560,0.0
391566,0.0
391576,0.0
391581,0.0
391584,0.0
391589,0.1557066847631222
391598,0.0
3916,2.915165224460648
391622,0.0
391627,0.0
391630,0.0
391632,0.0
391634,0.7214457640086778
391636,0.0
391642,0.0
391647,0.2007044229568114
391655,0.1213263021618315
391656,0.0
391674,0.0
391679,0.0
391696,0.0
391698,0.0308612972995617
391701,0.0829979322484961
391703,0.0
391706,0.0453866897349848
391711,0.0
391712,0.1133653219532496
391713,0.0
391714,0.057140405596366
391719,0.1144554512135472
391723,0.0
391739,0.1066108377458085
391741,0.0
391742,0.0
391744,0.0
391746,0.0
391747,0.0
391765,0.0
391768,0.0
391769,0.1964472329761948
391777,0.5640389824698427
391798,0.0
3918,1.7076603129155203
391803,0.0268377072511832
391819,0.0
391827,0.1531127924617492
391833,0.1939808677093617
391845,0.0
391850,0.0
392,2.581342319240702
3920,2.501651421032302
392027,0.0
3921,2.9356123199813036
392100,0.0
392106,0.0
392132,0.0
392138,0.0
392145,0.0
392180,0.0
392187,0.0
392188,0.0
392193,0.0
392194,0.0761805481519545
392196,0.0298571944893556
392197,0.0
392206,0.0544125563488178
392214,0.0
392255,0.2996172621558362
392262,0.0
392265,0.0
392266,0.033066130062972
392271,0.3549444262336366
392281,0.0
392282,0.1630970075402978
392288,0.0
392292,0.0
392298,0.0
3923,0.0
392302,0.0
392305,0.0916285002418245
392307,0.0091091168566818
392308,0.0
392309,0.0266360241092229
392311,0.0
392313,0.0746579682411712
392322,0.0
392335,0.2227705298670456
392368,0.015877463426456
392371,0.0803533557144177
392374,0.0
392375,0.0
392376,0.0
392377,0.0
392382,0.0
392387,0.1047757771404354
392390,0.0
392391,0.0
392392,0.0
392399,0.0
3924,0.0
392424,0.1111807302691279
392426,0.0
392433,0.0
392436,0.0
392439,0.0
392440,0.0
392451,0.5535539996320848
392456,0.0219839916622789
392465,0.8767603938481009
392479,0.0946095302476571
392485,0.0
392489,0.061215604083323
392497,0.2094747804319355
3925,2.5738379946845247
392501,0.0
392505,0.0
392508,0.0740862832627668
392509,0.3724476055343745
392516,0.1215063417494183
392517,0.1726218772089289
392520,0.0
392522,0.0
392529,0.0
392538,0.0
392540,0.0
392543,0.0
392545,0.0
392547,0.0
392552,0.0
392555,0.0
392557,0.3844129576717742
392561,0.0
392617,0.7792552391056519
392636,0.0199533676763937
3927,2.717218046133963
392713,0.174311031346234
392752,0.3686365167826566
392781,0.0
392787,0.0
392843,0.0252228938178094
392862,0.0173062599854029
392872,0.0
3929,0.3880174160816136
392979,0.3415489023344227
393,0.7509005315114806
3930,1.88850067323678
393046,0.0
3931,0.939146494148436
3932,0.4413065618462461
3933,0.2028245859775974
3934,0.5180287621992018
3936,2.358439348184885
3937,1.15254155787999
3938,0.0109603861112779
3939,2.9089934297453146
394,1.6244825217403485
394214,0.0
394255,2.1559166272921
394263,0.0
3945,0.8039566232142972
3948,0.0171022935190702
3949,2.2511253304294594
395,0.4849670890116401
3950,0.0
3952,0.2837497213258301
3953,0.4996994506783486
3954,2.290258841289096
3955,2.670825300549854
3956,3.185059036891988
3957,0.5466501766845521
3958,2.695403765614402
3959,2.7255738230958144
396,2.9572687288699906
3960,0.0318642078034075
3963,0.1267104114681807
3964,2.075887094247017
3965,1.5494907331661325
397,2.879578147926187
3972,0.0555827213422205
3973,0.0
3975,0.0
3976,0.7625852797571046
3977,1.694826787653367
3978,2.1679855798831076
398,0.6212807618630699
3980,1.8536353493749969
3981,1.4405395407637716
3982,0.0
3983,1.769042628147791
3984,1.9126921533973025
3985,2.0812560875142627
3987,2.0541294598080615
3988,2.454014184503446
399,0.963875852358229
3990,0.0215782561623971
3991,1.32385928321603
3992,1.5101099562174083
3993,2.619813034325414
399473,0.8387651816700402
399474,2.118605455465561
399496,0.0
3995,1.4080064206731036
399512,1.6647404348196992
3996,1.7293057135082548
399664,2.097151965959396
399665,2.694140656426643
399668,0.5220040732907545
399671,0.9250206493141924
399687,1.5124179388074444
399693,0.0031163460570424
399694,0.2434690289610175
399697,0.0
399706,0.018529029376588
399715,0.059471517423572
399717,1.621958817816121
399726,0.2939768848140943
399748,0.2434690289610175
399774,0.0
3998,2.7193147888426017
399804,0.0
399806,0.0132175827499873
399814,0.0
399818,1.4180274603564769
399821,0.1712680127981029
399823,0.0538268611423806
399827,0.0296562306312831
399829,0.0
399839,0.0
399857,0.0
399876,0.0
399886,0.0
399888,0.0501079362162316
399909,2.0558272468154533
399937,0.0
399939,0.0
399942,0.741824667882718
399947,0.0
399948,0.1379033647729047
399949,0.0637284429094406
399959,0.4724595249391337
399965,0.0
399967,0.0213753154909553
399968,0.0
399972,0.72729752561457
399979,1.8072651094955303
40,0.01219232802879
400,2.5946308389144233
4000,2.7316772645777117
400002,0.0091091168566818
400011,0.2566694775561359
400013,0.1541513409448461
400026,0.0
400036,0.029254159459327
400043,0.7787383145926706
400046,0.018529029376588
400055,0.2800645005101981
400064,0.3941568000258886
400073,1.2310527547819874
400084,0.2391232734865712
400087,0.0
4001,2.5571784271650926
400120,0.0115765804481612
400121,0.0
400126,0.3291650196604457
400129,0.1363137006627803
400141,0.1175363422620864
400165,0.0
400174,0.0302589788495971
400208,0.0086971754034013
400221,0.3785839079872067
400224,0.9942489895947768
400236,1.2766902210251267
400238,0.0
400242,0.5873979117531304
400258,0.0816766944344988
400347,0.0376577034343075
400359,0.04578114125236
400360,0.0786488237171767
400385,0.0398448655326076
4004,0.0
400406,0.0376577034343075
400410,0.7980294471878667
400451,2.348971052172669
400456,0.0551928477150357
400499,0.0831865093464727
4005,1.5019238632194365
400500,0.0268377072511832
400506,1.512821717261954
400511,0.0123974780415539
400512,0.0645001083526856
400533,0.0
400548,0.0
400550,0.0
400558,0.0
400566,0.7689889722315462
400569,1.5116498315576423
400579,0.1582923385912082
400581,0.0181216355189445
400591,0.0
400604,0.2977416696292913
400609,0.0
400612,0.0
400617,0.1240227657226751
400618,0.0358639763576893
400619,0.0358639763576893
400620,0.0
400622,0.0
400624,0.0
400627,0.0583067721494003
400629,0.1536322322100882
400643,0.0
400644,0.0
400645,0.0
400652,0.0871367817651098
400654,0.0113712320035829
400655,0.0
400657,1.3998143692904454
400658,0.4555232401831049
400668,0.0
400673,1.5684945073852266
400680,0.7604622054521747
400684,0.8065108133605831
400685,0.3953024001482032
4007,1.6706364379123206
400709,0.0629560650472485
400710,0.0683477895576427
400713,1.3883375998425749
400720,0.5904225847101632
400728,0.1047757771404354
400735,0.0
400736,0.0
400743,0.0
400745,0.0238073990491231
400746,0.2345970813119669
400748,0.0
400750,0.4550537199587505
400752,0.3824749171361232
400757,0.0
400761,0.0641143646112851
400765,0.0
400793,2.460837899734316
400794,0.0
400797,0.0
400798,0.4999203969465767
4008,1.5754484938780309
400800,0.0
400804,0.0078726930921942
400818,1.0428713221191803
400823,0.186369888167896
400830,0.3750648589324213
400831,0.2168708182832729
400839,0.0
400866,0.0286506937617837
400891,0.0
4009,0.0086971754034013
400916,2.127728965907598
400931,0.4168676643531577
400932,0.0
400935,0.1601832752529271
400941,0.0633423431029015
400945,0.3829922128431253
400946,0.0436093653522559
400950,0.0246165431357565
400952,0.0983208065549586
400954,0.0702650067990862
400957,0.0089031710875008
400958,0.8608175661864105
400961,1.134656352931236
400963,0.5203950923549155
400966,0.0049806933258769
400984,0.4532903606930506
400986,0.7797717583845821
400997,0.0540221383132408
401,0.0
4010,2.583574736755374
401007,0.0
401014,0.0318642078034075
401018,0.0
401019,2.113380655075653
401022,0.5821965273613223
401024,0.033066130062972
401027,0.0268377072511832
401036,0.0
401039,0.0
401040,0.0
401067,0.0
401074,0.0217811482126814
401076,0.5531436949178505
401081,0.0
401082,0.0053944386314874
401089,0.0346660352741282
401093,0.2556032266047128
401097,1.1817350219734313
401103,0.0
401105,0.015877463426456
401109,0.1544972297209149
401115,2.398842676708223
401124,0.0242120678044732
401134,0.0
401136,0.0
401137,0.0
401138,0.0
401145,0.2517833914382879
401152,2.547666830844826
401172,0.0123974780415539
401177,0.0
401190,0.0960960359655527
4012,2.014642653293897
401207,0.8446668928204194
401232,0.9118894304630354
401236,2.278383079249718
401242,0.0
401247,0.1240227657226751
401250,0.3648062545982056
401251,0.1898533880244812
401253,0.0
401258,0.1550157875879565
401260,0.0837519842731955
401262,0.4485674354128181
401264,1.0474075211745837
401265,0.1697422064994797
401282,0.0
401286,0.0310619747051902
401288,0.0769407965432616
4013,1.1396832746882306
401335,0.0
401337,0.0
401375,0.068923416931643
401387,0.0080788886488122
401393,0.0
401397,2.224527792062989
401398,0.0897599029245919
401399,0.0384536920503017
4014,0.0
401409,0.8764428812345527
401427,0.4808971306868097
401428,0.2919421389692491
401431,0.2858058900056053
401442,0.0
401447,0.0
401450,0.0
401463,0.0199533676763937
401466,1.9630331620485184
401474,1.0205127770156002
401475,0.0
401491,0.0814877748095437
401492,0.281688135119667
401494,1.1477486211392869
401498,0.1766699409861253
4015,2.159560768192424
401505,0.5369557465375479
401533,0.0
401535,0.0111658338983268
401537,0.1494674146509814
401540,0.0
401541,0.8344388018714725
401546,2.009500633763565
401548,1.3301272651776628
401551,0.0258288102084853
401554,0.0109603861112779
401561,0.0516758077965697
401562,0.0177140457770852
401563,0.035464851664874
401565,0.0392489295621294
401588,0.7903808880503491
401589,0.0
4016,2.30913314241016
401602,0.0623763134303502
401612,0.4247363507413907
401613,0.0
401638,0.0402419221072167
401640,0.0867613730983522
401646,0.0
401647,0.1671927972655278
401661,0.0
401662,0.0
401664,0.0
401665,0.0
401666,0.0
401667,0.0
401675,0.0
401677,0.240211946894603
401687,0.0
401696,0.0
4017,2.3889295943069992
401703,0.0960960359655527
401717,0.054997842915243
401720,0.0296562306312831
401725,0.1536322322100882
401742,0.0
401744,0.0
4018,0.0
401817,0.1341893368520052
401822,0.032865928486596
401825,0.0
401827,0.0
401863,0.0
401865,0.0863857947605423
401895,0.1066108377458085
401898,0.300769231165453
401903,0.0
401913,0.3965732529053505
401914,0.1091730934233686
401934,2.042802422528752
401944,0.1058773024419657
401957,0.0777003520403405
401967,0.0658488120877697
401973,0.0
401974,0.0
401975,0.0434116529118274
401981,0.094423529467826
401982,0.0370602183099194
401992,0.0
401993,0.0
401994,0.0
402,2.086062207574185
402016,0.1250988793227
402055,1.5691227886753412
402057,0.6759947501741739
402069,0.0
402077,0.0
402093,0.0
402117,0.0
402120,0.0
402123,0.0
402133,0.0
402134,0.0483405753318879
402135,0.0334663908138561
402150,0.8099009108435553
402152,0.0
402160,0.2139848555672504
402175,0.0
402191,0.0
402192,0.0495192289370227
402193,0.0
402214,0.0
402220,0.0
402226,0.1247403313498729
402229,0.0187326529005272
402236,0.0
402240,0.0
402246,0.0
402249,0.0
402273,0.0
402279,0.0
402287,0.2952821382719953
4023,1.5865036444638851
402317,0.0567512557756906
402329,0.0
402342,0.2038012369269854
402359,0.0782695646180464
402360,0.0
402374,0.0
402381,0.0099324012091867
402415,0.1563969960933261
402424,0.0
402425,0.051284114267885
402429,0.374934210114378
4025,0.0056012358560772
402509,0.0
402569,0.2671032151864317
402573,0.2160702066097536
4026,1.880115151044224
402635,0.0
402665,0.1044082755723394
402679,0.0
402682,0.9511562367538752
402694,0.1113630007312303
402778,0.1642937488756426
402779,0.0
403,2.232519712026445
403150,0.1233045730531342
403219,0.0
403223,0.0
403224,0.0
403226,0.0
403227,0.0
403228,0.0
403230,0.0
403236,0.0
403238,0.0
403239,0.0
403241,0.0
403244,0.0
403247,0.0
403248,0.0
403250,0.0
403251,0.0
403252,0.0
403253,0.0
403255,0.0
403257,0.0
403259,0.0
403260,0.0
403263,0.0
403264,0.0
403266,0.0
403271,0.0
403272,0.0
403273,0.0
403274,0.0
403275,0.0
403276,0.0
403277,0.0
403278,0.0
403281,0.0
403282,0.0
403283,0.0
403284,0.0
403285,0.0
403288,0.0
403296,0.0
403297,0.0
403299,0.0
4033,0.1593243036188781
403303,0.0
403304,0.0
403305,0.0
403312,0.0105493414072734
403313,1.9013182930902048
403314,0.0
403323,0.332486914834159
403339,0.0
403341,1.7648113669836123
4034,0.8828260157382563
4035,2.1408946797568835
4036,1.936476669075316
4037,1.8756916666138987
4038,0.5547835030991647
4040,1.8004707017068549
404024,0.0467664613262632
404037,0.0
404093,2.336541092640987
4041,2.200178022817293
404201,0.2631878694942116
404203,0.0
404204,0.0
404216,0.3899413359089229
404217,2.3320797945038985
404266,0.0370602183099194
404281,0.2769554600207218
4043,2.1489997662761
4045,0.1714373696317186
404550,1.5581248504559488
404552,0.0
4046,1.6020933909720845
404636,1.4048056134782392
404663,0.0
404665,0.0725598717535938
404672,1.4962984947202516
4047,1.9028713519707088
404718,0.2029874437103106
404734,0.1213263021618315
404744,0.0
404770,0.0
404785,0.0284494427319338
4048,2.032867350223891
4049,0.0205630661837875
405,2.3723365250157467
4050,0.357889646800717
4051,0.1822031529648999
4052,1.8941096036532237
4053,2.382887185011306
4054,2.1785338483543653
4055,2.4696442750611656
4056,1.726713169589155
4057,2.0744765076718346
405753,0.0
405754,0.0221867865316464
4058,0.0792173887819751
4059,2.906883948133782
406,1.4390181400563844
4060,3.0723498639248445
4061,2.3998285881021153
4062,0.5222183338547858
4063,0.0723688738166034
4064,0.5515001186306734
4065,0.2534663950395903
4066,0.8223896173618399
4067,1.3685035473097191
4068,0.0467664613262632
406881,0.0
406882,0.0
406883,0.0
406884,0.0
406885,0.0
406886,0.0
406887,0.0
406888,0.0
406889,0.0
406890,0.0
406891,0.0
406892,0.0
406893,0.6323730440996449
406894,0.0
406895,0.0
406896,0.0
406897,0.0
406898,0.0
406899,0.0
4069,2.000519988526823
406900,0.0
406901,0.0
406902,0.0
406903,0.0
406904,0.0
406905,0.0
406906,0.0
406907,0.0
406908,0.0
406909,0.0
406910,0.0
406911,0.0
406912,0.0
406913,0.3434574844047044
406914,0.0
406915,0.0
406916,0.0
406917,0.0
406918,0.0
406919,0.0
406920,0.0
406921,0.0
406922,0.0
406923,0.0
406924,0.0
406925,0.0
406926,0.0
406927,0.0
406928,0.0
406929,0.0
406930,0.0
406931,0.0
406932,0.0
406933,0.3136125853077581
406934,0.0
406935,0.0
406936,0.0
406937,0.7417465620147607
406938,0.0
406939,0.0
406940,0.0
406941,0.7364925745883903
406942,0.0
406943,0.0
406944,0.0
406945,0.0
406946,0.0
406947,0.0
406948,0.0
406949,0.0
406950,0.0
406951,0.0
406952,0.0
406953,0.0
406954,0.0
406955,0.0
406956,0.0
406957,0.0
406958,0.0
406959,0.0
406960,0.0
406961,0.0
406962,0.8920028016811175
406963,0.0
406964,0.0
406965,0.0
406966,0.0
406967,0.0
406968,0.0
406969,0.0
406970,0.0
406971,0.0
406972,0.8513082445094858
406973,0.0
406974,0.0
406975,0.0
406976,0.0
406977,0.0
406978,0.0
406979,0.0
406980,0.0
406981,0.0
406982,0.0
406983,0.0
406984,0.3136125853077581
406985,0.0
406986,0.0
406987,0.0
406988,0.8804950922642326
406989,0.0
406990,0.0
406991,0.0
406992,0.0
406993,0.0
406994,0.0
406995,0.0
406996,0.0
406997,0.0
406998,0.0
406999,0.0
407,0.170081522887999
4070,3.012836023541311
407000,0.0
407001,0.0
407002,0.0
407003,0.0
407004,0.0
407006,0.0
407007,0.2774003643749096
407008,0.0
407009,0.0
407010,0.0
407011,0.0
407012,0.0
407013,0.0
407014,1.018548203062935
407015,0.3719230718394904
407016,0.0
407017,0.8048801234782514
407018,0.0
407019,0.3082157229395512
407020,0.0
407021,0.0
407022,0.0
407023,0.0
407024,0.0
407025,0.0
407026,0.0
407027,0.0
407028,0.0
407029,0.0
407030,0.0
407031,0.0
407032,0.0
407033,0.0
407034,0.0
407035,0.0
407036,0.0
407037,0.0
407039,0.0
407040,0.0
407041,0.0
407042,0.0
407043,0.0
407044,0.0
407045,0.0
407046,0.0
407047,0.0
407048,0.0
407049,0.0
407050,0.3606904420989562
407051,0.0
407052,0.0
407053,0.0
407054,0.0
407055,0.0
407056,0.0
4071,3.257600108975311
4072,3.027599675330999
4074,2.314264451595118
4076,2.735223198774918
4077,2.523403376226758
407738,0.0123974780415539
407975,0.2613741992254882
407977,0.0
408,1.84468742425708
408029,0.0
408050,1.18257227165975
4081,0.3744113900740466
408187,0.0
4082,2.6073673909752895
408263,0.0
4084,2.193686996421584
4085,2.1093608877065693
4086,1.9301378242501008
4087,1.7489672944884926
4088,2.030816019309278
4089,2.0317144791240627
409,1.7583382133826255
4090,2.256641231713648
4091,0.5696755012679477
4092,2.128602950690612
4093,0.6604097319962855
4094,1.5972699668023853
4097,2.0339988590490132
4099,0.2693532362744614
41,0.4596188731163109
410,2.0472827681827592
4100,0.5469607303095628
4101,0.0
4102,0.0
4103,0.0
4105,0.0
4107,0.0
4108,0.0
4109,0.0
411,1.359349482850878
4110,0.1169934922160474
4111,0.0875120208953502
4112,0.0
4113,0.0221867865316464
4114,0.0
4115,0.0
4116,2.251199519035738
4117,0.2951372179654887
4118,0.1790219919026922
412,1.060717340120024
4121,2.053825063406409
4122,1.7501347979378876
4123,1.524584000912317
4124,1.9410154181817256
4125,2.1008674033637136
4126,1.7514310058436142
4128,1.86601400658329
4129,1.7687203939438878
4130,1.2875696540261183
4131,1.440142082038091
4133,1.032166760016573
4134,2.53333337746811
4135,1.3332478852992935
4137,2.48119023282543
4139,0.2327166047192115
414,2.2236401417228686
4140,1.7512512089159311
414059,0.0
414060,0.0
414062,0.6929984468269492
4141,2.367867211915373
414134,0.0
414149,0.7610694918217656
414152,0.0074601518934053
414157,0.029254159459327
414189,0.4199512241130423
414196,0.0
414197,0.8617932653341459
4142,0.0097266548872287
414208,0.0
414217,0.0
414228,0.352391666129312
414230,0.0886367224100169
414235,0.0154687933557568
414236,0.1331250857566386
414241,0.009520858735307
414245,0.2723432796002477
414254,0.0784592157513684
4143,1.405933195204343
414301,0.0
414319,0.0
414325,0.0
414328,1.231261795748443
414332,0.0084911297831118
414351,0.0
4144,2.704710041553508
4145,0.241454318250322
4146,0.0
4147,1.2232971660291738
414760,0.0
414761,0.4064130368376639
414764,0.0314631865193807
414765,0.3230374741364185
414777,1.284988719357496
4148,2.0243623964259716
414899,0.0
4149,2.2260009244414585
414918,1.0680510974725153
414919,2.1962017948897024
415,0.7692888015774608
4150,2.0335704774228747
415056,0.0138321417599086
4151,2.2955576217048894
415116,2.659382547144606
415117,0.2442425560068213
4152,2.157610060694499
4153,0.0
4154,2.055715050016327
4155,1.3916945177388051
4157,0.1653181252039118
4158,0.0
4159,0.0
416,0.0322650387162132
4160,0.0
4161,0.0187326529005272
4162,2.1859413062072837
4163,1.2362550363606977
4166,0.2549932931012345
4168,0.0687315852068485
417,0.3060750087792166
4170,2.829235906211874
4171,2.1843602147771017
4172,2.796521151741908
4173,2.407062861469915
4174,1.694458505732566
4175,2.4368481856077944
4176,2.6004387642515887
4179,2.7553953765120105
4182,0.0899469520555108
4184,0.0
4185,0.1636101126354953
4188,1.1838637484865442
4189,2.5072239389596933
419,0.0217811482126814
4190,2.5210953297860583
4191,2.768602742489688
4192,2.8477026224148347
4193,2.0844775440147014
4194,1.9151000465008097
4199,1.0887568146583462
420,0.053631538511365
4200,1.5983499130536212
4201,2.417012800049986
4204,1.7122458330677193
4205,2.216536654191374
4208,1.0983560597494129
4209,2.4987948516352567
421,1.4974246059858862
4210,0.0148554188895284
4211,0.4694718140338474
4212,0.5651496832193329
4214,2.2799665845470725
4215,1.986341174281777
4216,1.6151822369357625
4217,1.2099910144243138
4218,1.9949784206304964
4221,2.1934960233907583
4222,0.665585870876325
4223,0.7369647665737098
4224,0.0
4225,0.092934019355804
4232,2.194682167261434
4233,0.8830146341520662
4234,1.9918419062498705
4236,2.443718222850521
4237,2.022110749844084
4238,1.555270362491452
4239,2.0933981906579837
4240,2.2626946236744874
4241,1.5430340266548337
4242,0.9194691368276472
4245,2.146675412851445
4246,0.3381288812734174
4247,0.1594961705535451
4248,0.4059115491293562
4249,2.2702889972321594
4250,1.2234385142228716
425054,0.0
425057,0.0
4253,1.7403246127785357
4254,2.7474401305631275
4255,1.9166167629665416
4256,3.2401293221663754
4257,2.50373251606889
4258,2.462660090177005
4259,2.233289260801044
4261,0.2511705004141448
4267,1.288168779674661
427,2.270023891955496
4277,1.9590184251658305
4281,0.601339469029926
4282,0.0
4283,1.4596373171476251
4284,0.0
4285,2.0709989051945636
4286,1.137587233224748
4287,1.348969870377669
4288,2.3015320243989965
4289,1.5416295070207413
429,0.0
4291,1.9567918636477768
4292,1.9464893726977617
4293,0.840245691252871
4294,1.55913361995595
4295,0.0625696085978943
4296,1.981853292123546
4297,1.1665254902136328
4298,2.4069436349561286
4299,1.9702666368678488
43,0.0434116529118274
430,0.1598397954841866
4300,0.6623443746195422
4301,1.845071755836441
4302,2.1758511225791977
4303,1.772217467198088
4306,0.4194587070270256
4308,0.0
4311,1.1822679618528216
4312,1.1451134734541204
4313,2.7210654483497057
4314,1.346953102358878
4316,1.936568570147967
4317,0.0310619747051902
431704,0.0
431705,0.7939998265526577
431707,0.0356644376201233
4318,2.544763740617741
4319,0.7722050338264216
432,0.0914418297097786
4320,3.0236601967224934
4321,0.6093462877755772
4322,1.5100084769981708
4323,2.988458834099772
432355,0.0
4324,1.7009606451703183
4325,1.5069337643856984
4326,0.2281536786182414
4327,1.417195822860232
4329,1.808881273900137
433,0.0144462560950847
4330,0.5216825633504433
4331,2.0414815927748755
4332,0.961607879675112
4335,1.3617009419666812
4336,0.0
4337,1.5301841110801058
4338,2.0388082626954604
434,0.0
4340,0.0113712320035829
4342,0.0
4343,1.7437413667982378
4345,1.5367193622476245
435,1.3086564146769168
4350,2.317094591327082
4351,1.7233900566923797
4352,0.135606191401068
4353,0.0400434172142254
4354,1.4479627854065469
4355,1.0100111794953812
4356,1.4034240561242484
4357,1.6522329143170045
4358,2.0841244631348403
4359,0.2707001641383658
4360,0.4497509922296036
4361,1.6921052301873605
4363,2.0667537092402353
438,0.1845158268036832
43847,0.0
43849,0.0201566492701331
439,2.821912723289678
439915,0.0
439916,0.0
439921,2.436426117201668
439927,0.0
439933,0.0
439934,0.0
439936,0.0356644376201233
439941,0.0
439945,0.0
439949,0.0771307503330335
439950,0.0148554188895284
439954,0.0477506279872771
439957,0.3688999641191207
439990,0.1694027480215364
439992,0.7582561224083177
439994,0.9254908433065068
439996,0.0181216355189445
440,0.1671927972655278
440013,0.0
440014,0.0
440017,0.0
440021,0.0623763134303502
440023,0.0
440026,2.2491841590167536
440027,0.8499192507950993
440028,0.5196430080689317
440050,0.1421274322450643
440051,0.0
440061,0.0
440072,0.0
440073,0.1144554512135472
440077,0.0099324012091867
440078,0.6126556804146047
440086,0.648238436132879
440087,0.0
440093,1.1177304350036612
440097,0.2443971708333719
440101,0.0
440107,0.0056012358560772
440117,0.0
440119,0.2440879109998394
440138,0.6177311154326648
440142,0.1603549607351917
440145,2.409666369261669
440153,0.0
440159,0.0
440163,0.0
440173,0.0276439590910099
440176,0.1341893368520052
440180,0.0219839916622789
440184,0.6955128033449338
440193,2.0574335505180334
440243,0.0
440270,0.8487262858642142
440275,2.0473286786068337
440279,0.0099324012091867
440288,0.8487262858642142
440295,0.4434565100294874
440307,0.0183253569229505
440311,0.0326656794165476
440335,2.27616113733812
440345,0.6109556590499493
440346,0.0483405753318879
440348,0.8910104073100209
440350,0.0
440353,0.1169934922160474
440366,0.0119871284396815
440387,0.0154687933557568
440390,0.0
440400,0.5193204467827379
440416,0.3242947981765378
440434,0.1975956198799462
440435,0.0382547653609949
440465,2.272913361548119
440487,0.1387851793074599
440498,2.2521238867543287
440503,1.044274488425983
440515,1.2522088496306376
440519,0.1818068137658668
440533,0.0
440560,0.0
440561,0.0
440563,0.0
440567,0.6530615443347936
440568,0.0
440574,0.9681126788783604
440575,0.3589578279661939
440577,0.2507105201109866
440584,0.0807316672117631
440585,0.2568216815987181
440587,0.1001702276495741
440589,0.186037339999593
440590,0.9890259935851878
440594,0.0130126308322217
440600,0.163439113617829
440602,0.0
440603,0.0465694896604753
440606,0.0
440672,0.0
440686,0.0617961599388916
440689,1.737215277823964
440695,0.0
440699,0.0
440704,0.0
440712,0.5953706265889936
440714,0.0
440730,0.0453866897349848
440732,0.0
440737,1.4777890776144602
440738,0.2779931777239645
440757,0.0
440792,0.3513142669746326
440804,0.0
440822,0.0
440823,0.1776788006106026
440829,0.4153830354024732
440836,1.4996275892208804
440854,0.0091091168566818
440888,0.0
440894,0.5060798257736868
440896,0.01291440510424265
440900,0.0
440905,0.9866901579883304
440925,0.1557066847631222
440944,1.1311276898239522
440955,0.170251127831315
440956,0.0
440957,1.6563960467948835
440970,0.0
440991,0.6639232276353311
441009,0.1788542149780509
441013,0.2434690289610175
441024,0.7530543277926827
441025,0.0
441027,1.0256705154519858
441034,0.3621534348015169
441046,0.0068409645610921
441051,1.677676300872868
441054,0.2500967964746218
441056,0.0
441061,0.0
441072,0.145106329829701
441073,0.975525002904392
441094,0.3283323045897103
441116,0.0
441133,0.1306364468555331
441150,2.014035040346694
441151,0.0066344685557293
441154,0.0440046509270564
441155,0.0575293748341413
441160,0.4203203993811211
441161,0.0244143296379668
441168,0.0590834488965626
441177,0.0
441178,0.052263005646635
441179,0.3170018724926201
441191,1.169763869109768
441194,1.1851901079288685
441204,1.070043864924262
441218,0.0970237498872507
441234,0.0
441239,0.0
441246,0.9937760262360272
441250,1.696147363901726
441261,0.0
441263,0.0134224851965348
441272,0.0510881989588056
441273,0.426080482886625
441282,0.1572590627380865
441294,0.0
441307,0.0763706752693144
441308,0.0
441314,0.0
441315,0.0
441317,0.0
441320,0.0
441323,0.0
441324,0.0
441326,0.0
441327,0.0
441328,0.0
441331,0.0
441332,0.0
441355,0.0051875911285856
441369,0.1053267233098706
441374,0.0340664262320136
441376,2.907811778013121
441381,0.0
441389,0.6492236552078295
441394,0.0871367817651098
441410,0.0
441440,0.0
441442,0.0
441452,0.0
441457,0.071221967357895
441459,0.6894626648295483
441476,0.1055102904479631
441478,1.9198247514262952
441495,0.0
441501,0.0260306859239784
441511,0.0
441518,2.157199121448148
441519,0.0
441521,0.0
441525,0.0
441531,0.2869784207634934
441533,0.0
441549,0.968222336885044
441550,0.2068861426155446
441581,0.0
441584,0.0
441592,0.0
441608,0.0
441630,0.0
441631,0.539574661886159
441632,0.6792582000980276
441639,0.0
441642,0.0
441654,0.0
441669,0.0
441670,0.0
441711,0.0
441727,0.2860991875947336
441744,0.4010044471831929
441750,0.0
441774,0.0
441775,0.0614091674392234
441781,0.0
441783,0.0
441795,0.0
441864,0.0
441869,0.6046867446922852
441871,0.0
441873,0.0
441876,0.5272352539912157
441878,0.0
441880,0.0773206608342586
441887,0.0262325134658017
441907,0.2800645005101981
441925,0.0
441933,0.0
441951,1.5824581790447445
441957,0.0179178651438874
441996,0.0481439722271771
442006,0.041431969987866
442038,0.0
442041,0.0878870906234544
442078,0.0487336436053482
442083,0.0
442086,0.1581202170574014
442087,0.057140405596366
442097,0.033066130062972
442098,0.036063467897197
442101,0.0
442104,0.0
442105,0.0
442108,0.0
442114,0.0833750437052461
442117,0.1135471102998034
442131,0.0627628591308276
442153,0.0
442155,0.0300581105554705
442157,0.1128197163068454
442160,0.0
442162,0.0
442164,0.0
442167,0.0
442171,0.0
442172,0.0
442175,0.1003549427233438
442179,0.0374585887741673
442181,0.0
442183,0.0
442184,0.0
442185,0.0
442186,0.0
442188,0.0
442189,0.0
442190,0.0
442191,0.0
442194,0.0
442195,0.0848817820027076
442197,0.1135471102998034
442205,0.0
442206,0.0
442210,0.0
442213,0.1761650389354001
442215,0.0268377072511832
442216,0.0
442217,0.1845391745051366
442218,0.0
442225,0.0623763134303502
442227,0.0
442232,0.0629560650472485
442233,0.0
442236,0.0
442237,0.0
442242,0.0
442247,0.0
442249,0.0805425329522405
442252,0.0
442258,0.1694027480215364
442266,0.0
442267,0.0438070313509447
442291,0.0296562306312831
442292,0.0
442308,0.0268377072511832
442317,0.0
442318,0.0
442319,0.2300449605449576
442325,0.7260992589702441
442326,0.094423529467826
442361,0.0
442405,0.0
442406,0.0278454019696254
442415,0.0
442416,0.0270393423001977
442425,0.0
442426,0.0402419221072167
442427,0.0
442429,0.0
442444,0.0
442445,0.0
442459,0.0199533676763937
442479,0.0
442486,0.0
442497,0.0491265280900879
442517,0.0
442525,0.0
442572,0.1984148928985513
442590,0.3060750087792166
442659,0.0
442660,0.0
442673,0.0
442709,0.0740862832627668
442712,0.0
442720,0.0
442721,0.0
442723,0.0
442726,0.0
442730,0.0262325134658017
442867,0.0
442868,0.0
442890,0.0
442891,0.0
442892,0.3029245872753158
442893,0.0
442894,0.0
442895,0.0
442896,0.4101635675469852
442897,0.0
442898,0.0
442899,0.0
442900,0.0
442901,0.0
442902,0.0
442903,1.6671835234577594
442904,0.0
442905,0.0
442906,0.0
442907,0.540619562034321
442908,0.0
442909,0.0
442910,0.0
442911,0.0
442912,0.0
442913,0.0
442914,0.0
442915,0.0
442916,0.0
442917,0.0
442918,0.0
442919,0.0
442920,0.0
443,0.1928273047309902
4430,2.118784927032563
4435,0.0203598820990786
4436,1.784142512845429
4437,1.9156493117834907
4438,0.053631538511365
4439,0.4621816974846193
444,1.536527284464731
4440,1.118326866766152
444882,0.1749857074436463
445,1.6251192438412907
445328,1.539304901121572
445329,0.018529029376588
445347,0.0880745620036581
445372,0.0
445571,0.1391376392196552
445582,0.058501008843608
445815,1.4886391989800072
446209,0.0
447,0.1108160684965277
4477,2.4843372252550364
4478,2.675319970770891
4481,1.53733349418108
4482,0.9692631095471136
4485,0.86055712779619
4486,0.6291559988349685
4487,0.8887095032563206
4488,1.1816969354520703
448831,0.0
448834,0.0
448835,0.0
4489,0.6881108568814367
448990,0.3793637083476485
449,0.0
4490,0.0
4493,2.106973253464987
4494,0.7834494460860818
449491,0.0
449492,0.0
449493,0.0
4495,0.6929144746476781
449518,0.0
4496,0.0487336436053482
4499,1.3994088935601523
450,0.0
4501,1.6176947249624003
4502,2.7035924702623806
450208,0.0
450209,0.0
450210,0.0
450211,0.0
4504,0.0213753154909553
4507,1.4025681234950782
4508,3.6910571888249666
4509,3.580849777547932
451,0.0
4511,1.4617471022091728
4512,3.7228864232349816
4513,3.790032405227346
4514,3.801673587980008
4515,0.2073721496926904
4519,3.7010351598725015
4520,1.3009343239143556
4521,2.1449242857108004
4522,1.9581278731202945
4523,0.1442313103832132
4524,0.807501414607198
4528,2.2909462729703978
4534,1.7741884410054836
4535,3.750967133387852
4536,3.775181409851234
4537,3.7094431260115943
4538,3.789285637389986
4539,3.6456624414645233
454,0.0
4540,3.439403769546106
4541,3.349895637191174
4542,0.6664593332596391
4543,0.0
4544,0.0
4547,0.0394476217259577
4548,1.8960298783038765
4549,3.3208820103001964
455,0.0831865093464727
4550,3.6692806899107833
4552,1.5841292125965498
4553,0.0
4555,0.0
4556,0.0
4558,1.1073220228708165
4563,0.6748747247574173
4564,0.0
4565,0.6684640913644322
4566,0.0
4567,2.3119813515895387
4568,0.3965732529053505
4569,1.551933804590859
4570,0.0
4571,3.162613055617254
4572,0.0
4573,0.0
4575,0.0
4576,0.6881108568814367
4577,0.6684640913644322
4578,0.6748747247574173
4579,1.3989015951993622
4580,2.011544342016741
4581,1.624960145960475
4582,2.710982714354501
4583,0.0029089440711514
4584,0.0342663432615378
4585,0.0221867865316464
4586,0.0
4588,0.0043596979037672
4589,0.0
459,0.0
4591,2.403574403673342
4593,0.0234025367070836
4594,2.2056097619659876
4595,0.1162691351325153
4597,1.4912619026679927
4598,1.560085396033826
4599,1.7715203310321428
460,0.0156731530012164
4600,1.1919621639514522
4601,1.8533342316241033
4602,2.5563121368514037
4603,1.9303012345310688
4604,0.5999960836640804
4605,2.6622216191956745
4606,0.0
4607,0.0084911297831118
4608,0.1290326108407842
4609,2.623253475803619
4610,0.2923786028755929
4613,0.053631538511365
4615,2.371963161767958
4616,2.4758471339173185
4617,0.0
4618,0.256060367680391
4619,0.074848442848116
462,0.1149999756639092
4620,0.0388514046163894
4621,0.1576036338499989
4622,0.046963386855558
4624,0.0
4625,0.0
4626,0.0799748722352531
4627,2.93722267312007
4628,1.8889926336604304
4629,1.439814526059817
463,1.2744426270104026
4632,0.0
4633,0.0
4634,0.74850781777223
4635,0.2949922707156028
4636,1.4142496615165463
4637,3.0297956899124134
4638,1.7398940864487658
4640,0.0240097576149657
4641,2.4896423758904156
4642,2.2958480936831975
4643,1.825294256498989
4644,1.547354455699539
4645,2.0718485600566403
4646,2.467270241009277
4647,0.3854445553653426
4648,0.0557775902066152
4649,1.2573471892587795
4650,1.938295390166229
4651,1.0327090440031623
4653,0.170759729813761
4654,0.0
4656,0.7562720048397805
4659,2.0947176793396114
466,2.1677552947688215
4660,1.4415434713553397
4661,0.0260306859239784
4664,1.99929689207531
4665,2.474679802862671
4666,2.676803792693828
4668,2.2374840713251047
4669,2.1008525178055315
467,1.6560542918885577
4670,2.697321847312585
4671,0.1690631473497824
4673,2.392231695398893
4674,0.4865437635519107
4675,0.9268406767600004
4676,2.7066699124630116
4677,2.688685086384432
4678,1.9690633171878955
468,2.8852091057176623
4680,2.745248464174508
4681,2.5144922486333208
4682,1.72049209221813
4683,2.533680380512936
4684,0.221021111993137
4685,0.2825723370389634
4686,1.9919083428125777
4688,1.734993105527619
4689,0.9422995471769232
4690,1.7774495956803256
4691,2.89585496139947
4692,1.9476599590046968
4693,0.162412362843722
4694,3.1639075223079733
4695,2.548989821748752
4696,2.5301650933524114
4697,2.7296611135628823
4698,1.8376783887799033
47,2.657428340748844
4700,2.589107354576193
4701,0.3370312532664493
4702,2.902206054328647
4703,0.0983208065549586
4704,0.9614416009512844
4705,1.824628963766612
4706,2.6424846846036756
4707,2.2980814596837447
4708,2.254192045724596
4709,2.6883156057833606
471,2.7064507992439415
4710,2.8295242387650643
4711,2.133535225358352
4712,2.6281202489339957
4713,2.9823924300547393
4714,1.4447054967809392
4715,2.161714226942975
4716,3.0048480273375344
4717,2.45289329670579
4718,2.193881680349307
4719,2.0483887847827944
472,0.9568232846958896
4720,2.5179168281762565
4722,2.359320132804487
4723,2.1959553097132942
4724,2.622138311248592
4725,3.0484577759895104
4726,2.7740377330678685
4728,2.334868493416179
4729,0.648148801110666
473,2.052627611922101
4730,0.8777753681563168
4731,2.164469657602532
4733,2.614041526335422
4734,1.6218787274332964
4735,2.8342519639027928
4736,3.220792911368903
4738,2.2897710388979484
4739,1.4939545433251562
474,0.0
4741,0.357889646800717
474148,0.0
474149,0.0
474150,0.0
474151,0.0
474170,0.6012658807931073
474343,1.081089095078254
474344,1.4826433566015922
474345,0.1576036338499989
474354,0.0221867865316464
474381,0.0
474382,0.0
474384,0.0209692882026594
4744,0.6230488422216932
4745,0.0
4747,0.1277830120988136
475,2.145779040222309
4750,1.41007122098867
4751,2.317693516620158
4752,1.2533140178379931
4753,2.5982138937609776
4756,2.3590955336944415
4758,2.5335010828673106
4759,0.0
476,2.188198677457193
4760,0.0
4761,0.0
4762,0.0211723261778742
4763,1.771016773729284
4764,0.0
4768,0.0
477,0.7046532799738869
4771,1.7822728124665814
4772,1.4987974435948874
4773,0.584654776819219
4774,0.7836694551771538
4775,1.409624145353457
4776,2.385462221584279
4778,0.3845419842581641
4779,2.747601730017398
478,0.0119871284396815
4780,2.432982655030594
4781,1.6396329975628003
4782,2.4126151101030904
4783,1.6824397593142195
4784,2.3305002881398673
479,0.0
4790,2.037620511608087
4791,1.9438746842580497
4792,2.735650434320674
4793,2.0002600826568355
4794,1.7977370846583214
4795,2.026540050693592
4796,2.0271037039353135
4798,1.6528171602629502
4799,2.154390256497885
48,1.950863034614004
480,0.055972413796195
4800,2.4852863318676586
4801,2.151222746270512
4802,1.7885174447840604
4803,0.5314776768477965
4804,1.0424836578185976
4807,0.041431969987866
4808,0.0189362275154237
4809,2.653513904017363
481,2.3901866761313597
4810,1.1599924824115584
4811,2.5194544977045954
4814,2.501290060280836
4815,1.6470770768705238
4817,2.0408340239277596
4818,0.845400813179266
482,0.4531726538869441
4820,1.807548911904296
4821,0.0
4824,1.302371690723094
4825,0.3333151557922801
4826,0.8517045477666533
4828,1.8743882749259115
4829,0.0447946653885956
483,2.691650974607957
4830,2.3067972286504763
4831,0.7134276891590946
4832,2.73642333842546
4833,2.682436340311544
4835,1.7559018047099315
4836,2.352190176353
4837,2.501307485484221
4838,0.0505001786277436
4839,0.1220462241655084
4841,2.6910730735008386
4842,0.0109603861112779
4843,0.3968271667745437
4846,0.977148039100642
4848,2.110179067056009
4849,2.060376209157077
4850,1.6574494055396125
4851,1.601038866662735
4852,0.0
4853,2.2104518335731056
4854,2.510101202418083
4855,1.382972756629748
4856,0.8287844786102173
4857,0.984665595868072
4858,0.6024889031590447
486,0.0191397532419228
4860,1.944648164512032
4861,0.7393991316989845
4862,0.6267565335186575
4863,1.27733067168117
4864,1.945674616625832
4867,0.4416653188439572
4868,0.0053944386314874
4869,2.795604000204255
487,0.3768915868124113
4878,0.0
4879,0.0497155105434259
488,2.5629832104374057
4880,0.542808917107226
4881,1.1301691257840858
4882,1.1227382626167657
4883,0.6876032367789747
4884,0.110998419529435
4885,0.2727908060345824
4886,3.382730485326884
4887,0.0579181636361618
4889,2.0736703148963835
489,1.9176541625371384
4891,2.0074969167699694
4892,0.0126025784990239
4893,2.2561076967589444
4897,2.1909806463809773
4898,2.27590368169227
4899,1.9124074367056387
49,0.0344662129356738
490,1.7877914071529564
4900,1.2760810864865852
4901,0.4914770211501006
4902,0.2517833914382879
4904,2.7166734175762284
4905,2.462279309921399
4907,1.6012231624064823
4908,2.3023620613998736
4909,0.1363137006627803
491,0.0380557917082188
4913,2.182401297396581
4914,0.1347209445133961
4915,0.8568998015044289
4916,0.1428293269526154
4917,0.0483405753318879
4919,0.5953706265889936
492,0.0
4920,1.4197110031952196
4921,1.576279648802629
4922,0.0
4923,0.0334663908138561
492307,0.0175101773978301
492311,1.812365269104525
4924,2.692402033112102
4925,2.706052884377693
4926,2.468731299604755
4927,1.7531890727987507
4928,2.262033317192134
4929,2.3208256926341817
493,2.4070410067247208
4931,2.252371455013956
4935,1.5461321036379494
493753,2.1266357862969527
4938,1.997251852630009
493812,0.8591228157500599
493821,0.197759541309304
493825,0.0
493829,0.0
493856,2.1228695617568665
493860,0.0045667467349953
493861,0.4592687069148791
493869,2.0098177164134317
4939,1.9868126824567551
493901,0.0
493911,1.5326113761897082
493913,0.0
4940,2.267401087347237
494115,1.571341991474846
494118,0.0
494119,0.0
494143,1.082630711499697
494188,0.0
494197,0.0
4942,2.6483015005744113
4943,1.8060119928472231
494323,0.0
494324,0.0
494325,0.0
494326,0.0
494327,0.0
494328,0.0
494329,0.0
494330,0.0
494331,0.0
494332,0.0
494333,0.0
494334,0.0
494335,0.0
494336,0.0
494337,0.0
494470,0.308785584733161
494513,0.2672534170449826
494551,0.0
494558,0.0
4946,2.877488676143481
4947,2.386854224099245
4948,0.114273863088368
495,0.0
4951,0.0
4952,2.4003284915727576
4953,1.826832459214054
4956,0.0
4957,2.3002190332287467
4958,0.7976706664745774
496,0.0
4967,2.483653457385504
4968,1.297185094551679
4969,1.1777984678791993
497048,0.061215604083323
497189,0.01219232802879
497190,0.0449920531388688
497258,0.4415457524202644
4973,1.4529345897488912
4974,0.0979504261429475
4975,0.0
4976,2.216036084131534
497634,0.0
497661,1.0260194341896045
4978,0.2707001641383658
498,2.629833102380582
4982,0.1692329654664143
4983,1.3426980287774024
4985,0.0489301088118718
49854,1.389941335908923
49855,1.3926716279904057
49856,1.384018869610422
4986,0.0064279224007442
49860,0.0
49861,0.2775486097425162
4987,0.1458056710234613
4988,0.0
4990,0.0138321417599086
4991,0.0
4992,0.0
4993,0.1189821951149861
4994,0.0
4995,0.0
4998,1.268814825004832
4999,1.8953257068924776
50,1.798478514969254
5000,1.7598334428285107
5001,1.846203456154491
5002,1.8817078361987596
5003,0.3416853870500316
5004,0.0
5005,0.0
5007,2.4349787007930086
5008,0.9369009263925762
5009,0.0420263638480368
501,1.838645167434497
5010,1.0459635611455775
5013,0.8969414847681296
5015,0.0
5016,1.018548203062935
5017,1.3942618646241929
5018,2.4836673332520993
5019,2.04412439361526
5020,0.1306364468555331
5021,1.525233502402229
5023,0.3588243869820759
5024,0.0080788886488122
5025,2.026145598914589
5026,0.0608283430685188
5027,1.158684711621745
5028,0.3538706178762197
5029,1.0941092668210168
5030,0.0223895328412295
5031,0.5660571518699529
5032,0.5613053553211942
5033,2.5288776618611695
5034,3.143826737727212
503497,0.0
503519,0.0
503538,0.7127755832287099
503542,0.5014651472342031
503569,0.2034758186827095
503582,0.0
5036,2.615490225234013
503611,0.0
503612,0.0
503614,0.0
503618,0.0
503627,0.0
503630,0.0
503637,0.2646960774511823
503643,0.1139105667826226
503644,0.0
503645,0.9029390572525609
503647,0.0
503693,0.2253083066279462
5037,3.2334504921954315
503834,0.0
503835,0.0
503838,0.6052589655977353
503841,0.0
504175,0.0
504180,0.0
504181,0.0
5042,0.3652033827063985
5045,2.8192271955397064
5046,1.5332888174441217
5047,0.0246165431357565
5048,2.0323600444190277
50484,2.299848888995959
50485,1.968872978092894
50486,1.6698730107927555
50487,0.1169934922160474
50488,1.75862117406034
50489,0.2496361909689343
5049,2.2814159125133378
5050,2.6097810014643468
50506,0.0294552189612712
50507,1.3787404905086484
50508,0.0
50509,2.0395355177758576
5051,1.6368660617992778
50511,0.6151040040973638
50512,2.022466520616445
50514,0.0215782561623971
50515,1.7181443542859742
5052,2.8722687285073385
5053,0.0097266548872287
5054,2.5016920281070387
5055,0.0
5058,2.3997635006581555
506,3.1756426568886216
50604,2.098542843379103
50613,0.0
50614,0.0099324012091867
50615,0.1403700544629917
50616,0.0
50617,0.152246322955713
50618,1.831045902891138
50619,2.1515416391281463
5062,2.5096259771546623
50624,0.0
50626,2.0443558372695305
50628,1.7493287142603908
5063,0.085634128532859
50632,0.0
50636,0.1974316650138717
50639,0.0
5064,2.244906556329485
50640,2.038849355016326
50649,0.1582923385912082
50650,2.478698514978652
50651,0.3912212347209179
50652,0.0
5066,2.104672888029017
5067,0.2750246193102813
50674,0.0
5068,0.0
5069,0.3050739863790921
507,0.0
50700,0.0526542428027862
5071,0.1231249267976725
50717,2.1081714720107354
5073,2.2124969677348205
5074,2.2126849129389305
5075,0.01219232802879
5076,0.0223895328412295
5077,0.0225922306114602
5078,0.0
5079,0.0187326529005272
5080,0.0086971754034013
50801,0.0
50804,1.5253908255160833
50805,0.2594046677433314
50807,2.075589458360372
50808,2.3354627540203365
50809,2.431887189720151
5081,0.0056012358560772
50810,2.129419804610907
50813,2.574524048387712
50814,2.3705099441533317
5082,2.2240388223153724
5083,1.5773738242297648
50831,0.1773426538726067
50832,0.3241551965213768
50833,0.0
50834,0.0606346453732357
50835,0.0
50836,0.0
50837,0.0637284429094406
50838,0.0639214260144302
50839,0.0
50840,0.4236348052349767
50846,0.2630368896979078
50848,2.5810907285003455
50852,0.0706479226552025
50853,0.960997970748665
50854,1.973875253275301
50855,1.5626020334277917
50856,0.0809207585101274
50858,0.0
50859,0.0
50861,2.6294900992623025
50862,2.2974565293815647
50863,1.65950454508605
50865,2.5717026982678175
5087,2.6106273240620945
5089,2.2310438358303437
509,2.843053408119733
5090,1.872254588653224
5091,1.6920915119127469
5092,2.7149349394472893
5093,1.932535512735732
50937,1.6646675206594832
50939,0.090507846716347
5094,2.509585046183777
50940,0.0788383885327216
50943,0.3333151557922801
50944,0.1038567167187382
50945,0.0
5095,1.3402874703813328
5096,1.9847675542937375
50964,0.0310619747051902
5097,2.349792606930033
5098,1.260690933972049
5099,1.23563336204485
50999,1.8501970747518897
51,2.295729679892066
5100,0.0207662015448037
51000,1.9483442898321597
51001,2.3645380199372643
51002,2.2508380981363865
51003,0.9552574405417128
51004,1.1446663163219437
51005,1.5320493425767825
51006,2.060132339204188
51008,1.9216100037399488
51009,1.8654843001266508
5101,0.0643072587180317
51010,1.5122361286648467
51011,1.3488859938171185
51012,2.729247243339058
51013,1.990163900187861
51014,2.6298229660022976
51015,2.566370213221077
51016,2.0488577079620547
51018,1.9410532748154643
51019,2.045326338749118
51020,1.5609440138390758
51021,2.675021742109016
51022,1.9562095624757436
51023,0.9383413288255548
51024,2.7047455413295087
51025,1.2812209979015017
51026,2.185581887872842
51027,2.212702979158425
51028,1.8297026303552797
51029,2.235617872016003
51030,1.709734965773832
51031,2.1066071523740693
51032,0.0246165431357565
51035,2.496312210702001
5104,2.8280168114702136
51042,0.0
51043,2.408266451936832
51046,0.0
5105,0.051479983874231
51050,0.6820796676643939
51052,0.5665608018439054
51053,1.859843559723221
51056,2.4645271611542405
51057,0.7559662294291101
51058,1.6823836823361211
51059,0.0152643844692303
5106,2.469427615497226
51060,1.1463312114182589
51061,2.2963888694519174
51062,0.9438415498520536
51063,2.153684533788208
51065,1.936185507846369
51066,0.3476668142229261
51067,2.0721331327737618
51068,2.2802770573121496
51069,0.6404870812648044
51070,2.188144361768963
51071,2.060819198524809
51072,0.6378535821355332
51073,1.7953427620947706
51074,1.4833941763095897
51075,2.662186469116564
51076,1.9575911139736757
51077,1.9375551580907575
51078,2.4579946128069294
51079,0.4115340837670049
5108,2.3438315249252426
51081,2.557428357110102
51082,2.231252624980012
51083,0.879737272145012
51084,1.5767564575039912
51085,0.0790279102152443
51086,0.0300581105554705
51087,1.870389698401188
51088,2.305102742850371
51090,0.9978628248634522
51091,1.0958382699332414
51092,1.9256449950397323
51093,2.264658317191125
51094,2.845561270738117
51095,1.4466254791802269
51096,2.408905002693711
51097,2.8756749494518465
51098,2.2160074579740345
51099,2.007675452484301
5110,2.424913741357383
51100,2.311162052603183
51101,1.2082868579498525
51102,1.6520379984087017
51103,1.8989100726678747
51104,1.7620607580496672
51105,1.8077380072962268
51106,1.159120970936072
51107,2.872612020448745
51108,2.2921429762777974
51109,2.1531918312791194
5111,2.976919089980417
51110,1.1109992820211456
51111,2.068784931510799
51112,1.825827740128448
51114,2.343194180540975
51115,2.0835421751499186
51116,1.9094425022267056
51117,2.4477839747236096
51118,1.9655161991461452
51119,2.638802596639342
51121,2.4219091953683547
51122,2.0472942463181707
51123,2.3007887365443658
51124,2.3808511149660303
51125,1.7564944312635005
51126,2.68372721624232
51127,0.6468926894942713
51128,2.27866237428394
51129,1.596407588364106
51130,1.4678461472307858
51131,1.9172684686011896
51132,1.959827571311678
51133,2.710326085601829
51134,1.4427781096708607
51135,1.6140593622809392
51136,1.5568378519369477
51138,2.2731671108261633
51141,2.085482995688663
51142,3.1816456218923945
51143,2.318864416095233
51144,1.9287265828015951
51146,0.0960960359655527
51147,2.026915913089937
51148,2.5128024071624964
51149,1.192223871371718
51150,2.4141954453753995
51151,0.0111658338983268
51154,2.181085238329106
51155,2.8045900322435764
51156,0.0
51157,2.11353400259612
5116,1.5579963075744256
51160,2.731573724186435
51161,1.206577448287153
51162,1.4816763276080422
51163,1.951099262242
51164,2.4390410429792544
51166,1.1462906620850646
51167,1.1572545999440196
51168,0.0424223934120883
51170,1.7150291524514207
51171,2.284348165937992
51172,1.395872699247872
51174,1.7594101246460172
51175,0.8353199502947671
51176,2.193400497324069
51177,1.805906518961209
51179,0.0376577034343075
5118,2.2982018248166556
51181,2.9069734649395063
51182,2.1040635399439993
51184,2.077271121177497
51185,1.8220282094418556
51186,2.469960896761685
51187,2.378468637329175
51188,1.890550867557502
5119,2.22117124495767
51191,1.0619850770885908
51192,0.2420747747849154
51193,1.9362621500354456
51194,1.77770896560762
51195,2.3446155115027993
51196,0.7344425529612174
51199,1.8477425717109672
51200,0.2774003643749096
51201,1.5497711105549865
51202,0.3514490248193269
51203,0.1213263021618315
51204,2.413030442727901
51205,1.4335262499186647
51206,0.0645001083526856
51207,0.6802855365090233
51208,0.0746579682411712
51209,0.7748112502525775
5121,0.1036727819699854
51213,0.0
51214,0.0126025784990239
51218,2.5368874846765945
5122,0.1077099208929781
51222,1.6155721631174549
51224,0.011781879253164
51225,1.315970210378845
51226,1.9316060953314835
51227,1.6780869920666204
51228,2.308965298992634
51230,2.097467631260868
51231,1.7773254935176153
51232,2.1089632329963575
51233,0.2606172693978964
51234,2.1399613276081673
51236,2.582862428720617
51237,1.415823080599611
51239,1.0539097060959075
51241,1.854434125228437
51244,2.016864354476647
51246,2.9922523629576303
51247,2.535838750118293
51248,2.6580899029535963
51249,2.2760952956445872
5125,0.5958538648978178
51250,1.5588220475170251
51251,2.113035384637015
51252,0.3396355659022176
51253,2.403969981666544
51255,2.769791230891587
51256,1.4632454255645069
51257,2.3334959967240043
51258,2.7972476964937547
51259,1.9758610017653324
5126,0.0203598820990786
51260,2.3271437830137116
51263,2.020388512436053
51264,2.300040971027902
51265,0.3431851201226468
51266,0.0097266548872287
51267,0.5881797132712221
51268,0.1790219919026922
5127,2.4572576601207325
51270,0.0211723261778742
51271,2.471604818577869
51272,2.303278182339938
51274,1.8588509562704616
51275,1.8721916638061968
51276,0.8150230862679362
51277,0.9565439617820616
51278,2.023971768295923
51279,1.978476869091213
5128,2.293993680530016
51280,2.4269464184449783
51281,1.1909141061433246
51282,2.3934236342061093
51283,2.562349556251883
51284,0.3695581838547297
51285,1.6196788147483758
51286,0.0846935889461878
51287,2.451204956438779
51289,0.0142416006900836
5129,1.3291119667845512
51290,1.882330888865315
51291,1.7684440004799162
51292,2.332850298885118
51293,2.172673368629283
51294,1.658086165718886
51295,2.310348771750296
51296,1.394824955404626
51297,0.0
51298,0.0340664262320136
51299,1.604444880431371
513,2.4699899574104243
5130,2.040857379202593
51300,2.4346430016448837
51301,2.0000130083348804
51302,0.3978419683229071
51303,1.96556598317844
51304,1.7379946954074892
51305,0.1005396165825761
51306,1.856466346143709
51307,1.9156250954238632
51308,1.414692679863039
51309,2.5655699446336744
51310,2.084072510753872
51311,0.0641143646112851
51312,1.6859863213857542
51313,2.928454124120809
51314,0.029254159459327
51315,2.5530437774127552
51316,0.1644645680444395
51317,1.7691116468616452
51318,2.192777019933402
51319,1.7762748234258756
5132,0.1261735853154376
51320,2.066824500900863
51321,2.5965311185176665
51322,2.346577933610263
51324,2.547379703085555
51326,0.3077880519267111
51327,0.0
51329,0.0256268862991105
5133,0.0822431961241168
51330,2.682665045220225
51332,0.1888596375756467
51333,1.1110855246903644
51334,0.473719912386878
51335,2.111699148249711
51337,2.543186115958234
51338,0.5046545982458458
51339,1.525410487292724
5134,1.8338182023030436
51340,2.3643148198903967
51341,2.1374200163655437
51343,2.179438111817181
51347,1.8820238697688352
51348,0.0820544050747075
51350,0.0
51351,1.421364678507237
51352,0.0193432301006561
5136,0.6103880674728039
51360,1.7363228044238646
51361,2.029560579290381
51362,1.5226104522473092
51363,2.4232370959918543
51364,1.7426176604238734
51365,0.9264301675970312
51366,2.239233096585105
51367,1.9229357807149496
51368,2.33770500689737
5137,0.2542302130705458
51371,2.846071145800149
51372,2.1540824781783443
51373,1.798768286456347
51374,2.659437889827026
51375,2.136895206604735
51377,2.0693315594158377
51378,0.045189394581304
51379,1.7042030246674826
5138,0.6868410971825017
51380,1.7652061954641785
51382,2.367542635421789
51384,0.0326656794165476
51385,1.6616825348004538
51386,2.326164381137224
51388,1.709853600115751
51389,1.908572548445368
5139,0.5776509310595342
51390,1.9949916006836992
51393,1.178450095318834
51397,2.132732274794713
51398,0.0
51399,1.9787794151539415
514,2.7992260222947114
5140,0.5306311866891034
51400,2.1048986762241686
51406,2.509224888367834
51409,1.332036511389735
5141,1.8968766465880813
51411,0.6587345178579157
51412,0.0300581105554705
5142,0.7795504425641225
51421,2.083360020183746
51422,1.1124206420609764
51426,1.3438285775820866
51427,2.218524528210937
51428,2.4105791035716786
51429,2.3634935444879477
5143,0.0177292151727164
51430,2.4911072750531735
51433,2.228210807887983
51434,2.1090796650210173
51435,2.153667407839857
51438,0.0528497930137067
51439,2.624164739709685
5144,0.4646197554914374
51440,0.0076664475141711
51441,2.4083851682533512
51442,0.0704564866776887
51444,2.276361574599345
51447,2.3024449491654924
51449,2.556324136769118
5145,0.0047737452018541
51450,1.582911338984701
51451,2.2632675266581455
51454,0.726339083300941
51455,1.722353604155267
51458,0.1053267233098706
5146,0.3107768124017167
51460,1.777088471082501
51463,1.274407354071656
51465,2.276997980557941
51466,2.583350222676193
5147,2.0025928970973803
51473,0.5167347691109367
51474,2.450318436933246
51475,0.0
51477,1.4019378423160207
51478,1.709616299549541
51479,1.5480676127368385
5148,0.3673179111040963
51480,0.0
51481,0.0
5149,0.0
51490,0.0903209239347336
51491,1.950020315185192
51493,2.446001992751784
51495,2.786700343872165
51496,1.9348495480432208
51497,2.480355749206776
51499,2.3748385804362835
515,2.5116708383141075
5150,1.377630672075744
51501,1.7969297057458196
51503,2.239760714232264
51504,3.038923780345257
51506,2.7659807931807787
51507,2.4981761571644463
5151,1.6176300581960397
51510,2.690831723215542
51512,1.6879706892003312
51513,0.5367458206902379
51514,2.2632426382926436
51517,2.2802622795090017
5152,0.682420873373001
51520,1.9812937389364145
51522,2.8678481784626686
51523,2.913854325470569
51524,1.5845460418896085
51526,2.4766628082603424
51527,2.0908927178938828
51528,2.389255913955363
51529,2.733677748489365
5153,0.5109918334020811
51530,1.868770165563593
51531,1.3059330492382517
51533,1.3624914791171576
51534,1.8860231704260688
51535,1.8887941953191136
51537,0.5391562760289466
51538,2.3433183435076628
5154,1.8554468084908524
51540,0.269952155905544
51542,1.9872768903314708
51545,2.3037655471887324
51547,1.8747368497036856
51548,1.8901554212330671
5155,2.314743624184408
51550,1.9275610607856395
51552,2.8088154423182643
51554,0.6832731425656989
51555,1.2238270348727622
51557,0.0
51559,1.6083542419110477
5156,1.553512319877209
51560,0.857946888681729
51561,0.4225316343105307
51562,1.8966481944735436
51564,2.0665521510293368
51566,2.5347939379053828
51567,2.4123964940367526
51569,2.3133761121641965
5157,2.001369945353869
51571,2.1972577916926097
51573,2.2795018089395063
51574,2.0406062336399495
51575,1.9369895099452223
5158,0.8249413801791281
51582,2.8975636699860745
51585,1.7560322523614138
51586,2.0969012428369513
51588,2.1939541816468004
5159,2.6300191761885174
51592,1.9201999998753772
51593,2.493102971031192
51594,2.045222476914335
51596,2.9432609164249923
51599,2.709011952454374
516,2.527849661087199
5160,2.250359908431083
51601,1.109012139983912
51602,2.398861038426802
51603,2.3168145371687485
51604,2.530792884870911
51605,1.962911457796299
51606,2.338044202434408
51608,0.2227705298670456
5161,0.0
51611,1.819819572698534
51614,2.6598092987569824
51616,2.4133187007070065
51617,0.0809207585101274
51619,1.6496924576337524
5162,2.231857729038936
51621,1.85651305332603
51622,1.1686734808577652
51626,1.8540584238399969
51629,2.7718018257671204
5163,0.9611089083507548
51631,2.0092785186092197
51633,1.9666738063241176
51634,2.1413205405395215
51635,2.659678951544987
51637,2.2881301639117497
51639,2.7886022607032404
5164,1.9592425531698456
51642,1.966013753090091
51643,1.818429392122061
51645,2.4395398957868735
51646,2.524088994373855
51647,2.499975832010486
51649,2.435464353998643
5165,1.8819712145936531
51650,2.038567488614339
51651,2.1075046610644943
51652,2.1402860563713806
51654,1.985767851408767
51655,1.818122112324022
51657,2.3969250421361417
51659,2.2467123963063704
5166,2.1467758402539565
51660,2.1821763787366306
51661,1.603445701350822
51663,2.4173876539103656
51665,1.3663721095613928
51666,0.0459782976541651
51667,2.227958679843194
51668,2.0170572026508724
51669,3.0597331581182963
5167,2.032724180254508
51673,1.3136431497104095
51676,0.1343665777337765
51678,0.699183780479116
5168,1.325177370944361
51684,1.8762350010090127
51686,0.3094973241578156
5169,0.3390880221956519
51690,2.3246819374039633
51691,1.6638792960661986
51692,2.2591261681236037
51693,1.8491333473357572
51696,1.9029463479098845
51699,2.3312771115873643
517,2.907001968201284
5170,1.703093640445779
51700,0.9644829091228972
51701,2.061532405617791
51702,0.0442022240997431
51703,0.9385714828547714
51704,1.2159683250010922
51705,1.483672760080646
51706,2.6719413250850965
51710,1.8264107718802236
51714,2.700752038292761
51715,1.7328095917173731
51719,2.275640031330388
5172,0.1690631473497824
51720,1.8355022369725635
51725,0.0
51726,2.235022838314882
51727,2.417101268399563
51728,2.6223959874779657
51729,2.741381272487245
5173,0.0
51733,0.0467664613262632
51734,2.1943774383397057
51735,1.3704385015652856
51738,0.2146270815596062
5174,2.738434409217123
51741,1.2934093385223986
51742,2.13030339200651
51744,0.0487336436053482
51747,2.4987772764376763
5175,2.237067259907022
51750,0.2167107601059482
51751,0.9670150175519532
51752,1.6287633725341135
51754,1.611150014056176
51755,2.0159173542822098
51759,1.997710159113475
5176,2.6778781032376573
51760,0.984932371019988
51761,0.1336573840641972
51762,1.764346398216221
51763,1.8223732085850972
51764,1.1418125204003966
51765,2.4612005658420513
51768,2.0560907760380265
51773,1.8899145252106495
51776,2.108909855785326
51778,0.1553613094606595
5178,0.1795251138352385
51780,2.3564906239766787
5179,0.0105493414072734
518,2.7085630579240103
51802,0.0
51804,2.153748748700423
51805,1.669483596607137
51806,1.111214864559041
51807,0.0670031148207685
51808,2.3717340351227496
51809,2.4593259518073474
51816,1.7221613995687848
5184,2.09470758646264
5187,1.594508118987674
5188,1.2223775179568577
5189,1.5137289900858175
5190,2.3245916383651224
5191,1.4619038554560095
5192,1.5230058088422729
5193,1.6779454169052177
5194,2.1567579940999697
5195,1.765182980294753
5196,0.0
5197,0.0
5198,1.7867883177343242
5199,0.0128076294222381
52,2.4675063800054486
5201,2.478878757813243
5202,2.810807615957875
5203,2.1433761128119944
5204,0.5764603137480255
5205,2.1529473672954365
5207,1.2574136023561158
5208,1.5588587137249863
5209,1.9692817397206108
521,2.3314868102988195
5210,1.4476633557374454
5211,2.386364012676025
5212,0.7827155506176392
5213,1.93597849962166
5214,1.004768283295892
5216,3.062044539075471
5217,2.5113160564292136
5218,1.7347192063142995
522,2.5528045412515254
5222,0.0
5223,2.439591700797574
5224,0.0
5225,0.0177140457770852
5226,2.3280104514609947
5228,1.1037522633375876
5229,1.7949099095058836
523,2.5502184491290376
5230,2.839086102849501
5232,0.0
5233,0.0850699324727219
5236,2.2177350389010777
5238,1.6223270542323935
5239,0.5925612926204844
5241,2.3599652578197508
5243,0.5934343533490472
5244,0.3437297520805705
5245,2.375659397961299
525,0.4873308290771032
5250,2.596471833494134
5251,0.202009801220362
5252,2.3506548658580124
5253,2.189503573367458
5255,2.1970839068647257
5256,1.509338181228044
5257,2.041464105631563
5258,0.0
526,2.267281236230699
5260,0.3562845697911383
5261,1.7282073383178356
5262,0.0
5264,2.205044937980339
5265,1.240997903376332
5266,0.6412118075704485
5267,0.45034206262084
5268,0.8802425862022866
5269,2.2424725698469845
527,0.1410734588900477
5270,1.1787564821208474
5271,0.7237765355629939
5272,1.1566178342631075
5273,0.0
5274,2.457143084918609
5275,0.0
5276,0.0
5277,1.2742173510907486
5279,2.19672451948555
528,2.395042987348022
5281,1.2173633111248032
5283,2.059399765650076
5284,1.5156187150518396
5286,2.063614396507336
5287,1.5236574393168278
5288,0.3049308778565532
5289,1.4856824436942095
529,2.7176979652282225
5290,1.417195822860232
5291,2.048234254162241
5292,1.9934663013534992
5293,0.74198085223349
5294,0.5041056892833149
5295,2.5168642276106343
5296,0.0410354741801234
5297,2.244850686369729
5298,2.385472871109863
53,2.4009654093920507
5300,2.016372458735818
5303,1.527685822017343
5304,1.8022088537072345
5305,1.9995379172179348
5306,2.320655958963946
5307,2.1074023404542936
5308,0.1382562046163831
5309,0.0
5310,1.4478015763707497
5311,1.775210225584937
5313,0.0445972313113895
5314,0.0041525986866217
5315,2.971872100133188
5316,1.7322839192989834
5317,0.8728119734975053
5318,2.068784931510799
5319,0.0561671921294347
5320,0.1791897340119939
5321,0.5516029528291112
5322,0.2507105201109866
5324,0.0183253569229505
5325,0.6542176495552153
5326,1.7168879475203414
5327,2.742259964173362
5328,2.6327349793374863
5329,1.933609366067221
533,2.729766057529331
5330,0.4857558507292837
5331,2.209800198000448
5332,1.0921524081537228
5333,1.501985774673566
53335,0.1042244635039507
53336,0.0
53339,2.3709564306322717
5334,0.4656621752294618
53340,0.5199654256357353
53342,0.3974615777438575
53343,2.2005675215940457
53344,1.3176346341197973
53345,0.2425397987322351
53346,0.4213039773722466
53347,0.0708393147493007
53349,1.911282859373466
5335,1.988270698118834
53353,0.0217811482126814
53354,0.9673994228162616
53358,0.2933960701910224
5336,0.712694025697157
5337,0.6262941489596535
53371,2.0045839281703692
53373,1.7233389312805505
5338,1.6771659534624863
5339,2.4556987267567485
534,0.8198277692438519
5340,0.0
53405,0.4339740518748788
53407,1.947756730315617
53409,0.1115452309313575
5341,1.250866235816874
5342,0.0089031710875008
5343,0.0648856742777243
5345,0.6489550983052548
5346,1.2347341413609565
5347,1.9066040884847613
5348,0.0
5349,0.8234943159240422
535,1.848371859081024
5350,1.4072330724361333
5351,2.4074857438324817
5352,2.130472535311842
5354,0.2139848555672504
5355,2.955384016641019
5356,2.1854567855738964
5357,0.9830624838384736
5358,2.4461977924175
5359,1.9687389798447317
5360,2.1034531658132116
5361,1.8462130336020817
53615,1.827754668080104
53616,1.713031646470377
5362,1.1165357160449352
53630,0.0
53632,0.0
53635,1.9302000837338016
53637,0.4084156491467168
5364,2.1189973434145792
5365,0.6000921248908186
5366,2.722835520110438
5367,0.0
5368,0.0
537,2.8182549247227735
5370,0.025020825205399
5371,1.766654660691224
5372,1.498444203230758
5373,1.1791392306886694
5375,0.0
5376,2.0574838102473354
5378,1.6087829253110266
538,1.4901637693646077
53820,2.0376146222856155
53822,0.0394476217259577
53826,0.6357578162338087
53827,2.382179834112195
53828,0.193321891338453
53829,0.3389510753047519
53831,0.5713777889066898
53832,0.9507615326136888
53833,0.1491193842892281
53834,2.078180359837573
53836,0.0
53838,2.324297346139645
53840,0.0652710625303166
53841,0.018529029376588
53842,0.0
539,2.1122525079656915
53904,0.0128076294222381
53905,0.4340948411158832
53916,0.3295810402632949
53917,1.193977879406498
53918,1.903604045257535
53919,0.0573349127789155
5393,1.9358557768701203
53938,1.976898421174084
5394,1.907387689078551
53940,0.0
53942,0.0197500372972908
53944,1.8771241468546984
53947,1.8565223941255984
5395,1.4767472703714812
5396,2.0926833709947763
53981,1.992618495384578
54,2.0035864890435833
540,1.3171596185462442
54014,1.8598620902217375
54016,0.0
54020,1.7616045108093188
54022,0.0
54026,0.0
54027,0.0
54028,0.8769508252115751
54029,0.0
54033,2.0679118973213297
54034,0.0
54039,0.1721144431730159
54044,0.0
54045,0.0
54047,0.0818655711838594
54051,0.0
54052,0.0
54058,1.4348044099865682
54059,1.8414448618003
5406,0.0
54064,0.7223308002787144
54065,0.0
54067,0.092934019355804
54069,2.2189789008423686
5407,0.0
54072,0.0510881989588056
5408,0.4081656142183543
54082,0.0449920531388688
54084,0.0318642078034075
54088,0.0
54089,0.0
5409,1.532107514504342
54093,1.559023676587182
54097,0.5756654572626083
54099,0.2702514446490945
541,0.089572811643912
54101,1.1995022665998964
54102,0.2793253707446482
54103,1.6586333594972649
54106,0.0
54107,2.472464218835254
54108,2.2454483423425873
5411,2.4881079010169533
54112,0.0503040803202519
5412,2.3660937509496613
5413,0.1113630007312303
5414,0.7178130010245246
54143,0.0
54145,0.0
541465,0.0
541466,0.0
541468,0.3593580110842576
54147,0.0
541471,0.538842326731271
541472,0.0262325134658017
54148,2.332301566842895
54149,1.7000587534206222
541565,1.4622395884985564
541578,1.8947903930097028
54165,1.842596177547128
54187,1.8657766367706523
542,0.0
5420,2.2997514129198953
54205,2.4957696532428923
54206,2.4003325525232317
54207,0.0
54209,1.9393309081958536
54210,0.917151273930956
54212,0.0
5422,1.2928499940300493
54221,0.1677033206330719
5423,1.8999103535750477
5424,1.8103660227595084
5425,2.593776132275313
5426,1.9240042949574303
5427,1.5670192520829511
542767,0.0
5428,2.008763983050161
5429,1.7620607580496672
5430,2.5119733935305915
5431,2.521797256460405
5432,2.2880031588518106
54328,1.392414674558131
54329,0.390453555527392
5433,2.0805748164400626
54331,1.08036222007612
54332,0.293686531565202
5434,2.4443466191093073
54344,2.5017993197116213
54345,1.3900446305707144
54346,0.0
5435,1.4484230958808195
5436,2.7149235603702224
54360,0.5398882915099977
54361,1.139765315821975
54363,0.0
5437,2.364888444360518
5438,1.7447891656734114
54386,2.4151529203056965
5439,2.5396002206476807
5440,2.7515402822328174
54407,2.6007554435344566
5441,2.956838791969167
54413,0.3942841748178501
54414,1.2319928130318487
5442,2.1430806659159503
54429,0.6768550630041905
5443,0.1102687734821434
54431,2.2413585626302086
54432,2.3834021778576355
54433,2.19083052709325
54434,1.6909376658021809
54436,0.55835751996162
54437,0.2729399248486203
54438,0.9984369549104186
54439,1.894118120615947
5444,0.2151084127640693
54440,0.9918277351724832
54442,2.341166676619044
54443,2.2509155782497854
5445,2.273474974136622
54453,1.9302156470760488
54454,1.670175655725351
54455,1.49258903981278
54456,0.1270681007161791
54457,0.1466790060376274
54458,2.4013906433902745
5446,1.871156506303936
54460,2.395855688678101
54461,2.250579701822073
54462,1.9505527696965343
54463,2.33770500689737
54464,1.540373336248447
54465,1.404579796930511
54466,0.1058773024419657
54467,2.353899457763435
54468,1.818122112324022
54469,2.4493964479846406
5447,2.3135016409040015
54470,2.126922088179412
54471,1.7244750651889516
54472,2.1241975927302508
54474,0.1393138122542398
54475,1.566694797913309
54476,2.058431884885042
54477,1.5788873476945695
54478,1.4441489432612276
54480,2.305223287563834
54482,1.2254839973206657
54487,1.8412801264559344
5449,0.0
54490,0.0
54491,0.5121875091541256
54492,1.9622162995907355
54494,1.096457685807225
54495,2.1700309310304857
54496,1.4535952819159328
54497,1.942058928190506
54498,1.915487841622845
54499,2.726831179945501
545,1.0698124946066636
5450,0.2860991875947336
54502,2.323632911605877
54503,1.931730143816769
54504,1.019707576218899
54505,2.22707648723178
54507,0.6906433003055039
54508,0.1428293269526154
54509,0.1045920467791873
5451,1.6106906936507357
54510,1.4300063850968296
54511,0.7039100324188634
54512,2.4522345139596267
54514,0.0
54516,1.0149550773698133
54517,2.0197900472976977
54518,1.144178107904857
5452,0.2957167376189304
54520,1.6012231624064823
54521,2.000649875234517
54522,1.75486869184866
54529,2.052588007648276
5453,0.0590834488965626
54531,1.4070083313904111
54532,1.558638673943251
54534,1.7781821917319882
54535,1.573764004675354
54536,2.015998440255395
54537,2.228438598277904
54538,1.421461785151024
54539,2.9422383114230106
5454,0.0074601518934053
54540,1.8699108409418128
54541,2.049103371274934
54542,2.1547447239410147
54543,2.7641485323980275
54544,0.0
54545,2.100380825905819
54546,0.157431366533768
54549,0.2863923752026195
5455,0.0
54550,0.1803629550107937
54551,0.3974615777438575
54552,1.7335719430709196
54553,1.013939037520427
54554,1.6054917090357073
54555,2.209249529829115
54556,1.0260692631160853
54557,1.2486774036123738
54558,1.267773410448075
5456,0.0
54566,0.9299400606006328
54567,1.589862671433012
5457,0.0236049920866109
54570,0.0
54573,0.0
54574,0.0
54575,0.0
54576,0.0
54577,0.0086971754034013
54578,0.0
5458,0.0
54583,0.8689674296012571
54584,1.2151439872982917
54585,1.9402499344381223
54586,0.0499117462968908
54587,2.4384015264660275
5459,0.0412337454202869
54596,0.7776292520511233
546,1.7807867949681822
5460,0.1386088924011609
54600,0.0
54602,2.100460311668962
54606,2.498933951464996
54617,1.9516449940081655
54619,1.6450865921952522
5462,0.1407218323048948
54620,1.8102094304523448
54621,1.704536632584002
54622,1.7365212898353142
54623,2.6296339918023057
54625,2.0258722751620777
54626,0.0949814066654706
54627,0.4181026121442722
54629,1.6371295646044497
5463,1.1678152657078944
5464,2.509857340799142
5465,0.5633312703338721
54657,0.0140368959186701
54658,0.0
54662,2.3023289004002616
54663,1.7746315139333702
54664,1.937791878101032
54665,1.667806715372745
5467,2.1545013327747817
54674,0.129745813935983
54675,0.3294423916660163
54676,2.21979737359083
54677,2.6483083871247937
5468,0.9132090462992596
54680,1.6824677951676046
54681,2.1127522081774925
54682,1.3801112446380934
5469,2.049594212924192
547,0.0039454490619983
5470,0.0
54700,2.5710188411478314
54704,1.9759579453098792
54707,1.6087994052156451
54708,2.323720892008114
5471,1.9123179124146976
54714,0.095353116336939
54715,0.0022864348041153
54716,0.367053915781504
54726,2.0462137561610354
54729,0.0
5473,0.053631538511365
54732,2.9059086855125904
54733,1.7248955813295228
54734,0.0557775902066152
54737,2.0880617005344053
54738,0.1077099208929781
54739,0.6759086593913931
54741,2.2874397046765993
54742,0.0604409028617613
54749,1.279789315137699
5475,1.0257702272852869
54751,1.9748624568483009
54752,0.1243816268565123
54753,1.8403097664594747
54754,0.1428293269526154
54756,1.7237733074589647
54757,0.7554307837483738
54758,1.2593029679129149
5476,2.131567742188986
54760,1.276433827299777
54762,1.4877264232228709
54763,0.1195237358855934
54764,1.7061610410169583
54765,2.2175890324318184
54766,0.0583067721494003
54768,0.0260306859239784
54769,0.0242120678044732
54776,1.8932143205282097
54777,0.0234025367070836
54778,1.9203276633853397
5478,2.8974340727409396
54780,2.3973086988084065
54784,1.7793966567214874
54785,1.5941000812027248
54788,2.228721397897812
5479,2.8752620550617993
54790,1.4457704948869388
54793,2.1126465600484305
54795,2.151963514583802
54796,0.8685816947418523
54797,1.878454232275591
54798,0.0648856742777243
54799,1.9344340198322387
5480,2.412228522610506
54800,1.6892841139311316
54801,1.6677632648267946
54802,1.3122959501292042
54805,0.7794028573685584
54806,1.055287010094529
54807,1.949879685726546
54808,1.8782505680191055
54809,1.599578676109297
5481,2.423636415121231
54810,0.2539247744882158
54811,1.4618366815604351
54812,2.5896579398491713
54813,1.456116064328566
54814,1.715419760475012
54815,2.246872519884318
54816,1.2873184017739094
54819,2.225788880201419
54820,2.134503618555279
54821,1.291293182467206
54822,1.6609626050074215
54823,1.3127154459650403
54825,0.0332662841654657
54826,1.369068657497552
54827,0.0324653828330247
54828,1.4675584682844098
54829,2.603056607260353
54830,1.808902222281043
54831,0.0400434172142254
548313,0.0
54832,1.6112811647691552
54834,1.0619850770885908
54836,2.221643227525054
54838,2.2108843594561582
54839,0.5192128943969841
54840,1.4742859488527085
54841,1.1110855246903644
54842,2.445830563850256
54843,2.2069681775344003
54845,2.6711053382772474
54847,2.1385566925736903
54848,1.032117437026495
54849,1.6512574967663205
54850,1.8733228279665448
54851,1.5550486525334557
54852,1.524524911880895
54853,1.6221509779109249
54854,0.0687315852068485
54855,2.4120233167961813
54856,1.8821554778251788
54857,0.1272468869287004
54858,1.5921399336003312
54859,2.03146911304705
548593,0.0
548594,0.0
548596,0.3713981761218102
54860,0.0
54861,1.8694857233936728
54862,2.124578783976491
54863,0.8574889989747664
548644,0.0906947274148189
548645,1.5910283727647168
54865,2.122575332632595
54866,0.9361505923987176
54867,2.54106224879539
54868,1.9810341585365483
54869,1.789253216541779
54870,2.412589742993455
54872,1.7081104279496295
54873,1.137751906900337
54874,2.3305053549574395
54875,1.05210009504508
54876,2.159699691955011
54877,1.7753576151968615
54878,1.9844087074198768
54879,1.0091405249082406
54880,1.982125950817197
54881,1.463602565158245
54882,0.3373058071621018
54883,1.7826295788908813
54884,2.624470327142044
54885,1.0292001442216898
54886,0.0575293748341413
54887,1.9293665524330723
54888,2.345465281776325
54890,2.677170365411704
54891,1.228012688295865
54892,1.9693451297158693
54893,1.5131646645430854
54894,2.192294297122536
54896,1.804278879348584
54897,1.6251351506016316
54898,2.5680192558631356
54899,1.6707515597629214
549,1.4484921058389877
54900,0.2748758960693336
54901,1.6178563522321765
54902,1.7807084399175732
54903,1.5603230417483849
54904,1.960462154297203
54905,0.0128076294222381
54906,2.0760092678206457
54908,1.736955161816658
54910,2.265190742822022
54913,1.0362953970918545
54914,1.8130399475731585
54915,2.6829691739648935
54916,1.4545960395949804
54918,2.6500801250639308
54919,1.9904374087805927
54920,1.2909812757253458
54921,0.1992333314916197
54922,1.2481710373713466
54923,0.538842326731271
54925,1.9669573560729143
54926,2.657968683174658
54927,2.339830796478457
54928,2.446258953787114
54929,2.1450295974581763
5493,1.629882481611228
54930,1.737673199980447
54931,2.3246638796182157
54932,0.9261954693395428
54933,0.7955858507090149
54934,2.180014499454728
54935,2.764814394531197
54936,2.296380426692912
54937,0.0316637209677261
54938,0.6082080328472853
54939,2.153971270053479
5494,2.351336822791167
54940,2.724501333383556
54941,1.0416104874568677
54942,1.7611243444826523
54943,0.2923786028755929
54946,1.987458384607471
54947,1.0676331504602492
54948,2.274547242697265
54949,1.8297524585408216
5495,1.9019285428166797
54951,2.0213674591205946
54952,1.4690614018628727
54953,2.30767108395755
54954,1.5421424452962516
54955,1.5821616452605645
54956,1.949346316127025
54957,1.3348299953130665
54958,2.1610691525360184
54959,0.0227948798627598
5496,2.6910664741539807
54960,2.1285156481773204
54961,2.428284167116366
54962,1.267447556450107
54963,2.223465134415211
54964,2.0774457426234436
54965,2.243477318550734
54967,0.0606346453732357
54968,2.2276856179353715
54969,2.297377978413368
54970,1.462127702741406
54971,1.0628287231719205
54972,2.024002300669709
54973,1.9133259360931871
54974,1.6587072538789125
54976,2.581784527172895
54977,2.3904634767031148
54978,2.4723889601305755
54979,1.600351301957118
5498,1.7624814806318905
54980,1.512296739625615
54981,1.9133421737204424
54982,1.5859674170155718
54984,0.6747643515145614
54985,2.7698420024633217
54986,1.1022656434898934
54987,1.7061477504071731
54988,0.2771037895233045
54989,1.8489811620801997
5499,2.681250272630375
54991,1.4239075582353635
54993,1.248474913561833
54994,2.673075453085776
54995,1.7303384449006665
54996,2.175211436862625
54997,0.7511316289764864
54998,2.5450659909745723
55,0.4054097267887918
550,2.865565435834769
5500,2.7038943084126292
55000,2.3827153319990626
55001,0.0951672823362936
55002,2.2471305178598784
55003,2.096866127807806
55004,2.661919013969108
55005,2.057182149784612
55006,1.5629838302546262
55007,1.4468793816656336
55008,1.3579499656373903
5501,2.549244582338043
55010,1.3824489003084273
55011,2.358745582698711
550112,0.5145729643021499
55012,1.3811631913944458
55013,1.9574604393620805
55014,1.6682120518340042
55015,2.080286205124188
55016,0.9176869293227836
55017,2.2949306789535977
55018,0.0
5502,0.4748638469383223
55020,1.7183253953380482
55022,0.5689733730188522
55023,1.6948131530190202
55024,0.0175101773978301
55025,0.1268892755676334
55026,0.5769566472014062
55027,2.0001885775588395
55028,2.1913037594203217
55030,2.133009201834772
55031,1.915560511279891
55032,1.6364162062108245
55033,1.6769247540545111
55034,2.361184852852559
55035,1.6779170965072907
55036,1.311425937154058
55037,1.90099188913511
55038,2.22904184925681
55039,2.1822316353862377
5504,2.248589861560084
55040,2.2019534078206964
55041,2.5289780164333138
55048,2.5292472167498263
55049,1.8448508088400384
55051,0.8029606211474629
55052,2.305970217918796
55054,2.0758339626415485
55055,1.5893302823790278
55056,1.240450107767616
55057,0.5200728662397268
5506,0.0
55061,2.2231604071149773
55062,1.9108746220609427
55063,1.3257913526051253
550631,0.691317031244572
55064,0.3731027642239592
550643,2.320253464702175
55065,0.18153447501312
55066,1.2337294215800607
55068,0.3845419842581641
55069,2.6079348527642616
5507,2.416439060354501
55070,0.556521687446035
55071,1.6505508871880057
55072,0.1324148165236816
55074,2.0105017144436257
55075,1.847265199365248
55076,1.573355273260577
55079,0.0318642078034075
55080,1.7620958339737578
55081,2.093651336519541
55082,2.2968781774394222
55083,1.4641377923346346
55084,0.4552885173234218
55086,1.2797255962165943
55088,1.6406951213338452
55089,0.121866302736131
5509,2.093180344514248
55090,1.340770470989141
55092,1.7909614346289873
55093,1.8733138628179755
55094,1.649149454827794
55095,2.338679536071277
55096,0.8784089036678792
551,0.0
5510,2.3617733697400105
55100,1.6782709729608365
55101,2.172920710371221
55102,1.6127867317695834
55103,2.307597672379575
55105,2.0391603365133166
55106,0.628141849012342
55107,2.638369833966177
55108,2.29800585894218
55109,1.8036854492241847
5511,2.311549126665347
55110,1.8083257614932575
55111,2.203452538612304
55112,1.7615108618486663
55113,1.334600166288307
55114,1.7641951750529234
55116,1.537985147757879
55117,0.0205630661837875
55118,0.1660003253041142
55119,1.9500869115451431
5512,0.0
55120,2.12633538522382
55122,2.283980134199971
55124,0.272194047426621
55125,1.6752042255202202
55127,1.891563507188037
55128,1.3257913526051253
55129,2.066426802662199
55130,0.0225922306114602
55131,1.3708139028609858
55132,1.863294282588326
55133,1.870037386189913
55135,1.2186122294681538
55137,0.1188016023173223
55138,0.5823935018245948
55139,1.823952504824959
5514,2.410673370149028
55140,2.1793704728519057
55142,1.778508637408995
55143,2.1134669210771513
55144,1.7518741857924722
55145,1.755569578217827
55146,1.428859496277772
55147,1.9790748565680183
55148,2.5594495870362093
55149,1.5380426040532444
5515,2.6120330958766047
55150,0.8063691759661017
55151,1.4821063532708234
55152,2.0721707014277375
55153,2.406432426116379
55154,1.6396792282792607
55156,2.392375469515182
55157,2.102278755177121
55159,1.92090164310394
5516,2.4536393141733424
55160,1.8695128717836391
55161,2.3048340965919865
55163,1.95831628922264
55164,1.8915977895131064
55165,2.190148397749035
55166,1.794855771823019
55167,2.2023446294928277
55168,2.157622762522225
55170,1.872074777611681
55171,1.6754036327068955
55172,1.968287277033124
55173,2.479551740395825
55174,1.9347187807124224
55175,1.3805322815397056
55176,1.8071073588058468
55177,2.1466623115274595
55178,1.6366334331337429
55179,1.8274241103063391
5518,2.7237823505567693
55180,1.4078318964953012
55181,2.3335662667495436
55182,1.4565236385946712
55183,1.8108250240375243
55184,1.005181142445455
55186,1.9542085854626672
55187,1.3412530264082
55188,1.86732618163398
5519,1.6955624377765248
55190,0.4280312765477835
55191,1.741736206805795
55192,1.47848239301473
55193,2.1798516175434877
55194,0.0
55195,0.0086971754034013
55196,2.132405133536506
55197,2.5165777440778663
55198,2.1902563946716964
55199,1.3290829294519917
552,0.8099713506468724
5520,2.0273519289470188
55200,1.513890105243816
55201,2.1134956718271267
55203,0.4756635428944551
55204,2.401912275057171
55205,1.564888207402018
55206,1.947600395573528
55207,2.803436737467008
55208,1.788715239996946
55209,2.3795861889436956
5521,0.0557775902066152
55210,1.5178806787328405
55211,0.0
55212,1.5335208630604924
55213,2.0431449598958715
55214,0.7466494766294156
55215,1.924501953537636
55216,1.728472715920464
55217,1.3350023010688905
55218,2.2621457069805366
55219,2.171474733402218
5522,0.041431969987866
55220,0.6068777302548249
55222,1.2333825392982394
55223,1.481762362852408
55224,2.0511708004383253
55225,1.5894161926005173
55226,2.3454217588293353
55227,2.2208185928729933
55228,1.1385745639997888
55229,1.5837467931362608
5523,1.4240041769461
55230,1.8062861014552147
55231,0.715542693848438
55233,2.530946341245129
55234,2.2882830822051483
55236,1.5072196574689656
55237,0.0
55238,1.5401827191797055
55239,1.970968608318
5524,2.6918308976988627
55240,2.080920850627411
55243,1.8562794643210103
55244,1.35097887128107
55245,2.1019622975469585
55246,2.031702513758412
55247,1.378450054906529
55248,1.7265736225171475
55249,2.293156328974552
5525,2.707228957911748
55250,3.0329466368698563
55251,2.3736818380668514
55252,1.7213660599076543
55253,2.0057453886608108
55254,1.9646332534613105
55255,1.9489829134034116
55256,2.269532736089319
55257,2.258116717305211
55258,2.011487545078918
55259,0.4241245814352428
5526,1.890146820275364
55260,0.9990626577910412
55262,1.7680982581586062
55266,1.927498385432603
55268,1.537755253612994
55269,2.1031722455177357
5527,2.013275724662735
55270,1.9707160448161325
55272,2.1465181650019423
55273,0.3970809952005987
55274,2.2108480337395604
55275,1.2484411579051513
55276,1.8345281016442911
55277,0.691905999348411
55278,1.5895364403948826
55279,1.7382541916735847
5528,2.2447356307782176
55280,1.8651643175986747
55281,1.996537110215222
55282,0.2067240747419362
55283,1.5511891575244765
55284,1.8540020390341283
55285,1.504599495075494
552859,0.0
55286,0.2852189645943883
55287,0.073704942137793
55288,2.206751338702357
552889,2.5096457348777004
55289,0.2106046840008167
552891,0.0
5529,2.163513333036601
55290,1.6261837815568454
552900,0.0
55291,2.3599975950662073
55293,2.0747217523770485
55294,1.4722510012361791
55295,1.6699018428897774
55296,1.1084059993429922
55297,1.8727217266438223
55298,2.0643057998452483
55299,1.982071434486965
553,0.0070474104382352
5530,2.1399613276081673
55300,1.7897466772773647
55301,0.0154687933557568
55303,1.9524106861051345
55304,0.4773742510025947
55308,0.9409829509496458
5531,2.6332750875335327
553103,0.8941064710691013
55311,1.8120015313390792
553112,0.0867613730983522
553115,2.453922214143016
553118,0.0
55312,2.056891430162682
553121,0.1341893368520052
55313,1.6606537122609062
55314,1.9228168794391176
55315,1.946340002649331
553158,0.3405928297090988
55316,2.3374695872446503
55317,1.295424333548932
55319,2.2227642043692875
5532,2.3260102775559948
55320,1.7751648647163412
55321,0.893055513382574
55322,2.124118514553887
55323,1.1032280092427826
55324,2.242981928784361
55325,2.034640517313022
55326,1.7951155696324717
55327,2.085431235734816
55328,1.0435007376299263
55329,0.7907436819101017
5533,2.068194096832627
55330,2.2837140777695164
55331,1.6932286927535751
55332,1.9538789773681713
55333,1.972983219294108
55334,2.5874200393566027
55335,0.2578862886323496
55336,0.8435310012741807
55337,1.322008409615039
55339,1.7513590960360417
5534,2.238594177651623
55340,0.0524586470199822
55341,2.170769890266959
55342,2.3848823392782466
55343,1.8432912200517837
55344,0.6204476167440705
55345,1.02542116314722
55346,1.094286837200725
55347,2.186970620015217
55349,2.106831738279591
5535,0.0
55351,2.054444867257799
55352,2.714478716833668
55353,2.423012721159546
55355,2.076120782172784
55356,1.7027589433118675
55357,1.7150291524514207
55359,1.3405148202871728
5536,2.184399437658891
55361,2.0454532417978566
55362,2.480558358602183
55363,0.0
55364,2.179871485268612
55365,1.696826543973222
55366,1.9287343935354804
55367,1.5529743562402147
5537,2.636245117804757
55374,1.501965138396925
55379,2.7861144279761088
5538,2.887258649067492
553820,0.0
55384,0.4497509922296036
55388,1.6070161806021868
5539,0.0
554,0.147202558931156
5540,0.0
5542,0.0
554201,0.0443997508881444
554202,0.1630970075402978
554203,0.2313033227132047
55421,1.470603780374962
554210,1.203802108222512
554212,0.2751733143663593
554213,0.0
554214,0.0
55422,1.2320275991109393
554226,0.0
55423,0.0316637209677261
554235,0.0
55425,1.2163621393178037
554251,0.7691389038947108
554279,0.1666819524291762
554282,0.0459782976541651
554300,0.0
554313,0.0366616595234452
55432,1.6485755805717646
55435,2.184579805927985
55437,2.1687616772046487
5544,0.0258288102084853
55449,1.941839869169041
5545,0.0
55450,2.6246713584664785
55451,0.0316637209677261
55454,2.214975316787191
5546,2.60981470603743
55466,2.1275493048073155
5547,1.9913698758739888
55471,1.6082222594962703
55472,0.99288164281869
55486,1.5150164125635637
5549,1.328181976617098
5550,1.62216698763237
55500,1.9505453794434848
55501,0.8193419550313751
55502,1.878870098751868
55503,0.0867613730983522
55504,1.5258428434231004
55505,2.9974992071698248
55506,0.4138954605273758
55507,0.7379081523947976
55508,1.3238886098748612
55509,0.428761512079279
5551,0.4914770211501006
55510,0.1461551171419667
55511,0.01219232802879
55512,0.4475006163848271
55515,0.0203598820990786
5552,2.463494455135972
55520,0.6870105351784556
55521,2.224991663454833
55526,2.2637120930012937
55527,0.2392788897468582
55529,1.7649856007199112
5553,0.0
55530,0.0
55531,0.0540221383132408
55532,0.0
55534,1.730426492005014
55536,0.7864498843073015
55539,0.0
5554,0.2034758186827095
55540,2.6010165086075268
55544,1.943859650162194
5555,0.0845053532862342
55552,1.755343993173337
55553,0.0326656794165476
55554,0.0
55556,1.3947737909583175
55558,1.9917422298494831
55559,0.1424784549426613
55561,1.571145548214066
55565,0.9161978624231508
55567,0.0786488237171767
55568,2.1851673138448975
5557,1.390999119832227
55571,2.5461226016565015
55572,1.3482984800047948
55573,3.0531218627947836
55576,0.041828279182458
55577,1.786059319448823
55578,1.879471025775937
5558,1.5923960723318409
55582,0.67176352439239
55584,2.5815936842962164
55585,2.5343809079574675
55586,0.0771307503330335
55588,2.4961142268096967
55589,1.1679714019797074
55591,2.3080433248320604
55593,2.401095066421924
55596,1.687624407463539
55599,1.0033727947517377
55600,0.0698819152678692
55601,1.8695943061261593
55602,2.1144479420875943
55603,1.7538807703453303
55604,1.6330828351355355
55605,1.9077007008108944
55607,1.3897863548493918
55608,2.3076602092127514
55609,1.0030622476084317
55610,1.7248064146375064
55611,2.4758835392263707
55612,0.3675818149571468
55613,0.282130360912648
55614,2.3540689397646877
55615,1.1129366340858962
55616,1.7896370688640428
55617,1.930449023867816
55619,0.6748747247574173
5562,1.757523665924538
55620,2.31021122855511
55621,2.053396231286156
55622,1.651572860895867
55623,2.1545440451171105
55624,2.218801483512991
55625,2.210666347390606
55626,2.0108748612056053
55627,2.5115418767071716
55628,1.127157999766026
55629,2.582487548851626
5563,1.7899329466897462
55630,2.0228832052564987
55631,1.6088488414124182
55632,1.584667547290886
55633,2.054709377919234
55634,1.5411921250627951
55635,1.29607371077831
55636,1.5224720008298689
55638,2.311358335280458
5564,1.8811981528805728
55640,0.937823169496526
55643,2.2520885049353314
55644,1.9133746469953177
55646,1.8586279862938304
55647,1.282109901698789
5565,1.8078430236059344
55650,1.5486860688007749
55651,2.574159262570355
55652,2.031594808342032
55653,1.9963861224619524
55654,2.539292143470056
55655,1.9650180082657571
55656,2.024813557136986
55657,1.8473034094716216
55658,2.0497196733443173
55659,1.5355079849603568
5566,2.445368270718521
55660,2.299023602097111
55661,2.1735645996361312
55662,1.9743274544446563
55663,1.2979863236710107
55664,2.0505739616929533
55665,1.9671132203564483
55666,2.444998277121764
55667,2.0541632662595917
55668,1.5018825845425663
55669,2.0710688874790995
5567,1.7697667714373937
55670,1.675090238775177
55671,2.3724297965897554
55672,1.1207488382820867
55676,2.186358858022109
55677,2.391941861522105
55679,1.1219771682759705
5568,0.0221867865316464
55680,1.5397440114635037
55681,2.217250484717954
55683,2.2129088667189354
55684,1.779374197992011
55686,2.3990996418101247
55687,1.087949689487218
55689,1.5384063339045244
5569,0.4771463867105815
55690,2.246826778069661
55691,0.8867752462940223
55692,2.1712019278514174
55693,0.4072898362922395
55695,2.117763578999434
55696,2.400458415577651
55697,1.6274833011188317
55698,0.8439989644251988
55699,2.8343173011674234
5570,2.781131815893259
55700,2.120476055638755
55701,1.940227174544939
55702,2.122411767752491
55703,1.3989523477429875
55704,0.6835286160226829
55705,2.1130017990471157
55706,2.0127665728917092
55707,1.90304632071583
55709,1.4271822522276671
5571,2.320122676928397
55711,1.8014206405204545
55713,0.6460839831217271
55714,0.8008212024108052
55715,1.3286762384817017
55716,1.6195661279059894
55717,1.746028634331093
55718,1.8400959818920424
55719,2.162366475022515
55720,1.801782975245534
55721,1.0645124004577158
55722,1.3247090949262896
55723,2.565238736603378
55726,2.0098620869072463
55727,1.6148895761234352
55728,1.2472583912173267
55729,2.1883848381329845
5573,2.814931226367924
55731,2.042110586507309
55732,1.5769152863782303
55733,1.7923470414215332
55734,1.7782610118107276
55735,1.6019261658067383
55737,2.4214336804368948
55738,2.319425995402307
55739,2.309760434349591
5574,0.0306605722017031
55740,2.3677094734253727
55741,2.2357259476182
55742,2.0107863510292066
55743,1.345829299929472
55744,1.8566811552467557
55745,1.6199201938197163
55746,2.3453661375319457
55748,2.238714694639946
55749,2.3276630415430466
5575,1.397554810164031
55750,1.5987710876591903
55751,2.1315130614774125
55752,2.3648929927692444
55753,0.0
55754,2.4780361623042286
55755,2.292496297061156
55756,1.7175489798588337
55757,1.6401566717589728
55758,2.29128945009959
55759,1.6383057230297675
5576,2.2894550158301654
55760,2.1610523815874263
55761,2.256539671579962
55762,1.21925343200156
55763,1.9403333761378203
55764,1.7378587070676894
55765,0.0716044446446561
55766,2.8643105924122954
55768,1.3836006800256788
55769,1.9176461310512776
5577,2.158903294806863
55770,2.586068206848152
55771,1.7688124855540337
55773,2.069493768316381
55775,1.8991456567068112
55776,2.3644514917086785
55777,0.9404669977702952
55778,1.0927312559872842
55779,1.1761083849633682
5578,0.4153830354024732
55780,1.5339653037379304
55781,1.7626333072298386
55783,1.478980110861885
55784,0.1770063673650971
55785,2.2552707486544272
55786,0.9231363167166268
55787,2.061267186543543
55788,1.691638571623226
55789,1.6403413546104235
5579,0.1793574413186224
55790,0.7947212227180538
55791,1.2315752080601836
55793,2.4638605101878337
55794,1.7004358864969804
55795,2.085943337057651
55796,0.4022657312297195
55798,1.6110516266235784
55799,0.1727909512670478
558,2.0563821226734302
5580,2.890035423440764
55800,0.0957246593932778
55801,0.0
55802,2.064880984060419
55803,1.2521753246169516
55805,0.4497509922296036
55806,1.1617314894658914
55808,0.6154799103201788
55809,2.1121851877640787
5581,1.7303510241441298
55810,2.158248818402285
55811,0.1155441405508978
55812,0.7529775263906382
55813,1.9326747372787936
55814,1.9355641574512072
55815,0.2144665734113071
55816,0.6169815186052734
55818,1.9979129482746592
55819,1.5191770289845543
5582,0.0105493414072734
55821,0.0
55823,1.9531308367061404
55824,0.7614487637004661
55825,1.815336092664927
55827,2.698176115841276
55829,2.5075609903794933
5583,1.8348235354672136
55830,2.3935253508522045
55831,1.834919171504327
55832,2.422901415423964
55833,2.022337745719672
55835,1.6090300623456468
55837,2.4969142069433916
55839,1.0249720669965745
5584,2.322437628217626
55840,1.2831873110604588
55841,1.9783805547622857
55843,0.4168676643531577
55844,1.8355120650779435
55845,3.0072219192752794
55846,1.5483863115491758
55847,2.078454803577116
55848,2.6180562853220843
5585,2.631656114934758
55850,1.9453003095203136
55851,2.4387456357489556
55852,2.3620672179386637
55853,0.347802215138303
55854,2.524687245218859
55856,1.8588602440587407
55857,1.5916956266834923
55858,2.3261566777076976
55859,0.5194279831872105
5586,1.970807267262663
55860,2.382418663339382
55861,1.157930380373324
55862,1.927051536711645
55863,2.0359915406380416
55867,0.0675796689626678
55869,0.658204655273234
5587,0.6498498825067728
55870,2.112069752486034
55871,0.9644829091228972
55872,2.407588894732525
55876,0.8703797944520147
55879,0.0
5588,0.073704942137793
55884,2.2604088101129274
55885,0.215909987982621
55888,0.218469638822162
55889,0.0
5589,2.694449221226761
55890,0.6596167174579664
55891,0.0
55892,1.693762029103531
55893,2.037054714659076
55894,0.0
55897,0.1660003253041142
55898,2.2813540549928857
5590,0.983276476265644
55900,2.0781117168555885
55901,0.9195877699885666
55902,1.8984553422055597
55904,2.2885224152778205
55905,2.4533322541494056
55906,0.4625304851600768
55907,2.470244923803612
55908,0.1108160684965277
55909,1.4367862122262427
5591,2.3257892672041134
55911,0.881567122106144
55914,2.334420823097218
55915,1.94450559804532
55916,1.9244703746919416
55917,1.718002055441883
5592,1.157811183559308
55920,2.5417197570061427
55922,1.6283686694544586
55924,0.6956800969650445
55929,1.726738537007732
5593,0.1606982229626605
55930,2.0044296564715407
55937,1.3621099909390515
5594,2.6055915545068853
5595,2.5637954962189964
55954,1.7583028302410422
55957,0.4368676006350788
55958,2.353915939150735
55959,2.7564128789132134
5596,0.0
55964,1.376147184565419
55966,0.0449920531388688
55967,2.4640269005768283
55968,2.3480058870076297
55969,0.9204175713756704
5597,2.0343673523682537
55970,2.1935074847463065
55971,1.763985701313808
55972,1.7771562051932763
55973,0.189356665990483
55974,2.7956736592145153
55975,1.7570507593973503
5598,1.7270048062252643
5599,1.7888360695447996
55997,0.0
56,0.1668522697819637
5600,0.9780118964729856
56000,0.0
56001,0.0
56005,2.778225156603883
56006,1.6160753309720424
5601,2.093479216464576
5602,0.0878870906234544
5603,2.361228569485217
56033,0.0598594062479726
56034,2.0327599778571064
5604,2.1437902065121746
5605,2.469068325202826
56052,1.9696830350724892
5606,2.2202959975303
56061,2.3249269074504406
56062,0.3494251630054874
56063,0.9630470782976522
5607,1.426389610064219
5608,1.053529195021789
5609,2.084467164140454
56097,0.0489301088118718
56098,0.0215782561623971
56099,0.7132647217010527
5610,1.9367905761481825
56100,0.3783237963508978
56101,0.4393902614246022
56102,0.0865736051467432
56103,0.2862457951418161
56104,0.1135471102998034
56105,0.1890253477766942
56106,0.256060367680391
56107,0.3734955886026493
56108,0.0884493778801894
56109,0.2471750885981067
5611,2.5316064514543717
56110,0.1862036312220281
56111,0.1734668947414687
56112,0.2093132354086442
56113,0.3034983416408634
56114,0.143530619363282
5612,1.9252196949452325
56121,0.7335733440716511
56122,0.7595502325478338
56123,0.4126535570478474
56124,0.494932836298095
56125,0.403273239498817
56126,0.6568782135326474
56127,0.2996172621558362
56128,0.110998419529435
56129,0.5618123739932783
5613,1.9526165785600529
56130,0.554476325393124
56131,0.8103938295434913
56132,0.394920726597034
56133,0.5828856983349188
56134,0.120425512675816
56135,0.0646929135332517
56136,0.0132175827499873
56137,0.0
56138,0.0394476217259577
56139,0.8421920841149786
56140,0.0130126308322217
56141,0.0246165431357565
56142,0.0404403802309502
56143,0.0542173700425294
56144,0.4122805847992972
56145,0.1005396165825761
56146,0.1771745280964104
56147,0.0
56154,0.0
56155,0.1605266099672951
56156,0.0
56157,0.0
56158,0.0
56159,0.0524586470199822
56160,1.958823112024128
56163,0.0128076294222381
56164,0.0459782976541651
56165,0.0203598820990786
56168,0.0
56169,0.0398448655326076
5617,0.025020825205399
56171,0.1658298290284719
56172,1.683783501947923
5618,2.30960102220652
56180,1.8253546851126872
56181,1.5614730241070514
5619,0.0
5620,0.0
56203,0.0750388739578922
56204,2.2293860834523103
5621,2.3937411289924286
5623,0.8754893895532687
5624,0.3309661565700914
56241,1.1914758102480498
56242,1.5175410588071012
56243,2.283602913712112
56244,0.0
56245,0.0260306859239784
56246,0.0524586470199822
5625,0.0324653828330247
56252,2.0062960055476857
56253,0.0650783906040881
56254,2.2163257890365737
56255,2.2479358949439256
56256,2.122860224855162
56257,2.450755997876269
56259,2.2930511542077774
5626,0.071221967357895
56260,0.8723007081976577
56261,1.5814631784586974
56262,2.143693334239454
56265,2.0447374063063983
56267,2.234219914788528
56269,0.0
5627,1.4686419242750832
56270,2.6602872459963436
56271,2.4397327798897543
56287,0.0
56288,2.2898083670107936
5629,0.1975956198799462
563,3.2340760315534203
5630,0.1459804127775399
56300,0.0
56301,0.0342663432615378
56302,0.0197500372972908
5631,2.0851153414142836
56311,0.0350655380227658
56339,1.968054162452084
5634,2.599483463590647
56341,0.0
56342,0.715542693848438
56344,0.0
5635,2.332857843708172
5636,1.8665977153456248
5638,0.8907620647315619
5639,2.083557784219534
5641,2.4314086305362173
56413,0.5906172807428398
5644,0.0914418297097786
5645,0.4184726998140936
5646,0.0493229014588557
56474,2.0642400075342833
56475,0.1613843128449554
56477,1.2197160599118797
56478,2.0284880435098853
56479,0.1756598215993468
5648,0.0082850342053478
5649,0.1405459622981713
5650,0.3549444262336366
5651,0.0
5652,2.6437920570704176
56521,2.9526059738767416
5653,0.3160148614633159
5654,2.92987176193177
56547,0.0
56548,0.9034261386948792
5655,0.1157254490155959
5657,0.2024987713287518
566,0.8224587162150587
5660,3.2561450626720165
56603,0.5196430080689317
56604,0.1969395996757199
56605,1.8194213898348277
56606,0.3886592666466356
56616,0.1164502841304022
5662,0.3656003040056981
56623,1.258309384903206
56624,0.4676271768005791
5663,2.2717872755514152
5664,0.2319317581334551
56647,2.1853159916159974
56648,0.9393763493002056
56649,0.222452739113652
56650,2.136023302411851
56652,1.8121470642394444
56654,2.3043702982373815
56655,2.5607958110474636
56656,0.0
56658,1.555288833651351
56659,0.3746728450613816
56660,0.0254249141756302
56662,0.0
56663,0.0
56664,0.0
56666,0.6687251505300634
56667,0.0
56670,0.2772520909716023
56672,2.2627725215646466
56673,0.0138321417599086
56674,2.7326991360674744
56675,2.2271388348408516
56676,0.0553878071845259
56681,2.4306240746950554
56683,1.265488298029296
5669,0.0
567,3.0322539079511666
5670,0.0
56704,0.5419756639690473
5671,0.0105493414072734
5672,0.0666185243177208
56729,0.0
5673,0.0152643844692303
56731,2.664547584302442
5675,0.0
56751,0.0
5676,0.0
56776,0.0614091674392234
5678,0.0350655380227658
5680,0.0
5681,1.675887538812436
5682,1.80683378422702
56829,2.1519161862875276
5683,0.1785185566320452
56832,0.0
56833,0.3100662460977685
56834,2.215158318931972
5684,2.4275454145876467
56848,1.2419210658286195
56849,1.195503481344416
5685,2.3061887746442338
56850,2.0688499197910786
56851,2.7420479552206336
56852,1.80546324014692
56853,0.0392489295621294
5686,2.172640917388758
5687,1.0953954256175094
5688,2.947285192035521
56882,2.5754922612712448
56884,0.0
56886,2.2555796765747234
56888,2.1558400398031377
56889,2.7190975103902972
5689,2.6938694580383857
56890,1.7952021335101167
56891,0.0
56892,2.604110009613485
56893,2.6328871924345205
56894,2.0843529661009987
56895,0.5235025653408306
56896,0.0
56897,2.3759383828499803
56898,1.2643421119494702
56899,0.8830774944737324
5690,2.222132131698978
56900,2.1541124128451603
56901,1.608519167082863
56902,2.1709737480226967
56903,0.0084911297831118
56904,2.504260548203834
56905,1.8326224395017876
56906,1.1923733634132
56907,2.006788325796329
5691,2.907921086647952
56910,2.767842860031164
56911,0.9968175544515444
56912,2.090974302155031
56913,0.6460839831217271
56914,0.0635354152782802
56915,2.3318048868237335
56916,1.91614139262295
56917,1.703548423082973
56919,1.769502543317079
5692,2.9061376583327627
56920,1.2017114663963282
56922,1.366588351313867
56923,0.0154687933557568
56924,1.941151685043839
56925,1.8510498715015735
56926,2.3642168353507245
56927,2.4098593704764295
56928,1.8365133118541983
56929,2.136378613644795
5693,2.8812262033249367
56931,1.724245522630374
56934,0.0080788886488122
56935,1.6590027107806058
56936,0.0505001786277436
56937,2.314586640034488
56938,1.0484162055635866
5694,2.681616074912426
56940,1.7824958264715849
56941,2.5723622238055057
56942,0.8572926601206334
56943,2.199949361855271
56944,2.196330655571884
56945,1.5344093330609532
56946,1.5051943643872034
56947,2.172405555806114
56948,1.0115445641392182
56949,2.3996902609311546
5695,2.925382972044814
56950,2.1322505459471817
56951,2.69347812077368
56952,0.9576604931413096
56953,1.5788697765662614
56954,1.94129547117528
56955,0.0428182367483027
56956,0.0068409645610921
56957,2.2148676227089505
5696,1.978490626322639
56961,0.0166942133416963
56963,0.4525838389567712
56964,0.3033549427328108
56965,1.9862198359436027
56967,1.0738713566327749
5697,2.2241157069550983
56970,2.3001522712703135
56971,0.8173254135037358
56975,1.4966115641407127
56977,0.3143199106466499
56978,0.1579480590982811
56979,0.0
5698,1.2451568877568642
56980,1.4047554406828309
56981,0.8127125753190534
56983,1.760983706668913
56984,2.3845962655077124
56985,1.33422647939466
56986,1.282205054217188
56987,2.0306600679548614
5699,1.5478800432504678
56990,2.1573135547157816
56992,1.667937041871853
56993,2.4879468718197457
56994,2.6541893717124947
56995,2.042116405587468
56996,1.6863060812556945
56997,0.0801641354811421
56998,1.8953426893497056
56999,0.9619403020769473
570,0.0225922306114602
5700,1.5970333943804509
57000,0.1268892755676334
57001,1.1664080916014743
57002,1.7717261613348705
57003,2.741126207205246
57007,2.6437106404989574
5701,2.160326272202597
57010,0.0858221088259321
57016,0.501354916519017
57017,1.8586001065306992
57018,2.0223132121941254
57019,2.163509169415434
5702,2.7749236984018504
57020,1.7326594641524575
57026,0.1078929593095223
5703,0.1348980704403251
57030,0.0696903035798559
57035,1.5578309869632596
57037,1.7565181194134425
57038,2.0308220161482886
5704,2.756815215248383
57045,2.404463242239835
57047,0.0392489295621294
57048,0.0126025784990239
5705,2.6497095808658364
57050,2.1297680063501874
57053,0.4041537043533137
57054,0.0
57055,0.0
57057,0.0
5706,2.197639275306987
57060,2.055147938236506
57061,0.0213753154909553
57062,2.506288969706501
5707,2.099769197556858
5708,2.7179501633590677
57082,1.4924628008408931
57084,0.0
57085,1.9044848358964463
57088,1.623892767867242
57089,1.4543915028316388
5709,2.611756648762832
57091,0.1560519136043738
57092,2.645589222914697
57093,0.0
57094,0.1060607473296442
57095,2.4771754091283373
57096,0.3287487745066965
57097,1.1385745639997888
57099,1.452774980881521
571,1.735304146015171
5710,2.8347708476042817
57101,0.6430203151818128
57102,1.543450791620309
57103,0.3531987214182662
57104,2.346840445222906
57105,0.2234057317392093
57106,1.8170653997311632
57107,1.7998825912978065
57109,1.9669856996806112
5711,2.4776005901297924
57110,1.292725615743025
57111,2.8534652723563374
57113,0.0
57115,0.0
57116,0.009520858735307
57117,1.8883970263357324
57118,0.835590830906243
57119,0.0058079828238362
57120,2.1210489502898304
57121,0.7194299811366088
57122,2.1848384317915723
57124,2.1243278011479685
57125,1.4831797734980368
57126,0.0
57127,1.5339846179094556
57128,1.769778255925047
57129,2.5263866991055
5713,1.9081779845861904
57130,2.192409292206861
57132,2.3733654208964623
57134,1.0897865179961903
57135,0.0
57136,2.821730951115728
57139,1.7539999167584894
5714,2.867287249652031
57140,2.1365359168705536
57142,2.8980912129242857
57143,1.2550509503346374
57144,0.1704206972913704
57146,2.3542359793045295
57147,1.7726853974613237
57148,2.248049861274057
57149,1.9553709824118308
5715,0.5816052749646541
57150,0.4840646055302309
57151,0.0
57152,0.0660413065929845
57153,2.810962413015917
57154,2.0094435308179475
57156,1.4962567369555075
57157,2.129937403013895
57158,0.4693566594925347
57159,0.0
5716,2.567377181712402
57161,0.9236668614189848
57162,1.6727614366266153
57165,0.4877802009998662
57167,0.9667402946090587
57168,0.6089670746925554
57169,2.024466089151528
5717,2.356686736601507
57171,2.178446085678687
57172,0.2021728243568805
57175,2.35202679427831
57176,0.1001702276495741
57178,2.394433097165117
57179,2.5663192491901845
5718,2.4637352444710396
57180,1.3022800597209288
57181,2.2325469825528375
57182,1.8499503824628316
57184,1.328298315284385
57185,1.2069051900373398
57186,0.9394337997627806
57187,1.989348892271026
57188,0.8913827380832917
57189,2.0056364515946563
5719,2.5469670705283596
57190,2.368006857246916
57191,0.3566861551835944
57192,2.1002267727183765
57194,0.6898845553364533
57198,1.4064835489011378
572,2.144489544108121
5720,3.0218452695701377
57205,1.448928947360864
57209,1.4498703037785905
5721,2.573264437660047
57210,0.612561342937439
57211,0.2742807210695635
57213,1.748448733172444
57214,1.7567667665375186
57215,2.3341479131157
57216,0.7751084494976216
57217,1.3268130683763704
57221,2.0600047978688445
57222,2.600569989205846
57223,2.3809937479575978
57224,0.8082786895285363
57226,1.378898840892646
57228,1.7450081527871475
5723,2.0564269249624
57231,1.9265335034794329
57232,0.8130631807969592
5724,0.8020343998235859
5725,2.742325579071903
572558,0.0
5726,0.0
5727,0.1761650389354001
5728,2.230920555659647
57282,1.1086225510841718
57289,0.2341273790923397
5729,0.0794068242501354
57291,1.5463015393528063
573,2.6245595882574175
5730,0.0886367224100169
5731,0.2428496632083635
5732,0.7133462103463614
57325,2.0226258954535963
57326,2.4378720549209953
5733,1.810532990300041
57332,1.324093850841794
57333,2.4028925008901645
57335,0.668986110442428
57336,0.9475380765982028
57337,1.7495333850310557
57338,0.0871367817651098
5734,0.7030005102551957
57343,1.7475790528188395
57348,0.2871248635282031
57369,0.0
5737,0.1440561939591301
57379,0.0
5738,2.3669082964204677
57380,1.9316681244330045
57381,1.567307468846178
5739,0.6857387228543912
57393,0.3437297520805705
57396,1.4813966089950945
5740,1.4932407557651275
574016,0.0
57402,3.0698122617604673
574028,0.0
57403,2.106909822465261
574030,0.0
574031,0.0
574032,0.0
574033,0.0
574034,0.0
574038,0.0
57404,1.4310792240215096
574040,0.0
574042,0.0
57405,2.2383463131674235
57406,0.8867752462940223
57407,2.266952192019746
57408,0.0
57409,2.347107551564945
5741,0.0
57410,2.4753449188522954
57412,0.0146508621545966
57413,0.4476192276503673
57414,2.599210650806908
57415,1.5378510562527636
57418,2.3099845598928868
57419,1.1400933624943306
5742,1.109487947986201
5743,0.4755493538937113
5744,1.027064970943653
574407,0.0544125563488178
574408,0.0
574409,0.0
574410,0.0
574411,0.0
574412,0.0
574413,0.0
574414,0.0
574431,0.1990697104555288
574433,0.0
574434,0.0
574435,0.0
574436,0.0
574441,0.0
574442,0.0
574443,0.0
574444,0.3467183376238796
574445,0.0
574447,0.0
574448,0.0
574449,0.0
574450,0.0
574451,0.0
574452,0.0
574453,0.0
574454,0.0
574455,0.0
574456,0.0
574457,0.229730058806874
574458,0.0
574459,0.0
57446,2.4318633712354365
574460,0.0
574461,0.0
574462,0.0
574463,0.0
574464,0.0
574465,0.0
574466,0.0
574467,0.0
574468,0.0
574469,0.0
57447,1.817978637904777
574470,0.0
574471,0.0
574472,0.0
574473,0.0
574474,0.0
574475,0.0
574476,0.0
574477,0.0
574478,0.0
574479,0.0
57448,1.9707932344355303
574480,0.0
574481,0.0
574482,0.0
574483,0.0
574484,0.0
574485,0.0
574486,0.0
574487,0.0
574488,0.0
574489,0.0
57449,0.7487397466009988
574490,0.0
574491,0.0
574492,0.0
574493,0.0
574494,0.0
574495,0.0
574496,0.0
574497,0.0
574498,0.0
574499,0.0
5745,0.3707415467133199
574500,0.0
574501,0.0
574502,0.0
574503,0.0
574504,0.0
574505,0.0
574506,0.0
574507,0.0
574508,0.0
574509,0.0
57451,0.3648062545982056
574510,0.0
574511,0.0
574512,0.0
574513,0.0
574514,0.0
574515,0.0
574516,0.0
574517,0.0
574518,0.0
57452,1.9062902188366595
57453,0.0101380977223869
574537,0.0
574538,0.0
57455,1.746295507208833
57456,2.026552181134117
57458,0.8905757436667585
57459,2.162571098392901
5746,0.2600112017183644
57460,2.0668190558699435
57461,1.626532794140456
57462,1.6483488516995275
57463,1.3979109102552694
57464,0.531160359528085
57465,1.5541607766739676
57466,2.082327835046164
57467,0.0368609624667365
57468,0.0318642078034075
57469,0.290777040522898
5747,2.376697195717136
57470,2.105286114887715
57471,0.6246270203796348
57472,2.1237694320078853
57473,2.085141244650811
57474,0.9483313640595304
57475,1.545133093168271
57476,0.1301021831418956
57477,0.9946690917938475
57478,1.3856361450344543
57479,2.111091883239655
57480,1.108102690623425
57481,0.0625696085978943
57482,0.8956488214731761
57484,0.6571437061876821
57486,1.682145276734547
57488,2.547345030202674
57489,0.8861500278808042
57491,0.0076664475141711
57492,1.1731771317129012
57493,1.891769157503892
57494,1.760432432717716
57495,0.022997480615535
57496,2.181757722027437
57497,0.3996145911376357
57498,2.131877441597138
575,0.1149999756639092
57501,0.301919497498654
57502,0.1671927972655278
57504,2.1666139766569215
57505,1.649722605440878
57506,2.003251279523278
57507,0.7278559861709208
57508,1.8141482164814184
57509,2.127655269694258
57510,2.0750467163389126
57511,1.5709847610141787
57512,0.424980918317437
57513,2.3420891979145724
57514,1.5218583806746753
57515,2.886679085019774
57519,0.3598912625609339
57520,0.7135091581413294
57521,1.880361942053555
57522,1.6848583844425506
57523,1.9689998811841265
57524,0.9157206107428996
57526,0.6305365540315861
57528,0.0150599263207783
57529,0.2178304945613746
5753,2.2574715975907695
57530,2.371575996200172
57531,0.8770777477205091
57532,2.322138764789164
57533,1.477311856223652
57534,2.125636556852339
57535,2.7109711611108085
57536,1.2622399328655107
57537,1.1545433925113908
57538,0.6737528646191896
57539,1.6830701414027414
5754,2.3037462866931135
57540,0.0175101773978301
57541,1.89676666729685
57542,2.130189060678153
57544,1.9798364653021836
57545,0.9757958088151396
57546,1.118667407834282
57547,0.9679481550400598
57549,2.208072297122313
57551,2.053300240633293
57552,1.6577308751443407
57553,0.667418860846234
57554,0.0342663432615378
57555,1.610559375483038
57556,0.9583294401717596
57558,1.5325338934188153
57559,0.4338532430477267
5756,2.5169880993022034
57560,1.1508947702870012
57561,2.212934142623146
57562,0.3951751970760664
57563,1.5427686231555096
57565,0.0497155105434259
57567,1.4471100901119702
57568,2.1495806448881725
57569,0.4551711279567966
5757,3.176139649316353
57570,1.8906797338289263
57571,0.3192531830681404
57572,1.5663881642701174
57573,0.3013445768910261
57574,0.3401827198023176
57575,0.058501008843608
57576,0.1944747460819447
57577,1.3993328309608926
57578,0.0614091674392234
57579,0.8244593845450776
57580,2.748882053460405
57582,0.0045667467349953
57583,2.283134443050539
57584,2.017479881142141
57585,1.4075824722157642
57586,2.850197495559658
57587,2.211403396465274
57589,1.569068968749346
57590,2.055849682111283
57591,1.8943990795493144
57592,2.2410263010071363
57593,2.1509639732536354
57595,0.152246322955713
57596,0.0790279102152443
57597,0.5405151403758741
57599,2.007522426995479
576,1.3719117255793478
57600,1.648031241229723
57602,2.236009481900399
57604,0.4281530320897303
57605,1.2292377262067429
57606,2.3472350099092747
57608,1.7477362075683354
57609,1.96938034191024
57610,1.5847196113904638
57611,0.2122160704749191
57613,2.479443852991761
57614,1.6943220276005
57615,0.0
57616,1.2935646081821344
57617,2.0772340695966967
57619,2.4117788455754043
57620,1.3238886098748612
57621,1.9569154909838744
57622,0.9258432559893192
57623,1.2237917261339335
57624,0.0
57626,0.0
57628,0.0
5763,3.137422484557447
57630,2.2443145209016233
57631,0.4975971134478377
57633,1.6999509421959489
57634,1.8693590070385908
57636,1.2182556837838272
57639,0.5729762258978246
5764,1.6705212865967347
57642,0.0
57643,1.191063949140578
57644,0.152246322955713
57645,2.398695743780133
57646,1.6431791287039177
57647,1.5534010669840073
57648,2.515265682297408
57649,1.8818746623592184
57650,2.1594049399851043
57653,0.0
57654,1.551933804590859
57655,2.5517297525392957
57657,1.33571963343737
57658,1.7583028302410422
57659,2.32026131028665
57661,2.2293310294342596
57662,2.3969989380671683
57663,0.009315012732202
57664,1.6299139663123026
57665,2.328558902135205
57666,2.0360447709168463
57669,2.2142854880799976
57670,1.3154639013403275
57673,1.1905768123830258
57674,2.1219440285488
57677,1.2745069742684492
57678,1.2145698092444706
57679,1.808724127792938
5768,2.4951282333224016
57680,1.903162924210341
57683,0.2865389277861695
57684,1.9824528871604552
57685,1.0723986513573216
57687,0.1746484396889903
57688,1.777799144340261
57689,0.5095762178862586
57690,1.6193406715421106
57691,1.340486406946713
57692,1.8567931850071984
57693,2.0343435895068955
57695,1.3815308650120095
57696,1.511386778320765
57697,0.895402298904737
57698,2.334988432953815
57699,0.5412457734211459
577,0.0376577034343075
5770,2.8528633581868004
57700,1.8915977895131064
57701,1.084709977154578
57703,2.014198001095225
57704,2.189870536735139
57705,0.1160879462910086
57706,1.950486252404469
57707,1.216970209961552
57708,1.8152432496538748
57709,0.0
5771,1.7062274880762027
57710,0.2183099007008225
57711,1.1184545932642218
57713,1.2252727476312428
57715,1.0274130774018344
57716,0.9325595386544044
57717,0.653328509784809
57718,0.0286506937617837
57719,1.7802380071863455
57720,2.0776890159836467
57721,1.856260771464803
57722,0.5522196478807352
57724,1.9089913470518944
57727,2.5422572856893986
57728,1.4462559358514526
57730,0.4875555495384593
57731,0.6340217490278781
57732,0.5601886439713986
57733,0.0481439722271771
5774,1.3562710674469711
5775,1.4885119369636033
57758,2.912712464229529
57761,2.621309642920144
57763,2.161664003876992
5777,2.0592830863406046
5778,0.3731027642239592
57786,1.6720159592733284
57787,1.9965239832074104
57794,1.9382877659872533
57795,0.0546076972506679
57798,2.1266912174247
57799,2.2676959216280816
578,2.305781594923982
5780,2.078122278149174
57801,2.037997236049943
57804,1.506341021510236
57805,2.3444870017319936
5781,2.4899594835808445
57817,0.4095397777735824
57818,0.0346660352741282
57819,2.6574516394661307
5782,2.463314561296856
57820,1.9414013852809355
57821,0.1426539097765001
57822,0.3001934597710317
57823,0.8604268687695922
57824,0.170251127831315
57826,2.405569208969712
57827,2.2317996585616164
57828,0.6039230575984796
57829,0.0
5783,1.8022833382897725
57830,0.0871367817651098
57834,1.3728737468244447
57835,0.3273596661759082
5784,1.1940523958980445
5786,2.6019604306969395
57862,0.1479001074389033
57863,0.2290998812908406
57864,0.2072101800793139
5787,1.1212574309086611
5788,0.7570358283940969
5789,0.7432290142547971
579,0.3685047589206305
5790,0.0
5791,1.432221068204241
5792,2.4550850982540227
5793,1.412102929840514
5794,0.1520729184419736
5795,1.683308054718124
5796,2.0877583579270413
5797,1.5175410588071012
5798,0.0797855659595778
5799,0.6231417751222605
58,1.0852511793454571
580,1.9389429074393791
5800,0.0946095302476571
5801,0.1449314009166019
5802,1.6143525492962956
5803,0.1649768100240471
5805,1.7914201676692951
5806,0.5588666369200369
581,2.183511918595576
5810,1.9313346036842316
5813,1.8911518921795207
5814,2.260430773296556
58155,0.9066435459844396
58157,0.0189362275154237
58158,0.0
5816,0.9972881495501682
58160,0.0
5817,1.6307475243026373
5818,1.6209807621847991
58189,0.9202990958470502
5819,2.9281142193740304
58190,2.540141735597974
58191,2.273493074844357
582,0.1895222740277748
5820,1.1161511726809294
5822,0.936035075775265
5824,2.3917770153499713
5825,2.133716433212879
5826,1.4675584682844098
5827,1.1674638010226617
5828,2.1625669235958735
5829,1.9064719627919744
583,1.593810838339738
5830,2.1105753870039283
5831,2.664340873814446
5832,2.488423627676044
5833,1.9294913041677344
5834,2.6926536112486557
5836,2.416595115916942
5837,0.1997239947427288
58472,2.286483963751999
58473,1.500000693987839
58475,1.1821918585876487
58476,1.7334845277157338
58477,2.626966137680156
58478,2.6251114203389365
58480,2.1499789059381884
58483,0.0
58484,0.508267041833569
58485,2.5132334552190527
58486,1.7503390882086851
58487,2.006558229249594
58488,1.7950073399056128
58489,2.2831608121944975
58490,2.215917985778142
58491,0.4962661912262655
58492,1.4089527929295491
58493,1.7615459825955797
58494,1.2170059579915922
58495,2.267416449752457
58496,0.2552983187532094
58497,2.624059350441554
58498,0.1159067175904995
58499,0.798818072818059
585,1.949346316127025
58500,1.7351548742620897
58503,0.0
58504,0.3753260891854172
58505,2.8507995090651495
58506,2.4787079216612127
58508,1.9865972075050484
58509,1.3020050720684864
58510,0.0
58511,0.1961188209270054
58512,0.1324148165236816
58513,2.284120385216682
58515,2.663093986379092
58516,1.9965961761845492
58517,2.1583967096954746
58524,0.2328734811183248
58525,2.1122669320898098
58526,1.378106601472522
58527,2.3334031163081086
58528,0.9487276257761842
58529,0.6836988785646383
58530,0.0
58531,0.0
58533,2.309371223176456
58538,0.0146508621545966
5858,0.0396462670429822
5859,2.6248628583332505
586,1.0892495083986435
5860,2.9104410356034935
5861,2.8524533937913397
5862,2.57941835051692
5863,2.516573610036178
5864,1.954896205905215
5865,0.3086431584977697
5866,1.4640263343475386
5867,2.273004008580058
5868,2.3978699923701567
5869,2.676149821595262
587,2.1450954014320462
5870,2.658891397078763
5871,1.683951186215997
5872,1.9272319046606523
5873,1.7839203592345356
5874,2.117436703219932
5875,2.0509094458948622
5876,2.147560812713051
5877,2.099246259845096
5878,2.338682005726084
5879,3.0032754317740795
5880,1.4768993379385686
5881,2.4552632134892103
5883,1.6425057972832184
5884,2.23707398675151
5885,3.0926568250716184
5886,2.7120420725339263
5887,2.637144547648645
5888,1.995176073867723
5889,1.7553914945539375
5890,0.865810404637845
5891,0.9651444682138276
5892,1.1782201954756812
5893,1.1630716152425036
5894,1.9321640076360909
5896,0.2765103030942561
5897,0.0
5898,2.455891709673139
58985,0.6703762230879322
58986,2.295371358571011
5899,2.3890370017319116
59,2.763488111184554
590,0.243623794793028
5900,0.7545118723760342
5901,2.9199883448068396
5902,2.2722811654940034
5903,2.1314811605312443
5905,2.3125576508644685
5906,2.0258358170336193
59067,0.0
5908,1.6704205050145151
59082,0.031262604438497
59084,1.8134960385561565
5909,1.1523811057171398
5910,2.4669817351610916
5911,2.1510373114977233
5912,1.776523602335104
5913,0.0
5914,2.4840278775056124
5915,1.0663309686000255
5916,2.2651845567146904
5917,2.479529853372188
5918,1.0732275027874805
5919,2.1612577706469422
5920,2.3966991398883
5921,2.3763267909940153
5922,1.7438145511356342
5923,0.0960960359655527
5924,0.7440857745081463
5925,2.043817509928523
5926,1.7899000815524484
59269,1.257546404185296
5927,2.062519781008632
59271,1.1498882837940854
59272,0.0037382490083226
59274,2.4524006289405063
59277,1.4833941763095897
5928,2.375905444794024
59283,0.0443997508881444
59284,0.0
59285,0.0
59286,2.879519580304471
5929,2.1936449914002596
593,0.1867022992794706
5930,2.096027377234074
59307,2.4802465944389516
5931,2.820377656004147
5932,2.5176780604360705
5933,1.6442025220938328
59335,0.0144462560950847
59336,0.0
59338,1.4243180600092424
59339,1.637485826802752
5934,2.0140099632530992
59340,0.1281402344712371
59341,0.6552831070686109
59342,2.035648319920053
59343,2.2465031404271967
59344,0.2336573991124095
59345,1.687624407463539
59348,1.5391329655935244
59349,2.4827284753549637
5935,2.6565790555356217
59350,0.0495192289370227
59351,0.0142416006900836
59352,0.5386329509961421
59353,0.4321598598046706
5936,1.381373322795748
5937,1.6537742955204704
5939,1.5704841833035386
594,1.4967575945099376
5940,0.0
5944,0.0
5947,2.0686982626701997
5948,0.3165790218143073
594837,1.1899766758359636
594838,1.1683615536879772
594839,1.439439913879432
594840,0.0
594842,0.0557775902066152
594855,0.0
594857,0.0
5949,0.0166942133416963
595,2.9880895519552864
5950,1.09857639881916
595097,0.0
595098,0.0
595099,0.0
595100,0.0
5954,2.097737983649357
5955,2.218620422784546
5956,0.0
5957,0.0677717653179942
5959,0.2408333758426099
596,2.484670834822912
5961,0.2834555412785291
5962,1.826962895131388
5965,1.918792993603985
5966,1.5438104325876962
5967,0.0
5968,0.0
597,0.998593441318769
5970,2.5204420147091726
5971,1.6443398179001285
5972,0.1683835190067455
5973,0.9607760354034824
5976,2.3890622686867458
5977,2.0876246015773585
5978,1.9001117898555084
5979,0.2408333758426099
598,2.54814020827133
5980,0.8937975476422577
5981,1.978930599437838
5982,2.4057149090796917
5983,2.057528479851976
5984,2.01040678822805
5985,2.1296305987834687
5986,2.25931824910696
5987,2.1135531664532765
5988,0.0
5989,1.7478691401822437
599,2.072159967917399
5990,0.4525838389567712
5991,1.1021780764292486
5992,0.0
5993,2.097056711526052
5994,1.3897088467327416
5995,0.0072538062085478
5996,2.1825196172682233
5997,2.1102854394761015
5998,1.5694097246725232
5999,1.855896090772468
60,3.385158892396789
6000,0.0140368959186701
6001,2.4342469444873847
6002,1.6580565688205176
6003,0.1855382605489196
6004,2.248940721621955
6005,0.0
6006,0.243623794793028
6007,0.1220462241655084
6009,2.4785730640325636
6010,0.0629560650472485
6011,0.0
6013,0.3944115281226468
6014,0.0175101773978301
6015,2.3946275650921813
6016,2.208068634823131
6017,0.0193432301006561
6018,1.633270396941095
6019,1.408554535271106
602,2.543403414552214
6023,0.0
6029,2.454073779900523
6030,0.3849289321797631
60312,0.828989715997746
60313,2.208957426490754
60314,0.1459804127775399
60343,2.118104350555395
6035,2.7396348642526496
6036,0.67124361522531
6037,0.0
60370,1.8839498554644576
6038,0.4332489049250859
60385,0.0152643844692303
60386,1.7084278804005728
6039,1.716433722594335
604,1.9836696499611208
60401,0.7701874748400676
6041,1.4772684495161552
60412,2.0846850797338288
6043,0.0
60436,2.3081573572663605
60437,0.0780798702999492
60439,0.0
6044,0.0
6045,2.187153549472804
6046,2.595070277942546
60467,0.0
60468,0.3333151557922801
6047,2.2793032660416324
6048,2.648837265337943
60481,2.8689224939884603
60482,0.0
60484,0.0479473231186116
60485,1.9528370575932823
60487,1.10606206085862
60488,2.668865526219428
60489,0.712694025697157
6049,2.285455620817057
60490,1.5505366342173557
60491,2.402733375080534
60492,1.721417415646253
60493,2.0008965384634543
60494,0.2041265232242545
60495,0.2154291393132636
60496,1.8977300796696177
605,1.974000531058285
6050,2.3058964219234364
60506,0.0
60509,1.9197288866184552
6051,2.615390191160676
60526,1.7227889564915957
60528,1.9729622876087975
60529,0.235379301880427
60558,2.23854394954577
60559,2.4314012904392204
60560,1.6534455080147756
60561,1.655146647990303
6059,2.159518659259823
60592,2.4592841230674427
60598,2.3968572887323116
6060,0.0
60625,1.6400027122838194
60626,2.5388804333677064
6063,0.0
606495,0.5861256368395884
6066,0.0
60672,1.723287799909586
60673,1.823224340539728
60674,2.491371747353347
60675,0.0
60676,0.1088075433050862
60677,0.0099324012091867
60678,2.264859624606965
6068,0.0
60680,0.0060146795562324
60681,2.655466512933335
60682,1.0702751441735328
60684,2.125103421111002
60685,2.585709494006138
60686,1.4730834996670543
607,2.257705755499869
6072,0.0
6074,0.0
6075,0.0
6076,0.0
6078,0.290777040522898
6079,0.0
608,0.4731472768260933
6080,0.0
6082,0.0
6083,0.0
6084,0.0
6085,0.0
6086,0.0
6089,0.0
6091,1.3142109405275049
6092,1.7422873247417558
6093,2.0494687102716136
6094,0.8171164478622815
6095,0.8696098021471617
6096,0.0858221088259321
6097,1.6180179228929166
6098,0.0
610,0.2138242184483477
6100,1.802984976072202
6101,0.1242022158771549
6102,1.8230117200104312
6103,1.0517661412654369
611,0.0
6117,2.336120648255449
6118,2.3251382057760113
6119,1.8787020337429623
6120,2.317719875537394
6121,0.0138321417599086
6122,3.1488839950642737
6123,0.0384536920503017
6124,2.9504808380127625
6125,2.9400887279031744
6126,0.5610009710141508
6128,2.8962728003633975
6129,3.117729079193062
613,1.940454714357843
6130,3.1502737733097628
613037,0.1288542131717881
613126,0.0604409028617613
6132,3.4579746923677774
613206,0.5071742566350146
613209,0.0
613210,0.0
613211,0.0
613212,0.0
613227,0.0
613266,0.0
6133,2.7989272019459426
6134,3.118540343031298
6135,2.9993636959031584
6136,3.152143397983333
6137,2.9919945446207334
6138,2.91757500838204
6139,1.321920110657289
6141,2.9639786666084182
6142,2.7374713320192656
6143,3.15228254568512
6144,2.9230365485187657
6145,0.0729417365234151
6146,2.397886365247667
6147,2.906122277429579
6148,0.0
6150,2.242872845228294
6152,3.043923049104357
6154,2.0697153385685847
6155,3.1170047241901213
6156,2.780912799551242
6157,2.869554701343392
6158,2.8567119182943
6159,3.1211006222202697
616,0.0
6160,2.894710041832651
6161,3.0468514969064895
6163,0.0
6164,2.913872178295424
6165,2.9932381041391785
6166,3.1233279858187006
6167,2.670635276931738
6168,2.9232494990971003
6169,2.967919326299359
617,1.9744803876827532
6170,2.696264286697954
6171,3.0960519821118586
6173,0.9381110892774852
6174,1.0010917322608477
6175,3.2431439947734315
6176,3.2015010451718435
618,1.820859186358292
6181,3.226968592220814
6182,1.9748277388559703
6183,2.4437534616781664
6184,3.13775283217223
6185,3.1164815104523496
6187,3.2256012203550206
6188,2.973577715786011
6189,2.9606807748558257
6191,3.277111392888278
619189,0.0
6192,0.0166942133416963
619207,0.2516302132284079
619208,1.2009392439715545
619279,1.7531055171709733
6193,3.0010299403933107
619344,0.0
619351,0.0671953437318986
619373,0.338540088196072
619383,0.1835388500322361
6194,3.3156191379708595
619434,0.0
619445,0.502456473412168
619448,0.0
619455,0.0047737452018541
619457,0.0
619464,0.0
619499,0.0
6195,1.8693861638533744
619505,0.0
619518,0.2689037468752279
619552,0.0
619553,0.0
619554,0.0
619555,0.0
619556,0.0
619562,0.0
619563,0.0
619564,0.9285384788561664
619565,0.0
619567,0.0
619568,0.0
619569,0.0
619570,0.0
619571,0.0
6196,1.344054394321142
6197,1.1193478864236248
6198,2.1818328013214012
6199,1.7885284358223872
6201,2.7184062770474857
6202,3.0645146917238786
6203,2.903800767882601
6204,0.601339469029926
6205,3.3793322400538197
6206,3.3444313343766208
6207,3.013493776463752
6208,2.9598198695845364
6209,3.0141335484571665
6210,2.11951134373716
6217,3.096275411696582
6218,0.9367855494762372
6219,0.0
622,1.234561045088062
6222,3.380026688832208
6223,3.023531360104786
6224,2.7920860189011587
6227,3.2279601831606093
6228,2.4791919629546273
6229,2.9813236266003824
623,0.802675769850247
6230,3.09423714077803
6231,2.940318524285878
6232,3.333303572023261
6233,3.0454509072470413
6234,2.84852286801885
6235,2.492965564250253
6236,0.1823702359819901
6237,2.3955444733062023
6238,2.613382809163918
6239,1.7534277142284973
624,1.7314565823596593
6240,2.5911484437898404
6241,1.925117239827284
6242,2.3363694985222443
6244,0.0
6246,0.0
6247,0.0
6248,0.0
6249,1.9144366904352863
6251,2.3083554614734116
6252,0.4572812909543333
6253,0.9672347072398538
6256,1.6868061157328842
6257,2.174687551420017
6258,0.0646929135332517
6259,2.10487414084324
6261,0.0841287540882683
6262,0.0240097576149657
6263,0.1021998293216098
627,0.2693532362744614
6271,0.2102820170793421
6272,2.238958944374406
6273,0.5762616830928236
6274,0.4752066803630699
6275,2.614005406180486
6276,0.0
6277,3.267149732258969
6278,0.0
6279,0.9981760542442076
6280,1.9891749784936423
6281,3.075818933884942
6282,3.3810711946576837
6283,0.0
6284,2.3557728456557117
6285,0.714323307742822
6286,2.796386660360736
6288,2.359364107790407
6289,0.6339302568160583
629,0.5065177958752659
6291,0.0555827213422205
6293,2.2447191910548536
6294,2.353045966646373
6295,0.0503040803202519
6296,0.4204434173498403
6297,1.8795946358156297
6299,0.59787985366893
6300,0.2500967964746218
6301,2.5632620380165267
6302,2.111569105977568
63027,0.9014144898312858
6303,2.555168623267705
63035,1.834193022510645
63036,0.0
6304,0.932385249968795
6305,1.6605948516078148
6307,2.508350186127482
6309,1.7813795880754275
631,1.471285298096193
6310,1.557702364428601
6311,1.6451018197451892
6314,1.4880450265334573
6315,0.0
6317,0.0
6318,0.0
6319,3.074538230331573
632,0.2836026451269165
6320,1.8812948661433249
6322,1.4989220555913254
6323,0.0
6324,1.2889181200648676
6326,0.0610219959658159
6327,0.1078929593095223
6328,0.0777003520403405
6329,0.2868319505575912
633,3.217835079919853
6330,0.9019637602092276
6331,0.1302803097110695
6332,0.1340120576228596
6334,0.1627547573177827
6335,0.1320594510057083
6336,0.0316637209677261
6337,2.5608513223647686
6338,2.6097928976663685
6339,0.8941064710691013
634,1.1872680601648498
6340,2.5291232046736134
6341,1.284988719357496
6342,2.19796377093065
6343,0.793133101453946
6344,0.0209692882026594
6345,0.1128197163068454
6346,0.0588893471988714
6347,1.6097706832745229
6348,0.3342803124530755
635,0.0406387916047836
6351,0.4860936315063434
6352,1.5264710328902598
6354,0.3663935269313085
6355,0.6860781047721852
6356,0.8388999141799861
6357,0.2294150324176703
6358,0.0740862832627668
6359,0.0
636,0.8685173828745578
6360,0.0205630661837875
6361,0.4055352137670819
6362,0.7617520251394198
6363,1.7496898327453665
6364,0.3322106364976697
6366,2.429427739846211
6367,0.5212536609476652
6368,0.1754913456975675
6369,0.0
637,1.813786020513689
6370,0.0702650067990862
6372,0.0
6373,0.8990287586355464
6374,0.1113630007312303
6375,0.0290530521054448
6376,1.9028380159465803
638,1.9486340269634337
6382,2.681369727254317
63826,1.3257621315960788
63827,0.0586952005206574
6383,2.4769026579024853
6385,3.258979602533847
6386,2.4483467186798578
6387,2.276911405664844
63874,2.208262682856916
63875,2.519199239934067
63876,0.0792173887819751
63877,1.720569277006886
6388,2.31575023966478
6389,0.8491241873713575
63891,1.839726457652639
63892,1.7023033490653667
63893,2.367682424612641
63894,1.9308143712816803
63895,1.7357765031212031
63897,2.07276056352798
63898,1.6877490998473528
63899,1.3697943212883046
639,1.4982362951905848
6390,2.387828113840891
63901,2.0239290188263865
63904,0.0
63905,2.5444886900913266
63906,1.6947449735764688
63908,1.8915377935345667
6391,2.6790609059931887
63910,1.6474256545986368
63915,1.8012393565137437
63916,2.137832145007218
63917,1.810647742033588
6392,1.9918618384256104
63920,1.2102805624823532
63922,2.015236796838874
63923,1.2712478017361355
63924,0.958942002811088
63925,1.843069319467308
63926,1.9125294829801975
63928,0.0
63929,1.4651842732348994
63931,2.250592626363863
63932,2.1564097926874526
63933,2.0120551329463368
63934,0.2287846053397926
63935,2.478441283417563
63939,1.912301633116554
63940,1.516160146968004
63941,2.336491364668688
63943,1.8550064101194192
63946,0.0
63947,0.0
63948,0.0
63950,0.0
63951,0.0380557917082188
6396,2.4830082824074746
63967,0.7869607882194875
6397,2.006174426052359
63970,0.2123770308163702
63971,2.078011369421761
63973,0.0156731530012164
63974,0.0
63976,0.0710306629776471
63977,1.0667963644732663
63978,0.0
63979,1.698411779297072
6398,1.8053681911430948
63982,1.1860222146685446
6399,1.819870594399052
640,0.0290530521054448
6400,2.4922985293122064
64002,0.0
64005,0.2942671300081837
6401,0.5618123739932783
6402,1.8484671220029716
6403,0.8941064710691013
6404,1.3702506985867726
6405,2.723670415169136
6406,0.0
64061,1.8030487035227576
64062,2.0073119165311613
64063,1.698005847822738
64064,0.0195466581122431
64065,2.4493999063939875
64066,0.0191397532419228
64067,0.1459804127775399
6407,0.0
64072,0.1560519136043738
64073,0.0
64077,1.3665072712429618
64078,0.2107659687066258
64080,1.529814090754024
64081,1.0305863992636664
64083,2.734523001283995
64084,2.793089077734802
64087,2.861030934313938
64089,1.8575765392726955
64090,0.1162691351325153
64091,1.2031794059709424
64092,0.7755539975472682
64093,0.1160879462910086
64094,1.8966228029067411
64096,0.0
64097,0.3840257459832615
64098,0.4451243998379983
641,1.4114843680652962
64100,0.0
64101,0.6900532383974165
64102,0.1765016753129527
64105,1.3188795237866384
64106,0.0193432301006561
64108,1.0562823688941496
64109,0.00906081775947225
64110,2.7160350151647563
64111,0.0
64112,2.546618408746363
64114,2.6271262575557643
64115,1.1147389820530604
64116,1.6252623848741643
64118,2.4970129463237756
64121,1.6036956977537022
64122,2.453030005823699
64123,1.7735400466902405
64127,1.4431269830952076
64129,1.1488396439005786
641293,0.1380798037091699
641298,0.1284973014560392
64130,1.3416784414733076
64131,2.104829972970426
64132,2.1444675733283156
641339,0.6858235841656884
64135,1.8219571448502885
641364,0.0058079828238362
641365,0.0
64137,0.022997480615535
641371,2.360196165695724
641372,0.1553613094606595
641384,0.193321891338453
6414,1.7291669906758798
64145,1.7732439614228732
641451,0.0
641455,0.0103437444480222
64146,0.2213394734265361
641467,0.0408371562480633
64147,1.2524769754111975
64149,1.6913226133567103
6415,2.640075460990657
64150,0.0742768884659622
64151,1.804490616488657
641516,0.0
641517,0.0
641518,0.1371972284494705
6416,2.285883034464739
641613,0.3151678496285632
641614,0.0
641616,0.2202246523198821
641648,0.0
641649,0.7483531537046734
641654,0.0
64167,1.5887800828570486
64168,0.2757678129290351
641695,0.0
64170,0.1484228777959074
641700,0.971011999018981
641702,0.0
64172,1.3910506631952355
64174,0.27144746091716
64175,1.864898999557143
641776,0.0
641790,0.2487141744835275
6418,2.968359113390386
64180,0.0
64184,0.9179248510409238
6419,1.9608510471392069
641924,0.041431969987866
642,1.988706357775241
642007,0.0
64207,2.6300808657076646
64208,0.0759903776592968
6421,2.6612643816248487
64210,2.3203083797962933
64211,0.0
64215,2.7307256376909907
64216,2.214806581009769
64218,1.753475426711791
64219,2.3178700804043126
6422,2.2485248472451933
64220,0.9488407966900128
64221,0.2643946669006141
64222,2.480333921469162
64223,2.2390793312904704
64224,2.118104350555395
64225,2.278183863170403
642273,2.08654246450259
642290,0.0
6423,3.1583710273030854
642306,0.0
64231,1.0889808179745162
642311,0.031262604438497
642317,0.0
642319,0.0
64232,0.0
642345,0.0045667467349953
642357,0.1040406105580704
64236,1.1888120743321675
642361,0.5699762012951282
642366,0.0491265280900879
642389,0.0
642394,0.0
642395,0.1492934180322608
6424,2.123764775278624
64240,0.0380557917082188
64241,0.0140368959186701
642426,0.0
642446,0.0134224851965348
642448,0.0807316672117631
642460,0.1231249267976725
642461,0.0113712320035829
642474,0.0
642475,1.018093924792426
642489,0.4731472768260933
6425,0.0
642515,1.5207479234272303
642517,0.931338489654986
642531,0.0
642559,0.3927542573442393
642569,0.0
642574,2.347897932469788
642587,1.7055625679035098
642597,0.0
6426,2.350609667236816
642612,0.0
642623,0.0
642633,0.0
642635,0.0548027927666294
642636,0.0
642641,0.6567011616050797
642643,0.0
642658,0.7076181401318046
642659,1.1053657336919973
642687,0.2060754753648871
6427,2.714686494556711
642738,0.0744674501196066
642740,0.5109918334020811
642741,0.2552983187532094
642757,0.0183253569229505
642776,0.0324653828330247
642778,0.0242120678044732
642791,0.0
642796,0.0
642797,1.292538994048479
642799,0.0
6428,2.6423192780618288
642802,0.0
642819,0.9788206530958324
64282,1.765913656464253
642828,1.3595686731715204
64283,1.0348732633662483
64284,1.8564196336531305
642843,0.1900188940084079
64285,2.2512027442552274
642852,1.119517880484515
642864,0.1077099208929781
64288,1.1117319346273602
6429,2.1487697525270617
642907,0.0404403802309502
642909,0.1444063892768966
642924,0.0138321417599086
642934,0.0
642935,0.0130126308322217
642938,2.267984360489109
642946,0.1331250857566386
642952,0.0436093653522559
642959,0.0189362275154237
642968,0.0
642987,0.0973945447953161
643,0.0084911297831118
6430,2.5776747556666355
643001,0.0
643008,0.112455778548313
643014,0.0
643015,0.1398421038439008
643031,0.0
643034,0.0
643037,0.0
643067,0.0
6431,2.613982950721016
643101,0.0
643115,0.2997613515480545
643136,0.0633423431029015
643155,2.5137431924148252
643160,0.0
643161,0.2594046677433314
643167,0.2191082719804654
643172,0.0
64318,1.8381278793559388
64319,2.299793191939957
643193,0.0811098068644656
643199,0.0
6432,2.559899038876566
64320,2.235604360137754
643201,0.0
643205,0.0
64321,0.952788752435146
643220,0.112455778548313
643226,0.0
643236,0.0234025367070836
64324,1.929701733711772
643244,0.0
643246,0.7007628598478982
64326,2.364888444360518
643263,0.0
643264,0.0
64327,1.964162480662937
643276,2.085451940594752
64328,1.347738327365832
6433,2.001726234809121
643307,0.0
643309,0.0318642078034075
643311,0.0
64332,1.7196163822464667
643329,0.0
64333,0.3189721271692777
643338,0.7067135874122711
643342,0.0
643343,0.1494674146509814
643348,0.0
643355,0.058501008843608
643358,1.5311370612113573
643365,0.0
643371,0.0
643376,0.0113712320035829
643381,0.0
643382,0.1245609986757527
643394,0.0
6434,2.1988526828477584
643401,0.0064279224007442
643414,0.0
643418,0.0064279224007442
64342,1.648484902589723
64343,1.450901458044967
64344,0.0380557917082188
643447,0.1178980435863406
643471,0.0
643486,0.0
643499,0.0
643507,0.1759966682054657
643513,0.0443997508881444
643529,1.1120763910148843
643542,0.0
643582,0.0
64359,1.5911653230923466
643596,0.488004783498392
643609,0.0
643615,0.1605266099672951
643617,0.4557578885791677
643623,0.0111658338983268
643627,0.540619562034321
643630,0.0
643641,1.310524419313735
643650,0.0248187083181388
643664,0.0416301479021601
643668,0.0266360241092229
643669,0.1560519136043738
643677,0.0101380977223869
643680,0.0248187083181388
643689,0.090507846716347
643699,0.0773206608342586
643707,0.0060146795562324
643709,0.0
643714,1.186135588010442
643723,0.1499891819001348
64374,2.1904067628874997
643749,0.3251318786124355
64375,1.131419108680339
64376,2.0145362346895785
643766,0.0
64377,1.767198022807825
643770,0.0370602183099194
643779,0.1746484396889903
643783,1.3501427280955145
643784,0.3295810402632949
643803,0.0
643812,0.0
643834,0.0
643836,2.1408680465156573
643837,0.9432708859333764
643847,0.0
643851,0.0
643853,0.6213739304534024
643854,0.0544125563488178
643859,0.0
64386,0.2361607530198453
643862,0.0
643863,0.4037764883971546
643866,1.3951062683405375
64388,0.2899020741820128
643880,0.0
643884,0.0
6439,0.1075268419004856
643904,0.011781879253164
643906,0.0
643909,0.0
64393,1.3350884327400518
643932,0.7943606239301034
643941,0.0
64395,1.9332002549717433
643954,0.0
64396,0.0
643960,0.0
643965,0.0
64397,1.7789584982532891
643971,0.0
643974,0.1534591224248764
643976,0.0242120678044732
64398,1.345576110805708
643981,0.129745813935983
643988,0.8457341364200033
64399,0.0386525717956126
644,2.9257730009511325
6440,0.0
64400,1.827754668080104
644013,0.0
644016,0.0
644019,0.2958615502395921
644020,0.0
644021,0.0706479226552025
644029,0.5440569859799346
64403,1.4668274540205026
644030,0.0623763134303502
644041,0.0
64405,0.0146508621545966
644054,0.0
644063,0.6094410590125782
64407,0.1848723406568188
644070,0.0
644082,0.0660413065929845
64409,0.444886359154383
644090,0.0
644093,0.0542173700425294
644094,0.0
644096,2.159981580792126
6441,0.2235644531810927
64410,1.5416675213303834
644100,0.0
64411,1.2976783009970656
64412,1.9766566052596508
644131,0.3646738325719965
644135,0.0045667467349953
644138,0.0544125563488178
644139,0.0
644145,0.0
644150,1.0564244262569913
644160,0.0
644165,0.1515524834278699
644168,0.0
644169,1.2581436107328987
64417,2.002567055034283
64418,1.812053513162316
644186,0.4452433915588897
64419,1.997507262484577
6442,0.2422298130789489
64420,1.4023413120979489
64421,1.445215126934457
644218,0.0
64422,1.993499380791951
64423,1.9092046837687568
644233,0.0
644236,0.2702514446490945
644242,0.4752066803630699
644246,1.0441778246876128
644248,0.0
64425,2.094879127347993
644253,0.0
64426,2.451210112993464
644269,0.0
64427,1.9874987050484865
64428,1.7263959528259816
64429,2.229533996893286
6443,2.155954914803165
64430,1.6120509253554605
64431,2.080412172523065
644315,1.6520829864328377
64432,1.672030307040373
644325,0.0
64433,0.1106336771547726
644335,0.0
64434,1.592293633700934
644353,0.1820360353720198
644357,0.0
644378,0.0
644384,0.0
644388,0.163439113617829
644397,0.0211723261778742
6444,1.2876324486882
644414,0.0
644429,0.0
644436,0.0
644456,0.4746352024272696
64446,0.0126025784990239
644464,0.2778450164077647
644495,0.0290530521054448
6445,1.797608007507551
644502,0.0
644509,0.0
644511,0.208505021189391
644517,0.0
644522,0.0
644524,0.0
644538,1.3561883586266377
644548,0.1036727819699854
644578,0.0
644584,0.5122961093106342
644591,0.0
644596,0.2717461806870164
6446,1.5813583187043327
644601,0.0
644619,0.5041056892833149
644627,0.0
644632,0.0
644637,0.0
644656,0.7039100324188634
644660,0.3820867135125049
644672,0.0
6447,1.4537773876088864
644716,0.0
644743,0.0
644746,0.0
64478,0.0209692882026594
644790,0.3102084114303381
6448,1.997723245527106
644809,0.352391666129312
644815,1.3133440678489112
644820,1.3049613687614483
644838,0.0947954893080635
644844,2.669486713424735
644873,1.215323295736788
644890,0.1366672261961176
644896,0.0501079362162316
6449,2.2401642189852637
644903,0.300769231165453
644907,1.2129517306628572
644909,0.1605266099672951
644911,0.0
644924,0.0
644937,0.2042891169220665
644943,0.8628323702021904
644972,1.0333000649321542
644974,0.3648062545982056
64499,2.172916656998685
644994,0.0
644996,0.1629259004538207
644997,0.0
644998,0.0246165431357565
645,2.9533565350203523
6450,0.3807912637792411
645000,0.0
645015,0.4605518388321173
645018,0.7459512614552075
645027,0.0
645030,0.0
645051,0.0
645054,0.0807316672117631
64506,0.1113630007312303
645065,0.0
645073,0.0
645078,0.0183253569229505
6451,2.8514190151665613
645104,0.0
645108,0.0
645120,0.0
645121,0.0443997508881444
645157,0.0
645160,0.7360200493382384
645161,0.3090703588283134
645173,0.150163030160434
645174,0.1992333314916197
64518,0.1169934922160474
645180,0.0219839916622789
645188,0.0
645191,0.1062441514989379
6452,1.5511332619936289
645202,0.0
645204,0.0
645212,1.4527977852809624
645257,0.0
645266,0.0119871284396815
645280,0.0947954893080635
645296,0.5786415874241545
645297,0.0
645299,0.0
6453,1.2858084102110572
645311,0.0
645319,0.0
645323,0.0
645326,0.0784592157513684
645328,0.3778033054831262
645348,0.0268377072511832
645355,0.0
645359,0.0
645368,0.0
645369,0.2559080167354376
645373,0.0
645382,0.0
645387,1.48825731370962
645388,0.1377268877932005
645397,0.0
645398,0.0
645402,0.0
645405,0.3055031538950215
645414,0.0
645415,0.0
645422,0.201520533066984
645423,0.0
645425,0.0
645426,0.2208618836338299
645432,0.0213753154909553
645433,0.0
645434,0.0101380977223869
645441,2.503483276280873
645443,0.0910683626288553
645452,0.0
645453,0.0193432301006561
645482,0.0
645485,0.0246165431357565
645486,0.0272409292764164
6455,2.447672691164078
645520,0.0
645529,0.0
645538,0.0
645545,0.0240097576149657
645553,0.2591012256984977
645558,0.0
645560,0.0396462670429822
645572,0.0
645573,0.0
645591,0.0
6456,0.1012779001967963
645630,0.0763706752693144
645641,0.1989060560900838
645651,0.0
645654,0.0
645656,0.0310619747051902
645668,0.6901375642637158
645676,1.0332016020984458
645682,0.0
645686,0.0
645687,0.0205630661837875
645693,0.1873667107284053
645694,0.031262604438497
6457,0.0420263638480368
645713,0.0
645715,0.2083432804441998
645744,0.3113447971994957
645745,0.0
64577,0.2016836555872125
645771,0.0629560650472485
645773,0.0
64579,0.06565627325421
645807,0.0
645809,0.0
64581,0.5902278349658007
645811,0.3341425069771574
64582,0.7823482956975343
645832,0.0
645834,0.094423529467826
645836,0.0
645841,0.0
645846,0.0440046509270564
645852,0.0
645853,0.7519013750732291
645862,0.0
645864,0.3441379725889604
645879,0.0
645884,0.0
64591,0.0
645916,0.0
645918,0.0
645938,0.0
645939,0.0
645949,0.0
645957,0.0485371324516474
645961,0.0181216355189445
645962,0.0
645967,0.0816766944344988
645968,0.1653181252039118
645973,0.0
645974,0.0113712320035829
645979,0.4027696539078421
64598,2.1186290752614645
64599,2.0306600679548614
645993,0.0
645998,0.0
646,0.092934019355804
64600,0.0
646000,0.0
64601,2.1389942844588186
646012,0.0
646013,0.0824319443491516
646019,0.1168124626568068
646023,0.7436964743032884
646066,0.0
646071,0.0
646085,0.0
646087,0.0
646093,0.0
6461,1.4881936372139148
646103,0.0
646108,0.3491549102849444
646112,0.0
646114,0.1473770019605207
646119,0.1082589144778865
646127,0.5819009628768137
646174,0.0
646175,0.0
646189,0.06565627325421
646193,0.0
6462,0.0704564866776887
646202,0.2440879109998394
646216,0.0438070313509447
646231,0.0
646241,0.0045667467349953
646249,0.0
646262,0.0
646268,0.0
646269,0.0
646294,0.7559662294291101
646309,0.0142416006900836
646324,0.3608235573841126
646366,0.0
646383,0.0662337567877756
6464,2.5319620740173043
646409,0.0
64641,0.5632301112041099
646424,0.1491193842892281
646433,0.0
646440,0.0
646446,0.0
64645,0.5608994807062866
646450,1.059117045099767
646457,0.0
646476,0.2702514446490945
646479,0.0
64648,0.0
646480,0.0
646483,0.4894628913239758
646486,0.0
646498,0.0
646506,0.0
64651,2.249197137390018
646522,0.0
646527,0.3345558494274694
646532,0.4798761005785458
646538,0.0
646548,0.0
646557,0.2705506194460839
646567,0.0
646576,0.2205433315744429
646583,0.0
646588,0.029254159459327
646595,0.8765699053378195
646597,0.0
646600,0.0
646603,0.0637284429094406
646612,0.1073437223162539
646616,0.0629560650472485
646620,0.0
646624,0.3510446801118828
646625,0.0
646627,0.0
64663,0.0845053532862342
646640,0.0818655711838594
646643,0.0
646658,0.0390501905320824
646663,0.0
646665,0.0863857947605423
646666,0.0
646672,0.0
646674,0.411285085014733
646685,0.0756099064785592
646688,0.2843377498087372
646693,0.0
646698,0.0473570995805846
646710,1.051336495129258
646719,1.5771622469378574
646721,0.0
646723,0.0801641354811421
646737,0.0
646745,0.0555827213422205
646754,0.0
646759,0.0
646770,0.0
646784,0.0
646785,0.350100378003441
646787,0.0
646799,0.0
6468,2.400490888062092
646801,0.0
646804,0.0
646817,0.1459804127775399
646819,0.4756635428944551
64682,1.178947889017591
646820,0.0
646828,0.0
646851,0.4071646418184821
646862,0.1654887289915786
646864,0.0
646870,0.0
646877,0.0
64689,2.096178193494019
646890,0.1796927515744965
646892,0.0123974780415539
646898,0.0
6469,0.0
646909,0.1215063417494183
646912,0.0
646913,0.0
64693,0.0166942133416963
646942,0.0
646949,0.6976010191225248
646951,0.0449920531388688
646956,0.0404403802309502
646960,0.0
646962,0.4386703736376154
646966,0.0
646982,0.0254249141756302
646985,0.0
64699,0.3251318786124355
6470,1.5188781798072122
647024,2.013451569133597
647030,0.8189947220737962
647034,0.0
647042,0.1078929593095223
647060,0.0
647076,0.2409886570316065
64708,2.00165500349044
647087,2.350097761182346
647094,0.0
647099,0.1412492154969934
64710,2.986199260607842
647102,0.0
647107,0.0
64711,0.0837519842731955
647112,0.0
647132,0.0
647135,0.5385282402559196
64714,0.2257832415899689
647155,0.0884493778801894
647158,0.0
647166,0.0099324012091867
647167,0.1666819524291762
647169,0.0
647174,0.12867577671514
64718,1.4223106726815389
6472,2.3945903359766194
647201,0.0
647208,0.0
647219,0.0
647249,0.0
647264,0.0
647265,0.0
647276,0.8419910059333462
647286,0.0
647288,0.0152643844692303
647298,0.0
6473,0.0
647309,0.0
647310,0.5454066152498979
647323,0.1258155061858682
64735,0.0
6474,0.7609177223341407
647415,0.04578114125236
64743,1.8614156714137375
647436,0.1482486582226979
64744,2.1708392152244564
64745,1.736831242460259
64746,2.604557933776368
64747,2.1442741718026244
64748,2.4309881247868503
64750,2.1929033361491705
64753,0.2405227222278928
64754,1.881417922438708
64755,2.2014870875309973
64756,1.8538046313541032
64757,0.968277158525046
647589,0.0
64759,1.9911170013670123
6476,0.0
64760,2.0509378628802084
64761,2.0769693067779245
64762,0.9483313640595304
64763,2.0204501561009844
64764,2.2290935066447384
64766,1.5188981088385525
64768,0.9211279525424332
64769,2.4063408362786585
6477,1.5347372646579935
64770,1.5860712509116142
64771,2.6720595249469983
64772,1.4043538801316438
64773,2.1703985642563253
64776,1.4570891601304732
64777,2.2741440429926367
64778,1.8941521866687392
64779,1.2348379729007786
6478,2.9807000551731555
64780,1.52635330978092
64781,2.053796865951344
64782,1.684216557740042
64783,1.2931918852006197
64784,1.7994543600302662
64785,1.13233403246391
64786,1.8399307091472352
64787,2.25327337069381
64788,1.9393461161361216
64789,0.8188557768572333
64792,1.7441071652343425
64793,1.945539907120324
64794,1.4026688961503002
647946,0.0031163460570424
64795,2.4649050923046896
647979,2.9984352634867273
64798,2.134819813114082
64799,0.2636406352920438
648,2.3428872178797255
6480,0.8956488214731761
64800,0.1751542886325345
648000,0.5670640957507678
64801,2.320441706208057
64802,1.1176451800351586
64805,0.045189394581304
64806,0.0759903776592968
64816,0.0
6482,2.3454942937756074
648294,0.2057509787839322
6483,1.0897865179961903
648315,0.0
64834,2.586805793409751
64837,2.165087802808302
64838,1.1508545450355017
64839,1.8124068190882157
6484,1.814106838471985
64840,1.529853053679336
64841,1.9650251297697392
64843,0.0
64844,2.4327872600504734
648442,0.0
64847,2.4444274940219968
64848,1.7457980210371848
64849,0.2642439183390903
64850,0.4854179140327855
64852,1.50795403925995
64853,2.044708513193673
64854,1.834360595852194
64855,2.8348949989260217
64856,1.8117103142206368
64857,1.2527449691328054
64858,1.4332891962124443
64859,0.2971636543944906
64860,1.5376019295154708
64863,1.553660616581338
648630,0.9132090462992596
64864,1.6150034106956097
64866,2.02899456442932
648691,0.0
6487,0.0696903035798559
648729,0.2372534944972522
648791,0.3781937070933871
64881,0.0
6489,0.1734668947414687
648927,0.0358639763576893
648947,0.0
64895,1.5729995661178544
64897,1.4401654706978613
648987,0.63994303902559
649,1.8495800670905265
6490,1.1269063576764022
64900,1.722417653650272
64901,0.6864173179026941
64902,0.2971636543944906
649024,0.0998006737938156
6491,1.423859241939792
649133,0.0274424681999785
649137,0.0189362275154237
649159,0.0246165431357565
64919,0.0848817820027076
6492,0.1499891819001348
64921,2.093317146835875
64922,0.1727909512670478
649238,0.0
64924,2.2220161244042007
64925,2.2440148174931425
64926,0.5968193483007912
64927,1.143078107242709
64928,2.776217591856627
649299,0.1067941198550825
6493,0.0232000328901817
649330,0.0
64939,0.0
6494,1.7535708358840454
64943,2.1429482965640045
64946,2.0607804580809685
64949,2.7278329294814014
6495,2.2486483636890227
64951,0.0920017153720052
6496,0.0262325134658017
64960,2.32666470951788
64963,1.6319401765281143
64965,1.9225234375282232
64968,1.93955896573911
64969,1.867526282526472
6497,2.097151965959396
64975,2.542573526911158
64976,2.4614747691514975
64978,0.7171651213374751
64979,2.1331453167172763
6498,2.690954993538595
64981,2.4355584953450267
64983,2.2794336658654855
6499,2.0841296579676483
650,0.140897664497433
6500,2.452900133637222
650024,0.0
65003,2.0724496630173976
65005,2.3422943841859323
650059,0.0717956175864252
65008,2.0172623849003894
65009,0.4413065618462461
65010,1.528546073609456
65018,1.4292181798920514
6502,0.8684530645116083
650293,0.0
6503,0.8481289706050895
6504,0.1477257762004251
650474,2.7488145809748343
6505,0.8146036035657257
65055,1.6647404348196992
65056,2.520471928223133
65057,1.7705126241756597
65059,0.885899767346475
6506,0.738614819995086
65061,0.4145156420597463
65062,1.8176197367315887
65065,0.6761668992662615
6507,0.6908117955523538
65072,0.1313482575810238
65078,1.5833292521494666
6508,1.115295712472065
65080,2.445625771228851
650808,0.0
65082,1.4157985334823715
65083,2.191442144210688
65084,1.2221296579919034
6509,2.816567830675357
65094,1.261383587002331
65095,2.0859071514079632
650983,0.0
651,0.0060146795562324
6510,2.742871516289022
651053,0.0
65108,3.0918690436861422
65109,1.8006736770445366
6511,0.0047737452018541
65110,2.0052645495723014
651144,0.1088075433050862
65117,2.068682009997205
6512,0.2372534944972522
65121,0.0
65122,0.0
65123,2.2675915310410235
65124,1.9533657014237251
651249,0.2643946669006141
65125,2.456667467544323
6513,1.9606566491758428
651302,0.2013573773952446
6514,0.0
651430,0.1102687734821434
651452,0.0
6515,1.7850742945881537
651628,0.0276439590910099
651644,0.0
6517,0.0696903035798559
651746,0.2450153285415904
6518,0.5619137344840441
6519,0.0
652,0.7819808357197465
6520,2.729153492361643
6521,0.0070474104382352
65217,0.0
652170,0.0
6522,2.05089239466325
65220,1.9593726329903964
6523,0.627680383189634
6524,0.0080788886488122
652411,0.0782695646180464
652423,0.0
65243,0.7284936587344983
65244,1.872829451758244
65249,1.1026595316848056
6525,1.7112353168288568
65250,1.2696270357575423
65251,1.5129629602537649
652549,0.0658488120877697
65258,1.2968766088853363
6526,1.691033933877164
65260,1.7614640297301336
652624,0.0784592157513684
65263,2.217478595844897
65264,2.6919405465983215
65265,2.6320421102990235
65266,1.224074132694141
65267,0.1709291929021107
652670,0.0
65268,0.6041140572194872
6527,0.243623794793028
6528,0.2157497372316905
6529,0.280359957267272
652965,0.0
652966,0.0
652968,0.2395900307378116
652974,0.0
652975,0.0
652985,0.04578114125236
652991,0.0
653,0.2434690289610175
6530,0.0066344685557293
653017,0.0
653061,0.0246165431357565
653067,0.0
653073,0.0
653075,0.0
653079,0.2003777465210845
653082,1.0011436703549876
6531,0.0080788886488122
653108,0.0324653828330247
653121,1.0806803390221913
653125,0.033066130062972
653140,0.0
653145,0.0886602319262067
653147,0.4917004710876297
653149,0.3842839091015332
653156,0.1386088924011609
653166,0.0
653174,0.0
653175,0.0453866897349848
653192,0.0
6532,1.4644051892266865
653203,0.0
653220,0.0
653232,1.3335358964259425
653236,0.0
653240,0.0
653247,0.0
653268,0.437829623085357
653269,0.4142676309860906
653275,0.0
653282,0.0
653288,0.0
6533,1.767890679016169
653308,1.1252259186944515
653314,0.0
653316,0.1423029624369139
653319,1.0650258989450216
653333,0.2099592200681515
653361,0.1838724292925855
653363,0.0
653390,0.1461551171419667
6534,0.0084911297831118
653404,0.0
653423,0.0
653427,0.0115765804481612
653437,0.0
653440,0.4282533507305328
653458,0.0
653464,1.0166277961592984
653486,0.0
653489,0.1095384817418901
653499,0.2372534944972522
6535,2.0142919851037373
653505,0.0532407567944813
653509,0.0146508621545966
653510,0.9913000938181772
653543,0.0
653544,0.0
653545,0.0
653548,0.0
653550,0.0
653567,0.0
653583,1.7178338247008076
653590,0.0
6536,1.263915766761632
653604,0.4148875049406991
653619,0.0
653641,0.0
653643,0.0
653645,0.0
653650,0.1496413741592798
653656,0.0
653657,0.0
653658,1.3714032685755742
653659,0.4551711279567966
653665,0.1364904825088563
653689,1.0719837863417685
653702,1.7667009310456994
653707,0.0
653720,0.0313814295654138
653737,0.4515227906598616
653753,0.0
653773,0.3774127029756018
653781,0.0
653784,2.521180790138013
653789,0.2655996172193899
653794,0.0
6538,0.010754888621307
653808,0.3072174572540063
653820,0.5373754145181554
653857,0.4168676643531577
6539,0.1093558077997425
654,0.7664349218470828
6540,0.0084911297831118
654029,0.4298555274178127
6541,2.2065601129643846
654170,0.0
6542,3.073240730115185
654231,0.1581202170574014
654254,0.0152643844692303
6543,0.0203598820990786
654319,0.950930722472634
654320,0.0
654321,0.0
654322,1.1933067827858883
654340,0.0
654346,0.0225922306114602
654350,0.0
654364,0.0
654369,0.0
654370,0.0
654371,0.0
654381,0.0
654382,0.0
654383,0.1739734823125703
654386,0.0
654387,0.0
654391,0.0908815660467812
654412,0.0288518968796068
654429,0.0
654433,1.2154308528932545
654434,0.9824200548317304
654463,0.052263005646635
654483,0.7152989928308906
6545,1.6480161113870722
654502,0.0
654506,1.497112057878282
6546,0.3261073269068962
6547,0.0084911297831118
654780,0.0
654783,0.0
654790,0.2628858809535586
6548,2.292820788989102
654835,0.0
654841,0.1584644237132182
6549,0.1790219919026922
655,0.434698493723104
6550,0.0951672823362936
6553,0.2268903234648771
6554,0.0860100466169922
6555,0.0
6556,0.6640984322039496
6557,0.0221867865316464
6558,1.954413534947561
6559,0.0058079828238362
656,1.005181142445455
6560,1.7370914324226898
6561,0.0
6563,0.0908815660467812
6564,0.0084911297831118
6565,0.5148976464231857
6566,1.5424840985706674
6567,1.697030095721716
6568,0.0
6569,0.0
657,1.8883279136460047
6570,0.0183253569229505
6571,0.4275440557109228
6572,0.0
6573,1.555270362491452
6574,2.3322385789035516
6575,1.872757638177972
6576,2.6839337156260656
6578,1.5156187150518396
6579,0.0217811482126814
658,3.0793650181086827
6580,0.0156731530012164
6581,0.4458380641682153
6582,0.041431969987866
6583,1.3876895096822246
6584,1.920702438370434
6585,0.061215604083323
6586,1.2022623980625493
6588,0.6807131380640379
659,2.4044752631534143
6590,2.1386058368370486
6591,1.923869899286119
6594,2.3482959834453045
65944,0.0738956344925407
6595,2.002554133346983
6596,1.6571825886094131
6597,2.2853304901508857
65975,0.041828279182458
65977,1.545548030696802
65979,1.9103760077062335
6598,1.803717261297044
65980,1.7717147289114126
65981,1.508972174680861
65982,0.6264791395981495
65983,1.555731926137316
65985,1.5977933785284144
65986,1.931978124229079
65987,0.2736850943622116
65988,1.8008552039349923
65989,0.8572926601206334
6599,2.585406606871917
65990,2.278822713739948
65991,2.0037153374433343
65992,2.6124771910895306
65993,2.914031899883158
65997,0.6630465345587568
65998,1.4484000904400391
65999,2.13739760440315
660,0.4359043331666746
66000,1.3589382514535793
66002,0.0617961599388916
66004,0.3663935269313085
66005,2.4536938698174007
66008,2.4807234607196276
6601,2.278163042624663
6602,2.222399149881593
6603,2.835193698232364
66035,0.7816867199611452
66036,1.644172006294972
66037,0.0
6604,1.476768997184465
6605,1.0711531758879742
6606,1.782752148414904
6607,1.2552510089820867
6608,1.6879014543476083
6609,2.1986043194318197
661,1.8970711518097685
6610,2.0414990791014285
6611,2.7042864568331884
6612,2.5927364646785613
6613,2.8051006755363814
6614,0.8260417390575421
6615,1.274571313844833
6616,0.2336573991124095
6617,1.3667234565466193
6618,2.3596278295094044
6619,2.1162261024674223
662,1.8344394305187783
6620,0.085634128532859
6621,1.409698685304893
6622,0.2328734811183248
6623,1.1363506657344045
6624,2.2466568254104216
6625,2.5181142806497263
6626,2.473075191095472
6627,2.2703681830453992
6628,2.939157092992543
6629,2.565094510840757
663,2.2021323071662424
6631,2.812004068985156
6632,2.274451000777615
6633,2.9253645714803533
6634,2.485114551415062
6635,2.64761972391787
6636,2.2505312303572027
6637,2.4530163377069996
6638,0.9565998365123434
664,2.1392574734524876
6640,2.0913870428219656
6641,1.2258710779846211
6642,2.151692366721789
6643,1.9495464147136512
6645,1.537486904221975
6646,1.48659902991613
664612,0.0
664613,0.0
664614,0.0
664615,0.0
664616,0.0
664617,0.0
6647,3.0555464331475366
664721,0.1067941198550825
6649,1.1936424319839984
665,2.7609264115948497
6650,1.945210422762175
6651,2.444569851616195
6652,1.683727593212861
6653,1.335375436266549
6654,1.9470266351730503
6655,2.1298000605217524
6656,0.0
6657,0.0
6658,0.0
6659,2.6252538898505464
666,2.3136831710507484
6660,0.1974316650138717
6662,2.0038312638261755
6663,0.9779579412124736
6664,0.612561342937439
6665,0.197267676699121
6666,2.4165334738180015
6667,2.4348753086887394
6668,2.2131146305517486
667,1.9169145877954792
6670,2.236157905057847
6671,1.0807711983873385
6672,1.7160570093556184
6674,1.66420059081499
6675,2.622198962764234
6676,1.1643692943177484
6677,0.0
6678,3.349841600154673
668,0.0940514026841421
6683,1.7417116964527506
6687,1.1047121656488996
6688,1.6451931743536146
6689,0.0729417365234151
669,2.2599032577491025
6690,0.3076454425599115
6691,0.2425397987322351
6692,2.9194795210556523
6693,0.5623190324210863
6694,0.0
6695,2.111096706825498
6696,2.9461027150479353
6697,2.8957376012304685
6698,0.557644145757668
6699,0.0
670,1.2945882581182886
6700,0.051871586053616
6701,0.0
6703,0.0
6704,0.0
6705,0.0
6706,0.0
6707,0.257430204361254
6708,0.0
6709,2.5222975933119742
671,0.0698819152678692
6710,0.043016088629042
6711,2.39452413986243
6712,1.645010446807178
6713,2.808963188681262
6714,2.248170297958319
6715,1.1079292999191257
6716,0.0080788886488122
6717,2.7428679125954942
6718,0.071221967357895
672,1.713044731502248
6720,2.609484421971713
6721,2.3330363528028006
6722,2.1555718526040177
6723,2.420263539362627
6725,1.4546869178394504
6726,2.9796079334210823
6727,3.0422289368862496
6728,1.222306712195636
6729,2.19029881282702
673,1.467159867153666
6730,2.5428340688872786
6731,2.6558434529223147
6732,1.8494375495142648
6733,2.531716322932731
6734,2.5602306308172142
6736,0.0
6737,2.097828056471052
6738,2.0407989882844
6741,2.4148373220937054
6742,2.1808555052166705
6744,2.090193405116183
6745,2.496527772713285
6746,2.641030403789584
6747,2.774472357838449
6748,2.7125931040989197
6749,2.532619863323801
675,0.5512944058947954
6750,0.0
6751,0.0635354152782802
6752,0.9555933141737416
6753,0.0076664475141711
6754,0.0
6755,0.0
6756,0.0
6757,0.0
6758,0.0
6759,0.0
676,0.0
6760,2.5233414562145
6764,1.4284526789574743
6767,2.6406543205360915
6768,2.5154483445586835
6769,0.1080759571659009
677,2.7793883353843234
6770,0.016081724652309
6772,2.4278389024030815
6773,2.2348637600921286
6774,2.3617366195053813
6775,0.2139848555672504
6776,1.6786387083657304
677679,0.2211803085870034
677681,0.5695752396622326
6777,2.370398223477343
677763,0.2267322630732208
677765,0.0
677766,0.0
677767,0.0
677768,0.0
677770,0.0
677771,0.0
677772,0.3329011466395836
677773,0.0
677774,0.1939808677093617
677775,0.7212847232389574
677776,0.5695752396622326
677777,0.0
677778,0.0
677779,0.0
677780,0.0
677781,0.0
677784,0.0
677790,0.0326656794165476
677792,0.0
677793,0.7806562788177441
677794,0.0
677795,0.0
677796,0.8619882263803124
677797,0.5461322881673503
677798,0.0
677799,1.6286686747465489
6778,2.4512840139094387
677800,0.215909987982621
677801,0.0
677802,1.1853036498701104
677803,0.0
677804,0.0
677805,0.0
677806,0.0
677807,1.0821777166721898
677808,0.3248529526034982
677809,0.0
677810,0.0
677811,0.5852434879730277
677812,0.0
677813,0.0
677814,0.7986747570429279
677815,0.4077904057729217
677816,0.0
677817,0.0
677818,0.0
677819,0.0
677820,0.0
677821,0.0
677822,0.0
677823,0.5518085769055642
677824,0.0
677825,0.0
677826,0.7950095588926334
677827,0.0
677828,0.0
677829,0.5546811251955661
677830,0.0
677831,0.0
677832,0.350100378003441
677833,0.2520896588262283
677834,0.0
677835,0.0
677837,0.0
677838,0.0
677839,0.0
677840,0.0
677841,0.0
677842,0.0
677843,0.0
677844,0.0
677845,0.0
677846,0.0
677847,0.0
677848,0.0
677849,0.763417488491747
677850,0.0
677885,0.3758482803482453
6779,0.0
678,2.3163622407603772
6780,2.812698790501051
6781,3.0877173533627364
6782,2.735923961617538
6783,0.0
6785,0.45693001505071
6786,2.374344616430646
678655,1.6183408945285849
6787,1.8006843572563214
6788,1.8797358584020316
6789,1.9299276262310576
6790,2.3086916910813593
6792,0.8599055668983067
6793,1.618518432572316
6794,2.0485661299275346
6795,0.6648863006827636
6799,0.0320646470462866
680,0.0
6801,1.9639268806722496
6803,0.0
6804,1.0842134342105174
6809,2.212619866655783
6810,2.019728296026955
6811,2.4560642735652687
6812,1.3925688621028225
6813,2.2481930784224855
6814,2.0499590715111853
6815,1.9275845614903209
6817,0.7025866872862648
6818,0.041431969987866
6819,0.0702650067990862
682,3.023874451114543
6820,2.6126018412862546
6821,1.9888336112995009
6822,0.0187326529005272
6827,0.0506962311574882
6829,2.4232578282128103
683,0.8947855702559211
6830,2.316539531551305
6832,1.9321252891248917
6833,0.178182758872508
6834,2.522315157005248
6835,2.020203521175847
6836,2.830313175650709
6837,1.468398906036488
6838,1.8466055178879015
6839,1.836954271835311
684,3.0363140386423813
6840,2.110546402720215
6843,1.138163383545398
6844,2.328492627508211
6845,1.2459619843687453
6846,0.1739734823125703
6847,0.0332662841654657
684959,0.0
685,1.225589591772818
6850,0.8048801234782514
6853,0.2778450164077647
6854,0.2993290033426907
6855,0.9059771369705614
6856,2.722064352696797
6857,2.580829010349243
686,1.1062360118717576
6860,0.0
6861,0.0205630661837875
6862,0.0
6863,0.4920355179076667
6865,0.1370205991519871
6866,0.0227948798627598
6867,1.740988018813046
6868,1.6677922323230494
6869,0.3912212347209179
687,1.8001072391475244
6870,0.0
6871,1.573355273260577
6872,2.050630844685209
6873,2.074823001433426
6874,1.9742509651815832
6875,0.9131491240791944
6876,2.6782070177158985
6877,1.4636471895138328
6878,2.0880103042475526
6879,2.6384171591583536
688,2.220161688343207
6880,2.3625441394710505
6881,0.515762754990545
6882,2.3185438266655902
6883,1.9735827808593849
6884,2.1066804022195105
6885,1.9371118809413252
6886,0.5492340207277926
6887,0.2347535870437137
6888,2.724937690043486
689,3.027344410104247
6890,2.003741101904727
6891,0.9269579153853345
6892,2.6631094658172
6894,2.2409864076101234
6895,1.7927498723901836
6897,2.50496406739282
6898,0.0835635353418218
6899,2.0261273834888223
6900,0.0060146795562324
6901,1.6148082485370914
6902,2.6302566503058067
6903,2.418911180533386
6904,2.338970823904415
6905,0.2431594065903223
6906,0.0
6907,1.8248205961299713
6908,1.7936629896214165
6909,1.7572990999435107
6910,0.6049729134243438
6911,0.8548004717582419
6913,1.1329570070716937
6915,0.912729507817046
6916,0.8925603384473381
6917,2.486272136344977
6919,1.944055048612709
6920,2.3168991073371266
692053,0.290777040522898
692057,0.0
692058,0.3467183376238796
692063,0.0
692072,0.0
692073,0.0
692075,1.4641823685085966
692076,0.0
692084,0.0
692085,0.0
692086,1.3022800597209288
692088,0.0
692089,1.3828942122183254
692091,0.0
692092,0.0
692093,1.0062635552948676
692094,0.0
692099,1.1545833572615751
6921,2.246221747683862
692106,0.0
692107,0.0
692108,1.1196453430965747
692109,1.2441711418164572
692110,0.7417465620147607
692111,0.0
692146,0.0
692148,0.0
692149,0.0
692157,1.1853036498701104
692158,0.0
692199,0.0
692201,0.0
692202,0.3248529526034982
692203,0.0
692204,0.0
692205,0.7551246210430511
692206,0.0
692209,0.0
692210,0.8241148822043715
692211,0.0
692212,1.3374658191236712
692213,0.0
692214,0.0
692215,0.0
692223,0.0
692225,1.3789779978216403
692226,0.3644089194923896
692227,2.01355829214134
692229,0.0
692233,0.3758482803482453
692247,0.4230221334367425
6923,3.0867307794624113
692312,0.0
6924,2.0980431401702067
6925,1.3489419130226197
6926,2.484024797792137
6927,0.0142416006900836
6928,0.0
6929,2.3248650378422107
693120,0.3107768124017167
693121,0.0
693122,0.0
693123,0.0
693124,0.0
693125,0.0
693126,0.0
693127,0.0
693128,0.0
693129,0.0
693130,0.0
693131,0.0
693132,0.0
693133,0.0
693134,0.0
693135,0.0
693136,0.0
693137,0.0
693138,0.8656166083317207
693139,0.5325343932227614
693140,0.0
693141,0.7067135874122711
693142,0.0
693143,0.0
693144,1.1973583395597145
693146,0.0
693147,0.0
693148,0.0
693149,0.0
693152,0.8274145623082121
693153,0.0
693154,0.0
693155,1.789088602174147
693156,0.3107768124017167
693157,0.0
693158,0.9336622324779112
693159,0.0
693160,0.0
693161,0.0
693162,0.0
693163,0.0
693164,0.3055031538950215
693165,0.0
693166,0.0
693167,0.0
693168,0.0
693169,0.0
693170,0.0
693171,0.0
693172,0.0
693173,0.0
693174,0.3029245872753158
693175,1.1203246674155165
693176,0.0
693177,0.0
693178,1.1041015027611916
693180,0.0
693181,0.0
693182,0.0
693183,0.0
693184,0.0
693185,0.0
693186,0.0
693187,0.0
693188,0.0
693189,0.0
693190,0.0
693191,0.0
693192,0.0
693193,0.0
693194,0.0
693195,0.0
693196,0.0
693197,0.0
693198,0.0
693199,0.0
6932,0.6113337982124963
693200,0.0
693201,0.5285106030088962
693202,0.0
693203,0.0
693204,0.0
693205,0.0
693206,0.0
693207,0.0
693208,0.0
693209,0.0
693210,0.0
693211,0.0
693212,0.0
693213,0.0
693214,0.0
693215,0.0
693216,0.0
693217,0.0
693218,0.0
693219,0.0
693220,1.9952880321504591
693221,0.0
693222,0.0
693223,0.0
693224,0.0
693225,0.0
693226,0.6881108568814367
693227,0.0
693228,0.0
693229,0.0
693230,0.7114694796503617
693231,0.0
693232,1.913098539995629
693233,0.0
693234,0.0
693235,0.0
6934,1.7685131155356997
6935,1.712822233125817
6936,1.6235417446031173
6938,2.218620422784546
6939,0.1091730934233686
694,2.3727804276977777
6940,1.772057568995449
6941,2.19459839357932
6942,1.8532118395923032
6943,0.0
6944,2.6082749702039467
6945,2.1659158208747016
6947,0.3004813987113197
6948,1.5128418973536757
6949,1.8338675400679847
695,0.8610778984225862
6950,2.465905122937162
6952,0.0
6954,0.011781879253164
6956,0.0
6958,0.0
6959,0.0
696,0.0366616595234452
6960,0.0
6961,0.0
6962,0.7019240446928626
6967,0.3907095352383978
6968,0.0
6969,0.0
6970,0.0
6971,0.0
6972,0.0
6973,0.0744674501196066
6974,0.0641143646112851
6975,0.0
6976,0.0648856742777243
6977,0.0
6978,0.0
6979,0.1832051328693448
6981,0.1835388500322361
6982,0.0
6983,0.0205630661837875
6984,0.0
6985,0.0
6987,0.0
6988,2.411071720377613
699,2.0211706418918745
6990,2.4576499173172923
6991,0.7535149501307794
6992,2.523710088685055
6993,2.447302029700166
6996,2.0182804340350606
6997,0.0286506937617837
6998,0.0
6999,0.5743719136672801
70,0.2088284047437949
7001,2.903559222286733
7003,2.0340464268824854
7004,1.906620601134956
7005,2.33756873239657
7006,0.5577461000026143
7007,0.1178980435863406
7008,1.4549140408473635
7009,3.1318029275769503
701,2.0717518627150757
7010,1.3779480072055548
7011,1.70164593232872
7012,0.0
7013,1.6895049422215496
7014,1.908802531313097
7015,0.0534361704016004
7016,2.427121402235218
7018,0.2168708182832729
7019,2.2003241364435584
7020,2.4026023873507305
7021,0.2562126892250005
7022,2.5862247292705605
7023,1.4958598599408284
7024,2.451924301473669
7025,1.382579914460912
7026,1.4805996144048543
7027,2.672981257600642
7029,1.57127056703108
7030,2.339946433029142
7031,3.3753403895202503
7032,0.1426539097765001
7033,3.1495533834935157
7035,0.7742164499786092
7036,0.1010933910344035
7037,1.8998095975917553
7038,0.0475538868142473
7039,0.9121295676165424
7040,2.383073967981738
7041,1.863881880149893
7042,0.9260193875686388
7043,2.1690650784468946
7044,0.2453242265811973
7045,2.3496232154264116
7046,1.7579370343832732
7047,0.0
7048,1.997454884606322
7049,1.270632483689544
705,2.375028021064996
7050,2.3764430005051653
7051,0.0918151287903754
7052,1.677704636483897
7053,0.0
7054,0.0
7056,2.0081914601002517
7057,2.906937907590686
7058,2.5029004084875153
7059,1.6950176286545204
706,2.6369426374111904
7060,1.799400800605572
7062,0.0551928477150357
7064,1.8828916951379824
7066,0.7356260234218235
7067,1.580483575138182
7068,1.073733447418016
7069,0.641754855547664
7070,2.371498060456417
7071,2.5131037894470207
7072,2.147434462355134
7073,2.2136555240993308
7074,1.7753462793372623
7075,1.7219562885306428
7076,3.127835130842582
7077,2.713874548626991
7078,3.14828917083321
7079,0.7994626054365311
708,2.557123389116916
7080,0.0
7082,2.1336213105593114
7083,2.77550838629638
7084,1.2148210855041723
7086,2.3439335764242277
7087,0.0621829736100838
7088,0.8636753989581014
7089,2.0650889257687366
7090,2.3654769185888673
7091,0.798818072818059
7092,0.3155914713283462
7093,0.2609201285730693
7094,2.576913813753721
7095,2.5194926987902875
7096,0.6324647414504392
7097,1.5175410588071012
7098,0.7512856494070617
7099,0.7701874748400676
71,3.510103504996911
710,2.3591210117071046
7100,1.4398613328890206
7101,0.0
7102,0.8933029551547613
7103,0.0579181636361618
7104,0.0234025367070836
7105,1.9268867812967816
7106,1.7349433184603915
7107,1.9897365705258852
7108,2.1758350442177776
7109,1.5347758301082908
711,0.0
7110,2.032366016702084
7111,0.328887547854481
7112,2.462423401164236
7113,0.8523645091353438
7114,3.2211573145319483
7118,0.6945919517681804
712,2.229891474750598
7122,1.235944287357864
7123,1.4060583279024763
7124,0.4993679056014837
7125,1.003683182244149
7126,2.3465947986513935
7127,2.2839655212873677
7128,1.5416104987322627
713,2.2412589185049407
7130,2.161576096253542
7132,2.630660249665971
7133,1.4306980323092402
7134,0.0903209239347336
7135,0.3605573035957628
7136,0.2794732524915229
7137,0.1317039313972478
7138,2.3503859584769393
7139,0.0386525717956126
714,2.353729885254556
7140,0.0886367224100169
7141,0.0
7142,0.0
7143,0.0386525717956126
7145,2.0580752467974515
7148,0.4488042980027877
715,2.368144189866561
7150,2.5533774006563963
7153,2.591598703000916
7155,2.698776369753165
7156,1.597928357083533
7157,2.086072542316006
7158,1.846624653926468
7159,2.2781541191323713
716,2.43131135988566
7161,0.9588863405181984
7162,2.595254217557493
7163,2.7229095248889608
7164,0.3669218838017817
7165,2.5980929251258096
7166,0.055972413796195
7167,3.03465554266628
7168,2.4058266324400677
7169,2.5706106952901866
717,0.724017189683126
7170,2.702529776144937
7171,2.81486499386195
7172,2.1055507081624945
7173,0.2988964149213926
7174,2.0015902362208493
7175,2.337947679689518
7177,2.264868912781978
7178,2.9205888447049886
7179,0.0
718,1.8647342328473084
7180,0.0
7181,1.5381766419373069
7182,1.666036338715394
7184,3.220325188524785
7185,1.138204514913221
7186,1.796023609208386
7187,1.5959165035586813
7188,2.222932559193063
7189,1.6474711015740264
719,1.085611702344591
7190,0.3022067985551166
72,1.589124033418405
720,0.7379081523947976
7200,0.5070648876752196
7201,0.0
7203,2.9999048544016462
7204,1.998514142444244
7205,2.1236762859375307
721,0.7035794382971362
7216,1.1073654209479358
722,0.096838290181438
7220,0.6735801075712683
7222,0.0788383885327216
7223,0.1313482575810238
7224,0.0
7225,0.5738737685963298
7226,1.0852962568958682
7227,2.6047669862981557
723778,0.0
723779,0.0
723809,1.421146120271218
723961,0.0
723972,0.1813672189915267
724,0.0
724022,0.0
724023,0.0
724024,0.0
724025,0.0
724026,0.0
724027,0.0
724028,0.0
724029,0.5285106030088962
724030,0.0
724031,0.5620150805686257
724032,0.0
724033,0.0
724067,0.0
724068,0.0
724102,1.0145996587618402
7247,2.5966444529120434
7248,1.049375264368735
7249,1.8923854808481044
725,0.0223895328412295
7251,2.612380965740487
7252,0.0
7253,0.0037382490083226
7257,2.276648556930752
7258,0.0
7259,2.1816549556904374
726,1.037860718331641
7260,1.9180876226596235
7262,1.8415320481053687
7263,1.9654806352235543
7264,2.59620020881363
7265,2.466173413674173
7266,1.8868304567973608
7267,2.439368340137226
7268,0.3633483457838931
727,1.1475058872122486
7270,1.639802487308978
7272,1.4639594475162885
7273,0.1042244635039507
7274,0.0396462670429822
7275,1.5767035026234495
7276,0.0794068242501354
727676,0.0
727677,0.1018311809447803
727684,0.0
727699,0.0
7277,0.6492236552078295
727701,0.0
727704,0.0
727708,0.0
727792,0.0
7278,0.1320594510057083
727800,2.1141993502415537
727810,0.0731326033913595
727821,0.0725598717535938
727826,1.4284526789574743
727828,0.0
727830,0.0
727832,0.0
727835,0.0
727837,0.0
727838,0.0
727842,0.0544125563488178
727851,0.1393138122542398
727857,0.0
727859,0.0374585887741673
727865,0.0565566131007352
727866,0.0473570995805846
727897,0.0565566131007352
727905,0.0
727909,0.0
727910,0.6022017207597622
727914,0.0610219959658159
727915,0.0
727919,0.3434574844047044
727924,0.0
727930,0.0103437444480222
727936,1.602126828785956
727940,0.0
727944,0.0
727951,0.045189394581304
727956,0.702006910440612
727957,1.866050512794524
727964,0.0
727969,0.0
727970,0.1288542131717881
727982,0.0
727984,0.1765016753129527
727993,0.0
727997,0.1632680785905308
728,1.479606951363521
7280,1.942209932413281
728002,0.0569458532680942
728010,0.0
728012,0.0
728022,0.0
728036,0.0
728040,0.0
728042,0.0
728047,0.0
728049,0.0
728056,0.0
728062,0.0
728064,0.0
728072,0.0
728075,0.0
728081,0.0
728082,0.0
728084,0.0082850342053478
728088,0.1108160684965277
728090,0.0
728096,0.0
728106,0.0
728111,0.0
728113,0.4021396978440272
728116,0.0140368959186701
728118,0.2345970813119669
728121,0.0278454019696254
728128,0.0434116529118274
728130,0.2993290033426907
728132,0.0
728134,0.2631878694942116
728137,0.0
728138,0.2168708182832729
728139,0.719187681319322
728158,0.0240097576149657
728167,0.0254249141756302
728169,0.0
728175,0.1238432763780587
728178,0.1748170911334096
728179,0.0
728190,0.853221443975024
728192,0.1341893368520052
728194,0.0072538062085478
728196,0.0
728207,0.0
728215,0.1726218772089289
728224,0.0
728226,0.0
728228,0.172283623174845
728229,0.4859810552306006
728231,0.0
728239,0.0
728244,0.4667031228830288
728248,0.0
728255,0.0
728269,0.0
728276,0.051479983874231
728279,0.0
728294,1.4597272782079878
728299,0.0
7283,2.52456259991706
728300,0.1765016753129527
728307,0.0
728310,0.0
728311,0.0
728315,0.0
728317,0.0
728318,0.0
728327,0.0
728339,0.0132175827499873
728340,1.1776450338580156
728343,0.0
728358,0.0
728361,0.0471602662673416
728365,0.0
728369,0.0
728373,0.0
728378,0.0152643844692303
728379,0.0
728386,0.0
728392,0.7404956250560865
728393,0.0
728395,0.0
7284,2.8608685026173677
728400,0.0
728403,0.0
728405,0.0
728410,0.0
728419,0.0
728428,0.0
728430,0.0
728431,0.9551454419207432
728432,0.0
728447,0.0
728450,0.0
728458,0.0
728464,0.3967002205234858
728481,0.0175101773978301
728484,0.0
728485,0.0497155105434259
728486,0.1027524940253784
728488,0.0999854713451175
728489,0.0115765804481612
728492,0.4724595249391337
728498,0.0553878071845259
728501,0.6363963278973769
728506,0.0
728509,0.0869490986322006
728517,0.0
728523,0.1171744819931155
728524,0.0
728532,0.4097893558563288
728535,0.1220462241655084
728537,0.6460839831217271
728538,0.074848442848116
728553,0.9374198569620784
728558,0.0801641354811421
728562,0.0
728564,0.4639239893741421
728567,0.2539247744882158
728568,1.5942191290990602
728577,0.0402419221072167
728586,0.1238432763780587
728587,0.0
728588,0.181199928331334
728590,0.0773206608342586
728591,0.0400434172142254
728597,0.0
7286,2.295108717056765
728606,0.0408371562480633
728611,0.1261735853154376
728614,0.0
728620,0.0
728621,0.2554507873990374
728633,0.0
728635,0.121866302736131
728637,0.0213753154909553
728638,2.1092930263954326
728642,0.2962958267391992
728643,0.0
728655,0.1047757771404354
728656,0.0
728658,2.3253751075124516
728660,0.0
728661,1.5360467529011317
728673,0.6324647414504392
728689,0.516626831923846
728693,0.2003777465210845
728695,0.0744674501196066
728698,0.162412362843722
7287,0.0123974780415539
728700,0.045189394581304
728706,0.2229293777728488
728712,0.0
728723,0.0530452976713926
728730,0.5573381956613488
728734,0.0152643844692303
728737,0.0777003520403405
728741,0.0809207585101274
728743,0.7235357953156193
728746,0.0
728752,0.4633436824747013
728753,0.0
728763,0.0119871284396815
728769,0.8771411994582996
728774,0.0
728780,0.1515524834278699
728782,0.6991005691758824
728791,0.1348980704403251
7288,0.0621829736100838
728819,0.5925612926204844
728833,0.465199059523442
728841,0.3855734063166763
728843,0.0
728858,0.1066108377458085
728877,0.0890112847364733
728888,0.2290998812908406
7289,2.1917571477211206
728911,0.0
728927,1.2656518408970931
728929,0.0
728933,0.0
728945,0.0449920531388688
728957,0.0
728962,0.0
728975,1.135607439182214
728978,0.2980305164951732
728979,0.2806553026210401
728990,0.0625696085978943
728992,0.4688958611274185
729,0.0850699324727219
7290,1.2117982118270274
729004,0.2278380276741225
729013,1.1379165331252836
729020,0.0
729025,0.0364623094604789
729032,0.0
729046,1.1148675060080508
729050,0.0
729056,0.0
729059,0.0532407567944813
729075,0.0
729079,0.0
729082,2.246388648529093
729083,0.0771307503330335
729085,1.2691723481963968
729092,0.0126025784990239
729096,0.3371685424643607
729097,0.3065036238862894
7291,1.3620827310419763
729121,0.0
729131,0.2013573773952446
729141,0.0
729146,0.116631393300044
729150,0.045189394581304
729171,0.0089031710875008
729178,0.0567512557756906
7292,1.5955605671384223
729201,0.0
729203,0.0
729208,0.0729417365234151
729211,0.0803533557144177
729212,1.293750872254796
729215,0.0
729224,1.5672534415958477
729230,0.2078578621979574
729233,0.0
729236,0.9341259393163298
729238,0.0771307503330335
729240,0.0
729241,0.0
729246,0.0
729249,0.2903396799106517
729250,0.0
729254,0.0
729257,0.0852580403731478
729259,0.1153627921809967
729262,0.0348658102965977
729264,0.0244143296379668
729274,0.3153090826049388
729277,0.0
729279,1.2928810840815084
729293,0.0
7293,0.9624939396787988
729301,0.1818688831908015
729305,0.0
729313,0.301919497498654
729330,0.0
729332,0.0
729340,0.6708967899962477
729348,0.0
729349,0.0637284429094406
729355,0.0
729359,1.1638191276919003
729362,2.497054200707898
729374,0.4411869376850796
729384,0.0
729389,0.7857193318219933
729391,0.0794068242501354
729396,0.0
729399,0.0875120208953502
7294,0.0702650067990862
729402,1.1804386273099028
729420,0.0
729422,0.0
729428,0.0
729431,0.0
729438,1.1092717201634332
729440,1.6690360756109366
729442,0.0
729447,0.0
729449,0.1375503727556631
729450,0.0
729458,0.0
729461,0.0
729467,0.0189362275154237
729475,0.0191397532419228
729480,0.2330303265697469
729484,0.3107768124017167
729490,0.0
7295,2.920936276139654
729501,0.0
729506,0.0
729515,1.4519304831364754
729528,0.0
729532,0.0248187083181388
729533,0.5137064337140409
729536,0.0923747627007558
729540,0.0053944386314874
729558,0.0782695646180464
729561,0.3090703588283134
729565,0.2333439246723052
729568,0.0
729582,0.0633423431029015
729595,0.0835635353418218
729597,0.2383447341173207
7296,1.827353958286928
729608,0.0
729614,0.750977572911442
729617,0.073704942137793
729621,0.201520533066984
729627,0.0
729646,0.7482758082109136
729650,0.0
729652,0.0538268611423806
729654,0.577055872230508
729658,0.0109603861112779
729662,0.1714373696317186
729665,0.0544125563488178
729674,0.4384302561316384
729677,0.0
729678,1.0294479258277949
729679,0.0396462670429822
729682,0.2465586152299185
7297,2.1072853671757783
729707,0.0
729723,0.6612897892453705
729732,0.0658488120877697
729739,0.0097266548872287
729747,0.1677033206330719
729759,0.0
729764,0.0
729767,0.0
729779,0.0
729780,0.0696903035798559
729786,0.0
729789,0.3389510753047519
729799,0.1089903385970567
7298,1.8815057969605773
729817,0.0
729828,0.0
729830,1.454141399218453
729838,0.0520673186640733
729842,0.6316390297442649
729852,1.665585378939037
729857,0.0
729867,0.3646738325719965
729873,0.0
729877,0.0
729894,0.0
7299,0.0
729909,0.1067941198550825
729911,0.0
729920,0.4168676643531577
729950,0.0035309985040075
729952,0.0
729955,0.1274256342200705
729956,0.011781879253164
729960,0.0276439590910099
729962,0.0
729966,0.0
729967,2.2017706854971513
729970,0.6123726298560427
729974,0.0
729978,0.435301657509237
729987,0.0
729991,1.245971333435116
729993,0.3033549427328108
729998,1.851598518097806
730,0.8332167602734721
730005,0.1005396165825761
730016,0.0
730029,0.3338668220092238
730051,1.6460449346657586
730058,0.0
730066,0.0
730070,0.0
730087,0.161898500427602
730091,0.435301657509237
730094,1.5371800349912157
730098,0.1617271407141531
7301,1.214174715749344
730100,0.0
730109,0.0
730112,0.3913491054749176
730130,0.0
730159,0.0
730174,0.0897599029245919
730180,0.0278454019696254
730183,0.2205433315744429
730187,0.2680039963654779
730190,0.0290530521054448
730196,0.0
730213,0.0396462670429822
730227,0.3429126591743592
730249,0.0
730255,0.0
730262,0.0
730268,0.0
730291,0.0
730338,0.0
7305,2.3557845488781783
7306,0.392881868914514
730668,0.0256268862991105
7307,0.1600115535070715
730747,0.2915054308263365
730755,0.0
730811,0.0
730861,0.04578114125236
730993,0.0455839386189831
731,0.0
7310,0.0
7311,2.9350900130606457
731157,0.0524586470199822
731220,0.4297340493389502
7314,2.943370854488066
731424,0.0
7316,3.1163646806083154
731605,0.0794068242501354
731642,0.0
731656,0.2143060330373782
731688,0.1924974114159267
7317,2.7625881834676687
731755,0.0
731779,0.0
7318,1.5360082895534597
7319,2.383344283508337
732,0.0
7320,2.532523377209431
7321,2.0591385753806293
732199,0.0
7322,2.6635978301750267
732229,0.0
732253,0.2234057317392093
732275,0.0
7323,2.58231250597477
7324,2.0911068376936885
7325,1.5185592034513866
7326,2.196179049778373
7327,2.304905391666452
7328,2.741317227849839
7329,2.081868151481788
733,0.3320724601662341
7332,2.563918189686497
7334,2.444248133480105
7335,0.7209625261000561
7336,2.1631925897864006
7337,1.967806766836198
734,2.516391653935863
7341,2.798545706563584
7342,2.5474663668790822
7343,2.5850318710823936
7345,1.3517302549464467
7347,0.6902218796902447
7348,0.0
7349,0.5868109924907947
735,0.0119871284396815
7350,0.0850699324727219
7351,2.715001865111766
7352,0.201520533066984
7353,1.7910707017583556
7355,2.362883049815077
7356,0.0
7357,2.713571264460699
7358,2.263276859316189
7360,2.210135271511011
7363,0.055972413796195
7364,0.0314631865193807
7365,0.0
7366,0.2091516577938769
7367,0.0342663432615378
7368,0.2420747747849154
7369,0.0
7371,1.762563240070182
7372,1.874182565280346
7373,1.524682466531026
7374,2.458575494748798
7375,2.1677429537969313
7376,2.221787509616639
7378,1.2103529258610128
7379,0.1200649205425508
738,2.1496456093367264
7380,0.032865928486596
7381,2.236575838384013
7384,2.8182722571014813
7385,2.589424393935334
7386,2.3517637859059297
7388,2.6911911005612774
7389,2.099420656052785
7390,1.8167673973244156
7391,2.4256981491070575
7392,2.582079310253182
7398,2.2405372815364517
7399,0.0156731530012164
740,2.484587851946201
7401,0.129924017888448
7402,1.5265691134954815
7403,1.3331326366164489
7404,0.0
7405,2.0572827305020307
7407,2.383312115345962
7408,2.4919614462427533
7409,0.6927464991904814
741,2.018447777774584
7410,2.070724230983978
7411,2.5707749367468726
7412,1.549509430127893
7414,2.3702484555660694
7415,2.7842958758482865
7416,2.938003122381607
7417,2.537290517537422
7419,2.6613004731179175
7421,1.9954855258569597
7422,2.285633050265605
7423,2.7834010540755245
7424,1.6057074276850798
7425,0.4067889332513551
7428,2.2462642989009
7429,0.0156731530012164
7430,3.016396407820761
7431,2.804112696844832
7432,0.0
7433,1.4789368510286658
7434,0.0807316672117631
7436,0.8532873145859047
7439,0.7522859146116821
744,0.3216380437299648
7441,0.0
7442,0.5682705510066657
7443,2.1845641254459043
7444,1.7662727399857987
7447,0.5612039083180106
7448,0.7905260296688984
745,0.095353116336939
7450,2.166019185933905
7451,0.3893005729866418
7453,2.325153661195185
7454,1.0802258304188386
7455,0.0041525986866217
7456,1.6730621446581917
7458,2.6052481152400033
746,2.3281074549236793
7461,1.2712478017361355
7462,0.8207983076918695
7464,2.091458333420443
7465,2.2215376165518452
7466,2.6579985780686917
7468,2.115221304235862
7469,2.2521849920140133
747,1.019808285461188
7471,0.0294552189612712
7472,0.8023907942554359
7473,2.156256815125013
7474,1.4448908769791176
7475,0.2046142054746045
7476,0.0
7477,1.5652862500913425
7478,0.0
7479,0.033066130062972
7480,0.0274424681999785
7481,0.2601627623289084
7482,0.2422298130789489
7483,1.9939027204540969
7484,0.1128197163068454
7485,1.617128583211183
7486,1.5146747747795897
7490,0.0089031710875008
7494,3.4833425274174914
7498,0.219427397119987
7499,0.6715902651343795
750,0.1943101536388631
7503,1.9211883228788016
7504,0.557644145757668
7507,1.8262902114484416
7508,1.7866779437144724
751071,0.7174891390004348
7511,1.9691056021029067
7512,0.1598397954841866
7514,2.126376994243929
7515,2.300410897931019
751580,0.2912459842541598
7516,1.4336210400852902
7517,1.276016926964188
7518,1.481869885729468
752,0.9681675103364056
7520,2.8833966107970865
752014,0.0
7525,2.388225264301291
7528,2.4255635015365757
7529,2.775782287463204
753,1.838752448298999
7531,2.8986823671067716
7532,2.872290753849198
7533,2.904496647517702
7534,3.1190072356511975
7535,0.1612128446624533
7536,2.664750896352412
7538,2.7076237090285415
7539,0.4484489757337707
754,2.869751899596964
7541,1.8110855971259003
7542,1.0022851803300266
7543,2.271596188440233
7544,0.0
7545,0.0
7546,0.4891266628432187
7547,0.0
7549,1.4018116924526138
755,0.8003209951366502
7551,2.0123323121750416
7552,0.8621181673424426
7553,1.7561982196674937
7554,1.1001603765192285
7555,2.9592881818594012
7556,0.3884025917728946
7559,1.9616492224182616
7561,1.095306816266809
7562,1.4708896926449435
7564,1.9654664087444895
7565,1.1391497197498888
7566,1.7109987581057575
7567,0.4805569452276723
7568,0.2631878694942116
7569,1.5695889711164597
757,2.306941671781153
7570,1.334283987000724
7571,0.1117274208851172
7572,2.6898125368259205
7574,1.0245226336074669
7576,1.7640788133488738
7577,0.1918372189643938
7579,0.4802166019010028
758,0.018529029376588
7580,2.421941374859665
7581,2.1112703130237556
7582,1.635250730397233
7584,1.656366339210143
7586,2.3024753360740315
7587,1.595153449604452
7589,1.621381855890519
759,0.0089031710875008
7592,1.5802558745615032
7593,1.4805133753834985
7594,1.8086717327135609
7596,1.7057621489137504
7597,1.1322924767134337
760,1.628242292752106
761,0.4242469753612539
7617,0.3727097367598329
762,0.0717956175864252
7620,1.19319485484384
7621,0.93586176048835
7625,1.7166544046845549
7626,1.4810736588075764
7627,1.2292726872049693
7629,1.7452391860672851
763,0.0
7633,1.750639340082375
7634,0.01219232802879
7637,1.930487906635982
7638,0.605735460426365
7639,1.2817291229949008
764,0.0
7643,0.8845842727911055
7644,1.32162567409008
765,0.0
7652,0.0181216355189445
766,0.0
767,0.9764452532699144
7673,1.471658634650966
7675,1.9241939526791052
767557,0.184705774775147
767561,0.0
767562,0.0
767563,0.0
767564,0.0
767565,0.0
767566,0.0
767567,0.0
767568,0.0
767569,0.0
767577,0.0
767578,0.0
767579,0.0
767581,0.0
767582,0.0
767583,0.0
767585,0.0
767588,0.0
767589,0.0
767590,0.0
767591,0.0
767592,0.0
767593,0.0
767594,0.0
767595,0.0
767596,0.0
767597,0.0
767598,0.0
767599,0.0
767600,0.0
767603,0.0
767604,0.0
767605,0.0
767606,0.0
767608,0.0
767609,0.0
767610,0.0
767611,0.0
767612,0.0
7678,0.8076428062805044
768,0.105693816820032
768097,0.0
7681,0.6695946312905385
768206,0.1384325675089229
768211,2.181789336335674
768212,0.0
768213,0.0
768214,0.0
768215,0.0
768216,0.0
768217,0.0
768218,0.0
768219,0.0
768220,0.6267565335186575
768222,0.0
768239,0.0
7686,0.0
7690,1.7140641690592755
7691,0.8234253274089142
7692,1.5357197160187903
7693,1.7355030955807014
7694,0.6295244146814227
7695,1.5180803437414694
7697,2.042802422528752
7699,1.706625960927845
770,0.9869028781277496
7700,0.3960651686360649
7701,1.69211894803938
7702,2.080013127340146
7703,2.1774552301370127
7704,0.3411393026160296
7705,2.5058603930968664
7706,1.6342850237324245
7707,1.946974433553459
7709,1.6587515847159933
771,3.0596049262191287
7710,0.737515236562364
7711,1.0539572527740928
7712,0.0
7716,2.5847868300508092
7718,1.5313118875786045
7726,2.3275352230313113
7727,2.0450031181944035
7728,0.9990105405991622
773,0.0248187083181388
7730,0.0130126308322217
7732,0.330550882940382
7733,1.575890780344501
7737,2.209989627602626
7738,1.9059347539752476
7739,2.0635594678645086
774,0.0037382490083226
7741,1.8400084927678095
7743,1.8735916907672976
7745,2.0592219539579832
7746,1.819309013331246
7748,1.388415315631388
775,0.4882292970710771
7750,1.903712170783909
7752,1.4407965519208847
7753,1.258010954933756
7755,1.9995704765380864
7756,2.150394005428089
7757,0.1242022158771549
776,1.1937915446251888
7760,1.9978344619864816
7761,0.257582261749483
7762,0.0754196057556881
7763,2.4306994945408955
7764,2.5136638657942783
7766,0.5102299219176948
7767,1.2027761088578417
7768,0.9728647310495002
7769,1.412102929840514
777,0.0039454490619983
7770,1.293502505730541
7771,1.4018369249241482
7772,0.2388119493839321
7773,1.076805720453632
7775,1.4180274603564769
7776,1.56802724227561
7779,2.37528116432209
778,0.0154687933557568
7780,0.0602471155158791
7781,0.0308612972995617
7782,1.4472254043653512
7783,0.0
7784,1.461029884325573
7786,1.3028296093347982
7789,1.5001664266813617
779,0.0119871284396815
7791,2.677896601049748
7798,1.3679378189235467
7799,1.510799452391178
780,2.731478932535258
7802,2.2412655623625417
7803,0.0447946653885956
7804,0.4121562195115498
7805,2.261808423956918
780529,0.0
780776,0.1386088924011609
780815,0.0
780816,0.0
780854,0.0
7809,0.0
781,1.4670269287018924
7812,2.773036674143114
7813,1.293812945856578
7818,2.5631214870099055
782,1.0758445003116703
7827,0.0
783,0.3034983416408634
7832,2.9658417834321535
7837,2.459922630337119
784,1.932705669414623
7840,1.886153486804533
7841,2.4893597116915984
7844,2.2879309750368466
7846,2.822224705793228
7849,0.7754055149555282
785,0.0394476217259577
7850,0.0927476423604853
7851,0.5952739391477675
7852,2.3214203624568603
7855,1.3528136773227009
7857,0.6584696375048643
786,2.046955492871858
7862,1.9224917011050815
7866,2.230118140529565
7867,2.3084287023528507
7869,2.4850194157187
7871,2.004532511201423
7873,2.7071751759640317
7874,2.6144629030055664
7879,2.6982082306809754
788,2.1536331534520152
7881,0.673493712710048
7884,2.732898403635106
78986,0.0534361704016004
78987,1.1264027422592666
78988,2.242426226296409
78989,0.0983208065549586
78990,0.7953698007017421
78991,1.7995828749697362
78992,2.3656493902438913
78994,2.2554077312617085
78995,1.700072227981646
78996,1.5068316189206872
78997,0.0209692882026594
78998,1.6981141325077391
78999,2.09559469066517
790,1.957823316540943
79000,1.2613506235858858
79001,1.887774586706792
79002,2.78133929132088
79003,1.8351089219322891
79004,2.64753599928839
79005,2.049240415347849
79006,2.162808979916129
79007,2.128602950690612
79008,0.0288518968796068
79009,2.3848844731722347
79012,0.0099324012091867
79015,0.8487926199198018
79016,2.099520273461715
79017,2.4708540229008555
79018,1.7571099010625015
79019,1.8647891624535928
79020,0.265147976990959
79022,2.6519957292202654
79023,1.7813684109220826
79024,0.0123974780415539
79025,0.0673875284399155
79026,2.9680772796477117
79027,1.9519764867463183
79029,1.8134027875155456
7903,1.3668585265200464
79031,2.4700303147226426
79033,2.2685727358803813
79034,2.180018471233117
79035,2.5026504587175316
79036,1.8931204139134428
79037,0.2504037178358816
79038,1.866943898659365
79039,2.2929374138192564
79041,0.9100854607245216
79042,2.5008540930361303
79047,1.9538056934195984
79048,1.7865675410486983
7905,3.017322074276555
79050,2.3513700516040106
79053,2.517367643364666
79054,0.0091091168566818
79055,0.1010933910344035
79056,2.222167277628473
79057,0.0693069482704467
79058,1.7884954618546525
79064,2.0408457017472363
79065,2.01515554790007
79066,1.5622745337500517
79068,1.3413665042396057
79070,1.5970164917521232
79071,1.553864449041903
79072,1.5528815423433362
79073,2.843774375352237
79074,1.6934475747394893
79075,2.0009095163306325
79077,2.404024158507016
79078,0.3198149887249777
79080,1.890017783942791
79081,0.6000921248908186
79083,2.9035144295850817
79084,1.866223872820465
79085,2.103975000982431
79086,1.9950245488345355
79087,1.145235364499214
79088,1.4565689040037075
79089,2.1379351027030613
79090,2.5694961197062853
79091,1.2159325097813058
79092,0.8744070322663535
79094,0.728891896807043
79095,2.508131809521488
790952,0.0338664618273812
790955,1.697233554249287
79096,1.904119459286007
79097,0.0
79098,1.5018000166885757
79100,0.0
79101,1.6281948925175145
79102,2.03568975976097
79109,2.317922767355977
791091,0.0
791114,0.0029089440711514
791115,0.0
7913,2.404172594508288
79132,1.6379036936051652
79133,1.2842625627934698
79134,2.24479151983377
79135,1.9918751259680132
79137,2.7468601253920713
79139,2.4750879382825985
79140,1.0964134636990532
79142,2.2808558268986587
79143,2.582366124479114
79144,3.3413684646344435
79145,1.3794526839222605
79147,1.2838200728949187
79148,1.1403392738263036
79149,0.390453555527392
7915,1.5418005476129384
79150,0.0
79152,0.9735716472273216
79153,1.5036544141960193
79154,1.31043418321008
79155,2.183570894972198
79156,0.9758499555852104
79157,1.8070758015758792
79158,2.2159287236781813
79159,0.4918121704345737
7916,2.592152846339533
79160,0.8460006705485836
79161,1.1659382528519462
79165,1.9725643707369096
79166,0.0168982779780871
79168,0.6527944755980111
79169,1.893589728621695
7917,2.6783078442414445
79170,2.8012229656112697
79171,2.604117093064197
79172,1.491599294638771
79173,0.9494063401131216
79174,1.8966058743064564
79175,1.6347992825512958
79176,1.7115374018621017
79177,1.5452840212885748
79178,1.437398043885688
7918,1.913966821060651
79180,2.3477851408808648
79183,1.62199085006876
79184,2.0610460255659886
79187,0.022997480615535
79188,2.4451438736897373
7919,2.201255558239898
79190,0.036063467897197
79191,2.781366116378279
79192,0.9665204275278104
7920,0.3901974891013792
7922,2.871627678534648
79228,2.319082340618705
7923,2.4332855429628273
79230,1.2608559316480648
79231,0.0
79232,0.3594913588692676
79258,0.1916720862344515
79269,2.3395329014388997
79273,0.0831865093464727
79274,0.0
79283,0.0
79290,0.0264342928541542
79291,0.0
79294,0.0
79295,0.0
79296,0.0
79297,0.0
79299,0.0
793,0.0681558255976688
79300,0.0
79301,0.0
79302,0.0
79306,0.0
79308,0.0
79309,0.0
79310,0.0
79312,0.0
79313,0.0
79314,0.0
79317,0.0
7932,0.0
79321,0.0
79322,0.0
79323,0.0
79324,0.0
79331,0.0
79334,0.0
79339,0.0380557917082188
79342,0.0
79345,0.0
79346,0.0
7936,2.624777450939273
79363,1.047503660312865
79364,1.8840895710164831
79365,1.7982637413502938
79366,1.5978271268353066
79368,0.0070474104382352
79369,0.0614091674392234
79370,0.1126377675040334
794,1.9593437301090648
7940,0.8625078316031335
79400,0.1135471102998034
7941,1.1146104294554409
79411,1.314240807403304
79412,0.5648469365376576
79413,0.063149226365247
79414,1.7302000493298022
79415,2.347737132345594
7942,1.2114372437598842
79441,1.5029340989714437
79442,0.0738956344925407
79443,1.985518020501535
79444,0.1095384817418901
79446,1.575660843266374
79447,2.220585642530923
79465,0.1586364724369398
79470,0.0
79473,0.0
79476,0.0
79482,0.0
79488,0.0
79490,0.0
79492,0.0
79494,0.0
79498,0.0
795,0.0761805481519545
79501,0.0
79504,0.0
79508,0.0
79512,0.0
79513,0.0
79514,0.0
79518,0.0
79521,0.0
79523,0.0
79525,0.0
79526,0.0
79529,0.0
79530,0.0
79532,0.0
79533,0.0
79534,0.0
79537,0.0
79538,0.0
79541,0.0
79544,0.0
79546,0.0
79549,0.0256268862991105
7955,0.0089031710875008
79550,0.0
79567,1.870335516309636
79568,2.004159530818095
7957,0.2993290033426907
79570,2.736138627693107
79571,2.0213244141011586
79572,2.037213931309398
79573,1.9933207179346657
79574,0.0795962166369358
79575,1.9312104311860256
79576,1.636897070013494
79577,1.9702455580997933
79581,2.6184648311299292
79582,1.2851779899875266
79583,0.4377094382697407
79585,1.0445643852639486
79586,2.7149382861398506
79587,1.7259514630698458
79589,1.7749266412138007
79590,2.805345297215544
79591,2.1054233355261815
79594,2.2713746323542745
79595,2.214504803212213
79596,1.879903496492776
79598,1.6166265626815877
796,0.1263525663569857
79600,1.8844648181457129
79602,2.939759285955058
79603,2.5401645940091058
79605,0.258038258146766
79607,1.4844861766272013
79608,0.1345437802827254
79609,1.644034659901444
79611,1.146696025494505
79612,1.3283273959344486
79613,1.0736874704750283
79616,0.3210775613859247
79618,1.3268130683763704
79621,0.915183266765786
79622,2.428656576721358
79623,0.4821431287945434
79624,2.642489961872451
79625,0.4985937133178708
79626,0.8450005968987248
79627,1.8002034802531888
79628,0.0534361704016004
79629,2.4355983155943175
79630,1.773278135558982
79631,2.1670099443721726
79632,0.5356952716314062
79633,0.4721154076465216
79634,1.8872551546603105
79635,1.3186722456181932
79637,2.401718282270879
79639,1.0499020858907795
79641,1.871768916792307
79642,0.7244982397573867
79643,2.126806671401041
79644,1.8539080471865117
79645,0.1479001074389033
79646,2.4335480450026643
79647,2.242184474504633
79648,1.486662913904012
79649,0.7015924804050055
7965,2.1334581841566234
79650,1.5211448087045591
79651,1.823335670033165
79652,2.1094481192489547
79654,1.9228248072970728
79656,0.7542052861865018
79657,2.0660177624324594
79658,0.5867131252127363
79659,0.5709776172174932
79660,2.6019124948941803
79661,1.4321022470463347
79663,0.7401825246824384
79664,1.5733197146306976
79665,2.3536827657056474
79666,2.5194981556775176
79668,0.6893782553635487
79669,2.172153787138348
79670,1.799057859516891
79671,1.430411948798894
79672,2.6367109287964916
79673,1.7805404877640054
79674,0.3649386536246808
79675,1.6924069253538747
79676,0.1240227657226751
79677,1.857017152947272
79679,1.060105975016184
79680,1.7495815288082517
79682,2.1826733729714656
79683,0.5897407254460062
79684,1.2333825392982394
79685,2.1793744519779863
79689,2.645769153189733
79690,1.4257401559745144
79691,1.6992630291071813
79692,1.3699554416522182
79693,2.035055822384886
79694,1.8128532220206617
79695,0.3110608567889462
79696,0.8649701948665615
79697,2.2737735095181244
79698,0.5280857370855939
79699,1.8631932043111856
797,0.0181216355189445
79701,2.1372272273977315
79703,1.7172769103428236
79705,0.9386290080062868
79706,1.9218008066620489
79707,1.380742670828652
79709,2.511795540341383
79710,1.9849975821492736
79711,0.1295675712697485
79712,0.560493375018025
79713,0.1637810756568249
79714,2.0258601228439193
79716,1.0888464263122075
79717,2.232639004379702
79718,2.2483492457323178
79719,2.3508593688026846
79720,1.552305691545064
79722,0.4365065213864079
79723,1.565647816529492
79724,2.529466086674341
79725,1.2940301467035882
79726,1.30166878310158
79727,0.0
79728,1.6523228472806597
79729,0.8457341364200033
79730,0.8258355641770352
79731,1.863569823911946
79733,1.3901737196108983
79734,1.3077501764648514
79735,2.120818962994581
79736,1.3209773351117624
79738,1.7951588537823595
79739,0.4120318336113919
79740,0.0078726930921942
79741,0.4632275662924953
79742,1.4297199078604024
79744,1.200239641615217
79745,1.085566649141913
79746,1.6868061157328842
79747,0.0
79748,0.0
7975,1.5987374077104854
79750,0.18153447501312
79751,2.0642893528641815
79752,2.065821262245424
79753,1.624737316396055
79754,2.5484833175726966
79755,0.9158399578252544
79758,0.8405145094518939
79759,1.0823136519797787
7976,1.5462450674678283
79760,0.2993290033426907
79762,1.9919016996735293
79763,2.098143135769554
79767,2.1683923213521035
79768,1.6969893928321331
79770,2.363587186461054
79772,0.6077332142681786
79774,2.3968080042335735
79776,0.7981729044008579
79777,1.846615086018008
79778,1.5059522802825245
7978,1.5109412858729725
79780,0.4219180576872851
79781,0.3999938971135932
79782,0.2226116503176634
79783,1.278289921124821
79784,2.0420058275906134
79785,0.1496413741592798
79786,1.335461506727073
79788,0.5460286655585387
79789,1.6052758900501751
7979,1.935702319798445
79791,1.4777023444879602
79792,2.4440915456296746
79794,1.5083004449500177
79796,0.8118703505291921
79797,1.818286022936176
79798,1.3459699075462084
79799,0.0
798,0.0
7980,2.299720771578232
79800,0.9744948437020452
79801,1.6474862495568858
79802,0.0109603861112779
79803,2.246025287677365
79804,0.0236049920866109
79805,0.3965732529053505
79807,1.9163751200206325
79809,1.7314063903388872
79810,0.9108678189314242
79811,2.4104278239651524
79812,1.8686522953411189
79813,1.2911684415879952
79814,0.6244415375807492
79815,1.3212131868518322
79816,1.3037747279916332
79817,0.793638830394014
79818,2.584867088368525
79819,0.3487493523901473
7982,1.7952129527511926
79820,0.3506401217746132
79822,0.3706101527949399
79823,1.1729063782459728
79825,0.8957720465995536
79827,1.7388960891616947
79828,1.528018374338872
79829,1.7280935557788757
79830,1.2099186037630607
79831,0.6658480262045691
79832,1.930098907103706
79833,1.834912124663339
79834,1.3178719820255391
79836,0.1012779001967963
79837,2.583555126199597
79838,0.9231363167166268
79839,0.7535916895248096
7984,1.6220549078890034
79840,0.4092901167367211
79841,0.4501056910371862
79842,1.0783586459923693
79843,0.4887902796950564
79844,0.6360315359711154
79845,1.7399556162953915
79846,0.6151979995868957
79847,1.0848002123557814
79848,1.0093967304692748
79849,0.009315012732202
79850,2.058860511384688
79852,0.1603549607351917
79853,0.0
79856,0.3062179067585128
79857,0.0465694896604753
79858,1.4586692047853576
79861,0.5391562760289466
79862,1.290044463273241
79863,1.3517302549464467
79864,0.3294423916660163
79865,0.009520858735307
79866,1.25718112096836
79867,1.8699289212359536
79868,1.704149624063984
79869,2.427686621186748
79870,0.2422298130789489
79871,1.0088329343195084
79872,2.1943812491093326
79873,1.951733419493151
79874,1.7442168447135626
79875,2.0247099597875833
79876,1.8319588408935337
79877,2.483527002835201
79879,0.7393991316989845
7988,1.9246440272898329
79882,1.6672705322283552
79883,1.1432819713065148
79884,1.3252651264093351
79885,2.3635141024211146
79886,1.9776436446966823
79887,1.551673310651017
79888,1.798489250787869
79890,1.022170096041214
79891,1.3743932891883048
79892,2.476128763084002
79893,2.1269590136958287
79894,2.299971389126708
79895,0.1765016753129527
79896,1.3210068223402232
79897,0.3450896434646048
79898,1.353312959264999
79899,1.2319928130318487
799,0.0336664500279098
79901,2.5979450029509743
79902,2.355090973296069
79903,2.287633410575474
79905,0.7900905084586541
79906,0.3991085526853754
79908,0.0
7991,2.064459269758421
79912,1.1883982448255634
79913,1.759233619302652
79915,1.1597945294034209
79917,1.0680510974725153
79918,1.1796746407003489
79919,0.0869490986322006
79921,2.9182857495635663
79922,1.8490572617257088
79923,0.0264342928541542
79924,1.240141731455101
79925,1.0762566448535968
79927,0.4089154695368504
79929,0.2033130600511164
7993,1.318257445319413
79930,0.7868878262652975
79931,0.0
79932,2.124871375456854
79933,0.280359957267272
79934,1.5305927497301164
79935,1.6099844201078433
79937,0.0623763134303502
79939,2.379521071653135
7994,1.785561558097839
79940,0.9004368227728371
79943,1.704843329971985
79944,1.4869396483691129
79946,0.0479473231186116
79947,1.6337857961477054
79948,2.183570894972198
79949,1.641800795128409
79953,1.366885536285046
79954,1.9008662785496824
79955,0.1594961705535451
79956,2.546307853339113
79957,0.583475882716164
79958,1.644751457218888
79959,1.3370941683595434
79960,1.7801371326600983
79961,1.8595655017834152
79962,0.4723448370640282
79966,1.16507586507345
79968,2.054028022014485
79969,1.721006401464524
79971,2.2727954833555777
79973,1.121426861917513
79974,0.956879134061424
79977,2.427560281518473
79979,1.7871523489238792
79980,2.305302713123104
79981,0.0362629122582597
79982,1.7496417010055645
79983,1.5188383192780002
79987,0.9492367315104666
79989,1.6714847697856006
79990,2.1509769164016217
79991,1.8627886416283657
79993,1.9298575354364589
79998,0.2028245859775974
800,2.5282046491780954
8000,0.0
80000,1.744813503030617
80003,0.5507798652373623
80004,2.1002516244267215
80005,1.2368760061408792
80006,1.7633100356262066
80007,1.924549317100439
80008,0.4129021022610296
8001,0.2997613515480545
80010,1.7815136910720395
80011,2.229726531760103
80012,1.7943031719983222
80013,1.8573155870975055
80014,1.7386986830049644
80017,1.6800361759671607
80018,1.6803883834559263
80019,2.1005795077037783
80020,1.8254251741063687
80021,1.9984880231940805
80022,1.380374433081741
80023,2.545609736140939
80024,1.731029766312032
80025,1.6331141007711951
80028,0.6173564174712305
80031,0.5973015941884212
80032,0.0738956344925407
80034,0.1785185566320452
80036,0.010754888621307
80039,0.0175101773978301
80045,0.8506471941685069
80052,0.0152643844692303
80054,0.5507798652373623
80055,1.072767174283305
80059,0.0
80060,0.0
80063,0.2687538599435117
80067,1.6916660356663804
80069,0.0673875284399155
80070,0.051479983874231
80071,0.9980194598231044
80072,0.1139105667826226
80078,0.0
80086,0.5199654256357353
80095,1.3091089544762518
80097,2.716600270658631
80099,0.0
801,2.6516116555844222
80108,0.4749781425206428
80110,1.5790278930682962
80111,0.1579480590982811
80114,1.3525916204845765
80115,0.3291650196604457
80117,0.0
80119,0.8090550384893841
80122,0.0
80124,1.805473799824388
80125,0.0352652184723042
80127,1.4299347810789242
80128,0.4931512320435224
80129,1.4697891230833129
8013,0.2958615502395921
80131,0.7239369812094448
80133,0.0
80135,2.3035921617786115
80139,2.9972118302689266
80142,2.1723243599041777
80143,1.6784690218210112
80144,0.4374690103882592
80145,2.5037627561638844
80146,1.925920409403941
80148,1.9692606074230825
80149,1.3225084915679792
80150,0.2328734811183248
80152,1.3269297098284178
80153,2.034587087622494
80155,2.0117840578021
80157,0.0
80162,1.704403219584066
80164,2.271723592071966
80167,1.3801375695422224
80168,0.0086971754034013
80169,1.701968054208023
80173,1.6318774826686144
80174,1.4744387777340993
80176,1.96807536046544
80177,1.5387889091284632
80178,1.855362513386256
80179,1.643225001468125
80183,0.269652753139376
80184,1.090591105768292
80185,1.6649882548567212
8019,1.7059217489209133
80194,1.8633402190160135
80195,2.253680203115661
80196,2.140739291056503
80198,1.8521181124085917
80199,1.8418806098551657
802,0.0797855659595778
80201,0.1047757771404354
80204,1.809258185275568
80205,1.486279485068349
80206,1.685220748710591
80207,1.3531743178525912
80208,2.023971768295923
80209,1.8378054681063871
8021,1.6513025621976418
80210,1.5019445012455706
80212,1.8195235241207597
80213,1.8573808406823629
80216,1.045240261262822
80217,0.3079306351066379
80218,2.491268090484179
80219,2.26253565553231
8022,0.0
80221,2.2392899051737585
80222,2.3034269471058035
80223,2.29327567570374
80224,1.2737987315818458
80227,1.6931055243146618
80228,1.472667426016832
80230,2.061537928997175
80231,0.4415457524202644
80232,2.342899404560236
80233,2.330667450979986
80235,1.2103167453530674
80237,0.2903396799106517
80243,0.6726291644915319
80254,1.5809386452355578
80255,2.0799500805253435
80256,1.431293517442453
80258,0.1848723406568188
80262,1.6996543261678736
80263,1.6146130038965336
80264,1.445215126934457
80267,2.286022478072945
8027,2.078291217568497
80270,2.1456170142635616
80271,2.228359234121775
80273,2.200432744899499
80274,0.0436093653522559
80279,0.8312430367889719
8028,1.634970573823785
8029,0.1588084847758757
80298,1.5538459224295162
8030,2.415230318193725
80301,1.9708704087069149
80303,3.1504944556617356
80304,1.5819173001412197
80305,1.7144425901314295
80306,1.948663731503442
80307,0.6451843107142609
80308,2.435237933250421
80309,0.0449920531388688
8031,3.0546466840529187
80310,1.869331848417878
80311,1.6803743004734186
80312,0.5185672442426722
80313,1.1204095266051988
80314,1.6007874365079025
80315,2.270712117583104
80316,0.0
80317,1.3692568903893445
80318,1.200202796059623
80319,0.8260417390575421
80320,0.9477648342028896
80321,2.0005589591728623
80323,0.6720233312132253
80324,1.669555735767242
80325,1.8009299276357733
80326,0.0714132279076869
80328,0.3998674830008766
80329,0.0959103684817372
80331,2.379722891194201
80332,0.9394337997627806
80333,0.0891985025665453
80335,2.6045266127863833
80336,1.4566141652910802
80339,0.0442022240997431
8034,1.4964446187721308
80341,0.2133421134199432
80342,0.3729717776433749
80343,0.009315012732202
80344,2.225235552500164
80345,1.91493026759352
80346,2.546271807053825
80347,2.4169300783024315
80349,2.1230375844706284
80351,2.43039033853177
80352,0.6550168969233235
8036,2.493495421698306
8038,2.140939064060023
80380,0.5499558301586809
80381,2.499778845387555
8045,2.140597161948046
8048,0.0
805,2.8195160917326545
8050,2.3604038388275947
8061,0.4994784373896387
8065,1.854180564421894
80700,2.350885516674107
80704,0.398222167107179
80705,0.6892094050487839
80709,0.7895093635080019
80712,0.0
80713,0.1095384817418901
80714,0.1557066847631222
80723,0.7353106356896871
80724,1.4082556369829375
80725,1.303530987031943
80726,1.1953919933355095
80727,1.9092867060929284
80728,2.2204019937516857
8073,2.749300570393734
80731,0.2241990231746858
80736,2.462665053676576
80737,0.9213054215234282
80739,0.4161257174798992
8074,0.0
80740,0.1018311809447803
80741,0.6450942791261005
80742,1.6202418360448023
80745,1.6316579865936878
80746,1.4248005759222555
80755,0.3712668955750554
80757,1.719281090219958
80758,1.0168302337770978
80759,0.1572590627380865
8076,1.9414013852809355
80760,0.7086856003912888
80762,2.674598352862142
80763,0.0294552189612712
80764,2.1517569445991724
80765,0.3850578708962719
80772,2.0959569749222315
80774,1.5467718785649738
80775,1.8437153941566888
80776,1.1918873678684505
80777,2.0678738924527926
80778,1.765380269281994
8078,2.590060586992482
80781,2.3327773564563596
80789,2.1036058557088886
8079,2.830192585673506
80790,1.744947334113143
808,2.677879644771238
80816,0.1233045730531342
80817,1.544037434788114
80818,1.9320400950651624
8082,1.4562293129243873
80820,1.1252259186944515
80821,1.4376331651187566
80823,0.0066344685557293
80824,2.6937373832740006
80829,2.4161112781034526
80830,1.6305117653481649
80831,0.0489301088118718
80832,0.8855868023719174
80833,1.1799039458990228
80834,0.0
80835,0.0752292615879394
8085,1.9265884784651277
80851,2.034836361194428
80852,0.0416301479021601
80853,1.6530865587280743
80854,2.0657448172930315
80856,2.134593988456912
8086,2.151304651606398
80862,0.4213039773722466
80863,0.513923163473374
80864,0.4938198432530161
8087,2.4022736662185955
8089,2.5700088000114025
80895,1.9792945734752505
80896,1.0960595656635348
8091,0.0443997508881444
8092,0.0526542428027862
80975,0.1377268877932005
8099,2.4887844778539243
81,2.894366734093176
810,0.076560759028747
8100,1.3216551251371946
81025,0.029254159459327
81027,0.092934019355804
81029,0.783522790625936
81030,0.2474831453300078
81031,2.7158002959323104
81033,0.0
81034,0.1370205991519871
81035,1.9582510785487777
81037,2.593202059202797
81047,0.0
81050,0.0
8106,1.657004623267086
81061,0.0
81075,0.0
81076,0.0
81077,0.0
81078,1.199059372237776
81079,0.071221967357895
81090,0.0
81099,0.0
811,3.182369098936403
8110,0.0310619747051902
81104,0.0
81109,0.0
8111,2.036677042163913
81110,0.0
81111,0.0
81113,0.0
81114,0.0
81115,0.0
81116,0.0
81126,0.0
81127,0.0
81136,0.0
81138,0.0
81140,0.0
8115,0.0314631865193807
81153,0.0
81155,0.0
81159,0.0
81160,0.0
81163,0.0
81164,0.0
81166,0.0
81168,0.0
81169,0.0
81175,0.0999854713451175
81182,0.0
81185,0.0
81188,0.0
81191,0.0
81193,0.0
81194,0.0
81196,0.0
81198,0.0
8120,0.0538268611423806
81201,0.0
81202,0.0
81204,0.0
81205,0.0
81207,0.0
81208,0.0
81209,0.0
81210,0.0195466581122431
81211,0.0
81215,0.0
81221,0.0
81223,0.0
81224,0.0
81226,0.0
81228,0.0
8123,0.0
81230,0.0
81236,0.0
81242,0.1475514077122861
81243,0.0
81244,0.0
81246,0.0
81248,0.0
8125,2.24627084476429
81251,0.0
81261,0.0
81264,0.0
81270,0.0101380977223869
81274,0.0
81278,0.0
8128,0.3277766613678189
81282,0.0
81285,0.1888596375756467
81295,0.0
81298,0.0
813,2.7455131253584093
81300,0.0
81304,0.0
81309,0.0
8131,2.2780946230300914
81310,0.0
81315,0.0
81316,0.0
81318,0.0
81320,0.0
81322,0.0
81324,0.0
81325,0.0
81327,0.0
81328,0.0
81330,0.0
81331,0.0
81336,0.0
81340,0.0
81341,0.0
81342,0.0
81343,0.0
81345,0.0
81352,0.0
81354,0.0
81356,0.074848442848116
81358,0.0
81363,0.0
81366,0.0
81377,0.0
8139,0.7433069469906731
81390,0.0
81392,0.0
81399,0.0
814,0.6588227886810981
8140,2.4723248951778665
81406,0.2339707499754988
81407,0.0
81419,0.0
81428,0.0
81430,0.0
81431,0.0
81438,0.0
81439,0.0
81440,0.073704942137793
81442,0.0
81448,0.0
81449,0.0
81458,0.0
81462,0.0
81465,0.0
81466,0.0
81469,0.0
81470,0.0
81472,0.0041525986866217
81474,0.0
8148,2.4705286804089703
81487,0.0
81488,1.6603593323282977
81490,1.967474301994628
81491,0.5992272815388912
81492,0.0142416006900836
81493,0.9283045745110156
81494,0.0128076294222381
815,0.0942374869521354
81501,0.5064083280847029
81502,2.6130028907443172
8153,1.3529524147791951
81532,1.885405770044863
81533,2.258754287924063
81537,2.0736542799236646
81539,2.7390917282773946
81542,2.297924638686455
81543,0.6878570940852776
81544,0.7113060390291223
81545,1.8876015167538571
81550,1.537870214481065
81551,1.2849571677596263
81552,2.074838985580522
81553,1.0402983225907636
81554,2.235985863118996
81555,2.2845495331489816
81556,2.2258271274603945
81557,0.0
81558,1.648817300142264
81559,1.7991864950261311
81562,2.509693712346872
81563,2.211055038774615
81565,1.62562798736072
81566,2.423446238502275
81567,0.2052639875348877
81569,0.0
81570,1.434449691760945
81571,1.5047841875861578
81572,2.1198410486970216
81573,1.687942996548372
81575,2.003064207830889
81576,2.047024416784722
81577,1.3181092234566296
81578,0.1171744819931155
81579,2.1220984498486115
816,0.3775429261445328
81602,1.1149960013316425
81603,2.513790499752083
81605,2.360053022660037
81606,2.315885456234062
81607,2.3210736047106235
81608,1.8351581066851397
81609,1.7900096221213075
8161,2.414146910756651
81610,1.9644692608792216
81611,2.5777815458173343
81614,2.0105649854289234
81615,0.5140315040643837
81616,0.1175363422620864
81617,1.813413149765148
81618,2.1499832324016426
81619,2.1366931507012725
81620,1.990117184139468
81621,1.3470372901249423
81622,1.9850449237854
81623,0.0
81624,1.4408432670505482
81626,0.0
81627,1.9804049771306973
81628,2.31726884243041
81629,0.3465827451363191
81631,2.236191628511743
8165,2.5143284271402955
81669,1.9951563131290373
81671,2.7434342701986054
81688,2.85572318890682
81689,2.043023075762818
81691,1.7569916096264504
81693,0.0493229014588557
81694,0.1119095706081079
81695,0.1089903385970567
81696,0.0
81697,0.0294552189612712
817,1.4773769591111272
8170,0.0801641354811421
81704,0.8285791760588023
81706,0.4517587105857959
8174,0.2051015913711928
8175,2.509441036424437
8178,1.686250487287752
81786,0.0933066477599419
81788,1.7344949789821489
81789,1.479585349465152
81790,1.8205333110422393
81792,1.995597393804792
81793,0.0254249141756302
81794,0.5857337065355926
81796,0.0428182367483027
81797,0.0
818,1.9143476197495632
81831,0.4923704111338037
81832,0.1140922349498855
81833,0.0
81839,1.9220630113519988
81844,1.633317275392501
81846,1.196468777974098
81847,2.1591183730871597
81848,1.8902328216173856
81849,0.6440129859106509
81850,0.0358639763576893
81851,0.0
81853,1.9914164398675704
81855,2.183256238657844
81856,1.2857769067916829
81857,2.190718857742689
81858,2.720593692451682
8187,1.9923199931270352
81870,0.0
81871,0.0
81872,0.0
81873,2.4150503380535566
81875,2.3510209757694787
81876,2.645914227078861
81887,1.931156093470769
81888,0.0
81889,2.2692303600926516
8189,2.143508322845905
81890,2.0229995497916926
81892,2.2673457768130825
81893,0.0
81894,2.3760415663736474
819,2.0255257806672176
8190,0.0
8192,2.3841538298735654
81926,1.8033035171267329
81928,2.1279683738948876
81929,1.837551270514738
8193,0.2519365399675359
81930,1.6365403485171632
81931,1.258640781418796
81932,2.0764710358742344
8195,1.7620841423165876
820,1.1966542204442905
8200,0.0662337567877756
8202,2.18904722465787
8204,2.713142971404999
8208,1.7847750156212574
8209,0.6848045510694936
821,3.137704279074745
8214,0.0
8216,1.2369794327066148
8218,0.212055077748509
822,3.003469796166963
8220,1.63022869451288
8224,0.0280467968559265
8225,1.1006800695622556
8226,1.8260389319321264
8227,1.13787845113882
8228,2.1814572428054535
823,2.5599191823043297
8233,1.940500206561387
8237,2.347290306163828
8239,2.2759515955769363
824,2.6305803127438505
8241,2.437841514818807
8242,2.3568360743684273
8243,2.4634284516132703
825,0.0888240246898696
826,2.996387535332544
8260,1.6731480242939856
8266,2.599017976057884
8269,2.010058522635492
827,0.5700764063858177
8270,2.6025177125743264
8273,2.214120009871128
8277,0.0101380977223869
828,1.2108953501328747
8284,0.0
8287,0.0
8288,0.685993275122287
8289,2.162984158096543
829,2.6202800521459646
8290,0.1878646602768941
8291,1.5183397849880005
8292,0.5669634654336171
8293,0.0119871284396815
8294,2.3762193137002723
8295,1.6979787725250182
830,2.1918032217681525
8301,2.417341542759252
8302,0.0
8303,2.2260287237170413
8309,1.363742967569133
8310,1.78397590850068
8312,2.116154763768906
8313,1.5751829223223262
8314,2.34923159995267
8315,2.0341356003456976
8317,1.4914306277381648
8318,1.7490757520819582
832,2.0682537652594615
8320,0.029254159459327
8321,2.170822904704776
8322,1.6878599082788828
8323,2.441347821317744
8324,2.6805575925385665
8325,1.2981710519451293
83259,0.0
8326,0.045189394581304
8328,0.0461754078434364
8329,2.1891942499942028
833,1.8491618758219563
8330,0.0
8331,0.201846744967738
8332,0.2566694775561359
8333,0.1001702276495741
8334,2.826551126597854
8335,0.0660413065929845
8336,0.402895581892084
8338,1.1683615536879772
8339,2.286481063346449
83394,0.1517259986918346
834,1.0111360433609482
8340,0.4022657312297195
83401,0.0254249141756302
8341,1.3272794792861284
83416,0.042620338349058
83417,0.096838290181438
8342,0.1421274322450643
8343,1.7156669664713489
83439,1.2184339854059776
8344,1.7041896751204293
83440,2.1838342007336196
83442,2.8837180541022303
83443,2.8484730334585757
83444,0.0721778321548017
83445,0.1424784549426613
83446,0.0
83447,0.0
83448,1.3913855686225778
83449,0.0318642078034075
8345,1.646652360606328
83450,0.6334726150300896
83451,2.5031573596467145
83452,1.592993183414146
8346,0.0
83460,0.73609882670747
83461,1.9158913945890896
83463,1.5039216884683084
83464,1.5765799180431423
83468,1.7055093310920926
8347,2.4056710066954228
83473,0.3371685424643607
83475,1.8496940457035815
83478,0.5973015941884212
83479,2.0437885456319265
8348,1.4475020499357911
83480,1.700718526015104
83481,1.1384923515861445
83482,0.0091091168566818
83483,2.6678542025628187
8349,2.978533054954303
835,2.2699812115652307
8350,0.3445459760705925
8351,0.0
8352,0.1982511050965841
8353,2.072739130534181
83538,0.4804435149992831
83539,0.2102820170793421
8354,0.0
83540,2.015561618727916
83541,2.207881805738183
83543,1.1376284060934605
83544,1.4954835733664984
83546,0.0
83547,0.8196196076888945
83548,1.8309564861030343
83549,2.0310857825288147
8355,0.1254572708948052
83550,0.0
83551,0.0
83552,0.0
8356,0.67081005627704
8357,2.499092005932962
8358,0.5796308612831864
8359,0.2991848339044601
83590,2.3713510433478597
83591,1.010267014992124
83592,0.2776968270837076
83593,0.7040752690169217
83594,1.8960807346116064
83595,0.6084927698074708
83596,2.057690362135041
83597,0.0
83598,0.0
836,2.3958021241576732
8360,1.4524327895082336
83604,1.8155629557694068
83605,1.831948928414425
83606,2.749679806907016
83607,2.311804235770523
83608,2.159926903586704
8361,0.0
8362,1.0823136519797787
8363,0.7325446417895424
83636,1.7472887712334169
83637,2.3167484513593712
83638,2.4321014722401095
83639,0.1261735853154376
8364,0.8410518092922455
83640,1.6746625305541056
83641,2.412117142152086
83642,1.8262098184676545
83643,1.0638582087309454
83648,0.2465586152299185
8365,2.306554529009536
83650,0.0
83655,0.0
83656,0.0
83657,0.7191068953470723
83658,1.8083152730759664
83659,0.009315012732202
8366,0.0
83660,1.5012009806814277
83661,2.158265723406142
83666,2.0531138351228058
83667,1.6510321024981192
8367,1.6196788147483758
8368,0.0
8369,0.0
83690,1.1290835976792286
83692,1.9256528666732984
83693,2.2966054924835633
83694,0.215268792123166
83695,2.365261196372834
83696,2.2609887806994147
83697,0.0
83698,0.0144462560950847
83699,1.5550301720321804
837,1.3661287295632838
8370,0.5698759820809096
83700,1.2784815659938096
83706,1.3824489003084273
83707,2.091982400720497
83714,1.047503660312865
83715,0.494932836298095
83716,1.8319390156991353
83719,2.4211491551156694
8372,1.6677198100898516
83723,0.5527331546974233
83729,0.0463724718392014
83732,1.9711509131282103
83733,0.3299968365272935
83734,1.1038832527900364
83737,1.9202957513452632
83740,0.0
83741,0.0
83742,2.503660503259656
83743,2.089236701704107
83744,0.8342352889081716
83746,1.6371450600404676
83752,2.3126112081389127
83755,0.0
83756,0.0604409028617613
83757,0.0240097576149657
83758,0.8172557657601214
83759,1.797500413127656
83786,2.2955040113515457
83787,2.265317532705122
8379,0.0294552189612712
83795,0.0
838,0.0
8382,1.1521804767344543
8383,0.0
83844,0.0
83849,0.0443997508881444
83850,0.0975798800301689
83851,0.0070474104382352
83852,1.302096750398423
83853,0.0390501905320824
83854,0.0483405753318879
83855,2.018404399457983
83856,1.197987587454167
83857,0.4968210373473922
83858,0.7976706664745774
8386,0.0
83860,1.8857884952334516
83861,1.4918100465178157
83862,2.540337243127356
83863,0.0
83867,0.0
83868,0.0
83869,0.0
8387,0.0
83871,2.5542865079908568
83872,0.9291228551888352
83873,0.0
83874,1.668139697068144
83875,0.0670031148207685
83876,0.290193838581475
83877,2.187379159387263
83878,0.3083582276093685
83879,0.6408495391091865
8388,0.0
83880,0.0771307503330335
83881,0.1005396165825761
83882,1.0324133138346074
83884,0.0252228938178094
83886,0.4732618396254697
83887,0.0
83888,0.2141454604264754
83889,0.0039454490619983
8389,0.0
83890,0.1576036338499989
83891,1.861793927438517
83892,2.086124211646815
83893,0.0
83894,0.010754888621307
83895,0.0
83896,0.0
83897,0.0
83899,0.0
839,2.3580166296543768
8390,0.0
83900,0.0
83901,0.0
83902,0.0
83903,0.7870337420715562
8391,0.0
8392,0.009520858735307
83930,1.961282696071051
83931,1.6415092802659987
83932,1.6994384808052143
83933,0.1534591224248764
83937,0.6459940684889472
83938,0.178182758872508
83939,2.3244548516857817
8394,2.386627252235478
83940,1.677747136543252
83941,1.7258879277026062
83942,0.0
83943,1.5360082895534597
8395,0.1843725398343365
83953,0.0
83955,0.1872006591820415
83957,0.0234025367070836
83959,0.2698024687800435
8396,2.5551481400043703
8398,0.7824217630797533
83982,1.628021049772854
83983,0.7039926557546667
83985,0.1642937488756426
83986,2.5060118953260875
83987,1.655265786881452
83988,1.1675419232093016
83989,1.7450446399019792
8399,1.3012098647896793
83990,1.5639823170987583
83992,0.3734955886026493
83998,0.0105493414072734
83999,1.550592599848479
840,2.237561326639508
84000,0.2338140899857443
84002,0.258493991100522
8402,2.434410516881562
8403,0.0
84033,0.2643946669006141
84034,0.8455341632283666
8404,2.844597703952209
8405,2.26280679087221
84055,0.0459782976541651
84056,1.827464191876061
84057,0.0
84058,1.389992985843655
84059,0.8275516845729287
8406,1.7042030246674826
84060,1.2836303226433818
84061,2.6410896446147754
84062,2.0710312063609164
84063,0.0
84064,0.3681093484764645
84065,1.9307133514526724
84066,0.0
84067,2.028988538421074
84068,1.217041703708711
84069,1.130836122657081
8407,3.2751800846803243
84070,0.1527663152168473
84071,0.6155738553293906
84072,0.0148554188895284
84073,0.0643072587180317
84074,1.2211371023223767
84075,0.0
84076,0.0528497930137067
84077,0.0
84078,1.5036955428739462
84079,1.7111170533195157
8408,2.3039250904211457
84080,1.7494009620459496
84081,2.2040014526292895
84083,0.8774583630249619
84084,1.2661421730802225
84085,1.4203439300700258
84086,0.1033047896802982
8409,2.4142226214140767
841,1.4757250277000895
84100,1.3024327692985025
84101,0.1366672261961176
84102,1.4491816808624234
84103,0.0
84105,1.9042191404447764
84106,0.4271784313218206
84107,0.0
84108,1.7627150378354153
84109,0.1080759571659009
8411,1.708586521137153
8412,1.7575000329032129
84124,1.332873234597624
84125,0.3092127067048581
84126,2.1348830184097514
84128,2.064388023786485
84129,0.145106329829701
84131,1.19319485484384
84132,1.5855172039022247
84133,1.9980110335118408
84134,1.5948308959258664
84135,1.6827760736461808
84138,0.8030318145613987
84140,0.8699949147465343
84141,1.0268659619466036
84142,0.9015976332870702
84144,1.3245626733355265
84146,1.6468192607054415
84148,2.088205571700444
84152,0.6695077327714577
84153,1.9586349403269891
84154,1.8160678011534577
84159,1.5094194785392718
8416,2.656568203322568
84162,1.9184244327191993
84163,0.4190891064620089
84164,2.2543678111606016
84166,0.8962647062456128
84167,0.9826878159769143
84168,2.5399740515453946
8417,1.565991048691668
84171,0.7798455138051155
84172,1.855942862789647
84173,1.610099468319062
84174,0.1565694824896934
84179,1.9917754581910545
84181,1.9472577304226175
84182,0.0097266548872287
84186,2.1495070040976714
84187,1.9540181790855111
84188,2.3263774363744423
84189,0.3274986896152399
8419,0.4466698060073014
84190,0.9916694909497306
84191,2.3520765281486233
84193,2.48786176430706
84196,1.7977155745342637
84197,2.0067947153844226
842,1.3915658116016802
8420,1.4632230957913572
84203,0.051871586053616
84206,0.6512791317359106
84210,0.0
84214,0.0740862832627668
84215,0.0673875284399155
84216,1.4525012465967646
84217,0.3363444395061652
84218,0.0
84219,1.9818873849964265
84220,0.0076664475141711
84221,1.9199046211417932
84223,1.1436487429764874
84224,1.3852974607929396
84225,0.4451243998379983
84226,0.3788439304964756
84229,0.0207662015448037
84230,0.8469326699638995
84231,2.4527565254419272
84232,2.845297776805783
84233,2.1108216595688583
84236,2.0247038649406615
84239,0.0916285002418245
8424,0.6012435979802805
84240,1.5657200966458027
84243,1.8750940526841209
84245,1.6667627440932682
84246,2.125942172666379
84247,1.90456782966395
84248,2.1858241454375364
84249,0.132770028068318
8425,1.5734441580931366
84250,1.4409600358069836
84251,0.5990349496949721
84253,1.1311693301662853
84254,0.4600855033012058
84255,1.415159890397618
84256,1.7234411761463155
84258,0.0187326529005272
84259,1.113452165302444
84260,1.4064335413538045
84261,1.886691683398147
84262,2.329192918959861
84263,1.9516449940081655
84264,1.835433433721969
84265,1.7924995089449114
84266,2.6315316017001544
84267,2.134169050764278
84268,1.4936607570391556
84269,2.1365898334272777
8427,2.1823500129544193
84270,2.1450734681300045
84271,2.4793734704862684
84272,1.9844019335118392
84273,2.2550699519401225
84274,2.349515807917236
84275,1.180285913166774
84276,0.0
84277,1.7916384378279018
84279,2.3791583377297325
8428,1.986341174281777
84280,2.3218812606906787
84281,0.4379497884915414
84282,2.5121203555307745
84283,1.9224678971256328
84284,1.6634261740173204
84285,2.2343420005995687
84286,2.0581811594984707
84287,2.2626883910570905
84288,1.1379576822701782
84289,1.499793448826709
84290,0.0
84292,1.179330507173242
84293,2.629393205755044
84294,2.1223790458329015
84295,1.7744838739231907
84296,1.142833374090399
84298,1.5256267138767166
84299,2.4597739896512545
843,0.5863215205487002
84300,2.302400744976085
84301,1.8611940912207716
84302,0.5238232669773065
84303,1.948411171231072
84304,1.8032185963549936
84305,2.290301847933021
84306,1.694485796334805
84307,1.912285353155416
84309,2.5483204537896897
8431,0.0
84310,2.213284202490407
84311,2.477189591644003
84312,1.3055688771127552
84313,2.5007086263551757
84314,1.153903573355471
84315,1.2631277849055995
84316,2.3364789314700696
84317,2.2524453685357972
84318,1.461657506673541
84319,1.8017616700422263
84320,2.0835421751499186
84321,1.6772226874187692
84322,0.0
84324,0.0211723261778742
84326,2.6478112434581775
84327,1.375164675101384
84328,2.072610506380477
84329,0.6821649850726478
8433,0.029254159459327
84330,1.7048166690685969
84331,2.096720615145301
84332,0.083940390516352
84333,2.1606118580778406
84334,1.655474204608259
84335,2.158730293469189
84336,2.756339399331887
84337,2.347619480851506
8434,1.285839911780008
84340,2.0527011515393467
84342,0.7611453635472136
84343,2.0061936253928705
8435,0.114273863088368
8436,1.540106451078953
84364,2.5489085458829326
84365,2.3101734614175102
84366,0.0
8437,0.1126377675040334
84376,1.6501595240088565
8438,1.0919296210473872
8439,1.5243476012978412
844,0.1806978483933106
8440,2.037231617878646
84417,1.07977096849887
84418,2.285295561481183
84419,2.454810084635857
8443,2.547979619841604
84432,0.0
84433,0.3564184550327341
84435,0.0
84436,1.2575795995677257
84437,1.354531414136913
84439,0.6304446021599708
8444,0.918935008451756
84440,1.1135380424219
84441,1.1139672364344082
84443,0.2151084127640693
84444,1.3549737822970231
84445,2.2803598007955066
84446,1.311095558490002
84447,2.5366060533804724
84448,0.1252780946513598
84449,1.1474654214880569
8445,1.836071882942554
84450,2.0012273365058215
84451,1.3225672936005672
84455,1.0084225690829272
84456,1.16769813513876
84457,0.0350655380227658
84458,1.5935214160478084
8446,2.008833899073258
84460,1.152862326239459
84461,1.2584751084560792
84464,1.2999534674402835
84465,0.0324653828330247
84466,0.2417646072101112
84467,0.0072538062085478
8447,0.6064020103646603
8448,0.2057509787839322
8449,2.193595342524961
84498,1.8735200113608876
845,0.5046545982458458
8450,2.122846219047229
84501,1.2236857863367296
84502,0.1557066847631222
84503,1.0225210601179855
84504,0.0
8451,2.5447175006186145
84513,2.2844736700922543
84514,2.008356944059174
84515,1.099764787110498
84516,1.8683620082941728
84517,0.6270338170628533
84518,0.8829517675896557
84519,0.3913491054749176
8452,2.099006951726564
84520,2.1287040112129136
84522,2.5211048266255047
84524,1.7379452500140666
84525,1.5221355961177327
84527,1.3016076168332278
84528,0.0
84529,0.7686139943207354
8453,2.1701208325766466
84530,0.0
84532,2.056919393862838
84536,0.3936470858594114
84539,0.0
8454,2.4257000187942737
84541,0.1660003253041142
84542,1.3659393548724093
84545,2.2491744249076917
84546,0.0
84547,1.850907861179341
84548,1.5278814688679871
84549,1.7603972210576464
8455,2.2757149533495937
84552,1.7437291682097769
84553,1.060388222257559
84557,1.6190183996288463
8456,0.6320061337478721
84560,0.0
84561,1.7163168460877205
84569,0.0617961599388916
84570,0.097765173807287
84572,2.2983557157099357
8458,1.1750302259270946
8459,1.59306137606945
846,0.0
8460,1.5813233602453824
84612,2.6715035288988873
84614,1.337179957303679
84616,0.0
84617,2.087166372506068
84618,0.0
84619,1.1622442656030871
8462,1.7053229517934976
84620,1.194573732832793
84622,1.0026479361554077
84623,0.0217811482126814
84624,1.777934376759301
84626,0.5688730123775146
84627,1.1133233256594823
84628,0.1843725398343365
84629,2.3914616863739853
8463,1.4217772528510395
84630,0.0140368959186701
84631,0.0031163460570424
84632,2.7660043733602735
84634,1.555528893390153
84636,0.0756099064785592
84639,0.0
8464,1.3200624135714778
84640,2.29895659557005
84641,2.311159362975948
84643,0.0
84645,0.503226572627941
84647,0.0
84648,0.0
84649,0.4231447079646865
84650,2.19955916361695
84651,0.0
84654,0.0
84656,2.655125135817625
84657,0.3322106364976697
84658,0.0252228938178094
84659,0.1838724292925855
84660,0.0807316672117631
84661,2.3158987097246615
84662,1.9969372680140052
84664,0.0
84665,0.051284114267885
84666,0.0320646470462866
84667,0.0
84668,0.8397749891442323
84669,2.577025354361143
8467,2.3854110988034276
84671,0.6046867446922852
84673,0.0
84674,0.9593314977652352
84675,0.04578114125236
84676,0.1538053052160182
84677,0.1215063417494183
84678,1.536700157933914
84679,1.5058499282533857
8468,0.0
84680,0.7799192609685387
84681,0.0861979419229091
84684,0.0368609624667365
84687,2.4270190302819
84688,0.0964672461846826
84689,0.1178980435863406
84690,0.0
84691,0.0420263638480368
84692,0.0
84693,1.6895463353529503
84694,0.0
84695,1.302738057116373
84696,0.5541690156461883
84698,0.5478915846563022
84699,0.0268377072511832
847,2.2722993314705366
8470,0.6234204995806126
84700,0.5796308612831864
84701,1.3711354584279027
84705,1.9479576407139685
84706,1.6691949243084077
84707,1.9958144560663345
84708,1.800662996562753
84709,0.2747271446341556
8471,0.0
84717,2.2212064901113715
84720,2.12366231194116
84722,1.5974895336614177
84725,1.2107507555834711
84727,1.6675749306891583
8473,2.2375176627621807
84733,0.393137027390045
84734,1.5546974000264395
84735,0.0445972313113895
84740,0.0205630661837875
84747,1.6271983555051357
84749,1.9614552219713184
84750,1.2599973949431504
84752,1.6518429987637286
84759,2.190826677025167
8476,1.9509737840379764
84765,0.8022482598167268
84766,1.1158091408865023
84767,0.0
84769,2.07198281984858
8477,0.4228995388131237
84775,1.2472583912173267
84779,0.0
84787,1.7690541320377982
8479,2.0570424091384005
84790,2.3118364458311578
84791,1.4111871902879725
84792,2.2535777406961848
84793,1.2510006463043388
84795,1.25874016092449
8480,2.2023558007262323
84803,0.779992999876471
84804,1.2567823497409
84807,0.74166844701593
84808,0.061215604083323
8481,2.1413693045318025
84811,1.9685202518654268
84812,0.8025332975959805
84814,0.458684727480093
84815,0.2451697926206867
84816,1.025221606463953
84817,2.007177894740396
84818,2.133512567907266
8482,1.7342457022783428
84823,2.229392964576749
84824,0.1137288585710933
84826,0.0
8483,2.415528118091427
84830,0.2514770053278157
84833,2.8009875756886946
84836,2.4814450909911994
84838,1.5778143046762412
84839,0.0
8484,0.0310619747051902
84842,0.2136635490584076
84844,2.3018449194018085
84847,0.1654887289915786
84850,0.0479473231186116
84851,1.313912179114448
84852,0.4279095011446019
84856,0.0662337567877756
84858,0.7012607539380681
84859,1.5424840985706674
84861,2.0246368151312817
84864,0.836335166437484
84865,1.2201072116003613
84866,1.9499537075160012
84867,0.0066344685557293
84868,1.549322427475747
84869,2.111549836471881
8487,1.6962017365223927
84870,0.5426006944716532
84871,0.3069320026278125
84872,0.8562445005107951
84873,0.0
84874,1.6680528560047518
84875,2.3414997765119896
84878,1.9963335910311104
84879,0.6865868612186332
8488,0.1868684534699322
84881,1.595017664723308
84883,1.960375680997526
84885,2.308610377062717
84886,2.5009297071817613
84888,2.122748163087932
84889,0.2702514446490945
8489,0.2049391623143697
84890,2.277782092789999
84891,0.0
84892,2.4132057669408713
84893,2.047988017630289
84894,1.188021770268489
84895,1.6902907552566668
84896,2.5011375455251765
84897,1.2362895531519964
84898,1.919457144285168
84899,2.1113426243160585
8490,2.1889194941630077
84900,1.008525186598987
84901,2.06886616507367
84902,1.7133325039832557
84904,1.0941092668210168
84905,1.2777465563744077
84908,2.2379070796152485
84909,1.0056452715284026
8491,2.1262151542395555
84910,2.3298536140964003
84911,0.1329475761372088
84912,1.4223591374590137
84913,0.1496413741592798
84914,2.192033500077635
84915,1.4385960108897773
84916,1.8277646808921504
84918,0.2910684782073524
84919,2.433345719697158
8492,0.08431707500591
84920,0.8565067014610656
84922,1.55971955441735
84923,2.233622416311936
84924,1.1549429133709563
84925,2.0548781161874854
84926,2.407342862534811
84928,2.2956789180201733
84929,0.1320594510057083
8493,2.150000537726592
84930,1.8389084436593488
84931,0.0
84932,1.9448206758556463
84933,1.120960806517047
84934,2.154185100759644
84935,1.3353180481160631
84936,2.180157454957316
84937,1.1636225097245525
84938,1.4593673361038726
84939,1.5205692185252813
84940,2.2239689121152977
84941,1.9938498476032165
84942,0.5597821333503532
84944,0.0557775902066152
84945,1.7809882133249628
84946,1.8390351466868295
84947,0.8240459597439788
84948,1.6684579711330845
8495,1.485319599414921
84950,1.9386154727141764
84951,1.4459092404557006
84952,1.701713060361018
84954,1.9332774781393005
84955,1.668732663300619
84957,0.7947212227180538
84958,1.8155629557694068
84959,0.4274222008060647
8496,2.1546422638998877
84960,0.4190891064620089
84961,1.5188981088385525
84962,1.6920091933893004
84964,0.5088128186616873
84966,0.824252705128805
84967,2.0994654872665923
84968,0.1615557448577286
84969,0.3281934312999205
8497,0.401761471069277
84970,0.0
84971,2.1706801552331334
84973,1.4088781434011608
84975,2.457631410263655
84976,1.0958382699332414
84978,1.2267849151153098
8498,2.082990227418584
84981,1.3731940225598658
84983,0.5106653978299407
84984,1.1074088157702453
84985,0.1421274322450643
84986,1.7689735983298382
84987,2.4060479646703103
84988,1.8759945981914363
84989,0.3308277568855052
8499,0.057140405596366
84991,2.204856456921835
84992,0.0
84993,2.537110891220808
8500,1.835531720590989
85001,0.0916285002418245
85002,0.6021059672161457
85003,1.9981287026313408
85004,2.573832355130436
85007,1.516039881122897
8501,1.376624485805951
85012,2.6369498190159693
85013,2.3984609146574107
85014,2.2497514943503165
85015,0.927016526418074
85016,0.3055031538950215
85019,2.083719039008303
8502,2.335170755083571
85021,1.6376251581942023
85025,2.45592047720746
85026,1.1471415920557382
85027,2.1293510405163234
85028,1.092196955347874
8503,2.042901151905443
8504,1.4320784794435213
8505,2.0867127268081496
8506,0.8341674369872322
8507,2.028928273037559
8508,2.4521368572176754
8509,0.0886367224100169
8510,0.0162859366995967
8513,0.0
8514,0.3849289321797631
8515,1.484828264924853
8516,1.2147134096585377
8517,0.9377079641208126
8518,1.2968148903497143
8519,2.824520991373516
8520,2.194198284776609
8521,0.074848442848116
8522,1.5480301047442109
85235,0.0758001637739616
85236,2.9526971672334192
8525,1.8752279230692703
8526,0.3136125853077581
8527,1.7750627851724627
8528,1.2794387676018149
85280,0.0
85285,0.0
85289,0.0
8529,0.0344662129356738
85290,0.0
85291,0.0
85293,0.0
85294,0.0
8530,1.4976120387904934
85300,0.0201566492701331
85301,0.6167002124987596
85302,1.149565831324726
8531,2.1183360801334588
85313,1.9544354874566945
85315,0.9291812626339124
8532,0.0410354741801234
85320,0.4584510064023135
85329,0.2781413110415791
8533,2.315033446022944
8534,0.9034261386948792
85343,0.0
85345,0.0
8535,2.559992634447833
85352,0.3618876446659664
85354,0.0
85358,1.3804533633653673
85359,2.676757354983941
8536,0.878852002373381
85360,1.5317195684744662
85363,1.6705068906098592
85364,2.226934430519739
85365,2.27439083538081
85366,0.1848723406568188
85369,1.7055758761055413
8537,1.8552969385794724
85376,0.0177140457770852
85377,1.6198236573607605
85378,1.655786651578211
85379,1.7037756393977277
8538,1.819063723476266
85388,0.0
85389,0.0
8539,2.5053366770216523
85390,0.0
85391,0.5804212872334236
85395,1.9042440568667935
85397,0.230517079620253
8540,1.625755085307382
85403,2.2277098221587375
85406,1.8560270390138565
85407,0.3459044228515163
85409,1.2025193128000613
8541,1.361673660561949
85413,0.0
85414,0.9019637602092276
85415,1.7306402468885562
85416,0.0
85417,0.6546617901776041
8542,1.859982518068154
8543,1.9017196575019433
85437,1.8502729503865496
85438,0.0
85439,1.4034492088458843
8544,1.577831915312129
85440,1.1085792472224152
85441,1.675503303092059
85442,0.0086971754034013
85443,0.1209661047225065
85444,1.8927958410308192
85445,0.0
85446,0.7267386004244369
85449,0.7070426555661019
8545,2.5816057529258587
85450,1.6700459756750592
85451,2.3505811174299045
85452,0.0538268611423806
85453,1.9322646580416376
85455,0.0914418297097786
85456,2.402942840106406
85457,2.204627183858592
85458,1.6649153807408457
85459,1.053196046942915
8546,2.313800577643162
85460,0.5870066864043573
85461,1.7315820371933957
85462,1.9408185050343147
85463,0.4158782385397301
85464,1.8048714756232829
85465,2.396955834246699
8547,0.6623443746195422
85474,0.5986501282560626
85476,2.055535464659226
85477,0.1712680127981029
85478,0.8328768932537903
85479,0.0846935889461878
8548,2.2457172695014167
85480,0.0733234266047182
85481,0.0123974780415539
85486,0.5307370523394719
85487,0.2942671300081837
8549,0.0794068242501354
85495,0.0
8550,1.5604326842065446
85508,0.0
85509,0.0
8551,0.0
8552,0.9776880932965056
8553,3.1222300812723116
8554,1.430054115447581
8555,0.6006680970652911
8556,1.5178806787328405
85569,0.0
8557,0.6552831070686109
8558,1.4943529709807808
8559,1.637888223868733
8560,2.6898582124367763
8562,2.617895584300805
8563,1.5546604109682114
8564,0.0532407567944813
8565,2.02259525166418
8566,2.1114486546926874
8567,2.1901406823950613
8568,2.0096528664091995
8569,1.279183680344992
857,2.2234336235445715
8570,2.72816068358077
8572,1.6093429134290451
8573,1.7646603072773732
8574,2.5270174388050393
8575,1.548966920059963
8576,1.9848352237995193
8577,0.0
8578,1.0510976680493511
858,1.4349698594229492
8581,0.1338347400317799
85824,0.516302923831799
8585,0.0
85865,1.3765184570617894
8587,0.0398448655326076
859,0.0364623094604789
8590,0.0
8591,0.0
8594,0.0
8596,0.0
86,2.3335160754436473
860,1.4241490703229616
8600,0.3065036238862894
8601,0.0440046509270564
8602,2.222437779919236
8603,2.0218467725042704
8604,1.9098522025450777
8605,0.8364704079035822
8607,2.216858062491829
8608,1.111775002912778
8609,1.6427966760390893
861,2.2836409477385153
8611,2.0281620630689443
8612,2.1884313626950003
8613,1.995932801865411
8614,2.8804442863292263
8615,2.5287600969858635
8618,0.2049391623143697
862,0.3972078773881758
8620,0.0
8621,1.5988216030133438
8622,0.2984096741503956
8623,1.085763820598811
8624,2.18197501242653
8625,2.3691756460256066
8626,1.2297968354549889
8629,1.3570699084253253
863,0.2931055006210052
8630,1.5094398007389167
8631,2.1094771917524917
8632,0.381439265338426
8633,1.2055200730595448
8634,1.9312026691117867
8635,0.7904534628731016
8636,2.5560359987937744
8637,1.4052318826000516
8638,1.4109394091052525
8639,1.905521026154358
864,0.7902357143177514
8641,0.1173554320033511
8642,1.3702506985867726
8643,0.4363861227043569
8644,1.5826673841963863
8645,0.7560426864712615
8646,1.3123259251289938
8647,0.0412337454202869
8648,2.3334985066326333
8649,2.2774990726771964
865,2.17357269132478
8650,2.055468097773911
8651,0.7397909429129466
8653,0.0
8654,1.7384517993897697
8655,2.7961830852864273
8658,1.9021456684152669
8659,1.5981644754472617
866,0.1102687734821434
8660,1.884595636626066
8661,2.703709194368779
86614,0.0
8662,2.55120732755858
8663,0.963931064171822
8664,2.6418938602484223
8665,2.0826252773349614
8666,2.596207497232727
8667,2.740647425387398
8668,2.3158801546860692
8669,2.574682650163138
867,1.544547795505541
8671,0.053631538511365
8672,1.8169832133316872
8673,3.1249008498096407
8674,2.0274124468563435
8675,2.481885912691268
8676,0.3740190388476034
8677,2.3802084608418665
8678,2.189882118726233
86781,0.6572321810198901
868,1.5880914219393174
8681,0.4541137846217016
8682,3.021358143182247
8683,2.246172643436862
8685,0.0173062599854029
8686,1.1626777902164864
8687,0.0
8688,0.3086431584977697
8689,0.0
869,0.208505021189391
8690,0.9371892747802564
8692,2.115531137984328
8693,0.0066344685557293
8694,2.3996292145937983
8697,2.1392217982123745
8698,0.3496953204272714
87,2.6316707598099693
8701,0.0
8702,2.0085223561330907
8703,2.346279033478563
8704,2.098268091609059
8705,1.7730046660723435
8706,2.1450734681300045
8707,0.0300581105554705
8708,0.1067941198550825
871,2.6930643696271312
8710,0.0532407567944813
8711,1.7337716838844586
8712,0.0
8714,1.557849358765039
8715,0.0673875284399155
8717,1.8071283956455648
87178,1.957155361891447
8718,0.1756598215993468
8720,2.209636184044582
8721,2.9128398149480317
8722,1.9974614322329405
8723,2.4603764465887914
8724,2.7180321907451455
8725,2.2523200273005117
8726,1.282141621077745
8727,1.6756314182180916
8728,1.697843371268606
8729,1.8457338890380712
873,2.1413515729448496
8731,2.1100484762732323
8732,1.640818106376286
8733,2.893810297734101
8735,0.2356919745933813
8736,0.2549932931012345
8737,1.855680870935699
8738,1.51191274211221
8739,0.0463724718392014
874,1.2398331812013674
8740,0.0999854713451175
8741,1.408728811421344
8742,1.9138371045826377
8743,2.174530232465733
8744,0.4097893558563288
8745,0.2214986065228349
8747,0.0906947274148189
8748,0.0256268862991105
8749,0.009520858735307
875,0.1642937488756426
8751,2.4494759813628852
8754,1.8138377819337208
8756,0.0
8760,2.1810377197741277
8761,1.9818191962388905
8763,2.717008300181053
8764,1.3940313304197367
8766,2.655565406121404
8767,2.396127489121319
87688,0.6676803176865928
8771,0.0
8772,1.221987973674064
8773,1.25718112096836
8774,1.9352415906344915
8775,2.1183029850434223
8776,1.9759164010490944
87769,0.9051279553326336
8777,2.006609373822114
8778,0.0
8780,2.260869733808835
8781,2.6795837167086765
8784,2.0340107515718264
8785,0.0
8786,1.691858236564969
8787,1.434189405692585
8788,0.0338664618273812
8789,0.3123377707816712
8790,1.710946172274498
8792,0.9829554594065916
8793,0.4344570913775676
8794,0.1499891819001348
8795,1.9042440568667935
8796,0.0171022935190702
8797,1.707077129856876
8798,1.2890746983668993
8799,2.6044498108344905
88,0.011781879253164
8800,1.9593509560300135
8801,2.609861290871605
8802,2.377152478748682
8803,1.69830356718654
8804,2.6049930295097607
8805,2.4317185880416203
8807,0.0588893471988714
8808,0.1746484396889903
8809,0.3277766613678189
881,0.3566861551835944
8811,0.0756099064785592
8812,1.046445271762354
8813,2.5290756965653247
8814,0.59787985366893
8815,2.8464549233608896
8816,2.175601824739682
8817,0.3724476055343745
8818,2.660117589873946
8819,2.0647605433058125
8820,0.5060798257736868
8821,2.3007831832581624
8822,0.043016088629042
8823,0.0627628591308276
8824,1.5559717620781424
8825,2.526796703511979
8826,2.660881841208596
8828,1.645649672681391
8829,1.903321117674157
883,0.05092729405814955
8831,1.4880450265334573
8832,0.6810550267779112
8833,2.2631337298416607
8834,2.307448079051263
8835,0.7768888391252455
8836,1.3603898136456924
8837,1.463602565158245
8838,0.089572811643912
8839,1.5177608401229443
8840,1.6558312692772348
8841,2.0298312431245935
8842,0.7449414366813515
8843,0.3057891339474701
8844,0.7548183172902225
88455,2.030708059868272
8846,2.0446853970952668
8847,0.4774881566344699
8848,2.3438995628823185
885,0.0
8850,1.2590712945554594
8851,1.2397988870952077
8852,0.0
8853,1.893530027963137
8854,0.6446439454792029
8856,0.0199533676763937
8857,0.318409708905874
8858,0.2093132354086442
8859,1.410741097006276
886,0.0600532833173621
8861,2.544454915660258
8862,1.926187771964768
8863,1.1316687783291342
8864,2.0418952169154494
8867,1.3475140978649411
8869,1.1583275220438085
887,0.0
8870,2.6845665280845887
8871,1.7207236059080608
8872,2.333347877374391
8874,1.9283436682264872
88745,2.4255934283496523
8875,0.0670031148207685
8876,0.1697422064994797
8877,1.8166645887277144
8878,2.62672391768828
8879,2.4078704004209066
8880,2.312316533749606
8881,2.4203586852626273
8882,1.6723028276524707
8883,1.9358557768701203
8884,2.3477131253648085
8886,2.214375388333465
8887,2.3814190995599627
8888,1.8050617762556824
889,1.1134951054594784
8890,2.0480052021973267
8891,1.8944246115688843
8892,1.8449661002678892
8893,2.131622414534497
8894,2.559356999278354
8895,2.754345073828228
8896,2.3057925325721245
8897,0.9934079105081992
8898,1.3461948010338562
8899,2.233207621719463
89,0.0308612972995617
890,2.311755914689999
8900,0.3994881133746474
8904,2.4381772869512965
8905,1.8580979468287997
8906,1.8004172709338355
8907,1.7873948633923211
8908,1.831125368357342
8909,0.0396462670429822
891,2.598036041308726
8910,0.6884490603669726
8911,0.036063467897197
8912,0.6289717177811522
89122,2.2221110424010297
8913,0.0489301088118718
8914,2.364733759455576
8915,1.5973544278437533
8916,0.0252500893138718
8918,0.0
892,1.7836536218753591
8924,1.7469982951931131
8925,1.7993150914094491
8926,0.2394344754937768
8927,0.3448178579210003
8928,0.1171744819931155
8929,0.0
8930,2.2489829300789492
8932,2.5120867707542978
8933,2.8218684972021375
8934,1.454346038796764
8935,1.901585913896312
8936,1.384958552930002
8938,0.9109279598801904
8939,1.9913233062348052
894,1.5395531434341116
8940,0.0831865093464727
8941,0.0
8942,0.1341893368520052
8943,2.5112234335324484
8944,0.0
8945,2.1709126031601453
896,2.146024128002282
8968,0.3034983416408634
8969,1.297893935540531
897,0.0
8970,1.7615693948356652
8971,2.9048151958215223
8972,0.5587648425713767
8973,0.1756598215993468
8974,1.881417922438708
8975,2.170941138758454
8976,2.563336970027316
89765,0.7313557131355173
89766,0.0148554188895284
89777,0.0
89778,0.0
89780,0.0
89781,1.6599763516391368
89782,1.14017534471167
89790,0.4837258873436339
89792,0.0099324012091867
89795,0.6720233312132253
89796,1.657597569251318
89797,1.362627656907734
898,1.106366440837036
89801,1.229097859970257
89822,0.3029245872753158
89832,0.0
89839,0.3302739095085172
89845,1.4633124088475993
89846,1.3332190754990068
89848,0.4676271768005791
89849,1.4027192750019175
8985,2.300869248589826
89853,2.0548331268026017
89857,0.444290923284619
89858,0.1018311809447803
8986,2.0376911762668373
89866,0.0
89869,0.0610219959658159
8987,1.0640919320505478
89870,0.0
89872,0.0
89874,0.3386771083125778
89876,0.9352836928642309
8988,0.0
89882,0.0
89884,0.5331676798695324
89885,0.1539783414563714
89886,0.14563089186569
89887,1.3436873925754087
8989,0.9685511931225226
89890,1.6373154751776526
89891,2.66236135642685
89894,1.3376658297039752
899,1.9312802830077824
8991,2.3694290601900225
89910,1.940416800176664
8992,2.9353004886127954
89927,2.457176788047643
8993,0.09665278895269
89932,0.9902434325417112
8994,1.37808017248637
89941,2.373978051908576
89944,0.16651159931817
8995,0.1018311809447803
89953,1.579361519909796
89958,1.5519710063708956
8996,1.8658405575775383
8997,0.331657782425756
89970,1.8588695316369
89978,1.0831738423178476
8999,0.178182758872508
9,2.648409082851523
90,2.1373034587617386
900,2.4992280401788376
90007,2.683593734906361
9001,0.0884493778801894
90019,0.1014623682252616
9002,1.1780285403636783
90024,1.432648591913591
90025,0.4096645771812045
90050,0.0
90060,1.78489696948545
90070,0.0
90075,1.1280797444052535
901,2.466145614241334
90102,1.218077324568911
90113,0.0784592157513684
90120,1.933717362530292
90121,2.3760788797186296
9013,1.5274313621175633
90133,1.1729450652868072
90134,0.0142416006900836
90135,2.41764306098055
90139,1.6401104893684195
9014,1.570305276717398
90141,1.1663689533042785
9015,1.097826904680562
9016,1.6472892864241513
90161,0.1149999756639092
90167,0.0528497930137067
90187,0.1159067175904995
9019,2.555261381927872
90193,0.2151084127640693
90196,2.2671705660915107
90199,0.0
902,1.6642589834749444
9020,1.3403158945183695
90203,1.7743020931876627
90204,1.937364151389031
9021,2.5462146208591543
9022,1.4571569794920156
90226,0.0916285002418245
9023,0.6320061337478721
90231,2.278106523106799
90233,1.258408825107276
9024,0.0051875911285856
90249,0.1668522697819637
9025,1.721866522304862
9026,1.912228368069652
90268,1.5008701623839114
9027,0.0326656794165476
90271,1.2823318980276648
90273,0.2237231430345674
9028,1.4268941629801886
90288,0.3293037181343514
90293,0.921009611834964
9031,2.522497486257618
90313,2.1879153664567785
90316,0.0362629122582597
90317,1.4576540388509855
9032,0.0
90321,1.6042618584908628
90324,2.3448384622607454
90326,1.3703580229323682
9033,0.1822031529648999
90332,1.1914383808759026
90333,1.7974896521847614
90338,1.692749512810639
9034,0.6336557079009587
90342,0.0792173887819751
90353,1.25718112096836
90355,2.4137369729533424
90362,1.9691126491412736
9037,1.4962149756183756
90378,2.611998678084202
90379,2.019895001346629
9038,0.0
90381,1.2567158593930616
9039,2.231163648602151
90390,2.0236174123091497
904,2.029951475756377
9040,2.7372890858166525
90407,1.8943309862612496
90410,1.6928316945868862
90411,2.393956757405134
90416,0.99288164281869
90417,2.0573330106470475
90423,1.0434523447208834
90427,1.8195847927327489
9043,2.1795972105568056
9044,1.899624812716907
90441,2.49040436900914
9045,2.8562526398224675
90459,1.619694910619972
9046,0.6290638644046286
9047,0.3770218993897575
9048,1.6718581036102802
90480,2.4611274025399252
90485,0.1862036312220281
90488,2.3486001808924413
9049,2.5286054724954843
905,1.9280699312502376
9050,1.4948557840383998
90506,1.4639594475162885
90507,2.2597240897687314
9051,0.2392788897468582
9052,2.7510178323696346
90522,2.1319184111163336
90523,0.0388514046163894
90525,0.8328768932537903
90527,0.0744674501196066
90529,0.7922652287186234
9053,2.033945338038927
9054,1.6007706696629105
9055,0.2028245859775974
90550,1.8434744395022011
90557,2.6774028843798345
9056,1.1068009919138038
9057,0.6462637773472087
90576,1.4230129569337853
9058,0.7072071296679677
90580,2.135829756220897
90589,0.2645453866014184
90592,1.748400463348597
90594,0.7272177076215862
9060,1.7746542232604388
9061,2.610018828059424
90624,1.2956099504933802
90625,0.1959545645915504
90627,1.3546420414407363
9063,1.3734607672561558
90634,1.295238652070518
90637,1.9408185050343147
90639,1.153863560693322
9064,1.5671994081656349
90649,2.0500388367470164
90655,0.0
9066,2.366845018283709
90665,0.0
90668,0.4730326961733743
90673,1.2635219191582707
90678,1.930892061312309
9068,0.4742921022220122
9069,2.0531138351228058
90693,2.001518979542292
9070,2.3034875355334448
90701,2.526808675414024
9071,0.0
9073,1.4777673957653468
90736,1.990444077290699
90737,0.0
9074,0.116631393300044
9075,0.0105493414072734
9076,1.0999845922915252
9077,0.7360200493382384
90780,2.629127263906997
9079,1.394645857430928
90799,1.9883645742068676
908,2.8182140332270427
9080,1.0337429466485133
90806,2.0728034257752017
90809,2.1562780659763328
90826,1.4687081812486436
90827,0.0
9083,0.0
90835,0.281688135119667
9084,0.0
90843,2.732421528457291
9085,0.0
90850,2.0375027075883128
90853,0.5664601003485856
9086,0.0
90861,2.795334923148576
90864,0.2841907841167341
90865,1.208976403233978
9087,0.0
90871,2.1776192352697117
90874,1.7655426745991412
9088,2.164037554968051
909,0.0390501905320824
9091,2.0705463915372633
9092,2.230858898765494
9093,2.3144375678106592
90933,1.4466254791802269
9094,1.923877806172065
9095,1.0719376721274163
90952,2.1275216566354875
90956,2.348784474167566
90957,1.5676135065943066
9096,0.5831808520444036
9097,2.53370375892836
9098,0.0994309548859968
90987,2.0018880747986314
9099,0.2173508005232572
90990,2.20279863421264
90993,2.3685400930737717
91,2.419489858458357
910,0.0256268862991105
9100,2.184666035935823
9101,1.381478356303193
91010,1.4765516859141847
91012,2.2953798273743806
91039,2.083807438927117
9104,0.2147875574936126
91050,1.2645715434342846
91056,1.9082684398068137
91057,2.156078257415286
9107,2.212991909112781
91074,0.1195237358855934
9108,1.0852060983149088
911,0.0710306629776471
9110,2.2732184412315863
91107,2.4152380569099137
9111,1.57878191106635
9112,1.9941075339438532
91120,1.2253079615427582
9113,1.6637624048816613
91133,0.426202556890197
91137,2.149233966342614
9114,2.143199756171008
91147,1.3313719547953695
91149,0.0
91151,0.3277766613678189
91156,0.0465694896604753
9117,2.0123323121750416
91179,1.5793966247446969
9118,0.0
91181,0.0183253569229505
9119,0.0
912,0.1654887289915786
9120,2.2044495770947248
9121,2.21399764843566
9122,1.5225906759066683
91227,0.0503040803202519
9123,1.462530373352555
9124,2.6907362958691063
9125,2.2797298378956596
91252,2.22502651545358
9126,2.442241555304765
9127,0.0300581105554705
91272,2.558807974465701
9128,1.911918878645742
91283,1.5368921664408672
91289,2.2855516191051164
9129,2.149481009572541
91298,1.5542163175429085
913,0.2409886570316065
9130,2.5045048180749396
91300,2.6678486000585586
91304,2.4431220647473917
9131,1.7720804152499343
91316,0.3423674470386791
91319,0.6356665523461821
9132,0.1569143456541531
9133,2.3710835633468528
9134,1.3689341634615446
9135,2.256098161613426
91351,1.416411854638695
91353,0.0
9136,2.259437850308573
91368,2.3257121349100003
91369,2.4027555367465623
91370,0.0443997508881444
91373,1.5840249473198882
9138,2.0624701992231027
91380,0.0
9139,1.7723202273936347
91392,0.4910299161724296
914,0.8982928637381223
9140,1.9605846253403791
91404,2.2346876714837887
91408,2.073205016987844
91409,1.500290689219881
9141,2.3446858062718734
91419,1.3439132702897287
9143,1.0157666742215918
91433,1.5755723759999791
9144,2.8930805273656715
91442,1.3140018252317622
91445,2.309217031653856
9145,1.6679949526602107
91452,1.7827744299963686
9146,2.217179168741052
91461,0.7970243650313573
91464,0.0314631865193807
9147,1.750435191464922
9148,2.097768010402082
9149,2.066960600604882
915,0.7892185979494374
9150,1.846949831000266
9152,0.0
91522,0.2197463947522698
91523,0.7857193318219933
91526,0.6746159969928656
9153,0.0207662015448037
9154,0.0
91543,1.887437031716596
91544,1.5337334730103298
91548,0.043016088629042
9156,1.6791050153607303
91561,1.764311505282561
91574,1.4235208982469665
9158,2.525885384272327
91582,2.0917637068771997
91584,0.288587783888642
9159,0.6450942791261005
916,0.6960145607199003
91603,2.183374268141139
91607,1.3707334826857211
91608,0.7030005102551957
91612,2.358018953825386
91614,0.3646738325719965
9162,0.2531606609068825
91624,1.418711313113714
91646,0.0103437444480222
91647,1.3642590061547095
91653,0.8691602094327177
9166,2.106397087304413
91661,0.999843877170356
91662,0.1534591224248764
91663,2.7710940046492807
91664,1.4385256214441011
9167,2.505345270101313
9168,3.46180944202534
91683,1.424897023729036
91687,1.6096062031678915
91689,2.2320455359842777
9169,2.140930187642572
91694,1.9540108539133012
917,0.2781413110415791
9170,2.0348066944407788
91703,0.0758001637739616
9172,0.4439334324094268
9173,0.4416653188439572
91734,0.0
91746,2.2579808396907683
91748,1.8596025870629012
91749,0.7084394128579218
9175,1.5998139589712137
91750,1.8025705129168204
91752,0.0236049920866109
91754,2.1501865165466296
91768,2.007994058274293
9177,0.0
91775,1.8699650794224256
91782,2.2336326097821737
9179,1.904310493097546
9180,1.9130335459055463
91801,1.497049524225374
91807,0.0168982779780871
9181,1.9015524710392695
9182,0.4556405736865049
91828,0.2265741713124618
9183,1.7290156064871196
91833,1.7814913435007578
9184,2.641809225492911
9185,2.5663088235968856
91851,0.9808110108347912
91860,0.0489301088118718
91862,1.474307784450477
91869,1.701994887133683
9187,1.3810318156513166
91875,1.3959748032225407
9188,2.5181403233788515
9189,1.0995447951601998
91893,0.760386255559116
91894,0.0583067721494003
919,0.184705774775147
9191,2.3102139260399173
91937,0.172283623174845
9194,0.3819572681087859
91942,1.5853439297103469
91947,1.665294197651489
91948,0.0022864348041153
91949,2.090065648641257
9196,0.2270483524983386
91966,2.0693964515318584
9197,1.863441261027278
91975,0.6080181439776814
91977,0.4665875346150472
91978,0.7182985025239954
92,1.5412491975800775
920,1.5232626169071104
9200,0.4340948411158832
92002,2.187503571069591
9201,1.7367692695664916
92014,1.643041482705837
92017,1.561655304540154
9202,2.097317348613653
9203,2.071413222121655
9204,0.9438985872876596
9205,1.5848931166175113
9207,1.1872680601648498
92070,1.6232703157968638
9208,2.1535089534440544
92086,0.0548027927666294
9209,1.9226503579006424
92092,1.701632505502293
921,0.2311461362475948
9210,0.0282481437700031
92104,1.5574450147148509
92105,1.7780357729884748
92106,1.2273114392430753
9211,0.0140368959186701
9212,2.0496170270501732
92126,1.2869727374975586
92129,0.0
9213,1.9277411972847456
9214,1.8505478825605832
92140,2.5932999245814967
9215,1.4508098862211514
92154,1.335461506727073
92162,0.7449414366813515
9217,1.957649177554139
92170,0.8145336634585467
9218,2.369639709613024
92181,2.5125496194635373
9219,2.5187728546640815
92196,1.3055688771127552
922,0.0
9221,2.762833734162887
92211,0.0232000328901817
9223,1.573301934309109
92235,0.0166942133416963
92241,0.9053706959065853
92249,1.4281174059128203
92255,1.776421846641849
92259,2.273707191550399
9227,0.051284114267885
9228,0.0119871284396815
92283,1.0706450017075124
92285,1.4208545621045916
9229,0.5315834182476845
92291,1.7768061300187794
92292,0.3258287531326413
92293,0.1596680011708285
923,0.3063607784580491
9230,2.6772159582672215
92304,1.5835380691282177
92305,2.286846313380555
9231,1.9653810389474784
92312,1.724207253851562
9232,2.363847411013127
92335,0.6825914123261836
92340,0.3506401217746132
92342,1.913098539995629
92344,1.7621075253134222
92345,1.8787020337429623
92346,0.098876066768446
9235,1.407133199794358
92359,2.228738634160909
9236,1.4331706273962148
92369,0.0818655711838594
92370,1.4916625297369253
9238,2.1339382875362407
92399,1.6828180951645215
924,0.3326250168547689
9240,2.7070537811027675
92400,2.272408306445918
9241,0.1231249267976725
9242,1.4936607570391556
92421,2.428363875084486
92427,0.1541513409448461
9244,1.056945011238575
9245,0.1001702276495741
9246,2.720122388119763
9247,0.0
9248,0.0
92482,1.1218925400232636
92483,0.0404403802309502
9249,1.8180196356106215
925,1.0314264868242289
92507,0.0681558255976688
9252,0.5671647118428501
92521,1.1921864921064818
9253,1.620177525557305
9254,1.8071073588058468
9255,2.2756100577761007
92552,0.0
92558,1.88200631880284
9256,1.7351051056565168
92565,1.1515781641685687
92579,2.4216705830104623
9258,1.5162202686791433
92591,1.529346289148817
92595,1.838859701413632
92597,1.6596815302291328
926,0.0467664613262632
9260,2.139605119757749
92609,2.0040951869922097
9261,2.8775505280932334
92610,2.03690723157466
9262,1.7973712637480217
9263,1.914258529192256
9265,1.7400294406291963
92659,2.16665111762151
9266,2.294308199067761
92667,2.267889264680217
9267,2.0566116773157055
92675,1.2602947345734683
92682,1.40570787873223
92689,2.1591268048541115
92691,0.2774003643749096
927,0.0276439590910099
9270,1.9213634144669332
92703,2.248518345121734
9271,0.0136273381928503
92714,1.9448731642912451
92715,1.4024925309172342
92736,0.0119871284396815
92737,0.1279616427158935
9274,1.7205950022562164
92745,0.9003145074518529
92747,1.6182278801794692
92749,0.1216863419358079
9275,2.275583079257625
9276,2.26467380669686
9277,2.370498773870328
9278,2.1045697640171057
92797,0.4876678838918387
92799,2.179795981885341
928,2.993104772390459
92815,2.5538389752138597
9282,2.026527919863019
92822,0.8520346134040856
9283,0.1565694824896934
9284,0.4795354411318963
92840,1.585222599626277
92856,2.395259778197928
9287,0.0
9288,0.0
9289,1.8214491890623576
929,2.0424363157377976
9290,0.0173062599854029
92906,1.9605918283222945
92912,2.336941122018896
92922,0.9382837769581078
9293,0.0225922306114602
92935,1.7280303304730529
9294,1.4456779764263052
92949,0.5786415874241545
9295,2.2034710973041896
9296,2.875697711323488
92960,1.4770730719682434
92979,1.954428170090469
9299,0.0
92999,1.4845075641332108
93,1.4623514490121574
930,0.0396462670429822
9300,0.0
9301,0.0
93010,0.614445681934327
9302,0.0
9303,0.0
93034,0.0356644376201233
93035,0.0344662129356738
9304,0.0
93058,1.0730894421446169
9306,2.4176296238036574
9308,1.4917468304875705
93081,1.3529246702447706
93082,0.5328511061416793
93099,1.091662163960905
931,0.0298571944893556
9310,0.708767642995549
93100,2.1976996696899667
93107,0.0
93109,1.1858332080617138
9311,1.0103181690492256
9312,0.009520858735307
93129,1.7507593825503267
9313,0.054997842915243
93134,2.012407871437087
9314,1.424897023729036
93144,0.7128571309131293
93145,1.7129138637036572
9315,0.5307370523394719
93166,0.3157326270918106
9317,1.7069179463256317
9318,2.238483665958096
93183,2.1169387133679263
93185,2.619134490685306
9319,2.1515890175808536
93190,0.0
932,0.0
9320,2.387167894520197
9321,1.8673170838112192
93210,2.3073065821195105
9322,1.9542891141315384
93233,0.7380652541525784
9324,2.3806478587119404
9325,2.2195637244982067
9326,1.6993710075919437
93273,0.0
9328,2.0530629810476833
9329,1.727093526664658
933,0.6956800969650445
9330,1.6144339571314272
9331,1.0447575712199526
9332,1.0745604168111234
93323,1.3162380603986648
9333,0.0837519842731955
9334,2.3755319049919694
93343,2.2353340091876253
93349,0.7182176098868207
9337,2.4155590417867145
93377,0.0
9338,2.6448334259729327
93380,2.0160109134821336
9340,0.0126025784990239
93408,0.0
9341,2.4281079942238204
9342,2.4161961494404816
93426,0.0
93429,0.7433069469906731
9343,2.3692384579237182
93432,0.112091680115918
93436,2.0103941296092778
9344,2.0696072721388523
93463,0.0
93474,0.9409256440503704
9348,0.0362629122582597
93487,2.403264817156364
9349,2.876538018244621
93492,0.0
9350,0.0
9351,2.4731087422285696
93517,0.1164502841304022
9352,2.070686514630139
9353,0.9067040935406632
9354,1.704403219584066
9355,0.0144462560950847
93550,1.4097483725267743
9356,0.0
9358,1.453367556068441
93587,1.4141265320858087
93589,0.1666819524291762
93594,1.3507838911362522
9360,2.1809426632055184
9361,2.372009856426958
93611,1.4770513585660507
9362,0.0
93621,3.196449923077308
93622,2.3938406683919693
93624,2.0021145356680012
93627,2.0211214215807187
9363,0.5385282402559196
9364,2.0930029317287424
93643,1.8180196356106215
93649,0.0590834488965626
9365,0.3994881133746474
93650,0.0773206608342586
93653,0.3407294843816316
93654,0.0099324012091867
93659,0.0
9366,0.0
93661,0.0332662841654657
93663,1.7238243822682513
93664,2.0721170307495824
93668,0.0115765804481612
9367,2.098597768824245
9368,3.278295495698614
9369,1.001559014475482
9370,1.1532630319845232
9371,2.303278182339938
9372,1.458082917560794
9373,2.0724496630173976
9374,1.3049613687614483
9375,2.8853136884785715
9376,0.0
9377,2.862449372630167
9378,0.0068409645610921
9379,0.5209318171394252
9380,2.2538018365577024
9381,0.0440046509270564
9382,2.45197916893935
9383,0.0278454019696254
9388,0.09665278895269
9389,0.0099324012091867
939,0.3690316536073664
9390,0.0119871284396815
9391,2.4978530970025172
9392,2.0384029686385747
9394,2.3181966013698725
93948,0.0799748722352531
93953,0.211088440665768
9397,1.0923751100493824
93973,2.1192803702597898
93974,2.4385503299593476
93978,0.0
93979,0.0
9398,0.2155894543456707
93986,0.112091680115918
9399,1.043645892706422
94,1.7150421783019745
940,0.4197050060744942
9400,1.934149053684189
94005,2.4234104494796025
9401,2.336063385360536
94015,0.5014651472342031
9402,0.2420747747849154
94025,0.0931203544834532
94026,0.0
94027,0.0
9403,2.704596549148667
94030,0.0598594062479726
94031,2.4549000859284527
94032,0.4198281252169684
94033,0.0
94039,1.2438648584651577
9404,1.632472728286537
94056,2.333553719658686
94059,0.6734073069541153
9406,2.1341464335147577
9407,0.0
94081,1.9051897363570791
94086,0.0635354152782802
9409,1.9874516641232616
94097,1.4309363109882094
941,0.1997239947427288
9410,2.0851723261153157
94101,2.1589370412616256
94103,2.497260385733214
94104,1.796056003212588
94107,2.376977448104157
9411,1.6781719157081372
94115,0.0
9412,2.149606632098298
94120,0.76152459206033
94121,2.187612394714882
94122,2.02321989389902
9413,1.6830981377745744
94134,2.1589243867199355
94137,0.01219232802879
9414,0.1771745280964104
9415,1.4328384857611078
94150,0.0
94151,0.0
9416,2.5181732161180377
94160,0.0
94161,0.9086988910980096
94162,0.0
94163,0.0
9419,1.5400301708168838
942,0.966355475426881
9420,1.3863388527549505
9421,0.0
9422,1.735416066312843
9423,0.5779482733331723
94233,0.0
94234,0.838023648741446
94235,0.0
94239,2.5811841400713185
9424,2.1671253508130004
94240,1.4501684119471066
94241,2.469755777183902
9425,2.170124918462262
9426,0.0
9427,0.0700734830017112
94274,0.8686460001146424
9429,0.549646572340467
94298,0.0
943,0.1557066847631222
9430,0.0
94304,0.0
9431,0.054997842915243
9432,0.0
9435,0.9733542216433912
9436,0.0280467968559265
9437,0.0
9439,1.7084014347390366
944,0.4694718140338474
9440,0.2663517753936261
9441,1.109833744364248
9442,1.5153778840125922
9443,1.6875412598474668
9444,1.5923277824086686
9445,2.532682431627398
9446,2.7231904204715067
9447,0.2487141744835275
9448,2.2244265631450295
945,0.3618876446659664
9450,1.455072965275106
9451,1.892128793765589
9452,1.7585740268382224
9453,2.0256960282390546
9454,1.782930368457872
9455,2.0339274960083964
9456,0.8017491442114282
9457,0.5944999617291463
9459,2.1216068787063063
946,0.4829349353870622
9462,1.3755100945499383
9463,1.6604918270200877
9464,0.2933960701910224
9465,0.8640641137801028
9466,1.0627818856111626
9467,1.1436894808184457
9468,0.1078929593095223
9469,1.446024832329749
947,1.920543002775528
9470,2.2215411374449023
9472,0.1100862611199595
9473,1.0746522303708936
9474,1.7562811794024753
9475,1.9122120851244389
9476,0.1222261062390532
9477,2.2171470716937187
9478,0.1677033206330719
9479,1.300413468709375
948,1.4568404099262928
9480,0.0951672823362936
9481,0.3602909569068961
9482,1.7948774277262896
9486,1.9298185907480487
9487,0.9652546586961622
9488,1.3744465252742837
9489,2.1509078808058755
949,1.8440621224440237
9491,2.3211701085119465
9493,1.778846077463464
9495,1.3116060569913417
9496,0.1716066910730517
9497,1.4013825491512049
9498,1.5914733146060835
9499,0.0128076294222381
95,0.140897664497433
950,2.336809490451702
9500,2.7813083357579087
9501,1.328559983318118
9502,0.055972413796195
9506,0.0
9507,1.5663340317904226
9508,0.2011941885601803
9509,1.9782704518571437
951,0.8721728276124744
9510,1.7029999507349665
9512,2.0900605374523367
9513,2.0810832692531687
9514,0.0115765804481612
9515,0.0097266548872287
9516,2.597804248562962
9517,2.4506544163573807
9518,1.961117287102793
9519,1.0151580793795705
952,0.1714373696317186
9520,2.4879848583224997
9521,1.649873314480573
9522,2.4902114164372255
9524,2.5488518853732187
9525,2.311481959379901
9526,2.2651134082201225
9527,1.9494130269955745
9528,2.440823476549779
9529,2.2573797882656628
953,1.4039017454648894
9530,2.0080004276724432
9531,3.0366079231258807
9532,0.8008926293515101
9533,1.6768395938753335
9534,1.4500537760533247
9535,1.6805291889271907
9536,2.860620544275153
9537,2.5378927282648065
9538,2.5984474105129145
954,0.4968210373473922
9540,2.068914896632406
9541,2.305970217918796
9542,0.1444063892768966
9543,1.641017886402823
9545,2.3478811362531826
9546,1.505030335189891
9547,3.224742651290124
955,2.2814571444225944
9550,2.5282086204555427
9551,2.1742759521214725
9552,2.2940248625033344
9553,2.4724049742145704
9554,1.9874516641232616
9555,2.248498837996356
9556,2.483065447981395
9557,0.1944747460819447
9559,2.3198766526219257
956,0.8393712561395661
9560,0.818647303247309
9562,2.1786853864165736
9563,1.7339089526901568
9564,1.8356791072934775
9567,1.907470084296219
9568,0.0244143296379668
95681,1.2177561327435151
9569,2.124866733011748
957,2.1185865585122405
9570,1.9739587762972064
9572,2.054259034522854
9573,0.1596680011708285
9575,2.028156023734653
9576,0.0455839386189831
9577,1.9551227096479251
9578,2.2702646285677144
958,1.430197279334524
9580,2.2146916494284925
9581,2.135104148792123
9582,1.4983194690431088
9583,2.0445697951544206
9584,2.4105417817439756
9585,1.8910231764317316
9586,0.2878566660488788
9587,2.35601150599245
9588,2.9996468602002824
9589,2.038003119368154
959,0.1268892755676334
9590,1.621942800854051
9592,2.434902520548395
9595,0.7640220756016312
9596,0.0
9597,0.0197500372972908
960,2.787075234367137
9600,1.434733486389105
9601,2.9756003230031136
9603,1.087635505580786
9604,2.502215065700434
9605,1.3207118759447876
9607,0.0
9609,0.6025846045586397
961,2.5501350699846688
9610,0.9437845071542303
9611,2.17075765502574
9612,2.403045506701668
9615,0.0045667467349953
9616,2.341227934257557
9617,0.843397234932471
9618,2.2593213970556545
9619,1.8305190606543744
962,0.4436950095059055
9620,2.168338937765608
9622,0.9655851113547947
9623,0.0193432301006561
9625,0.7796242227657061
9626,0.0
9627,0.3452255001400199
9628,0.0811098068644656
963,1.7233644947312792
9630,0.5189977416650049
9631,1.89964161484983
9632,2.1686837344868612
9633,2.077726021728776
9635,0.0784592157513684
9636,2.6749516136932954
9637,1.9013182930902048
9638,0.5629265476423145
9639,0.1496413741592798
9640,1.9867588250234365
9641,1.566875077736345
9643,3.1608916201022805
9644,2.08553992318455
9645,1.9596759841122964
96459,2.088929206266354
9646,2.4819169317541956
9647,1.3251481158759866
9648,1.6541625555192088
9649,1.8348924398078177
965,1.6232383724666362
9650,2.14518312108461
9651,0.1666819524291762
9652,1.9891549064567144
9653,1.7784298630175794
9654,1.5490792142236391
9655,1.9436716754788492
9656,2.0466624242079177
9657,1.938676411385455
9658,1.8277346417345348
9659,1.306266654680713
966,2.302696246722322
9662,1.448077902841364
96626,0.0
9663,2.0111971170352967
9665,2.13646401543849
9666,2.242157970614036
9667,1.96602795957258
9668,1.4517019944972904
9669,2.444446830469558
967,3.2013253618503312
9670,1.9655944283377471
9671,0.7112243038924823
9672,1.9033710605599483
9673,2.1841090834762915
9674,2.7194680909969
9675,1.9247308251329776
96764,1.893180175196376
9677,1.331920996668941
9678,1.6925851037308808
9679,1.952300342046825
968,0.0
9681,0.9919859381223876
9682,1.4817193471130907
9683,1.92603838567147
9684,2.2236366424581435
9685,2.3919648078592983
9686,1.9575911139736757
9687,1.963848315660479
9688,1.6339262589393555
9689,2.7208057944695985
969,1.001039789702444
9690,2.232863841467001
9692,0.8386978048455055
9693,1.4854903830956845
9694,2.054512419782483
9695,2.241925972652062
9696,1.2148210855041723
9697,1.8950368956184325
9698,2.2946959730933925
9699,0.0406387916047836
97,1.7710282247858842
970,0.0681558255976688
9700,1.7581140711146392
9701,2.055102981491466
9702,1.5263336864636814
9703,2.133625840784333
9704,1.9054465098017743
9705,0.0049806933258769
9706,2.0430346854866004
9708,0.0368609624667365
9709,2.3799787762103115
971,0.511861611113703
9710,1.7385011873116902
9711,1.1237514902292287
9712,1.2353222602450769
9715,0.3629502500681105
9716,1.921737215854614
9717,0.033066130062972
9718,0.0
9719,1.1131514947189016
972,2.7986049177436363
9720,0.009315012732202
9721,0.291796596737495
9722,1.3297793835532024
9723,0.380661596988309
9724,0.0
9725,2.020585736829618
9726,1.5689433650508988
9727,2.384173079242739
9728,2.0058671050324226
9729,0.0039454490619983
973,0.7019240446928626
9730,2.116083410939496
9731,1.4009024903604124
9732,0.7071248976131833
9733,2.017274816619558
9734,0.2754706199613274
9735,1.4181252102380515
9736,1.8048185990889496
9737,0.7266587159999359
9738,1.839483169789916
9739,1.971963231123685
974,0.3519878191240783
9741,3.285439469442858
9742,1.8531930068188975
9743,2.005142640695683
9744,0.2964405318140994
9745,0.0082850342053478
9746,2.176822488358173
9747,1.652787217223908
9748,2.439557760583958
9749,1.2224483146238725
975,2.8215683366868904
9750,0.3509098510791981
9751,0.9675092085980954
9752,0.0362629122582597
9753,1.1974694349666126
9754,1.1550227837869538
9755,1.1153813156262342
9757,1.944287896919217
9758,0.0
9759,0.8484608810495193
976,1.2144620844596672
9760,0.1465044137579888
9761,2.6968187098603296
9762,1.1582878204043083
9764,1.1138385117448255
9765,1.6444618238901088
9766,2.424023933778158
9767,2.172888282075312
9768,1.603245607296228
977,2.7868194818687835
9770,1.4335262499186647
9771,1.7382047757317252
9772,2.3959730862520723
9774,2.318780357786152
9775,2.6667442148506773
9776,2.3018947334152196
9777,2.5131553838246123
9778,2.3721810108735606
9779,1.6950312570212538
978,1.308475290706864
9780,1.933717362530292
9781,1.5020476782558665
9782,0.572077547613224
9783,0.2557556363801945
9784,2.590129766716388
9785,1.9023459879531777
9786,1.362927122208587
9787,1.9724945186367908
9788,2.2818868277262947
9789,2.487346035319018
9790,2.0597051804964104
9791,2.3509211693984167
9792,2.4876458458936774
9793,2.571640184618171
9794,2.1621951680000415
9796,0.3047877429779049
9797,1.881602436968832
9798,2.2892106079359245
98,0.9030608630194422
9801,1.9317223919251447
9802,2.7567105667485374
9804,2.986770520643933
9805,2.098163131589889
9806,0.5535539996320848
9807,2.3607289196047008
9808,0.0412337454202869
9810,2.2023260099650086
9811,1.5312536191924726
9812,2.0564269249624
9813,1.9918684822542851
9814,1.544528902982229
9815,1.0504762665090448
9816,1.7268653520647486
9817,2.5523242480828836
9818,2.1776152360617766
9819,1.8730089303854545
9820,2.045395563936998
9821,2.1572415084705496
9823,2.2754841392167293
9824,1.8366995521035612
9825,2.098068141648211
9826,2.2224834279534225
9827,1.66171189534059
9828,1.885971032132146
9829,0.7662843762212245
983,2.452874494343235
9830,1.7475185935128446
9831,2.329264135963455
9832,0.1410734588900477
9833,2.1896774465494744
9834,0.0181216355189445
9836,1.6422760250098345
9837,1.897147236989489
9839,0.8805582030659214
984,2.004416797680542
9840,0.3465827451363191
9841,1.4831583280674567
9842,1.437068688827544
9843,1.6402336320282689
9844,0.8475310989413937
9846,2.0709235248010365
9847,1.896216320064247
9848,1.411112868637441
9849,1.3382083312139
9851,1.4928834707278282
9852,2.0663886447198574
9853,2.033433530342633
9854,1.3372943207340129
9855,1.5898798351823646
9856,0.1680434911261384
9857,2.058977323645842
9858,1.8095511052944155
9859,1.118028728077224
9860,1.1885487637181826
9861,2.0055403048020244
9862,2.413641695849622
9863,0.6087773912275745
9865,1.6751472357654036
9866,1.004561747739814
9867,2.5619028000107495
9868,2.6222757055867736
9869,1.8845171506045055
987,2.257632994251331
9870,1.9061910510356128
9871,2.3281967743714747
9873,1.8813124478979433
9874,2.1738476973477328
9875,1.6099679823152382
9877,0.025020825205399
9878,2.2861212149195715
9879,2.150419932985793
988,2.2883609566542704
9880,1.3321808690960255
9881,1.523381097586101
9882,1.9175899061194563
9883,1.5627475161505249
9884,0.2727908060345824
9885,1.8109813872729144
9886,1.82631030727334
9887,2.6042243345860987
9889,1.646864768292073
989,2.1751107506641265
9890,0.5377948377550712
9891,1.9134963982739408
9892,0.0162859366995967
9894,2.0586601762011405
9895,1.5390565299718582
9896,0.6372164097453008
9897,2.423706054188398
9898,2.6608128272954867
9899,0.0949814066654706
990,1.9720331789678496
9900,1.92234091850118
9901,0.9795207088381264
9902,2.3251407817306435
9903,1.624291333061029
9904,1.713476319803818
9905,1.5868838207189195
9907,1.5601585304847152
9908,2.313493629881777
9909,1.926745507905452
991,2.2486613627788463
9910,1.724551552677437
9911,0.3454971413353746
9912,0.4146396168447367
9913,2.0559898720322707
9914,1.5862096602990583
9915,2.502651904127329
9917,2.531360396679371
9918,2.2657871621925914
9919,2.358666732418024
9920,1.7231215817836574
9921,2.611626691656757
9922,1.9161817002204065
9923,1.441216831235303
9924,1.4075076210533828
9925,1.9355641574512072
9926,2.472553863945335
9927,1.9340488816628805
9928,1.5306510983221953
9929,2.2021323071662424
993,1.6745484061880878
9931,1.959618221118627
9933,2.266419496614824
9934,0.3099240547125964
9935,2.218492557366114
9936,0.7992478318069025
9937,1.8972486615438635
9938,0.8946004339262484
9939,2.6344236878508887
994,2.3919606359238954
9940,0.0465694896604753
9941,1.029745128163697
9942,1.5522127470579163
9943,2.199393946727699
9945,1.498527341634697
9946,1.5119329600950475
9947,0.0
9948,2.7063235324324975
9949,1.7216869347675188
995,1.748086578386452
9950,2.5151978466299707
9951,0.0207662015448037
9953,0.7052307981688478
9955,0.5809148559994847
9956,0.6859084349208876
9957,0.4322809434226612
9958,1.435607511157895
996,2.3682702130389397
9960,1.6140104796889214
9961,2.473142289578903
9962,1.6868061157328842
9963,0.9217193195687378
9965,0.0388514046163894
9966,0.2232469786978939
9967,2.576729674871017
9968,2.169458288986823
9969,2.3460715670923915
997,2.481507218268344
9970,0.1800279227715205
9971,0.0099324012091867
9972,2.3553465542126673
9973,2.2309958988666807
9975,2.0122441407104357
9976,1.431721830472852
9978,2.306759063163082
998,2.422417992021339
9980,2.198822587713092
9982,0.1243816268565123
9984,1.68321010573956
9985,0.682420873373001
9986,2.074513838061132
9987,2.6574300050099837
9988,1.9034709276994664
9989,2.1930257805807827
999,3.036828631979901
9990,1.3007199157807636
9991,2.49363407184952
9992,0.0
9993,2.61412546297469
9994,1.3436873925754087
9997,0.1442313103832132
