genes,expVal
7105,2.03810312165998
64102,0.80424091634605
8813,2.53463086841567
57147,1.52623555787823
55732,0.937535115896132
2268,1.57596150761303
3075,1.59661064459007
2519,2.55899942192346
2729,1.74737345677239
4800,2.30748888404889
90529,1.03516777648873
57185,1.54977111055499
81887,1.82985209703105
22875,1.69151496246876
6405,2.37712404291618
1080,0.0888240246898696
54467,2.07251937042893
1595,0.129210969736922
889,1.22558959177282
5893,1.39571950501315
84176,0.0786488237171767
572,1.28096675506273
51056,2.48930980163554
4267,2.60076056482157
9957,1.06024711551588
26,0.198578647323509
51384,0.032865928486596
23072,0.0193432301006561
8379,0.158292338591208
3927,2.57195261424126
29916,1.80060959010342
55365,1.89688510529005
4074,2.09512620599941
90293,0.41277783994571
56603,0.491923852706397
3382,2.1071683560752
79007,2.48465085959217
57679,1.34596990754621
843,1.14344501007658
8837,1.71338480607462
7035,1.10701814516023
55471,1.65792335882252
10181,2.15368881514556
9108,0.454231341857618
6542,2.78523880784593
381,2.72429998724435
23098,0.439030404627156
26073,2.66819093713785
23129,2.34037908407209
204,2.2056982776592
952,0.848925267461975
2288,2.73367339072726
23028,2.35447344759655
10180,2.4757616430473
84254,1.22195254690428
5965,1.52261045224731
55610,1.46085041769921
126393,1.11173193462736
115703,1.4298631668686
4706,2.60446901332168
5166,1.7113666835624
85413,0.0477506279872771
51364,1.20310610098679
340273,0.0459782976541651
170302,0.380142708006382
10165,2.06314724304337
7982,1.65125749676632
996,2.22813484379415
6521,0.0314631865193807
799,1.46393714989889
3052,2.03796193420251
1856,1.62543727451794
64063,2.04703015986979
5976,2.20311087992865
8935,1.62588214811544
292,3.00581539355129
55013,1.94649683970989
3207,0.0782695646180464
5439,2.51888634527331
56919,1.51037370286808
4222,1.26279912046095
221981,0.637489555244622
3980,1.70275894331187
79657,1.99017057344555
6296,0.943841549852054
81691,1.3033785922226
57019,2.28052522561056
56928,1.88420305445988
80256,1.50789288317959
51226,1.97397269505081
5577,2.12542803293233
10943,1.56781142540395
1387,1.91784686967234
9256,1.82559631211579
4353,0.240988657031606
5444,0.0103437444480222
6936,1.63273877220912
84058,1.92345060907832
54677,1.7599157064384
5244,0.487892500867173
55904,2.02199413141652
57414,2.65440405282251
30812,0.145805671023461
25998,2.12600696677418
7748,1.7126389148217
23077,1.50919587814994
26224,1.95379836427016
3683,1.63442533345109
5164,1.33356468885435
3675,1.79464998551841
7543,2.02461243043048
3920,2.41957952256487
3674,0.299329003342691
51573,2.19943525837164
55049,1.69957339646064
9244,0.56545230127155
114881,1.43979112100478
26022,1.65435656092708
51087,0.811378548892843
3883,0.15328597584667
9020,1.34023061747823
6833,0.415383035402473
54972,2.23592512153548
163,2.53111937347138
6863,0.6838690986514
10127,1.99449043988821
6376,1.7559373852506
64847,2.26897052462772
8913,0.0346660352741282
51330,2.26053743106985
1750,0.0156731530012164
4293,1.12979359863195
5898,2.40585655147597
55971,1.48798132244131
80853,1.98786811237315
2115,0.824252705128805
55750,1.68925650270361
221,1.73509266261779
55001,1.23818463501265
57157,1.70775302114006
10344,0.235848264810662
9855,1.21907539488418
10083,0.0111658338983268
79017,2.48374749218407
10926,1.65283213104151
6915,1.02631834550999
3475,1.25227589346259
56891,0.0298571944893556
1352,1.1842430288831
9569,1.87542418672525
54623,2.5671070053139
27072,1.94099270245549
9912,0.748817038278525
60528,1.98774725446333
85477,0.599227281538891
414,2.25328619184906
8228,2.16047749358851
8735,0.0561671921294347
79602,2.24548443042035
51265,0.3433213143432
151531,0.0960960359655527
10942,0.440588527920646
57787,1.94885675623499
8842,1.29564088037944
115098,2.38865353482794
90273,0.724978945969369
5048,1.79506145822526
4843,0.255145820657265
1770,0.0207662015448037
9703,2.17738320352076
9058,0.18237023598199
8522,1.39050919892234
79090,2.5871684801841
4145,1.47737695911113
1087,0.367977499352665
974,0.785061139602079
6329,0.429004765244695
54879,1.44509934753206
8277,0.0380557917082188
5080,0.0156731530012164
113000,2.08006565808097
64285,2.31737704213777
55692,2.21289442250732
9254,1.045867172078
8938,1.44789370219646
115939,2.23475202217429
9091,1.80064163478914
57585,1.58834978861818
7005,2.33861531835868
6401,1.72022183860938
55735,1.93216400763609
2328,0.627680383189634
29116,2.41054767496489
27035,0.766660676119162
1870,1.05939976565008
5689,2.91356104486783
6853,0.2349100619558
3720,2.09764788851377
6792,0.535169421379914
57172,0.170590231281182
728642,0.374019038847603
65220,2.27764210257552
7021,2.54546392436721
9940,0.130458397610706
9265,1.43461525812249
53616,0.618947498585252
6856,2.81374580539247
1534,2.69805047337147
9043,1.76115949676224
1951,1.53836805956152
10157,0.998384783777556
55200,1.70683833306379
51188,2.0776044174271
84954,1.7470467213802
4257,2.69449409955002
1407,1.98902775922012
4784,1.88923407942692
6482,1.77935173808096
64386,1.22944745884321
9235,2.11768307194136
5310,1.23355600785742
23542,2.06506157169559
9862,2.0094244945986
23221,1.29440228574582
54497,2.05801949113037
7095,2.43076754032386
6224,2.98029144151928
7812,2.96530917056844
9690,2.15059273483458
5980,1.42303715621221
10178,0.0867613730983522
10747,0.451994555382277
389434,0.628141849012342
199870,1.75108333103223
80342,0.99282899091581
29954,1.45142766972731
51534,1.94890870821589
51085,0.512838866357547
9031,2.40649612475818
10048,2.18256693395301
51513,1.50521486414612
83932,1.06381145293697
51603,1.9737917122479
8798,1.43520612120172
7756,2.23196359665879
7384,2.77534411340525
83930,1.88644871544301
928,2.86627911863958
9918,2.22483478526435
25900,1.32561600224343
2696,0.632739760978314
51533,1.50206831103431
56920,2.26384876343615
11188,2.10579552971653
23166,1.93121819310811
80199,1.79630427494451
6540,0.0316637209677261
3423,0.30864315849777
5646,0.108075957165901
7752,1.17630069599142
920,2.45625195109692
10233,1.60402881707892
695,1.53928580022413
3077,1.59051445119711
22955,2.06857905978318
2534,1.67046369988536
3097,1.54223737348664
2326,1.44597859879024
6924,2.14487161811456
11313,2.55823881551783
1185,1.43857254883972
9902,2.06497402506485
6534,0.0314631865193807
10867,2.12932811621396
55727,1.59525526232138
9546,1.29148023927213
54903,1.31208607766326
51099,1.80520972849242
3730,1.4105675103249
26993,2.25051507164653
54799,1.74838839505255
51096,2.21831133267095
54476,1.87822399559332
54902,1.94458063946955
5725,2.67042530167247
8193,0.240988657031606
9066,2.06181951222498
23395,1.13066944620791
5286,2.04646116547277
5329,2.19436981667445
54443,1.85486575812574
58525,1.8964280810467
23637,2.10963704873824
1634,2.40831196526156
54814,2.06313624409579
5536,1.97725741170193
23177,1.63924755945402
8491,2.03218083182045
27033,0.365071029658415
7305,2.93373192729858
57146,2.21934409011048
2556,0.0066344685557293
672,1.377392542352
2067,1.98106149100894
933,1.5326307449285
7869,2.30345448869494
51360,1.43567831136519
4007,1.58202203506196
4057,2.1871224193515
2137,1.06897880644196
9971,0.0074601518934053
60481,2.73910087125027
240,1.77607116931972
8284,0.0029089440711514
57658,1.9286562792712
55148,2.28663185056608
11183,1.905570696033
30845,1.37121581605333
5704,2.75768938950642
23324,2.08114088438737
57709,0.0051875911285856
5010,1.03172270628873
51629,2.80887131933199
9961,2.26035232671991
51667,2.13821696493474
5238,1.91799133891341
112611,1.54223737348664
1195,2.61686467141676
55703,1.46398174413014
23357,1.72644672294919
9604,2.2700238919555
1774,1.2937508722548
1663,1.54870479736934
50865,2.35612843079636
9052,1.53359818667007
10046,0.699433353201218
923,1.32253789340322
10460,2.06038729034477
23376,2.30835274853166
23649,1.12261148350034
23144,1.93015339003832
823,2.5708763992612
55,0.4537610008247
4190,2.51644542555529
10463,2.20012180877303
10903,1.22829293772308
1355,1.95222676207171
440193,1.82506253240354
10138,1.28631221339391
10771,2.50393837491399
7454,1.98587583623197
1800,0.179357441318622
637,1.73429556901295
9782,0.886900215829967
29881,0.637307470186854
64132,2.08595367515747
84220,0.009520858735307
23386,2.02607880472089
3670,0.0191397532419228
55349,1.87740826363363
53832,1.64181613285628
22802,0.0759903776592968
55830,2.34678988640112
27032,2.06983957584846
3479,0.416373114730743
92745,1.04364589270642
10928,2.0883288447823
22902,1.65284710132612
1272,0.397334738233834
6556,1.06250078205284
25937,1.9323885003337
8540,1.80186818531051
63932,2.07184318864758
477,0.574073068566468
55622,1.82591826399029
147948,0.866714009143668
23584,1.9337713497043
23187,1.30965149351984
8685,0.331657782425756
1591,0.356418455032734
56981,0.808419912701484
57586,2.25225251645453
6591,1.63302029746046
972,3.37123976867114
3082,0.562015080568626
54764,1.45461876071243
23154,1.86737166771103
25960,1.34568865445499
155100,0.0320646470462866
55734,1.43167425815228
4331,1.66619624835183
23034,1.16859551523787
864,1.77060433183882
4361,1.82631030727334
58473,1.70269197353123
1992,2.46563986726272
11136,0.443814230526589
6683,1.51199360898342
9369,1.08880162220682
114879,1.81263527056041
9716,1.87336765075176
1373,0.260314293805805
2273,2.04533787717112
51507,2.2756999703017
2554,0.0064279224007442
55655,2.35992367650462
57210,1.00052011843558
9921,2.61264893848212
55778,1.23897518306044
64429,2.19533262597785
57476,0.349830363419514
6050,2.24863211411944
4719,1.97974734545194
9821,2.21008794402558
23071,2.24020754205117
211,2.30877298478337
330,1.34071367050895
11215,1.87944453301746
51022,1.95047886089769
6617,1.55751855744739
51071,2.10841452783716
11171,2.75421527544192
1244,0.284043790811643
50619,2.27572993571962
51177,2.12315422065199
2730,1.83600317401929
23304,2.05394910682427
30846,2.42061733266857
55635,1.26407978541583
25901,2.15241066925334
58528,1.72872530695589
3298,2.03483042803112
51230,2.03618076957269
8630,0.997862824863452
10062,1.63233181893158
1890,2.41675301730589
29781,1.82811497788635
10953,2.41136377783819
11231,2.46427878108014
23633,2.10822495830801
7431,2.89953830303977
100533107,0.48078375306669
355,1.51310416207488
8635,1.84448550705704
960,2.30198050640724
3755,0.658469637504864
56895,0.47589186766071
57823,1.61286841581787
11119,1.72929310415946
4285,1.97232682224439
5583,1.52128364147889
3645,0.0658488120877697
3459,2.44663089753844
11285,1.75469031894693
9047,1.38988968076559
7444,1.79020672397331
7133,2.31822555104196
55591,1.8516268765096
5452,0.911168465945412
65980,1.73659569856967
6642,2.24236332128497
9519,1.25718112096836
56938,0.636852048497301
9774,2.38457063417149
55334,2.42174067101512
286,0.148422877795907
3381,1.49987635746745
51106,1.40982289424309
9135,2.05181204613382
3149,2.6231685086908
23279,1.81253144438509
578,2.03579038033898
4593,0.0177140457770852
22807,0.865939569452192
2896,2.98453678312918
51306,1.75236474743967
57514,1.61314603369289
55166,1.85936147282279
6301,2.63789433851422
8498,2.01284204585593
5926,1.77819345263375
7260,1.89778916153397
10908,1.819186386368
8100,1.63484600471191
56052,1.48006037220694
55596,1.89415218666874
10061,1.68862097218531
54480,2.20671457278793
57554,0.0581124904196997
2530,1.89952398517976
55236,1.90885179617699
9846,1.55040602215378
535,1.74215267153011
8554,1.54333716450444
9497,1.77697555703727
321,0.982687815976914
5606,2.10188808785111
79645,0.114273863088368
9168,3.6427931352036
28990,1.25032826184601
25897,2.80367263770422
8504,1.6436987498786
11345,2.50506156501309
4653,0.132237153018681
26751,1.88709052878053
84908,2.29852071823492
7414,2.21088435945616
55789,1.20409490327223
23604,0.784109252717802
8439,2.04983369164533
159,2.58001480374731
26228,0.575466603940043
7077,2.62642737173848
5981,1.93450330487456
55773,1.96105254275426
8452,1.58702199010992
9172,0.15536130946066
10858,0.449277796258293
26009,1.80059890800139
6570,0.0342663432615378
9099,0.557542176954901
27175,2.03839709158991
51121,2.38468168810516
2324,1.10349019557077
54888,2.18609745911097
54455,1.65870725387891
4238,1.11211943362084
84245,1.67910501536073
4234,2.01803858473447
3224,1.40483069802085
175,2.28551380493709
55300,2.10474162107017
259282,1.86908733952903
27430,2.15290017056053
7092,0.434577802329528
23644,1.86009365087023
7204,1.56555745084034
1462,2.08450868187219
23274,1.38683277447654
4481,2.15649475156335
999,3.03883926901503
23517,2.04577031096629
1767,0.42044341734984
9765,1.38787105752452
79567,2.12658034659138
729,0.411782999949919
26064,2.1136537600025
11063,0.04578114125236
11284,1.86711688047153
54831,0.0203598820990786
23035,1.16042773548232
54908,1.49709121421772
27067,1.74211594068671
54896,2.06692249774028
1497,1.4348280489592
65078,0.635027369196926
79142,2.07082658450501
3631,1.41076589025732
5874,1.92723974488573
5685,2.57184358726214
23026,0.139842103843901
55341,2.15739829615951
10039,2.08025995647273
3371,1.82779471788546
90326,1.94288119984389
140876,0.92407919528455
55775,1.69266731586031
84883,1.83278075432836
55812,1.0926867496585
9440,0.531794854511342
54884,2.40548335342819
822,2.81138783188779
1175,2.66342781772699
7399,0.0773206608342586
7038,0.522646664580189
10863,1.09406486575641
8538,2.14552502065105
54165,1.73582619517083
23338,1.67354857904705
7546,1.05732333057229
3937,1.96777848302304
54802,1.43920563892689
153,0.15587931748459
9820,2.12952521722406
1495,2.58418850572556
5256,1.43326548468792
54875,0.59498379720784
2042,0.392498969506788
3309,3.17125294991466
1829,2.01775933589941
54960,1.9552103533223
8481,2.1508345157204
2824,1.17414304649172
80243,0.86120802475661
22884,1.66677726026798
64848,1.86636980324418
56474,2.25836620906416
51606,2.30311832238239
5431,2.2780291649537
56204,1.82373014481453
116984,0.933372239707393
7175,2.31618750120581
1356,0.260465796158866
23247,1.37359408791398
84062,1.92465191878654
7504,0.113728858571093
57101,0.410911431963868
57102,1.58879728639477
6322,2.01572392544678
55841,2.25237466898417
395,0.53852824025592
27146,0.0888240246898696
4134,2.19829172959912
57120,2.04811974575641
6098,0.0062213260747212
57646,1.82034989456957
9734,0.357889646800717
26262,1.96823077724592
51491,1.94440051599311
57545,0.915780287132047
50484,2.74659330590874
168850,1.78035006203295
608,0.773472195200205
92017,1.37612065486383
55885,0.230517079620253
55173,2.4077693258345
51773,1.66511939860648
55187,1.62213496763272
10659,1.49296756128991
23196,2.43064799032689
23518,1.83238485421106
1298,2.00025358274591
4254,2.27279246028687
1161,0.75924596290632
11174,0.562521595024123
9563,2.11765465338569
9341,2.59964907929874
8863,1.52977512467011
10911,0.225941490360051
3604,0.714241936951459
55040,2.02678258542513
4052,2.06295471427178
5954,2.21572822724343
2006,1.58953644039488
5982,2.34261899321758
57492,1.35638132541273
81037,2.24398845718236
23327,1.5347951116705
50943,1.56400045191656
89801,0.838697804845505
3074,2.40194661527252
79810,0.972320392439343
340533,0.37192307183949
51528,2.20580889022869
27122,1.32838555241556
7984,1.3830512890365
9603,1.67989521538205
63933,2.00409518699221
51474,2.20708940060241
25875,1.92672980775708
9498,1.03374294664851
10319,0.463343682474701
5733,1.46574001225101
79931,0.276807102454556
5601,1.89726556315343
91522,0.269952155905544
9564,1.76828268872024
84067,1.99293664214235
9709,2.44047459570751
9454,1.64296499474357
5888,1.56510536313191
10721,1.02492214661523
5291,1.86606876467852
1535,2.64888966671228
84321,1.32153731109067
23593,2.35587113930722
10198,1.35538816111796
54477,1.26695840689725
5652,2.68883968515371
80143,1.97879316162338
23223,1.91345581863688
57600,1.30392700941632
6307,2.45030292114144
55761,2.13175905881199
60529,0.33359103830158
23105,0.755736805519913
1112,1.50188258454257
728464,0.216390547537766
8574,2.48123842404492
51154,2.48656998539465
4826,0.968167510336406
55850,2.08768634135836
23101,0.0300581105554705
83714,1.26826182341178
3909,1.55171053280378
55745,1.63872284101955
29945,1.83310708843587
3784,1.98281355785171
27095,2.3371446719234
9967,2.62317511819
29085,2.52447813224517
954,1.78724055200556
4065,1.01890129299762
51742,2.09736744972854
23596,0.584065575305349
10806,2.07851283271845
5798,0.0066344685557293
55733,1.77533494317724
23095,1.68871774178928
2296,1.3095611088463
25771,1.51772088731595
23224,1.47154885908473
57475,1.68831670240305
10079,2.08608287676592
140689,0.319814988724978
25884,0.0975798800301689
23201,1.96211586501816
84957,0.881630126240324
2581,1.8983542211863
51602,2.45295824128244
26099,2.39127777099036
3757,0.134898070440325
8454,2.40331107380345
10827,1.61558840289944
26999,1.41427428381248
23118,2.3215115526881
116254,2.53954168598855
5610,2.19121916370771
57602,2.20433482396249
58508,1.90268796958903
55283,1.34670045758316
114800,0.112091680115918
23369,2.57318418198855
84545,2.35753515887473
3700,0.104959466672018
3697,0.0179178651438874
54969,2.28518492959188
51663,2.30860495540554
55609,1.05958817080244
10886,0.0670031148207685
112885,0.0356644376201233
7185,1.61088760107364
54542,1.81832699056875
55540,2.0460871112458
10758,1.74701040224684
8908,1.61620509177859
131566,1.25943530828423
6646,1.70412292134673
5318,1.33035905850781
4438,0.446194639130126
2155,2.2999769562239
2665,2.78190407339544
639,1.67463400218163
9474,1.83715010376199
57458,1.27334754675762
57095,2.51925659011999
57504,1.95804813124842
8975,1.54690349046703
23200,1.68842736997427
3918,1.03859304853932
5218,1.55573192613732
29927,2.86529158255324
4659,1.9150596295004
5923,1.27758663874957
816,0.499588952413777
9696,1.5642361413098
55718,1.76268001233347
493,2.35456274613225
9877,0.0794068242501354
55781,1.84261550005549
54432,2.41403039638884
55706,1.95577955905587
1608,0.120605749496627
84256,1.42463174786068
64718,1.32986637552951
6916,1.53631590993709
64761,2.15915209894397
5832,2.54805869005062
6894,1.67363436576921
5188,1.29250788409953
4084,2.02913313602606
5128,1.89560582599479
548645,1.74095118945306
6515,2.16676664215089
5662,1.13237558519884
9150,1.63099886697636
8531,2.10284176250203
55359,0.38621733232959
65125,2.28073484160701
442216,0.180362955010794
55749,2.5480080382191
11054,2.16829376068767
2769,2.12448120041173
84699,0.0598594062479726
55650,1.60397886441233
10076,2.20456429195231
9410,2.07371307141028
23504,0.0084911297831118
1301,1.84680640208664
79832,1.59295908334984
51660,2.37678042178562
30,1.99563686881562
586,1.06758669356464
51564,2.00543130912368
11178,1.25009273102175
93166,0.905916519225778
6676,1.4284287382857
10787,2.00563645159466
60488,2.49769584366473
2983,1.50964297593322
6433,1.9370201062503
10188,1.85324950255475
23041,1.60656930058124
1001,2.10603529437969
416,0.0123974780415539
65056,2.44144192949017
84649,1.51861902756154
7771,1.17890961285755
1431,2.45447701535569
4058,0.0891985025665453
64951,0.0990610707966686
63916,2.03360024192674
23063,2.21869853919152
81671,2.6352370277858
10513,1.87020906345463
5424,1.37929450386157
124925,0.0586952005206574
1975,2.64131322832864
28968,0.424491703104624
29998,1.6638646863235
56848,0.997967252675081
6141,3.05156957130312
770,0.917567934474304
79763,2.1405838344316
11338,2.74077220068464
29924,1.61795330141944
55588,2.40882204610954
57491,0.0115765804481612
2928,0.0205630661837875
10838,1.44814696055688
8776,1.90192018948857
2817,1.72127617290944
57143,1.51593963673939
3029,2.15490689154839
6047,2.16151329164151
841,1.91605270157187
22998,1.70935248260492
55726,2.18402664147176
51768,1.88185710493945
1747,1.55358647401177
53340,0.740260813523705
10077,0.444410048669815
8839,1.46598433990691
58524,0.482708792210457
10402,1.0161720618665
9914,1.7923361487869
4804,1.10883902176573
50937,0.815791435470241
6873,1.8415126749573
28996,1.40425344046548
23534,2.25547460937862
8625,2.11511637706312
54929,1.90445163358296
9170,1.995380208543
5476,2.18893110797064
10147,2.20068727886874
6558,1.73525439444026
28966,1.67952851012675
2139,1.2797893151377
1265,2.63224129667782
10347,1.7406810121542
9627,0.313046259880248
11218,1.88176052555225
53339,2.29039357663137
55711,1.61835703717519
8537,2.14426977508852
5449,0.158808484775876
1117,0.843664739792205
22904,2.18745692191539
5378,1.64097179108263
10362,2.40937664054151
10203,1.77076477306178
6882,2.26103262937915
23294,1.63412907358645
8943,2.39732510134761
7629,2.01428572022697
9351,2.52540057570235
4913,1.88867335907928
54887,1.50285170929744
2773,2.26802423128474
3843,2.13105706322285
4942,2.60153177379759
10885,1.71660248944118
5586,2.09835803322955
57418,2.04856612992753
9697,1.81945203273726
9423,0.384541984258164
9340,0.0602471155158791
55388,1.16366183879096
1606,1.26171311095262
2065,2.71806592028994
54763,0.123843276378059
91526,0.868453064511608
3735,2.65172387530549
23536,1.83366028208949
10954,1.96036847402407
55633,1.90590994233837
4710,3.18412521973098
23013,1.94950195717961
4638,1.44553916659909
55854,2.56623351622258
6416,1.74571302734018
55248,2.0063727726228
9892,0.0041525986866217
9748,2.1500957018912
51167,1.30426187521595
1308,1.61842160211202
119391,1.42826112169949
55176,1.96962673792532
5588,0.813623756793859
7089,2.22938608345231
51665,1.08830854970149
83641,2.60086706614673
4199,2.05983837365714
23216,1.83472508086629
8621,1.64187747861063
10797,1.98863936532115
84679,1.98054868493769
55810,1.92387780617206
4904,2.92050298933297
5141,1.58259765951379
5525,2.65329513107698
1496,0.0215782561623971
1994,2.27065735539729
7075,1.68464919438742
57609,1.81541860253741
6602,2.13745139074436
9682,1.77578815538848
4802,2.03735540052446
84217,1.53028143751995
6550,0.290047970008234
25791,0.872364638847251
259266,1.62798943492737
8832,1.48929619317634
64834,2.66401224020838
6688,2.36016384873366
30834,1.43908846035587
744,1.24576783593815
51208,0.0217811482126814
27107,1.91126653787855
4287,1.61623752628239
9950,2.53392705693392
2263,2.20662631853562
55631,1.69172095867281
51015,2.40038127977506
2009,1.30468776343305
60487,1.46250801134127
55623,2.42742087559227
91283,1.46667225142539
26153,0.658027943819057
55102,1.67500472971985
10565,2.14831797015678
348158,0.0134224851965348
57623,1.24082677618537
9650,2.12998774871591
10734,0.569374674034895
2235,1.815717564832
4649,1.28684698611025
5214,1.48210635327082
3422,2.23625569381135
6672,1.94045471435784
1316,2.55584013837235
8611,2.0532945933531
4756,1.81034514715426
23471,2.79796922325423
5255,1.57071666046061
7132,2.4883098228699
782,1.039714207634
7813,1.38934698705704
9399,0.940237547149912
5315,2.9514072581517
54505,2.17425576321384
30836,2.16459835465853
79091,1.22544879466819
7158,1.48014669070645
7216,0.896387810983545
51018,1.6727471121767
387,2.89635140306739
1659,1.7931849353606
5590,1.50055981605029
55699,2.72684076922038
6857,0.11970417031913
89795,0.290777040522898
3421,2.41024107782881
79641,1.83155223547381
57595,0.651100637197448
492,0.0035309985040075
6093,1.85872090516727
865,2.39032930109957
5165,1.43758614969209
8692,2.20988399707598
9759,0.4998099321878
11186,2.18432098746885
2261,1.62051505552419
3430,2.51808275211407
63897,1.80086587955866
80347,2.46049812597275
79990,2.08925719219985
4205,1.98143029012995
55593,2.28793386269354
7030,2.20525177862843
4943,1.61698289156311
2182,1.77001935915568
3632,1.97384740826712
27238,2.23939347270624
56850,2.05138656380647
24140,2.19597427635651
55771,1.55033137059791
65055,1.90837531510178
23250,1.48581044232836
25885,1.62086839332984
9741,3.17050547509929
57217,1.55805140164562
51447,2.44109909292543
55133,1.76354314368734
3796,1.38797477029309
10235,0.700928865153105
23198,2.28537123558587
57560,1.15542196724079
22933,2.1592701140183
27248,2.53522833832829
5526,1.8819975430352
5837,0.439030404627156
5307,1.94550247961953
57113,0.0286506937617837
375449,2.01061559464042
221395,1.80953018919878
54549,1.14254771923515
55746,1.68214527673455
64710,2.89913830527101
55737,2.34484815223934
10294,2.47715177009652
602,2.43750357206608
8514,1.09197418528826
10060,0.966740294609059
51083,0.467280792387416
29121,1.74471614541499
139341,2.71114440598367
4129,1.70122951149161
6095,0.84646683931694
1815,0.250096796474622
7049,1.48891481997774
8399,0.439390261424602
54626,1.15017027973225
483,2.66584982704189
4734,1.23660010646142
9488,1.28460997766985
5597,1.86447779718113
10681,1.20068159807481
5873,1.37839723082605
27440,1.75135909603604
7353,2.02954252811762
4040,1.62368537740435
2984,0.170759729813761
6343,0.37061015279494
57661,2.15040264815842
8518,1.29894006518244
4925,2.79648134600566
5217,2.32733060784868
5774,1.60655274119638
6710,0.0573349127789155
27071,1.28621778634422
2255,0.881945052962374
23446,1.88875104366311
54916,1.37529755612369
23293,0.892436483958328
10640,1.76052631641184
8218,0.231617602490273
27006,0.2083432804442
10272,1.93508020842938
9993,2.31120239434032
55658,2.09427838049525
4335,1.38620879428023
79364,1.78897882381976
23210,1.73644686839679
5423,1.54898563759211
55808,0.33359103830158
55062,1.97407706976997
22844,0.100354942723344
57704,2.08925719219985
3340,2.33621274536969
440,0.305073986379092
10947,1.36385164998533
1258,0.0111658338983268
10610,0.87338665591746
26986,3.33653474361897
10420,1.99087062140123
29105,2.12812942379164
1459,1.4348989591988
11099,1.34706534969719
8891,2.03199555573135
815,0.119523735885593
6949,1.76301847283827
998,2.35716017522504
26031,1.20097604078916
2046,0.0442022240997431
6559,0.0598594062479726
56852,1.46585108522747
490,1.81201192821826
29850,0.0916285002418245
8440,2.16385042262027
9448,1.96830140069656
11320,2.03018581904076
6160,2.96348831904513
9948,2.56743718582847
23161,1.47962855231325
79658,1.30444444048992
6196,1.57559007078393
54556,1.21085920503383
22846,1.27495719007884
29995,1.65389379554389
114049,2.24103294944799
6400,2.36824321231637
9319,1.69029075525667
537,2.88855647923206
6929,2.19337374529774
28951,2.39782905639339
26528,2.2495797739519
53615,1.77111982222752
51052,0.26424391833909
6596,1.20756009332277
9130,2.6022162879296
60343,1.82499198213931
29894,2.25485627401586
140469,0.0294552189612712
79901,2.30923867697935
5134,2.07900834453783
55117,0.0123974780415539
51109,2.28639113809985
5566,2.48060665270205
22859,2.13043139970939
6694,0.0213753154909553
87,2.23879836169938
23503,1.36550623815856
27330,0.879610880676599
22905,0.99319745825055
26469,2.37880388648085
55679,1.18621115748418
55515,0.0506962311574882
10290,0.28829541884262
84708,1.28141160112535
224,1.98801577606307
7037,2.26899498839236
6720,2.65419610941019
7224,0.009315012732202
27125,2.21810511702724
7321,1.80702320093744
64398,1.39346736440343
9886,1.69533097546244
8243,2.19287271827009
3028,2.80391632190946
2011,2.08340686868249
3161,1.94534524519429
55743,1.47299593436814
29953,0.0540221383132408
8974,1.56674888908315
2213,1.28369358018012
4775,1.33457143058399
51095,1.64945120314673
37,2.56421943928385
6793,1.86698942728465
23291,1.98855895897114
9744,1.10462496749533
1400,1.1484762021249
2121,1.29188530477766
51009,1.95022746673718
54847,1.62550085425813
54820,1.56604522046776
10335,1.09339844287875
79041,1.1454790683549
8907,1.50260445655741
5817,1.66308969255023
7515,2.21728970216017
949,1.87632400306802
54905,0.0097266548872287
4171,1.33385252635485
54456,0.0465694896604753
56666,0.618666982614451
83642,1.78608142866781
8626,1.11640756342444
80216,1.51662088921334
3993,2.32850282449281
5151,1.83988208696915
1183,0.226890323464877
54475,1.45582149719975
6389,1.20806892854097
6605,0.931047409643247
54752,0.113547110299803
55876,1.3122060149596
5927,1.77511949903731
4185,0.126531508402931
5523,1.69950594376052
10979,1.63212820665863
8647,0.0070474104382352
10170,0.147028078610212
5743,0.846999189622497
10644,0.183705656893983
9175,1.40478052769894
6480,1.54618858889668
30009,0.803672206211484
10129,0.764550637220344
8301,2.58154211247658
4905,2.36339758977295
2736,0.420197361189295
23332,1.82300159252423
65993,2.72426060315857
4854,2.04352776596156
1207,2.37652629404084
5522,1.87414677908474
8463,1.9085971957852
8726,1.59450811898767
54825,0.101277900196796
6620,0.090507846716347
7251,2.44820613107825
55421,1.55558427456567
489,2.4431414848526
771,2.98751909835356
11343,1.80497720880145
59277,2.35780505869445
617,1.9831942778462
9891,1.09406486575641
54878,1.77827227063476
9187,1.12189254002326
55205,1.74652585629051
8578,1.36890726045562
3998,2.30048872395451
51495,2.53898883542651
26034,0.484064605530231
23140,1.58710832527104
2023,3.1218251409743
6557,0.0314631865193807
56005,2.7713276608099
57719,1.58890049433285
51175,1.22060464029635
55160,1.78125662327522
7294,0.312054193765089
9671,0.0473570995805846
3785,0.0105493414072734
6865,0.465083235124783
64431,1.94592146421617
54962,1.62896848406421
6717,2.17970456115694
8672,2.28453786304593
79023,1.67749207574295
10371,0.177846821597863
51512,1.41900411000471
10512,2.07116576410483
55020,1.92333977928943
38,2.02879565525631
23151,1.93580974600732
9620,2.31710779545073
7479,0.172452767849171
27332,2.24151461259522
55972,1.76245811793964
29090,1.56289295417585
119,0.272044786889505
2249,0.0086971754034013
9462,1.39022534611843
9605,1.8043212352822
7587,1.48740761264406
4140,1.75858581412699
5250,2.65225797799541
64778,1.82469957539703
2355,2.51981311685773
27091,0.0076664475141711
27092,2.22093148123148
285527,1.61708002443893
23505,1.92617204973879
6624,2.00660937382211
60,3.53020802957189
55034,1.55571347220098
5337,0.796808789302622
479,0.821352249767731
284403,1.04889592894817
1739,1.71166867869286
7879,2.71458061569471
55973,0.481123833351985
25956,0.965309746511104
9733,1.88518815137
55843,1.36232801854688
113457,0.908638535827088
5076,1.19964981977971
23016,1.88157608288457
22920,1.97132612548589
23609,1.72531569444316
4175,2.15208825882215
25996,2.0218406313033
10179,1.15999248241156
5939,1.66174125397293
11176,2.20398292252336
25930,2.24515949833006
4292,1.8138584847147
7374,2.44196343294354
2329,1.24978975594619
27252,1.61826017281936
8786,1.58774671091828
113235,0.822113148266507
5362,0.813693794833892
10615,1.98928870024944
88455,2.28391583253946
7163,2.98566643334421
32,1.46208294136809
9618,2.39923008219989
55824,0.947594773808148
55094,1.72089073438128
3385,0.402769653907842
22978,1.27505361597805
4162,2.2566856545791
2239,1.77358558010126
55796,1.01647592314976
57662,1.83134382018791
5909,1.29866334813865
56949,2.21961684061691
9138,2.07920846821057
6813,2.11101469710368
5609,1.95663909352535
8527,1.52403222130462
83992,0.87306745204969
51412,0.0447946653885956
5915,0.879674079560161
7155,2.52397349415802
56889,2.75928744903257
4791,2.19398851906252
29089,2.47337701517958
4660,1.35292467024477
54431,1.87957697954059
2975,1.99695693712454
3566,2.14079257483154
23032,2.09155506267235
5063,0.170251127831315
827,1.05466999463644
1641,0.19956047362333
6626,2.51143109235683
9576,0.0278454019696254
56915,2.31362178251236
1781,2.20630620668594
54518,1.95171868329779
4034,1.33580564746402
143684,1.78236203206976
51548,1.89375172875357
7299,0.0105493414072734
10714,1.67666922500027
88,0.0858221088259321
832,2.29282932391891
7107,2.33778922032861
10003,0.223246978697894
79960,1.64821276008945
203427,2.10327576778912
7319,2.2684042972356
2260,1.41621567270056
8468,0.0113712320035829
27127,0.0972091680864421
2192,2.21596093535472
8516,0.618573452263964
8530,1.94087152979345
4133,0.460318707878055
9063,1.23220149644732
273,1.50711757211236
369,2.16249176877158
56922,1.88603185948924
27074,1.36317201067416
2191,1.35245278686621
10529,1.73889608916169
55331,1.45706655161973
3093,2.43623292442943
5289,1.38771544902429
55728,1.34563238566099
57103,0.778738314592671
7289,2.07921899801478
8871,1.68512321800577
108,0.227206350184508
5527,2.06629050620475
54715,0.0240097576149657
2782,2.81123284504894
3205,0.286978420763493
1906,1.42850055688586
8028,1.72123764427676
55063,1.18715491602115
117,0.24300455003093
26281,0.0575293748341413
27334,2.53778006998072
9452,2.11410369233902
4898,2.44728461655959
7419,2.35259708234928
5108,1.90538854306658
57690,2.01010919926739
9139,1.7698241908008
1620,0.0998006737938156
83737,1.87010968015352
27039,0.15536130946066
58476,1.983561045128
51150,2.64603144548222
57644,0.210282017079342
80341,0.355078546336349
7161,1.04913564511948
54472,2.12416038164228
51619,1.76285511134534
27098,0.173128993530049
862,0.482482579229991
1015,0.061215604083323
9984,1.86439533730589
51661,1.46861983664367
114880,0.30378506014156
6507,1.4079316319369
7520,2.81457462158799
56925,1.99922520665689
11262,1.02016063469234
8569,1.56548514585034
7145,1.97654601049292
57455,1.80515689436859
56681,2.39928509527264
8556,2.0023731838063
10411,0.816210152450656
634,1.17902443351091
29843,1.56815308991609
51207,0.0563619252247972
23152,1.82002362219012
3991,1.74918418253125
2222,2.5768848059397
5050,2.65492194914069
4983,0.973299853157147
3835,2.12956187520082
10590,0.317987626794701
55604,1.43179318051361
5236,2.09916650798025
1653,2.21468446492234
1785,2.02531286316476
2037,1.61527974934799
22999,0.0314631865193807
26002,0.702006910440612
8417,1.7330846916028
11158,1.34599802452821
9817,2.45145408896564
55510,0.613880912549232
5794,0.200704422956811
1638,0.025020825205399
51006,1.95788859865568
131544,1.07954340489414
285220,0.269053605234598
6344,0.0392489295621294
5991,1.00975523525373
55183,1.65721224270077
23011,1.8066969302747
8671,0.186868453469932
6595,1.99879481185294
27244,2.05180070624446
11043,1.55676420364327
139212,0.0276439590910099
50509,1.50537883110465
10847,0.47520668036307
9933,2.23884520620082
1361,0.0242120678044732
1136,0.0820544050747075
3781,0.16258357811886
4850,1.55742662725074
5663,2.18390883325594
1371,1.58646906767144
56650,2.00291577542612
5891,1.17267420015276
3320,3.14336555664512
5933,1.36509986197025
22839,1.85115398131334
22997,0.685484075560911
114819,0.704240465329387
10403,1.94882706630075
23431,1.48407963683887
54665,1.76498560071991
260425,1.5103128509849
2920,1.3401737584021
174,0.096838290181438
1286,0.215108412764069
6932,1.1410763726504
28962,1.9054299487322
1005,0.0056012358560772
50939,0.168723404379721
57092,2.65392815587264
55218,2.12560412776409
384,0.52050246917486
4208,1.57166326763684
5788,2.0162478268871
5317,0.836808387500404
79876,1.97582637318677
9262,1.86596836923748
8555,0.647610746864185
22869,1.19162550265803
4036,1.5391138578325
440515,1.6911576765598
65094,0.814603603565726
11266,2.14548120578262
65985,1.55764722980987
9812,2.14196722752654
93664,1.77342619197141
56131,0.726179209923146
56142,0.147028078610212
56113,0.21751073054341
51668,2.28091777781474
23239,1.38740409028028
5205,2.25027906584039
3595,0.286978420763493
6604,1.79328276304635
55100,1.74161364122137
2533,1.79605600321259
58538,0.0538268611423806
55437,1.9368058823069
9689,2.34858821010805
5241,1.46567335649984
114899,1.36210999093905
4200,1.51847942644719
55322,2.04709907000012
905,1.96983781015899
57579,0.869224456406675
1310,0.0024939884663487
23136,1.84643325363393
22837,1.53612367033737
1741,2.14170160813556
3776,1.20130710265551
56256,2.13509061413621
7188,2.20602264030199
29093,1.8393760778738
25929,1.72105779928016
4986,0.0047737452018541
4779,2.54703898335054
54437,0.327359666175908
2932,1.518997741665
3693,2.65705945249465
23085,1.38386208841403
7514,2.03737897354178
10141,0.207210180079314
11342,2.40845439833198
80036,0.0068409645610921
79728,1.5313118875786
23033,1.55841853202847
57226,1.88536225565963
594,1.96615579457684
7994,1.28583991178001
79670,1.69424012061795
9706,1.40166027137701
79977,2.35359086247186
3842,2.09023427774858
5351,2.51774531949429
5026,0.240522722227893
3682,1.12501551760977
22894,1.73861228966063
10464,1.86324834100872
81550,1.77880110085896
26747,1.58128839918211
23047,1.66323601965404
5019,1.77972217558848
10325,1.82135769145605
1833,0.89694148476813
1540,1.8184498694286
10998,0.629155998834969
25799,1.24783319837283
79891,1.44361499738013
55659,1.2926634157482
54807,1.48647123696447
55663,1.03834903856014
9422,1.66687886040279
6193,2.93164322899116
2195,1.35536054613015
91746,2.35820018665331
25978,2.00709490523924
64744,2.3310369269697
10450,1.61115001405618
10269,2.5886830045581
56910,2.6045458099429
84273,2.21236679137681
5978,1.90774186836731
3034,0.10953848174189
54434,1.5637465011904
2950,2.49579332787248
334,2.92205271187729
57613,2.56968962868058
6579,0.0234025367070836
51729,2.40342769027486
8668,2.54772867402757
79570,1.59978035441757
1307,1.58691836689066
200081,2.35857858239692
338,0.041431969987866
8648,2.01137392574176
60509,1.55659845319348
22979,0.394411528122647
3797,1.33646462026144
10890,2.77506179905765
2646,0.0340664262320136
3030,2.61275095477912
22924,1.76605269213735
790,1.79730667427401
966,2.27857623395531
3732,2.12730961637124
63035,1.44417214536798
546,1.61227996837516
102157402,2.15433043171888
2219,0.535800395588617
55892,1.82278885859789
2122,1.13680438452724
9522,2.23680144242722
5550,1.75186221392241
57531,1.12509968729302
81929,1.76022111958181
22911,1.7079648526577
57590,1.97974048922732
5016,1.40125626172416
29957,2.09060192566811
4216,1.61795330141944
29992,1.91374790006147
57549,1.5235587640257
5243,0.907974244099418
7760,1.76557746775606
231,2.09937581930709
8895,2.53340749190463
54700,2.40153832607576
2017,2.58718031069187
7481,0.559171932894913
4528,2.33329011741707
23259,1.62981950572509
22996,2.65895594284409
2060,1.98980337210929
4998,1.00383831616632
4258,2.43414875878189
10523,1.59224240595573
55054,1.85455615435246
55230,1.55674578978433
55624,2.2543039071272
8438,1.07414707784305
23139,2.04473162786253
3301,2.71843863725195
2683,2.83491035771749
51510,2.63794085225864
4799,2.15080430214464
363,0.0105493414072734
27292,1.12900001032211
51194,1.37561633091415
2346,0.353333147920761
27102,2.74864670236728
51314,0.427544055710923
54749,1.89970881636459
29887,1.97215206136192
22929,2.34899974677936
10573,2.21505068247079
3049,0.225783241589969
80271,2.2672812362307
4680,0.93995061425145
2196,0.216230393124375
55696,2.26834302565419
10959,3.06181032745888
56605,1.26144950782182
54469,2.30218516380152
3294,0.112819716306845
55787,2.0251850549962
5475,0.688533585019737
7462,1.85806072537518
10075,2.22693789602415
9183,1.98272512265973
79796,0.844065788505577
4606,0.036063467897197
50507,1.17073565090762
8310,2.17102265622393
8898,1.25611707971259
23645,2.45671135033793
51171,1.56915866521677
7205,2.65036901854238
43,0.641935777035929
2512,3.5946452357109
51593,2.55322580220008
581,2.62460655609411
51701,1.91138893285784
94005,1.8883019933431
9509,1.71258652416165
28983,0.0128076294222381
56970,2.29507763800677
9489,2.04788489360523
5705,2.68834894691233
51720,1.83988208696915
1071,0.744863694521463
4313,2.60593758345377
54947,1.50049772305209
2775,0.308785584733161
55239,2.02033302455156
6452,1.91713177915073
8602,2.12773357141734
118,2.20839442653212
79944,1.25354815909084
57544,1.77475640031977
51637,2.27895330323463
22795,1.43357364723808
64395,1.76215428749733
10992,2.47169953832783
57542,1.85382343616569
2778,3.39593019743874
10059,2.34788593526258
5744,0.503886009678738
116154,0.343457484404704
51290,1.98731722978965
7022,2.50163691714117
6790,2.14451151352801
57091,0.76823880373688
8544,1.88488328874151
28971,1.13857456399979
5990,1.04475757121995
339175,1.57378176756261
6820,2.33388730541772
29929,1.74407059925158
4849,2.09481859273077
51206,0.329581040263295
5775,1.29986141952593
8886,2.0957054268874
8570,2.64215553167817
2767,1.98185329212355
55616,1.95471344603671
55741,2.23552327753359
1789,1.48141813146461
28954,0.426812627823855
22974,2.38964914837991
80307,0.427544055710923
81572,2.22231485095598
2036,1.81610898620095
6564,0.616324961595887
23348,1.59114820649688
55608,2.59817254289272
23483,1.74421684471356
1795,0.200377746521085
51161,1.63255099253871
57017,2.13897197135941
55287,1.08027129717045
64147,1.31712991590506
79822,0.485079821290848
54675,0.59217291849023
23368,1.9279290786269
8455,2.01903599285156
54498,1.70087995347278
6614,1.71567997346949
2280,2.63805799579748
55968,2.24058055673713
83959,1.68697266951808
25943,1.38542775041255
79175,1.42226220325097
57593,1.46591771705155
56265,1.76189703260845
57506,2.11319847018843
9762,1.29026319955198
22803,2.45207344903611
55857,1.53000887380364
8655,2.76170512251922
54997,0.638853672695388
27131,2.28549344166399
6128,3.07613582774056
55423,1.01677963077021
8550,1.49284142002236
5027,1.76429987367551
51575,1.96545218174536
10741,1.71609599464448
51433,2.18751911939422
9962,1.39747847067144
80024,1.69578017463179
29058,2.64669039442286
55184,0.978820653095832
84678,1.5304371188357
26074,0.11008626111996
55617,1.57811359578952
4938,2.52241781574465
10985,2.18351191859558
6175,3.26134701977247
5829,1.74288663731411
23409,1.03859304853932
22895,0.107526841900486
55614,1.83568893121402
51605,1.98714912081549
1114,0.0420263638480368
5037,3.25924470837009
6910,0.700181521190817
8315,1.97309483586693
10961,2.79945205982715
4842,0.0062213260747212
2521,2.71031450320292
3476,2.46800410236914
53827,2.8785327775656
55900,2.10153166992896
57655,2.13599630227342
5349,1.03502053811714
9843,1.04301663104963
29965,1.61662656268159
113540,0.458801560300788
23415,0.120966104722507
23193,2.9370621200938
51291,1.93094643526701
55285,1.2608229361297
332,2.21422793951872
3902,1.50821895996252
8079,2.89059856825902
78990,0.925667074576857
57062,2.33992429309492
7597,1.27085926142406
25977,1.78394257981031
393,1.78751606878219
170961,0.428031276547784
55760,2.10315745420917
23186,1.98888048356524
55668,1.22492048458273
8425,1.61324397668632
645,2.83827445838424
6548,2.18080795529933
10558,2.02889813673089
10914,2.41762962380366
8812,0.801677810842277
57060,1.90970475873534
5996,2.85940875454944
83719,2.67535576686099
51650,2.06203469626912
4708,2.30099136692306
10726,2.66090155620545
10296,1.99494546851507
3383,1.96149834152324
29888,2.21595019846645
11213,1.24766420033638
4069,2.47483073533424
79594,2.00179097903168
7023,1.34343316345545
10081,2.01597972964618
51324,2.66002365633741
26998,0.0134224851965348
51726,1.84984596820225
55214,1.09348734337185
7066,0.139666044552042
8646,0.587984343973668
2323,0.18103260301996
9727,2.20475293317657
84572,2.40702709835347
10795,1.3407988689185
2802,2.17315977622387
8761,2.29276388378332
30835,0.579136396955782
79603,2.67465219111255
57192,2.05652771036302
84196,2.06428935286418
1947,1.80894411591438
55066,1.72982238406612
16,2.30107737743961
2734,2.13859243452886
24137,1.8303797833885
27327,1.79913290165339
64857,1.27257320770709
10683,0.266201401267784
57106,1.97682934633149
57605,1.32097733511176
55763,1.93829539016623
54439,1.84105714487015
5459,0.230674390413359
114882,1.80887079931858
113878,1.80355817693844
58484,0.919113102021159
54517,1.96973932405973
22798,0.0852580403731478
4897,0.338814104012932
3912,2.01685813193429
5172,0.306503623886289
1811,0.154842971653662
1738,2.27940107073242
23335,1.41861367646092
9352,2.13145381459631
3568,0.0483405753318879
368,1.21028056248235
54918,2.51513968917108
3655,1.86281623814149
11069,0.817395053779018
51776,1.60993510497926
2271,2.83280421604357
23231,1.25940222621789
7018,0.168893293658576
55573,2.46941467561601
51168,0.0555827213422205
54890,2.35548715315387
350,0.0203598820990786
22861,1.10749559565216
83394,0.336481851319876
9552,2.32178496907065
23594,1.5181801453205
79776,0.535169421379914
1357,0.0999854713451175
51530,1.68330805471812
2099,2.47366099306259
26575,0.18237023598199
285,1.06897880644196
84336,2.19150363081606
4345,1.86521918951874
151887,2.03522774291936
1215,0.821490661383479
5720,3.09438847007753
55012,1.5700188849706
54930,1.60001553533505
84502,0.192992200703362
1053,0.22086188363383
23428,2.12450443700217
55644,2.01583625097195
51310,1.42090316682004
55072,0.446907275368108
23256,1.35036583077927
55632,1.29847879031055
25831,2.1114534735156
3183,2.84884164351928
57096,0.693502062353049
11198,2.45199802732119
9878,2.06298772631477
8487,1.31319446359075
7051,0.342776392431603
26277,2.26057506685597
1618,0.0152643844692303
57556,0.811448829024991
54822,1.80889174822095
7301,1.08808428794431
79968,1.42828507034288
825,0.457983342357912
8773,1.28397814688191
6913,1.08204174975222
26227,1.46945847355333
1299,1.00425181180955
7430,3.09862116157281
4637,2.97948556213688
26523,1.60983645896258
27285,0.809619075423404
63967,0.913508571361336
117584,1.34241500933145
201294,2.06413032768069
79157,2.05257669136752
1808,2.03759106407111
7042,0.658822788681098
55105,1.79553740155155
10762,1.88987149295298
8318,1.69117142362543
1312,2.35054542656763
51816,2.30637443265613
55862,2.14602850303096
9209,1.98666455638256
9117,1.89707115180977
9942,1.64704675313827
10013,1.81409649333219
126370,0.0179178651438874
2568,1.50045632332304
3881,0.791613569427712
990,1.83409441838284
139596,1.8919147631464
8697,1.970912497297
8086,2.03023387143809
23468,1.87077779305653
2327,1.44780157637075
51430,2.15859520898163
4436,1.56759550986184
4214,2.16377554176513
1725,1.34014532654878
29911,2.15763546389228
120400,0.0123974780415539
372,2.76466284038187
54566,1.68138714471648
55151,0.671503619084877
5711,2.22646626276221
5742,1.7324091368001
23511,2.06536235528846
1384,2.37522174902367
10044,1.64744080409493
54187,1.80638094367106
55357,1.43390530329431
25861,1.37129616117912
5146,0.378193707093387
55280,1.82614951356447
57715,0.735862466791456
9044,1.79051314512714
64376,1.85917590389522
29760,1.73018746574171
7093,0.12742563422007
1592,0.0959103684817372
56165,0.0306605722017031
10580,1.89406701614211
55118,0.227838027674123
25805,2.96715592526947
3589,0.297308198412834
53904,0.0286506937617837
51322,2.29828577427674
1390,1.93590180236995
10101,2.05924418508086
23430,0.889767716452797
284422,0.167022551389696
3096,1.40216483338619
54209,2.54256219361933
83795,0.0138321417599086
10321,1.32637543277114
2289,1.3516468213581
6732,1.64678891978571
27154,2.10782118445317
55168,1.82852495172522
5225,0.0266360241092229
28978,2.46880910855312
114327,1.1541835830179
3326,3.33126503942074
4295,0.0477506279872771
988,2.17397299597215
3710,1.83068812043268
7738,1.58719464450901
1832,2.33220078021138
23411,1.97372904465703
3189,2.34377076449457
80173,1.79659553872389
3717,1.63954052208457
3594,1.03236401122001
25,2.21921649556216
11332,2.16607705707229
51100,2.34349111749106
8317,1.50601368115467
84144,1.14115821377192
5125,0.528510603008896
6319,3.07084126735716
11018,1.37497858411983
3983,2.07712818735249
79956,2.54545021174232
22931,2.45341246117801
8829,2.00298031834431
56952,0.855785390144333
54873,1.73183283884578
23555,2.64334177056061
55506,1.47579034064229
387680,1.96558020601799
23031,1.4817838693101
7593,1.72423276674187
79629,2.2971562508
4650,2.05549055475899
9424,2.33456844825491
57828,0.743306946990673
5714,2.70282793406598
54620,1.35422706772946
112755,0.3433213143432
80270,2.00072129411781
9739,1.88984567139943
9274,1.36485588311755
4113,0.0168982779780871
1943,0.299905414275566
1153,2.90276942408066
513,2.40546538064206
255057,0.545821375405253
3483,0.400373012250853
4670,2.58653966725188
51257,2.43579010365396
4713,2.90582830699664
9524,2.66196565381706
26517,2.56981779820632
997,2.42165732131196
4507,1.58938183040627
126353,2.49099901337139
283638,2.1281478248817
5434,2.53356605868847
5442,1.9696900716421
610,0.146504413757989
53841,0.041431969987866
113177,1.10287824288045
8045,2.35051211148296
4616,2.85855231899624
5064,1.75505887513871
8174,0.374934210114378
51214,0.0818655711838594
2872,2.67261514872752
421,1.68980840264526
27037,2.20608894950804
5902,2.31807814392623
29801,1.89919612106169
84861,1.81279096171549
51586,1.99040406449416
3053,0.140897664497433
9342,2.29818783114566
1399,2.30089423105334
8216,1.39187465197433
4320,2.56780155231248
27443,1.05883418906194
6598,1.60356238308578
9127,0.0826206497668653
91319,0.518997741665005
6545,0.0949814066654706
23786,1.82169308485115
100037417,1.14762726712034
2953,0.711469479650362
5008,2.08259397898385
23523,1.70440321958407
83874,1.13266636994058
56241,2.12014693280884
10291,2.20951221035277
2687,1.72495926072077
200312,1.07771970458322
23541,0.713997765710522
266629,0.0148554188895284
23384,1.48514875626177
23759,2.10064902066083
51733,0.0394476217259577
29799,0.672023331213225
6634,2.01340761564762
23481,2.12702362419147
5594,2.38331211534596
2678,0.42815303208973
5625,0.018529029376588
9647,1.51497623239759
339665,0.888273252697751
8940,0.0284494427319338
1417,0.247483145330008
27128,1.6192923451147
8220,1.27873698634268
4242,1.52670639277893
29775,1.19098903266598
6576,2.549630596973
157,1.49069202562954
50487,0.0310619747051902
3957,1.33672225400931
26088,1.85273133457117
7290,1.13882113025702
23616,0.971775568704355
23544,0.0300581105554705
3956,3.15369168481154
89781,1.35629863413042
113791,2.14025937751368
402055,1.19367971388015
23598,2.09405600450969
11078,1.76243475397927
24144,1.43793865796752
23464,1.8346955399358
91227,0.0750388739578922
1414,0.723936981209445
129138,1.85298578943371
51386,2.09554937977398
4809,2.59231232828672
85377,1.56026821100533
5435,1.48452895070723
6663,0.978389449708157
79879,0.850514902274773
9681,0.642026220072679
9463,1.60701618060219
23331,0.957269937690735
23539,0.564947866396284
79019,1.7126782037321
55964,0.866133267612357
6523,0.380920908401633
6527,0.36175471487019
11015,1.94844832264062
1565,0.562521595024123
10521,2.73642764979738
11144,0.4428599260494
6942,1.73788343537834
150274,1.72042776119927
25776,1.8013353400925
56993,2.42393556257223
27156,0.0344662129356738
7494,3.29963458726863
51493,2.24246263962251
9929,2.10105590096335
25793,2.01468646404865
9567,1.80367484466678
84271,2.23103014024643
9609,0.904216841411626
7078,2.94930038692692
9701,2.0246002374896
6305,1.51973438654435
25777,1.94241369630269
1727,2.34374645708426
10126,1.85457492485173
25770,0.103488806295834
55586,0.127068100716179
91289,2.27366799742362
25807,1.7052297326968
11252,2.07079426540931
25809,1.46163510526022
10633,0.705972598686704
162,2.3791213891498
10042,1.72282734920472
10043,1.91130734036703
4744,1.8415126749573
1120,0.358156832154763
638,2.28847917520323
3162,2.49083052720138
27349,1.88156729780958
8563,1.32344853870063
4174,1.71258652416165
164668,1.41294296493496
410,1.83030017545616
706,2.51835542917469
23551,0.985891793821277
23170,1.95906181482181
23492,1.42175299310038
5155,2.25523569758728
49,0.230359737718341
164633,0.0479473231186116
6122,3.23436049200805
55954,1.21846963882216
23543,1.60184253065588
9145,1.6704061058027
10454,1.77846362525016
84164,2.08478880349834
8897,0.670376223087932
54471,1.55990251052065
80832,1.14896073956193
150379,0.010754888621307
8542,2.42879912068227
80339,1.0731354659679
4627,2.88461098353349
8911,0.324992428201703
25813,1.72737224535782
25828,2.52850895539405
80020,2.31295644045097
9402,0.74478594330504
8664,2.61274310871345
23112,1.14604730541482
27352,0.31177051300481
11020,1.23317430459989
5816,0.0256268862991105
23313,2.12141006172172
4689,1.83394646831227
1439,1.5017587275104
10478,1.93332380480437
7380,1.99700282778801
55007,1.58879728639477
79734,1.57643863874848
6767,2.61603152550356
3560,1.8035263528668
9978,2.32054623748544
2033,2.01911641443062
83746,1.69982962324297
150356,1.3116960939735
5905,2.4271325680073
23264,1.91640734753873
84844,2.32007034700392
50,1.59440614300052
171568,1.35317431785259
55687,1.3387502717912
5372,1.35970562014696
27351,1.95064144187072
64781,1.83289945090977
23774,1.91665702256291
9889,1.44840009044004
23209,0.0420263638480368
83933,0.283014063745433
54207,0.0132175827499873
63874,2.22920368280734
23351,1.96909150764265
2287,2.45331518606449
56948,1.05571379770892
1511,1.43098395317897
2999,1.55046200314019
3002,0.978982275782851
55147,1.75921007979583
10419,1.57007259666832
1690,0.0778901327798074
11154,0.918043777925723
5427,1.49804910214481
79609,1.66002055827726
6655,1.93744820572518
8814,0.724097388593108
51199,1.73606215509872
5836,1.80881842249936
114088,0.130280309711069
5706,2.23749750830059
64841,1.78269643936446
80821,1.38495855293
1033,1.92577879159196
10175,2.2600477793992
10668,1.51774086413225
51382,2.3666573691616
55195,0.0516758077965697
26499,2.07051404787746
5283,1.65551885308189
145497,0.0234025367070836
5684,2.7687676788404
10490,1.88463923340519
26520,2.32373382828001
2954,1.59613670901748
9786,0.95682328469589
283578,1.88020330790404
161394,0.863286447156955
10598,2.60795581052567
23002,1.98735756502039
145501,0.051871586053616
9517,2.42529964463257
79890,1.40932587607056
5641,2.49623096479903
8846,1.69793815648286
22938,2.52220975886283
1113,0.0526542428027862
3705,2.54002233427953
51635,2.3839291662122
5494,2.08623785849604
51804,1.48186988572947
57452,0.849786808638966
51676,0.410786839610258
145508,0.683273142565699
2079,3.08283986514551
3091,2.47616829636794
9766,2.31959637572301
6430,2.75574223041856
6554,0.0400434172142254
1983,2.37867113588715
6547,0.0348658102965977
23405,1.95115091806636
79038,1.59219117258923
4522,1.75492813312105
8115,0.0586952005206574
79882,1.51716120101822
9894,2.157495723645
22990,1.53160312352597
623,0.422776924088062
51527,1.66527963365138
7443,2.04038999677136
5700,1.48478551692643
89932,0.682761908703445
9252,0.734995099381319
55671,2.44932554184787
60686,1.38952794884321
5693,2.86888934402517
7528,2.29183208153032
22985,2.52375445435759
57820,1.99858596119187
9321,1.95109188228284
328,2.87377028879519
8106,1.83894743333057
10278,2.11347650491509
394,1.19528048303071
51550,1.75956303750694
10202,2.09440972071711
6729,2.12529822347164
9362,0.0045667467349953
57680,1.70927330678008
5106,2.378446855496
9692,0.772876186794897
80344,2.20538837295716
5687,1.05376704312532
4792,2.74107056680484
51016,2.0897537351174
5721,2.85746119306092
84312,1.26744755645011
9985,1.76908864185728
10548,1.04961478676481
10484,1.67671182328534
51292,2.33514578557403
5411,2.66420865747782
5875,2.21467728026529
4776,1.43098395317897
5360,2.44910060717561
63935,2.18660836887301
2937,2.20055254900824
4318,2.32737921572515
30813,0.400878202530698
26133,2.54903168210038
5834,2.42618948284789
26090,2.44569930250518
10544,1.68708367086238
9837,1.71793735892564
22981,1.84995038246283
958,1.79827448262176
55245,1.86028806086842
23613,2.32585867049409
10110,0.602775968276212
51098,2.14159530477587
4605,2.05762338492267
57446,2.32349830693922
84174,1.21693445961833
55969,0.362153434801517
4773,1.44542346227275
140730,0.0818655711838594
80336,2.14772195296315
6789,1.90979486973975
57167,0.487443197935093
23394,2.37247420190051
5203,2.8954090016978
55816,1.22937755685749
1477,1.94373183714851
655,1.24776560544397
8480,2.66743609293769
7165,2.57368343001027
80331,2.45688175728671
51497,2.91261825145929
1522,3.3279047519433
24148,2.76637314385087
81027,0.574969226732718
51012,3.04950433749397
11255,0.0101380977223869
26164,1.97424401086338
5688,3.00902973365119
28231,1.14344501007658
4923,0.0501079362162316
55257,2.07061107034919
10732,1.75339192641016
11083,1.84979849843334
54994,2.48959100255009
63910,2.13936001985272
128414,0.0209692882026594
55738,2.21929093151314
57642,0.0099324012091867
1137,0.0068409645610921
1917,2.6613144162564
5753,2.38408751740989
26205,1.78058528146994
54976,2.3009025581167
25876,0.455992462552943
994,2.33439579515158
140862,1.49885975357414
11237,1.33672225400931
10139,1.81280133907401
79133,1.4937657009882
80343,0.0140368959186701
57761,2.44643363232751
9770,1.71265201151414
1457,1.69545352934507
113278,1.70841465776766
93144,1.37855568681109
51378,0.178014807680926
343637,0.111545230931358
8760,1.75781896951902
128674,0.0060146795562324
81502,2.52532036368806
9751,1.82424543499304
85366,0.21751073054341
10326,0.181701696408689
10483,2.36958594017783
55612,1.26069093397205
5173,0.0076664475141711
140706,0.88895865412092
5332,0.682676665835641
10398,2.71170072730066
3055,1.98603101139549
9777,2.4665688664408
140711,0.240522722227893
51340,2.2259800734932
23509,2.07197208086484
25939,2.15288729762965
57144,0.0685397094214406
9371,2.00080568105375
140699,0.669333902712413
10528,2.54112680194938
63905,2.43374113097376
3420,2.44350141372882
22919,2.71978427806927
182,1.7404352507293
51654,1.94316746009018
6640,1.93369422291366
5020,0.100539616582576
9675,1.82934369134326
1869,1.97661513592587
58490,1.92200740661521
11264,2.39788636524767
128866,2.95484874380955
671,0.0324653828330247
128821,0.0386525717956126
140679,0.0211723261778742
1471,2.73831704981378
434,0.0994309548859968
1472,0.756883133909197
79913,1.78299718176411
10406,1.20745099644912
191,2.6869740265802
26051,1.08723130604583
81610,1.50762778445486
60625,1.33672225400931
116092,2.1500957018912
84557,2.30718952857645
79953,0.902817227868098
128869,2.22353514813323
7125,0.797455303576408
10005,1.43057885062136
57136,2.90095604648755
56853,0.13931381225424
9658,1.68096540471194
28316,0.0252228938178094
22850,1.89209455648889
79863,1.46223958849856
9097,2.36675912049615
9218,2.3697360235585
64863,1.19379154462519
9663,2.02507547068898
23347,1.73102976631203
8736,0.585831709480544
10627,2.82248999316381
79959,1.04219274353982
29906,0.0274424681999785
55125,1.72099355107066
8731,1.77316421116351
4092,2.19954414717036
9388,0.219427397119987
284217,0.238500503101886
54941,1.27841769195511
23253,1.86519175447836
8715,0.009520858735307
11201,1.87937387721623
57534,1.9283202124597
5932,2.42251435998505
8780,2.25282432100276
1478,1.70775302114006
25878,2.2664071698665
340547,0.227522251558552
5716,2.42234994929516
115201,1.73764845973257
412,1.99023729965032
6907,1.4033737469529
4935,1.79994678858355
10857,2.83711110897573
5422,1.03849545655095
4281,0.510883037856332
79576,1.60749568359359
158800,0.398348857443461
55916,1.62384491682768
79868,1.83632698800787
5634,2.29210021006371
51311,0.462181697484619
56180,1.81548047429193
9949,1.66003529286297
91851,1.72143025364242
64743,1.91250507670636
6839,1.63872284101955
9506,0.01219232802879
8406,1.90027118872451
2742,0.0074601518934053
331,2.02175464401689
10735,2.26865233172251
286410,1.30142407587219
4168,0.0873244225138922
215,2.22317792756577
28952,2.08762974695736
778,0.186868453469932
6855,0.564745992376235
5355,2.78142800938389
660,0.556827987410772
5358,2.18324836860123
8260,1.82034989456957
5973,1.87367231503288
2000,1.91996850538241
6594,1.41484026659366
55613,0.0923747627007558
140462,0.42204081328413
340554,0.187200659182042
5931,2.49743700058759
80316,0.127068100716179
3750,0.49582201026835
9016,1.65962254287644
2332,2.15152871663021
11040,2.1185298616961
10389,1.08956282411837
7355,2.17121822071997
10084,2.54978534780894
6247,0.0290530521054448
27344,0.358957827966194
2010,2.52991122474284
6901,1.62901580447797
5230,2.68737141661039
2623,0.0871367817651098
84061,2.44257425760981
6611,2.93616503980867
5251,0.683613752601718
8266,2.18269702166505
83692,1.93719598900397
8411,1.6986010870466
6102,1.85708245394204
9767,1.92249170110508
5127,2.37468650468227
8237,2.10702203897843
9468,0.0650783906040881
27336,2.50264034064912
51442,1.02562065330328
959,0.67444345750293
7076,2.98387231911933
56062,0.0390501905320824
2564,0.542600694471653
27328,0.0022864348041153
2245,1.29107486684021
5303,1.92449405906152
64840,1.56671282899129
347365,0.699682834187864
10916,2.98259172507721
5935,2.74224972914022
11279,0.991563971862528
27286,1.23066930622597
94121,1.05906991183873
158866,0.745252314792514
2491,1.03766527803699
1821,0.187864660276894
54457,0.380661596988309
51260,2.54077221311689
2717,1.98011740101545
51566,2.15618030145863
56271,2.45692898169787
80183,0.339088022195652
259232,0.0384536920503017
2259,0.090507846716347
3356,0.0097266548872287
54602,2.06684628022227
10673,1.89948196624663
22862,1.97733330933866
81602,1.23870033930554
81617,1.57166326763684
688,1.19379154462519
8428,1.50998817860647
54,2.76158629223493
5611,2.69731898316224
55757,1.67837000832892
8874,1.80065231581096
2254,0.0386525717956126
6445,2.35194862532813
143,2.13676949639679
55578,1.73634762004332
10240,2.11767833567123
10166,1.56174641845609
3839,2.2107535688562
2321,1.69403528716021
28984,2.40803680402362
23078,1.75341578528488
160851,1.18590881836182
84056,1.06189126406042
26512,1.32762901660826
79758,1.47494059647708
84935,1.60813975139424
8848,2.38630878910524
1203,0.567567034030845
10562,1.49481390271182
10232,0.145456075290178
23295,2.06932615122443
23361,1.70590845111933
8717,2.10054971236266
3299,2.31626164464646
11151,2.17344320182521
5595,2.45546833923828
79153,2.35941501856551
79767,2.38883689931554
5257,1.94648937269776
57149,2.05286514911828
10204,2.69577568369495
9688,1.66939701435219
80152,1.9008997785434
55815,0.68971583048924
10725,1.46219483722549
83752,2.34230659350079
9683,1.92363261953254
869,0.0803533557144177
23568,0.0136273381928503
51090,0.94685730367334
23090,0.642207070744891
6367,0.819480796210141
1723,1.43603216263274
6361,0.614445681934327
10664,2.07754624462024
65057,1.99089060404259
5432,2.36867494644261
50855,1.54081146742979
55565,0.886275121023155
4324,2.3994439670755
79650,1.88381009175018
80777,2.22968872103081
29070,1.07119935174676
4832,2.57746328035154
65009,1.07129169257437
5713,2.0593497647254
79918,1.71771731955948
55238,1.74542149393857
55697,1.82226162236931
3038,0.806510813360583
79613,1.12652868754494
25839,2.33199154702921
55512,0.55498821492949
84138,0.737908152394798
9057,1.28624926387513
23659,1.92015211550397
80004,2.49096742955255
79152,1.42475234510041
79726,1.86302774967907
22879,1.71908753609924
56942,1.22258988068352
8312,1.89011241461422
54985,2.63962072660129
8131,1.98254138476934
23417,0.847531098941394
4350,1.99566976155246
54550,0.111727420885117
83693,2.01455501661137
9013,1.96019546671508
51172,1.48557575264541
58189,0.242074774784915
9717,0.0332662841654657
23406,2.43451769992239
9100,2.31932372411882
83716,1.94270029658182
7249,1.69678582243029
26048,1.37201870539504
4833,2.71228832159527
4363,1.83054889972195
408050,0.580816169754972
64788,1.48489237994084
2294,0.344545976070593
64428,1.54628271613397
64779,1.59627216837242
1186,2.13826168446261
84264,1.66616717809062
65990,1.515678904086
8140,2.92128203285751
79006,2.13338565959916
79791,1.8232648274242
10273,1.89496041093393
9028,1.52209600366364
4682,1.72997348931652
7329,1.93224143329683
4210,0.244087910999839
1428,0.709259689746957
29904,1.87266785341117
6650,1.47550725535043
9780,2.35020020830641
2935,2.36172053993448
7727,1.67112550244742
23059,1.57892248797986
56061,2.06258037195589
260429,0.0128076294222381
124454,1.96149834152324
6923,3.00062190635416
23062,2.36505441883061
343,0.0386525717956126
55313,1.84477393002095
57478,1.29001320793588
3163,2.388929594307
9093,2.03130145398556
51283,2.20790012681128
6299,0.20493916231437
27324,1.83913258421143
653390,0.046963386855558
5934,2.24374452645731
23475,2.48344524124865
64131,0.755507302399361
29108,1.96366255352282
23322,0.942356726992072
4150,1.51366855807858
6810,2.17453830182783
10423,2.56003764410142
10295,2.24930743331936
84148,1.98866616370302
23420,2.08192041728454
50615,0.642297478385743
51760,0.230044960544958
79838,0.916555562207354
9738,1.43333661590407
57020,1.97633856008266
6530,0.0344662129356738
9810,2.03635808511378
400506,1.47859063537793
366,0.24083337584261
79719,2.34926027108608
64799,0.368504758920631
114294,1.85088892277213
10391,0.902878145513029
1445,2.29258172078568
8925,1.65115232669667
9325,2.10987428178593
123263,1.45545871332684
51285,1.26624018620483
8120,0.544576374693833
23205,0.144756434529493
57722,0.411782999949919
8766,2.7137145447367
1512,2.45229617558024
64927,1.15374350577646
80381,2.19356096605166
2184,2.1964481043105
57214,0.569675501267948
26015,1.6084037256266
9455,0.971230259084898
30844,2.13303189125218
25963,2.54540408263091
64397,1.63179910328097
22995,1.16204709903081
79895,0.549955830158681
4948,0.0876995769262763
56986,1.13791653312528
9333,0.08431707500591
23359,0.581210832260567
2553,1.77978949333738
7082,2.04045429644805
90427,1.51507667655835
23312,1.55731628750209
55192,1.66332379315847
8669,2.60244442325591
80208,1.8921544698182
171177,2.57617988867319
57617,2.1056045831049
11339,0.857685277569517
7782,0.953855991135871
26258,1.99659617618455
50804,1.57397711511601
23678,2.29551247672733
5157,1.86310129332096
79848,1.00176657951732
51201,1.33586298231584
55290,0.758256122408318
23087,1.39702019384526
79752,2.08259919556129
6101,0.481237158406522
760,1.37866129704701
7976,1.2004606637271
55756,1.30368333821415
8767,2.32048874946528
2138,0.04578114125236
4683,2.49119746274141
8989,0.0583067721494003
10404,2.12135380848558
1666,2.46744451336494
793,0.104408275572339
54928,2.45276678544356
6422,2.04729998525352
55353,2.94694049752315
55284,1.8112835246951
10940,1.23835659042912
79815,1.94902001073611
3551,1.6290000315489
5327,1.73277206466452
56704,1.24010745668643
27121,0.0300581105554705
6788,1.88376640570773
54332,0.379103863932154
5862,2.64793281373348
3646,2.00931025728299
9694,2.12218265166899
54845,2.65597818536643
8840,1.33712276623374
10397,1.80614906944137
51101,1.56992935188315
3574,0.44321793393712
11075,0.387888980590445
55156,2.40756509374047
7227,2.573584102795
6674,1.97693986016148
54108,2.01657801178026
83988,1.00052011843558
64089,1.97608255134811
51366,1.99194819923356
79792,2.1894146711619
7264,2.41824329384867
65263,1.81939074468913
1936,1.93102409939678
312,0.0822431961241168
6713,3.04341550039054
63898,1.62025791226436
55174,1.83296867493939
90459,1.85014015886098
23516,1.57721515018717
66036,1.09552831433093
23484,2.00297386454341
10671,1.95446475555351
203069,1.81570725933423
2936,2.47982206821225
8797,1.54473667962811
7993,1.24379677216479
5516,2.05076164262338
157697,0.95832944017176
4741,0.0368609624667365
7991,1.7956995328004
9639,0.18103260301996
54758,1.69183078437138
4173,2.37721152954691
54793,1.72072360590806
427,2.2271838565568
665,2.30240903371753
4125,2.26498654058552
3783,1.80370665753931
7288,0.0586952005206574
4924,2.62738857672412
27294,0.333866822009224
2997,2.30044703374681
11184,1.2413741947862
1891,2.581111611436
3191,2.71345348683289
4793,2.05393783185891
3972,0.429247939146321
10382,0.0654636900743731
54938,1.01205482541712
3743,0.0246165431357565
6625,2.64272293871053
1209,2.6494551253536
5971,1.50901285570977
11129,2.04250607798732
64130,1.52723553212647
284352,1.92875782481389
2217,2.78287707860613
55011,2.39481984446515
1158,0.159668001170828
23370,1.5231836136088
10848,1.9603612669175
92960,1.43850215609836
2068,1.46589550744015
84444,1.30142407587219
55111,2.01621666252431
57030,0.119162748298756
10535,0.189853388024481
147700,0.750592276753228
951,1.8899919717325
8175,2.47862481897655
268,0.758560845910358
27120,0.38776052329144
4066,0.851638514236924
4946,2.9805061624813
55621,2.16682851464669
8677,2.41111093882655
56729,0.18919102391088
2208,0.104959466672018
1760,1.55118915752448
10332,0.0068409645610921
81492,0.0318642078034075
79735,2.12991909372858
259307,1.63277006133858
79816,2.11663008842014
81576,2.0425700152926
53635,1.85000732455401
166,2.66248550610656
4858,0.602871630600396
6449,2.1504761028441
10859,1.36707456517877
81857,2.02562307439669
11024,0.553964069076449
6618,2.29065715407833
28974,2.89506381415283
10469,2.00417883185047
729440,1.43605574384674
9466,1.40655855100124
55723,2.24779582624318
7138,1.16011122099456
51231,1.48021141963948
26017,2.64267196468761
22870,2.18130690587779
84167,0.895772046599554
9441,1.14413740498055
93145,1.42238336810309
64926,1.4805133753835
10270,2.23377528615845
79852,0.308500706125973
10994,2.19031423632343
79744,1.30913911008563
85360,1.39310815285267
23581,1.81345459620624
6795,1.11160271049844
10775,1.96915492868705
898,1.53390735655749
8725,2.28280611724617
9141,2.62205110115774
84079,1.84226755680721
6217,3.05595508685459
92609,2.02455755909608
2091,2.7151249633221
9149,2.0009549353961
79935,2.52491227483118
2821,2.63067678541315
208,2.11647330062262
23646,2.56768860286842
57716,0.804098785258147
51588,1.87314348751951
9253,1.16098121020533
10148,1.5051943643872
55702,2.1432526723588
56961,0.0126025784990239
1155,2.35898896706125
79187,0.107160562124483
5438,1.60407876437207
728361,0.13507515807804
25999,1.68698654619567
23217,0.0134224851965348
6510,2.75260972657813
25865,2.18666682204988
27134,2.26870742537361
333,1.75069936547725
58509,1.34754213182097
26093,2.02837337883218
11100,2.62774815822635
51343,2.04873767402112
27113,1.49767450039296
7040,2.27550812739547
22898,1.11418171378896
55101,1.98137567544831
1089,0.27144746091716
10226,2.15069637544786
79784,1.8281249820477
51073,1.74612569800829
27181,1.14140366671624
973,1.60085449784311
6223,3.12708793486821
29997,2.47211498588852
4818,1.98768009477456
7087,0.270700164138366
2109,1.23483797290078
945,0.987062369387304
1048,0.0336664500279098
1406,0.0045667467349953
29086,2.13549192401952
7297,2.1671500758253
11140,2.6963368879123
8775,2.23199774045168
10567,1.31334406784891
478,0.13507515807804
56917,1.63356721278439
5802,2.0410266613999
84518,1.82288004354144
1954,1.38968300808762
10945,3.02629474309573
9266,2.34698726109812
83743,1.86321158403495
2906,1.45003084571105
23546,0.17464843968899
6320,1.71561493463603
93233,0.363746233807929
22900,1.58936464836202
3978,1.94783115356092
946,0.328193431299921
7728,1.56114474245411
8605,0.948557830480881
3036,0.185704654675442
9545,2.14947667696611
1628,1.26574994289403
374882,2.58758225006907
828,2.62838717355233
64748,2.19206035590581
54854,1.78707515621856
54922,1.62067569721343
587,1.96631907820039
54531,1.36300876455141
57664,1.29272561574302
5518,2.65026306990249
30000,2.28085877720582
51398,0.0376577034343075
2639,2.04842883783061
10990,0.552527796198444
10661,0.209151657793877
1777,2.78435755760654
22983,0.229257472451869
79165,2.2468790539214
26121,2.25811039864068
29844,2.24414329447115
3718,1.31280529475385
6142,2.74939894517465
6528,0.0434116529118274
3780,0.25300774946036
27106,2.44698321008694
5296,0.132237153018681
5864,2.07520110681603
5143,0.0123974780415539
51477,2.83652300357021
8178,1.8140861479374
23373,1.37282034820744
1311,2.47904636370587
11045,1.08907039520916
11316,2.58393837240912
54555,2.30791566972115
2116,0.649313150994925
495,0.0276439590910099
93436,2.06573389529521
10430,2.48440182423044
26330,0.0362629122582597
4099,0.949406340113122
25789,0.294992270715603
57817,0.65723218101989
7392,2.52664900924217
51599,2.76672770714718
79036,1.99350599633742
23770,2.75006490306739
57794,1.97959648039947
3249,2.02534937183818
7561,1.78193807256075
6324,0.516950595244897
80714,0.512838866357547
2077,2.10534983093424
2931,2.13050909631911
57130,2.31681718032073
64763,1.77354004669024
2901,0.236160753019845
23094,1.99766435314297
7639,1.67546058992265
23474,2.15133913238984
199731,2.07661952762232
56006,1.94462565745265
23080,1.8207777413243
154661,0.80317417810721
79846,0.843397234932471
85865,1.25807728688578
10156,0.221975815463252
1021,1.23407608463799
9512,2.11932751975401
27000,1.9047254705492
7980,2.73073760198274
10282,1.82837500807398
10135,2.21935826433796
221830,1.67200161104841
5294,1.22534317320196
5446,0.516950595244897
5445,2.33339809497955
3696,0.713509158141329
26959,1.73282210001836
11062,1.03869062452867
6671,0.909904777698643
29062,1.55306715202537
8701,0.0588893471988714
79872,1.88109262122171
1749,0.420074302768543
136319,2.58307642064777
256227,0.0493229014588557
5764,1.6697144012357
51678,0.763719850988942
1687,0.889954276061159
50617,1.49077649374588
56829,1.94937596680226
79989,1.23935286799689
4967,2.42064014401425
11033,0.874661870531888
22797,1.25907129455546
94239,2.43603057219664
858,1.62290283355338
857,2.44060636324779
4233,1.10475575980372
140545,0.637216409745301
64327,1.62707165624049
7472,1.26777341044807
3198,0.241299128225038
10049,2.07705934753462
3199,0.233814089985744
3200,0.221975815463252
3955,1.8449084585733
3202,0.76175202513942
3203,0.0416301479021601
221927,2.00158375889005
23288,1.86533805344482
56311,0.035464851664874
7434,0.364541387539058
23554,1.37961081537871
6742,2.39537533812349
3209,0.0471602662673416
79974,0.973571647227322
11112,2.38021712488779
8887,2.38844052798316
54504,2.02167478117009
1124,0.016081724652309
2887,1.5221158002969
83451,2.90868116085632
23242,1.33414020617396
55033,1.40437898695131
84725,1.28204645732143
6804,1.19835740148017
10392,0.847730451374771
2617,1.77413160359466
1395,0.0420263638480368
2051,0.556113083105224
84182,0.338128881273417
2692,0.0173062599854029
835,2.03060006945852
51142,3.0770131538535
6369,0.228626920528103
3315,3.26874696757537
4885,0.287271278860725
11333,2.67248382396817
8896,2.27305234353491
26024,0.807784167291185
1577,0.785426883304981
7586,2.34608845893857
8662,2.4467914077094
29886,1.82746419187606
4521,1.89308626063545
5803,0.163952002695106
6878,1.77876736529653
8976,2.31361377445545
23553,0.0197500372972908
7965,1.80729665254366
7036,0.928363058843126
29999,0.0914418297097786
64598,2.15283150950981
5118,2.20167742246179
26261,0.209797772750175
10842,0.0144462560950847
55131,1.43288594801157
84132,1.4249693474799
3614,2.41013094282222
3268,1.5449443658753
23658,1.98548424713791
5054,2.29083180086946
1174,2.45314103625794
346606,0.0221867865316464
56913,1.17356369659206
8985,2.19640643352287
6119,1.8565223941256
10467,2.21728613712419
24146,1.5147752815159
113263,1.48023299405725
9678,1.74690142659384
4899,1.83526629264521
54664,1.73469429785642
2146,1.94145433165728
95681,0.848593597177822
643641,1.60833774616483
6424,2.19015225536161
4232,1.71024881785706
4223,1.31115564264686
57037,1.6225190607127
653857,0.609725295891053
11281,0.0097266548872287
27075,2.87310886060585
5919,2.08625335305883
10551,2.44932208258527
196,1.69354330176675
54927,2.21935117729781
26157,2.06889865349428
28959,2.47159036715365
2737,1.02437274745895
5683,0.359491358869268
64983,2.37473279640551
55744,1.6232223999699
644,2.59420748431042
55665,1.84111532555481
55069,2.52222732788409
6009,2.35857626232819
51422,1.37201870539504
165,2.82716511419554
5425,2.43160307864694
58498,0.0546076972506679
2645,0.0308612972995617
9275,2.22433228845645
10652,2.13598280143736
26608,2.14750853526995
7461,1.17286768854624
7458,2.57778488235518
3984,1.93374050079306
55064,0.291651027359481
6505,1.56788337532059
9355,0.253313542763282
2218,0.805447782413971
83856,0.661641497312732
79937,0.180362955010794
10927,2.36913974788677
54981,1.74124573704759
23731,1.84877181564673
158471,0.350100378003441
1955,1.74907575208196
9830,1.83490228235217
7464,0.845134030024523
7046,2.05393219424809
10952,2.79042710118556
727,0.848062567913615
4969,1.54978979651343
54829,2.27836227124272
1842,1.656217772055
7091,0.929823382709023
26468,0.805944079129217
22949,1.82053331104224
64420,1.49317772443591
259,1.13154395710767
80709,1.64476669597793
944,1.35311885094929
1759,0.946118951808649
2022,2.69190692578958
203,1.66456542103524
55664,1.91408839200974
6019,1.19035183670184
6013,0.152766315216847
55848,2.59535240820694
54662,2.01144336381581
57589,1.71016980260789
23081,1.64305677875833
81704,1.62320642691871
23189,1.60457794199101
1993,0.0666185243177208
23413,1.49631937226315
7016,2.21454433688484
57582,0.0867613730983522
768,0.0334663908138561
8939,2.0677544231149
7306,0.482482579229991
10488,2.49564384978193
9827,1.40075079886317
8777,1.37569599382246
8022,0.0070474104382352
23586,2.34992376375453
8721,3.17714272437436
8395,0.665498463536728
169792,0.405911549129356
573,2.42882317997131
2889,2.17869734714301
56654,2.53286354234328
320,0.336893939560709
23064,1.94946490538592
6456,0.173804655004492
5730,0.095353116336939
20,2.05757872673463
6461,1.618437741934
54926,2.49830674871722
51104,1.38349607940993
51010,1.37449975586608
7763,2.40088231930685
1855,2.43642431223071
9124,2.7156054245922
54619,1.75703893009169
1791,0.0138321417599086
2625,3.00915669334185
26033,0.110633677154773
3257,2.23888535345972
5264,2.40021070083547
83937,1.59236192861886
23268,1.58149812650381
22841,1.4634909866834
6387,2.28568538824094
10613,2.09052025812212
8661,2.6076192961246
9033,0.328609976185221
8029,0.246558615229919
1787,0.328748774506696
79009,2.211222004355
5599,1.80197467371546
11196,2.01921537139641
11101,1.91796726434237
54780,2.13741105174978
59338,1.3599520337059
27143,1.77271961619894
219699,1.65393859993586
64072,0.250863876616529
64115,1.85425570984098
9806,1.87503156477418
10367,2.28913868866927
5532,2.25905056499561
54462,1.87159789462418
657,1.75955127690481
9562,2.08398417479059
59,2.49836395592099
3988,2.25329580739362
3195,0.0505001786277436
56652,1.71401194753419
84445,2.19863819770111
81855,2.17539259890693
81621,1.62118937450224
6468,2.30374628669311
2253,0.055972413796195
10360,2.24443630210043
80351,2.23461314487022
5309,0.0374585887741673
8729,1.68109196843798
57584,1.96836495083073
22849,1.25777872925029
79176,1.18032409559891
79004,2.56044477514804
51684,1.64115614442944
22852,1.14673654596267
91452,1.71024881785706
64077,1.68330805471812
23185,2.17762723354803
23560,2.16356745562314
26098,1.33531804811606
56647,2.32274400088147
55149,1.71425994467524
9148,0.760538146652979
9644,1.6485604688306
10531,1.75801966056644
79991,1.84799058734271
1326,2.63125948878547
22943,0.01219232802879
253738,0.69114866100384
10539,2.18443865611512
114815,0.0109603861112779
54906,1.96923947397581
7511,1.75542711716141
9126,2.32043909249306
8036,2.55779508068451
7019,2.00999516735189
8030,2.35889163576121
8453,1.95169657796573
219771,2.12103956593433
27338,2.02561699427328
6158,2.93643496509277
57178,2.42008839364651
56521,1.63663343313374
10105,2.79662549012134
64081,1.67363436576921
81619,2.01383437720913
9211,0.307217457254006
23232,1.5321656793851
25984,1.282648876561
1411,0.0336664500279098
57532,2.29164654535652
28964,2.29980154710331
6143,3.24887327954922
84961,1.61466182279276
10900,0.529147433089322
7343,2.44568179668191
1440,0.579729712761244
5709,2.63905657889076
22794,2.32435416028397
51195,1.31704079797404
8787,0.87447075141649
54894,1.46498405438429
7473,0.804951107859457
443,0.408040565549656
5889,1.88111021173648
5414,1.01378648331121
9110,2.17142181760677
4591,1.96421957435436
5023,0.372709736759833
79665,1.98696075156086
8688,0.642658991043626
51174,1.53668095285044
3837,2.55161143640568
9570,1.46433835353529
55163,2.13341285803483
6198,2.03048604596656
80279,1.74228732474176
10951,2.47818696966945
9400,1.6279578179047
9487,0.971121138787902
2584,1.92670625636987
57508,1.50746457481567
23125,1.72983497816481
9969,2.07544586925389
3216,0.484064605530231
2027,1.12438385154822
5216,3.14929252299604
26001,2.55121343618702
8402,2.36181241218462
51655,2.14920795176158
1145,0.28639237520262
10743,1.3371513625484
4927,1.60871699982975
708,2.5731005108735
6532,0.0641143646112851
642,2.12180827014692
1362,2.00085760221797
9527,1.91407218468776
57003,2.65988269429789
51003,1.12766095313327
1819,1.40890302779641
117246,2.22847654849277
11216,1.72539203539919
218,0.0209692882026594
6603,2.78942022412262
3384,0.986104793468626
9144,2.90512743938128
27077,0.539051641498546
55813,1.99852720140088
1655,2.9478763130452
64149,1.54673426849212
9267,1.98757261488734
5717,2.45422697098912
3959,3.36345722109034
40,0.0045667467349953
6354,0.14528122128287
6347,2.52928018971199
6355,1.97997353263532
5193,1.37529755612369
3882,1.5056041954042
79132,2.16197359860572
2648,2.33322481103824
5878,2.35916038278569
4669,2.19554157792218
3292,2.56814473347643
6945,2.31938404186388
8506,0.663221962605026
51225,1.89619937437722
2145,1.84343587372922
1748,0.468434774205531
84687,2.5151272253447
1277,3.10587178158929
6442,0.0645001083526856
51264,2.48599081338187
10493,2.60268762844236
55379,2.54856224838945
8153,0.138432567508923
239,0.582787286407851
10014,1.98518015356219
8714,1.05452751496846
51747,2.64287843805772
4355,0.51511402039859
64750,1.83332450230804
1845,2.21860266656238
786,0.466703122883029
9343,2.07141322212166
3131,0.777629252051123
9120,1.5134872167957
5573,2.64021829618019
1949,0.945607267643376
54757,1.05514467905527
7531,3.00488739229301
23531,1.83246406438829
29098,0.521253660947665
1801,1.21096763325597
5608,0.802675769850247
25979,1.77992409699128
26118,2.2503405079849
5957,0.0516758077965697
4619,0.0863857947605423
9368,3.25191812854232
4621,0.424614036933465
26151,2.24674834905264
54868,2.0568131206005
7448,0.132770028068318
7126,2.17787508925277
90410,1.819901204434
27346,2.12985958207714
30850,2.25387543535353
5376,1.77722392857051
8456,0.330135385465491
9094,1.96915492868705
230,1.09535112262997
6830,2.23573270119706
83871,2.274964969407
57649,2.06692249774028
8929,0.009520858735307
55161,2.25643490539238
2798,0.0828093123943021
57606,2.10024168394743
54940,2.67652891807231
7365,0.0099324012091867
80157,0.0086971754034013
23142,1.77316421116351
64854,1.48691836664749
54959,0.0833750437052461
26511,2.26675522488165
10874,0.340182719802318
57482,0.8771411994583
8649,2.28655646558837
4790,1.94953159609539
374,1.64917963867624
4126,1.70904889816666
7323,2.53645815934995
5602,0.12742563422007
1998,1.84324299091738
4717,2.37868637241921
7350,0.0166942133416963
23158,2.63219653811784
27309,2.11813746391877
8821,1.77202329732929
2549,1.49252592440065
11275,1.33643598647649
3558,0.214627081559606
1363,2.50946504298989
6164,3.00861948905129
7466,2.30832290467954
11199,0.13737381964589
80273,2.33161811812981
54433,2.17381535492581
2483,2.38617706267191
1182,2.19569725993956
51166,1.38592254953869
51809,1.9619938739554
1665,2.51853479041649
6649,2.01096967068371
51091,1.73571438009462
8532,0.0831865093464727
23321,1.25668261116643
56606,0.59710873545728
55294,1.5231836136088
55247,1.26148246522529
55296,0.913927665716374
116449,0.147551407712286
7468,1.77081060238491
152503,1.95737329867055
57620,1.69709792558502
579,0.284484687896737
10227,2.61258123372971
2743,0.774365200303124
683,1.11917784215427
9693,1.4124737051167
3083,0.0759903776592968
83891,2.09126989230642
55805,0.916972620034709
55325,1.79247773122507
51274,1.92817162704284
51088,1.37217913357017
25854,0.724978945969369
64151,1.68741650937017
7358,1.99017057344555
10891,0.0973945447953161
29118,0.0268377072511832
1410,1.85263705211188
10553,2.2314510266517
1075,1.52393362271651
91057,1.99049742120599
7704,0.698017893092096
26610,0.587886639062575
8882,1.99432544109724
23788,2.65954854094341
23360,2.46369567597367
7007,0.510338815388899
6309,1.9047420607246
56253,0.746106483550639
79864,1.3669395515864
27087,0.0778901327798074
3312,2.86736197147958
5024,0.0479473231186116
4013,1.40395200248801
3338,2.25586923657931
54414,1.622054907889
29907,0.474406486755383
9404,2.1710022786372
23220,0.715298992830891
23130,1.63641620621082
10938,2.07577019458268
5007,2.31208864752299
81622,2.46583310147997
83480,1.94691476606437
28960,1.48343704564057
51111,2.04350457674367
55572,1.56181929697002
55291,2.27728441182524
9379,0.367053915781504
64231,2.14150669435248
51338,1.80461760776053
6484,1.72987275828476
1374,2.3457093837819
595,2.86129669667065
79080,1.56180107839291
27339,2.75969312507132
79073,2.59495211617896
3263,1.2035091587921
10612,1.75074737980136
26973,1.66222539616499
2348,1.3758552827155
25906,1.13125260177227
2352,0.0927476423604853
24145,1.99257207694242
9828,1.87845423227559
116519,0.809055038489384
345,0.978011896472986
22897,1.55973785320562
50862,1.82907428396953
57562,1.20255600521502
1982,2.92180530502561
3587,1.79464998551841
374378,1.68175233156806
329,2.16599438109592
9354,1.63622992953767
1656,2.39388213373288
7379,0.440588527920646
867,1.31873147624568
5818,1.82552585202224
10114,2.15530772320377
25758,0.310776812401717
26273,1.65269737624923
8050,2.28364679873786
6506,0.827620234807622
29099,1.90146048883086
51296,1.78172593461089
921,1.61391269899087
84680,1.70044934960676
4250,0.939491244896944
4192,2.9030897159275
55626,1.75667206071143
8567,2.01381555960212
114971,1.08099828507953
79829,1.94253439553392
833,2.05100605480322
5002,1.62948874040735
975,2.81778826756049
54733,2.12387652010287
29125,0.544991615093804
55531,0.018529029376588
796,0.0254249141756302
55553,0.059277505632032
10944,2.29647047157039
9600,0.988548939162196
6207,3.05615959108482
9049,2.52745707671349
4928,2.19665259710449
4728,2.38583473895622
10312,2.52956491924448
1119,2.03075004777437
23086,1.56349241409164
11234,1.65067123882303
2965,1.88067902460003
5450,0.709259689746957
84867,0.0761805481519545
7450,2.26579024966796
5715,0.637125337358313
10536,1.42586048840695
8496,1.37876688562217
25766,0.924608938219135
969,1.88122453150985
11108,2.03343353034263
9976,1.87191287986655
84274,2.16696459573717
6404,2.20661896299107
23603,2.21263432245315
41,0.354541924741873
1610,0.0412337454202869
65981,1.42936158179239
441631,0.390325533156975
83892,1.89591966761636
4891,1.87579860938361
9761,2.48809119452532
4598,1.71236379438817
81566,2.23776949216931
10645,1.98520719382329
51411,1.66084495646903
51561,1.26754533327545
506,3.12946075210059
10728,2.8914337199718
605,1.99762508652031
65117,2.25444128572979
1594,1.42393171464795
8825,2.17070870978433
3875,3.47304493965184
79611,1.75950423128733
23371,2.07334413313571
2735,0.351314266974633
57460,1.84430273506027
10988,2.312605852809
4048,1.88911337456285
2004,2.14821797888975
6539,0.461949080753147
81029,0.539365499402674
55110,1.79343489459765
59341,1.41442199246519
55846,1.74222612390726
2305,1.8420838021034
11272,0.80813743574534
56341,0.0080788886488122
57097,1.41506156609261
10094,2.9441574560444
51184,1.93013004112664
51699,2.47683166997006
2251,0.0223895328412295
4633,0.0191397532419228
10635,1.84798105103504
23316,0.0252228938178094
10019,2.05830375751469
10566,0.221339473426536
54682,1.82781474134541
3736,0.0908815660467812
80824,2.25152833182115
1389,2.31586690043668
80724,1.48521282941596
217,2.45091260732196
1027,2.72660988841247
55507,0.382345538019569
80018,1.79328276304635
83445,0.30578913394747
6337,2.33729848971096
4055,2.52943840748475
79676,0.288149195283638
8099,2.51076128271894
4940,2.58233876938198
4939,2.64239583513826
420,0.0358639763576893
4256,2.73290589658238
8437,0.178686403225395
397,3.10610703705997
2967,1.92864065457133
1967,2.32814828974575
57696,1.98637487259167
81539,2.61132519148869
79785,0.687349284900887
8909,0.0780798702999492
79794,1.3919518329566
7421,2.18961949851217
11211,0.315167849628563
5985,1.81574847980593
2054,1.63655586393595
283383,0.144931400916602
22818,2.70294570052317
23329,1.07004386492426
55832,2.13523044748666
55801,0.073704942137793
3458,0.163781075656825
5869,2.74021266009984
56890,1.17290637824597
57122,1.84498531238006
4848,1.95119518907022
8914,2.15671979366229
11052,2.22961996345574
11103,1.56817106541276
51258,2.72814605489897
2597,3.31243241247139
4839,0.241609477908543
1108,1.7881985809717
84519,0.836605621005971
23074,1.71204916072681
50813,2.58055273165781
51147,2.05038049454611
2784,0.210120634840707
83461,1.73017488179145
56994,1.61584816176993
8078,2.37521074495633
7167,2.99556181194393
79158,1.80326105887725
84727,1.83887919899954
2026,1.73330964447356
1822,2.7104214504909
113246,2.22365763750703
5777,2.38714035502319
10162,1.38171460327366
51559,1.13886221428537
79923,0.0348658102965977
64426,2.31569985043902
51026,2.22957182486348
3945,0.887649514737852
5564,1.57356856868642
55907,2.41827969191451
29915,1.33951943495649
6489,0.308785584733161
50856,0.155706684763122
9847,1.97484162642633
11021,2.24452185173669
1911,1.147222566692
1337,2.76981877843979
5992,0.0041525986866217
55188,1.26751274296527
8683,2.26378043522448
26127,1.96551619914615
3820,1.0926867496585
1303,2.47083631537399
10384,1.71103819336733
51567,2.21952476742178
2444,0.960997970748665
29940,1.14230275825895
51389,2.19498662781302
345895,0.56454406113081
4117,1.12463660132836
51522,2.78204609879685
55003,2.19315200603501
2651,0.99282899091581
57150,0.803672206211484
4739,1.70533626720436
387119,0.715786306875604
84830,0.234283977346928
25842,2.25286283455683
254394,1.20970131499223
79632,0.542184067933255
8732,1.63650931610011
4121,1.88201509438071
2570,0.304930877856553
57515,2.82171473835845
51020,2.08173745437299
7164,2.3512513613243
135114,2.22751268045934
135112,1.78946163655251
9750,0.797455303576408
23328,1.68361575476481
10090,1.41597033831595
80329,0.349154910284944
26271,1.43117447681714
54516,1.11336627540286
5467,2.15712705181347
2178,1.18143025736043
7287,0.0890112847364733
116369,0.141600615410859
1432,1.95644986681123
6005,0.0306605722017031
222658,2.15394560166642
11329,2.2877750039273
6428,2.66723962773254
29074,2.72652669514894
4172,2.54351890502543
9025,1.51672099251474
221692,0.238188934556376
266727,0.514356428733581
22858,1.88009751737622
26268,2.09572052467203
9308,2.3284365383187
23195,1.59603508865686
2740,0.135960022436348
55776,2.37422983500247
653,0.0914418297097786
60468,0.473719912386878
221662,1.61462927743512
10486,2.38535783700225
79865,0.055972413796195
26036,1.41535648175993
9532,0.823011241998602
51715,0.913568459172843
222642,0.0962816618610842
9457,0.658292994007853
81491,0.0491265280900879
26235,1.04851218130412
892,2.15010002692709
1871,1.83063840409477
7803,0.0434116529118274
6492,0.0625696085978943
10973,1.79678960330504
11149,0.308215722939551
1297,0.0173062599854029
9439,1.8935470861955
8936,1.0350696216157
2822,0.411285085014733
7915,1.84189028793832
202,1.71600502359931
8876,0.371004266492833
8875,0.610861092369093
55856,1.53286310885596
60682,1.0757070543761
6206,3.38508326517549
81688,2.86370296848413
135152,0.379233797264089
51053,1.61041159800142
2070,0.0031163460570424
55084,0.374803538826287
7101,0.0495192289370227
8724,2.85283676836708
10767,1.79005343043915
10475,1.71605700935562
5191,1.89194901566949
9841,1.55656161189972
9896,1.78049568935487
64065,2.69500170428188
57221,2.05123894974096
117247,0.490806261059054
51696,2.06332318177955
57211,1.75157478962075
9749,1.58831534797173
7957,0.53852824025592
7922,2.81218226146441
1235,0.0187326529005272
54346,0.0101380977223869
6582,0.0225922306114602
5252,2.19430502573582
51596,2.82770530984277
135138,0.331934259048962
9444,1.73913039278042
10846,0.283455541278529
4188,2.17280719817683
7942,1.02791002102979
64094,2.52681133576932
896,2.18388526682169
705,2.21866303394984
84498,1.97036498932262
6908,1.9430770846067
2979,0.663046534558757
5961,0.0784592157513684
23506,1.86144336052034
5528,1.73916737656416
51069,0.737279376286659
5754,1.949953707516
6722,2.37631801871749
23113,1.53307601035057
10591,2.46293791944561
56940,1.76473003373661
55770,1.99877523694494
1347,2.907268136551
55754,2.57402516374065
2762,1.94798739647631
26054,2.16015396868447
3617,0.495710922760668
7422,1.9563770629113
8899,2.24137848792316
7272,1.75745276297692
2030,2.54857334628498
8838,0.14405619395913
11120,1.9617856834161
3910,1.85148506492812
55603,1.62492831977657
53405,0.773844427461837
57666,1.93335468623367
59084,1.93576370978042
9450,2.08997874869774
10279,1.01139140134292
4224,0.0091091168566818
9096,0.458918374649505
55914,2.17023521935785
56133,1.07598191402759
23438,2.02776325932757
83594,1.95297663014944
55722,1.32520662438927
4124,1.70993267197216
9037,1.76968637141254
730,0.908578174745082
11044,1.85269362417781
2690,1.34661621548582
3157,1.87627950447139
1611,2.63911714304832
8382,1.24345621329171
10902,2.26384565791224
10112,2.11114976201835
23530,1.72857376983284
10884,1.92820291281014
3313,2.63638548470988
23107,2.0945208177791
5201,2.54264403509399
1839,2.06457433043216
83697,0.0221867865316464
4015,1.76314678480507
3003,1.38955379530996
10307,1.77576550618049
55374,1.59030872419529
6678,3.15430293375936
3550,2.62870658371322
3156,1.9837307267404
10087,1.36000677639412
23197,2.31299655992658
9421,0.212055077748509
56132,0.233343924672305
26167,0.288587783888642
56130,0.316438020255069
56129,0.200704422956811
8622,0.380661596988309
57396,1.81097096486654
56121,0.479989618582375
26762,0.025020825205399
2916,0.0938652766473933
3702,0.981616064193142
55819,1.93503408712061
54974,1.66853027479163
411,1.22548399732067
9685,2.25108339048166
7060,1.70842788040057
57472,2.14489356389629
3593,0.281982980067927
79908,0.104775777140435
7265,2.54292589431866
4437,1.87995642046957
5924,0.773844427461837
2566,0.0060146795562324
900,2.76343936858492
10622,0.796736914944972
29102,1.95777253402015
1004,0.643832606108194
4001,2.38926222644884
57561,2.37069308024337
64083,2.77469495101763
10923,2.87392697953323
4883,0.795945775723072
83989,1.6461361002519
28965,0.260465796158866
6897,2.45530391072312
50805,1.96305463532419
4012,2.07670965407688
5144,0.560493375018025
5810,1.73313469114714
55299,2.14392226248705
64902,0.0138321417599086
5618,2.34241401535962
10723,2.18155611328475
3565,0.25651724415294
10111,0.575566037566506
3567,0.0338664618273812
7903,1.55746340146652
10007,2.16046069442022
51294,1.48561843184961
6500,2.36473831009367
9631,1.79576436792521
5515,2.63136580092194
2246,1.12858189067855
2908,1.77524424308009
56951,2.58993602022435
23398,1.94227031789259
3977,1.32450409331264
373,1.5544384161323
80006,1.63972545431508
735,0.0179178651438874
10802,1.76597159346195
79770,2.20394956581725
23548,0.8771411994583
5917,2.43646762857227
23286,1.8022726984397
9555,2.39508222738623
10915,2.15860365327967
1809,2.07685275069842
4090,1.96699987070982
1452,1.87496013827752
22993,2.21841439380532
57222,2.37653944363012
5159,2.25748109366869
1044,0.154497229720915
8992,3.05277071004911
662,1.68659783608503
8614,2.8259183608159
80315,1.73821713024284
3274,0.571677769875203
1627,1.69633763897841
23567,1.43250612441895
90249,0.980434954886757
1962,0.932327142869957
5067,0.244397170833372
10051,1.77755110701173
58515,2.54222576842729
93973,1.86377176980302
55171,1.33735149309681
51300,2.23403330974924
51185,1.75721633563963
3827,0.0060146795562324
3273,0.0162859366995967
604,1.96698569968061
3081,2.54498983401043
10686,0.0479473231186116
84100,0.930639668435988
27031,1.03820258454557
942,2.12090346522971
51421,2.04767282690394
56954,2.14102781604993
26355,2.23716478605283
4968,1.25204120390555
3836,1.76671249785559
5096,2.02787206582938
7337,1.86367080930456
25852,1.62798943492737
80321,1.76076093618091
5948,0.798603087377548
5947,1.54314772589225
55186,2.00523888778365
131890,0.025020825205399
9616,2.41663941352948
7029,1.6892288897663
54464,1.71660248944118
8850,1.51000847699817
590,0.0927476423604853
11235,2.06300973270841
7474,0.877902125878055
5210,1.66922379986933
1294,0.833080834936515
2257,0.582196527361322
5576,2.17071686779978
3280,2.88051669317833
7375,2.16258779708531
23527,1.71246862241285
1894,1.7394631337726
2779,0.0340664262320136
2771,2.68518733283032
10342,2.1635424770036
3373,0.66724450096542
11334,2.28646075979219
10641,2.13326324098985
6152,3.12895658253071
11068,2.28687238716909
57415,1.85291983475229
8087,2.12850186162307
868,1.40027014445434
56987,1.73302218411944
55081,2.10212550547769
59345,2.0009224937572
11148,0.0074601518934053
84223,1.05623500884971
2632,1.90460932011197
7372,1.73681884858647
22916,2.38236704004224
8723,2.33143881905249
79669,1.47264551768166
23150,1.34334839294118
54946,1.97637314287388
152015,0.224833088458217
5361,1.72419449684972
523,2.41965962574269
80325,1.80538931499631
50512,2.41662015448357
7348,0.0119871284396815
10675,0.583475882716164
23276,1.5685843130677
22937,2.17412652657782
79825,1.63308283513554
57501,0.952901180463528
79858,1.38375754102264
11222,2.61723254086741
57088,1.58560381696581
51409,1.16781526570789
1154,2.44795256065845
7867,2.20736841836765
93,0.992618337571384
57599,1.80246417472236
51122,1.81443774837412
64689,2.08988671444561
51555,0.19693959967572
9136,2.33938754619403
10057,1.97830486238309
13,0.032865928486596
84836,2.57785605238547
10289,2.15925325714279
100526760,0.0447946653885956
26084,1.55303003588431
54800,1.85648502965357
23007,1.40665853659354
7433,1.62496014596047
25981,1.00223334027942
6747,2.56071193290431
92999,1.50613645963008
7134,0.462879108050634
4820,2.14150226325146
1181,0.805518705065985
27086,1.72765078673001
1981,2.61234560920722
28972,2.49987662566187
6787,1.62729335702177
6508,1.78560582713367
54891,1.44874506071207
1933,2.94885146838017
8745,0.26424391833909
1716,2.41329533850334
55233,2.51480713747852
55683,2.25104789873855
81562,2.16937231188271
6242,2.2121569586751
150465,1.36213724940335
3552,0.114092234949886
6364,0.299329003342691
200576,1.55571347220098
30818,0.30578913394747
51011,1.14795082033248
4691,2.80615148631455
10120,2.33944421795524
80255,1.93979448671007
7535,1.14124004315476
10096,2.34703297682384
55240,2.51999702682246
57669,1.97564625463234
29842,0.545406615249898
51639,2.77573797690251
9540,1.62083628290741
51277,1.09592679833415
5443,0.24501532854159
10254,2.05092081294909
9381,0.316296993015621
2820,2.37326135402837
1058,1.72382438226825
9595,1.83622888922507
90,1.92896864402312
85461,1.51019112430949
7781,0.0234025367070836
4358,2.24662086287846
2976,2.13432733138558
8890,2.09966964838356
29959,2.55783805308974
3694,1.45514106020351
64838,1.34113952396983
3676,1.2413741947862
10213,2.34873182982899
9784,2.50238872193038
51130,1.37489881027895
5496,2.78316762882336
5136,0.592949453040546
92840,2.83867816860838
54760,0.979359228849033
10297,0.378453863313275
64135,2.16881089525431
6209,2.94696290953746
25801,1.3612915701692
83444,0.572277352164526
7841,2.2909462729704
64427,1.9869540223824
374291,0.638671945220488
84759,2.25903796281089
2888,2.47265308240443
79745,1.48212784467787
3196,0.0097266548872287
6711,2.10227381264861
550,2.78546573967787
57142,2.63061890590886
27429,1.70560249130877
84695,0.963323460735082
1796,1.56015853048472
2591,1.93192389178724
56655,2.25442531436837
6869,0.463343682474701
55704,0.786449884307301
33,0.234597081311967
84141,0.909724042558049
9801,1.97870380083295
10314,2.10726586795281
84128,2.13137632308172
2202,2.26656430171749
55120,2.02292607319936
2335,2.86456722717236
6772,2.61535521920938
2744,2.02744270216938
64895,1.34843842426417
1768,0.0278454019696254
55825,2.00754155854362
25972,2.22319895091693
3485,2.6465050107734
84173,1.53725677073152
3488,3.5045883565138
9736,1.52702002705587
80303,3.01086010422918
3769,0.0148554188895284
10575,2.47232008975054
2677,1.78125662327522
23301,1.54490661146016
5013,0.319955376407141
10190,2.10681221460093
80219,2.45406186176603
10578,1.16444784583622
23451,2.63039278246916
8869,0.735862466791456
9486,1.52274886392892
79031,2.53598696321185
25843,1.90619931595588
3336,2.34025377380124
55818,1.83884020291079
84812,0.681055026777911
51652,2.19953288440625
7701,1.58018579062347
7850,0.293250798934905
53632,0.0080788886488122
150572,0.252242748024437
3554,1.73300968154885
7475,0.185038872162597
8808,0.676511067623234
9173,0.3036417141076
8809,0.580124980827621
8807,0.480216601901003
6549,1.76922665338432
2274,2.00454536609329
79083,2.45634490103217
27013,2.6275233591215
80146,1.73101720658621
10058,0.421795281942773
8576,1.96812481800092
60482,0.0051875911285856
3069,2.43412511674509
5510,2.22971965739539
23178,1.22885300838016
10494,1.88599710211805
7173,0.6960145607199
5624,0.556215256100082
3398,2.7908356675344
9014,1.71785971054194
3241,2.0425700152926
4953,1.95135747332061
57448,1.85174029064154
79954,2.10073341136616
55041,2.29504373022711
26003,2.5337634951398
6801,1.49802829848196
10153,1.93840211320535
23683,1.32896676409702
80067,1.57923863232315
25797,1.28457840379183
22930,2.0466279304134
8604,1.55299291684598
151393,0.771607880455401
1746,0.0792173887819751
3938,0.0246165431357565
1615,2.38165851019528
6432,2.63891045674471
6382,2.94832050342554
5334,0.65776279163729
6509,1.83042953061787
6654,1.87875511441095
8942,0.728174898137949
7456,2.10382738797469
4999,1.9329298551074
9167,2.28981410942113
56902,2.10628467686591
5000,1.83218676275026
5341,2.14351272899946
390,2.25155732924702
1386,2.07062723828007
63892,1.55571347220098
22848,1.04601174980883
66008,2.13911029003383
54980,1.43572550595439
7072,2.41050249072192
51449,2.36449703583769
84634,0.979413060265097
2034,2.36552912390665
1820,1.54926631236114
7341,2.74793816525403
50489,0.788636680165985
116444,0.0946095302476571
25806,1.48982538593117
525,0.965860352551641
4780,2.29742847762818
2956,1.78866030611585
65977,1.3347725474897
6697,2.7945777996339
2043,2.21952476742178
117583,1.31531489471316
10056,2.1226313948703
7840,1.51286207660481
607,2.08948251182155
5396,2.00559799578662
1718,2.78744956221882
23341,1.79852145660869
4139,0.249328971537643
7143,0.0557775902066152
79906,0.780950855165903
2882,1.6574197669777
27101,2.46127371127595
6342,2.3237907417172
25823,0.890451499069194
60676,0.0487336436053482
55103,2.11974687812616
9068,0.652349131320483
9731,1.69429472694863
9917,2.29720116978775
127428,0.808419912701484
9528,2.62331482454166
115353,2.14051718935722
49856,1.61425484095835
51253,2.42793914365433
23463,2.48087757682753
6146,2.66973160482587
26038,0.148771205374627
5768,2.13264597495166
6814,2.30229297218265
148479,2.45504776549019
54206,2.11471068938134
11315,3.03616754883942
57535,2.77872611037049
4985,0.0994309548859968
271,1.6540431263057
6429,2.32631071132737
51102,1.72228954531164
3749,0.874024583114313
80267,1.95595453275506
79084,2.09628875238122
515,2.76778024976003
5906,2.30513562310232
3065,2.68256359126838
829,2.90847264683621
64766,1.58974250753736
127544,2.02373964157664
10067,2.54732273826904
55223,1.84096015889662
55870,1.94176430331528
58512,0.11970417031913
6421,2.79637160444125
58480,1.65571227898156
54856,1.84183221604548
9181,1.76301847283827
28956,2.56796513362362
4209,2.28326919653279
85440,1.07995295569577
6723,2.52402722092473
26232,2.28827731299396
26270,2.43207034654017
81563,2.05005023038745
54823,1.12379366930774
10459,1.83604243765343
9829,0.606782612068246
3953,0.672369587219053
10625,2.30370225843262
90231,2.384967683665
9927,2.1048496038008
10216,0.587593443240793
60672,1.94777905877032
9887,2.2819132967602
4688,1.80413060007304
5132,0.167363007422608
23169,1.54086858539561
5321,0.770112632035052
1647,2.0532945933531
79971,1.47952053807746
7799,1.72239203497395
5997,2.60542542748918
6738,1.93278298917621
270,0.244551755489812
51377,2.09063764947481
10286,2.63591551055778
9295,2.67628865384045
1491,1.02636814954532
79814,1.00166280591012
56944,2.46372205555355
51086,0.0115765804481612
10878,0.055972413796195
23207,2.17816270081702
1429,1.8019001346521
10745,1.66349928898979
7709,1.84511016934839
965,1.99016390018786
339488,1.2797893151377
914,2.24108945590538
8458,1.57603222425046
2494,0.724818748745724
23046,0.828099883153254
252839,2.69198731623566
54936,2.49254847057084
55700,2.21139976956387
10352,1.81318512117714
51179,0.271298058420817
127700,1.6106250392237
64960,2.56758137435221
149371,1.32660888366793
8443,2.15155456115388
7257,1.66197605437744
54955,1.61625374267981
64121,1.75963359438206
4811,2.31153569431916
3964,2.27835335312461
51440,0.0058079828238362
4548,1.8802561928379
656,0.354004926387737
4610,0.482595694448063
57568,1.44342914333015
6018,1.86373505977411
8564,1.83311697335134
127396,0.799176224918369
9132,0.43300703237824
9783,0.379623463796317
10000,1.03751865570539
2117,1.96577216349108
34,1.95387897736817
81849,0.264696077451182
6504,0.839438562554139
962,1.35508431559352
23266,0.881819101058956
11240,1.40915180471261
6390,2.59678267907564
4237,2.07757797638371
80135,2.35009776118235
10765,1.84773302967165
6675,2.33367916850556
81569,0.326664173032578
1486,0.953799866756976
5999,1.56906896874935
59349,2.32107099609982
84966,1.54930372317204
117178,1.59792835708353
54680,1.6150521883547
26279,0.377803305483126
5929,2.1329275079924
2635,2.11245439326699
2633,2.23317700199045
100861548,1.16354384337999
57576,0.550264954467955
653519,1.28077599397346
5129,0.911529051960608
8934,1.94109112781226
11126,0.222611650317663
1889,2.55911351548341
3155,1.7945849796003
2582,2.5500111824137
3399,2.34770112119602
1380,0.0646929135332517
4179,2.74895419992448
9129,2.35769805695881
51107,2.77329410501912
64175,1.75820846100347
6513,2.47295693313102
10969,2.35676141427777
991,2.3638017730874
4352,0.275619230518917
9048,1.06357761828836
9670,1.99426602415056
533,2.80658249185907
8704,1.96213738889068
79033,2.26377422287416
8643,0.620441684684733
10327,2.67749243868573
5052,3.14262990438782
8503,2.13009299410507
10103,2.59860642007231
8548,2.14030384116496
57821,0.312762941932412
10560,2.35754214193887
2166,2.41774094264824
387338,1.54003017081688
50999,1.86089846459069
1810,1.83535478747613
1266,2.59513508873512
23215,2.41438756721951
2152,1.79243417243087
5825,2.29745933442469
8674,1.84450474151564
51611,1.9127165482504
356,0.76175202513942
58155,1.29474318566036
7292,1.18993914589403
9588,2.92043908296488
55157,1.6780162100744
3290,0.798961357195733
3664,2.46425738771506
27042,1.59983076033785
163404,0.0453866897349848
9890,0.543121137854785
462,0.0742768884659622
11123,1.54885459942184
25949,2.36316443548456
57035,2.10616734179664
23443,1.4038263506255
55758,2.25926787789326
3925,2.55902438381042
56181,1.980699178643
57134,1.14042122072955
4751,2.07840204185604
6195,2.10839508938063
79947,1.86825309745895
29937,2.867128660154
25936,1.49258903981278
5629,0.135606191401068
8289,2.09901193891996
1063,1.98603775672374
6118,2.44746044312358
5511,2.37741921251334
23673,2.3482959834453
54996,2.0161792619084
200010,0.197923429313899
114883,2.21486044189795
51060,0.619414775110127
57488,2.33970280945046
10849,1.5962213757283
23184,2.18243285329669
5955,1.91564123982689
1143,0.0322650387162132
727897,0.964868905332232
1509,3.19530492762539
78989,0.152766315216847
10274,1.60809023948098
6794,1.96682978426828
4297,1.44729458013334
11181,0.0420263638480368
56912,2.25020790825183
4317,0.031262604438497
335,2.35942196030967
84215,0.318128346411239
6543,0.0979504261429475
11133,1.7635314912835
6230,3.18330472657843
9928,1.01900213768277
7139,0.0400434172142254
83479,2.06889323895607
23271,2.10315745420917
22926,2.02766046879139
55686,2.13448102250293
22868,1.41128626888981
8828,1.40795656273879
1385,1.67218810226551
8609,1.45202184925464
7276,0.0248187083181388
9331,0.739085517369515
79630,2.14371535298589
23632,0.347260467923601
55259,0.389813226759192
4033,0.738300837648945
23120,0.0024939884663487
9789,2.46975416150891
57558,1.64647021793179
6785,1.37473922556565
27145,0.326246576104268
9994,1.7188551586002
9324,2.77378956977712
90025,0.773397723560263
1268,0.2349100619558
81573,1.74196898627005
84251,0.489350832341308
23469,1.90115093955476
153918,0.0252228938178094
79747,0.0070474104382352
5325,1.25354815909084
84085,1.45345865890968
7128,2.07360617081566
9465,1.11469613437026
10981,2.14376378942238
4602,2.27566400822075
64577,0.64554432001836
6446,2.11523084155512
81847,2.27802023784856
383,0.19693959967572
1490,2.87605845757404
6943,0.0074601518934053
83449,0.101462368225262
26234,2.45829526730506
80306,1.68911842091536
9194,0.63457044951424
10329,0.897064457316857
80264,1.1775683011304
8673,3.24073156390906
64858,1.57177031105419
103910,3.20466785013266
2309,2.08978954200814
84071,0.979789747127006
6185,3.08305341070558
60436,2.19716329993307
845,0.591492748902336
5311,1.86542032363466
9429,1.01230979386856
6696,3.07439893541992
8987,0.426568659244427
10983,2.88051669317833
5918,1.76493914529396
64747,2.37713498008001
25782,1.8811453904799
196483,1.22657416428609
5493,1.68580548622435
29855,1.99106374341032
11278,0.838899914179986
7347,1.02875387822265
27253,1.24972240526121
64342,1.46974504926113
60526,1.84344551550953
57539,1.39579610787261
894,1.75635227506114
22936,1.60139064062216
56171,0.120425512675816
57404,1.67301919868495
4709,2.6699588027713
9330,1.72483189268605
23314,1.79298921225562
7320,2.57519271860446
140803,0.132059451005708
9615,0.0068409645610921
687,1.89693585377228
9414,0.215589454345671
84417,0.938341328825555
9270,1.86809875740213
51692,2.28188682772629
80235,1.52635330978092
205564,1.8826289137144
80212,1.84508135954911
84886,1.96945779750291
440730,0.0086971754034013
55127,1.7620724503419
9991,2.32036328556539
5887,2.83422615708108
23307,1.8564756880048
8727,1.70151164575998
54942,2.05494559005965
89891,2.71096232593164
6418,2.93826419762063
5524,2.62666799025363
2733,2.23763856429774
51552,2.50659858207579
11064,1.36777606852758
22954,1.74644100506924
26190,1.88816372367383
26147,1.59193492139879
10783,1.98288157112993
54836,2.11914360176034
5537,2.47387937582932
4702,2.80604548542681
81932,2.19021011439759
286310,0.0526542428027862
92400,2.13164063679094
57864,0.1426539097765
84263,2.18974697140884
79109,2.0655864167397
8013,1.80932097102337
27130,0.98929086197494
79695,0.318831560923826
57706,1.28703560213041
85365,2.06922879022496
1441,1.2214208720155
2531,2.03168456499648
9525,2.23887531709242
9480,0.0744674501196066
148223,1.84556126088732
84878,1.64238326647933
56252,1.71902299911479
26094,1.92490436394497
283571,0.155015787587957
338917,0.0528497930137067
51077,1.85744608390454
5228,1.09650190455106
83982,1.75498756621605
80127,1.18790877847032
91754,1.89676666729685
97,1.70446993111001
112752,1.86411118165726
10577,2.69829242426398
83544,1.33027214797922
64207,2.37655040120009
10965,2.42000649770707
4053,2.20570934051822
9870,1.87555794863528
27030,1.61280306973364
23093,1.38184580469731
55640,1.07680572045363
5826,1.52052949733876
1743,2.32659291523661
57718,0.497929464802608
7043,2.02487448348001
79696,0.81600082768825
81892,2.45646991556714
58517,2.46776022454204
4329,1.90852324921464
8111,1.59070295474761
2103,0.245941661443102
8892,1.66330916542603
55051,1.1454790683549
51004,1.27076208263145
57862,0.337580263087689
23433,1.91082560557337
10936,0.744319245715781
9913,2.10090213395975
114818,0.494932836298095
1788,1.805748258617
54867,2.44084482355193
54454,1.48933854964937
2281,0.442382313640846
64225,2.1650919477602
51646,2.59032231524906
25940,2.1117858170843
84272,1.79259749484999
54812,2.31409124294456
29094,1.64686476829207
25927,1.35970562014696
53335,0.110816068496528
9419,1.62059538337039
4072,3.00426986328035
26503,1.84827657416315
79627,1.98763979333454
55719,2.03770884035177
3416,1.79839261860841
6975,0.0068409645610921
83401,0.293250798934905
3437,2.59424208942994
3433,2.1799588898024
57678,1.54039239377813
51076,1.98959624940469
5507,1.77486990177531
84795,1.70604141115005
26507,0.076560759028747
4601,1.67647037950374
10285,2.07064340550222
80007,1.75574758848051
3070,1.45634253572857
2834,0.0049806933258769
26123,2.27971207505712
404636,1.56926627848076
60370,2.06626324088139
55717,1.803971671551
79591,2.00486659769933
30819,1.4359614123401
159686,0.336481851319876
2805,2.42209276234426
6425,0.0144462560950847
10672,2.40990661765273
3218,0.23631695103294
284058,1.61901839962885
3215,0.550882802962905
1394,0.0082850342053478
3213,1.44674090540714
3211,0.0534361704016004
1843,2.89542929102002
79646,2.00394715500879
4488,2.14911688567284
7010,1.56085274543753
10171,1.77564091409084
79886,1.95391561419851
79817,0.900864739157889
11172,0.458334118134997
2315,0.451168769811577
29126,0.836402790716648
2891,0.0242120678044732
348995,2.1765377809722
25902,1.35582980164475
84918,0.291796596737495
80129,2.04083986288301
5110,2.54618975372624
57480,1.0845294649186
80177,1.74999053499059
80231,1.57121699159696
4115,0.0123974780415539
84418,2.3461825542759
54853,1.87155287687124
64411,1.34156503126243
56128,0.338128881273417
56126,0.453172653886944
56122,0.90178072340397
56124,0.355748794215813
83884,0.189687848035021
63923,1.47398014891312
63931,2.1508345157204
91687,1.2994316523049
8995,0.515978870855432
89866,0.0540221383132408
92344,1.34644769050974
2853,0.420935287109962
39,1.97203317896785
6950,2.57839591190088
83887,0.132059451005708
399979,1.8531930068189
3762,0.765455762906113
79684,1.71739353216764
63970,0.329719663934037
56159,0.085446105720894
407,0.413523105308181
51248,2.56469518019555
84068,1.20792359467755
84955,1.99630732261444
56943,2.66562636681472
84930,1.74803826821055
56243,2.26490296720792
84569,0.046963386855558
84898,2.08166947346268
80314,1.40029545335542
440073,0.234597081311967
84318,1.4727550496317
6883,2.21575329572905
55068,0.831788115012435
8600,0.138256204616383
9617,1.23704837290291
100507135,0.13081445746027
54937,0.0551928477150357
29103,1.97499435684545
80209,2.08450349241315
51569,2.46263858072752
11193,2.06933155941584
1997,2.29946717391022
4093,0.705230798168848
10808,2.19732203131982
84078,1.63428502373242
29880,2.49335670617872
11340,2.09670053986568
2107,2.57947363098186
7045,2.43714724620707
51307,1.72402862204426
64374,2.36701222579856
51247,2.17453023246573
9499,0.0561671921294347
51780,2.28564758942625
1958,2.78162287234408
27230,2.64051171495442
5357,1.58372940301809
22835,1.55247294587033
7181,1.80723356408456
27340,1.46060354503567
7112,2.1889427213893
400,2.58317244547474
83468,1.58153307194632
80298,2.11719965110107
8835,1.41066670998454
4801,2.10548212846242
51019,2.05395474417879
317,1.15390357335547
1846,2.30687354621094
1191,2.68487748801771
8795,2.04111419113946
10174,2.24075692898226
2185,1.64724382128052
1135,0.016081724652309
148,0.0957246593932778
5533,1.76673563054101
64236,0.87166104795878
2053,1.3994849448183
81790,1.31385240660745
29914,1.88904438417557
23435,2.49854430561832
943,0.471426689703817
51123,2.76427279062196
10434,2.50582893939259
83690,1.50533784454957
10987,2.04903483034811
157506,1.50864660363297
8288,0.130280309711069
8165,2.29960375094203
8161,2.25001052873877
7706,1.74471614541499
59342,2.29677419037714
8405,2.21906048185516
6909,1.51344690950978
10237,2.2286800272962
9496,0.0658488120877697
389240,1.59962910388255
56155,0.96728961735351
81558,1.65836723976244
23397,1.47943410960839
9227,0.102568313484256
23240,1.2153950028327
117854,0.782421763079753
85320,2.19912342096571
64282,2.0970115822986
113,0.480670357915226
84902,1.53427423720729
57616,1.10896886528825
55268,2.07266946469179
50836,0.0217811482126814
79887,2.09031090160349
50839,0.304358180120254
79912,1.26529198131514
3764,1.5649063075221
79370,0.248252762955039
55269,2.38285711755339
256051,1.05807924304203
1,0.120966104722507
65982,1.74755487010813
10520,1.87651084406158
23024,1.86274264330903
353299,0.0031163460570424
89884,0.665848026204569
6045,1.94415271145698
81627,1.8981266059751
26984,1.50213020412361
1475,2.01121606475837
55211,0.0215782561623971
64091,1.24089523348814
8702,1.38932113015492
80218,2.34049452263537
941,0.917508428549398
81930,1.34062845823273
51029,2.27678000739115
9479,1.3673175009091
1408,2.02768465732113
9409,2.00384414236217
91614,0.518244203081176
847,2.2148532609362
29990,1.7152505395332
7750,2.15721183808993
10804,0.0408371562480633
2700,0.0156731530012164
64786,1.81033470896297
576,1.13054440704679
3061,0.0619895891189751
51538,2.35050021239285
2170,1.46749205706527
10657,2.75336477890959
55116,1.67164275653934
9034,1.2041314918057
729230,0.653506429404471
84265,1.88000051851747
2693,0.0262325134658017
8743,2.41738765391037
51193,1.96159175086565
22865,0.0154687933557568
5290,1.17641605103634
23244,2.25182463186211
80008,0.576559608224423
11019,1.02761190442348
119587,1.62053112221389
113452,2.3149350951697
7579,0.471541520815522
114784,0.112819716306845
3208,0.116993492216047
55791,2.22875931652173
57413,0.623977614661637
23155,1.74065644225846
29899,1.02427280250711
79712,1.1512566694509
7852,2.82614309246844
84083,0.77115966100612
92,1.46197102025298
51426,1.15800983098504
22987,0.0183253569229505
2322,0.406538356524215
6144,2.7896423860542
219402,2.50920086202633
2971,2.75759757255626
387496,1.09756214627199
5412,2.64435430018645
84248,2.19310993599995
130916,1.31988514881479
7512,0.271298058420817
54440,1.83268181462441
4952,1.86023252455453
5047,1.48670549860541
29991,0.188693893295454
51116,1.99543945309268
2331,2.19014454009352
4656,0.0356644376201233
54900,0.715055203767296
5340,0.0113712320035829
57179,2.49512971627548
1314,2.6683571481356
51744,0.447737819949034
4063,0.519643008068932
9956,0.152419690580264
5930,2.11641626995099
29066,1.95993581184797
84947,1.01576667422159
311,2.19178402499365
11155,0.332348788051051
94233,0.0639214260144302
54537,1.9962416436923
84293,2.44528238841824
7755,1.40070022499783
79903,2.04658193373013
6125,3.12340862795433
57489,1.63416026786625
5737,0.151725998691835
100505741,0.223246978697894
54482,1.62729335702177
127495,0.726818475352794
25950,1.02954700970283
84146,2.08640310000917
343099,1.1194328897285
79871,1.22088868400935
80148,1.87876396051511
27241,1.00934549807487
5395,1.33663639015352
83637,2.27403563703842
654231,0.150163030160434
989,2.09198748506414
80820,1.53618135031457
9808,0.0436093653522559
55975,1.4901003402847
64224,2.07370238274723
11335,2.75748247104688
3181,2.90312524215591
644150,0.449632721557448
84668,0.863027014175978
3204,0.0654636900743731
3624,1.85101200686656
11328,2.29324158106822
51251,2.2635349592971
10124,1.42957660805165
51622,1.02005998460583
27434,1.98529506156829
10268,2.20682118310061
29960,0.009520858735307
7291,1.57876433599439
55234,2.23956712758001
152007,1.78580498083168
92014,1.66175593257374
1211,2.6852308170762
8434,1.20075522336484
27290,1.51945578816481
138474,0.0130126308322217
48,1.98299036743888
23349,0.04578114125236
27019,0.399488113374647
79269,2.2981542438933
1271,0.998436954910419
57670,1.02257118106434
8805,1.89624173725875
78996,1.34085566015646
800,2.31860691853616
170685,0.279177461082441
50674,0.0173062599854029
5328,2.47822465953775
5552,2.93453006405539
9469,1.05462250522818
80114,1.14299654119849
55847,2.0296387910445
1959,1.90276299977441
11319,2.24464026920666
5033,2.46438736994206
8034,1.9026045862754
11130,2.4770729597274
9559,2.2962368664823
9904,1.73578892666453
11113,0.824872545619462
28981,1.41348577631665
35,1.32841462824693
84329,0.928070582186232
79039,2.09332727829911
23389,2.04332481153909
1031,1.90622410969458
26994,2.54063532581553
11228,1.14988828379409
79365,1.84004737910354
8082,1.2470553733578
3709,1.44934244461778
55297,1.90756893619866
64168,1.92368799747997
11059,2.51904898330837
23597,1.61026377333082
10549,2.55547689882136
10212,2.44583406337206
5585,2.45230473869517
79002,2.95828058970973
976,1.78948356955399
84292,1.11990018368193
10755,2.49027926572459
83446,0.0463724718392014
57213,1.82765452673105
84650,2.52959785590986
540,1.22615242030803
23091,2.14369333423945
57486,1.68397912748023
64105,1.09720894727
10133,2.27080336782731
80760,1.18522795780055
466,1.84349372104051
10102,0.183205132869345
64333,1.3554157746398
3071,1.68998762312274
4327,1.60297868107067
5204,0.940122789945446
65244,1.67443425281142
29095,1.80087655491256
3164,2.2988057806744
5153,0.835996938612545
3229,1.26731715983473
1017,1.90572794341432
4035,1.99396880127119
3227,1.2221296579919
60673,1.42521035175453
4778,0.055972413796195
3228,0.0875120208953502
64375,1.32762901660826
23583,1.92108482344608
10376,2.28793386269354
25895,1.67575949678534
55709,1.23653110982562
1757,1.19702492036195
1621,0.194803829985156
64756,2.11259852794514
6491,1.39730030078263
55355,1.62425946055241
3598,0.220702623497971
1300,2.25884572057674
262,1.85740880333202
29078,1.93674465411175
85015,1.33677948877139
5354,0.105510290447963
9643,2.97327990559553
51209,0.494710373416964
203447,0.91092795988019
139231,2.10039076257763
9367,2.22737080601543
79828,1.41523362110165
79809,1.2650628550936
9111,2.16559312610371
7130,1.83923973904392
130399,0.627772700814037
29994,1.30756874312728
206358,1.10431967055091
9926,2.25130593491234
55509,0.615009995980333
50486,2.46190799686692
3759,0.992776334440338
57826,2.32496556992981
5393,1.8801063343059
81579,1.98410376365167
80776,1.59068582120335
79934,1.32992436218961
5208,1.47341173118115
722,0.132947576137209
725,0.190349804008641
23682,0.627865006205672
10888,0.20347581868271
27161,1.49334578992252
10608,2.11644478641563
1164,2.64159752284226
164781,0.009315012732202
2181,2.40039752048842
79586,2.60447002394198
23549,2.34681877813838
3623,2.65984146332088
116255,0.0453866897349848
23363,2.54234425533948
79843,0.595080524460378
6560,1.94211933682827
84080,2.00031857688346
140687,0.278881557975095
140690,0.940753691513526
116151,2.71723861335155
5266,1.35211943512057
200232,0.326385800185718
90203,1.52162064058693
6590,2.24920038190498
140686,0.13631370066278
79183,1.41985713361507
57580,2.4985193858382
3787,0.0873244225138922
57468,0.109355807799742
343578,2.45024084998298
6385,2.95383362307657
8202,1.97883439809891
51604,2.00877669600944
8785,0.0432138940104846
57727,2.28864633866128
9217,2.5845784847915
84612,2.4839139067446
514,3.15490074361506
84181,1.99146964894884
5335,2.01821843610945
84969,0.62053496528303
6431,2.70135066026306
78997,0.147202558931156
149699,0.0925612234809782
10564,2.05313643470362
57169,2.11494461213504
128611,0.310918847596584
1908,0.237253494497252
1434,2.64388219952961
57403,2.71880488452697
5740,1.14303732567945
6780,2.57351297200052
60437,0.354139211322817
6615,2.31707082254796
27304,1.33059074972858
8675,2.92558641255895
56937,2.76502201383655
55905,3.09733931071207
55661,2.14805706412782
11317,0.0386525717956126
128602,0.0332662841654657
55653,1.46587329683215
60598,1.39456908194198
27296,0.310492663971103
5105,1.85007374705672
81030,1.09804744454716
140825,0.282572337038963
4552,2.05259932358504
79072,1.83665054961281
5184,2.06544981005649
64377,0.469817169616772
23096,1.51189252328591
6845,2.30201093657021
3581,0.398728800764553
7499,0.995560842898999
10617,1.97031581620979
55577,2.03287331445657
84693,1.94692222499615
400961,1.10540927868143
11017,2.27589170213772
10199,2.357839942754
27189,0.548304909893543
402175,0.698351208112672
10396,1.78122308126697
23326,1.95886652338802
79983,1.60731386152401
64344,0.146679006037627
79177,1.43017342151586
56269,0.015877463426456
7596,1.38888136306699
27076,2.60226518989351
1088,0.0211723261778742
4693,1.86154487124908
8239,2.21089888866494
7180,0.234283977346928
2162,1.78521831686812
2914,0.137550372755663
55809,1.8114501282774
29993,1.01236077459415
10385,1.42472822795953
23408,1.44874506071207
57380,2.0191473412603
56897,2.43276533876547
88745,2.51654880455052
696,0.0725598717535938
6631,2.80775461095774
5269,1.90027118872451
57510,1.95661726434761
89845,1.66787912363797
3007,0.754741719300003
5190,2.38234337651565
4835,2.21742158234261
221443,1.55358647401177
222643,0.575168219444326
57505,1.68148549356919
346157,0.882637341128402
6204,1.18051496879916
4337,1.20060796304002
8970,1.16699484062978
9477,1.95162288451915
26212,0.690811795552354
6903,2.32061677699632
25803,2.9387803818083
6954,0.0089031710875008
9587,2.11737508468375
10930,0.151899477025274
116138,2.69349047240261
27232,1.90240439567521
1769,0.0089031710875008
54210,0.717327149631999
4201,2.3732879275693
401265,0.502456473412168
81578,0.877204644853122
1026,2.76106959701691
6659,2.62130869226237
2739,2.85112343508821
57699,0.726658715999936
89822,1.89818562968487
6239,1.88283039469575
6745,2.45921383764447
83732,2.00164205091476
51299,1.57458040477941
51000,2.04216877323791
10799,1.89140920070747
6310,1.17418164861739
9972,2.03035997981352
7913,2.14669288053035
9521,1.65091184646303
167,0.384799971505607
860,1.06809751770008
9247,0.010754888621307
9208,2.09174335659707
93463,0.0477506279872771
64284,1.7711999539351
6372,0.0890112847364733
2069,0.116269135132515
745,0.204126523224255
10647,0.815861240373662
4246,0.891940822730319
79026,2.72475344016782
55831,2.41614407208347
51066,0.318128346411239
7471,0.135429218543903
54436,1.29635177372336
23019,2.03091195727136
583,1.72544292198283
4495,1.25976601803231
4502,2.57885165080439
80262,1.95461106321271
2806,2.61434786880526
55715,1.57465132923765
9271,0.0154687933557568
2841,0.736413843534544
171425,0.56585559208281
84899,1.75478546032544
5911,2.0195862298687
10257,0.665848026204569
1948,1.48354420259617
9375,2.71376497675421
78995,1.32879246797316
3834,0.118801602317322
3659,2.00583507817526
65109,2.06576666032083
7737,2.17247049895978
23157,2.06827546047898
55026,0.56987598208091
4694,3.15877031311478
27109,1.57955456404194
652,1.92039945612463
5732,0.627588053329627
8603,1.97448733775936
2868,0.914824780743626
6662,1.85123914250995
64518,0.0992460334971177
4620,0.0211723261778742
9953,1.16366183879096
399512,1.26809906812685
51081,2.34164172831396
23163,2.13572168473677
79637,1.93928528085583
79902,2.19986310603783
60386,1.53249514734314
57409,2.02273006576036
30833,1.98013109997198
55154,1.64180079512841
10485,0.159152400353361
7270,1.8598157624063
9329,1.7392659846293
64794,1.70306687397889
3802,0.0773206608342586
54776,1.82741408931186
79143,2.43067006462801
6725,1.32015102365205
4987,0.0925612234809782
56731,2.67986921734023
79025,0.177006367365097
79144,3.05811481019406
3553,1.72434755638147
27178,0.251477005327816
84269,1.84812407252025
7849,0.513055855512418
51141,2.17724310918441
84172,1.58478902119177
645694,0.0801641354811421
54520,1.68659783608503
23550,1.93307666653819
79085,2.19933009172394
5623,0.833692273674532
2962,2.58177246624201
84266,2.30149877899731
8192,2.16219516800004
8744,1.13033594779627
2892,0.139666044552042
57187,2.13865050755428
5469,1.8627794423776
9349,2.94737751948877
84938,1.5793966247447
970,0.444052615159795
718,2.62566869049323
10045,1.69257140023321
9322,2.15279717398118
56927,2.44042116010154
8740,0.427056516731066
2354,2.50693778000883
80207,1.49883898446582
6633,2.88148809072494
6253,1.4195648305138
24139,2.15723726999761
7408,2.54515710298317
8189,2.07238530600759
56261,1.91168252806386
27111,1.11418171378896
80025,1.5814631784587
2797,0.448685876167393
3170,0.0099324012091867
284800,0.0078726930921942
22918,2.27526516679099
64412,1.73601248993536
5075,0.404781977690657
63908,1.46429379139692
1059,2.69481670838311
9491,2.21189267606111
4821,0.0501079362162316
92675,1.30553851817328
128817,0.364806254598206
10616,2.39054730709774
56255,2.02720664632882
140901,1.96354819431391
6628,2.88972579407849
80023,2.276256883706
55317,1.4291464636159
6238,2.78593114173099
650,0.367449874460846
7692,1.35704238261027
23767,0.252701837756793
58495,1.78754911880243
8195,1.56021337391787
631,1.32133107323249
11034,3.00932040373422
24141,1.45961482433478
6629,2.56481981325371
92667,2.33636452340956
164312,0.220065264966587
128637,2.22590360907566
3704,2.48005313583009
6939,0.407415009918487
56914,0.381439265338426
84515,0.874407032266354
140836,0.0771307503330335
55321,0.98434531117767
83541,2.64722677007249
128646,0.0326656794165476
64949,2.77278591876354
8698,0.904824397568542
56926,2.33688400552637
4435,0.0600532833173621
10236,2.29919942894139
80818,1.83661134345448
4149,2.14781337835486
64860,1.44764031524306
8200,0.0888240246898696
10893,0.228469204477848
63941,2.2402908400113
3397,1.79081934529995
22913,2.38215400380688
83658,1.80110067504705
8894,2.55750006671595
51614,2.56854037082464
140823,2.80165409143734
402016,0.396319253542659
92747,1.53928580022413
11190,1.63813567682659
5326,1.53127304277323
101410538,1.90609185870214
2925,1.38105809348506
8242,2.39539184317373
154796,1.04321032102368
11070,2.44534198281118
5690,2.50755956903871
192669,1.13696928392262
7389,2.24896994342628
6487,0.18836230244846
79639,1.33385252635485
79654,2.29469880187522
3831,1.0584568367224
7517,1.28876149597398
10426,1.79029429544015
23263,1.75590180470993
2159,0.935399349491944
55795,1.97327614428597
8858,0.4428599260494
57152,0.853155566589931
79414,1.06245391842263
79713,0.521468143945993
826,3.03937790690525
84306,1.73255935042902
2866,0.0288518968796068
79171,2.43039402080666
84063,0.0238073990491231
10054,2.48634548090481
2867,0.813063180796959
10870,1.33957636510774
2864,0.0573349127789155
1340,3.04266779522583
8689,0.043016088629042
7067,1.41530734107327
1236,1.51243813572407
9572,1.72145592850871
83786,2.46243168016264
25824,3.14597405145962
83596,1.95408409946752
3661,2.36939319092972
3276,2.46648557075904
6237,2.45950491290147
5639,1.85441534830418
58506,2.29742567232062
57479,1.91828813912472
60385,0.128497301456039
23769,0.259859611964358
435,1.25116861276559
51119,2.76321658393262
1446,0.0270393423001977
6776,1.83796182000865
65266,0.449750992229604
8678,1.94934631612703
5582,0.0238073990491231
10131,2.01380928685922
84662,1.41513531111082
84081,2.11024192727099
22826,2.58255206831117
27245,1.56730746884618
2537,3.42803283760109
117154,0.0268377072511832
171017,1.54573651945623
10436,1.94707882985658
6756,0.0646929135332517
8409,2.45470306689723
5199,0.0334663908138561
2002,2.08265135725285
10245,2.29634383888879
64430,1.44883701251002
22863,1.97796750711491
3895,2.30759223382632
6495,1.83149269889972
57381,1.59826563238844
9787,1.70231675558447
112849,1.37415365878403
3306,0.850382583082839
22890,2.10719273650792
57570,1.6791897463426
81537,1.88300551424593
26030,1.56400045191656
5858,0.155534015426354
11105,0.0376577034343075
55288,2.06938022957253
2123,1.65182799532081
4974,0.301632090300192
55112,1.72999866844918
83543,2.71614763174997
286336,1.28741263517255
8021,1.89858170776622
554,0.596915823898479
8273,2.02626094286241
5605,2.30013279646349
3188,2.74088783611516
51309,2.34733117114245
59353,0.218150130624384
1678,1.27279917146209
55906,0.520072866239727
821,3.08682835732884
54973,2.30152094297442
6003,0.292669443244294
64768,0.864258382403015
83744,0.801820469792644
4958,1.35505668447097
89846,1.79248862022475
59269,1.30124047164721
79717,2.51824721115436
1907,0.577750059005121
64919,0.809548597509421
1350,2.98489786885594
7186,2.00943084011085
79575,1.73250928495973
5648,0.0266360241092229
84239,0.580618756009607
57110,0.907430208774344
92797,0.511426852568559
5908,1.35978777099625
50616,0.022997480615535
7103,0.0548027927666294
144453,0.0274424681999785
117177,1.34329187162985
5787,1.2930365072263
8445,1.64742565459864
8089,2.17405380996159
50832,0.310208411430338
54429,1.07013638754864
155051,0.0662337567877756
65999,1.63046459900809
56302,0.0296562306312831
3425,1.76568183032985
53834,2.08810281236098
84286,2.13510866022997
79000,1.53596982311883
5300,1.74596795850436
54850,1.93524159063449
23065,1.97045629429651
5322,0.332486914834159
23352,1.75225711081943
50809,2.70949151791359
30817,0.792265228718623
23309,2.00250890399828
79939,2.19851396111268
58513,2.17032915198453
10365,2.17356864550387
26664,0.0264342928541542
9002,1.11632211251307
10975,2.16451117793448
2671,1.55267728798594
9143,0.66093790135437
9088,1.01215682576497
117166,0.0648856742777243
84219,1.44964086845228
146330,2.06569020407741
63922,1.5857077315034
51764,0.610577315741786
23499,1.61244350111791
6597,2.09821811442638
23030,1.96376973479833
148022,2.21334912269742
84190,1.16026950036546
27190,0.248867918546407
83460,0.388145829771427
79066,1.36450326621911
7277,1.97819473791906
7429,0.0274424681999785
14,2.70928433892501
25953,2.14531465991337
55504,0.909784293397066
6049,2.20541789973121
1892,2.98202130157628
90485,0.373364669696793
10142,1.82927386171466
2791,2.06771097013672
7979,2.1663580097901
2792,0.728891896807043
3092,2.09023938650591
5782,2.18390883325594
5447,2.49340593530059
10875,2.0488805671907
51657,2.23613092387342
79689,2.19053009321668
2770,0.483274019352167
5189,1.43260110723654
7978,1.22541358976442
8910,0.677370732078345
84060,1.12429957690551
64921,1.88508365287611
163131,1.38906248934246
57622,0.870508035975652
7538,2.96099381090569
79644,2.33825199882432
6691,0.217350800523257
10606,2.52786556541568
3791,1.96202975764248
5471,1.71668036000986
85378,1.79798437251265
79924,1.29970797100372
85359,2.59043501677037
54487,1.72471722980454
57168,0.528722942177446
29802,0.464967392527259
23753,2.4367977125947
9514,0.0262325134658017
7533,2.83122771106893
5988,0.0181216355189445
10739,0.0799748722352531
25775,0.052263005646635
2781,1.02641794943425
4248,0.436265704546873
135,0.0569458532680942
468,2.977372636269
53947,2.01382810477708
10738,0.0530452976713926
11135,2.32406740495062
80833,1.83680733722313
2847,0.0538268611423806
8459,1.4188577327533
80115,0.511209375580073
4357,1.74656221601938
7263,2.46847178975257
80831,0.0901339590533384
3543,0.0869490986322006
23780,2.19849513348381
5880,2.3892306627022
3976,1.11211943362084
84645,0.476006003435872
200315,1.021919281493
200316,1.21295173066286
26150,1.02999268387187
3872,2.20833588003047
51234,2.08935450636081
7732,0.0717956175864252
92521,1.02252106011799
51200,1.34388504091154
9732,1.17263549449284
25913,1.15725459994402
9296,3.01684712071536
51691,1.49014262725115
222256,1.24233086035629
79706,2.06227731804727
7425,0.275619230518917
5420,2.32310193274915
93986,0.135960022436348
57464,0.629524414681423
64792,1.61560464211035
4289,1.42419735886792
4189,2.39438135646962
2318,0.545821375405253
64101,0.518567244242672
813,2.40116189961086
64753,0.348884562206765
6608,1.48470000975637
3663,1.71714729427054
10234,1.40188738611872
23008,2.24622829437528
4698,1.85676518043004
611,0.0717956175864252
6183,2.29063424269286
4430,1.87416467257545
3231,0.146155117141967
3232,0.386474749442783
10651,2.48605658132675
50940,0.128140234471237
1123,1.0437426430542
2571,0.269802468780043
64172,1.44879103872978
94101,2.25581516197625
8520,1.89279584103082
3235,1.96580770078214
3236,1.00244067379172
3237,0.0128076294222381
3239,0.0223895328412295
8924,1.71454692497698
6638,0.882951767589656
56984,2.51080767135737
57045,2.20792211080846
58504,0.793277635262206
57705,0.851506426765395
440275,1.78805556433675
55930,1.83195884089353
84952,0.836335166437484
29767,1.07931575277891
146057,0.831651888573259
80237,0.21173299509511
90416,0.785280610240887
54617,1.80242163194253
79664,1.42806949153351
54567,1.55571347220098
8854,0.374672845061382
54629,1.532185066113
3712,2.40133397927036
90417,1.96669507972757
1854,2.31552475329275
79094,0.486768725805416
54982,1.66292867794644
10776,2.53496596655324
54832,1.61511721722211
91860,0.0475538868142473
3671,2.4920318910425
56906,1.04321032102368
4016,2.08789720697142
51554,0.565149683219333
25847,2.55187849278788
8930,2.37555608867338
1315,2.51561153643671
5682,2.075089313286
25870,2.54979885381809
23022,2.22788265933536
60559,2.43282013901635
8424,0.455757888579168
26297,1.75021892913426
3746,0.0352652184723042
7166,0.27144746091716
79733,1.12598272496747
1635,2.48740845753966
6665,0.448330497124959
54478,0.905977136970561
84268,1.43076952776782
9098,0.15587931748459
6462,0.346311488214088
5338,1.79207464161558
968,0.0491265280900879
84817,2.128653484519
482,0.778442747000439
9513,1.8307278892285
10749,1.92876563493229
9526,2.41733385689352
51105,2.32824270044091
23639,2.66510207556485
904,1.96856965281771
83448,1.38024285569056
65095,2.11623085787835
3609,2.43792773778158
57153,2.69733616759556
10053,2.76536803370029
1032,2.10633844273431
57509,1.70475000978323
43847,0.0447946653885956
27180,1.30663034925601
5655,0.0557775902066152
11202,0.0146508621545966
25983,1.97750574860784
11035,1.24769800413446
196883,1.13171037935901
84932,1.97215206136192
599,1.98918835926954
84962,1.57596150761303
112487,0.903973654270549
10038,1.9557722667859
25938,1.36186460026941
3169,2.93756115916733
58533,2.18952289691731
55837,2.5445712330262
112399,0.850647194168507
55320,1.69822239079196
4901,0.794937486747516
6035,3.11281303755865
4738,2.00359293249665
1603,3.01779880739145
7011,1.62564387652629
64097,0.724818748745724
1036,1.25854138371046
7905,2.92662654923712
81533,1.90571139396136
84074,0.846000670548584
2302,0.945664142371837
6397,1.97275988970305
79651,1.81946224653962
15,0.061215604083323
9459,2.0891752233196
79649,0.87306745204969
2258,0.157259062738087
9070,1.90658757515437
80185,1.06423212154073
417,0.018529029376588
57053,0.524677776085414
1028,1.70101443147885
151648,1.08759060834845
6192,0.0126025784990239
1013,0.504764330350689
83855,1.97275290858016
58986,2.26306836768989
83475,1.73288463614932
23383,2.01098231016175
25759,1.13696928392262
79948,0.988124575990323
81926,1.80475513849318
3929,0.514681207835847
6861,0.0105493414072734
863,1.90994228036333
2593,2.62184434024111
8226,1.80388688518078
55780,2.11373038388066
55274,2.24359610378766
79057,0.131881710470116
26290,0.0596654842894622
3741,0.185038872162597
84766,1.05628236889415
158046,0.75924596290632
9754,1.26191072919438
27112,0.743151072423467
54857,0.17717452809641
6303,2.88441532167591
54552,1.63918585915431
23677,2.16897900478697
158747,1.39923139651497
57572,1.41170713721128
51295,1.95411339385197
3949,2.1138069914838
84337,2.22150592687754
26526,0.215429139313264
55908,0.328054533004933
5589,2.75094394038061
1264,1.77744959568033
8881,2.50397291045829
84891,0.0164900995891271
51337,2.38158088357738
5819,2.78313484993375
348,2.91102069420084
10452,2.4217198357173
341,2.52509431348252
10912,1.43255361807191
57631,0.510991833402081
1804,0.0060146795562324
23039,2.05042602526441
59272,0.0111658338983268
147965,1.9369665611603
9667,2.17577876412149
25873,3.0517647057473
148229,0.394793459177479
1463,0.011781879253164
547,0.036063467897197
84705,1.88314555547341
83483,2.71868088030299
684,3.1642551389242
376497,1.61698289156311
55695,1.9906907308451
83878,0.624719743282972
79709,2.44026257898924
79016,2.11055123359566
64981,2.36349811303316
25796,2.26775731255339
51690,2.36792352796237
56995,1.87259601135968
51429,2.30698798903016
84816,1.33197875720292
55278,1.62330225690967
51250,1.98841150366153
83861,1.65516154206451
81616,0.13878517930746
4298,2.21962392214134
4301,2.30898966873341
81,2.81129137662935
65975,0.0213753154909553
4705,1.62711917256063
2056,0.566661489096544
10095,0.424002167465357
59285,0.0290530521054448
57688,1.78489696948545
23149,0.530101625118166
23025,0.107892959309522
55201,1.44957201726299
113730,1.94712356263747
7837,2.00807685214272
170463,1.95409142326917
9518,2.83079409432957
54858,1.7565418062636
80726,1.12387801817828
25804,2.60049208188075
3727,3.1509105649955
3270,0.596240217058986
54795,1.94926476521482
25830,0.164635351283272
79230,1.53074833023222
92359,2.09689121031729
10439,1.3056902955393
157922,1.8004065839684
10422,2.2740476838955
6295,0.0045667467349953
140685,1.10217807642925
85441,1.62159028665241
140700,2.02545887667789
4046,2.06734141329775
7140,0.563027749861899
7136,1.14001136849967
283120,1.70634706763294
1289,2.24746659793122
25814,2.28791364856441
10844,2.11612622433313
50632,0.157086722449401
1571,0.178686403225395
375775,1.61241079919483
10298,2.28517328196863
3110,1.47999562338812
26152,0.918638072909458
64793,1.6115761180339
6874,1.71730282897563
140628,1.98294957241883
140893,1.43129351744245
3911,1.64607532522326
9885,1.86577663677065
11047,2.41079901404083
445,2.89319759935201
59335,0.132414816523682
23404,1.9224996354483
10585,1.86052863138717
83549,2.22855933424333
84929,2.29560840237092
27243,2.83612105282716
9040,2.63782097372089
10155,2.76989762339519
84326,2.50334199417067
78992,2.17773119448058
84971,1.94255702252103
1968,2.78132175030535
54958,1.89316310144706
23211,2.04479518583209
4861,0.417114816818986
9535,2.30637443265613
4294,1.21352758980777
27237,2.0527520550726
57470,2.3020413638976
83667,1.93147425121224
27293,1.40740780235154
93974,2.73985556470655
54797,1.98032283437093
9473,2.11694345937862
6249,2.04408966470631
84660,0.183205132869345
9026,1.97950730517351
57693,1.94955382381289
56342,1.07867785546466
8666,2.4326922564048
83854,0.116993492216047
55337,1.87738163611374
1786,1.89024142074521
79088,1.36488299755483
6535,2.03357643051219
139728,0.0822431961241168
1736,2.35676141427777
55558,1.87709750073053
1852,0.260920128573069
4354,1.63521961035869
55422,1.82517337302018
7776,1.36118234977741
56301,0.625461082981651
4037,1.59295908334984
91574,1.72572269261642
25926,2.245228449537
10277,2.00516189205639
54897,1.83075771333233
10343,0.152766315216847
22927,1.19401513889633
8789,0.261525497986006
11046,0.82569807776644
5638,1.29160490748362
7317,2.80780655540553
9104,0.271596835002738
353497,0.244087910999839
85313,2.21230530200454
80328,0.534537893535107
9590,1.28841676168063
23345,0.832468816519263
79465,0.515546574648561
9113,1.67776130233455
54869,1.98880012761186
10288,1.75137108183379
25980,2.2633639515277
164395,0.310492663971103
9584,2.56369964145467
84701,1.49694528365914
84905,1.41259723665537
2686,1.76128836391391
117285,0.0453866897349848
55902,2.00752242699548
60401,1.7131886412252
23229,1.15177900600434
10882,0.391476954595088
2670,0.0679638175237219
5697,0.273982964216867
51751,1.00559371926115
529,2.55227434843065
7770,1.26260182603269
126299,1.87935621134622
83639,0.0660413065929845
7700,1.30829410493792
6370,0.053631538511365
1327,2.79594285601104
10328,1.8977469610869
23199,2.53447418286008
51659,2.1028763046689
5119,2.37865372180028
6451,3.0752806380638
1349,2.66900900556754
6569,0.0752292615879394
2161,1.46884066855972
80758,1.12854006194288
4772,1.09130536334026
3620,1.22776735282581
81025,0.0221867865316464
10487,2.82486556927066
5538,2.88804425424113
84440,1.81192874598006
51132,1.90285468430451
22,1.64129436057273
7187,1.41990583436731
93323,1.41582308059961
84658,0.046963386855558
64432,2.00335445226751
9467,1.48668420671705
26061,1.73072823323387
9779,1.80723356408456
23473,1.88637058762899
23180,2.19976557346875
84077,0.0463724718392014
64145,1.60241095310568
117248,0.974277746485901
6533,1.85455615435246
3748,1.37282034820744
9476,0.319393672737791
7376,2.13544685553396
94030,0.156051913604374
8572,1.18299042811946
11127,1.83062846011468
4245,2.02522766252693
9945,1.40505640327082
7283,2.49539652602997
10197,2.42734835932909
6155,3.10383355183244
29893,1.31846488614792
8639,2.14534534529082
47,2.64396881301409
84313,2.39941342113248
10266,2.3420647621994
314,0.490806261059054
2538,0.0062213260747212
4695,2.49707335255915
54882,0.689040512875197
1729,2.2817250263831
80762,2.47477354888836
7322,2.55147110101328
60412,1.90829310586766
116983,2.10878366013647
54991,1.67585908818548
55107,2.26390776289265
8500,1.86744443490888
79652,1.84672032082254
79412,0.591881497521309
79228,2.35878731901872
84231,2.2769203627386
56033,0.156224473136085
4814,2.71920814762844
765,0.0499117462968908
261734,1.13647444294413
4131,1.25913749703847
84528,0.009520858735307
3597,2.36914199164033
54521,1.56203786524365
1160,0.448211999581087
84240,1.66301651121156
84951,1.5027280986285
7153,2.44812105243818
10948,1.95593266532352
5914,2.37488705287458
84152,1.04591536856882
10656,0.575566037566506
9557,0.380272463537879
8799,2.62246699528691
2330,1.08529625689587
10401,2.00806411579596
5565,1.48789637076668
2488,0.0138321417599086
5160,2.24785446675598
10742,2.03664161587376
64087,2.78678717888196
57343,1.51282171726195
79149,0.734442552961217
7691,1.05509722775962
57663,0.0070474104382352
55829,2.45861239143033
22856,2.20434593077774
6627,2.24258509194985
3996,1.36807257229453
8431,0.04578114125236
79727,0.0203598820990786
55145,1.43055501089439
85415,2.15248800401922
83636,1.73774741229515
91442,1.31145596137557
341883,0.0101380977223869
55860,2.25259957037637
145447,0.202009801220362
2643,2.17465125333286
3958,2.90614350280959
79883,0.862897258123237
3337,2.25289171681886
65249,0.881441095039275
84261,1.54352652801652
5989,1.52831161206999
7568,0.461600018133076
79173,0.928421537677417
90379,1.96571529707385
54862,2.08041217252307
83546,0.20737214969269
4148,1.24267212122535
6737,2.22860071955143
54558,1.39808886717968
10489,2.15198502535152
10693,0.8327408963317
22907,2.15035511052903
5894,1.73325966496252
6538,0.202824585977597
5468,1.33683671728812
23225,2.32168344142109
84824,0.199887482580332
51478,1.51810030570618
55556,1.85613924717554
84034,1.47995245277247
23647,2.45489669014255
85363,1.82398281747505
1262,0.104224463503951
10346,2.2997514129199
23378,1.46351330438851
26515,2.14295270967054
23167,2.82362306693173
10086,0.0043596979037672
55037,1.93734122437251
10989,2.49029735623041
51318,2.19831056833028
79781,1.15578099226538
80895,1.68210319196792
8864,1.76539187169706
10267,2.80662210283601
51540,0.305646157078073
5791,1.28775801594186
5901,2.73570788069233
5562,1.93803608539951
84674,1.20930273085122
23108,1.2097737540492
23277,1.98696075156086
51763,1.85810725166513
10514,2.06160420312866
6117,2.05926641487163
5176,2.62559476536981
7326,1.99350599633742
60678,1.97228488681371
57533,1.22372110186617
85013,2.27117115612346
51805,1.92494379401304
25957,2.35660503774828
64208,0.0119871284396815
23480,2.60036492291018
55915,1.8940414614772
63979,1.42131611818289
2926,2.28778655987873
10117,0.0140368959186701
3512,2.96499208866204
26057,2.09849290395389
57050,2.273776523656
3691,2.31279858905696
23558,2.5312372904472
3021,2.96815351750972
85451,1.85182533075623
91107,2.2674656046818
9406,2.34778754111773
1984,2.92612174164528
23135,1.88795623053026
10462,0.82238961736184
55065,0.575466603940043
3000,0.114455451213547
2874,0.182537284435833
54739,1.80807396731742
1742,0.830561041620995
10247,2.04897770328491
157680,1.8984890435676
26166,2.25671738158614
4147,1.49242071394034
51308,0.499920396946577
84105,1.58353806912822
6388,2.19698558538482
2319,2.63696687456634
26284,2.41717625419789
54496,1.7631584476323
51388,1.93231884381312
7014,1.85655041525067
27183,2.09767792270557
92154,1.4547777794862
116835,1.50204767825587
63926,1.70345482952965
64773,2.33419800572988
6616,0.175996668205466
22903,1.69428107599436
5111,2.94448998383622
29107,2.31215300807242
10621,1.76271503783542
54453,1.8428376440808
5786,2.39953965819757
7818,2.60683182944347
57127,0.484628788012869
22889,2.39344647145316
480,0.380791263779241
10763,2.09750268827949
63827,0.280064500510198
1401,0.0134224851965348
9826,2.03820897738349
57111,2.79910355915677
60484,0.0244143296379668
79368,0.0873244225138922
50717,2.24284639541153
23208,1.2090489370853
3508,1.48512739668414
91703,0.270251444649095
222,2.22497423611652
9633,2.02898251231645
25974,1.26128469073852
1802,1.79140925121397
114034,1.61971100592949
4678,2.31000075575337
4595,0.375326089185417
56259,2.26031466581536
64900,1.80824184683601
140831,0.856178933480336
55544,1.82656142344067
128434,0.657409096620414
51526,2.35906773716057
10955,2.61017231546486
5509,2.52353928457421
29958,0.267253417044983
23743,0.900925846307246
8546,2.21334190994905
84327,1.08714144588524
10207,2.31059404748987
163782,0.826041739057542
27329,0.0396462670429822
6860,0.0126025784990239
8170,0.0876995769262763
93611,1.99149625072546
79363,0.917984317313724
842,1.57597918776894
56923,0.0232000328901817
51164,2.31426711562138
5145,0.160698222962661
51761,0.783229363390369
23281,0.0861979419229091
9205,1.90453463421661
10208,1.84865758189555
64328,1.48405823067789
93492,0.0579181636361618
51371,2.88226247896616
1024,1.88571893572468
241,2.17968865945105
10810,1.32992436218961
2835,0.0304597993916931
1131,0.0575293748341413
4626,0.0398448655326076
4628,1.63319225552361
10400,1.35665686807468
6341,1.24157933554218
23164,1.79433569782565
1116,1.6885103526395
4608,0.234753587043714
5287,1.8695581150899
25778,1.76156939483567
1118,0.090507846716347
254428,1.40460489260727
59352,0.398728800764553
9911,0.24300455003093
9201,0.618105612677935
8900,0.194474746081945
57511,1.56703727078312
23111,2.00226327974653
94240,1.94096998541958
7223,0.136136880643432
10631,2.8700902396217
5994,1.30353098703194
7178,3.1994194809116
55425,1.34023061747823
161003,0.324294798176538
9365,1.13602046209353
5983,1.8964280810467
90627,1.80579046718706
79710,1.6797119002781
84707,1.27189474797202
79589,0.833692273674532
347687,0.32401556963088
54885,0.697934538767187
79921,2.74540432035919
55859,0.379233797264089
84923,1.98693383414123
201266,2.32151936779634
2048,1.08099828507953
10250,2.37236761861524
55643,1.98479462352192
84106,0.721204188407192
84787,1.85009272294948
84330,1.61950172305345
5158,1.15769196166129
23640,2.27058128182036
1455,2.28918759548217
84250,0.984185105579141
55748,2.25828727611498
28992,1.78711926805148
54663,1.71286150570535
85329,1.2872869869588
10313,2.84601961210303
5920,3.01056856494543
54979,2.12360175166743
4629,1.34874616957356
123811,2.2763346572458
84246,2.09562489479349
23037,0.893055513382574
22880,1.65624748938431
9215,1.39303114611665
653689,1.27063248368954
84700,0.0029089440711514
66035,1.35298015783546
114904,2.15108475755447
113828,0.660321664360091
284904,0.0306605722017031
474344,1.83764905725251
55303,2.50692923363905
90956,2.17368191079291
23608,2.59130002400037
116988,2.09913659651812
84626,1.46282098773765
57180,1.00914052490824
4922,0.0175101773978301
694,2.69061733032629
84125,0.0215782561623971
91298,1.45480049230513
79572,1.98684633952699
6441,0.536325785125165
84332,0.239590030737812
80195,2.33710248317604
83857,0.959053312275425
3845,1.89712187685978
10526,1.89750211124188
51520,1.89172632232245
11005,0.0816766944344988
3612,1.64307207429758
85444,1.66118311351043
1875,1.34790643629652
29080,2.10938027431299
23075,2.1214850523366
406,1.12100319079466
10894,0.697767799418261
272,1.60851916708286
81846,1.01398988032226
9645,1.44098338629024
22800,1.85232576675984
3295,2.27081553263201
196441,1.82827501566106
56154,0.0022864348041153
51669,2.76625758432448
79845,1.91095630286223
78986,0.140370054462992
5977,2.00561722417542
4221,2.16696871858262
11161,2.53124253008187
145258,2.06997456893933
80017,2.00932929921691
57578,0.0447946653885956
8650,1.97535511677187
79820,0.543849125174471
51241,1.68403500477006
23508,2.36328103413711
10001,1.84571471169337
1965,2.306459035768
8748,0.0658488120877697
4017,1.7477845514171
55140,1.70663923717487
157310,0.096838290181438
27299,2.06075278385636
9811,1.69464950479444
83876,0.474063279736173
8932,2.59709940441794
51124,2.35388768482017
92259,2.388016189631
891,2.60234056350844
1022,2.31926864157164
4064,0.971775568704355
3656,1.02577022728529
8536,0.434939817857282
25917,1.92325267705945
7428,2.26188965289253
8553,3.0874177424239
55207,2.67457494152678
9695,2.11337586191508
27255,0.0197500372972908
10752,0.49671010188374
4212,0.500693181612214
89978,1.01768983301871
79768,1.8107624624547
56851,2.73851567357789
4308,0.0072538062085478
2780,0.262130402670551
55119,2.47793243776401
83998,0.0544125563488178
10100,1.20251931280006
7252,0.225783241589969
2949,0.31502659089811
2947,2.65422390062941
148281,0.285218964594388
10451,2.09425311733112
84722,1.7561389529529
3158,2.00039655526794
26191,1.16169202588391
6272,2.3292158118585
7482,0.562015080568626
5738,2.32713354290469
10542,2.6386447405348
4853,1.95037536517143
80263,1.67954261972712
10390,1.73388399793646
9398,0.695345468539379
79679,2.82888341360143
4803,0.613786740004145
10717,1.52586248675457
8774,2.107626433601
56907,1.51079945239118
51535,1.71660248944118
51303,1.53121476967453
377,2.76174025881493
79022,2.37887567893586
54407,2.53400880297618
10971,2.80835964085919
57498,1.75394034765738
29841,1.96331937513445
9475,1.92462824382614
91543,2.06608323929236
4613,0.0893856781967923
23175,1.61625374267981
129607,1.75984519573417
285148,1.98039128788381
3939,2.84992147461738
6289,1.40977321431431
63982,0.0803533557144177
3572,2.68457028582194
10468,1.31843525672628
89796,1.21510811863154
79577,1.96852025186543
10440,2.50955681458038
23418,0.010754888621307
81494,0.0097266548872287
10595,0.0058079828238362
6210,2.19047614159936
4677,2.76455531959477
2922,1.5000421324459
57614,1.77738190805959
84893,1.90242942495674
84991,2.34432204545063
3559,0.629892635663421
54522,1.37566944088752
79746,2.09023938650591
3601,1.60376234073895
902,1.82542517410637
59340,0.0920017153720052
85019,1.86861602073753
284252,1.67872352755294
91768,2.03056406577056
1794,1.26558642968196
2012,2.2487263506847
6660,0.183705656893983
85004,2.48474304170716
3824,0.347531389386951
3821,0.138608892401161
80763,0.246866911925363
5555,0.333728942501736
4038,0.287856666048879
4607,0.113728858571093
1643,1.97979533561797
53,2.45204602514442
83844,0.0066344685557293
8933,2.65153086245201
9363,0.71253088108432
6658,0.133302556941214
51634,2.04501466660089
51765,1.90721460395754
143689,0.603062916195066
4544,0.0134224851965348
9698,2.3062979980525
90853,1.7749266412138
8565,1.9976512647162
1912,2.26136756843636
55143,2.07456182871342
29889,2.43529772472544
192670,1.72666243034361
51361,1.77920571985062
1573,1.9016527912628
91408,2.20367517687966
23318,1.01612140337026
84950,1.99063741376095
1824,1.66077141057941
1830,0.612938616627914
51444,2.04480096329342
55250,2.538355699016
1828,0.0467664613262632
1825,0.617075262166872
1823,0.113728858571093
1837,1.56447171333283
80206,0.444410048669815
25941,1.83308731789992
747,1.13573137738421
29015,1.79432485616057
26519,2.62770451337579
9704,1.82826501510021
187,2.14486722879534
9415,2.56543402196633
746,2.38317911846995
6947,0.134720944513396
27202,1.97205416086169
55858,2.38488447317223
9575,1.77826101181073
5156,1.52050963551977
87769,1.20650459049285
1284,2.2896188111657
9071,0.0698819152678692
22873,0.775702446731765
337867,2.3083853023401
55082,2.52679005224088
54841,1.44902086527015
2073,0.401509214309513
7174,1.90305465065975
79070,1.35616078609608
79587,1.72501019757378
9743,2.04978808850948
3703,2.64716972265527
11095,0.214466573411307
56,0.240522722227893
2113,2.22755419348242
219855,1.7113404133445
152831,0.710570066698401
51014,2.52159823382713
324,1.53000887380364
9315,0.304214939732099
134430,1.72005445540562
26578,2.60075646779945
55312,1.81367212291805
29979,2.24170045024622
60560,1.51931642868508
55071,1.40016889628535
301,2.48020916069068
1514,2.28377549446446
23670,1.80978111372855
23287,1.53976309407946
51280,2.29254755396395
9413,0.430705320544877
29968,0.675650322067501
81689,1.86496305759202
8728,1.20332598693786
84868,2.0460871112458
79616,0.149119384289228
51347,1.93437242293215
84749,1.60342903013831
10993,2.15682589577394
4440,1.19898552224175
6927,0.016081724652309
23014,2.07217606806568
6926,1.73225887149041
8638,2.16012033865036
8739,0.0465694896604753
84900,0.785061139602079
5025,2.19692884871603
92558,2.00000650422275
1840,0.683273142565699
10906,2.22786883559684
9988,2.02916325354352
79161,1.63286391590538
57639,1.2556842169005
85025,2.34708830814093
948,2.25335990397472
54490,0.110451245488528
50640,1.95500582086474
29923,2.46355054668157
84691,0.157948059098281
60561,1.80109000535569
6733,2.0381736954621
375616,0.157086722449401
26136,2.18974697140884
29969,2.10818119738035
25821,1.16149466666244
577,0.0366616595234452
22881,0.748430490224505
3351,0.0209692882026594
80759,1.12711606707971
22832,1.1806676206255
10492,2.45284201476735
57231,2.10613800208734
4907,1.43847868965387
112609,0.213663549058408
2045,0.0358639763576893
55122,2.28613573254765
23595,2.13111637590672
167691,1.01434565958343
6885,2.04197090143489
1081,1.98698766709849
79899,0.900314507451853
4005,2.05696972321838
51317,1.63372335440539
55226,2.16056147740519
26298,2.67200437154021
2001,1.92843747742145
79056,1.82156099229048
4076,2.53077714113471
517,2.77043214566049
85406,1.44597859879024
967,3.16377592715964
5630,0.0254249141756302
10677,0.955873068907741
269,0.0366616595234452
10220,0.882951767589656
27165,0.178014807680926
3679,1.40087721157885
9840,0.87821890943302
84070,0.198906056090084
5959,0.364541387539058
116986,1.06781894135682
2647,1.71938428424409
3891,0.0394476217259577
1019,2.13913705518287
5502,1.32704632545732
10024,1.79434653921338
6302,1.9907640297576
2583,0.14335535267636
7024,1.46817787665988
93058,1.59603508865686
23017,0.296874485886237
9924,1.82888459651671
9700,1.39732575743114
3855,3.02856245724701
84872,0.800178008434739
3178,2.89314394860988
91,2.05761222087921
10956,2.59639172661727
4284,0.0302589788495971
23416,0.0867613730983522
84946,2.32104751765513
9053,2.06936941453682
8763,2.87583318676812
246269,0.908276282134454
57224,1.75341578528488
54806,1.62599329926147
23493,0.896510891668543
5570,1.90560380586856
6610,2.08528626891114
64780,1.9665674218502
85021,1.70739532507864
8676,1.23918122533824
7006,0.905249337352445
84279,2.09952027346172
10505,1.07593611303476
10574,2.79764327396291
1961,0.0227948798627598
26056,1.90879431991316
10322,1.96738229341602
8291,1.61980756598483
84865,1.36175550047194
2016,1.24478319361017
27345,0.518136490653734
9958,1.48891481997774
2799,2.62259287054148
1368,1.45439150283164
4193,2.30091921160678
79786,1.62711917256063
53630,0.536955746537548
10200,2.79943958754975
23563,0.0557775902066152
9764,1.39341606391123
1783,2.04352196879188
55336,1.36025304707363
29109,2.18302793468469
92922,0.978389449708157
6553,1.53764026514189
183,0.678315117141998
100533111,0.104592046779187
80003,0.887274976298556
3775,1.77919448561023
9816,1.02437274745895
54583,0.221975815463252
10753,0.791468668268332
22796,0.996869860866784
23456,1.51461446071882
84284,0.989926075072905
27097,1.41839392504254
2752,2.86772798716338
10228,2.19808820573951
85397,0.950817934391947
6041,1.5668390272743
1660,2.57719146774537
57710,0.207695990740422
9857,1.79733897024331
80896,1.81777358917003
116496,1.68842736997427
5279,2.02408777818989
3915,2.13137632308172
149041,1.90720635994396
9290,0.0758001637739616
3431,1.98031598835236
65080,1.95336570142373
5077,0.0203598820990786
55619,1.44775550707964
9654,1.45069539777557
57695,0.691569508550123
3357,0.385315682482522
81618,2.13977436295162
80704,0.98343692122686
5270,1.38273708736847
3300,2.26480698672241
80326,0.41674405754273
64114,2.44082525552409
1593,1.45652363859467
9470,1.90479182713558
80210,1.01895171745899
51719,2.21523364430326
1329,2.88604178976118
51455,1.80483975049846
80705,1.27186241907455
84804,1.38399274273435
55654,2.43613357188009
10913,0.0540221383132408
9392,1.95602741536338
9648,1.52625518519541
64965,1.86553912915956
11250,0.0463724718392014
79074,1.86710777798994
375248,0.491923852706397
26122,1.83746324274044
50649,0.452937184110443
23479,2.36189048261365
160428,0.782421763079753
55576,0.0598594062479726
84101,0.109721115265514
55681,2.03007167001606
10970,2.45332372022801
10154,1.56477959213117
55198,2.03249738294355
11137,2.39848134164563
55332,1.98574760088377
23325,2.01162636706051
84102,1.61055937548304
50853,1.36987488774886
2317,2.61579301912367
4752,1.48868161230619
5100,0.0105493414072734
51028,2.07524368589469
79621,1.26075693906814
26586,2.21285108621615
11061,0.0164900995891271
9882,1.67837000832892
55901,1.22361514848543
79866,1.14511347345412
23143,1.40349951056162
8803,1.5632018616818
55213,2.00034457144538
29079,2.31685682501274
51131,2.28739342968113
100287887,2.23987080883039
83548,1.98962298118639
4008,1.0912607478903
8796,0.0256268862991105
9445,2.77604745979519
10253,1.37837081675333
55270,2.33496344924779
1910,1.33189211402138
1102,1.74907575208196
3936,2.44786741046555
83852,1.49128299648413
9805,2.20480469894502
79020,0.201357377395245
64759,1.60067005589597
285955,0.292233142029438
55501,1.15526232757334
10643,0.009520858735307
10457,2.49103059380486
9771,1.48808749132746
5879,2.94883639545861
11014,2.89671455771927
11097,1.206358846203
3569,1.408703918489
55146,1.98262305685706
313,1.48320121799214
28969,2.32873726603195
1607,0.0058079828238362
9238,2.1269682444802
54606,2.46735168935375
3364,1.66349928898979
23148,0.363348345783893
28988,2.01660291973109
83605,1.6972606750137
64005,0.877331516618309
80727,2.31216105224436
91875,1.07308944214462
26257,0.0434116529118274
85446,0.680798626279657
10588,0.148771205374627
11173,0.640396437192285
58489,2.03472954991542
3658,1.71875184027054
57538,0.947084311387198
53346,0.918816251178542
10518,0.60706792796221
10241,2.31614777452622
55316,2.18013760353402
4836,2.08395818956995
84073,0.190845914273448
6426,2.33778922032861
7716,2.167989690743
1101,2.48265732199283
51204,2.21163906274939
55852,2.09716199129115
10238,2.45902800396219
80774,1.92557414331468
83990,1.24372867737549
11143,1.75682594712841
64108,2.35331263420879
86,2.21022262817239
4711,2.16469380910669
57129,2.61723447064126
6434,2.12787170917003
6326,0.0475538868142473
10716,0.0115765804481612
64844,2.27784164513035
57471,0.43710822285803
11227,0.398348857443461
6332,0.167703320633072
10010,1.93252004031779
640,0.0999854713451175
2626,1.70212902739869
6498,2.43536112706912
2058,2.64791729717198
3142,0.551602952829111
11311,2.01929575489462
3586,0.381439265338426
51133,2.73558803176882
26750,1.82130685080135
150472,1.24796835909589
56300,0.0390501905320824
3557,1.75941012464602
27177,0.0144462560950847
55627,2.11845425203996
55339,1.80590651896121
84317,2.13348084505959
79595,2.06330669107442
274,1.75690878632574
92856,2.41192555161554
9394,2.50479767284778
56886,2.10983072004154
2995,1.85833050451306
8027,1.84696895109223
2572,0.0045667467349953
10006,2.38389063621381
10730,2.36395919606788
64215,2.52301009371507
25934,2.08829803040978
56262,2.01645344747885
1025,2.42698924290039
7295,3.11730976783153
4957,2.18660447164461
23392,2.39897322529474
27348,2.23084519571113
51759,2.2576045181478
10592,1.51296296025376
9314,1.89875013348993
1861,2.26578407468859
9649,1.12962661867377
64855,2.39821773011731
347168,0.0278454019696254
27090,2.52434132273918
7111,0.30736014523199
153090,1.88660492586389
6812,1.73740097995213
29988,1.97057566071428
23452,2.21142878370031
55755,1.81723999233382
7539,0.465546423576251
1318,0.205101591371193
1317,2.0890983607862
7099,1.26754533327545
7743,1.66425898347494
229,0.0410354741801234
55014,1.7183641801541
9128,2.07497748578123
2356,2.27145052437874
10868,1.85233520310693
113220,2.24293234972699
9550,2.91508857888725
54881,1.45161056968978
84253,0.666284729598219
54534,1.82247462475684
8818,2.51804025171172
401551,0.0195466581122431
158427,0.969208376130787
9568,0.018529029376588
55363,0.0246165431357565
5695,2.8391346498299
51531,1.36949880344319
10244,2.07233166657843
2800,1.93411823422675
7507,1.86233763529306
4686,1.86013994732161
10541,2.86825825438698
5082,2.08633597964579
11224,3.13802559503329
1515,0.329165019660446
4010,2.24400822760886
81873,2.31724244677343
5168,1.72635787137144
79075,1.4340236988273
79139,2.81034080364556
4609,2.17967673269538
4856,0.965805314199341
90865,1.62730918869748
90871,1.92493590831255
26953,1.73454481723796
64425,1.98080175437355
9373,2.14802661257076
3590,1.3300113301967
55833,1.93316163773386
54840,1.52413079972534
152006,1.96408396316772
7094,2.48137984332178
6366,1.55360501073825
27240,1.21067844415282
1761,0.0166942133416963
25822,1.034136343369
26206,0.373364669696793
11258,2.14132054053952
971,1.14311888588865
51754,1.18005676400315
9380,2.17831040898812
219,2.09686612780781
84681,0.392115875912625
84904,1.11713338513937
347252,1.32774547751036
55667,1.78251812145628
6194,3.34846593719486
10695,2.73136777469396
116113,2.16063284789651
51645,2.32003632801143
89953,1.55321558762493
63971,2.08410887819431
7746,1.75872723646741
5292,2.19103067168946
2766,1.9487008590174
23070,2.1185298616961
7020,2.26664130004455
10864,0.0154687933557568
25844,2.62286429908774
81853,1.99408771806243
55362,2.42365523805505
10817,1.26141654841424
93643,1.76234128545423
11131,0.509358185694938
3062,0.0138321417599086
9856,0.0262325134658017
3662,0.639489344269894
63027,1.62873180877594
7280,1.84243189979224
55227,1.85457492485173
8521,0.230831670108437
2295,0.912129567616542
670,1.28495716775963
8737,1.85832120473386
347733,0.566258654615797
84300,2.25720876577889
3159,2.70855962827517
6941,1.9022458406693
10211,2.72716467738291
8870,2.81051011398259
9656,1.74576159720545
84547,1.10011643545362
79969,1.93728772282159
7172,2.35184200031695
1208,0.0865736051467432
255488,1.81597512000337
11270,2.13448102250293
23787,2.67469587791231
57176,0.250403717835882
129685,1.63366090414635
51439,2.21138888862932
347744,1.30922956663739
9982,0.418719323364267
83888,0.474978142520643
132864,2.35528326435673
85462,1.33015624493076
7097,1.72515024340521
84709,0.249328971537643
4647,0.558459372403577
9873,1.87919718394878
408,1.53464083746204
11309,1.58683199668018
5612,1.79123454973131
338699,1.38947625199754
10068,1.57553698443578
4926,2.42831753577787
60492,1.78071963437735
54843,2.2355334139219
27314,1.41449583064577
58487,2.29208310201794
2615,1.93048013038768
5547,2.04212222457715
79731,1.77983436593889
55298,1.83834268104241
29088,2.59313679649695
51050,1.09264223992679
7274,0.237877243663263
8836,1.25485081802206
81796,0.0865736051467432
23213,2.09560475898636
96764,1.83326521888972
6386,2.51139041411035
4750,1.13498734494858
55601,2.08649601557063
6653,1.64563446344192
56649,0.907188263739492
84811,2.10035101425908
7225,0.787106687823081
4316,1.74366817012832
64066,0.042620338349058
85016,0.38169831096793
84259,1.36966001593977
10413,2.18053045131145
23650,1.04330714233522
2542,1.8760925572205
54766,0.0150599263207783
25833,0.645904142172599
5962,1.71082783123864
5519,1.97576403393887
2230,1.95809887795935
64776,2.04131834766517
53826,0.649313150994925
57569,0.411036003645149
486,0.0567512557756906
4322,1.59152462678626
84000,1.69772147483024
834,1.8938028731794
838,0.142127432245064
91801,1.27841769195511
5607,1.30215786051768
440279,0.0187326529005272
58472,2.24512009129777
51496,1.79266280621345
79811,2.33261128777172
7057,2.48452636812971
23005,1.2107869077594
51203,0.0223895328412295
51103,1.90184500172024
9493,1.90043890878071
22801,1.34793444918788
57082,1.18666436020059
55142,1.65164791531787
23168,2.37869290213469
56965,2.10348764979747
6176,3.25800814074086
54852,1.71999006026689
54839,0.481463755983178
27229,1.15013000316309
55177,2.24402140724849
3706,0.99639894035115
55075,1.90531400209629
4091,0.633930256816058
5330,1.60625457112174
80021,1.77054701684814
56924,1.26022867318723
102,2.00746502658566
53905,0.617168993163099
9153,0.0051875911285856
64220,0.779550442564123
1588,0.156569482489693
54816,1.44070310858258
80031,0.519427983187211
10017,0.308215722939551
51187,2.33706028887325
51332,0.953912110400334
145781,0.210282017079342
2644,0.053631538511365
8412,1.80067367704454
79739,1.08754570766044
54874,2.21186732317658
56267,2.44294546112651
2959,2.20655275600217
676,0.0955389086838045
5876,2.18232239512368
10964,2.05333976919512
54810,0.623791959064885
9411,1.93006777063393
10561,2.56492809458578
204962,1.28470468815822
653702,2.21847479449184
9635,0.878598841015681
58511,1.04812818508038
1629,1.42170447010231
8634,2.28019724932077
26160,1.33786576400714
85465,1.99228017528358
10669,1.52050963551977
3032,2.55006638649481
3795,0.788563904162582
109,1.48169783783132
5495,1.83667015130334
87178,2.02225800594039
51626,1.73941385485732
3973,0.0322650387162132
80745,1.82946337205118
1545,1.92367217599656
5861,2.80484736327068
10097,2.86728906356627
10113,2.44638647907937
8884,2.56863574684538
64240,0.0501079362162316
9581,1.82591826399029
6519,0.0123974780415539
11117,1.82528418421277
80204,1.48335130323561
6496,0.380661596988309
51374,2.69386873253403
79172,1.10081909353446
10128,2.38862190935257
57159,0.665935389092049
1838,1.49811150780992
10121,2.45798116869803
1559,0.0199533676763937
79847,1.02656732422869
1558,0.590227834965801
26509,2.49854283980749
84171,0.658999296400935
57559,0.647251811350844
9023,1.18200155522418
84896,2.25314192556624
118663,0.135960022436348
3832,2.02986731694452
50624,0.0826206497668653
10579,1.58946773115683
1847,2.53213319159318
51063,1.98833775480494
403,1.82322434053973
55165,2.03164268122209
9585,1.50646371731369
953,1.40932587607056
54536,1.58697018136796
51196,1.38047967076879
5950,2.21092794523502
51163,1.79887555886121
23317,1.95609299809868
53836,0.0173062599854029
310,2.71009706737641
317662,1.53004782094275
51008,1.67283305202888
84647,0.0173062599854029
22891,0.290339679910652
170392,0.273685094362212
140766,0.593628220154127
6229,3.01347332328453
80312,0.253313542763282
1763,1.51515701687954
84665,0.559883782719171
316,0.808419912701484
471,2.67261279017145
50485,1.79285867998268
580,1.46355793678335
6775,0.896449354332146
2660,0.305073986379092
79800,1.11610842980186
54529,1.97831174412081
29081,2.30379306021002
6741,2.52481049741101
4664,1.8787197280691
65061,0.21398485556725
9360,2.30068320796415
79675,1.57687999570832
130752,0.265298552533264
57520,0.654217649555215
3417,2.33021641886997
29789,2.48649364247163
9541,2.53918640438806
6744,2.12812942379164
1134,0.0936791088254262
150864,1.55615616887349
55759,1.57955456404194
10152,1.36137347037634
3685,2.18981262097342
30061,2.48657609197611
55032,1.76680502112344
84925,1.89857328462964
57337,1.63576390564798
84692,0.0445972313113895
10063,2.25957942795222
83666,2.21330584392742
55329,1.2769144654285
9101,1.31498693244533
9728,1.97381259919315
29766,1.92607770330441
84888,2.21199406884071
26035,1.60487719111465
90525,0.467511733425391
83464,1.44793975873246
81556,2.17719105981437
8483,2.24242953676133
54956,1.60021702439097
60490,1.6697144012357
10021,0.0646929135332517
8482,1.25913749703847
84993,2.37404874824366
83478,1.24603914907272
10144,1.00026011515611
8916,0.103488806295834
55008,2.08783036031121
51191,1.73803177576946
57575,0.165488728991579
64579,0.0569458532680942
55345,1.20857729733302
55435,1.9145904930199
51138,2.03320120165474
3184,2.72660988841247
5593,0.327081544131642
153020,1.33720855049973
22872,2.54066448321987
2250,0.0091091168566818
84803,0.929181262633912
59067,0.0246165431357565
2247,0.716029831968003
55212,1.183711964412
84162,1.60031773619951
658,2.17805886844443
5910,2.31303400029741
55132,1.79631506606597
22915,0.31431991064665
8654,1.10831935593786
11107,0.312479520406838
7222,0.0602471155158791
27163,2.23228441260009
53371,2.07683155471311
4283,2.55125619291996
55589,1.00451010280388
9908,2.01932666708169
55752,2.22482083703505
80144,0.24083337584261
950,2.18118025598845
901,2.10613311190465
246175,1.86814415758794
8615,2.52336837958683
8999,0.314602660100011
57619,1.9199924593306
306,1.20449724465423
27068,2.36458582799679
1062,1.56358317514727
79807,1.34453393125425
57117,1.64596894939413
2028,1.06399845385069
839,2.32658265760485
51176,1.44018885826534
3033,1.76995048634795
1950,1.11263569478553
9061,2.50552280387794
10427,2.07993431712938
5530,2.22443703649854
64116,1.66887717085146
4547,0.0150599263207783
2201,0.06565627325421
23162,2.08763489226495
5998,1.51324532274663
83606,2.54058841420178
91445,1.82559631211579
85352,0.13948994736026
64098,1.30496136876145
283358,1.82984213425467
121506,1.23261862540359
2120,2.10627978866377
23710,1.99712736044968
55605,1.32227321790259
144402,1.05224316043882
51067,2.16330509152689
121512,1.3432636086832
84920,0.752516531741122
5288,0.32009573861269
58516,1.97880003467479
89869,0.0078726930921942
121536,1.77822723355792
53919,0.207534086575862
254013,1.01179974886752
55500,1.89928021425762
85437,2.00491796966369
84216,1.22184625293403
144165,0.665148722961411
51279,2.16466061050195
4704,1.15406359579606
9746,2.14636958908113
10219,0.854471828582048
6843,1.28960672241135
55080,2.04158067116132
939,1.27050285362875
83758,1.02636814954532
5830,1.90765952902414
196500,0.102015525667996
55089,0.172452767849171
347902,2.18627304724009
9169,2.0208875376142
1280,0.153632232210088
8499,0.185371832096218
23519,0.0738956344925407
84298,1.19587494711576
144581,2.11436191045855
121227,1.25341437643169
92979,1.93587879029034
11010,1.52422935798601
22822,1.96928173972061
55266,1.78667794371447
8549,0.0606346453732357
374462,0.083940390516352
1848,2.10671946274405
282809,1.42828507034288
160418,1.84906677319443
4060,2.98020167262504
11081,0.307788051926711
6636,2.49716909308292
144193,0.299761351548054
121441,1.82030912443211
50511,0.113547110299803
429,1.83578715763918
283431,1.10966087203246
114795,0.0240097576149657
121260,1.83440001505505
6996,1.94909419488235
84934,1.93097750274668
113675,1.99080400508951
326625,1.69285908514115
51228,2.41936581165729
9815,0.901658669251234
84260,1.51599978586227
84915,1.29225893933314
121643,0.0152643844692303
9818,1.85322125565595
9107,1.79431401421813
283537,2.25000081855502
6541,1.70263839041733
3651,0.0410354741801234
222484,1.84720787757488
6821,1.9924593230659
85478,0.745640708880995
283375,0.097765173807287
6895,1.9356792960956
8608,0.489126662843219
50846,0.21974639475227
94,1.6793450448731
53831,1.50367497896962
79035,2.37608107448309
90634,1.6996947854867
1990,0.0820544050747075
6601,2.038614481066
675,0.97368033101323
54934,2.04955998911746
91012,1.97759538665743
7786,1.56338347784173
3695,0.464851531725865
11226,2.47415332297783
51380,1.78024921399524
55716,1.79564549594667
60314,0.122046224165508
23344,2.38042066096429
7009,3.09693831933798
283373,1.91486557091708
112802,0.0119871284396815
283337,1.32356592691522
115825,0.953294517062366
144983,1.53247577313255
10161,2.00478952677886
2098,2.56302071584396
5925,2.21655094542581
55206,1.85108773265804
283385,1.04759978386839
23067,1.95123945507481
65082,1.47104357687206
79720,1.77805830221586
54509,0.0346660352741282
8562,2.52315831083094
81624,0.889332196277152
122060,0.335381869087057
64062,2.12035854636332
84530,0.0089031710875008
10150,2.05454619144391
85416,0.0175101773978301
84945,1.65143773166123
55647,2.26762223755623
79774,2.14135157294485
8451,2.28776344757001
319089,1.77189761109384
6751,0.121686341935808
64403,1.32200840961504
161253,1.06296921352352
643866,1.21190645637769
283629,0.753131120331067
4857,0.538214016497965
161247,0.212859717645121
161357,0.332901146639584
81542,2.0724550255942
122786,1.46638388881568
57161,0.942127976016279
6252,1.44678706842749
145407,0.540619562034321
145389,1.3530633781367
122830,1.75275918604127
8747,0.0882619910836516
145226,0.118982195114986
8816,2.16410406690104
376267,2.08815419564213
112840,1.90110071990455
2100,0.152419690580264
27133,0.0022864348041153
85439,1.51644065103812
90141,1.09994063791426
8477,1.35684966108053
145482,0.531583418247685
122953,1.55746340146652
122481,0.208019700960049
90050,0.0244143296379668
123041,0.0744674501196066
10516,2.00016257238939
51156,0.0901339590533384
122616,1.87386932944568
7453,2.21908530698886
283600,0.029254159459327
91833,1.64140183307562
81614,1.76822506268184
9990,1.21392314560228
90527,0.0706479226552025
4236,2.17428402735794
6938,1.98028860306465
6652,1.37540383628912
10169,2.65467237364078
146050,1.67759128329455
405753,0.010754888621307
50506,0.0252228938178094
256586,1.97978162475019
11001,0.481123833351985
2252,1.12606675301256
3067,0.790743681910102
9245,0.068923416931643
663,2.14666667868925
2958,2.29624531294261
6727,3.0370237325292
22893,1.90144376253103
85455,0.432765081308646
146059,1.58397280598223
7090,2.23635682484439
8125,1.79838188033662
54939,2.10848255420876
92912,2.1993188219664
9051,1.11692000303514
2108,2.42740600186644
597,1.58289391785066
10363,1.38137332279575
49855,0.880242586202287
10099,2.3984711283198
80349,1.96452630961179
10499,1.99390932904808
79661,2.01698256338117
4123,1.70822949934688
55466,2.1322278068345
59274,2.1200528423383
7168,2.01486165651557
3480,2.21139614262407
91947,1.78287468269993
80119,0.992723673391574
9960,1.55382739509502
1583,0.23694143605566
585,1.85241068610144
5371,1.78796753017844
1543,0.0702650067990862
170691,0.985358968033131
55180,1.22699558524408
25989,2.47152773621029
653643,0.0078726930921942
5046,0.711387764281051
80125,0.0342663432615378
10066,2.505683064331
1544,0.0173062599854029
79748,0.0132175827499873
145864,1.43165047030368
51458,0.389172355217867
5428,1.67692475405451
55215,1.61534474618731
11057,1.82327494853236
56964,1.32435761477778
90381,1.04495069433579
4916,0.141073458890048
55070,0.618105612677935
4240,1.96981670809748
374655,2.07698519792589
55898,2.17771120439975
8128,0.157431366533768
55784,0.263640635292044
5045,2.12608100284138
8826,2.46679740189108
64784,1.69505851250177
79631,1.78518508528181
6457,0.0627628591308276
23478,2.45521233419426
124404,0.0520673186640733
84656,2.40337742994884
5373,1.1752999595468
6524,0.0060146795562324
3687,1.70549602088831
7041,1.37314065707112
64755,1.8114917688553
79798,1.26783855768268
5073,2.01527429048229
79068,1.50173808160829
7385,2.55005289315077
1039,2.56172390003306
10261,1.73903175399399
55114,1.88767940739216
91807,0.165318125203912
94160,1.1356900676349
85407,0.121686341935808
9785,1.97340858529278
54957,1.51839963626917
91862,1.76786760846993
10164,0.0105493414072734
463,1.1363506657344
497190,0.0985059346638177
221184,1.50332525954425
84166,1.57292839244837
10300,1.72499746391545
3801,1.29322295537707
170692,0.391604782087835
283927,0.710324564399292
2653,0.898599591185365
123920,2.28039230149441
146225,0.190680578133617
1009,1.80210242435889
8996,2.46062808497531
81631,2.40899188564846
8720,2.30862393081043
1012,0.670636555927301
23174,1.85854434132453
57707,2.09193663843832
161931,0.0262325134658017
29948,1.65690077784212
3394,1.40518175182477
89941,2.26744717243454
6123,0.170081522887999
54925,1.69709792558502
6187,3.30757194392786
4716,2.93415464035416
5170,1.61195272933233
91151,0.407915496069866
54849,2.04357993644535
22980,2.26770206123059
2588,1.60491042911107
2622,1.70155193600211
55090,1.3316609956868
9611,1.81335097243099
8533,2.18997476072393
79018,1.38545380436817
57336,0.742058930720041
93649,0.112455778548313
8844,0.673061574935142
84916,2.09912662548363
57610,1.8338576729835
64180,0.220224652319882
81577,1.67573103803996
28987,2.11607389616097
5636,1.59661064459007
146862,0.0284494427319338
58488,1.56879977702841
26689,0.0219839916622789
10040,1.4057829953144
84643,0.0119871284396815
55028,1.79696203049365
10140,3.07355299142619
55275,1.17460609728194
84690,0.0465694896604753
9905,1.87020906345463
9520,2.16184393668264
8631,1.87001931069856
90506,0.989502673528539
90507,2.08863684568479
85464,1.17182206041048
162494,1.53371414872557
124912,0.0215782561623971
22901,1.17522290599832
10351,0.711551185139147
92579,2.47782395969437
1213,2.71650381822726
124773,0.0652710625303166
54828,0.997653915158749
51651,2.20801003272187
6760,2.45073189688668
6875,1.1813921501376
10939,1.93728772282159
10650,1.27870506543
3613,1.55545504177653
2774,0.525531275567641
25800,3.34379721089738
55197,2.1035319815303
83608,2.26071302844932
2589,2.33317456632244
80816,0.035464851664874
116,0.614069219643855
4225,0.031262604438497
147407,0.0207662015448037
64762,1.19031433194697
114799,1.97919159672752
114876,1.88930303746193
2627,0.666284729598219
80000,1.80350513548532
29919,1.91081743557483
27043,2.12985500384762
4864,1.68626438642861
6563,0.270849680372496
409,2.24826791764802
284111,0.009315012732202
84225,1.10606206085862
55135,1.08669193738514
50488,1.92352184048607
112483,2.4294646771001
432,0.327359666175908
23533,1.33203651138974
7157,2.25903481219044
55036,1.37356742653805
396,2.75565998832487
11322,2.10300457535272
9123,2.12620590403115
79092,0.844600131206582
94015,0.952844969013932
10966,1.76616852084218
9775,2.38958609606845
1453,2.26374626586465
51529,2.50567591172019
6904,2.08083175181026
79672,2.31264601563043
26502,2.05205577026911
57521,1.59282265817407
3607,2.28479159458893
201292,2.06344958612032
57332,1.57226952583466
6398,2.57595944877744
114804,0.329303718134351
22994,1.8995575971667
79755,1.64063361638136
56270,2.60941097177286
8535,2.23464702263789
494470,0.220065264966587
54808,1.62333419580533
5596,0.0318642078034075
55520,0.541350088927629
4152,2.05368969612687
4089,1.66088907825955
8792,1.09689972192476
54877,1.69774856581923
201456,0.252242748024437
147381,0.0809207585101274
5366,1.35486322551195
10609,2.07504139137379
115024,2.15170958864231
162427,2.51271723803824
2064,2.57507258753718
2886,2.04904054257317
84299,2.51735939767947
5409,0.225624961385223
390790,0.015877463426456
342667,1.46094015912797
3487,3.1792952641324
60681,2.49676824765996
10907,2.29317906503234
773,0.0528497930137067
113230,2.19537062663905
90378,2.62926857779414
23476,1.99487955578665
29985,1.46373642616966
4782,2.52734822574563
91978,0.217190838480678
8612,2.39363325865015
63977,1.16125774466652
5211,2.25570380439427
55527,0.419335527110365
7409,1.55937174317155
93343,2.03647624895955
117286,1.12891641077864
6455,2.37788872445485
56931,1.61800176837324
91039,2.15663913470322
63946,0.016081724652309
90324,2.24972234047201
641649,1.01077836007537
57677,1.3240352187148
23410,1.72017034287686
10410,3.42429380417517
80162,1.84900970109234
30811,0.352391666129312
1291,2.64625098461135
3454,2.20380127464751
6647,3.01901694689627
1292,2.62581274024757
150094,1.45023718083242
29947,0.0146508621545966
7226,1.63615229185772
57410,2.42406904964811
757,2.18457980592799
351,2.9128233768843
9980,2.10733411063699
9875,1.66068313971366
207,2.21059364587971
29949,0.046963386855558
2014,2.43661197175685
10055,2.55837704269383
126147,0.144931400916602
114783,1.72770141158061
79760,0.604305004925666
23624,2.02001843945541
126374,1.11662113529904
81794,0.793060822596045
6531,0.059277505632032
57140,1.88049408986714
11132,1.15165850942513
4542,1.54660260987545
105372481,1.00703551962593
91662,0.146853560983701
59283,0.140897664497433
126208,1.99690448391833
90580,2.09042836028843
84467,0.0296562306312831
10498,1.80434241165387
115704,1.3176346341198
9032,0.0288518968796068
55244,0.55016192785963
5694,2.68700530365581
2854,0.0420263638480368
89790,1.50120098068143
93650,0.0590834488965626
354,0.011781879253164
25888,1.27947064500365
112703,1.31049434231771
6205,3.37681234567418
23521,3.26977743388995
90353,0.415011418263526
51070,1.96224499043082
402665,0.117536342262086
57333,2.31691760411872
80110,1.42890733553088
6518,1.02611908789252
473,2.19116531931193
79258,1.24003890070587
85452,0.036063467897197
63976,0.143881039990532
51702,0.901475543578106
114827,0.335932056757271
29943,0.059277505632032
1969,1.71660248944118
128272,1.74877441392852
79180,2.48995948358084
5195,2.15038968398376
5226,2.90069453452051
127294,0.13931381225424
83442,3.0497729795266
10256,2.20778285504511
6135,3.15869684528423
58985,0.17481709113341
127703,1.91417752052587
79932,2.02219052068175
10733,1.52682402958326
9064,1.75436906204091
8547,1.0488479740772
54707,1.87698201402138
84958,2.08920084057058
23038,2.3050123050539
84224,1.05580859756675
3339,1.90427727635683
23421,1.62427539708282
26135,2.56107325897621
8915,1.71721210707982
3491,2.68478438862056
5567,2.08763489226495
10026,1.69180333048556
64129,1.52651026753035
113451,0.657055219997441
6202,3.22867510984063
11004,1.84932349998623
5792,2.54116982930819
266675,0.491253502857235
148932,1.32762901660826
1580,2.01447988334767
199964,0.479421852822089
8543,1.92947571234826
284612,0.274280721069564
22823,1.91587526030364
126969,1.08217771667219
3321,1.89233415648475
90874,1.11250667276314
55917,1.74389991728062
85369,1.8700644979265
5686,2.51831570825985
163479,0.0921882600032804
128346,2.19285358071985
963,2.52957545938665
1952,2.14776549180603
8515,0.684039276301499
23432,0.524464243542422
223,2.54101414091153
481,1.96876719384304
261726,2.37996360242425
29922,0.771682554148221
57645,2.37066405358124
25874,2.46243995893204
8804,2.61441709006294
55827,2.20712245401492
10223,0.0882619910836516
6258,0.114092234949886
9095,0.841923965904146
7371,1.6298982242319
54499,2.6182553471227
6375,0.74711454769147
6846,0.568772637574255
5451,1.48459310483806
84944,0.0668108416886656
387597,0.105143115389858
1805,1.88259386332736
4259,2.12454625907159
55811,0.0434116529118274
64326,2.38185680184942
81607,2.26121109669602
51506,2.84237576743608
5498,1.76180344725256
2212,2.30785861614513
83540,2.00155784846877
8490,2.46572503672789
6391,2.5888455523499
5202,2.92147962260508
9970,0.258797666843831
27005,2.16822393011301
2165,0.0187326529005272
5546,2.41712049727452
83416,0.226574171312462
51093,2.2820779452933
79590,2.78025148957703
93183,1.84950406384502
844,0.591395528274822
81875,2.18181699650005
1382,3.5679378297552
3068,2.95052268438667
27,1.39428747312016
9213,1.78060767655948
6004,2.96212288963911
26092,2.26779414166974
148753,0.0807316672117631
83872,0.749743839815339
23179,1.539877573795
127018,2.16557243042024
56956,0.002701491548138
58497,2.3430772771671
6097,2.25882365291655
7286,2.40082150754991
10262,2.82210836056279
1893,2.7703421492064
57592,2.08146545508849
80222,2.20380869072424
57530,2.22714229826154
81609,1.81511942699848
9869,1.78022680008313
54507,1.02611908789252
4170,2.74164815398298
1513,2.17415480117621
5993,2.20675501507738
5298,2.27339049109905
8394,2.47418197728452
81611,2.45824154112818
55793,2.20074340076853
8416,2.35214282787289
8991,2.51353578420408
29956,2.49495319231445
2029,2.91082210845293
10500,1.32103630792237
65005,2.22991552223962
405,2.02678258542513
23126,2.34089455088004
54964,1.96145522197132
51686,0.6838690986514
84072,0.0759903776592968
55204,2.23251289405192
126626,1.84397546761968
255928,0.0326656794165476
3756,0.424002167465357
51514,1.80997965620345
8444,1.09998459229153
1939,2.18883818661664
25896,2.00177803106484
79805,0.765229597407517
9015,1.0904570849312
56950,2.27018846496534
55061,2.12861213919016
11221,1.91723631059266
79802,0.917508428549398
7159,1.95216052827717
57198,1.64925508952902
388698,0.0089031710875008
8751,2.65197619886965
10899,2.27592464486992
5872,2.19885644455498
6279,2.22837993960284
7170,2.59765099355001
91181,0.100724249243411
23557,2.43655604691715
11000,2.17322052962641
6278,0.910025238838125
9898,2.64535522138107
27173,0.488565938275109
10456,2.71572156415441
148327,2.56683425770775
1944,2.18268125604794
89872,0.011781879253164
3782,0.422531634310531
25912,2.99785579923336
57459,2.06688439094632
3608,2.89558671508898
6016,2.191276844844
65123,2.20201305126285
5313,0.0256268862991105
57657,1.27576021242113
2312,0.0064279224007442
58,0.25101720338088
128061,1.03981159996537
2590,1.53123419482626
79573,1.54337504321317
51097,2.71698505839703
1130,1.38665085863982
84451,1.08628708348571
9859,1.6706796120585
52,2.4556614701641
116841,1.36295433775147
6726,2.66239811726514
4931,2.22686164676329
163859,1.77368801257265
8560,2.83281468346037
23219,2.30405156924701
375,2.94383488873316
7044,0.132770028068318
29097,2.27881083940947
3707,1.74122119903242
2987,2.39140735905155
8476,1.34894191302262
149111,0.646173886073595
79169,1.55860199071897
129642,1.94837401630512
142,1.67659821886849
5664,0.0916285002418245
29920,2.02022202437126
3930,1.54534060703027
7483,1.47932605266376
2052,2.65150194112635
5972,0.753975253763765
9580,2.08811822810383
55224,2.0981731290877
8497,0.457866380090095
22874,2.26382081267913
5778,1.32596664464236
127833,0.129745813935983
127829,2.74428146148494
130497,0.38260427417016
151449,0.0175101773978301
10130,2.4735621101826
388,3.14270646565942
245973,1.02452263360747
92906,1.91317164571278
130589,2.12646944143711
79823,1.54579305156749
64241,0.0445972313113895
27436,1.97926711569196
805,2.83686129733772
494143,0.970520628930093
6233,2.9556762170027
51057,0.567466474803864
51542,1.96888002935223
55252,1.52019173523121
54465,1.40628348919551
6637,2.60734938895453
84696,0.282866849208038
4211,0.59836137404559
653192,0.0183253569229505
9391,2.47367056062934
84874,1.44375434259624
23020,2.47787584545747
64969,1.87057927910359
79998,0.375978772065176
51002,2.30076929962972
9027,0.651189890232122
23233,1.4995653773142
94097,1.93332380480437
113419,2.36713192805745
165545,0.442740551732152
8446,1.90232095347255
84620,0.600380169927695
4867,0.301344576891026
7851,0.250403717835882
55258,1.34006002172601
5899,2.35378877486062
165257,0.400878202530698
80775,1.78592664000582
284958,0.0256268862991105
11159,1.03683394042191
6574,2.38804365188029
129804,0.869288696897615
84524,1.48755641672278
51601,1.39367251492699
1261,0.267253417044983
151313,1.28741263517255
129530,1.10827602936744
3899,2.24798148611353
23190,2.71090251068362
11249,0.0394476217259577
339745,2.30809763097406
80731,0.219427397119987
2840,0.141249215496993
5433,1.90285468430451
83607,2.01806339689676
114805,0.0673875284399155
8502,2.29667579383441
57282,0.175996668205466
79634,1.74765159285892
80856,1.92325267705945
151126,0.0999854713451175
83879,0.711060803956694
1745,0.0735142061810224
130507,1.96806829458945
493911,1.21002721620698
51454,1.386936697424
165215,1.25468398478838
3329,2.70731167773894
284992,0.532745550639669
151194,1.30172994234631
285175,0.0056012358560772
5746,0.241919706165435
130749,0.539992804306397
65065,0.566157910371272
151050,1.09725310888896
79582,1.26476812162104
26154,2.33168627604183
285362,2.12969472888356
57624,0.0296562306312831
84236,1.54352652801652
57007,2.55742716179658
79054,0.0272409292764164
55502,1.72254572460419
339768,0.122765516475702
51281,1.03398885001018
64708,1.72424552263037
129563,1.03132771432767
151835,0.089572811643912
2177,1.37143004195448
132001,1.28226847986664
9686,1.52072807059388
5868,2.43347697307189
79137,2.43991483555274
58190,2.58156186450782
9125,2.3346534895425
57574,0.0696903035798559
114790,1.72906607370438
29926,2.14738216626859
80852,0.187034573433335
85403,1.83680733722313
152330,0.303068065558585
51143,2.10180396517989
27303,0.721526269950666
339896,0.0037382490083226
114884,1.9306278530062
84892,2.11327039626673
1238,1.65320624005094
729085,1.57827196690318
64651,2.33268175163994
54977,2.45908493822812
3680,1.10961764587019
9389,0.11844029781928
2803,2.37478128517725
10217,1.99182197303948
6769,0.148074401441677
9922,1.94332556726852
23066,0.211088440665768
6161,3.11759096355787
5793,1.41022015874767
54756,1.00518114244546
55164,1.63176774777205
115286,1.44086662298082
9039,2.20182290176815
10550,2.67058141226406
7110,2.02182220710201
26018,2.4156981598907
57408,0.0506962311574882
8994,1.30462694313114
285349,0.395556741989347
64332,2.52361326723564
1295,1.71368542271892
91775,1.66354315228995
22989,0.0211723261778742
90102,1.00847388002563
55347,2.17376279210646
29114,0.0465694896604753
51365,1.2463781008836
285282,1.85373880774646
141,1.45158771086614
152404,0.0274424681999785
64422,2.07983972253449
8856,0.0398448655326076
91653,0.852298543574226
58477,2.45316152970405
66000,0.146155117141967
185,0.784914785129246
116931,0.148771205374627
83939,2.36060676529631
10840,0.359624683372307
114885,1.80202790784798
7220,0.844600131206582
57552,1.65795296443251
653333,0.195625951238843
4026,1.41966228366488
93109,1.28144336175732
9711,0.771084928200238
275,0.0782695646180464
6988,2.29490523704249
90226,0.180195456254561
9730,1.91541515873154
7873,2.61247228244684
285150,1.64064899339661
9515,0.136490482508856
55840,1.14495091147254
286676,1.5258231992903
116211,0.108075957165901
4585,0.0553878071845259
9353,0.83491341595726
8893,2.10495755436066
90113,0.497818697850131
1609,1.92095740256824
81608,1.75354698556495
10861,1.33997470300593
55646,2.11024192727099
1060,1.69070378527613
2044,0.002701491548138
10699,0.301488346876243
57205,1.08732115236871
132299,2.36057218475754
201780,0.101093391034403
345274,0.481577028514767
79966,0.979251551754122
51316,0.580717469759464
58478,2.67215955983136
93587,1.38771544902429
57563,1.67668342487807
6622,0.171098620559228
93627,1.55124504649143
817,1.85965820869917
493856,1.86944952273269
115265,0.237097480606799
287,0.53052530548946
92610,1.89346178782159
166378,1.13200150199256
2169,0.0242120678044732
890,1.83001146904785
57721,1.74971389660962
54532,1.73826654478303
80854,1.95175552274726
92345,1.4233032717162
55016,1.42281932092344
6423,3.07910785627108
6189,2.8943004067795
285533,0.323736240111919
56034,1.27283144427213
84869,1.88762748196568
8001,0.102752494025378
285440,1.57569622551622
83853,0.1761650389354
4726,2.75325869899507
10299,2.34333781567223
85409,1.13531814554023
1016,1.08181506793405
170690,0.230988918716259
6715,1.11981524935542
4651,1.40110467549248
54491,1.69195430591885
6167,2.84449798347342
6502,1.06175051652274
9180,1.83433102899587
10769,2.75334748629055
100132916,0.152072918441974
3001,2.08302149195085
5295,2.0345217743473
1404,0.523823266977307
10184,2.03615120883814
23635,1.48066428374551
635,0.0308612972995617
256006,0.293541314398181
10788,1.90768423260388
1393,0.410038851033195
5921,1.89706269701368
167410,0.0908815660467812
54826,1.29191645096155
23262,1.57112768567684
5066,2.14328353649455
55814,1.67213072859135
2966,0.676597082679028
64924,2.09078561086774
689,2.89367081986455
64839,1.64598414746319
83890,0.2349100619558
85480,0.130636446855533
25816,1.30426187521595
56929,1.97769189671568
51397,2.16277143037481
9140,1.93396410089541
84466,0.191341719148878
171019,0.385702235343055
81555,2.17866943814299
23092,0.831720005384354
9547,2.48156156894747
153328,0.0064279224007442
9879,2.06037620915708
91937,1.39187465197433
153830,1.77714491692028
114898,0.396954091664817
2561,0.0822431961241168
81545,1.66982975918375
84651,0.0175101773978301
78991,1.58755701154563
2741,0.0221867865316464
10318,2.26912339362121
10146,2.14217515748139
91975,0.450578358823158
23138,1.99474110216376
55651,2.36931471267506
64777,2.08066922177084
91272,2.32542658486832
57451,0.236004524282617
3779,0.889954276061159
26240,1.24796835909589
340156,0.655549214507596
222826,0.106610837745808
51256,1.45181625191718
10667,1.47437328544247
54438,0.716192133204396
54901,1.5577023644286
84249,0.107709920892978
26045,0.159152400353361
153527,2.70212654768328
2676,0.115725449015596
26249,0.82569807776644
51473,0.347395940622977
81786,0.13099242943963
90933,1.47787579546283
192286,2.83206155445088
54540,2.19661095098405
7941,1.21586087237889
27242,1.92546390438637
22838,2.0147552993051
4594,2.19329729953583
79930,1.62923656857612
29777,2.08618620521351
170954,2.36784017663779
23500,0.680798626279657
5558,1.50472263121008
90523,0.0546076972506679
54511,0.12742563422007
51557,0.018529029376588
221472,0.728891896807043
222663,0.287124863528203
50636,0.331934259048962
401262,0.195790274699503
84630,0.076750799447613
202500,0.0348658102965977
285855,2.34365650357231
4794,2.03442675294787
51302,0.293396070191022
7162,2.4945894265483
134728,0.828510727387866
55023,1.98829752219593
167681,0.105143115389858
253714,0.491365270550372
84553,0.959442736709559
2569,0.0072538062085478
10957,2.48264649280762
135293,0.866455967126436
57038,2.10344823926202
256380,0.368504758920631
221322,0.726978196728984
2830,0.817812738674301
154214,0.887836700768591
84870,0.610388067472804
93663,2.09653989774477
58527,2.60042850968571
116843,1.2214917916284
113115,1.40299626964111
154091,0.118982195114986
257218,0.558866636920037
51390,1.80349452639443
6993,2.60605015062512
26230,0.484064605530231
57583,2.19582251404788
154197,0.197923429313899
9589,2.27357149982744
9202,2.09645955008354
7432,0.113001624972295
79624,2.66700769300285
6581,0.482934935387062
221806,0.205101591371193
2768,1.97429268846976
84310,1.96955635501321
221935,0.290777040522898
221960,1.2163621393178
79034,2.07460448181862
57786,1.7582438518872
9586,0.584065575305349
1956,1.02502198321448
84847,0.0447946653885956
113130,1.73993100540071
3486,2.48903136031116
5814,2.03051605549684
644907,1.85101200686656
3484,0.13807980370917
136853,0.590325216553564
4191,2.63705931496734
22932,1.51310416207488
2631,2.16549791585563
908,2.77863069326725
5723,1.7676483764261
135892,0.0217811482126814
168374,1.73383408414812
222255,1.10248450330066
64418,1.76426497696666
142685,0.0056012358560772
55262,1.96825196562872
56996,1.8580979468288
64599,2.15551648701017
89122,1.74474048686574
56257,2.49940932108077
7455,0.0213753154909553
84928,2.01468646404865
340351,0.502566537484084
92092,1.29622820807132
55281,1.85116344453764
11011,1.92636853282027
2041,1.44088997782151
64434,1.55750017283274
54892,1.61895391820461
57502,0.19595456459155
357,1.25518433094833
401409,1.60633741537205
51631,2.11577881331308
27147,0.722652343335787
57393,0.815651803164084
30011,1.94212688725648
83604,1.61542597937556
347404,0.0590834488965626
94122,0.0964672461846826
8573,1.41108809233449
7403,1.29579550294348
54466,0.106610837745808
4478,2.66017689936532
85417,0.23240275903509
55869,0.659969281123268
6567,2.01720643711819
79742,1.64067974587282
7712,0.0927476423604853
7569,1.55315992970509
56548,1.18873685537927
55634,1.77846362525016
54539,2.87159704128774
7592,1.53523837375297
347517,0.455757888579168
9203,1.95282236285152
6872,1.73741335728037
84636,0.872172827612474
4841,2.56126318365937
90060,1.82455834019276
2846,0.346582745136319
10682,2.3316812278033
158835,0.0540221383132408
8473,2.50701611008003
29934,2.4056610280101
26548,0.669507732771458
3561,1.85736219785852
93953,0.687518596663968
7552,1.43577269610525
1730,1.12845639531847
56000,0.0809207585101274
5631,2.04024966824613
55086,0.208666729285406
84443,0.0716044446446561
139818,1.40183692492415
3547,0.0858221088259321
158763,0.211571905145257
2719,1.71346324757716
27316,2.60865050732003
79648,1.55107735989752
9258,1.84302106445772
26260,1.517241195886
89885,1.70841465776766
4103,0.0348658102965977
50814,2.29886723217461
7739,1.82222103817728
1069,2.66378642570137
6134,3.0566913562049
55790,1.07041386803652
526,2.16946647618209
55246,1.85528756989633
79618,1.08884642631221
8973,0.62490515211178
2796,0.975904097553001
55909,1.08624208237892
9046,1.54481221235549
51312,1.55904200225228
91782,1.88985427876721
80005,1.43522974126414
6770,0.076560759028747
11212,2.03900781178899
11160,1.83575769215122
137902,0.246866911925363
9705,0.0814877748095437
8601,0.096838290181438
6867,1.80823135632746
51125,1.30304316996567
84513,2.00894192585904
84296,0.600188153008246
54904,1.5441130782143
85479,0.17481709113341
84675,2.52921160171684
137872,1.21650527497493
28957,1.32925712941806
51110,2.06233794866933
7013,1.36251871753657
6129,3.11620373980139
115111,0.436506521386408
245972,0.569174051829746
55638,1.58141075151041
1807,0.156741932338775
92140,2.60093975028474
29967,0.919113102021159
9166,2.71581897454679
340419,0.0062213260747212
5440,2.72496473665914
114569,2.77332233708466
8667,2.80240367698694
84294,2.06460172055727
4715,2.93102120638694
83940,2.75016473433829
84985,1.8268023528239
56169,0.290922772964898
51059,0.0886367224100169
7553,1.42619726645926
80728,1.41895532229603
55630,1.4449140446693
93100,2.09127498658926
7436,1.24440924349085
50808,2.33526811760244
115426,1.8222717678017
4781,2.19537442647536
9350,0.0219839916622789
123,2.03639944669117
3442,0.0272409292764164
54801,1.6196466213188
1030,1.64525406724603
1029,1.44475184827784
203228,1.17787516917781
84186,2.09209932269796
26267,0.835455404821541
10280,2.73868117769558
220869,0.920772863058071
84131,1.0351187010727
4915,1.08117989098095
414328,1.27247633711263
53358,0.190515208049421
549,1.66440493207665
84641,2.30335808296045
84909,1.16011122099456
54886,0.163097007540298
58499,0.617262711596904
58493,1.93524159063449
7357,2.6506891745792
401548,1.43385793726457
2040,3.01449231370067
2934,2.59459732936282
92399,1.76865131226448
2649,1.22944745884321
286204,0.0820544050747075
392391,0.054997842915243
210,2.38159597915077
23245,0.965034257923017
114987,0.956934978356435
54107,2.47289938523177
6836,2.78924335143349
26301,0.967509208598095
6834,2.50072463122517
6835,2.46546945546235
6838,2.09332221260269
6837,1.5840597049894
57109,2.0753979937617
6130,3.33776821493129
9328,2.27402057785133
140459,1.93953616591928
80142,1.97362457614859
28989,1.65490827621692
25792,2.17862158894447
114789,1.60060296795612
56904,2.46836792256451
84895,1.76278508028912
9536,3.03307768516561
3934,2.02928972083273
90678,1.77958750823178
256158,0.0807316672117631
57720,2.14721651106695
286257,2.61065598423792
91734,0.0394476217259577
56623,1.29666056278082
392399,0.0481439722271771
9919,2.22710073488342
92715,2.10724149244652
4851,1.50398334629759
774,0.0508922379282558
138151,1.61864750823397
254427,1.38825987226927
9712,1.35370095892086
23412,1.87102129191628
22921,2.41963292701021
23590,1.6191795637456
221061,1.3669395515864
80013,1.83088692642979
653567,0.0575293748341413
6251,2.33177965415331
338596,0.961108908350755
56288,1.72940657521485
91074,2.37702996755643
6935,1.6042119308915
220965,0.356284569791138
29982,2.16954833761282
29974,0.0056012358560772
92211,0.13401205762286
11128,1.66696592800756
26091,1.7410125699873
83938,0.902999963087697
818,1.91409649542409
2746,2.67538222174253
27063,0.0445972313113895
3363,0.337991763416061
10556,1.93936132348992
118924,1.58292875947157
120,1.61005016544325
3026,0.0074601518934053
54788,2.21419916160795
1979,2.37077344779764
64106,0.0262325134658017
79949,2.48922811241032
6934,1.85014015886098
4288,2.06250876340768
1586,0.0548027927666294
9118,0.0725598717535938
282969,1.32946028985142
80313,1.13083612265708
92170,1.41412653208581
196743,0.433248904925086
9446,2.75039110707925
6877,1.27998042660918
23082,2.0348244947741
85450,1.64204613690226
54805,0.641935777035929
22984,1.9333160840703
8038,1.7785986474971
6001,2.78717655482221
84280,2.0509037622377
133,1.15294249001947
2620,0.253313542763282
159963,0.0035309985040075
55327,2.08062202214169
57689,0.230674390413359
196294,1.091706748673
6291,0.157948059098281
27315,2.35827683088108
64852,1.64657647668449
7356,0.0455839386189831
90019,0.779476654098947
7761,0.0999854713451175
7762,0.131348257581024
51144,1.58716011872427
51074,1.89202607322565
25891,1.00770375673765
8525,1.99748107444105
10480,2.313501640904
85456,2.40182135608371
10249,0.677628420955503
710,2.56073320013441
6749,2.38964074214254
8501,1.17936875465122
5795,1.74386333384433
79096,1.53907564002172
84364,2.26900721959944
10658,2.26257618402016
51501,1.92314971345051
60494,0.21173299509511
143686,2.05211242744513
23052,2.43071420843094
79780,0.628971717781152
283212,1.24338807602976
26011,0.366525650505565
871,2.4436953154102
726,0.682506148172746
92105,1.50328409955139
5058,1.92033564099571
6188,3.04969376436938
85463,0.383379953010772
54970,1.70834853866692
4684,0.129210969736922
1813,0.230831670108437
91894,0.0443997508881444
9177,0.0113712320035829
4863,1.44391686294521
472,1.41145960989824
60496,2.06992597711635
89944,1.63057464625589
128710,1.66102141779501
55004,2.5921401683597
283208,1.02636814954532
2900,0.153632232210088
6768,2.68565029736583
10525,2.30721130916608
92086,0.0814877748095437
80332,0.613786740004145
57325,1.76651581971656
26007,1.87238939492538
9219,2.63733196544382
51524,1.92297540657369
3992,1.84712187996609
117532,0.0949814066654706
6094,1.63230049985536
256364,2.08121943589843
3619,1.74180972957564
22917,0.787033742071556
932,0.0130126308322217
9651,0.94389858728766
79869,2.33268175163994
2206,0.969153637819686
26229,2.50673972486679
9538,2.75715332153697
80071,1.12429957690551
1111,1.45482320408711
9638,0.30378506014156
90952,2.14980147538552
84623,0.0326656794165476
10205,2.03825013543026
6327,0.123484180058323
51092,2.06281713240431
84866,2.49865568581951
6876,2.34280677412578
57158,0.350235349609813
128853,0.508267041833569
149951,2.5391061185761
128864,0.445719167761211
85449,0.66357268451122
128497,0.652616372357401
128506,0.0128076294222381
79980,2.03278980658984
140710,2.16704292151566
140894,0.112455778548313
64405,0.0164900995891271
149986,2.52826024209057
54915,2.49027474292464
81928,1.74497166260524
220064,1.47450426132741
170589,0.135606191401068
114571,0.0227948798627598
83707,2.3875214550104
84304,1.54695988445058
83706,2.06061991881239
5331,2.22682004904627
740,2.41968060168622
10435,0.0126025784990239
2197,3.05795029014774
7108,2.56573946592725
738,1.88177808715026
6911,0.949971365570828
5531,2.77007790197178
226,1.62208693345716
83723,0.440468788138026
8448,0.802960621147463
8479,2.05050569063871
9344,2.02422816356694
124446,2.70164945898397
8091,0.0179178651438874
4314,1.70948441077768
22866,0.0254249141756302
51348,0.52435745359763
51267,1.04798412235173
283078,2.43583170205874
143098,1.89206031630906
3688,2.17776317622718
53828,0.0633423431029015
121981,0.144231310383213
1489,0.828510727387866
51503,2.57614744898131
2209,1.55539964552988
84159,1.83869393490471
1006,0.0548027927666294
55208,1.79572114561154
55002,1.5154180308443
219854,1.57266139538886
114609,1.33145868375112
221143,2.10110053080121
26524,1.89221437425903
10284,2.79890220384508
23284,0.051284114267885
57536,0.733889550492573
220108,0.479421852822089
4253,1.65173796424857
3176,2.05131276408571
116372,0.297308198412834
130576,1.7416749283323
27250,3.03791769870377
150,1.96757336381092
2823,0.0154687933557568
116966,0.0771307503330335
132851,0.0111658338983268
7424,1.69788399598061
79839,0.89163083663404
10666,0.395810998135124
84735,0.0189362275154237
161835,1.15214034243051
1740,0.5031166083305
220047,0.410786839610258
64407,0.633106284562375
11098,1.94451310283205
54545,1.95437694469574
151242,0.059471517423572
341032,0.182537284435833
22948,2.45496459857148
134145,1.9719352484539
1793,2.23154334646411
85458,1.30762922779191
1737,2.09549902772495
120379,0.469932252147166
55216,1.95206483746951
26521,2.58986679241418
3606,1.71059105392695
56158,0.171437369631719
5805,2.04596618284617
5305,1.94616815687286
130813,0.965585111354795
341640,0.970192829468116
2308,1.50076673557244
51232,2.00020157948038
9871,1.9425042241948
23457,1.819380529142
196383,1.6953173562789
57647,1.49533716135445
7316,3.08262707111739
3708,1.05018924576599
84076,0.0203598820990786
339105,0.190515208049421
23657,0.147900107438903
25819,1.69309183682837
219670,0.0583067721494003
57512,0.449277796258293
119180,1.61850229557408
93589,1.05911704509977
196513,1.79398862690945
775,0.827825841937226
3742,0.0316637209677261
7068,1.27838575209195
55768,1.66683532029221
54995,1.90120115293176
55293,1.90335441362155
144110,1.94068212288184
121053,0.655637894175622
90488,2.26382702416105
121551,1.14588500982609
89910,1.78803355750624
288,1.50076673557244
253430,1.8076329647855
144715,0.322478006015617
196463,2.66802862172156
9231,1.93056566072371
4143,0.249789755946185
114134,0.904156053453902
283464,1.6033456650986
5756,2.41902776792481
22982,1.5861058570943
1977,1.53471798076979
9223,1.85440595952069
93081,1.50535833825908
1456,1.95820759871716
119385,0.0179178651438874
153443,1.60194289103111
9472,0.235379301880427
64067,0.31502659089811
283635,2.05016414764077
51562,1.79143108384383
145282,0.665760652207771
2132,1.9860107747019
129787,1.79595881376456
65987,0.214948001224658
7069,2.3949376343001
4718,2.10449608603784
10873,1.46208294136809
343930,0.0400434172142254
81792,1.23646210449957
80224,1.1512566694509
140609,2.30229297218265
2241,0.833148801182599
63894,1.89175202397649
57182,1.67784628768507
26019,2.08179496683998
8872,2.35740478009314
132320,1.18238209738664
83643,1.5676854866674
132321,1.09018895074457
55691,1.02227039247151
83447,0.0296562306312831
5800,0.32527130384366
2059,1.65696012100087
27034,1.78549514590955
29087,2.2578828471399
112936,2.21017895262361
23310,1.67165711621965
143187,1.42344836649863
5860,2.20020050586844
57700,1.96523871432692
121601,0.185871014488197
374618,0.726738600424437
79691,1.56125419495208
166785,1.13647444294413
152485,1.05807924304203
1909,1.69062120989074
4306,1.18123969535242
1646,0.917151273930956
10570,0.268304027618806
27287,0.487106039578701
101,1.99304925590874
3698,0.222293796243955
22944,1.46469470638182
5281,1.01985863374156
150709,0.597687153268959
3628,1.69133635533373
54842,2.22889716674027
9781,1.19643168207452
8853,1.06128111526695
6868,1.37638589044501
2313,1.58745350673629
3758,0.0459782976541651
120224,1.5744562612607
80014,1.49567175290116
79682,2.18774837629545
2180,2.28827731299396
291,2.10319689635814
196394,1.10121396506978
636,1.00046812672576
60485,1.76125322215084
160857,0.973299853157147
387923,1.57244768875725
51594,1.61717713687428
79750,0.382992212843125
6999,0.960887013101694
60558,2.01912259999861
341880,0.311344797199496
2555,0.0207662015448037
26278,1.30099556753672
729665,0.284925336627511
5042,1.24488513556834
55835,1.28293399737038
26272,1.77697555703727
64417,1.92739651686006
56477,2.8713692755906
79668,1.10016037651923
2674,2.50696911455848
143384,1.93035568964916
667,1.7192423862137
221336,0.243623794793028
7073,2.33931607618836
9531,2.44616108964886
144423,0.103672781969985
121256,0.0072538062085478
79232,0.552733154697423
29970,0.182704298338963
84539,0.0072538062085478
23704,2.55878656237199
130340,1.55847357708675
9910,1.49542083073637
91409,0.517813257192169
148534,0.573475000765355
80097,2.19093061384671
112714,0.260920128573069
460,0.0434116529118274
130074,2.20724729376144
5784,1.39625548396809
4249,1.53970584394821
81615,0.272044786889505
253635,1.37260669848011
26353,2.68669460265344
79833,1.84537896401626
130733,0.726978196728984
5457,0.0060146795562324
79596,1.48083669374478
57105,0.314178497218857
115761,1.42467999021737
6014,0.0392489295621294
26040,1.13956019087625
120534,1.81537734963001
57724,1.53764026514189
9050,2.24095648446606
498,2.7144646355607
115106,2.47475925055783
147339,1.79637980701948
57405,1.86685282619769
5163,0.837146189986857
5140,0.777481235965454
83439,1.75263969717468
10618,2.45874149408233
284948,0.0561671921294347
56659,1.81675711759939
127933,2.46708282543719
83734,1.22745176060194
134359,1.78239548460737
6695,1.65301174186528
167555,1.03354615092959
117143,2.0661377944848
2977,0.551397269653807
143884,1.65650000800066
133746,1.68548536763461
9456,1.37997959990908
7518,1.36240975527292
66037,0.0338664618273812
284306,1.04039561934162
374928,0.936381561114491
284309,1.861369518747
10172,1.69295493881079
79723,1.32250849156798
64421,1.43496985942295
10557,2.01779037371174
9397,1.33712276623374
284312,0.782935805225388
116412,0.769738290878069
219333,1.90742888880514
152137,2.03127749659259
814,0.39198813486556
55521,1.00595449263939
678,2.31991068841428
255967,2.33972250309493
130271,0.578245490968259
5213,1.65784933632469
114908,2.68031484066908
2893,0.0801641354811421
285313,0.357756019075858
79925,0.890824159535635
8404,2.80192352017085
1834,0.025020825205399
1758,0.0955389086838045
56955,0.0639214260144302
4154,2.22961996345574
133686,1.79725284218072
23171,2.42231214124064
2697,2.22169602074207
10309,1.26450600150375
54514,0.0211723261778742
165530,0.860687360265299
55676,1.87557578023679
53918,1.66581818868513
25780,1.14299654119849
51128,2.2118093666799
347732,0.709669455412938
160897,1.33411144528336
200132,0.487218442959853
79819,0.569073719501765
118932,0.946914063425701
10160,1.31704079797404
24138,2.22136504822365
387700,0.100539616582576
53354,0.188528114923824
56978,0.357221274357151
651,0.0177140457770852
9987,2.73882460959484
3087,1.49769531915002
7402,1.90122625726825
2911,0.0109603861112779
5796,1.56147302410705
9453,2.21388244474985
51351,1.76981270754306
25859,0.0542173700425294
115827,0.157775864700324
153562,2.02912711223365
5884,2.02004929269417
9412,1.94906452290671
5352,1.98919504948288
55351,0.229572561199067
152789,0.114092234949886
7545,0.0197500372972908
166647,1.66861702386186
1360,0.0778901327798074
285672,1.77108547548068
55203,0.510665397829941
10283,1.99419339093531
3140,1.34492851394163
6728,1.29486709535315
64946,1.85884166827206
9425,2.11897374778794
23589,1.70087995347278
146279,0.359624683372307
55024,0.271298058420817
51061,2.19332023503814
1601,1.97901990781909
130013,0.227838027674123
55289,0.514897646423186
10018,1.63225351722657
64682,0.967344522545387
60592,2.35515195624948
1047,1.36257319008318
1070,2.0132945690362
8467,2.3112077728602
221711,0.469471814033847
654,0.879168312035251
653489,0.0637284429094406
283349,2.21384643564325
3192,2.62942827595101
5903,2.06297672262746
25909,2.27086114668058
10461,1.59601814977569
84910,2.37574070263122
343170,0.055972413796195
5801,0.10219982932161
4929,2.29033624919586
130940,0.701758282812642
22925,0.798746418855929
5937,1.6436987498786
6328,0.0681558255976688
10225,1.37543040290757
9481,0.750438095853752
266977,0.155015787587957
221393,0.400499341583719
79981,0.252854808413677
51571,2.5282827409398
50807,2.22979183128063
22878,1.78355355229152
153643,0.0109603861112779
84791,1.39138556862258
125476,1.68529040046704
79888,2.34261899321758
153478,0.155534015426354
57407,2.38527899285558
124402,1.72979719478059
146556,0.797742438358233
26175,1.70110854182233
3621,1.81348567835218
121793,0.45022388625431
113622,0.668464091364432
112616,1.78516292944964
25827,1.09344289482288
7342,2.33608828352809
64795,2.25687280043965
925,2.02225800594039
22934,2.22053267707028
5789,0.256669477556136
286343,2.44667801263245
154043,0.602393188728104
2960,2.49192696711344
10428,2.24931392018735
55625,2.38211094855614
339145,0.109721115265514
136895,0.724578381327081
9407,0.032865928486596
221895,1.49754956918971
80790,1.74855732062277
80309,0.022997480615535
3773,0.0422244019181622
55022,0.757112162478895
9320,2.05972738267848
130888,0.846267094129632
1054,2.33127711158736
79047,1.92839839295393
148103,0.956376307135722
255231,1.36472028963744
163175,0.663835608606399
23576,2.10087732673015
140890,2.20032788213249
1105,1.98519367392994
162282,0.0142416006900836
8526,1.47757221614126
9653,1.73668249270826
124540,1.79014103351995
781,0.638853672695388
221302,1.8695581150899
9955,0.512187509154126
284161,0.67694103483976
116150,1.87318833002914
223117,0.286978420763493
5529,1.95480849182157
10750,0.31502659089811
125206,0.041431969987866
26289,0.466587534615047
26256,1.58399018707263
55364,1.9889875987256
147463,0.732861333732337
135154,2.0161667942168
83539,0.163781075656825
7070,2.02211688665988
123872,1.28659539480646
404550,2.13635613608726
219899,1.63983329686757
57338,0.10953848174189
56172,1.71252102708194
90268,1.42201978627407
84959,0.708357330432889
54538,1.49590165166519
64221,0.551294405894795
84897,1.69239321637095
4900,1.48572511361697
54463,2.09853784974529
2838,0.308927984840544
9868,2.38800351393066
25890,0.946289419057401
284,0.550779865237362
26207,1.87545094262301
200014,1.92923396067538
204219,0.0262325134658017
5578,0.464735652715594
79705,1.11990018368193
201134,0.659793021854284
64090,0.613598356903505
10350,0.883454525408925
23460,0.541975663969047
10349,0.897494672231061
23461,1.70811042794963
5169,0.308215722939551
55286,0.810112207401551
7345,1.14568207526472
375056,2.13474304876824
84976,0.992354917939466
23043,0.685144397911317
157739,0.124919624893862
83648,0.258797666843831
252969,1.83459705499518
5239,0.761448763700466
89780,0.445956941528477
84033,0.289610200734943
91694,1.55871203188111
81559,1.39752936493491
55740,1.70336121619361
126731,1.22696047915783
57630,1.79893990924415
115362,1.54707265241396
9184,2.46452058420966
2849,0.0078726930921942
129881,0.315591471328346
118856,0.275173314366359
118611,0.0865736051467432
388650,1.83457735520541
518,2.68625288279589
728577,0.0733234266047182
728239,0.0056012358560772
135295,0.0694986479199568
27295,1.90565346549763
8470,1.79553740155155
6921,2.27018846496534
23643,2.25982783031422
1525,0.662871061757072
10950,1.80096194803314
54149,1.61227996837516
140578,0.167873423712719
4685,1.49403844983398
91133,0.412529253561472
5137,0.252089658826228
27342,0.456344184062156
54148,2.49824219386472
58494,1.48821486363202
522,2.58814871073875
2551,1.85218419560405
9510,2.07758326474458
11096,0.875934530523565
80746,1.41227599203859
146857,1.16582073204455
7476,0.0179178651438874
7508,1.61352136920195
51244,2.04034907304797
152273,1.51694114686255
201163,1.35336840549455
285381,1.77579947954267
92106,1.29113725182365
23228,1.05542930687356
30827,2.07225119279186
220134,1.66871820999463
9989,1.98427320663659
147495,1.43034040248949
63895,0.381957268108786
65258,1.19095157066081
124739,1.32071187594479
51560,0.57715508338035
146956,0.97368033101323
2047,0.377933461666197
84532,2.13389302234225
91369,1.83395633328901
7566,1.38003226184285
81552,1.94905710456222
346288,0.0070474104382352
139322,1.63940177374127
27123,0.556113083105224
113612,1.11052471709072
222967,0.0530452976713926
80028,0.925960682577688
129684,0.0049806933258769
150696,2.43841049259894
221264,1.01895171745899
7071,2.41205459509414
5799,1.32622947341486
51582,3.00801551698086
528,2.79625403971702
55529,2.06582126224542
51633,2.01058396467237
23097,1.73041391493286
112495,2.79723075671983
158219,1.93057343529307
55326,2.21583923087034
64210,2.1881947980472
55361,2.05540633406831
83742,2.37378355490336
118813,2.08498579773083
401647,1.22046256357259
27201,0.0499117462968908
152992,1.21233922307767
81894,2.43182122627263
6782,1.82173372032245
64092,1.5948139132344
29761,1.83585590231444
65983,1.57221606382118
54819,1.98547749210988
388272,1.1921117260681
4343,2.4599894111366
389,2.774930049523
333926,1.56103526466197
1622,2.78739820726841
6566,1.32159622140006
55027,2.11265136290717
378108,0.0540221383132408
84365,2.22193524747314
5018,2.59413091829567
9056,1.83794227924342
9947,0.0128076294222381
23367,2.62150920801499
9337,2.21657952610187
2890,0.0696903035798559
136332,0.458567876182306
133383,1.68232759832827
166968,1.84123166240996
23165,1.98697420956491
342357,0.932791847509734
138241,0.993039571098741
118788,1.78885803486274
129831,1.59350438561512
7273,0.203638544304087
11326,2.14236086434765
9601,2.82198845830129
79831,1.18888728316779
255762,0.09665278895269
146183,0.0561671921294347
130535,1.6424139022673
285172,1.23251437288224
130540,0.272194047426621
151254,0.19595456459155
65062,1.37356742653805
8324,1.65759756925132
200162,0.0193432301006561
64798,2.22881101691267
56776,0.0548027927666294
56254,1.97716769529344
133522,0.554476325393124
9844,1.50593181160109
1836,1.6291892709243
134353,0.815302591086775
9443,1.72117342237572
158297,0.0831865093464727
10670,2.74348101064546
25769,0.357756019075858
92370,1.24779940295587
114,0.0183253569229505
5922,1.82553591847823
55005,2.52474485876024
154064,0.0396462670429822
6503,1.65801216984379
51643,1.66462376650666
7411,2.4803214477544
116442,0.556215256100082
1193,1.83954157190225
2334,0.043016088629042
286097,0.418719323364267
23426,0.892807974502387
137492,1.74536073315613
3798,0.074848442848116
10,0.95766049314131
4107,0.0340664262320136
23362,1.50756658726794
138199,1.56389163258139
90550,1.95733698431316
91748,1.96531699930866
118491,1.06874701639661
9630,1.13984734516647
145483,1.18382580632223
2776,2.09162632045159
11197,0.143004706485185
7363,0.0320646470462866
83873,0.116087946291009
4325,0.815372448514966
132,2.04262231950836
3778,0.368109348476464
10538,2.37355796440684
1633,1.92772553648836
9508,0.233500677344822
286148,1.83346279741822
137682,1.94324275714417
128338,2.40253384858498
157657,1.36828810469312
5470,0.0428182367483027
161502,0.117174481993116
57188,0.430462621278168
419,0.0487336436053482
9154,0.59787985366893
123720,1.75986870058404
10563,1.59236192861886
29104,1.68439803699988
10069,1.92813251636255
10600,2.17228375488432
10694,2.79589127851876
56911,1.10493010362003
571,1.46698260794492
9073,0.805518705065985
7102,1.45247842861284
7074,0.979951113116966
57466,2.11756938425376
6103,1.23473414136096
23552,1.12332952909679
84108,1.64069512133385
122416,1.43887746984301
119392,1.56541282980047
22986,0.0049806933258769
118980,1.63447209380099
9556,2.48140470127165
2528,0.243778530403275
122402,0.107709920892978
8817,0.78102447866674
5097,1.6502799793636
153769,0.180362955010794
392255,0.129567571269748
7381,2.46927715468493
51001,2.51358034071731
9791,2.40352014792817
5521,0.126710411468181
6156,2.80835131209725
3788,0.0491265280900879
159091,0.381050530862117
6832,1.93416446251208
159090,2.08792291397072
1915,3.22917130610751
286151,0.540828359826662
80201,0.0128076294222381
3098,2.38866829228477
219743,2.14860474500518
84295,1.68058549872087
135228,1.16102072340491
57497,0.258190198389683
4838,0.197759541309304
9246,2.76994945320747
25921,2.51204898325052
219541,2.10449117363993
60685,2.40465752302113
27020,2.47160000151439
23522,1.35392254323801
142891,1.78063007047355
80223,1.6452083983401
137970,0.0024939884663487
219970,0.652438223159716
10813,1.93304576339586
9131,1.86587707926942
5603,2.26974026938874
9530,1.60464445847062
931,0.581703851321792
3532,0.143530619363282
93594,1.57064514123173
55093,2.32736898309754
29028,2.57939734108354
114907,2.31487660213966
286053,2.79653085948922
115509,1.57995794555492
78994,2.22505090972854
64319,2.4180324832491
391059,0.751131628976486
5261,1.92184054575576
64645,0.071221967357895
163786,1.30904863811826
3681,0.153459122424876
139378,0.0053944386314874
115416,1.68587504687447
23355,1.75632857780911
2585,1.32268487801427
375323,0.0252228938178094
93010,0.758027487986426
255027,2.1876939900579
701,1.51764097179351
5147,1.74883469832739
1974,2.79573696862607
7862,1.73164475110491
285367,1.87847193739041
9797,1.94571202774183
51738,0.453643368845295
6396,2.44319620753286
9941,1.05647177112289
123803,1.85539061367435
81626,0.0091091168566818
23057,0.340592829709099
9372,1.47051577405999
491,0.0132175827499873
131375,0.0520673186640733
6529,0.217990328581639
23049,1.73325966496252
115548,2.02481965021369
11030,1.69344757473949
134285,0.194474746081945
131377,0.0109603861112779
7079,1.55072316074025
6854,0.32763768800991
3084,0.124740331349873
54953,2.23714797320739
1376,1.01082947070262
55707,2.07625880072987
7804,0.812431954833079
200008,0.0084911297831118
22976,1.29113725182365
261729,0.889456661258993
23648,2.28370237805436
9069,1.69791107705743
4323,2.76465787889112
8321,1.64913436215188
57798,1.98149172241262
203328,2.79231716987381
146456,0.48901455231858
348174,0.0219839916622789
10901,1.40354980730803
93190,0.0066344685557293
283971,0.0109603861112779
221481,0.189356665990483
11269,1.60603910679892
6483,1.10840599934299
197258,1.76839791759188
146433,0.886712752262533
115817,1.67795957643336
776,1.3742868005298
415,0.34141239336192
3815,1.58555185104974
54768,0.0290530521054448
132949,1.56987562387392
7567,0.66994211535417
55799,0.636213955885564
54778,1.66382085425785
9133,2.1420291768316
145773,0.360290956906896
4643,1.60947457700838
26060,2.10307855704001
139221,0.267253417044983
134265,1.3148974529245
1831,2.55574035388055
10311,1.62580273797728
1859,1.75794883909272
3763,0.002701491548138
3772,0.241764607210111
2078,1.32914100251495
2114,2.25603776604848
90139,1.50208894293837
150082,0.708357330432889
347734,2.39692093629046
84187,1.87233547776397
4599,2.61318214440635
90993,2.43389769558047
25966,1.61095321826972
257397,1.54143939011661
124565,2.24490984250897
257169,0.508812818661687
445815,1.63532852123426
114991,1.56660463220095
9162,0.172790951267048
203197,2.30726031016667
136306,0.498704362578854
79856,1.12543624272744
254048,1.57705642257942
673,1.08606204324943
10568,0.658204655273234
176,0.431796490909664
84262,2.37859929653962
9478,0.298752165359228
57728,1.64522362181765
84255,1.85239181664973
10239,1.41817407809558
114793,1.86738986072485
150946,0.466934245036967
121665,2.1618815853913
56896,0.165147485552476
92749,0.140545962298171
9364,1.94512800851133
127281,2.5391061185761
8764,2.26338261118452
55229,1.74510544494556
130106,0.144231310383213
84465,0.0897599029245919
64897,1.30505253926862
5192,1.91640734753873
11079,2.69252748762983
55698,0.36678982893385
6497,2.41372141952485
26100,2.09622845169696
26119,2.06633957871932
116987,1.1760314421278
200634,2.38026044152082
100310846,0.853155566589931
5051,1.88087267546368
2134,0.68539917200222
7780,0.352526234460745
9577,2.05944420525923
84676,0.686841097182502
144406,0.547581434193601
63875,2.46773907907541
1844,2.19068419441699
57822,1.51758102647987
91544,1.7484366662205
138639,1.03024013701879
79623,0.426812627823855
4690,1.6882336837048
3242,0.206237674414799
114822,2.23679471015745
127262,2.58235627695195
254050,0.40490756942491
195827,1.77217178808674
7498,0.527554302624864
55113,1.41545474883036
26504,2.30392784048238
2140,1.65047565121949
199221,0.590422584710163
11013,0.865487378057667
2176,0.610388067472804
22808,1.53010623573429
10163,2.3054040210912
171586,2.06097411982425
83850,0.670202612956816
55179,1.89231704691369
115572,2.21764957927444
64084,1.07423895612198
81035,1.61198546365618
388591,1.85083210232873
8450,2.15051066447921
387509,1.15653818822761
64849,1.48476414153068
114928,1.21147335115673
54933,0.92041757137567
26053,1.52531217038232
57477,0.934531398808297
3017,2.54161111934848
995,1.37492540293049
8365,1.8917348897222
129531,1.69071754635282
9669,2.70127590728777
158787,1.14972708042283
286527,0.0575293748341413
375307,0.0818655711838594
55571,2.45804670303958
3745,0.220065264966587
340348,1.72906607370438
9542,0.227680155268206
23382,1.59095988254252
9334,2.7714495056453
912,0.572277352164526
909,0.212698854390062
9825,2.58295306771843
911,0.670028958879094
55199,1.34133813708814
910,0.1272468869287
55567,0.0144462560950847
913,0.508594557135995
653361,1.01950610699071
93979,0.0876995769262763
90121,2.27012447403941
55607,1.18575758754894
124245,1.8758520702353
130617,2.07736108804102
81544,1.77242296294475
1780,0.310918847596584
5207,1.28432574586588
212,0.0264342928541542
222068,2.69679359940887
84919,2.48837355896913
26958,2.16968336716492
56946,1.33503101319646
90737,0.102752494025378
137964,1.94739930227127
168507,0.144231310383213
9753,0.797527099085178
8407,3.09010105626504
2005,1.90383689483117
56833,0.872236771119777
85414,0.876760393848101
54935,2.51801420000179
115992,1.56028648862455
4681,2.29725169628299
50848,2.58966646750579
7391,2.58093350698595
64600,0.0084911297831118
124044,1.79965782397818
4817,2.03555358310774
9191,2.27580184166168
92822,1.64642467087046
10361,0.240367349781293
1896,0.233657399112409
8822,0.0246165431357565
978,1.61201819566379
65018,1.32853091551478
8703,2.39780244510996
2039,1.79723130742588
9507,1.74408278825458
64760,1.8877053676072
4720,2.33613558472003
115584,0.198906056090084
2207,2.8943004067795
84134,1.44458959922719
4359,0.372316506026384
90199,0.0350655380227658
57805,2.04506085665848
7484,0.177846821597863
57685,0.890637856798178
56990,2.16274222240295
51735,1.24614085672795
2035,1.23694495935445
54069,2.13383416900623
79053,2.4100286393254
54461,2.38184387361626
56683,1.65784933632469
8867,1.37984792148827
94104,1.93249683055647
3455,0.304358180120254
124995,2.24164404606979
3460,2.41817623346787
2618,1.99160928772497
6651,2.34754262376603
29980,1.9092128867574
9900,0.5031166083305
3898,2.16685738474402
6781,2.59851969887904
7135,0.216710760105948
1465,2.52590139712429
84366,0.0687315852068485
10481,0.0089031710875008
100132849,0.0820544050747075
714,3.03939843376078
9992,0.0254249141756302
516,2.39737635369216
1827,2.17173105820161
65264,2.43123425540518
148523,1.79678960330504
11267,1.65202300140973
54102,2.3365162296192
149473,1.92473082513298
861,2.08899585224542
10642,0.0280467968559265
2695,0.0374585887741673
873,2.22989834563564
874,1.69148748910882
70,0.011781879253164
23515,1.89959960820163
8208,1.72555739519598
23562,0.304214939732099
6493,1.18203962106388
3141,1.76326339885441
342096,0.0306605722017031
80274,0.119884565199712
201176,1.75988045252828
83440,2.20682485872821
5763,3.11703639849493
283748,0.0416301479021601
23569,0.0706479226552025
51094,2.87530414852722
51706,2.62336389363356
5710,2.77033460313206
23400,2.19508171676644
130951,0.250250272046083
5692,3.01072173920452
79190,0.690474763353833
7832,2.94243021896999
221223,0.0084911297831118
3099,2.30141842197026
715,2.40905900570468
11189,0.57287642887938
8659,2.00362514813058
57519,0.578641587424155
117145,1.97290646425591
7062,0.472803481288428
197131,1.49351379764274
267,2.76870095772427
112950,2.21625070393227
116179,0.0232000328901817
266747,0.20493916231437
64843,0.0126025784990239
89970,1.97993927036076
149483,0.798316330162083
60313,2.35385707312476
8883,2.32840084010933
51249,2.52172686952537
221188,0.363480998192729
84229,0.051479983874231
1636,1.22660929503081
374739,0.043016088629042
131669,0.0078726930921942
9813,2.04489916647408
10417,1.36963315068177
84303,1.58438977434968
1487,2.29191767826096
55282,0.182871277703912
51673,2.28406195454365
29800,1.56028648862455
9114,2.18101791846213
181,0.387117909451876
57732,1.32074137799737
146206,0.537375414518155
388284,0.754511872376034
5304,2.91140893707873
9715,0.192992200703362
6002,1.66200539584954
5681,1.82184544751018
7791,2.6098622819528
29,1.74942504196365
284348,0.535379807589316
150275,1.85580253077252
7773,0.792626981998807
203260,0.359091245639845
7673,1.10309687158885
4882,0.912789470224287
7638,0.21237703081637
353355,0.939778390671928
9310,0.718702820145653
10020,1.6970165285062
115650,0.286245795141816
2909,2.08579340177881
5739,0.688026279780042
808,2.42538200742683
1676,1.886196916281
79140,0.966795249053598
55721,1.30868659599965
56063,1.36629099560867
55108,2.30466950997296
653121,1.13295700707169
83858,1.740115553192
29101,2.56801580156209
118424,2.24702277062609
149076,2.12109117685668
252995,0.17683817166592
27151,1.82099150072714
2063,2.56636326412173
126549,0.249943291111367
131076,2.09706673948307
203547,2.13910582897998
8997,0.49102991617243
148113,0.638308347428842
9619,2.19674722870479
7033,3.11842875528247
7032,0.703414080739027
7031,3.56350672666814
64699,1.81062688041151
53347,0.667680317686593
89765,1.29253899404848
54020,1.88142671074693
5152,0.823563297094277
10785,1.54191454068311
4731,2.17864152690861
5316,1.52778365538768
875,0.600668097065291
7307,0.2349100619558
11077,0.68488952864979
23076,2.04900055516027
8566,1.91574616252958
2539,2.43779839414561
1476,2.73474690015726
8568,2.05133547324944
56894,2.05412382510074
7109,1.20912146144734
139716,0.991194510455168
8209,0.597494400117215
23308,0.38376749485085
755,0.773993261626333
7617,1.34478762574998
81543,0.681652920707218
3689,2.21659381554358
85395,1.76959446721241
5900,1.58584624836337
10841,0.129567571269748
84221,1.46554001806561
4047,2.28135405499289
7410,2.28567085074859
8888,1.90504885530384
54058,1.61407565532933
5116,1.95663181726821
23181,1.73642205842679
6285,1.37683647786335
3275,2.06607778333028
125875,0.373888210079549
7757,0.912969322986352
11093,0.674615996992866
11094,2.24075027509951
11182,1.40231610459633
388561,1.72564640924752
2220,1.00176657951732
138162,1.58365983609337
148206,0.547374592621626
26086,0.944867419398486
126526,2.06691705415316
147746,0.357354995624045
286207,0.916615158940049
27433,1.72485736925386
30815,0.448567435412818
92799,2.19240545965284
112724,1.28099854199599
10444,2.25911041888267
84885,2.2556624335688
29941,1.42549940489712
57731,0.855457252387856
84446,0.695010675300902
125965,0.123124926797672
147744,0.388915854444393
147945,0.0068409645610921
84814,0.280359957267272
57551,1.89897739646782
9442,1.76066710360536
162989,2.11481573470191
23387,1.72036342075819
196264,1.97324128386734
120425,0.859514311175389
284086,1.38142584223143
116238,2.3457963452959
9159,0.966080456548874
6294,2.29971520011665
917,0.971557503205306
6271,0.917091728307533
26097,2.40356636638608
643,0.0064279224007442
51043,2.28683472436717
80308,2.30086924858983
6464,2.39017408843799
55823,2.25677765461098
79671,1.57360410853519
103,2.69775612031957
3570,1.21985832897307
55585,2.5573279332312
1141,0.0799748722352531
200186,2.41647567310413
55129,2.17923515552648
2224,1.98634117428178
23623,2.32242723760873
10712,2.01088118257289
79957,1.69070378527613
11243,2.18626914624609
9673,1.90750303764005
4000,2.73616637313925
1234,1.74464311287349
23218,2.01849734691221
151903,2.17015351832686
5745,0.543745172187932
56893,2.31762760993783
4634,0.292960175240493
221908,1.68833053735091
54865,1.99443764799832
149499,0.232873481118325
115352,0.608397870329249
563,2.84559383973599
2264,1.80831527307597
1576,0.0318642078034075
1551,0.0152643844692303
112939,2.47324131207416
3101,0.989237897539149
54742,0.563937923758238
9592,2.47156467400109
84124,1.59319773149593
10898,1.66163849041264
4061,2.90743215775678
51160,2.5630441542001
4796,1.41373231672822
5731,0.158464423713218
84939,1.56271114966118
9401,1.66491538074085
9684,1.50711757211236
84449,1.17706928280455
136227,0.0677717653179942
84988,1.22113710232238
8928,0.245169792620687
80228,1.55794120710451
54784,1.63008709354782
10603,1.32300810012342
51149,1.63419146002049
8878,2.44641791539631
11282,2.30842599002162
6132,3.2819502867199
9794,2.09537815439007
114770,0.589838174238248
222229,1.47967175136708
222235,0.194145527518697
222236,1.3855840543113
92304,2.45748162938551
5701,2.25945673079508
60680,0.0650783906040881
126321,2.0019786752562
440792,0.103672781969985
373856,0.780508941214186
150223,2.30595108722845
164592,0.0538268611423806
1857,2.36241580829139
1173,2.75889296649636
55324,2.20280607192711
5130,2.01452371289207
126433,1.6724605272687
93099,0.392626624210457
199746,1.03122892548565
622,1.71870017199911
4868,0.0080788886488122
199745,1.73638484082397
1346,1.95382035130685
84911,0.778294913483054
115399,1.88023856529164
57125,1.32640461979091
93210,2.33713722725396
22806,1.03033908957713
2905,0.29918483390446
2232,2.06853028387083
29115,2.07602520051264
51,2.02845787197669
5635,2.12596994300416
114757,1.56655052451391
6427,2.84792338480091
84765,1.61510096086351
55260,1.27286371515119
317719,0.0998006737938156
147872,0.0428182367483027
3060,0.0461754078434364
126133,1.98502463522496
3678,2.12524721403535
114132,0.192002317835344
25946,2.69969334232663
400709,0.11844029781928
4356,1.80435299944097
146894,1.25535101069634
126123,0.0179178651438874
162417,0.538318773010721
124801,1.9007490065847
92591,0.919053743142158
284361,2.10202660034343
126119,1.74968983274537
50944,0.074848442848116
284069,0.684549554816943
80174,1.04504723233988
113026,1.46753633220215
91010,1.67868111996587
362,0.359224640010158
29127,1.99298301651873
113251,2.03655303551631
160622,1.59396398925269
125950,1.03800725646225
256126,1.03113012029343
147841,1.89053368228264
117283,0.0382547653609949
221496,2.02353182828855
246,1.21921782917189
340205,0.621467086612936
115950,1.15041187922553
400569,1.80630717934832
58191,2.42229512609168
388325,0.720398309888485
255877,1.66754594921771
433,0.315873757134065
8741,1.6485604688306
26168,1.28353542235975
2256,0.0213753154909553
1973,0.87127694278558
6154,2.24982598720769
146849,0.0306605722017031
51728,2.40956194065252
79622,2.41763538266583
197335,1.80089790481106
339123,1.73262192419562
124093,1.95644986681123
401827,0.108807543305086
6755,0.0949814066654706
90864,0.189025347776694
254528,0.190515208049421
64711,0.726978196728984
80178,1.275310667377
899,1.69716574509327
57465,1.56667676614723
51005,1.64027980196224
4917,0.0487336436053482
146439,2.1862262324195
124222,1.41244899519722
114984,2.35643924109641
124220,2.33641924540269
7627,1.88502268297401
115,2.05554107801525
22941,1.48480689139113
81570,1.38155711735562
10825,1.14332273537135
220002,1.33554756307299
220004,0.892993637769013
80150,0.457866380090095
2785,0.145106329829701
51035,2.57426401801996
79081,1.13175197736756
283237,2.09441477131864
10629,1.58365983609337
10482,2.32955646917083
6811,2.20831026279531
283130,1.43854908569119
6159,3.19172174138919
3699,0.120425512675816
84447,2.42374745368241
7542,0.811237965860103
8986,1.96725486096658
4041,2.04333061176545
219931,0.981508785200761
9965,0.0148554188895284
284541,0.0140368959186701
10158,0.903243527404364
6886,0.592949453040546
51727,2.65199657833382
79656,0.551397269653807
1996,0.0384536920503017
65260,1.89901946812393
79699,1.75642335901367
6512,0.122226106239053
54987,2.08463320683064
4116,2.43529047790066
26027,0.270251444649095
338094,0.0528497930137067
25973,1.26574994289403
163747,0.0449920531388688
23358,1.8687610998307
8613,1.86275184338601
79707,1.79328276304635
5563,0.18553826054892
9903,2.3425580016469
57643,0.734995099381319
10691,1.66798047566105
50651,0.87923155504063
57190,2.37725963679105
205,2.05525468872245
3716,2.21409841985579
55225,1.65360993155962
11330,0.0532407567944813
84328,2.18669020056523
116362,2.64678909828593
54751,2.08657342718083
388595,0.0899469520555108
284723,0.327359666175908
22977,2.53654947682996
374946,0.0882619910836516
10630,1.46656136261549
9249,2.31832816993099
4146,0.0848817820027076
7805,2.70408417609878
9672,2.14957198206083
553115,2.51393515681586
81493,0.394920726597034
5928,2.28594114314312
57648,2.46279076821333
81629,0.208505021189391
255104,2.07254081621037
127733,1.75926892615313
55450,2.77842513634085
249,1.80322921238617
54361,1.13564875490103
254173,0.231617602490273
6339,1.33200763508965
54587,3.02404242467351
199990,1.70412292134673
1953,1.91391007528504
148870,0.0440046509270564
149233,0.0168982779780871
9077,0.465199059523442
127795,0.0062213260747212
4774,1.04233821847999
115209,1.8381474113796
114803,1.99906223527948
83941,1.77165756221848
7398,2.19119993452729
8880,2.28450576813183
91624,1.40299626964111
11080,1.66812522472016
64123,1.90986039227545
127255,0.0973945447953161
127253,1.57566084326637
51375,1.90592648360019
8707,0.108441831261244
22854,0.0177140457770852
284611,2.35488917691997
113802,2.00738847925003
254268,0.188859637575647
148423,1.83903514668683
126820,0.235535653620173
2634,2.3364490898256
127002,1.40256812349508
115361,2.02185905460703
284695,1.7299357178988
164045,0.0278454019696254
339479,0.0064279224007442
2672,0.715542693848438
343450,0.0658488120877697
178,1.66300187352044
7412,1.8143343670559
2135,1.63677302453607
148867,1.91699504283068
23528,1.73991869943141
10092,2.31402193358235
57863,0.291068478207352
114548,1.12862371636371
84838,1.63669547901854
25893,0.957548931177945
89886,0.331934259048962
3765,0.0193432301006561
93185,2.5427346629666
4921,1.33313263661645
8682,2.84210030981146
5824,2.33572457818792
23385,2.6698587324288
57216,0.701094829844031
114836,1.43359734422066
25903,2.07207408857863
127943,0.935919537632059
2215,0.192167382859475
284525,0.015877463426456
126823,1.98519367392994
148304,1.09188505339579
4009,0.0193432301006561
440699,0.0197500372972908
28982,1.91046596770716
467,2.18615209604364
64783,1.53829150169498
79961,2.21746078014767
126859,0.0565566131007352
163589,1.87500478130593
51278,2.00800042767244
25992,1.4385256214441
10380,2.34356895690582
128153,0.643652179315371
79762,2.40243504540162
148362,2.48369508303285
100288142,0.394793459177479
51205,1.34099761130394
128025,0.0109603861112779
55083,0.712694025697157
64216,2.18276795810197
163882,1.93567162122981
129285,1.88125970034971
55220,0.347937592140479
148811,0.219905845781098
91461,1.02327243434175
165140,1.50241893454078
23498,1.80990651987986
148789,1.615669593244
574431,0.265900566771856
9261,2.97181303763449
50604,0.606592337014026
11009,0.15155248342787
9214,1.55731628750209
5284,1.41890652987916
83953,0.0152643844692303
824,2.59744479427073
128308,2.11560736391232
574407,0.100170227649574
80232,2.15799091656253
5966,0.723375253942241
150962,1.3125656641303
5194,2.03462270826041
84542,1.05831526738897
51127,0.475777714148512
130132,0.78885495978658
27185,0.541558674496992
150596,0.033066130062972
92291,1.46362487783841
347730,0.0053944386314874
51072,0.576658888804557
84661,2.42202086262764
129450,1.03756753382761
79568,2.06689527900273
3754,0.622397965152442
130814,2.81798589347637
26225,1.84827657416315
151354,1.46720417203332
3760,1.6559650960177
130162,1.08987597151401
2487,1.43437871803177
142679,0.461250790364105
112942,2.37868201919994
129401,1.55821664548015
165055,0.931862090285262
150726,1.51897781674355
72,1.35092317011087
80304,1.21621896657779
79677,1.75090338958512
7447,0.457281290954333
90557,2.07280878320548
3020,2.15418937605343
554226,0.0056012358560772
56997,0.176501675312953
151473,1.3543100889486
150483,0.597976184094896
2019,0.629063864404629
6443,1.88797352569019
132671,2.02942216485497
115677,1.88682178485329
200373,0.0223895328412295
130367,0.423389796756607
3625,2.44063484599177
129446,0.0041525986866217
129880,1.13939603783674
56916,1.89815190291036
27306,1.42419735886792
10611,2.3042439429726
285555,0.097765173807287
93082,0.582196527361322
23248,2.05813099409128
200539,0.552219647880735
1520,2.49916368775415
4487,1.29421624862087
133015,1.02706497094365
149428,0.938513952361811
114905,0.21173299509511
79626,1.92240441288089
388695,1.76275006048716
79005,2.13077405186717
29765,0.336756601339477
6944,2.44587605447128
2071,1.90494108934371
284996,2.31565741133033
55677,2.38276689782336
388962,1.36780303043941
10602,1.08480021235578
6282,3.46054148963999
3713,0.025020825205399
90957,1.63940177374127
57115,0.046963386855558
9938,1.59902360962312
6280,2.6598637288359
6283,0.322897645075303
7039,0.733731465930958
126668,0.322478006015617
151195,1.42313394172381
7855,0.775108449497622
54876,1.99812216640689
388701,0.520395092354916
4880,0.222293796243955
132789,1.39076711046423
2565,0.0039454490619983
152559,0.708193135699261
152519,0.454231341857618
118429,1.39702019384526
113510,1.5080559489458
51023,0.891196600149769
8545,2.24359280476324
84142,0.890016450352305
151556,1.00129945785857
92196,0.321077561385925
10654,2.68050570201979
57326,2.45215399227136
9076,1.74847286606841
90780,2.48206422794339
204851,2.13485593179716
55891,0.19923333149162
127579,0.594596755397657
149095,0.622211888728564
1293,2.52235973698124
55765,1.84554207552939
375295,1.8229610801248
55249,2.05574871261264
84541,0.518997741665005
151647,0.0248187083181388
285203,1.72762547210909
56203,0.0671953437318986
128240,2.80587307836716
56983,1.41863808739155
55356,0.863934568488157
886,0.0154687933557568
91156,0.0979504261429475
476,1.83708157309914
6565,0.260920128573069
317649,1.60264480746518
116064,2.06250876340768
11167,2.36488162162454
25802,1.62112519615954
1999,2.67504121894192
132954,0.0586952005206574
92703,2.25871013906732
92691,0.212055077748509
3490,2.92171760013382
80128,0.71277558322871
200185,1.47679072303905
3577,0.161555744857729
10109,2.5669764429217
128229,0.457281290954333
7203,2.8885793589204
84283,1.93255872022834
6746,2.64987566132384
64320,2.19374044998123
27148,2.10190787858721
134,1.97642846891325
152110,0.634753253443996
285025,0.0729417365234151
1412,0.138432567508923
3549,0.053631538511365
57650,1.29585733943495
8320,0.850514902274773
57703,2.08330275277154
64343,1.45334477775272
7048,2.21436460155021
55139,2.0627345587408
79885,2.29639168365656
50852,1.05409986988018
2199,2.23439624683101
79411,1.66913716762998
201595,2.80901395603175
131474,2.17528793896601
23114,0.992249518039454
115350,0.0729417365234151
151246,1.21575339886417
5274,1.12501551760977
23122,1.6665158975714
8802,2.39250251883554
81788,1.72612931309557
6708,0.0675796689626678
5584,1.85475320189335
4332,2.15513294834337
149628,1.06362439264364
3428,2.36334731614514
9447,1.08987597151401
151651,0.5785425840562
56648,0.812081008945963
200916,2.2293207058117
151742,1.00342453708345
130026,0.786595897395792
100507246,1.71704357391315
1493,1.1373813243661
29851,1.03805609449166
23429,2.01488667741067
151987,2.28717932315019
131450,0.456344184062156
29083,1.25767917353884
25871,1.91560087759467
152185,0.78885495978658
57577,1.46591771705155
8618,0.0166942133416963
4825,0.203638544304087
1040,2.29216293193782
23001,1.66462376650666
285521,1.66776326482679
5783,1.07013638754864
132204,0.0201566492701331
213,0.522004073290754
132200,0.137903364772905
132989,0.0130126308322217
80145,2.67235715610391
6314,1.52106545775479
9861,2.20628411900904
166336,0.960054191176478
56999,1.05982359268593
152926,1.61695050939419
131831,0.145106329829701
7401,0.0477506279872771
8833,2.18882656969646
25976,2.12758616571604
57018,2.38759127284619
5806,0.38660342517717
8820,1.1068009919138
85443,0.297886106450941
7871,1.71051209992059
6133,2.97030421704885
201895,2.56611761952256
11102,0.794937486747516
57406,1.43723339339692
1776,0.67694103483976
200844,0.654217649555215
54502,2.16445304809538
323,2.54557484778477
132014,1.61032947901194
84818,1.79340229957441
78987,0.829810014633423
285368,1.67469105711424
115795,0.106977361309365
26577,1.15645853099947
23350,2.2580977609533
64419,2.03181018835357
151613,1.96195080917077
2921,0.206561974091692
6374,0.282866849208038
5473,0.0207662015448037
441024,1.06511921421493
2919,0.451168769811577
25898,1.50609553691825
57047,0.265750106382509
339965,0.308358227609368
1359,2.22968184590014
2992,1.97918473063533
84343,1.52156118725629
116441,2.40402215212674
11073,1.8480668698732
6259,1.90231260829899
54861,1.85165523296964
150921,0.0314631865193807
7349,0.960609531246172
130557,2.05092081294909
22950,1.96715571795713
151056,0.435663321434888
245711,0.337168542464361
57456,1.98179873726225
56992,1.45898461145335
7047,0.0199533676763937
23160,2.27468253562141
51304,1.72485736925386
64866,2.12230424167406
7123,1.62570742769612
54716,0.228942258923759
54585,1.5892959138698
79443,1.949953707516
1230,2.08325589095775
83597,0.0320646470462866
79442,0.201846744967738
54859,2.02907891842702
51725,0.0047737452018541
151636,2.34545802836419
7707,1.78983434364747
349565,0.451168769811577
113444,1.43383425257436
9204,1.27376651661271
131601,2.02846390647656
55689,1.45352697510026
2899,1.30319566083247
80149,2.40040564052566
64769,2.56248462000879
79753,1.72164844216411
7802,2.19164193577351
5437,2.38339360159375
28999,0.784329041253501
348807,0.0548027927666294
94032,0.78623080382187
200879,1.00760099923506
90407,1.54840505190269
6184,2.96207494338441
59343,1.82153050346531
26508,1.54545375838882
55764,1.95300600750859
6010,0.0386525717956126
646600,0.015877463426456
5984,1.86786259509813
116832,1.93946015699723
8314,2.21560285723673
7086,2.57276331309537
5580,2.42086816405778
91869,1.59304432883969
51460,1.87959463581563
26354,2.77301267647166
55193,1.98335732858988
57654,1.72727091363286
23272,2.10981619829317
50650,1.79761876544091
7884,2.58508172040237
4043,2.04597194222926
131540,0.0221867865316464
200931,0.842192084114979
26043,1.732371575319
165918,1.66605087829884
54965,2.14100119277883
4241,1.27486074692138
6286,1.96261061364979
84448,0.685908434920888
64789,1.1480316798914
149461,0.219267850494214
79078,0.487218442959853
114625,1.45806035422582
51058,1.75099936766593
9255,2.10722686635463
166929,0.870379794452015
23173,2.24136520452532
79982,1.70101443147885
3015,2.91662198342332
51705,1.76083129720266
150159,0.280212242818749
133308,1.2483736403198
56898,1.08063490404735
10424,2.54178163678769
993,1.53063164957879
820,1.1266965716174
51385,1.43586706309491
285231,0.249175317063297
5364,2.22575758378968
79714,1.94786835989462
84126,1.86605963883832
51246,2.73018351343761
10252,2.22329704273153
8927,0.189356665990483
327,2.49161497239337
27152,0.784768398070688
63891,1.46698260794492
22824,1.07022889560612
256471,1.6197592884859
80167,1.4634017058099
84315,1.18760735537911
4486,1.95282971029132
23132,1.58109606676638
51368,2.48300673723869
2912,0.213342113419943
1849,1.49054417133669
25886,1.77055848045925
132160,2.11174730017073
64850,0.0183253569229505
80335,2.47128351034228
5308,0.0505001786277436
401152,2.54898859046896
8492,0.0733234266047182
9348,0.0119871284396815
3148,2.90205208631878
8819,2.06992057762984
11341,0.119884565199712
9464,0.189687848035021
4085,1.72313437002946
308,2.93411322167818
132332,0.0694986479199568
79884,1.00903801216238
2982,1.06846874765908
26269,2.14606350131758
80817,1.47148298202664
3248,0.605354290434633
152940,0.036063467897197
55314,1.69873625745957
51313,2.47122081482887
4886,2.01585496865961
4889,0.493931218952012
80155,1.92724758495588
3600,0.75810370820632
729830,1.04388773903233
27236,2.25611723163278
23379,1.7690541320378
64399,0.0467664613262632
10393,1.06623784524091
6059,2.1909537066836
54726,1.89006940341903
11157,1.46598433990691
55751,1.98164867162219
90826,1.57962474224124
3673,2.05004453361076
4338,2.29446109907078
51151,0.118620969890508
10085,1.17487603432906
153396,1.49558812650537
79993,1.38789698768362
91942,1.66475501623782
133923,0.238344734117321
92255,1.49842341641491
202151,0.129567571269748
25836,1.98875324555125
285671,1.0951295570489
84059,0.48519253621766
91137,1.8400862617904
134429,0.971557503205306
5229,1.6331141007712
2151,2.1616598182978
153733,1.78029403828783
651746,0.285365737248928
134147,2.16966700271842
401207,0.963157646212925
133619,2.24070369424558
2150,1.55092825553394
55109,1.7343205002434
55255,1.72569726630236
4724,2.52097998617862
117156,0.0495192289370227
6690,0.0392489295621294
3360,0.0191397532419228
11082,1.21893292383351
134266,1.94576439732322
153642,0.67401191854082
22836,1.99622850655672
493869,1.70039549471551
81789,1.41954046428994
256987,1.71630385789326
133121,0.18553826054892
285782,0.0154687933557568
836,2.28714459004394
201973,1.5313118875786
51752,1.90431879685319
64167,0.863286447156955
202333,1.83259274876142
133584,1.05902277481363
57587,2.06441542770695
253260,1.67906264386071
167153,2.16480168290367
1879,1.46465017629536
57763,2.01154434201674
134510,2.09751771168175
340069,0.375848280348245
84135,1.63386383635211
7098,1.20486275681456
3818,0.37139817612181
10412,2.4088595768539
84340,1.81813235861664
7015,0.0227948798627598
133957,1.41370766808323
94234,0.503995857772517
23305,0.0959103684817372
1437,0.157948059098281
23176,2.2344335360734
134549,1.72837163866589
2661,0.676252957580333
27089,2.71444585934356
116842,0.818230155062948
375519,0.0675796689626678
10559,2.24518905057691
2898,0.0852580403731478
115004,1.31340389772791
2173,0.400878202530698
167838,0.836673216924033
10370,2.28917608865125
221301,0.041431969987866
153222,1.51288225501541
285761,1.21009961267773
94081,2.05733301064705
154075,0.372971777643375
114801,0.795153679394988
116379,0.0637284429094406
168002,0.0858221088259321
57107,1.63451884937419
134957,1.32966337187073
133396,0.0254249141756302
79722,0.0880745620036581
135250,0.897678960110022
221476,1.15302264248116
57057,0.255755636380194
221955,1.71953902986428
23366,1.01525955467254
9263,1.76471841344527
29896,2.66478975914324
340286,0.287271278860725
55568,1.51843953300515
79685,1.75883327279394
6208,3.01062318550179
348980,0.0099324012091867
91977,0.0759903776592968
10466,1.63322351369057
154743,1.33920620848453
54329,0.356418455032734
10569,2.16357994426713
6100,1.74652585629051
9232,2.2258062658524
819,2.04367846084029
168667,0.197431665013872
285613,0.963599718722492
9597,0.0296562306312831
8645,1.35005903996957
221458,0.15536130946066
7559,2.04136499638844
222962,0.666721155567726
219557,0.0510881989588056
26872,1.39747847067144
55536,1.37913627517019
54468,1.74831597821832
222223,1.73816771009554
25862,0.791830861154733
94120,1.42417321517329
154865,0.0264342928541542
23462,0.991088908715012
619279,1.87977998039572
2171,1.47463520242727
6469,0.156914345654153
117289,1.50658638214066
1278,2.96202240763656
84624,1.42883557494608
92421,2.28088827882788
26266,0.35279530016185
25798,2.16994509438479
22853,1.59642451309635
146861,0.0268377072511832
1508,2.89013426064776
64321,1.21836267166615
10395,1.71960349112822
107,1.45620666526889
157773,0.3032115173749
256979,0.0756099064785592
3174,0.0763706752693144
5828,2.09452586684062
5885,2.98637485685478
169026,1.55345669668484
90390,2.59790878621375
4982,0.924844235019596
157869,0.632281334656783
5260,0.67694103483976
2020,1.39241467455813
27012,0.0039454490619983
114788,0.0708393147493007
23514,2.00507204405867
5001,1.78201620204966
54919,1.92836712260591
734,2.22657382499843
1672,0.519857969075371
23353,2.37141342263497
55074,1.79085213936656
157753,0.0109603861112779
115330,0.197759541309304
2852,0.540932735968273
202915,2.00243781848394
4846,1.12278051611041
79778,1.66941144588451
761,0.551602952829111
26173,2.08094705204423
1020,2.00777743533557
6522,1.82757439632965
157724,0.224199023174686
10922,2.3231485902746
83590,2.13933772967035
154791,0.868646000114642
2636,0.0716044446446561
51808,2.12952521722406
501,1.92924176141851
221937,1.41118719028797
1345,3.64813917427914
116039,2.58014055964852
7534,3.3305195669664
79870,0.86315674385075
8323,2.802152327752
115908,2.56925662604867
81034,0.514248136690256
25879,2.51327527056699
81501,0.427300326011592
94241,2.52499393869491
55656,2.05915525259525
25962,2.2002492141158
158326,0.373626484963864
2669,2.30327818233994
54704,2.12913549405998
91147,1.65253262158339
9897,2.95859281015863
138716,2.44935148505216
203259,2.14867857366328
84688,0.355212642920498
6619,2.03548251481092
57462,1.7080574970282
318,2.44879581260045
157378,2.46264850835785
11168,2.19669423820339
203238,0.780950855165903
51271,2.39276478434257
54769,0.257582261749483
6850,1.84847664708574
55335,0.501795739292288
19,1.68045879172589
4783,2.07202040382768
137994,0.354541924741873
55798,1.59532312511654
5568,0.0168982779780871
2395,0.936554731214252
79698,0.029254159459327
157848,0.0105493414072734
137835,0.60392305759848
256691,0.646892689494271
136242,0.0820544050747075
57094,0.13948994736026
116328,0.0666185243177208
117531,0.051871586053616
216,1.81873644663754
221656,1.85782801483323
138050,2.14678457172725
158158,1.83904489146989
80318,1.16015079498729
55582,0.777777234913189
84267,1.70907530509856
3190,2.92032076613575
136263,0.0390501905320824
79987,1.19390335296128
55503,1.483801283912
135927,0.135783126027054
203286,0.399993897113593
2203,2.27862079209952
84302,0.249636190968934
11244,2.48248091164395
286464,0.195461594197541
1536,2.31092258855734
6990,2.0290066161567
155368,1.62032221153434
58526,1.65040040278761
158401,0.278881557975095
254158,0.071221967357895
158405,1.02761190442348
139411,0.0635354152782802
138065,0.105693816820032
140456,0.0258288102084853
57526,1.71156366035356
5277,1.26499737263628
2277,1.05076314823842
392392,0.0282481437700031
55342,2.14526205023381
1365,2.88014928234431
26130,1.85634488262432
84270,2.07800608721859
65268,0.837011090235108
538,1.33603494928808
195828,1.36482876726087
139324,0.77696291784098
4712,2.54737722659067
364,1.16660374239219
65083,2.09539830273259
360,2.51025896944335
158234,1.7075278388541
7415,2.75632401719239
84720,1.91791108468813
30968,2.69098140110577
254065,1.12375149022923
26050,0.0115765804481612
9833,1.99594594914288
219681,0.0344662129356738
220213,1.86487154304433
94134,2.06652490500035
120114,0.0563619252247972
159989,0.0191397532419228
143279,1.58282422684198
84889,0.133657384064197
254170,1.55462341903034
203522,1.37449975586608
9075,0.126531508402931
145581,0.218469638822162
474354,0.0166942133416963
171546,2.49372944906586
7486,1.15193962835429
220972,1.79150748920467
7253,0.098876066768446
1073,1.43430773426871
10910,1.63818205934064
2957,2.03069006361769
219654,1.57299956611785
283209,0.841253181146431
84457,0.0266360241092229
220963,0.2165506698612
2350,1.8308670501022
3636,2.44670418450784
2706,1.48339417630959
51084,1.75080739021848
221035,2.20822607841569
220296,0.120064920542551
221150,1.85267476768602
221154,2.32528757714329
220042,0.831788115012435
51585,1.90436861577947
63876,0.269353236274461
140801,0.0346660352741282
122769,1.83847931512246
6166,3.20012998636044
55172,1.94708628567383
11067,2.33558247159308
139081,0.0099324012091867
220979,0.57267679276998
7570,2.29745933442469
23588,2.00707575124871
161436,0.0099324012091867
9147,1.66272366719827
84881,1.75529648656821
382,2.80628730633072
123016,1.92867971516653
57156,1.84288592048435
58157,0.0144462560950847
122945,0.400246661732358
1045,0.0076664475141711
219287,0.0024939884663487
83592,0.308358227609368
89890,1.57369294642601
6758,0.0183253569229505
158584,1.89986837498244
644168,0.009520858735307
11164,2.20291390073121
51339,1.39061237912776
27199,0.15051061553008
222389,1.41854043659787
509,2.92546844461589
8559,1.43255361807191
83860,1.61060862416178
196740,0.945493502477914
7417,2.50129296455338
402381,0.359491358869268
118881,2.03786189425393
6571,0.250250272046083
118987,1.43939306765265
84858,1.09530681626681
23172,2.00365736104579
169714,1.55167331065102
63877,1.56971440312673
64324,1.92362470776731
10935,2.77832908243644
10495,1.51140701825392
27069,2.88046110316761
51266,0.029254159459327
6621,1.40922641402966
120939,0.72561935343191
23203,1.76462543980714
10807,2.01558034997045
90167,0.0244143296379668
158067,0.951494353574685
11092,1.34560424899108
7248,1.6810075965964
8328,0.068923416931643
3251,2.24147145706214
118426,1.50709715246608
138311,1.08099828507953
116225,2.5654932783432
219736,2.02627308227977
5979,2.55280211142688
9188,2.44435365256946
9790,1.97816720190182
282974,1.80552659424375
57608,1.64975275124796
65991,1.78121190001135
90809,2.06251978100863
64745,1.74238522815721
29986,0.0668108416886656
57447,1.86211655300959
84659,0.249943291111367
55701,1.61683715390673
26012,2.27608930938677
51222,0.935630598078939
160419,0.0144462560950847
840,2.24668951528474
145376,0.231617602490273
153579,1.49709121421772
55088,1.53894185364666
340706,0.580816169754972
56339,2.02149041790617
6297,0.68429446324841
118471,0.0358639763576893
142940,1.99473450788691
220081,0.380142708006382
1557,0.0043596979037672
53349,1.77845237146917
143379,0.192002317835344
259217,0.8742158364652
414241,0.0565566131007352
10023,1.63855295003341
80019,2.2004814203414
26287,0.569775748739678
144455,0.733810512873015
143872,0.674357171456705
122961,1.90476694470164
283310,0.46438790638142
120071,1.97746437019321
29763,2.30637716213175
145567,0.795801829458009
91252,2.02083212286035
5702,2.73539516768771
5913,0.351044680111883
79841,0.244860834333613
123036,2.31989498003213
53981,1.84487963471163
341346,0.0918151287903754
64112,2.34129162975352
122509,1.27299277936166
3429,2.99994592655657
145264,0.332763094120654
79789,1.79297833610063
29951,0.0544125563488178
120935,0.0272409292764164
4745,0.0254249141756302
9317,1.78355355229152
389941,0.511752945895724
783,0.493262709769659
9200,0.410163567546985
221079,1.81214706423944
56935,1.89140062639659
85459,1.09459745500222
3747,0.0374585887741673
79101,2.11378784110845
25841,1.34582929992947
27291,1.69707079488246
154810,1.36774910521044
5654,2.85206901974524
3990,0.112819716306845
9702,1.71206227494498
255394,0.89909004438651
161742,1.62680230420512
11245,0.977850016370993
83700,0.880368851806493
64806,0.163268078590531
116173,0.018529029376588
112937,0.0590834488965626
170689,2.57760687831637
55530,0.0039454490619983
84706,1.97194924004112
81693,0.031262604438497
51762,1.73442021092289
121457,1.70094719757372
27079,1.60507658339737
55662,1.6469254379953
4714,1.62029006302092
84936,2.18720412996567
54866,1.01632401172452
6692,2.87413432973563
2200,1.91954508121265
552,1.08117989098095
123970,0.0489301088118718
120863,0.395938094088042
654429,0.0735142061810224
29117,2.01519304957202
1152,2.48671650851265
115708,1.77393829992143
8945,1.96794108685118
27343,1.67253219062763
9529,2.11155947135327
25911,2.00961481395661
55323,0.932210912361473
8539,2.41861664771133
374569,0.139842103843901
57567,1.35695979641812
79803,1.99800449527785
123228,0.721284723238957
9221,2.65924372719672
221120,1.9379826779648
9318,2.26777572762138
2562,0.132947576137209
121599,0.12527809465136
219793,0.118801602317322
8879,2.3776354937392
10818,2.34718210886011
10576,2.57246651665419
5092,2.80878126335167
25820,1.75222122599339
146562,0.452466019754302
79827,1.85970455430453
55800,0.131526113772441
1353,1.8138584847147
7753,1.37089431051939
196951,0.840648876466301
252983,0.723535795315619
116159,1.896478887127
8065,1.90595129421369
196446,0.353064271295795
54838,2.03024588357936
119032,2.27523816016403
717,1.53890362209847
79156,1.98062393912083
55273,0.440349029066147
119504,2.53528775877169
6609,2.02755765022512
322,0.988654983645092
79933,0.0816766944344988
25961,1.32899580783979
160140,0.325828753132641
54765,2.02378241247987
101927581,0.0654636900743731
3611,0.277845016407765
6881,0.654128787112938
1200,2.42323521117479
8642,1.05124097585605
81832,0.01219232802879
118490,1.33960482786328
1528,2.20377531712004
159195,1.33278673878716
5896,0.0573349127789155
119710,0.683358311006992
126248,0.80424091634605
374868,1.21571756971524
8495,1.32112475479258
80168,0.0197500372972908
51700,1.08290233999584
8710,0.0503040803202519
9710,1.72794179969834
5271,1.06823675640076
7275,1.0731354659679
79608,1.58659007527386
4004,0.211571905145257
3419,1.31202609883909
256764,0.0064279224007442
1381,0.526170738867254
122618,1.50742376383401
84460,1.79402117688371
143570,1.09348734337185
9866,1.24654749785236
254225,1.08974178608821
6157,2.92799754081899
6764,0.923902514176786
124359,1.77751727258071
222865,0.198578647323509
283659,0.435904333166675
55839,1.28495716775963
56672,1.8903789819142
23300,2.24245601931034
123775,0.0338664618273812
440026,2.23548948737907
114780,0.28653892778617
123169,2.33796748159859
7702,1.70309364044578
54495,2.14862211783876
4239,2.23229805760843
7465,1.96391973905327
5598,1.11362390676458
387745,0.377412702975602
5579,0.660321664360091
50810,1.71778204844774
8509,0.198087283905678
4176,2.42371922736281
10143,0.743696474303288
80323,0.387888980590445
26253,0.936900926392576
7551,2.1364280592825
338339,0.0643072587180317
7589,1.26532470571417
57494,1.70718322037958
144568,0.0555827213422205
146227,0.0946095302476571
7084,1.39259455550998
23423,2.18631595528185
90701,2.33477600940878
339302,0.0378567710724885
2587,0.0049806933258769
65084,1.94488815970045
115811,1.27092403756801
81565,1.5700188849706
201161,1.34179182711257
1014,0.0076664475141711
6236,0.72729752561457
51647,2.74527464514048
146845,0.0602471155158791
7184,3.12836715892487
10904,2.01743017871728
89777,0.0211723261778742
89832,0.0134224851965348
80063,1.29312973942987
4319,0.552014141912876
780776,0.394920726597034
27018,2.292672814924
80975,0.475777714148512
9382,2.09115270416794
144100,1.36074523815357
80095,1.62419570890809
644353,0.301632090300192
567,3.26521360730898
9640,1.84262516097137
113201,2.21092794523502
3359,0.0195466581122431
4837,2.42004268698482
116285,1.39597480322254
164,2.2761401891286
162394,1.73809356935875
117155,0.797598886717397
100128252,1.12434171577208
89927,1.62186270768482
9665,2.00312872566548
113174,1.79159479277637
219539,0.304644581734644
5479,3.00721916555167
3948,0.133125085756639
84191,2.40270919690607
160287,0.051284114267885
63901,2.18113670944662
9768,1.69488132201097
374654,1.14160813019079
197257,2.19480778973336
5346,2.40800115366769
8800,2.50045971090446
124491,1.67386305030711
55897,2.7074143517224
290,2.04384647198181
6340,0.321918132591504
348093,1.28492561430614
89797,0.474063279736173
348094,1.12845639531847
92292,0.0442022240997431
162681,0.991774991685038
84516,1.71691388907508
54386,2.41740302275399
5347,1.4888936238679
10845,2.1967131643159
11318,0.0392489295621294
9880,1.16687753961274
4640,0.059471517423572
63928,0.0274424681999785
23306,1.8632299629341
4665,1.94434045649955
23339,2.12030683010888
6778,2.34051171204874
219988,2.19809574580121
91419,1.53152547787223
114794,0.0215782561623971
6809,1.82805494787546
54948,2.31030023373791
79837,2.45846981095402
54893,1.52346006853195
7529,2.71674920264339
101927671,0.0408371562480633
84419,2.22000256956284
6447,1.10300943000046
26585,1.26220702149723
222950,0.0869490986322006
81628,2.29263296434974
58475,2.0068458282328
84689,0.992249518039454
115752,2.05179503617029
23582,1.84227722584814
2038,0.009315012732202
4088,1.8734662435317
83661,0.0908815660467812
374864,0.15587931748459
219995,0.60258460455864
4130,0.921009611834964
91433,1.69723355424929
64400,2.05930531380053
10982,1.72941918129299
59271,2.07221363234312
4141,2.16228709921706
114785,1.96818839701447
245812,1.86147104775714
2923,3.1402672781941
11051,2.35754912484915
375607,0.0209692882026594
4824,1.02222024635496
129049,0.587984343973668
150290,0.485417914032786
7008,1.53255326528401
150365,0.596626357453
124872,0.0211723261778742
5090,2.26986228726828
2793,0.952001181306798
5245,2.07040621518978
6632,2.27639746099984
158248,0.171098620559228
201191,0.253619217745834
138429,1.37564288658479
162461,0.26559961721939
399665,2.5475047381577
80221,2.51508983065922
2801,2.41019584857426
26995,2.03285542147475
51117,2.32379332845316
10999,2.33687655479853
55018,0.0294552189612712
81605,2.03297469194146
51148,1.94533775627194
57171,2.12880045146008
2021,0.346175823764561
51450,1.53016464342665
56905,1.60110589174917
57611,0.272790806034582
6668,1.98810300524964
79170,2.68408434338731
10229,1.86424870095152
51704,1.43459160912771
1398,2.23466734767105
146378,0.114636999340892
26263,1.71275677105198
23102,1.4073828446125
64127,1.34224512414174
124460,1.26352191915827
125336,0.0955389086838045
83473,1.21496462069215
84064,0.669768395320016
7644,2.06666656242238
3481,0.276361861281503
257160,1.66771981008985
51755,1.9179191108378
64174,0.869994914746534
54920,1.49690358119709
51367,2.12501062086877
64772,1.55964635219993
146713,0.0056012358560772
10632,2.20455689214832
915,2.09126989230642
125058,1.98615240923233
146705,1.50762778445486
4645,1.71214095206654
116969,0.165488728991579
10449,1.75138306729958
6786,2.02205551401952
6240,2.30058875875878
81285,0.354139211322817
55128,0.74198085223349
56547,0.0207662015448037
282763,0.0068409645610921
64122,2.22240968578082
112476,1.43633863199441
7571,0.242694746112255
126298,1.66257717394839
7769,1.63241010725691
7733,1.66224005904379
28227,1.27302504058886
79759,0.71204121069791
9726,1.49565084764488
79001,1.77914954569237
94235,0.596722859486688
4025,0.0252228938178094
762,0.9412121255047
55181,1.59840047413022
7171,2.77014102294284
4218,1.84579141573253
2879,3.13808497170813
90007,2.62556387933422
126306,0.176669940986125
199786,0.0756099064785592
55295,1.61620509177859
54815,2.14866554619482
4597,2.06822122004005
81620,1.92401219916994
51693,2.14120525359933
29123,1.8612864308533
124045,1.15242122300874
124923,0.839034618513044
147011,0.8879614606646
6137,3.11024039464198
121274,1.38142584223143
3906,0.141073458890048
784,1.76080784480563
147015,0.895587199872078
90313,1.82608919994368
8085,1.82841499832285
84940,0.406036952412946
121268,0.670028958879094
7846,2.51193279095257
84790,2.1771189786349
162963,1.5488358767408
84436,1.8489240781325
55762,1.4202222749124
29946,2.68004893265479
57701,1.54161049873226
53916,0.67444345750293
359,0.025020825205399
2819,2.10990332003202
148137,1.34272632230215
29785,1.12223097833762
558,2.15462518433507
84807,1.48770517563528
147798,2.72035388666625
3903,1.77031768023818
57348,0.705890216523918
114823,2.43148385632833
148170,1.22230671219564
3904,0.598746353342536
284339,0.275321981246924
116115,1.35053309515778
83696,1.52056921852528
3811,0.134898070440325
199713,0.0542173700425294
7705,2.51951179744642
284349,0.979413060265097
94274,0.828099883153254
10653,2.2612361371051
90522,1.89044774494456
352909,0.403902248059683
8000,1.91208994189052
85300,0.0103437444480222
8581,0.0181216355189445
1613,2.20420151419733
1938,3.27311184542463
126259,0.120966104722507
10036,1.8066126903529
80700,2.23004603602288
84717,2.20441256413835
729359,2.30709149789066
10501,1.00140329388533
55311,1.89710496921954
64359,1.27988487936418
79850,1.55044334354276
51031,2.01727481661956
113655,2.17276664917641
2875,0.648596860074028
90990,2.13800670789804
124935,1.69499037066799
83547,1.58683199668018
5345,0.880305722148247
124997,1.49037514029091
63826,0.839371256139566
55720,1.7867552085354
162514,0.225941490360051
374875,1.35370095892086
124936,1.99366473521732
124975,2.09768292816308
3816,0.428518179604841
9622,0.988973006040458
3817,0.0213753154909553
25818,0.278733564511476
5653,0.174479753097548
11012,0.0175101773978301
26085,0.051284114267885
55769,2.10199197717662
144501,1.51393037565843
3848,0.359624683372307
125981,0.0555827213422205
55611,2.40337139816054
283248,0.657320644496617
51129,1.91580264794496
51293,2.35844399031148
84926,2.25979325371261
3489,1.66715451680062
8435,0.122765516475702
148156,1.7075278388541
4723,2.2047566309899
10263,2.56990588097943
254552,1.30065864046374
347853,0.0346660352741282
7001,2.91465189625809
7775,1.45839869667758
79003,1.85550299562934
10871,1.34233007363216
11314,1.9141208046807
83659,0.0211723261778742
283987,2.67267646385201
3396,2.63089533046691
10476,2.71788465512977
92162,1.35841689047265
2125,2.18309880368012
6730,2.24793589494393
146664,1.43988473466337
147138,1.58586356009046
7083,2.66493382603442
137695,1.68200497878316
1581,0.009520858735307
100505501,0.106060747329644
284110,1.24027880905793
192666,0.359358011084258
147184,1.9266277416504
84514,2.03893152614802
83986,2.34133571920267
50964,0.011781879253164
90850,1.69784337126861
25837,2.23379905971136
64223,2.04944588706813
1877,1.97823603826861
1775,0.698351208112672
1632,2.35766315727506
57524,0.595853864897818
21,2.19702340465205
54442,2.11655882970096
23524,2.75029778186916
146434,1.32259669216019
197358,0.949406340113122
54949,1.92787428909478
1642,2.51283451364316
55048,2.33624758602819
220001,0.451168769811577
5866,1.75161072810137
7439,0.508921924834691
2495,2.0019980868449
26580,0.449869244030099
5436,2.57598407500873
6520,2.72690660595539
117245,1.00955040150948
144097,2.11204088789774
89849,1.89869961317298
26005,1.25691530602103
9881,1.593895928387
199223,1.00837125377023
3921,2.95920692952021
956,0.276658716815503
1499,2.40648020133031
54986,0.675994750174174
8772,0.753361444782175
4054,1.99846843258656
10004,0.386346051829094
29901,2.07788457558178
116071,1.76477651176168
55867,0.071221967357895
7536,2.66824528673907
5871,1.70179360058304
283129,0.342094695730943
283234,1.32077087840217
51435,1.84502373392582
286133,0.660585833478723
5368,0.115544140550898
10980,2.65603172484716
5049,2.35096394739272
124401,1.32803651712039
84309,2.45333908111221
57691,1.35442076330915
5867,1.97289948577162
81406,0.0286506937617837
81697,0.0440046509270564
55209,2.25051183981105
114990,1.67709502592356
222584,0.633655707900959
79725,1.20774187377767
4993,0.0378567710724885
149603,2.4631494258748
84376,1.42095176685936
93487,2.22766141198745
54541,2.03843822899635
3516,2.18073661824757
55788,1.84500452359935
29063,1.35092317011087
5729,0.440229250699569
125488,1.91433952142925
132158,0.912009510552766
2786,0.10404061055807
92181,2.30525341677834
123258399,0.898783555929955
28511,2.03906061583246
7266,1.97229886579443
169522,0.0368609624667365
359948,2.86689475667536
64943,1.8103033928343
2299,2.36384056574466
440957,1.90510687114088
388753,1.68598632138575
3800,1.49623585673352
4247,0.0101380977223869
648,2.18553497979025
57215,2.24147477691459
27249,2.662689574532
5162,2.33317456632244
54899,1.63226917863814
3008,0.403524906009934
115294,2.43041611352124
200845,2.09718705341188
136647,1.50134564305961
8309,2.11376390170925
11170,1.03683394042191
3660,2.33776940739538
4336,0.011781879253164
1524,1.57569622551622
492307,0.0132175827499873
165904,0.240988657031606
84684,0.0187326529005272
123099,2.30452405598979
11280,0.0530452976713926
378,2.98676124184686
4735,2.54428848708516
11259,1.9174533268364
84879,0.637216409745301
1841,1.9552395635176
6890,2.20795508416485
84289,1.45416414110576
23192,1.78187109303063
624,1.25999739494315
197259,1.63543740618998
55159,2.03971125478474
93107,0.0082850342053478
399,1.48551172687596
377007,0.0891985025665453
91949,2.01698878388161
51362,1.59708409858601
10963,2.68625811015267
6338,1.91312291005419
55806,0.944810471290387
84203,0.0546076972506679
11031,2.43271601009784
80346,2.25518789476292
7148,0.683954192779875
203190,0.0181216355189445
649,1.51979406529243
11273,2.37092296611449
9796,0.280802933544676
256309,1.39238897211599
661,1.36330800984978
2237,2.28899480292506
8436,1.60512641808581
23255,1.11657842725433
2637,0.140194108785078
148738,0.0442022240997431
124790,1.0168302337771
2339,1.66204940448479
347735,2.79005124474988
60684,2.04342920185423
1128,0.512621812268888
1281,3.05051440057465
2675,0.119162748298756
3622,2.2381988480208
55602,1.9952090061688
154007,1.364448996156
79064,2.00926582239861
6575,1.69558966071626
83657,1.46596213328485
79089,2.23059501767388
11086,0.0225922306114602
6774,2.22473015960451
90204,1.71010394576188
8754,1.44470549678094
8749,0.0142416006900836
2668,0.0627628591308276
135656,0.0047737452018541
164237,0.0199533676763937
8313,0.518782524958
4725,3.19847533181908
200403,0.0573349127789155
90075,1.3911794989044
167127,0.0201566492701331
157638,3.10220732037016
753,0.825423017319718
146212,0.0812988122919001
9122,1.08924950839864
3575,1.80529424931923
29100,2.605431470221
53353,0.0049806933258769
10768,2.73937318229182
134218,1.99060408682604
11142,2.06103496405211
255743,2.49151440367572
51252,1.23907821389594
54910,2.56133275153009
26505,2.06324621887024
2948,1.97432050149924
54790,1.23073904406075
80319,1.15286232623946
79867,1.16228369066943
6474,0.751824440500948
9677,1.46353562108846
10098,2.32049136277888
116236,1.99826593756846
9925,1.67627144583882
54921,0.0471602662673416
161823,1.12657066316674
9836,1.41397873726292
6645,1.76271503783542
3592,0.198578647323509
22847,1.26102087912441
53407,1.89690202216117
27065,0.275619230518917
166793,1.2586407814188
85476,1.78021559268558
3354,0.405409726788792
55308,1.33960482786328
84913,0.320516672450594
54851,2.02600592484122
6439,0.0579181636361618
10713,2.41057517517126
79155,2.27363482954288
388969,2.0556196560995
129303,2.22427640964883
51255,2.90799037026958
10791,2.63555121703997
10917,0.0111658338983268
123355,1.12387801817828
4144,2.5861243491096
255189,1.95807713017618
375704,1.05628236889415
57507,0.830151498734879
80723,0.746028877017363
3635,1.66631251065624
3954,2.12243046465344
92305,2.24898617666367
5480,2.50183845686391
10251,0.412529253561472
153241,1.21075075558347
29091,0.105143115389858
79853,0.0189362275154237
56947,1.93920161701911
2915,0.0062213260747212
3965,2.15741100561943
8681,0.817395053779018
400984,0.460901397309438
10815,2.03714907342179
221749,2.28097676788457
27036,0.83028804187059
23620,0.0168982779780871
1876,1.58864243176787
10116,2.19252808033708
54951,2.01880081642602
521,2.3878386829053
7386,2.32779591900502
84179,2.62058333068973
1285,0.123484180058323
5604,2.35376522032866
5650,0.0645001083526856
5370,0.0189362275154237
3187,2.83538227014637
3667,1.282648876561
4204,1.50601368115467
65110,2.17816669375249
79740,0.0236049920866109
4920,1.10931497219825
367,1.57178814926079
207063,2.17166190968704
254778,0.161555744857729
79663,1.29810948296123
8623,1.70636035225486
293,3.16714262800639
113189,2.21221485639892
25849,1.60407876437207
53944,1.47459155925798
90362,0.722813057269883
55130,0.4977079140667
84632,1.24229672254559
6940,2.13282763457498
22809,2.53675258626935
7336,2.20791111898584
137362,0.0171022935190702
23099,1.75275918604127
126129,0.426446645063395
255738,0.0600532833173621
23214,2.1281202228919
146395,0.130636446855533
4330,1.2659787783962
27301,2.37434240949107
197370,2.21054638162843
90693,1.69395332736354
3596,0.114999975663909
440353,0.474406486755383
26533,0.0103437444480222
5865,0.0835635353418218
10421,2.34491597385143
284654,0.444171778783069
10636,1.82400302468632
26000,2.14524012723137
10960,2.77799626344001
148823,0.254993293101234
53917,0.715542693848438
27166,2.0733013337635
7059,1.95802638063981
11238,1.1237093080547
55974,2.83328817612476
1942,2.76910426966383
3627,2.76474165988622
23117,1.13037764571305
79628,0.107709920892978
6373,2.24282655668657
8233,2.30184491940181
51068,2.10365509680055
154,0.810464216052511
8706,1.44198642794146
114787,0.935514984561163
8988,0.0394476217259577
7881,0.536430817010025
65008,2.2520595533975
126669,0.825285443261837
190,0.0136273381928503
55276,2.04130668457617
202374,0.0569458532680942
11141,0.0074601518934053
64805,0.309070358828313
150248,0.0378567710724885
23251,0.381180131167325
204474,0.0119871284396815
7369,0.374019038847603
2813,0.419335527110365
9197,1.83145300311754
10073,1.59600121027888
8738,1.38234406493444
25942,1.91180479580761
200894,1.21446208445967
6036,1.14495091147254
64100,0.0236049920866109
5747,2.06870368006887
728194,0.0215782561623971
5724,1.69122640764641
5780,1.74358275842152
6039,2.50846498100371
4881,1.43699808459186
51305,0.0394476217259577
3576,0.476234221794378
6335,0.0422244019181622
166824,0.453408048784674
169044,0.367185924879962
6383,1.98131422469475
1043,2.26787085589832
93380,1.62561209764584
6699,0.0432138940104846
83877,1.81967667883872
203100,0.292087654063609
59339,1.59880476517109
25932,2.55261981545533
151258,0.309070358828313
1880,2.56745679979367
83987,1.09018895074457
196074,1.19188736786845
143662,0.165659296928695
54967,0.104224463503951
9839,1.10244073794713
2705,0.0623763134303502
5093,1.1041887797358
3094,2.42416865694298
285605,1.55323413881718
9022,2.43533395625644
283899,1.85103093961892
646,0.0390501905320824
1677,1.35784003995888
27247,2.31128575139502
84168,2.19963798923445
150468,1.2536819088498
123207,1.03098188183807
83640,1.72475545409757
10887,0.0675796689626678
200558,0.431432944835571
654483,0.656346921279831
727851,0.28065530262104
23119,0.579037462679288
7798,1.46998740664469
284004,1.99977228248407
699,1.60737998689148
83985,0.436506521386408
201255,2.10261962713798
1138,0.73191080881785
201254,2.73291401369565
10555,2.51889728178186
79058,1.74897934667304
2815,0.0306605722017031
2194,3.10680775222459
7555,2.91247311885024
4493,1.78385369055148
64118,2.52994149024883
2873,2.50070280618573
5986,2.26447858627163
51181,2.8790080478426
7580,2.42019120870636
9079,1.58414658788778
5881,2.22116067070096
145957,0.193816174198769
3987,2.01332597424785
123591,0.447144668733857
22871,0.0797855659595778
202018,2.06211742609292
7360,2.15562295159724
50834,0.323596537467463
84894,0.778959903325878
3185,2.91264786531048
686,1.21474930393663
55454,1.96794815504006
6870,0.0495192289370227
5099,1.31447968180102
6091,1.28419937228159
3175,0.0045667467349953
57099,1.78839652459927
5028,0.378973908345175
1501,1.290419385044
81844,1.99732390855698
51327,0.185871014488197
7480,0.204451677668282
163688,1.40016889628535
9185,1.74791746920978
4584,0.199887482580332
94056,2.65104048146277
3684,1.71354167512222
8460,1.41422503802401
7104,0.0520673186640733
163590,1.78557262578848
795,0.256821681598718
4071,2.79010454634233
23252,1.40927614748526
161725,0.32401556963088
2990,2.57759797515164
8019,1.84788567583843
51621,1.45468691783945
9758,0.002701491548138
23414,0.653773222865179
92595,1.7440949769155
65988,1.73588830227021
79724,2.33577193306192
83756,2.11884158366712
131616,1.64267422339157
10746,1.96748845522815
126789,2.09011675659567
83443,2.84250694237131
7584,1.62277494482592
201798,0.162754757317783
126917,1.812417205942
57555,1.84884795391374
4648,0.11336532195325
1107,2.09670053986568
201799,1.15753296009498
25924,0.544784024939513
214,2.46523005940599
7532,2.74142053721941
10477,1.80840965942379
116840,1.71199669995451
58485,2.56797664986271
131368,0.618105612677935
9196,0.484628788012869
327657,0.16446456804444
285596,0.0284494427319338
9283,0.813903863708723
375484,1.40251772968973
201931,1.7739951630058
51617,0.0878870906234544
442590,0.391732587959562
866,1.57725041571348
197320,1.04519200991634
123606,1.6578049170149
2298,0.720317668972048
7324,1.90211227211307
220988,2.81126348441022
23235,1.7030802574145
57484,0.658646235722508
9720,0.057723791780431
728673,0.233970749975499
3233,0.528616780405908
1140,0.951888588933786
84640,1.68752740040522
9121,1.80939420922133
140838,1.4287398782495
255239,0.554066549704285
147,0.580520028502045
56985,1.47080173726684
2172,0.0723688738166034
114825,1.60387894295473
373509,0.623234695647014
55031,1.76740593701713
10015,2.44910060717561
7988,1.730162297479
56246,0.0201566492701331
84140,0.603062916195066
8427,2.00873219879457
2720,2.4796173917742
84520,2.11580261927866
10826,1.1174319874047
10491,2.44126078961914
3316,0.0318642078034075
202865,0.171268012798103
54714,0.0579181636361618
6588,0.188528114923824
23587,1.86737166771103
152189,1.91301729573111
11337,0.349154910284944
284194,0.0400434172142254
9482,1.7563759710125
983,2.4604714607468
7314,2.88446661427811
4798,1.92484126769381
2167,2.82970708282154
143162,0.357622367976233
56980,1.55401263595104
10678,2.15799091656253
2353,2.87215217334124
10972,2.88059422283655
401428,0.596529842196557
6419,1.80749637033173
4086,1.71739353216764
1470,1.50478418758616
2018,0.382216136813897
1469,2.80680609394566
285966,0.688110856881437
9723,1.03590342320958
10446,1.12425743494811
7779,2.15937123833196
166614,0.788418327951571
91752,0.275321981246924
55890,1.84240290283023
130827,0.619040978891732
3856,3.41378875315277
196374,0.0410354741801234
136,0.788127078668831
121214,0.0300581105554705
4255,1.75501133716483
196410,0.832536847221712
3892,0.504325302573487
3035,1.87447768151361
152518,1.69912801904511
9119,0.0126025784990239
160518,1.12057920745352
929,2.7369666164977
202052,0.927426649173693
79697,2.11493506723857
202051,1.62000062542476
57148,1.97089145357249
84305,2.50288596633449
51237,2.32794151018561
3851,0.746028877017363
9963,0.756042686471261
121391,0.0091091168566818
4862,0.765078777494046
140807,0.129389289874984
3814,0.203313060051116
164832,1.57885220478079
53343,2.22963715415551
345275,0.643110616780319
5036,2.71004250955075
79071,1.18986407844883
3889,0.42326726240272
5209,2.1971443984774
79905,0.378323796350898
23204,2.9330309617024
5272,1.95224883751525
57228,1.2221296579919
79192,0.575665457262608
1000,0.290339679910652
153572,1.80769599343671
133418,1.80474456079853
10736,1.70366872859509
9229,0.0569458532680942
6773,2.44824952930475
134492,1.58862522253268
26145,2.0969965379787
3308,2.58629378715273
375611,0.147028078610212
28991,2.11780145844364
6444,0.73151435878508
121355,0.506846100368448
7564,1.44340590671604
83787,2.09930606225982
80196,1.99231999312704
98,1.52838977861638
80305,1.91658455236348
11016,1.74667127692297
100271927,0.412031833611392
9306,2.05172131734915
347273,0.18203603537202
26496,0.0304597993916931
162979,1.60985290142482
3219,0.38878757142678
284076,0.110633677154773
5429,1.66735752420222
143425,0.0555827213422205
3790,1.81945203273726
3799,2.56638063654968
2861,0.102015525667996
11214,1.57820158633002
55038,1.81930901333125
195814,1.62639004830782
79145,2.23182698708424
94031,2.41820880748458
3344,1.52698083394599
8419,0.137903364772905
1057,0.0372594270725486
84669,1.81289472376351
1056,1.40760742015351
8493,1.83533512358753
2850,1.93536450428326
93622,2.24251228781968
5675,0.0053944386314874
25948,2.21409482138746
84864,1.67373442957896
51499,2.43884413680961
79166,0.0378567710724885
27258,2.29629317210387
9778,2.06647040691606
9788,2.46702902358351
79188,2.38330997068407
11236,3.03223917848068
6203,2.95108344130278
5319,0.292669443244294
54360,0.454466400315985
79042,2.45086959086055
7200,0.0973945447953161
2941,2.01442352363923
84437,1.37665098958341
4696,2.46760566543622
126014,1.49975198921659
85315,1.17151187144154
11162,0.432038756516903
26115,0.995455999117808
390882,0.0089031710875008
56156,0.651100637197448
5314,0.0217811482126814
125963,0.031262604438497
392517,0.304930877856553
120526,1.16405497898616
90338,1.73495576575993
55786,1.67466253055411
112464,1.05319604694291
341019,0.0406387916047836
3037,1.03864183853359
80310,2.18352764660736
10761,0.068923416931643
414301,0.0816766944344988
1901,1.79313057689239
90161,0.0581124904196997
26108,0.510229921917695
80131,0.382216136813897
5569,0.526703192656189
286046,0.367185924879962
203062,1.49650722997714
2358,0.0792173887819751
2357,0.964593218549928
9637,1.58543057481883
83595,1.62626312588112
203076,0.0152643844692303
53838,2.0680041785808
238,0.0256268862991105
883,0.0869490986322006
4534,1.62675475509328
29989,0.0694986479199568
55006,1.48072894458092
3643,2.48671345668902
55669,1.97035094049735
155038,1.54615093280068
100506164,0.0670031148207685
4902,0.177342653872607
27094,0.75074642196765
2525,1.7308036360075
170850,0.0708393147493007
155066,1.9318309045963
5581,0.49671010188374
84522,2.41118151944554
10474,2.42176150489458
9655,1.59161013456109
29071,2.30172588849184
79095,2.29139804814395
118812,1.50196513839693
79894,2.24197238501722
55657,2.44667103308247
203245,1.58841866230432
64080,1.3561332121034
2897,0.0916285002418245
58503,0.0506962311574882
84233,2.38472652561669
55863,2.35492673014882
81603,2.45851510856867
81831,1.84478354065523
1448,0.14964137415928
49861,0.481010490780328
55561,1.97312970945677
51282,2.18085154297153
3726,2.67205716146384
219738,2.14926864947757
140738,1.67805868061077
7364,0.0238073990491231
116844,2.36745692752249
79801,1.15482308665562
25928,0.238967626702427
4884,0.244860834333613
283742,1.94673570920322
90594,1.79244506254877
126070,1.97101068626056
2548,2.60732638466466
124583,2.5163240806114
3777,0.415135311110817
84287,2.40492571007161
50515,1.67780379702337
51013,2.0643222460953
5223,2.12233229505992
55636,1.5449443658753
157570,0.570376936951535
3880,3.51353474387182
3866,1.9306278530062
541468,0.19693959967572
8687,0.0300581105554705
1184,1.10147706351136
11076,1.95937985837638
3752,0.763039341302226
8862,0.821421459268692
3860,0.481577028514767
3857,0.011781879253164
27115,0.499588952413777
64979,2.4456660405735
51545,2.07777359506867
9,2.8477774130873
54474,0.0142416006900836
392465,1.00078000992288
283455,0.290922772964898
147807,1.98502463522496
4163,1.34433652814448
342574,0.0298571944893556
57684,1.61118280521924
8941,0.0324653828330247
92126,0.20347581868271
9533,1.80592761585052
171023,1.81665430648106
65989,0.778073101018749
54811,1.64818251197739
24149,1.75047122468717
93134,1.98147124607127
147179,2.01556786257818
84525,1.16968605413396
126206,0.0891985025665453
84230,1.24972240526121
26156,2.54920029248732
55144,1.94984266959297
133558,0.0045667467349953
138881,0.113728858571093
5481,2.03234809956843
255631,0.328471152882184
2110,1.73782161196947
59350,0.0693069482704467
23566,0.174142274422195
5734,1.5266867838495
6902,2.69050198528922
4761,0.0086971754034013
4135,1.20908520045234
23440,0.0384536920503017
9427,0.271895497979454
598,2.57954990013747
5356,2.04432691464722
201514,1.22717108207786
1826,0.025020825205399
64446,0.009520858735307
10316,0.266652437449185
22883,2.72379658164288
51523,2.605547263729
10782,1.37987425986851
5293,1.52300580884227
171558,0.224199023174686
84275,1.98796208673239
8507,2.1001074608433
80176,2.10555560621568
5031,1.22000056136317
2186,1.98952272741947
170591,0.129567571269748
284307,0.432765081308646
27197,0.377021899389757
2857,1.74082840239282
220070,0.0777003520403405
57449,1.87105735346753
55729,2.052067102394
198437,0.117536342262086
10287,2.14495500486579
6919,1.95560450703868
203859,0.0555827213422205
8841,1.95141646912089
284680,0.494376551906965
10243,1.71368542271892
57687,0.0886367224100169
55092,2.19707256350737
23261,1.98166231636421
3960,0.196447232976195
151827,0.229887525251903
5053,1.22028491619673
79029,1.65372947489265
2628,1.18181118725759
93426,0.0068409645610921
115861,0.13737381964589
115727,0.732544641789542
4807,0.128854213171788
200172,0.123843276378059
596,2.18333492943059
83695,2.38581559176106
1503,1.56174641845609
8433,0.0221867865316464
85442,0.610293424174027
83889,0.0029089440711514
92342,1.66441952434092
54777,0.213342113419943
1296,1.77705460000108
170394,2.13195482452308
29930,0.0370602183099194
163255,0.529571674315259
10218,0.166852269781964
144699,1.25860765087216
5394,2.09979408058863
148268,1.27389536494081
4815,1.3033785922226
4300,1.29179185534304
55138,1.23649660824899
6241,2.01528678754019
51112,1.8338576729835
3456,0.202009801220362
6227,3.1854862128616
719,1.99493887775211
55178,1.71806674244245
5728,2.01451119068149
6201,2.85519714555468
23627,0.463923989374142
246243,1.72935614726881
5621,2.48466161565334
128209,0.0086971754034013
146,0.0698819152678692
84978,0.149467414650981
361,0.0664261626900539
554202,0.0380557917082188
57834,1.68705592311388
83660,1.22021384122646
654346,0.0503040803202519
51030,1.60314552793543
10517,0.0123974780415539
7764,3.03793990223021
653464,0.98434531117767
7857,0.402769653907842
91647,1.21349161616308
126410,0.289026126412256
27023,0.0223895328412295
10465,1.70735556319859
83450,0.456461387398806
126295,0.260768713532699
149840,1.31537450239668
221037,1.82219059744739
92483,0.156914345654153
11346,1.86173859469298
80032,0.0485371324516474
4118,0.630168673628609
115196,1.31388229370394
83452,1.31016338278499
7064,2.20903412769294
2596,0.169063147349782
253152,1.35571942666547
3913,2.64723886949068
10869,2.06932074295377
5859,2.64601321484743
94103,2.5307299047655
8293,0.125994565263373
8462,1.61636724151481
131578,1.72036342075819
6606,1.6500089098898
9451,1.74012785359566
126308,2.23453521313458
51315,2.46704369777794
10201,1.79356524963756
54205,2.43715624948623
926,0.951043489924403
55106,1.28637515552327
794,1.18116345241917
285335,0.201357377395245
8383,0.0039454490619983
6356,1.09201874611887
257019,0.826934405388962
6641,1.05902277481363
27085,1.00088393523491
79736,1.23073904406075
28998,2.03852636538729
10892,1.55117052641025
5617,0.0189362275154237
3669,1.63018149904864
154141,2.26394191569918
3400,1.57532457913509
2845,0.0146508621545966
10663,1.07336553095685
1051,2.97708795373499
566,0.584163809640779
7177,2.03984007623224
10605,2.40063697210964
64581,1.70358852855175
375444,0.875489389553269
114900,0.0740862832627668
257194,0.521789749215274
7690,1.71840296154956
140733,0.678057686846185
1798,2.28741078356696
682,3.03417884088431
25988,1.35756512397857
253782,1.55637736253483
55304,0.817186110546771
55352,2.54426094821092
112858,2.03027591225619
8708,0.0818655711838594
160364,0.30578913394747
669,1.87978880421951
10248,2.67988222211109
199857,0.898415572654089
8801,2.59033613958496
80765,0.49024682365998
27254,0.475777714148512
10231,1.36683151534533
3603,1.0924641669615
64137,0.059471517423572
2783,2.84564546450056
220136,1.53074833023222
390190,0.0123974780415539
84331,1.99854025991191
79849,0.0946095302476571
9854,1.77407475863494
9915,1.17867990109019
55970,1.94283598182146
83886,1.05414740127451
51778,0.0719867467506061
171024,1.27460348075291
150353,0.0416301479021601
10978,1.64000271228382
10022,0.0733234266047182
146779,0.0177140457770852
143941,2.11463427355389
221421,0.233500677344822
150678,2.3158960590699
54676,2.13425950543023
55277,0.675047155648147
283189,0.0103437444480222
53342,0.608777391227574
10690,0.0797855659595778
9338,2.1988752524758
7572,2.3901468133564
79694,1.43699808459186
142684,0.199069710455529
79919,2.17337034289851
189,0.298463586050286
4299,1.95231505638373
134526,0.0111658338983268
9158,2.27241435956176
57571,0.293686531565202
284433,0.0076664475141711
54971,1.13341342464688
5499,2.56968848404743
3054,2.07582333539942
170370,0.0378567710724885
1521,1.79102699828174
348938,0.0687315852068485
118430,3.22687465053751
54221,0.14528122128287
5139,0.48519253621766
10125,1.21215894472912
89857,0.883517342075788
118487,2.53311612523805
122704,2.07887662472389
10924,1.9930625024149
27289,1.80117535534097
5883,1.78740588349184
30008,1.89906994830581
121275,0.117355432003351
729092,0.0284494427319338
253725,1.89714723698949
80194,1.78154721023336
64393,1.27678633720574
93550,1.12459448408642
387357,0.643381450972314
4342,0.0258288102084853
148203,1.39081867718766
91607,1.84818126724023
161142,0.108258914477887
6363,2.32176674850831
57175,2.34773713234559
84750,0.794649118838431
55222,1.31890912831996
80198,1.84462012948003
29942,0.0144462560950847
221468,0.292960175240493
169270,0.913628341252961
256076,0.0142416006900836
1072,3.01627320434379
23023,1.91261895990264
79612,1.59090850828568
90288,0.226416048171687
80011,2.43660836401356
339122,0.159324303618878
283985,0.0374585887741673
55871,0.95899766006323
3222,0.152246322955713
326624,1.5506299066144
167227,1.83488259703026
254122,0.377152189604927
6169,3.04866551567559
9420,1.00785786014944
5017,1.35397792458159
5916,1.84280867553499
283848,1.28029879485029
23491,1.07607350527829
54961,2.58555809145919
8824,1.93606284940216
57546,1.49858968613709
6670,2.12886013954361
3849,0.0314631865193807
1657,1.57645630098121
254042,1.10165239619556
285268,1.74364376849714
51162,2.19165729958163
55191,1.82233263522574
1717,2.43568336864099
206338,0.226257893639977
26960,0.918459843786634
84153,1.7695599980601
26579,0.650743509697708
338692,2.20460868743299
116535,0.632648099886985
4615,2.4249512290687
9943,2.11373038388066
9390,0.103120732107382
23133,1.92380663853486
253558,1.46509529707401
130,0.110633677154773
541471,0.545925027972436
150165,0.016081724652309
100288801,0.0386525717956126
10524,1.55267728798594
344558,0.734205607784335
727936,1.20508194869655
60495,0.331934259048962
79877,2.30681085809792
93624,2.08720758513341
257236,1.57535998667692
156,2.25486265443614
5970,2.3379922322634
132884,0.45352571816702
340252,1.81731186226868
283450,1.91013055940272
55731,1.96272524832957
54796,0.524784518691775
50514,0.0082850342053478
339403,0.0548027927666294
10855,1.21893292383351
27235,2.04420541519315
160762,0.0246165431357565
3310,1.93739471867312
51504,2.98514667226582
54674,0.313612585307758
22992,2.3995437295046
142827,0.0923747627007558
203054,1.61221453908482
78988,2.4761082036969
64318,1.73851353341704
2101,2.18167472080402
29984,2.72944793314863
150684,2.1123630781893
65059,0.392754257344239
4580,1.91409649542409
111,2.06475506779423
54625,2.20944291141568
10800,0.659087533302662
165631,0.731831537556804
1163,2.11468681117526
225,0.42973404933895
22885,1.69866867739799
126868,0.0082850342053478
260334,0.245169792620687
91749,1.05119321044061
81839,1.90101700654323
2745,1.51077918707807
9657,1.96741768390771
91683,2.03740843773073
2804,2.46049645946565
10655,0.299905414275566
158399,0.729051125921464
153770,0.313754102032034
144195,0.776740656725372
56834,2.08666629949325
6623,2.16133737905521
79812,1.88583196386153
653784,1.98377143921928
8658,2.07721818920435
203523,1.12636075435597
49854,1.58057112288573
79660,2.55905053200342
391109,0.0068409645610921
286042,1.08965231197181
56977,0.28639237520262
4296,1.77975583579007
10221,2.97975228533242
128822,0.0489301088118718
10089,0.239123273486571
713,2.97875775085177
712,2.99145603464558
79625,0.319955376407141
4973,2.35472952610618
256710,0.368636516782657
1605,2.5182431008139
3642,0.0996158349795007
1600,0.059471517423572
64801,1.92040743229657
51126,2.66369295746596
339834,0.225624961385223
122665,0.0422244019181622
6288,2.6817816984952
440574,1.12104557195009
254102,1.85260876316425
83591,0.708767642995549
79102,1.99104376977286
26472,2.71297037749043
10534,1.99893180817693
155465,1.66653042169753
6599,2.40804868655968
147687,1.3354901937438
5797,1.73050194684041
2286,0.529359584896968
7423,2.68245376518776
79834,1.06883974338189
8793,0.666546618451074
4485,1.37574909558947
8794,1.28901207253924
29925,1.75216141133412
92597,1.6852346799306
90441,2.31722132869884
1464,1.41604395111558
257364,1.91460667931993
339778,0.570176597356461
64859,0.968715555026732
165082,0.106977361309365
126204,0.0150599263207783
1106,2.00394715500879
2829,0.402139697844027
29903,1.9123341910499
10803,0.0473570995805846
51134,1.56727145136588
27284,0.0332662841654657
11163,1.95736603606903
5091,1.57703878287067
286205,0.946289419057401
64802,1.41638733605404
78999,0.98048869137709
100128327,0.0191397532419228
403314,0.0097266548872287
6573,1.33571963343737
27129,1.13597917322553
9986,1.86362490994009
7388,2.88089381076261
80835,0.0386525717956126
1964,2.43055599684701
100310812,0.0996158349795007
256643,1.326200276691
5707,1.84644282575525
10149,0.215108412764069
130560,0.0282481437700031
56667,0.0382547653609949
26032,0.280064500510198
57493,1.84094075897636
124857,0.299040637766914
79703,2.01458005772823
9804,2.9606072986676
200159,0.511318122220868
3267,1.72309600417371
6777,2.1473995991549
924,1.35483558264456
1267,2.29447242216089
3728,2.86609506459547
9001,0.363746233807929
91646,0.129745813935983
100874114,0.11844029781928
10209,2.97771876615343
284131,1.41323911592483
57674,2.46837766164981
220359,1.01287034435258
81033,0.0128076294222381
162333,0.0694986479199568
1263,2.24422233287267
10276,2.30748344367802
23333,1.44950315656585
55025,0.0742768884659622
162466,0.165659296928695
163049,1.99283062252153
80012,1.74420465947259
26996,2.31979809481265
84733,1.3896054843319
6712,1.66182931842536
27333,2.04697846892335
83759,1.88850930927996
84833,2.9360650866904
3212,2.32550121244
114897,1.52719635656354
115123,0.713264721701053
126074,1.51061703407694
353189,0.0318642078034075
5936,1.72672585348211
128344,1.92142706503933
152002,1.70763382127934
165324,1.43615005762073
101928879,0.0775105280642577
84839,0.0223895328412295
220416,0.0754196057556881
8557,0.41563067786301
9973,2.23698989157287
375387,1.43392898463402
84984,0.96728961735351
80311,1.17387275743256
200933,1.77854239341516
220082,0.0380557917082188
169966,0.0084911297831118
2787,1.20001853167766
253512,1.58217909361438
947,2.02615167052778
8722,2.36260141335713
253827,1.41714686041073
23592,1.82161180205973
283951,2.24560906855786
81793,0.361621761912996
7096,1.43868984810714
10333,0.614257476097609
345757,2.43751616179011
285704,1.23797821719672
152877,0.715867491674188
57495,0.0105493414072734
284613,1.24536061314904
2940,0.0852580403731478
254359,1.84954206721851
105370792,0.11008626111996
54931,2.33391738633799
6403,1.37057260477081
348180,1.43463890600333
23269,1.65299677701207
144577,1.31271544596504
392509,0.34427399785361
169166,0.266050998397071
54872,1.87253313917929
10594,2.29882812801029
112,2.04378854563193
387849,0.131881710470116
5306,2.27271082701479
9416,2.46278911441752
7634,0.104775777140435
741,1.87966525324446
57659,2.29707481942269
8711,1.75097537514081
23051,1.30047477222377
23612,2.61551061606413
162515,0.151725998691835
201232,0.993933721704522
148979,0.181199928331334
55584,0.0086971754034013
127435,1.76112434448265
128439,1.43737452569716
219833,0.545821375405253
9156,0.945550387679018
253959,1.27905609133458
3981,1.59898994794277
7201,0.0074601518934053
100873796,0.206886142615545
389524,1.10265953168481
137735,0.0099324012091867
488,2.31850175858462
55055,1.52205640795966
6124,3.18302677764473
10302,2.14422140763893
147323,0.043016088629042
402117,0.0051875911285856
400073,1.36284546700668
170261,0.178854214978051
26047,1.33589164739242
442117,0.0320646470462866
582,0.271746180687016
10260,1.49736211237921
9543,0.950705125675716
257144,1.16042773548232
400986,0.43674726034626
115019,0.0334663908138561
148808,0.447025981547705
246330,1.57953701785357
148014,0.149467414650981
283446,0.141600615410859
388730,1.36079989724777
65003,1.98768009477456
53833,0.723776535562994
127845,1.84677771032543
442171,0.0780798702999492
79647,2.28732111197202
266743,0.0390501905320824
55167,1.99359860199878
162968,0.340456150726752
133022,1.11981524935542
1240,1.27665817848508
90806,2.00195279160356
7368,0.184205870750288
339855,0.0645001083526856
124152,1.04678223663924
6578,1.75430954380239
10781,2.00257997628441
3177,1.96536680882722
9024,1.44542346227275
11041,1.93269020364898
153339,2.42462868433467
3952,1.79461748380593
285590,1.70722299776306
55196,2.29382921744056
51574,2.29588473689873
143282,1.13158556720385
9975,1.95052320784861
140886,0.233814089985744
25855,2.41042978911177
6138,2.94212782561546
132720,1.71587503234474
3265,2.64658385768532
151790,0.0140368959186701
6731,2.42490811780392
126006,1.81171031422064
9610,1.28128453982162
152816,0.0769407965432616
152815,1.489084355842
9662,1.4792828232392
8322,2.03213302737104
57124,2.31175859938306
685,1.19080169751405
5174,2.27990149612569
2015,0.422776924088062
201627,1.91700308744157
201626,1.77424527086922
11146,1.73383408414812
201625,0.0918151287903754
10897,2.41870465469188
254263,1.19468538452761
277,0.0232000328901817
171389,0.112273749424129
126328,1.23566791801402
51319,1.77672704108814
257062,0.0384536920503017
81876,2.56527594421604
81490,1.78785746183815
125988,2.43838359340491
285315,0.912069541962414
26470,2.25739561925801
253982,1.10619252901856
253980,1.9265020857827
9934,0.883831331950872
155185,1.25341437643169
29909,1.20908520045234
344758,0.0049806933258769
388611,0.403524906009934
2523,1.48059961440485
170506,1.7657745757913
84107,0.0031163460570424
26259,1.60559128395204
653808,0.0675796689626678
64837,1.95964710368398
6580,0.406663655326749
1488,2.15463372422076
9435,1.01011352673892
79683,1.1604672873494
545,1.17302243139306
125144,2.31229509245004
11065,2.63044519362231
256356,1.6503853516053
80124,1.77650099205181
1674,1.38454112819021
149420,1.91556858486949
92369,0.629524414681423
7189,1.37582873798468
55279,1.58104359878911
201158,0.548511483131424
56945,1.64296499474357
55690,2.13609979170118
65108,3.07704400315437
80851,2.0050977170749
200197,0.400499341583719
388403,1.08942856657317
253559,0.131703931397248
28,0.363082971728615
5708,2.61063424230839
22843,0.509140088022557
131408,1.17610838496337
1466,1.03078417329412
3626,0.0579181636361618
55486,1.66412758936353
1649,2.13552346857077
5095,1.3324983165343
10540,2.15911837308716
4878,0.251323767726425
79797,1.70570893611368
10106,2.4531717759036
9793,2.37425632674805
392,2.39527628939224
10025,2.10481034107645
9776,2.10662180352894
148345,1.74726457232704
8534,1.79967923553991
23015,2.38849537534564
146177,0.111909570608108
9537,2.44901404913493
378708,1.44387043395045
22845,2.21827223237686
254295,1.98800235443274
117144,0.381439265338426
642460,0.0487336436053482
9134,1.10762574107469
85007,1.77319839166489
257629,0.0062213260747212
1474,1.27918368034499
196996,2.08168516248364
162655,0.40891546953685
27257,1.59944417532235
5626,0.0366616595234452
8815,2.94170432729912
319,1.17178329613055
1139,0.0089031710875008
56674,2.58487251039724
56675,0.681823651482598
5771,1.81568664757894
57758,2.80882006073381
84285,2.25156377277905
4087,1.55931680227378
8665,1.9640125698873
219749,1.59306137606945
285598,0.58022376339957
1212,2.54643957005302
5122,0.101093391034403
4023,2.34222844582319
317671,0.254230213070546
64770,1.84126074151813
374403,1.17764503385802
9092,2.31500686765273
55844,1.97671189079283
79772,0.986317718517487
57804,1.20090244471975
126364,1.56826093263277
23529,1.00166280591012
645529,0.0382547653609949
254187,0.156914345654153
143630,0.307074743055427
387787,1.12636075435597
10008,0.798172904400858
57010,1.09259772679169
144245,1.05252918752626
10589,2.80028770876379
79836,0.264696077451182
7352,0.439270328504358
7351,2.92715216346236
83638,2.35331027530038
80227,1.51575914448546
51642,2.0132003378185
5870,2.71260998847988
5029,1.14238442361103
8061,1.4353005947826
2072,0.815302591086775
79783,0.720962526100056
11007,1.85752063490183
54968,2.10176437129221
100128782,0.454936293324108
6199,1.85465938150189
116028,1.60930999168514
146691,2.08072690196197
58492,1.49477201779405
165829,0.0761805481519545
205251,1.45729259045446
126695,2.25453709790806
146712,1.28061697466471
22877,1.89179485643219
283171,0.101646795135895
7025,1.35389485035634
400360,0.0175101773978301
134505,0.509140088022557
54998,2.82059741624875
158135,0.850117862764857
253314,0.0154687933557568
401505,0.538632950996142
151009,0.345904422851516
646383,0.370872917943665
400359,0.0501079362162316
55508,0.787835700154806
145270,0.871148856168316
169841,0.560290235449423
8607,1.89372615410925
2810,2.60885847636967
387747,0.0290530521054448
4482,2.44751786920994
643677,0.0708393147493007
23399,2.13079231742738
2118,0.697767799418261
375757,1.91467141795904
202309,1.54316667313448
10458,1.87441509896261
797,0.0138321417599086
200407,0.0777003520403405
135886,0.459852225060869
3234,1.18059129990353
388474,1.10983374436425
340481,1.72331336634004
54084,0.109173093423369
79666,2.84103297171784
2,2.84871739872427
379,1.66709649788464
285489,1.27173308411142
57633,1.04078464725024
63893,2.2316322232712
93129,1.90162771355453
340359,1.17077448734441
285759,0.0238073990491231
84747,1.2668931535091
163259,0.62490515211178
400224,1.89918771077538
56676,0.0824319443491516
84617,2.12908044010598
116068,1.81309180105065
126792,2.39225045231432
79898,1.66392312245711
56673,0.0704564866776887
344805,0.0089031710875008
26471,1.90435201015783
9832,0.10090884072198
54028,1.29829416859777
153364,1.32162567409008
286262,2.0520104383205
23630,0.120966104722507
257101,1.53384940237708
113829,2.44306379694987
55057,0.442382313640846
9807,2.16736840443572
8636,2.78819804201174
1479,1.99305587921897
7525,2.21798417406763
79643,1.78474174941319
10301,0.232088789431688
402682,1.02272151874863
55254,1.65556349715683
55346,1.17026940476544
2877,0.679857667277522
284001,1.87647526191372
124535,0.0579181636361618
8877,1.80855644057152
664,2.18128711986925
150350,0.116450284130402
339344,1.64751654400938
1149,1.41106331482163
390442,0.0162859366995967
79915,1.12189254002326
114926,1.68740264605331
342908,1.58693563902042
25914,0.756272004839781
221060,0.367317911104096
414149,0.706137332948042
29882,2.16577105863112
339487,2.08417640814749
159371,0.507174256635015
7694,1.75688511960599
1351,3.02844559992523
255061,0.628510801667826
54993,1.00311401655864
285800,0.284190784116734
79369,0.493374170479916
246184,1.8351876147416
3291,1.62438693733599
51379,1.74926849856659
6051,2.8226615990836
163126,2.13836004765972
63951,0.0382547653609949
126272,0.818716801890489
349149,1.27672226165845
9699,0.935803977962064
56888,2.10687078247802
84277,2.02343399423663
283377,1.41316509439566
155382,1.40332343281005
161198,2.09920140157473
161176,0.724898852128431
1196,2.35142700720551
254531,1.87044387330172
28232,1.0056452715284
284346,0.562825331052316
79446,1.36574991088773
112869,2.08601569762325
11145,2.29710851762158
148252,1.42017360464724
653583,1.56799127964571
222171,1.93188514977899
2788,1.15590061677553
205717,1.28775801594186
124817,0.927543777478987
100128398,1.04654156697274
9920,0.221339473426536
84002,0.689800198137261
80122,0.0264342928541542
84823,2.06888240964138
51115,2.09733738988769
51320,1.77822723355792
150280,0.0352652184723042
220441,2.03425446539076
4642,2.00336089963833
2300,0.206886142615545
9884,0.273536117035666
2303,0.518244203081176
627,0.0346660352741282
79635,1.16433001446252
197322,1.41515989039762
666,1.89048212207277
283933,0.192002317835344
401466,1.99506408287823
375189,0.898170130896521
8851,0.930115036389723
644809,0.328609976185221
256536,0.811800115900924
344148,0.594209500954196
80230,2.23547259103619
10409,2.07827010438919
374819,1.3572075156393
54621,1.8258579169311
284424,0.010754888621307
10265,2.60043978968732
284207,2.31747201696211
157769,2.64356963559193
343326,0.854274561673279
55884,2.19099603955311
2902,1.25240995635107
6664,0.126889275567633
7298,1.57053784204968
5827,0.877711979798209
170082,0.87306745204969
9240,2.18748024727635
56892,2.12284621904723
284358,1.53742938121451
23141,1.83901565643353
733,1.00847388002563
2524,1.72662437205151
374786,0.0386525717956126
51301,0.861988226380312
200958,0.673061574935142
51078,2.22484175916458
84901,2.05691939386284
4062,0.239590030737812
387758,1.47154885908473
23625,1.60266150684505
6470,1.31822780427056
29952,2.82444127093781
107984399,0.0130126308322217
9632,1.8923683734519
140775,1.37084070680438
4524,1.34233007363216
147685,1.81648975622463
10522,1.93614718117412
345778,1.54986453301627
283232,1.96316198395553
147912,0.833760175571216
3467,0.0140368959186701
23403,2.12284155032315
54503,1.82677224426046
153129,1.19128863829982
340485,1.23997033613278
84942,0.798961357195733
5426,1.82523381913558
150368,1.83750236850147
6330,0.91092795988019
57453,0.241454318250322
391,2.62271395902521
64787,2.43726966792376
283576,0.0140368959186701
100129827,0.1250988793227
196527,2.04040168844264
403341,1.33229632671732
124903827,0.0382547653609949
171483,0.0039454490619983
440672,0.0442022240997431
125228,1.39973836714253
6888,2.8773541444923
8408,2.03387396483428
284716,0.818369234243295
157807,0.0362629122582597
6197,1.53152547787223
374907,0.432038756516903
80324,1.74982216745624
80205,1.55299291684598
171169,0.956543961782062
347862,2.18756187369516
404216,0.0723688738166034
493829,0.0097266548872287
11253,2.24905759358985
3738,0.368109348476464
8325,1.15804955211264
219770,0.0164900995891271
162517,0.276064893344208
3737,0.0244143296379668
7156,1.48313688170033
57513,1.80592761585052
253461,1.61037875215363
286122,0.201357377395245
283982,0.011781879253164
79857,0.0526542428027862
64925,2.26460874593227
144203,1.00052011843558
221091,0.709423625810316
124871,0.0193432301006561
29928,1.70117575126879
3090,0.761979380254185
8541,1.5438104325877
64110,2.66674341116606
89766,0.291796596737495
100049716,1.40140780288164
219285,1.99512996389288
441951,1.85429327740487
5074,1.88973375893807
7050,2.33898316075772
125170,1.65292194534115
266812,1.40840510811005
100131759,0.0890112847364733
167359,0.21253795878428
930,0.230517079620253
203111,0.130636446855533
343172,0.0436093653522559
7182,1.59534008927202
2828,1.66944030756128
122970,2.26125178640674
167826,0.0123974780415539
284119,2.68960173714799
10425,2.1438870523626
375316,0.178686403225395
10009,1.84831469077039
79413,0.466587534615047
51480,0.0646929135332517
79191,2.91459139496457
51046,0.002701491548138
56475,0.0557775902066152
127623,0.0334663908138561
79751,2.11312173322948
79874,2.12547438206506
4808,0.0320646470462866
475,2.06088006818609
148109,0.0666185243177208
79718,2.43443958720453
401474,2.02091216378879
9332,2.04174962673708
497661,0.632831409988732
282756,0.0264342928541542
55367,1.77021443873212
126069,0.818716801890489
6181,3.24733378969575
83903,0.546753709509105
3725,2.80225052663853
23283,2.134562361595
79605,0.913448677817476
121273,0.312479520406838
2629,2.46786755534231
255082,0.268003996365478
28976,2.05676277001973
23765,1.51965480340596
57104,2.46194946089568
619373,0.123663747828285
57085,2.39066044233183
283316,1.17367961429919
222183,0.985145706929262
168451,1.74288663731411
283229,2.53106039688385
387082,0.504105689283315
54943,0.797814202369878
254827,0.48979896526174
977,2.84565539107302
100129540,0.157259062738087
5441,2.88311206127123
56975,2.01912259999861
25945,0.409789355856329
83650,0.0588893471988714
389289,1.04325873365194
9772,2.16015817221286
2314,2.27657085711345
6666,2.04218622749319
10949,2.40530557654889
648987,1.04335554707409
400728,0.153805305216018
105373159,0.83097032510414
58529,0.380661596988309
3766,0.125815506185868
66005,2.17487704684848
56127,0.258949460877317
253639,0.86146819790389
9849,1.83616020628229
8269,2.00511055293505
374969,2.02749715561634
285267,0.986743345003188
387856,0.256060367680391
1176,2.56660985255173
2885,2.67356786637811
360023,1.96525294913119
7334,2.44527888249962
645961,0.0068409645610921
151188,1.68904936398456
30832,1.07115317588797
93661,0.0497155105434259
158056,1.05214778735185
113746,0.0089031710875008
51272,2.25453390461033
6232,3.25969926231851
60626,2.28227482763651
55272,2.21307493137025
140461,2.1131792874788
389812,0.009520858735307
440836,1.70724951403052
283417,0.415506866858674
129852,0.0485371324516474
285601,0.112091680115918
388951,0.0089031710875008
388886,1.7039359572204
55929,1.96646100827135
92949,0.578839552688303
254228,0.624534285146517
3615,2.73038788955877
259173,1.53400393130343
4291,1.77058140676198
25915,2.50807931806015
205327,1.93775370705623
54762,0.572077547613224
55620,2.3631232727431
170572,0.015877463426456
83983,0.474292102222012
51027,2.2383764685645
9659,1.5544939245648
1662,1.68225748343049
727909,0.0735142061810224
286187,0.0921882600032804
4729,1.05295796912743
55152,1.74492300425756
163071,0.179189734011994
85460,1.26072393752452
404203,0.0858221088259321
167465,0.309924054712596
254251,0.891444771864657
84552,1.45507296527511
285676,0.51457296430215
25970,2.06601230550396
340152,0.687941692182082
57191,0.942528234734327
143888,2.22432530410721
5339,2.26426464208734
387694,0.0465694896604753
285498,0.198742368383381
146547,0.928538478856166
125919,1.35264714357115
441151,0.0246165431357565
63917,1.65200800391524
114798,0.0406387916047836
157927,0.0140368959186701
11180,2.61054923467197
7142,0.0152643844692303
348654,1.55445691966358
360200,0.544264786587346
282679,0.78900043922462
8834,1.92669840559688
117608,1.62451437879405
26251,0.106977361309365
152573,0.140897664497433
810,0.0150599263207783
51806,1.97045629429651
90637,1.95459643490804
389072,0.760006375648981
7766,0.318550351800255
164127,0.211249627942036
84792,2.02043782817124
79962,1.38032180616365
63973,0.0795962166369358
100653515,0.0848817820027076
57673,0.69735077186513
221294,2.00454536609329
439992,0.765832533860174
113218477,0.172114443173016
2731,0.647969496203478
84987,2.44866236803381
157777,0.659881157128429
79861,0.770411952432598
284393,1.80667587187354
54681,1.97373600822312
114131,0.0217811482126814
196403,1.69778919920437
55175,0.603827538312195
404217,1.88939783556266
788,2.12302825193854
767,0.675047155648147
940,1.1047121656489
9852,2.20018551733061
2066,1.74521487256452
4094,1.73645927285227
56998,2.33879312047919
768239,0.0058079828238362
8225,2.39993839215722
2081,1.55696670896135
2859,0.432280943422661
80034,0.1272468869287
349075,0.738065254152578
84875,2.20389767117828
284254,0.357889646800717
23512,2.01325687935432
63899,1.07589030846295
115207,2.31635959389429
200895,1.32736688536873
441876,1.26728455576611
54913,2.36635191803061
2907,3.02309263388003
285668,0.0097266548872287
392305,0.13507515807804
7056,2.08316735784321
2814,0.0526542428027862
729420,0.0675796689626678
9377,2.91831960944652
415117,0.209636292875274
151176,0.140370054462992
57184,1.20508194869655
22882,2.22846274890533
1370,0.171268012798103
27132,1.09605956566353
389336,0.76703676224159
124599,1.09552831433093
220032,0.0084911297831118
284485,0.862377969944422
4351,1.66077141057941
646023,0.083940390516352
132243,0.0213753154909553
375593,0.0244143296379668
26873,1.5720912955338
339456,2.08939035241198
135932,0.364673832571996
54546,0.0829979322484961
124989,0.496044134552863
9242,1.23307015760592
81575,1.71841588792134
144347,0.451994555382277
54512,2.13930206247448
147991,1.66706748562537
6879,2.6516448162771
285346,0.55835751996162
2304,0.0154687933557568
5198,1.32943127173447
79415,2.29729660217739
653499,0.0404403802309502
79818,2.64451584906956
399668,0.999271081658754
2580,1.90354581175652
51341,2.39943989445712
7284,2.85399512270188
127254,0.319955376407141
80010,1.51469487779652
80169,1.51481547836746
55030,2.08448792359473
284029,0.992512983449658
6415,2.77442887614793
27335,2.62915035941525
114932,2.74693107253168
112574,1.79397777636254
161829,0.19282730473099
9212,1.75188615733127
80834,0.0213753154909553
317761,0.0540221383132408
93621,3.02100625576732
285237,1.94745889620725
127707,1.00780649672358
84314,1.03912951861631
23212,2.31567597912408
283849,1.26394857446775
55920,2.66123566901037
283284,0.719995008724101
375759,0.0746579682411712
132625,0.0103437444480222
124904701,0.202987443710311
220388,0.638217418206289
286499,0.0318642078034075
54344,2.63712212058884
374470,0.172283623174845
1537,2.77707754613784
5187,1.73973406812163
3355,0.222293796243955
160335,0.967344522545387
84667,0.0286506937617837
2193,2.52119164044286
144108,1.85512826962151
442326,0.360557303595763
256815,0.0084911297831118
55095,2.25894343127167
168537,2.25238752455695
59344,0.405033140195727
80153,1.83435074046717
285343,1.43840828372704
100132673,0.400878202530698
2517,2.34057800541925
222659,0.0260306859239784
199720,0.0850699324727219
79492,0.052263005646635
343069,0.0694986479199568
128218,2.25447322616804
144348,2.60367656233037
811,3.27150507111553
197196,0.0508922379282558
9500,2.4138166719245
100506127,0.515438460288136
143458,2.08928280370327
1002,0.23631695103294
100128310,0.0530452976713926
440087,0.0130126308322217
5886,2.61833512364464
388939,0.0072538062085478
90480,2.5669463934752
199699,0.194803829985156
256472,0.052263005646635
5781,2.38781965833137
79730,1.22906288784899
203430,0.0975798800301689
727866,0.092934019355804
23302,0.206399840653189
54734,0.311060856788946
1198,1.63408227818076
3119,2.28458454097913
2624,2.30647267937367
10620,0.928421537677417
203562,0.198742368383381
23241,1.7534873540099
255520,1.95754756062527
1960,1.63245707383155
257044,0.69643240906119
2262,0.0076664475141711
64856,2.61674677173867
285908,1.16960822841487
50628,1.42998251822319
541472,0.0197500372972908
24147,1.66596363376469
100130264,0.0733234266047182
54813,1.26276624304578
7681,0.0979504261429475
10472,1.72194346590791
122525,1.18556849157064
242,0.0390501905320824
645212,1.38132079799518
81858,2.4605264551753
85474,0.831583764577819
144132,0.552630482816748
139065,0.607163007489128
3352,0.125457270894805
79571,1.79092864900482
132228,0.124022765722675
401967,0.0501079362162316
146310,0.198414892898551
4261,1.03531497849681
161882,1.01169768796216
247,1.23028558978704
201164,1.35778506839746
2918,0.190845914273448
23580,2.29539111877176
400126,0.573674412671791
341418,0.0053944386314874
100128927,2.24978712343102
144811,1.64267422339157
84232,2.51696057682496
122664,0.0109603861112779
2205,0.996712928060309
80117,0.0209692882026594
340390,0.190184365999048
126205,0.0668108416886656
91523,2.12637237125808
729614,1.14430019923469
9582,1.32291996827188
342898,0.0461754078434364
51268,0.482934935387062
2307,1.08799455909091
220202,0.0352652184723042
1003,2.11142455961346
116135,0.0181216355189445
9431,0.0816766944344988
91663,2.55198816944244
117195,0.326385800185718
727957,1.71237689925407
9792,1.78567222205501
644997,0.12527809465136
9495,0.47463520242727
284353,0.718702820145653
126326,0.869031696031156
284023,1.11078361900808
163732,2.50860805705927
154664,0.0099324012091867
204801,0.0064279224007442
84948,1.23084363421295
23042,2.34358354968389
127003,0.686332530435837
7710,1.14560088118515
22864,2.06801503368378
10331,1.32074137799737
9378,0.0142416006900836
22928,2.88927661829843
151306,0.357087529686833
147808,1.60853565637182
127665,0.0719867467506061
55017,2.33979388239706
1237,0.884646977446548
29075,0.0637284429094406
79738,1.57484631641747
84922,1.56705528879607
22827,2.42634437855077
284297,1.1813921501376
79077,2.23090000460701
51333,0.612372629856043
10194,1.76400898121238
118672,1.17572356544005
122809,1.61890555121778
284273,1.77259413412661
197407,1.65440131961988
284418,0.0082850342053478
401097,0.739399131698985
284417,0.696348859945772
170393,0.761448763700466
253650,0.861012825311335
255043,0.765907862334829
4994,0.0322650387162132
1731,1.25123578484315
54952,1.79332623477403
11336,1.76457894544823
221400,0.0863857947605423
100132116,0.689378255363549
100128413,0.0973945447953161
66004,0.853353178423794
7054,1.56638816427012
9282,1.86953096970765
81889,2.15501354015043
157695,1.64077199086944
1104,2.49033051927421
29895,0.375064858932421
2147,0.0318642078034075
646949,1.29958518037454
196472,0.0288518968796068
8575,1.34966831768265
651144,0.159324303618878
223082,1.89804227137574
10692,0.226257893639977
389015,0.0060146795562324
125893,1.54633918356228
55785,1.31692195070913
347088,0.0664261626900539
124274,0.0164900995891271
200150,0.0501079362162316
4947,2.12846969093115
285848,0.0610219959658159
124808,2.11297300891016
284071,0.0903209239347336
2535,1.11755991244905
166815,1.46183668156044
223075,0.0223895328412295
3059,2.21234509050593
222166,1.44096003580698
23060,1.97006282748965
5062,2.42620441597703
285331,1.50293409897144
245937,0.0719867467506061
90411,2.03953551777586
283860,0.046963386855558
283254,1.12820532219241
54494,1.86484408468961
1582,0.334968970061315
400120,0.0260306859239784
2619,1.70820304180903
23526,2.01093174972883
219960,0.051284114267885
51276,1.11503882674558
144321,0.446788550189748
374986,1.43005411544758
3753,0.0786488237171767
414235,0.141424934332517
8204,1.95132059643574
201516,0.0119871284396815
168620,1.13766957599538
221687,0.0262325134658017
401563,0.269353236274461
85453,1.07717148522935
2529,0.365997018684589
8334,2.33914103050035
255308,0.125815506185868
387640,0.142478454942661
8347,1.53846373968242
151963,1.66949802536405
6752,0.487780200999866
84622,0.924667770751403
84333,2.01248341567802
146802,0.0553878071845259
5551,1.21514398729829
79541,0.0154687933557568
4081,0.348614118712019
55432,1.65074644240403
644548,0.0138321417599086
169200,2.31048086629976
152065,0.0126025784990239
728175,0.392754257344239
1132,0.035464851664874
390039,0.0294552189612712
387914,1.3999916635985
53637,0.832536847221712
119467,0.090507846716347
100271836,0.36175471487019
80045,2.00350271425455
166012,0.245633004187615
404201,0.379623463796317
120103,1.37521783161992
253832,2.2930141929061
374860,0.0996158349795007
143503,0.585929698843998
124961,1.2636204079181
79642,0.346582745136319
3225,1.97482079488407
389840,0.0242120678044732
5464,2.63866704216482
3226,2.62006240047362
389362,1.22587107798462
27319,0.432523051671675
79929,0.108624707531728
255193,0.0777003520403405
10224,1.73407112381793
283422,0.0068409645610921
3579,0.242229813078949
64388,0.237877243663263
160298,0.171098620559228
6748,2.778709949373
84698,0.689462664829548
126375,0.947367953721526
404093,1.93755515809076
23513,1.92428874760564
23510,1.89326553310981
728294,1.62186270768482
81274,0.0296562306312831
5021,1.08978651799619
55783,1.89546154652353
286077,2.52626545000215
118442,0.108990338597057
120796,0.0031163460570424
137209,1.9183041760847
400410,0.85912281575006
23760,2.18821031542686
90843,2.59677021036432
255252,1.54468002223824
390077,0.0260306859239784
64928,2.86834459126037
283554,0.878852002373381
92346,0.0156731530012164
79473,0.010754888621307
166379,0.99639894035115
284406,1.05300559235464
390075,0.0097266548872287
286006,0.368241174774447
390073,0.0540221383132408
1728,2.67148379140295
387748,0.0130126308322217
64782,1.98005574969876
79147,1.50634102151024
126003,0.222929377772849
9501,1.22177537890052
284439,1.2071599665187
343413,0.845400813179266
124512,2.07205798397444
284129,1.89235981948197
25994,2.55341862147218
1129,0.0033236975274522
390072,0.191011216481131
225689,1.40092776788837
79813,1.75409521024659
9370,2.17989929818061
2149,2.27032859249881
286075,1.46467244183908
94025,1.11934788642362
4869,2.9723514066839
64219,1.66586182713508
55526,2.27736492596616
5179,0.0546076972506679
389197,0.0144462560950847
92815,2.2214037956582
155061,1.52566601737328
5430,2.57132854614676
92293,0.628603009299373
284427,0.24300455003093
442098,0.0795962166369358
219902,1.25153795666691
23401,2.07604113251446
284114,0.772727100613097
124842,0.0436093653522559
79692,1.01925417525971
347736,0.255450787399037
374768,0.0520673186640733
341208,0.281098111931399
388341,0.458334118134997
441051,0.146853560983701
6357,0.660497788368322
255101,0.0382547653609949
91351,1.85894382469891
163183,2.29091479711917
79701,1.94610089241271
100287171,1.72035055153909
2837,0.0368609624667365
9625,0.892622256574903
23109,0.0820544050747075
55511,0.0538268611423806
168544,2.13456687988978
6657,0.0320646470462866
339500,1.03093246083935
55076,1.01414238293302
5912,2.04294179760649
57621,2.23704371489712
84282,2.48582250314283
219874,0.117174481993116
79777,1.58249305305084
6448,2.16895440842883
377381,2.07361686227172
10586,0.010754888621307
2187,0.588082035375461
64184,0.029254159459327
29072,2.20267960892064
221416,0.0384536920503017
259236,0.231146136247595
399664,2.10227875517712
51649,2.1493553424533
260436,1.40994707279996
64582,0.51500584148527
79008,0.0109603861112779
342850,0.0056012358560772
53829,0.976823776980512
9966,0.421672486044806
286128,0.926136780948651
7262,1.71236379438817
285973,0.505531991863279
54112,0.260314293805805
284459,2.04834300460483
5324,1.69739625400353
286451,2.10791365439603
26137,0.0975798800301689
205428,1.41910167130073
90355,2.15498368178959
57463,1.31775332138728
2827,0.324155196521377
284451,0.0761805481519545
284382,0.0193432301006561
6478,2.50624328480836
22820,2.8432227221904
575,0.329858262686089
151477,0.452112449620057
414196,0.0742768884659622
285195,1.13411808212494
84967,2.47855894748062
768211,2.25692353381808
64864,1.56225633267951
55343,2.13171807101529
201633,1.35784003995888
10193,1.96346240287049
6517,0.629432328995401
200205,0.483274019352167
1366,2.53260161167376
79673,1.91867284815902
94039,1.70465666991493
134553,2.12146161945106
100996455,0.224357586784645
84890,1.9630904214875
51287,2.47148597492917
5571,2.31394194283826
64785,1.11947538667491
91050,1.8608430108651
64963,1.48946559709094
389756,0.122226106239053
6635,2.71573824660811
219790,0.835658533286087
55228,1.76681658513073
51363,2.20607789886221
149685,0.0260306859239784
124590,0.0152643844692303
25834,0.0010400494263418
3418,2.89003838916181
374308,0.0936791088254262
91304,2.31773305419138
7485,1.38132079799518
84629,2.21495737012879
220382,0.0408371562480633
161291,2.26385186893112
28955,0.44321793393712
441234,0.0051875911285856
55505,2.97148213832899
375061,1.24610695628272
30820,0.207695990740422
11022,1.48057805606757
7562,1.46956871464894
9798,2.46008287926369
375748,0.782862395214427
64975,3.01335228542199
339221,0.0380557917082188
64764,2.18296492789816
286530,1.28536719386386
11257,1.21500049866839
8633,0.519965425635735
283989,2.37560005422934
56963,0.478512512760508
7318,2.24798148611353
51021,2.55978881714739
348378,0.456226962145733
5890,0.599611787601361
23641,1.18602221466854
51329,0.245478630433412
2131,2.26422431837841
6472,2.42122315714315
81532,1.93241945485214
84439,0.955033422917114
10159,2.42613721114311
124637,0.0136273381928503
25825,1.34261313901992
7325,2.22022178057005
23336,1.82820500669557
3739,0.0128076294222381
2567,0.133479989705537
55137,0.122765516475702
284359,0.0983208065549586
338707,1.73961093705209
8905,1.96861904749017
65265,1.94467817192111
285429,0.307217457254006
147650,1.07552374298623
342945,0.976337060502929
3770,0.369952842642287
26233,2.04651867903791
716,2.47707453613982
388323,0.427665890731847
100652824,0.0238073990491231
8513,0.022997480615535
219578,0.0047737452018541
143879,0.942127976016279
54059,1.98557205172554
157693,0.0264342928541542
2055,1.08358085944975
339059,0.166000325304114
55344,1.77270821025683
11247,2.18333492943059
100271300,0.21398485556725
785,0.227838027674123
282618,0.408415649146717
122553,0.892002801681117
161779,0.571277767105379
55666,2.40997353874929
400629,0.912369612697207
128553,0.849057887587091
147968,0.823977029949646
23265,1.86961240044155
3838,2.49475280562755
653440,1.17668512077859
402415,0.161898500427602
633,3.05666365695527
79598,1.05229084122011
340596,0.230831670108437
2242,1.40833037804369
51218,2.32124311926614
90736,2.11329436843984
387332,0.0113712320035829
859,0.0140368959186701
439921,1.85251445263495
3985,2.01815022667164
84975,2.2634385838887
338879,0.0658488120877697
55256,2.09221620720708
201965,2.00513622335951
201305,0.428031276547784
6304,1.00760099923506
286453,0.055972413796195
11248,1.62155822652097
1436,2.35748627311694
2049,1.62406817910346
26609,0.0256268862991105
255324,0.198578647323509
114042,0.110268773482143
389084,0.490134884780781
9951,0.178350675185314
22906,2.22005561740407
83882,0.787617081400804
23236,1.63101457131932
348235,2.37495534224656
4692,1.65003903670826
100506380,0.800749767662763
50863,1.26450600150375
7267,2.20741979166008
9312,0.0144462560950847
116729,0.089572811643912
283870,0.895094010016957
8811,0.0390501905320824
492311,1.72635787137144
25987,2.77505598025605
302,2.625072978347
9628,0.103488806295834
3214,0.915123533364731
340146,0.0990610707966686
164091,2.03256901792323
5069,0.18002792277152
389692,0.0829979322484961
51335,1.1264447270916
2894,0.437949788491541
6218,1.53121476967453
338442,0.770187474840068
55231,0.447856393286135
221357,0.0300581105554705
79098,0.394920726597034
645864,0.331381206565716
1397,2.66328456552276
55794,1.86409284226119
64746,2.0240999876854
29035,1.56185573202176
345557,0.071221967357895
284013,1.52080747702839
79087,1.14693910504302
3932,1.49045966311066
50614,0.0150599263207783
80781,1.82195714485029
8241,2.33307154007038
100506504,1.5831029287554
222487,0.167873423712719
2747,1.26026170488629
339168,0.0219839916622789
6165,3.03841877055184
6000,0.0105493414072734
83733,0.277696827083708
170960,1.9269652447877
56849,1.04073603267646
28970,1.35003114094228
80254,1.61877654777645
6734,2.77915633933917
347741,0.0115765804481612
2130,2.50256661273615
161753,0.955817128134389
10473,2.45835234082674
221178,1.77947525297138
10052,0.957269937690735
25904,1.94496312817044
9112,1.87470111216935
389114,1.48298673090094
23705,1.67740702322655
162967,1.85608314692305
144608,0.275767812929035
5831,2.37566818867096
84316,2.1753483235288
124976,1.67872352755294
199675,0.0949814066654706
161,1.9432653434516
6546,0.683017573480182
8390,0.0270393423001977
89874,0.157086722449401
5121,0.218789019244341
18,1.87377978924749
1468,1.96673762304408
57118,1.61487331175153
729540,0.0041525986866217
145748,0.700845867578375
164684,0.240678064244852
150084,0.300049450347013
1482,0.0392489295621294
125061,2.14423020221087
2621,2.19070345224834
166752,0.015877463426456
4703,0.260162762328908
57596,0.0951672823362936
10082,0.725219170261473
389337,1.65575690400443
163933,0.378453863313275
64478,0.0101380977223869
119395,0.0324653828330247
11251,0.201683655587212
285753,0.820035864036375
53820,1.47518041628328
2842,0.789436684193087
125111,0.51651887865109
102723701,0.144406389276897
5877,2.16989194686929
338773,2.08113040958149
2188,2.13090189119395
83698,0.0322650387162132
643015,0.348749352390147
91689,2.37405979310876
126567,0.275619230518917
4166,0.052263005646635
3327,0.736886091035412
388468,0.0037382490083226
10856,2.48037601638087
390637,0.975579173697089
29119,0.0146508621545966
51352,0.0097266548872287
150221,0.0725598717535938
80164,1.75144298964992
84536,0.946573426634685
754,2.8620766419106
51428,2.34526938173557
160777,0.0390501905320824
5343,0.216070206609754
9802,2.74771313862742
147372,0.134543780282725
9403,2.81164638301534
730029,0.631639029744265
27439,0.417608877295231
9831,1.88881145469255
284656,1.01108495876052
202243,1.98779425927231
283677,0.11136300073123
54880,1.83164152436609
8690,1.19776558111794
219621,0.175659821599347
163351,0.168893293658576
158358,1.90419422247586
341277,0.25712600164172
646658,0.0769407965432616
2275,1.9692042490084
440955,0.344545976070593
100128569,1.19502020556912
126075,2.0752649735864
54101,1.19876391346103
345193,0.80530591397546
9284,1.27192707493258
10946,2.37443067497904
51270,0.0918151287903754
391712,0.166000325304114
389537,0.544368664326315
2903,0.0288518968796068
339039,0.155015787587957
728340,0.566560801843905
140460,1.70756758524153
646892,0.0641143646112851
11219,0.227995868787177
29933,1.80946743467108
4600,1.77569755135852
57634,1.57498807456093
84206,0.597590783288638
54855,1.61111722056941
493753,2.18245651834381
51118,2.21692587672381
8624,2.47019652923617
253143,1.5644535965726
378832,0.0078726930921942
8302,0.0569458532680942
54988,0.888086195937634
399814,0.0248187083181388
390243,0.0324653828330247
253190,2.49138226122998
54039,0.670289423514483
84193,2.31941026346299
388121,1.36599346899578
84133,1.10623601187176
23194,2.38176413770124
128989,1.08276654152598
653604,0.159152400353361
119559,2.48631339490069
84734,1.82421514139829
116541,2.56203807693097
220929,1.59184947307602
56941,2.45934268166942
1232,0.127961642715893
8214,0.0105493414072734
283768,0.0082850342053478
94137,0.254382888076708
399949,0.0871367817651098
348327,0.914466089117119
4707,2.54844137669566
441061,1.06334369079433
64410,1.06856151853927
407738,0.009315012732202
55039,2.93176137431131
5678,0.376109241366088
2825,0.241454318250322
353500,1.07050633241749
10189,2.69188792082473
359845,1.60728079530304
80258,0.31700187249262
9241,0.0818655711838594
117194,0.0130126308322217
7378,1.32315495383851
282616,0.347124971281415
4978,0.130280309711069
84851,1.33128521152932
10186,2.0714562413488
146223,1.80803198697423
23585,2.74572228124279
344018,0.106794119855082
430,2.24694112094256
29110,1.52805748303263
23466,1.76587889051577
346389,1.88353041971541
123876,0.0164900995891271
10607,1.84504294335956
390928,0.0266360241092229
83999,1.0351187010727
10293,1.29359565670234
11200,1.19795059254247
668,0.009315012732202
150209,0.75366842006771
57528,0.0246165431357565
10317,0.13737381964589
80139,2.6046458156802
148641,0.905673989681828
386617,0.0101380977223869
157983,0.94799150854531
51807,0.105877302441966
100288332,0.725299225955233
90187,0.0824319443491516
283298,1.5160799730604
221303,0.887899083795
389677,1.75820846100347
1233,0.795657851540899
286826,0.841588660935794
114781,1.42291614821503
256281,2.32958949883003
339416,0.045189394581304
89876,0.114999975663909
29944,0.1830382225432
2863,0.944468672409098
54097,2.38496341699964
100129543,0.762660978280353
55243,1.37561633091415
128239,1.77039796200547
1260,0.731355713135517
10766,2.24479809440684
6331,0.042620338349058
340075,0.51153556662742
149563,1.07602771144194
131675794,0.157603633849999
130502,1.7657282055625
219527,0.284190784116734
146754,0.0687315852068485
4068,1.20621306363004
100288072,0.0602471155158791
5613,1.62467363096667
387893,2.07739812682013
131096,0.089572811643912
6525,1.23753071146325
283869,0.460435282555392
151649,0.399993897113593
28958,2.44976627294351
256435,0.538632950996142
8073,2.70244201795866
71,3.520618392791
7113,1.78130134185
23258,1.87985056562068
56616,0.43009842425185
26276,0.990031879333046
6899,0.184539174505137
55803,1.95903288892025
29796,2.37167617093021
54954,1.2930365072263
133039970,0.085634128532859
647076,0.263338820352192
8663,1.49682016558047
100271272,0.0606346453732357
7122,1.20141741283622
8508,2.17054142856184
100271209,0.31502659089811
6900,0.0318642078034075
120356739,1.52199700830909
3786,0.433611566612738
152,1.7457737388224
126382,2.18344506660843
388581,0.3032115173749
79174,1.85781870366853
152579,1.83951237187471
140739,2.16922896980505
3768,0.0903209239347336
54328,0.520072866239727
5504,2.36598045308063
64061,1.87754137509292
643707,0.117717212784645
283871,1.95424519145704
11066,2.11227654785234
3654,2.48159727967802
84319,1.54930372317204
116448,1.19809855744805
100505621,0.0111658338983268
5101,0.033066130062972
641371,2.2008069945411
220323,2.13609529278548
220,0.757569982891722
8338,0.917805901509133
56660,0.0493229014588557
317772,0.195625951238843
5463,0.855588527680582
124905040,0.0569458532680942
80213,1.7106699938124
10078,2.11166062208868
4070,3.20665914667351
5587,0.583967327328942
401145,0.728334297349669
254887,1.05267214924932
374977,0.0266360241092229
338324,0.0062213260747212
26576,1.91386953765173
9573,0.196447232976195
6586,1.19546632115162
1946,1.36246423926684
116534,0.507611567951372
3009,0.184205870750288
124783,0.166852269781964
11187,2.56021050950235
256714,0.100354942723344
1435,2.52232191198824
10584,0.296151094790978
84517,1.08031676038939
8398,1.13701050133846
84441,1.2770745828388
150147,0.0374585887741673
127550,0.0264342928541542
390437,0.0123974780415539
26039,2.1245834301507
3751,0.457866380090095
116447,1.75948070655298
9276,2.22813484379415
64922,0.0869490986322006
80764,2.05085828985881
9735,1.57652694328054
2826,0.107892959309522
400746,0.105326723309871
254240,0.01219232802879
253769,1.08181506793405
10587,1.34782238859971
390664,0.0076664475141711
4303,1.71547181537723
11156,1.84430273506027
200350,0.253772010892037
348013,1.12699025063365
5627,1.5091755457317
256646,0.0193432301006561
374659,0.850382583082839
340542,0.671936739878545
162239,1.70863938872669
51286,0.124740331349873
352999,0.0685397094214406
201140,0.0410354741801234
1850,1.82650116934509
9021,2.83725503496944
201243,0.0324653828330247
84189,0.173128993530049
440822,0.0142416006900836
57121,1.87200283099195
11260,2.3463586068495
340061,2.39709743859984
5142,1.58867684833864
284467,0.0812988122919001
400258,0.260314293805805
8303,2.04986219077259
83656,0.01219232802879
4753,2.65556289233852
100101268,1.01869955276373
124751,0.609061897189628
9968,1.98546398169847
81931,1.51822006018179
10801,2.67276919579432
203074,0.0586952005206574
146852,0.0773206608342586
349334,0.114636999340892
157313,1.16804945391281
10819,1.5489107630509
138046,0.0179178651438874
139285,0.674615996992866
9923,1.79811333490301
8349,2.26616362299149
9074,0.220065264966587
390059,0.0066344685557293
5413,0.177678800610603
56478,1.53637356678276
389816,0.745640708880995
55328,1.42250450388081
55911,2.76243250756191
642273,1.3618918716335
25923,2.34270680062826
55967,2.49287143345589
644538,1.28093496624934
6991,1.06413866558804
7327,2.35841845777331
340562,0.0232000328901817
23762,0.958217999533276
114041,0.0551928477150357
286753,1.81382743016032
201501,0.661025890194388
79135,2.02523983522396
51334,0.640577713490044
54732,2.7371189953565
1812,0.0068409645610921
54143,0.0324653828330247
25880,1.673477077597
93517,1.02377282733042
155435,1.79415135178971
9823,1.38158336835885
90135,2.60394805270404
8971,2.44785698225958
375287,1.85353186499196
6612,2.71998916633708
83943,1.15824811598183
140597,0.0824319443491516
1188,0.009315012732202
3714,1.79904713812435
752,1.73727718732762
728118,0.221180308587003
391356,1.93023899094309
286256,0.806298345731682
7490,0.0923747627007558
146198,1.77856489593712
646851,0.536220737904714
4588,1.65226289395166
79050,2.04926325113097
11274,1.90872040973571
4700,2.6438970745242
1133,0.10238409192168
57537,0.370347296866629
80757,0.868646000114642
113277,1.21287970611788
10572,2.06006580137171
140707,1.80097262095957
387775,0.0164900995891271
8694,2.30699888624913
222546,0.076750799447613
6092,1.38657287495659
26985,2.04635186528984
2157,1.24580175745818
93034,0.0203598820990786
377677,0.368241174774447
22888,1.49075537808356
23764,1.49254696377656
2972,1.62183066651566
389257,0.277993177723964
10509,1.98457124550957
339766,0.0047737452018541
102723555,0.0223895328412295
10519,2.83013586656449
56899,0.410038851033195
7469,1.98538290927892
57419,1.90268796958903
137868,0.0148554188895284
100130771,0.369821312451518
133491,0.0197500372972908
105372860,0.559782133350353
23768,0.215909987982621
100132061,0.132770028068318
80789,1.99425281913448
51065,2.31880400139262
149175,1.21671990896727
122622,1.12091841911685
338440,2.00497575485514
11124,1.85766038156666
255275,0.0848817820027076
131583,1.29872485322484
56160,2.14803966355858
3297,2.12524257645397
387263,1.89152922195296
5813,1.64684959960222
8340,0.105326723309871
27124,1.67965548053498
4887,0.0654636900743731
83881,0.158808484775876
162387,0.0809207585101274
114659,1.51824001637618
317781,1.79241239135631
283820,0.910205887135504
59307,2.5229561777595
340371,1.85710110946315
400668,0.0487336436053482
10581,2.90575498745473
7127,2.25319322735934
353274,1.23894083513789
267002,1.80187883535966
51186,2.13242786136378
9230,2.62143890166084
10196,1.56872796663473
2811,0.502566537484084
55015,2.29359939813076
4110,0.0610219959658159
285755,0.584752929378341
7625,1.63264489199555
285600,0.333177177467636
283991,2.32782657525037
441549,0.994143918520694
147111,0.0805425329522405
123103,0.0483405753318879
54033,1.17364097771638
64409,0.316579021814307
84614,1.32940225201709
389493,1.98322145775744
3563,1.89436503434224
339230,2.40604796467031
729238,0.274280721069564
729857,0.0782695646180464
54622,2.09449557142172
115749,0.0053944386314874
8558,2.09005031485985
284186,0.511752945895724
8651,1.32029867410119
6948,1.85879522512781
10634,1.91699504283068
23545,0.99503644242142
5071,0.279473252491523
283643,1.18662660732049
266722,1.40100359295174
9146,1.90669489964478
126282,1.73554038852242
5892,1.28096675506273
26333,0.0144462560950847
5600,1.782183574187
93349,1.47128529809619
51263,1.92751405519922
123283,1.56352872060289
64754,1.84810500585212
25840,2.27751695479651
54072,0.051479983874231
163702,1.37298052748775
6450,0.0702650067990862
400451,2.52331722303773
374920,1.28131630796432
402569,0.145456075290178
374395,2.54586254945402
285513,1.24379677216479
3854,0.389941335908923
55010,1.00026011515611
246329,1.54415089543418
4919,0.432402007376466
4582,2.85097317836425
80233,1.97993927036076
3665,2.52015223777733
26013,0.405284218871547
79184,2.2712805021393
9899,0.212216070474919
348487,0.132237153018681
256329,1.2432176956827
149643,0.192497411415927
5148,0.903852025379836
5592,0.459735558304164
7026,2.38093540595525
8788,0.194639304860019
727910,0.95877500080697
4045,0.873450477459314
113146,1.00031212475943
169611,1.88197999093062
6667,2.41521677497119
64976,2.48594492009736
440097,0.109721115265514
389119,0.940753691513526
64714,0.156051913604374
10336,2.09117818305176
89782,1.30377472799163
5034,3.14078756655961
5719,2.60474174679676
5087,2.34781634254975
56901,1.72719489944594
399694,0.302063161290344
338785,0.041828279182458
677,2.65822102434967
7332,2.60541737030796
4908,0.169063147349782
54014,2.09195697793918
644994,0.306646443051693
6490,0.797311688923153
8224,0.120064920542551
5453,0.27293992484862
333929,0.732861333732337
79842,1.16165255954828
254773,0.269053605234598
23532,0.0420263638480368
4603,1.58598472426391
100507526,0.0382547653609949
730094,1.38286802807959
4733,2.38488233927825
51479,1.37375402724499
253943,2.21521929789257
79943,1.3491375830491
105,0.0280467968559265
10718,0.0946095302476571
6345,0.137020599151987
399947,0.0045667467349953
3434,2.65184964184697
159013,1.72446231597678
100132463,0.0788383885327216
56479,0.390325533156975
339366,1.74812280748523
80333,0.108990338597057
389730,0.0064279224007442
10933,2.56263487612768
338321,0.0150599263207783
348793,1.8362681315199
1762,1.45354974508036
79581,2.24393902603826
51227,1.91701917617654
10320,1.34216016085625
5833,2.02429528595966
339983,1.77517620538443
23742,0.0035309985040075
10134,3.01169308886231
51326,0.583180852044404
100130717,0.19282730473099
54584,0.678143507709941
266920,0.75458849684469
127602,0.52339563316007
100131138,0.0144462560950847
2124,2.20660425142949
100505993,0.572576953672126
440345,1.32622947341486
374899,1.0828570773447
79896,1.63228483951439
140691,1.64173943905884
527,0.541871439299753
8519,2.99643608422563
3916,2.89352444110937
2865,0.184372539834336
84197,1.48566110734081
84856,1.18222991151137
283897,1.35684966108053
200942,2.13533415939555
257240,0.0296562306312831
54093,1.6331141007712
5727,0.218629344999603
146760,1.84457205507505
255022,0.0334663908138561
439915,0.0288518968796068
286183,0.0076664475141711
55599,1.39130830219891
10308,1.5078521081796
8660,1.52891707077442
402573,0.478626241911106
121006,0.231774695823229
6473,0.0062213260747212
23299,1.60896417202667
881,0.252701837756793
55217,1.22832795885996
6011,0.0491265280900879
84631,0.0136273381928503
126520,0.109721115265514
22821,2.01977769784932
84859,1.42857236524197
126235,0.10293663356108
496,0.0700734830017112
51079,0.809619075423404
84924,1.22544879466819
100379224,0.146679006037627
57711,1.33157430010553
342909,0.703662101948649
285242,0.010754888621307
220107,0.217190838480678
319101,0.0501079362162316
100129196,0.655992498857985
64853,1.83607188294255
84529,0.969536703234018
146722,1.05949397574489
3852,1.9727389459573
119722,0.260920128573069
653149,1.58169029423975
54103,1.49669501541616
200909,0.0132175827499873
84871,0.0700734830017112
120227,1.77069601988968
100130733,0.394156800025889
157567,2.07281949783232
23396,2.14656185195631
8529,0.0175101773978301
374973,0.333728942501736
10773,1.70408286425099
130355,2.0261395272037
353164,0.0284494427319338
10623,2.03492534740098
164153,0.0528497930137067
51741,1.84103774949222
199974,1.13968327468823
152302,1.65697495557555
338657,1.991795393816
283149,1.58397280598223
51082,2.02584189363295
146909,1.48840586002315
84937,1.77113127053155
338557,0.775850862522184
149954,0.0097266548872287
89958,1.79593721307983
128178,0.402895581892084
123264,0.136490482508856
66002,0.2083432804442
64757,1.32124266091435
345079,1.57130628060544
55330,2.26460254900622
388567,1.10593156328908
114792,0.0639214260144302
644517,0.0880745620036581
151174,0.0746579682411712
57496,1.68416070314101
151888,0.422531634310531
7565,1.09299822252414
55693,0.445838064168215
150763,0.137550372755663
64222,2.45983412285203
2558,0.14598041277754
5501,2.46880424608849
148254,1.01945572910844
4675,0.643832606108194
153768,0.542288247235849
23621,1.76039722105765
388531,0.599323427752969
389177,0.0099324012091867
285641,0.0053944386314874
153201,0.0189362275154237
7058,1.65861857917271
6256,2.00134402043036
353322,1.29887858491373
200035,1.05916417459726
100127206,0.0115765804481612
7626,1.59181528936851
260293,1.50045632332304
353288,0.0156731530012164
3858,2.27389706670358
101059918,0.167363007422608
342510,1.26339057294216
728621,0.47520668036307
55922,1.52347980924726
342035,0.683273142565699
2204,0.122405948971871
3840,2.00478310349924
10345,0.0876995769262763
3850,0.0232000328901817
115560,0.496821037347392
10168,1.66731403031452
353324,0.116631393300044
653140,0.132947576137209
400830,0.565553145387826
4674,0.6176374597668
6228,2.47370882781924
54331,1.45568548426083
11118,1.82245434349091
27445,0.56716471184285
43849,0.0152643844692303
401190,0.0681558255976688
3638,2.33679955379923
23040,0.0008321410931926
252884,1.02517170689369
84065,2.08736724020579
219956,0.0217811482126814
1187,0.289464223096241
257106,1.80087655491256
151011,2.08841613806403
85002,0.30048139871132
11283,2.2503405079849
4051,0.201846744967738
114826,1.10688786299056
2306,1.39161729794029
23131,2.04190103934491
56971,0.726339083300941
4771,1.72988535093277
221491,2.45520215730138
375686,0.34522550014002
7328,2.51365273050257
84981,1.70001832728169
84842,0.74447484783705
100129075,0.690474763353833
11104,1.8963179792244
123722,0.0207662015448037
116985,1.90274632761106
347240,1.03888572852871
5138,1.1258566598369
102723849,0.131526113772441
90668,0.187200659182042
5553,0.0573349127789155
55615,1.31193611787904
80829,2.24238980903636
284018,2.36196623842245
144233,1.33293089056091
139599,0.0805425329522405
339761,0.0706479226552025
90624,1.56196502036073
387885,0.104408275572339
493860,0.0173062599854029
11223,0.381439265338426
613,1.45407316731993
26539,0.0931203544834532
758,0.236004524282617
25794,1.16605574920238
399823,0.0875120208953502
139886,1.06320328970513
654254,0.788927703535458
474343,1.4080562737155
2301,0.0598594062479726
8372,1.13478049738282
147645,0.837618816232057
2833,1.41188033449082
84307,1.79951862238386
100101467,1.31884991759525
53373,2.07729229183256
11006,1.75584249729303
408029,0.0648856742777243
7293,0.988389837714176
3868,0.230359737718341
10614,2.49236290573192
348303,0.0461754078434364
3861,2.25733862417789
129293,0.334142506977157
83902,0.0336664500279098
79955,0.378583907987207
23275,1.66786464291594
84109,0.0378567710724885
4137,0.645724254478567
54821,1.08884642631221
200728,0.844600131206582
8784,2.44151648500843
338761,0.0260306859239784
349667,0.881062863371873
23390,1.86521918951874
256394,1.21711318820524
5030,0.0499117462968908
55893,1.76325173887159
353174,0.0731326033913595
337973,0.0792173887819751
5465,0.593531293413974
642987,0.0420263638480368
440585,1.35242501570109
64800,0.263640635292044
337963,0.122226106239053
256949,0.935399349491944
129080,0.384541984258164
6007,0.0244143296379668
388407,0.624534285146517
83715,1.94956864159162
138428,0.033066130062972
353345,0.509685209437271
164656,0.397080995200599
1579,0.0140368959186701
51259,1.95736603606903
91582,2.20998234378319
339967,0.0205630661837875
100130348,0.0506962311574882
285382,0.672283039612697
7003,1.73350950531781
5333,1.60550830633914
885,0.0132175827499873
957,1.56739750053374
4286,1.04199872154622
399671,0.895772046599554
4673,2.49579628706707
353514,1.01576667422159
152100,1.62162234455195
6585,0.0773206608342586
130574,0.556930058220228
1645,0.673407306954115
27022,0.301200780335942
374955,0.0298571944893556
55182,1.83310708843587
253935,0.0340664262320136
57698,2.19625865111658
341567,0.0410354741801234
388282,0.0742768884659622
730098,0.0438070313509447
339327,0.71473001462568
23270,2.10450591063391
4501,1.26512832962836
2650,0.808913952918825
91404,1.55656161189972
23048,2.25492326236612
79659,0.993513109244656
81557,0.0217811482126814
4059,2.72613340428975
222194,1.87073268472698
349136,0.40728983629224
2057,1.06348405843583
63924,1.97432050149924
1630,0.0445972313113895
51616,2.29076882420627
56123,0.6838690986514
9863,0.431917633553766
338645,0.0274424681999785
11261,2.68521057529998
2359,2.36598045308063
387763,1.76227117073924
3767,1.56485200508342
389118,0.0084911297831118
1282,2.5468876974319
388401,0.135252207441062
440107,0.286245795141816
2701,2.01655932974337
5757,3.17530530220671
51182,2.10018700644785
344905,0.693753730363494
51547,2.00308356432601
9742,1.72570997964382
404785,0.0215782561623971
392636,0.13383474003178
646643,0.231460478123847
340665,0.018529029376588
7100,1.39133405896932
7874,2.38650627453749
342977,0.279621106332293
286380,0.01219232802879
378884,1.87601241067757
341947,0.095353116336939
84069,1.79077561593674
201181,0.697851174209975
28986,2.15779630831206
200424,1.49800749393174
57335,0.690053238397417
9636,3.2188095746769
54932,1.33514584600259
124903372,0.0479473231186116
400566,0.74041736370865
387032,0.998228243379194
400966,0.0221867865316464
317749,1.7391797037939
148398,1.00944795850608
84808,0.293250798934905
400673,1.78717440140936
26059,0.166341210435776
145173,1.55460492198141
81848,1.67517573154714
3266,0.135606191401068
399965,0.0477506279872771
51393,1.61880880202057
401138,0.0266360241092229
340602,0.0142416006900836
84281,0.468780616461494
94107,2.59317258761737
6572,0.0113712320035829
166348,0.0368609624667365
79875,1.94724282515389
374407,0.111180730269128
2563,0.873960819203271
6917,2.42025592641364
79840,0.502786615712082
2175,1.25993129732562
79048,1.7372276604284
389766,0.0801641354811421
124,0.0477506279872771
10507,1.38787105752452
125704,0.0070474104382352
8632,0.604495900741707
10445,2.28162496405227
643236,0.0264342928541542
57697,0.95609678115826
7621,0.865422753096158
64170,1.45963731714763
375033,0.935630598078939
65243,0.709915195675223
347454,0.797527099085178
339559,1.49273627743302
388335,0.84766400744198
3006,2.87231029074912
57048,0.0378567710724885
1978,2.50827363111459
26647,0.0091091168566818
22953,1.60600594955677
121549,0.659881157128429
390323,0.0060146795562324
550631,0.631639029744265
164118,0.270251444649095
116224,1.60579036969724
342979,0.883140348555741
199920,1.2163621393178
729956,0.0308612972995617
400891,0.0049806933258769
1755,0.0807316672117631
388512,0.107160562124483
414332,0.0064279224007442
401944,0.15536130946066
401027,0.132770028068318
341350,0.0600532833173621
100288637,1.13374513625075
441194,1.07790233041038
50626,1.79656318597572
7373,1.43600858031037
92737,0.0408371562480633
642843,0.191341719148878
339451,2.03912514400808
391013,0.549337180912371
222696,0.0246165431357565
126432,2.0377206159463
100141515,0.0936791088254262
162998,0.0610219959658159
285386,0.975091463456133
729967,1.90385352177674
285093,0.0508922379282558
6274,0.545821375405253
29978,2.12299558616522
353116,1.17726126538094
646457,0.0685397094214406
57474,1.09804744454716
1180,0.0786488237171767
123904,0.0278454019696254
284434,0.184372539834336
10123,2.2816308509114
168433,0.0756099064785592
100130519,0.191506919633341
285852,0.0101380977223869
115273,0.98669015798833
7477,1.71630385789326
65998,1.62417976961616
147199,0.0606346453732357
100500719,0.115181403890476
123745,0.0140368959186701
51463,1.25501760006613
145873,1.98576110135206
642959,0.0284494427319338
346007,0.051284114267885
647024,1.62711917256063
6300,1.08606204324943
401498,0.0051875911285856
441457,0.0990610707966686
1287,0.487555549538459
375790,2.37590105279197
4810,0.703083244542137
340990,0.0024939884663487
401565,0.322897645075303
643853,0.399108552685375
199777,1.77181760974344
253012,0.490022928757738
342527,0.083940390516352
376940,1.42998251822319
389541,2.41524773003095
5575,1.52942428770248
729262,0.0869490986322006
374383,0.876823877317419
123879,1.36850354730972
445582,0.0985059346638177
390927,0.959498348631007
10383,3.11549135941796
119016,1.00574836284704
25845,0.16974220649948
170622,2.33408779165646
5320,1.14099451978723
400935,0.0503040803202519
123688,1.0050263533686
26659,0.0370602183099194
643338,0.891940822730319
285180,0.610577315741786
163087,1.02016063469234
57801,2.08104136165286
79862,1.54592493378388
374872,0.239590030737812
344657,0.0579181636361618
401541,0.790090508458654
5359,2.21096426248407
375341,1.33425523398503
387712,0.263640635292044
84527,1.37984792148827
388228,1.74069329658169
10991,1.14791038624267
2963,2.17604802243969
137392,2.12300491954667
54914,1.60486057122379
284338,1.05157522591809
7784,1.61026377333082
440093,0.400120290022012
282973,0.870059077530631
100133220,0.0320646470462866
5133,0.804311970285211
2844,0.113910566782623
343521,0.717570119092487
390531,0.460901397309438
6402,1.99108371600935
1121,1.188172390502
339345,0.0173062599854029
63915,1.66319212650204
153932,0.0664261626900539
375298,0.0555827213422205
283652,0.0338664618273812
389792,1.66446329830263
3014,2.53897735949998
387755,0.0156731530012164
5104,2.3809310838927
284325,1.77206899227498
197021,0.15587931748459
342897,0.259707993057068
388533,0.0404403802309502
348645,0.206724074741936
349198,0.15898046074352
84570,0.114092234949886
644815,0.869481379483787
389799,0.0374585887741673
10772,2.19125761886596
3040,0.774365200303124
285193,0.682420873373001
388115,1.73759897502152
4077,2.36399112738892
57186,1.25807728688578
27158,1.86087998084859
345630,0.167363007422608
154215,0.0183253569229505
344838,0.0024939884663487
144535,0.0788383885327216
100874381,1.73554038852242
1201,1.32041676475559
653820,0.457281290954333
56624,0.166681952429176
6613,2.84083416825298
340719,1.32835647497812
340784,0.0467664613262632
388555,0.272194047426621
653720,0.147900107438903
7730,0.111545230931358
84247,1.53305665957123
1806,1.48405823067789
140576,2.79544024891098
375743,1.28772662688678
387707,0.164122893763621
283726,0.398475526494279
102724398,0.0064279224007442
79537,0.0516758077965697
6006,0.520609830059145
169355,0.0242120678044732
29780,1.5607614594513
57835,0.352526234460745
7390,1.76362470167831
613126,0.0386525717956126
51114,2.20867969779283
347148,0.367581814957147
338599,0.0788383885327216
643155,2.50256372106706
340277,1.10654030042013
144404,1.50396279455621
401024,0.118982195114986
23029,0.591395528274822
10811,2.11991166044179
130612,1.40468017221261
440603,0.278585543095568
8326,0.0342663432615378
399473,0.420935287109962
26254,0.0731326033913595
349633,0.0681558255976688
155,0.0551928477150357
390598,0.0754196057556881
378807,0.0648856742777243
5549,1.79467165194182
30814,0.0342663432615378
147694,1.63812021494219
4520,1.32224380131906
127391,0.0623763134303502
388336,0.143530619363282
199953,1.70207537616464
387921,1.85219363519513
3167,0.270251444649095
132203,0.0467664613262632
79844,1.42315813520167
441168,0.147725776200425
1269,0.0455839386189831
84464,1.07147633068381
377841,1.25173931140211
9045,2.87009525907241
389206,0.01219232802879
389672,0.524997956594621
149297,0.589350795738173
147837,1.22255449257726
342125,0.598553890013179
253986,0.552835811844172
85302,1.05850401895761
346689,1.76712869569593
431705,0.151031715914848
339287,2.3070152313939
400499,0.142127432245064
120892,1.39061237912776
2707,0.45093266187864
642938,0.492928225525422
79979,1.89568218834273
401494,1.41484026659366
257177,1.6911301811559
158293,1.77818219173199
257313,0.0348658102965977
401546,1.56678494642316
26155,2.58176808032022
345222,0.191176484768874
126767,0.0066344685557293
25920,2.52214893478805
729025,0.0544125563488178
149998,0.182704298338963
339977,0.435663321434888
23036,1.82230220262158
135458,0.076560759028747
283219,1.5827370985147
374897,0.0534361704016004
134637,0.934762971063936
3805,0.268903746875228
163081,1.49174683048757
4697,2.63360972617222
728780,0.400373012250853
121642,2.09130045693675
51136,1.74846079978841
643904,0.108624707531728
5649,0.187200659182042
374393,1.94193052905986
347,3.70249444496628
3005,2.8172970738459
9516,2.63906993979373
284415,0.126352566356986
83862,2.42646003251523
196528,1.6965549964996
23450,2.19029495684565
345062,0.0272409292764164
26280,0.0410354741801234
388552,2.10148213974631
80320,2.25408334458186
340120,0.0211723261778742
219348,1.33018522308731
222698,0.216390547537766
84075,0.0086971754034013
1364,2.77183719140372
100129583,0.949010514152899
51155,2.7660290479339
84503,1.00399341022979
646799,0.097765173807287
6284,2.0443731897689
7581,2.2025791493105
54510,1.36406894646058
162966,1.63462792714047
284697,0.977364118149896
100287879,0.0738956344925407
4128,1.34233007363216
654433,0.49281669672436
145853,0.879168312035251
105376944,0.0084911297831118
389643,0.255755636380194
100507206,0.0181216355189445
7259,2.13567664528244
55629,2.66263326718618
51233,0.15328597584667
399827,0.0074601518934053
2709,0.864970194866561
2272,0.953406852831831
285016,0.0270393423001977
80317,1.01383733901554
27341,1.81962563349237
132660,1.55501169081199
441239,0.8070063021141
9679,1.82789482556899
389558,0.596626357453
389384,0.0144462560950847
57402,2.85065410541664
23254,1.62762570765095
728661,2.49649234872481
125208,2.18116442151248
165186,0.0449920531388688
100131211,0.971011999018981
9729,0.0089031710875008
23708,1.26036078791307
254272,0.0066344685557293
84933,1.84412950808975
284340,0.727616702783028
10821,0.130102183141896
139562,0.0156731530012164
3146,2.60842943061203
400745,0.175491345697567
139735,0.13259244153535
9437,0.0693069482704467
644943,0.198906056090084
127534,0.0187326529005272
106480172,0.18919102391088
284521,0.0526542428027862
282991,2.54652279364856
10388,2.51214274323015
440519,0.396573252905351
3556,0.612466992752251
11122,0.434094841115883
4604,0.538946991733949
5079,0.0308612972995617
163223,1.55841853202847
374879,0.784621978413693
255926,0.009520858735307
23424,1.7701455972497
90835,0.260768713532699
653319,1.75048323509485
3123,3.16067326797524
4661,0.450814579686206
12,0.805234968186026
8644,1.2918230069686
26010,1.53098160656321
440159,0.152939572256387
58500,1.17967464070035
151525,1.9182159648181
7633,1.6006197408484
6275,2.87005366613918
25894,1.86293580155761
79633,0.432280943422661
389649,0.0099324012091867
399948,0.837011090235108
124602,0.104775777140435
148213,1.46609535807448
36,2.13681888783873
83931,2.00510413505897
92427,0.506079825773687
9725,1.89575853622674
64218,2.13686378320995
646962,0.761448763700466
54737,2.25120274425523
441191,1.1604672873494
9687,2.48516210778339
284759,0.80813743574534
90321,1.54969635938874
6261,0.516410909288474
9901,0.506627247183183
63939,2.2337956635917
203068,3.0964566261246
84458,1.29393707143536
6829,2.379492849955
63929,1.23959307730416
81472,0.009520858735307
51427,1.99302938529216
5478,2.85142483002558
57573,1.3793735999691
162962,1.26022867318723
284443,1.12019735516496
84163,0.747734138331298
2917,0.0326656794165476
8464,0.914226847039281
60491,2.2779785748385
487,0.543849125174471
3376,2.07256762168193
9883,1.22632818624948
29068,1.90007822414727
55340,0.225308306627946
56164,0.447619227650367
94027,0.0080788886488122
54413,0.305073986379092
55888,1.09756214627199
100287226,0.704900848067035
1604,2.45480498941703
131034,0.0084911297831118
147929,0.921837525724014
84628,0.195132779324874
1995,0.0227948798627598
11091,2.18585539217405
9361,2.29753786587433
158055,0.270101814525391
8295,1.66247460039347
55190,0.312195995237189
647135,0.406287696260999
2526,0.837348786533411
79754,2.00541848405437
222553,0.227995868787177
80778,1.50159353577752
7699,1.6810216596743
388324,1.17737642344982
342132,0.469932252147166
5770,3.00762123658971
51466,2.7190197726675
284486,1.48042712123346
2050,2.35516837273474
5657,0.0244143296379668
91661,0.971339359916067
7678,1.44445048667695
2547,2.76593746571441
6276,0.0671953437318986
284739,0.795369800701742
9858,1.55284441171189
148545,1.80499835225541
9819,1.78006986972637
1413,0.0650783906040881
438,0.166170785768819
440348,1.64508659219525
148266,1.34964039774197
100131755,1.02860504879756
79693,2.18115650400444
27153,1.92038350330132
30849,1.91353697378952
285971,0.553759063748244
100289635,1.60963910386314
6399,1.49033287340699
731220,0.4174853927184
140465,1.87654642309856
90576,1.47088969264494
8823,0.0933066477599419
6477,1.50198577467357
140680,2.04627130783829
2104,0.24732913195155
79711,0.210765968706626
9612,1.94346103717069
6817,1.48812995244151
132946,0.194310153638863
55660,2.36788748685165
54834,1.45855651097949
85012,2.18161542209607
51434,2.17305444531308
27010,0.763493092048744
6536,1.66900718800742
60312,0.654661790177604
4666,2.79649105531079
399687,1.50809670683147
165679,1.34568865445499
54785,1.47550725535043
4122,1.83145300311754
4311,1.21064228489755
729533,0.60811309483746
440184,0.0918151287903754
8912,1.97470967440034
55959,2.26024247053938
3908,0.990454912039165
23654,2.56718092539413
55966,0.071221967357895
7516,1.16322906846246
4646,2.34349841574229
57591,1.62871602608278
3066,2.07388938956996
158431,0.819897141590888
387601,0.0565566131007352
728378,0.168213522886445
162993,1.43155530765175
4312,1.99310223919022
125,1.86636980324418
7366,0.0128076294222381
6925,1.35367325424786
65267,0.0861979419229091
106182249,0.0583067721494003
57001,1.65810096344232
3269,0.70233827219975
55684,2.06562465756924
7695,1.61237809495931
23660,1.47341173118115
91392,1.58817756002235
51399,2.06733053838038
150737,1.64287319224523
9895,1.28185607921972
51284,1.41267134113532
399888,0.159496170553545
100287569,1.25163864334518
643836,2.02444779250384
112479,1.41375696417445
54543,2.68095787617759
84941,2.77655435534448
7442,1.39633200650223
7582,1.90660408848476
283970,0.865228838899729
57473,2.12279485974236
51321,2.50706167427357
170959,1.28970055415906
4763,1.6107563387665
154807,2.11202645473805
147686,1.43203094086591
1612,1.41626472531344
3117,2.208697976327
85301,0.564241056902976
2760,2.43703738468947
8329,0.384025745983262
389383,1.28979436946527
6273,0.294847296513561
388796,1.46631731972773
90592,2.11856293592469
5456,0.0070474104382352
961,2.58380886777774
390036,0.0049806933258769
7088,1.83758060895622
55534,1.28385169141669
8969,1.13775190690034
29966,2.05689143016268
8187,2.25880788940983
92070,1.70176675546837
80345,1.86508199592152
89853,1.44957201726299
64771,2.46543175510973
653269,0.256060367680391
100,1.42376259546431
10865,1.98336412087516
399967,0.0633423431029015
160760,1.78682142435632
390792,0.0270393423001977
387990,0.490470650005224
285190,0.230674390413359
374354,1.65199300592522
140612,1.35891082444529
343990,1.84808593830312
445571,0.386732079038766
6334,1.04956689003055
3914,1.41420041333478
128312,0.463691921396563
3841,0.86146819790389
57730,0.410786839610258
23365,2.04961702705017
27198,1.95844667791752
9260,1.97015420354483
2316,2.49505259279369
219623,0.512838866357547
57522,0.66093790135437
10447,2.07029835096883
161424,1.570591494692
440077,0.0074601518934053
57181,1.84655767391235
100129858,0.110816068496528
837,1.87951517653544
160,1.95872180006977
199704,0.763946532369108
170384,1.58722916774689
644596,0.271148627504242
307,2.04838878478279
8270,2.37619079313486
401554,0.033066130062972
54554,1.5409637668474
100507607,0.0128076294222381
11152,1.87558469574468
51108,2.10813743115777
7697,2.20365662919185
353088,1.59406606193708
388566,0.885962341763944
29950,2.01296780082084
163227,1.40803134780574
541578,2.14651816500194
57541,1.71420774634921
221785,1.34011689315176
309,2.75417161152816
126068,1.66840011984747
2764,2.02339729993563
284266,0.879421246222639
147923,1.45177055209389
284390,0.981508785200761
79830,1.54282550774674
401124,0.206075475364887
8364,0.415011418263526
7741,1.66228404482458
4097,1.62532598880716
403241,0.0242120678044732
92714,2.51852384023596
85379,1.57234079908654
3886,0.0876995769262763
3482,1.84730340947162
404744,0.0266360241092229
79690,2.03222265573091
1778,1.95421590693544
388662,1.65907654486737
5094,2.56538986208008
84619,1.2378061428848
123096,2.23615790505785
80055,0.594209500954196
6714,2.07114423816532
91120,1.5577023644286
26493,0.0068409645610921
400720,1.26483363182066
113835,0.913568459172843
399909,1.96263211022078
203102,0.841722803892712
51703,1.93290666937407
23507,1.44516881839285
91561,1.53226260519761
11194,1.61479198130159
8356,0.118801602317322
27044,2.61899359501883
146540,1.57150265692318
6799,0.157259062738087
341676,1.00842256908293
5718,2.51008711192379
158960,2.45270350985951
55124,0.0947954893080635
400931,0.570477085582926
140688,1.71282223312582
375791,1.41237485821341
6583,1.46713771322574
342933,0.0132175827499873
9583,1.82595849051502
10438,1.5765975749715
23061,2.32972158356746
8363,0.779033749681626
155184,0.0175101773978301
79927,1.19095157066081
5265,2.98573278146329
401253,0.0625696085978943
64499,2.36141257326047
25959,1.97361761058004
135398,2.38066299936601
2961,1.99405468931829
246778,0.793927643229564
2980,0.0445972313113895
25788,0.90055911431076
7718,1.75290252911635
8831,1.32035772272817
100190938,0.369294964258384
128486,1.43955701028366
641,0.91050685193125
100129940,0.221816777530107
124411,1.27354095791511
399717,0.289318218168851
84301,1.92920275616749
340268,0.170081522887999
6840,1.79373899403269
51592,2.07027137998456
26020,2.48581331982627
57162,1.85847927234356
401898,0.558459372403577
79027,1.94922769101452
219927,2.21138526157436
91373,2.13964075659392
148198,0.836199896597246
283807,0.541558674496992
136051,1.5861058570943
340385,1.49667415393498
171392,1.74964170100556
6584,1.66113902041587
147906,0.733098754553394
104,1.73782161196947
344787,1.13229247671343
3064,1.71356781453635
728,2.13007011730725
1735,0.109721115265514
1555,0.0837519842731955
8351,0.0528497930137067
54798,0.0495192289370227
79674,0.586908846220241
23729,1.1807820822469
2679,0.085446105720894
3652,1.54345079162031
4217,1.50375722937195
55753,0.0189362275154237
373156,2.61505875044231
3182,2.92458530417867
81466,0.0111658338983268
50861,1.73475656633482
5154,1.94523289637831
2996,0.295137217965489
1305,0.473719912386878
6693,1.23990176296524
57116,0.587495684259792
56125,0.432886066661575
89887,1.13494598141901
85569,0.0282481437700031
81031,1.96069985709559
79788,0.687010535178456
84154,2.0486976541218
144360,0.015877463426456
64078,0.407039426491137
400823,0.153459122424876
142678,1.52505645245834
4644,1.79044750206405
3004,0.92425582631093
10533,1.51843953300515
26037,1.7708907919131
92104,1.56885362765555
23145,0.494265244135316
1991,0.0763706752693144
57799,1.96663834806581
23556,1.24627643744907
1288,0.158120217057401
57547,0.946459839274306
11147,1.88123332400542
6219,0.232716604719211
3201,0.104224463503951
10210,2.02406946320663
83875,0.396446263913841
10242,0.0227948798627598
955,2.13376172080642
127343,0.0723688738166034
5167,1.55321558762493
400165,0.0240097576149657
645811,0.738065254152578
84188,2.15520542647153
65250,1.05419492884924
284371,2.07797439240474
8076,2.19334316902002
4624,0.0037382490083226
317705,0.0639214260144302
284370,1.65169294201592
91966,1.74639251120434
56882,2.59690214252093
219972,2.14618596812865
5055,0.0485371324516474
1803,0.328887547854481
5275,0.0119871284396815
80380,1.15105564282051
163059,1.7082691826836
196385,0.11336532195325
283238,0.0217811482126814
6709,2.18617941128672
4828,1.73725242458168
55742,2.15535459929878
57565,0.255145820657265
92689,2.14037497144857
6120,2.18193946509752
10794,0.426690653496015
1379,0.11970417031913
5253,2.11637349102024
6231,2.93686349159093
5660,3.25816398623091
6281,3.09448463014413
80217,0.351179485407922
222662,0.549543456714965
6168,2.93109107832312
3223,1.41910167130073
114112,1.66074198887269
1675,1.96692192365803
441476,0.502456473412168
440738,0.430462621278168
79892,2.22748846218665
197342,1.98392068154102
122773,1.35136861286834
347344,0.788782207976418
6884,2.42075037490302
284323,0.978173733622506
55210,2.13978772082858
79607,1.55159885760904
92283,1.27797036124958
100499483,0.213824218448348
23315,2.71257959580539
100506658,1.70104132218669
121504,1.60499351368974
1553,0.0453866897349848
339318,1.22913282986641
55924,1.19356786071824
51710,1.75218533819031
8733,2.35765850369348
9719,1.00218149577935
54557,1.11259269064829
388536,1.32127213333186
5544,0.456344184062156
81553,1.39836838846461
4641,2.48214637187958
259283,0.0964672461846826
28512,1.62901580447797
7367,0.0510881989588056
644890,0.1377268877932
116085,0.0548027927666294
23303,1.15669746910873
4892,0.009520858735307
128,2.38485673141287
85236,2.6304543875226
7004,1.61900228011821
6687,1.58324221761818
388697,0.0140368959186701
3439,0.0306605722017031
388585,0.0788383885327216
100418881,1.0898312464713
342926,0.543225181264408
30001,2.04001567049892
55552,2.27504304690073
100996571,0.0146508621545966
282890,0.456226962145733
84671,1.25451710033737
5336,1.13220935616432
89848,1.18963881560102
58491,1.01515807937957
344752,0.010754888621307
6277,2.95323052819384
6136,3.23254435468543
26052,0.567969128899009
7675,2.05746705776008
9019,2.29874990565409
23230,1.28096675506273
4155,0.97892840631401
8227,2.42548680069009
54898,2.31873043783221
440295,0.953687602652613
389170,0.339635565902218
127687,2.14829188819942
85028,1.96629778422269
283420,0.42387973344585
3792,0.244551755489812
55035,1.69656857781529
51135,1.82290030416056
115948,0.207048177724133
9228,0.0179178651438874
28977,1.73845179938977
57089,1.30514369414921
63925,1.80000027887366
7278,0.0177140457770852
6191,3.30469759454602
10793,1.75018287490878
7637,1.86228237590164
84549,1.49971052607927
63934,1.28438892150038
140885,2.22728080615209
2870,1.98593656439377
5557,1.10918520638541
54708,2.30494103335806
23784,0.057723791780431
613037,0.131348257581024
57016,0.357488693494683
27233,0.841655735910034
1549,0.0614091674392234
7541,1.53384940237708
23607,2.14108549296651
54830,0.874725564129095
9814,1.30602405330553
389208,0.0130126308322217
65251,1.59179819657637
127,0.0645001083526856
57209,1.52454460902986
337876,0.754741719300003
54863,1.05779588923852
1902,1.21168994611151
4151,2.08000262028971
391192,0.0629560650472485
26275,1.81907394675664
27300,1.94428038783442
161145,2.22664320193165
65124,1.8379325085156
54989,1.55851027024371
100130108,0.279325370744648
728741,0.390325533156975
79366,1.45916475392291
57708,1.80860885000617
10905,2.14385624063909
258010,2.02493539999378
90987,1.77493798819859
65992,2.70752249472114
442444,0.0716044446446561
7027,2.57360103604901
170482,0.0508922379282558
84775,1.52807703618729
55713,0.867165331391227
51170,1.9329221266806
23334,1.16342582332873
6819,0.0256268862991105
7789,0.797885958511023
83694,1.39256886210282
777,0.0134224851965348
401664,0.0089031710875008
54870,2.31505204958595
26238,0.49582201026835
1438,1.50012499879213
642489,0.553964069076449
11325,2.5873168630026
6147,2.7437750397589
55315,1.80965567017486
6815,2.01558034997045
59286,2.8177018674394
9931,1.75230495262394
89894,1.1321677913649
54963,2.28886813136669
84433,1.29337827917741
220992,1.6136192327143
5178,0.224674619415423
55153,2.3795992107771
7745,1.85176863929692
144717,1.66491538074085
100288797,0.0070474104382352
219844,2.02489885126487
4635,0.37074154671332
79973,0.692326379034071
126017,1.08772528968027
3221,1.68270602900852
340578,0.214948001224658
415116,2.5986776350718
439,2.7670855950156
101928372,0.0128076294222381
444,1.46709340239327
200734,1.93752460322906
11060,1.97987759060839
2673,2.24951495097369
7405,1.65431179781542
7574,1.44252211441807
50618,1.63428502373242
4914,0.224516118861227
10724,2.54630039586005
100131103,0.0115765804481612
4494,1.08344521856877
9747,1.83541377355663
7620,1.30998277236032
7296,2.13156774218899
441478,1.81929879578945
147949,0.888896375615517
150160,0.0132175827499873
127617,0.0356644376201233
374900,1.02392286372579
158586,1.37132294011061
147657,2.02306076937552
84914,1.96994330326886
7169,2.4056610280101
642946,1.13100275063494
83699,1.30678181523892
388558,1.10654030042013
148741,0.403147374681407
51441,2.55428409078617
10230,1.63255099253871
55319,1.94114411589889
3127,2.96962417020631
51062,1.02527150187383
1259,0.323875917497059
7975,1.48266482452942
339541,0.605925967851718
7594,1.94950195717961
11321,1.9626894286141
5350,0.849786808638966
145741,1.11546690607528
7576,1.5624565059832
9358,1.04951898942436
118472,1.79431401421813
284805,0.0045667467349953
199692,1.90515659232453
283518,0.294557267217888
11169,1.22979683545499
285989,1.31576178883266
1500,1.50328409955139
7919,2.38708314983471
142680,0.374934210114378
343035,0.0746579682411712
117157,0.207210180079314
23237,0.290193838581475
131870,1.80693902624925
9874,2.10692446137495
987,2.00157080389903
339883,0.894970652224585
9745,0.0031163460570424
4326,1.23338253929824
11177,2.1984838364133
1109,0.0553878071845259
10920,2.07749335225845
26112,1.83887919899954
4194,2.24420586806869
6262,0.0390501905320824
147658,0.0871367817651098
55958,1.97740919208753
131177,0.443337231562989
23054,1.94137112701342
27347,1.99411413901017
6898,0.891320698204389
221477,2.17563802418075
801,2.85146010382165
4018,0.0041525986866217
338811,0.146329784130774
9652,1.9406214934382
286319,2.05758989178521
4100,0.015877463426456
9060,1.41663246847168
23434,0.0201566492701331
10479,0.948218099679111
22909,1.15270196471325
24,2.30708877439475
4541,3.71530261622637
55705,2.14238296584461
80184,1.2097737540492
619518,0.509140088022557
4513,3.94446589606903
112770,2.08858553022566
23116,1.32925712941806
28514,1.44037591949344
124930,1.56924834464069
10455,1.80082317544518
10497,1.41670598505237
374877,0.539260895329029
4519,3.86598583650073
8861,2.60175537050474
81706,0.225624961385223
9646,2.13399259819204
64093,2.0651983218356
2153,0.345497141335375
51734,2.34962798825232
22834,1.79936866169332
57154,1.76142890229871
6526,1.1200700147454
107075270,2.15400121414743
63906,1.85267476768602
9578,1.96905626925455
5365,1.3113959112327
64064,0.0294552189612712
4736,3.17708591561357
23127,0.170759729813761
79574,0.0459782976541651
25975,1.11747463224206
4536,3.887255718644
164284,0.35387061787622
92241,1.47724674472743
9182,0.303928379751277
26049,0.483387012479414
91603,2.0190854850751
116443,0.160698222962661
4540,3.68245473040006
4583,0.261222871409679
29883,1.84005710011732
25829,1.95850461447914
2475,1.89067973382893
192683,1.56447171333283
25925,1.07611929553714
115701,0.13948994736026
57795,0.0758001637739616
9860,1.56419988904523
4512,3.93995469849058
4860,1.83034993219754
5083,1.11379559713298
2710,1.09005483737007
22887,2.35613544491402
140467,2.25846721604627
113402,2.28906963136999
919,1.12138450884352
2913,0.0534361704016004
283489,1.84601186056127
22876,1.47360856530672
9824,1.4704277520616
56670,0.940180171206256
3151,2.85504139842242
140606,1.85327774751556
51465,2.42425320370019
57165,0.56585559208281
4976,2.07510528586994
9909,1.93363251064928
6263,0.226099707706408
11179,1.41476647860333
4537,3.85978320527287
112970,1.31650577492375
92235,0.0910683626288553
51714,2.54550007268028
22899,1.59613670901748
9760,0.705807824336875
1066,1.10401421263755
916,2.10273811626032
9853,1.9541500087497
11153,1.42412492431685
58505,2.75339590266054
91300,2.63955049455392
116461,1.62373324504117
26046,1.64014127814793
146923,2.09220604482357
100129792,0.547064218293023
107075244,0.523716382245354
169436,0.668202932879431
2869,1.11112864119752
55253,1.92510935756955
25853,2.39998108322292
57713,1.43181696161022
142689,0.120605749496627
114824,0.015877463426456
150771,0.490694407830198
4538,3.95887098396999
23137,1.67550330309206
4535,3.89850298712327
55170,1.49067090632228
149345,1.91591559479411
85457,1.82209926195584
830,2.06335616098627
4508,3.89283603840694
7150,2.58823765219369
9055,0.137020599151987
80823,0.0049806933258769
4215,2.00714597784057
3897,1.18749427983568
6721,2.15719064343215
339448,1.98228264238024
5455,0.0113712320035829
221002,0.458684727480093
51490,0.137903364772905
6170,2.7159203493107
9666,1.4033737469529
9851,1.48506331237155
9937,1.56881772792006
79065,1.42792572103356
9722,0.715948666704302
158511,0.0487336436053482
353,2.94760213774666
9737,0.811659623901772
9755,1.889466765679
57692,1.39546407916779
154467,2.51746932090023
4514,3.92347892635369
80108,1.36626395479969
134548,2.04349298159552
84456,1.14900109905246
1756,0.646083983121727
9848,1.34919347529199
4668,2.22566715575194
23381,2.36370362921084
26128,1.89120336699815
7052,1.85663446716519
54470,1.60331231489268
9867,2.35168318122942
6096,0.0416301479021601
259230,1.72818205586549
554210,1.49677845242483
442910,0.24083337584261
442908,0.247483145330008
442907,0.714892628782917
406896,0.292669443244294
494337,0.266802725398136
407002,0.217830494561375
494327,0.335932056757271
442898,0.642658991043626
407015,0.295861550239592
442909,0.238811949383932
442892,0.238811949383932
442896,0.327915609696862
406890,0.478285001574764
406913,0.272194047426621
442903,0.439390261424602
124900488,1.01123819955583
106479935,0.388915854444393
100873285,0.201683655587212
100873756,0.223246978697894
106479721,0.223246978697894
106481612,0.153112792461749
106479945,0.397461577743857
106481198,0.546339488468248
106479575,0.763266255502018
106479669,0.228784605339793
100873526,0.380661596988309
124901859,0.118620969890508
26828,0.505203093290223
100169834,0.581900962876814
100873576,0.604972913424344
124902338,0.469932252147166
692053,0.859775174941718
100873529,0.714892628782917
677814,1.221739938467
106481381,0.409539777773582
106481956,0.268154026302202
100873579,0.365335712775618
106479707,0.65723218101989
100873457,0.802319530924095
106478920,0.758179919679698
26831,0.372840768490936
106479668,0.400373012250853
106478998,1.47910986754496
106479930,0.224991526000587
106481591,0.406413036837664
100862664,0.581900962876814
106481929,0.223246978697894
106480118,1.21657682890271
106481178,0.348884562206765
106479568,0.790163115404794
106480040,0.908819584210531
692227,2.31294039127228
100862668,0.232716604719211
106481918,0.539051641498546
767581,0.546339488468248
100873638,1.63255099253871
106480194,0.569575239662233
106479783,0.223246978697894
124904381,0.312762941932412
106481477,0.539051641498546
100873697,0.709177706810469
106479677,0.232716604719211
106480312,0.386088590937754
106480397,0.400373012250853
677849,1.23856286565749
106481378,1.06296921352352
106480578,0.669681518805912
106480386,0.17464843968899
124900265,0.475549353893711
26768,2.2928122538373
106480559,0.922841374424339
100873393,0.365335712775618
106480308,0.212698854390062
106479662,0.771533198322873
26832,0.372840768490936
26830,0.207857862197957
106481253,0.224991526000587
100873816,0.153978341456371
100873863,0.157603633849999
106479874,0.539051641498546
106481379,0.223246978697894
100873459,0.203313060051116
106481348,0.669681518805912
100873646,0.206237674414799
124902572,0.185371832096218
106481333,0.223246978697894
106481948,0.226890323464877
106481444,1.32657970796239
100873837,0.508376230008648
100873888,0.367845627396129
100147752,0.524997956594621
106479792,0.223246978697894
100124536,0.338128881273417
106481526,1.10883902176573
100873558,0.360557303595763
106480093,0.400373012250853
106480095,0.758179919679698
594839,2.18245651834381
100379287,0.432402007376466
106481220,1.35627106744697
106480552,0.223246978697894
106480767,0.391732587959562
106479694,0.550058886424451
106479749,0.406413036837664
106480612,0.550058886424451
100873693,0.203313060051116
106480408,0.223246978697894
106479166,0.327915609696862
124903590,0.546339488468248
106479734,0.406413036837664
100873360,0.203313060051116
106481629,0.622583991980626
106479652,0.226890323464877
100873303,0.203313060051116
106479957,0.65723218101989
677846,0.327915609696862
106481423,0.226890323464877
677820,0.185371832096218
100873781,0.223246978697894
100873652,0.206237674414799
85391,1.90684345536407
106480198,0.151378931219585
106479830,0.226890323464877
106479983,0.223246978697894
106481609,0.155706684763122
94161,1.4090274314874
106479013,0.653150544290986
106480589,0.809760008377745
106480027,1.65599482992589
106481339,0.236785360833274
26821,0.335932056757271
100873735,0.45034206262084
124900361,0.204776700352736
124900179,0.28639237520262
124900439,0.180362955010794
6084,0.380661596988309
100873501,0.200214358457645
106480309,0.546339488468248
109617023,0.180362955010794
106479723,0.394538859946623
106480758,0.365335712775618
124900460,1.32156676706698
106479573,0.171437369631719
106479943,0.758179919679698
101954272,0.154842971653662
106481456,0.394538859946623
106479576,0.434698493723104
114655,0.953294517062366
106480187,0.152246322955713
106480015,0.223246978697894
26783,1.7122196151556
106479574,0.469932252147166
124904983,0.120245236362853
26767,0.228784605339793
109616972,0.994354042453589
124900492,0.185371832096218
106480123,0.397461577743857
106479715,0.380661596988309
106481179,0.17683817166592
100873566,0.615479910320179
106481386,0.224991526000587
109616970,0.829673370459899
100873635,0.380661596988309
100169850,0.245169792620687
100873312,0.712938668752496
106479706,1.48044868618954
107075318,0.247483145330008
106479852,0.224991526000587
692157,1.3286762384817
106480459,0.0828093123943021
106479719,0.771533198322873
106479828,0.637489555244622
100873401,0.615479910320179
106480179,0.153112792461749
106481907,0.219586911868952
677801,0.329858262686089
26823,0.159324303618878
106480907,0.940982950949646
106481529,0.228784605339793
106481397,0.223246978697894
106481275,0.397461577743857
100873721,0.370347296866629
100873426,1.4454466052819
106479932,0.65723218101989
677796,0.978982275782851
692233,0.814813378752797
100873853,0.0869490986322006
100379564,0.245169792620687
106480761,0.827757313488422
124900183,0.19595456459155
106481813,0.0824319443491516
106480310,1.16984167334491
124900423,1.5471666053493
106481805,0.0886367224100169
677808,0.138432567508923
94162,0.32009573861269
100873418,0.217830494561375
106479130,1.6196466213188
124900525,0.182871277703912
100873313,0.219586911868952
106481584,0.539051641498546
106480136,0.238811949383932
100873452,0.367845627396129
6089,0.247483145330008
106480183,0.151378931219585
106479745,0.859775174941718
106481414,0.223246978697894
106481599,0.226890323464877
106481782,0.40339908327294
100873498,0.190515208049421
106479691,1.12916717285311
106481213,0.539051641498546
100873369,0.669681518805912
106480315,0.232716604719211
106480393,0.406413036837664
692075,1.98999703107823
100873400,0.203313060051116
101954278,1.45320808596647
106481932,0.232716604719211
124901526,1.4073828446125
100873860,0.152246322955713
106481388,0.922841374424339
124900556,0.182871277703912
106481714,0.232716604719211
106481875,0.397461577743857
106479580,0.45034206262084
100873321,0.219586911868952
124900524,0.924903045335857
100379592,1.58753976233392
100873504,0.191837218964394
100873536,0.499036209608406
106481905,0.232716604719211
106481462,0.228784605339793
100873417,0.206237674414799
106479922,0.224991526000587
56662,0.261676767701005
26834,0.318269040445582
100128531,0.307074743055427
109729141,0.925255790679857
170958,1.44298746292635
105378716,0.0449920531388688
100422622,0.0673875284399155
101928716,0.0880745620036581
64423,1.93097750274668
100419972,0.0304597993916931
642574,2.16750839277072
100873978,0.0234025367070836
101927447,0.0276439590910099
100507175,0.0878870906234544
100820709,0.0132175827499873
101928287,0.0540221383132408
26246,0.0123974780415539
84288,1.12425743494811
116228,0.438550324572902
1122,1.56467095190945
375057,0.175659821599347
441178,0.0332662841654657
388743,1.32035772272817
128387,1.81008411460759
1378,0.0424223934120883
100130967,0.506079825773687
554279,0.161555744857729
353091,0.196118820927005
388722,1.94885675623499
389432,0.644463729974457
388719,0.0362629122582597
127670,0.010754888621307
345930,0.189356665990483
9293,0.0503040803202519
101928673,0.514248136690256
149281,0.120605749496627
2214,2.60698309314344
253582,0.203313060051116
387103,2.08052760466455
503542,0.0833750437052461
619208,0.923136316716627
92565,1.43366842846105
399818,1.24417114181646
8528,1.5863653219693
221262,0.524143826341031
387111,0.0162859366995967
196051,0.969974198884284
100113403,0.0053944386314874
126961,0.0162859366995967
440689,0.655460523435464
440606,0.0242120678044732
3284,0.0119871284396815
388667,0.0681558255976688
84852,0.372578682443251
282996,0.5724771005409
100132963,0.0219839916622789
206412,0.449396123577067
387066,2.03515661293149
100505933,0.035464851664874
2664,2.59255929221572
55251,2.44250880787016
54345,1.60930999168514
54923,1.10138937728973
642864,0.226574171312462
100130587,0.0080788886488122
441161,0.241299128225038
154288,0.051284114267885
388649,0.276213391367927
343477,0.114273863088368
286411,0.0197500372972908
414157,0.0221867865316464
148418,0.683102773804615
26071,2.68557843372993
347475,0.77123438536226
84455,1.09870856214363
388633,0.55835751996162
85026,1.9360321788387
440590,1.24732604704586
284751,2.05318727874318
439996,0.0138321417599086
643418,0.0334663908138561
643414,0.0443997508881444
142910,0.058501008843608
109729184,0.0475538868142473
221424,0.682591412326184
124900275,1.93074443722145
100132074,1.5166609330205
340543,0.420197361189295
90196,1.84505254774167
158931,0.0197500372972908
3633,1.09228603951273
29935,0.0510881989588056
129807,0.0876995769262763
9935,2.13650895553329
26146,1.74784497364782
347359,0.0645001083526856
53344,1.24434122503469
26058,1.56599104869167
257407,1.13676315224349
55680,1.49761203879049
340527,1.11849716246981
2681,1.36044451018512
65979,1.99025731525288
340204,0.855982192066706
653308,1.21168994611151
58483,0.0348658102965977
414189,0.495155231387668
100652748,0.869866569769377
84243,1.95759837239312
170371,1.20828685794985
158830,0.0471602662673416
642517,1.39625548396809
5540,0.0394476217259577
9721,0.240056513557371
83849,0.263187869494212
55219,2.40232007135836
26095,0.129389289874984
57683,0.708111023386433
1616,2.51307031793269
659,2.04631734279548
6920,2.43979347726427
10471,2.4430814550435
6015,2.51155589703908
7923,2.11265616570198
6257,2.08098897041912
339229,2.41214450249191
100128239,0.0763706752693144
1302,0.387503543243989
3111,2.04878340579175
6046,2.61292449180736
3108,2.51189498346328
100507463,1.4687302649332
1290,2.53452469413891
5696,2.53806802878704
6891,1.83556120211642
169981,1.61531224891101
550643,2.18078021484893
100996291,0.0276439590910099
283999,0.0207662015448037
400624,0.0103437444480222
3122,3.40813298306056
56244,0.018529029376588
1306,2.37527236276529
10665,0.0326656794165476
4855,1.37196521825776
5089,2.35472482927807
177,1.22527274763124
6048,2.59762302573965
10554,1.92079806908447
494513,0.989820252368034
80863,0.795297768190358
63943,1.88253251786293
64978,0.875489389553269
643008,0.821421459268692
285141,1.91996850538241
389058,1.01738658556846
8859,1.40625847619687
388419,0.0156731530012164
1797,1.96684396097996
6499,2.08067970975281
7936,2.44131230119691
120406,0.0567512557756906
400743,0.0058079828238362
221527,1.63176774777205
6392,2.38824848616574
10919,1.81035558508644
100129029,0.827003021054209
143903,1.14766772133608
80736,0.861403164554207
4758,2.50716132116845
50854,1.84582976241322
3304,2.30734740485312
3303,2.33146660433166
3305,0.720559562760871
57819,2.56868744326412
7407,2.18163914279148
80737,0.500693181612214
114769,1.68654227843212
100506742,0.226732263073221
55777,0.84812897060509
4439,0.619321344800806
80739,0.227048352498339
80740,0.193816174198769
7920,0.546443066167906
80741,1.12816346598458
1460,1.955626392826
7918,1.78052928860268
57827,2.07282485502889
728215,0.0290530521054448
55937,0.884458844838146
401535,0.025020825205399
7917,2.62007767991308
727684,0.214787557493613
7916,2.4941463611734
199,2.55252983976672
259197,0.449159450046759
7940,1.91815179890473
4795,2.14396627023276
401250,0.108441831261244
730051,1.48683323052136
4277,2.12279019035025
90233,1.18093466142694
100507436,1.82141869208449
390980,1.10414514289191
3107,3.16036761069792
5460,0.392115875912625
54535,1.75021892913426
1041,0.0105493414072734
170679,0.147377001960521
29113,0.0461754078434364
8449,2.09225177331965
221545,2.16520798655196
28973,2.68187054552233
5514,2.36746820620921
387273,0.384154838540883
23,2.3673305786528
80742,1.65389379554389
11025,1.23397210872457
780,2.72423348275896
400997,0.411285085014733
100507055,0.354004926387737
440894,0.429247939146321
2794,1.77711105031223
3133,3.08916245276395
503834,0.0412337454202869
56658,1.6697288225962
116437,0.0128076294222381
90333,1.64458379721237
89870,0.0215782561623971
90317,1.50842264679167
11074,0.217830494561375
80352,1.54046861630463
6992,2.58423850556504
80862,0.503886009678738
57540,0.0890112847364733
10255,0.074848442848116
10399,3.0846240498161
3135,1.20719635361024
11138,1.8174760901329
3134,2.17489719988877
346171,0.466471928213088
147081,0.937535115896132
554235,0.13507515807804
4340,0.0084911297831118
7932,0.0164900995891271
646019,0.353467550810544
285679,0.0485371324516474
400710,0.298174899770682
386653,0.057140405596366
84335,2.30782872694722
653316,0.537690004876903
2550,1.90154410989017
399726,0.258038258146766
116511,0.0828093123943021
100507244,0.0538268611423806
387778,2.62244048785869
5987,2.17988340535991
340895,1.51853926043517
102724642,0.500251690763293
100268168,0.295137217965489
64901,1.00775512891987
100131897,0.44321793393712
653510,1.23870033930554
653427,0.059471517423572
728877,0.0681558255976688
102724515,1.10710498364804
102724238,0.0101380977223869
83538,0.545199145187132
100128098,0.334555849427469
642475,2.17364146311691
6311,1.65121242686195
1639,1.81650004250819
647060,0.0368609624667365
57469,0.574670633025176
79600,1.63655586393595
29902,1.43191207474756
3104,1.97294135479335
147920,0.217350800523257
444882,0.083940390516352
2843,0.0833750437052461
125115,0.0931203544834532
440145,2.33782884251883
643394,0.0318642078034075
100505591,0.0306605722017031
7711,0.82837380830723
790955,1.53415841047003
554251,0.861598244736078
105369167,0.0066344685557293
392307,0.270401046286159
401431,0.838899914179986
57126,0.935688396758238
5673,0.0115765804481612
100289678,1.62523057960726
155054,1.14855698703789
100131726,1.27662613403812
390205,1.3193825754893
728568,1.36436758040065
56114,0.144581430654289
9752,0.0876995769262763
56140,0.0390501905320824
56141,0.054997842915243
56143,0.0449920531388688
56144,0.0475538868142473
56146,0.214145460426475
10206,1.79331536725994
100170765,0.108258914477887
106480774,0.283455541278529
5644,0.171098620559228
84501,1.8163354316768
441376,2.74345584377415
390748,0.234597081311967
93035,0.103672781969985
100506736,0.387117909451876
400952,0.0276439590910099
574016,0.111909570608108
84912,1.20387532145253
100130958,0.383121481613038
79583,1.21757761209417
346653,0.953294517062366
400950,0.0368609624667365
645121,0.493485614178838
339453,0.384412957671774
448831,0.285659199945487
374387,0.252701837756793
259308,0.0064279224007442
344387,0.0758001637739616
643965,0.0538268611423806
441054,1.01077836007537
286144,2.57440588256222
644096,2.24562546487672
138715,0.322058138972838
55851,2.45517162455458
100131378,0.0302589788495971
149837,0.504874045903181
65986,2.38407895993751
201725,1.43760965795653
284402,0.497153742528501
55366,1.60835424191105
5699,2.10957892710488
5212,0.877902125878055
100506376,0.0526542428027862
441273,0.415506866858674
1874,2.29306821186587
646409,0.103672781969985
5150,1.72318551928528
100113407,1.0352659152002
6962,0.177342653872607
10071,0.0142416006900836
613212,0.0128076294222381
6643,2.10749491749094
56953,0.921660208089046
644378,0.159668001170828
84324,0.195132779324874
100129995,0.0374585887741673
9289,2.29706077748274
10527,2.39117322516424
54458,2.54379488905746
25851,1.35976038882417
4496,0.258342109370977
4489,0.499588952413777
388135,1.71002490457672
4499,1.02820798904049
126536,0.0066344685557293
3426,0.459385447426768
54809,1.97198421680138
3853,0.018529029376588
255919,1.6755602476627
3887,0.352391666129312
91828,0.692746499190481
497048,0.845000596898725
317762,0.874916606612657
100505767,0.620255086105593
100129724,0.051871586053616
388125,1.45368634309093
57139,0.787544192308997
4676,2.57057988936094
7114,3.33070785965317
254863,2.00774556862753
100129385,0.121686341935808
100144603,0.697267335620177
1375,0.261222871409679
100506731,0.0382547653609949
6607,1.39123102411115
728492,0.177342653872607
3150,2.72105891114445
283463,0.635849068132002
414918,1.00062408844083
728689,0.584458430834337
107985433,0.188693893295454
51451,2.51097348549863
400932,0.0109603861112779
388931,0.198414892898551
425054,0.0884493778801894
150383,1.44454323267924
100270910,0.0308612972995617
91750,1.57753244473939
347527,0.0534361704016004
641372,0.359624683372307
54065,0.0103437444480222
8110,0.12867577671514
100287284,0.0784592157513684
100129554,0.0171022935190702
642394,0.9654749802604
105377203,0.419581866679791
339674,0.262130402670551
144363,2.03989276315327
100130311,0.076750799447613
6453,1.30148526321996
162073,1.29903227229698
79958,1.80498778066098
353512,0.0949814066654706
64109,0.0534361704016004
9946,1.67600132328699
285636,2.0724496630174
645432,0.25300774946036
100128682,0.0326656794165476
100131094,0.326942445510891
503693,0.849389318015433
192668,1.05419492884924
403313,1.83552189295075
3822,0.0530452976713926
342346,0.101093391034403
400941,0.254993293101234
153657,0.869031696031156
93978,0.0326656794165476
10737,0.107892959309522
150297,0.0132175827499873
387911,0.0171022935190702
440023,0.175491345697567
440021,0.0475538868142473
387264,1.70231675558447
146053,0.914824780743626
283314,0.741902764621672
100128770,1.23049492289129
155340,0.0266360241092229
100131017,1.84968454868888
100128788,0.660585833478723
653650,0.249328971537643
390874,0.0037382490083226
10215,0.0082850342053478
56245,0.0390501905320824
54067,0.172114443173016
10921,2.34660684456312
391634,0.433127978464219
57523,1.33050387748168
131118,2.12311223599295
387733,0.071221967357895
220164,0.163610112635495
90861,2.72833044280693
255349,0.0240097576149657
5268,0.648238436132879
653082,1.65049069941014
402160,0.612561342937439
728047,0.0350655380227658
645426,0.231931758133455
648294,0.407790405772922
440163,0.0489301088118718
3039,0.063149226365247
51224,0.0264342928541542
57194,0.814673536149549
503637,0.68971583048924
389161,0.0797855659595778
401089,0.015877463426456
10866,1.39076711046423
3136,2.46504464167076
253018,0.394538859946623
100652833,0.0086971754034013
131873,0.375326089185417
201475,2.2205468019975
645369,0.13081445746027
100192204,0.0510881989588056
3105,3.21654819980584
201562,2.26763451936857
55779,1.56090750858823
348801,0.610577315741786
403277,0.0278454019696254
389136,0.839909510579011
100506275,0.0128076294222381
131405,0.0187326529005272
152098,0.434336360861674
23243,1.57795517129266
8292,0.723375253942241
131965,1.35453141413691
55831,1.34060005105849
440944,1.27749066536282
100873760,0.223246978697894
106481290,0.223246978697894
106481219,0.758179919679698
106481314,0.397461577743857
109616964,0.862183127906454
677793,1.47550725535043
26779,0.185371832096218
26827,0.223246978697894
106479994,0.226890323464877
106480664,0.152246322955713
677807,1.2401417314551
106480634,0.397461577743857
109616993,0.329858262686089
106481910,0.223246978697894
106480655,0.230674390413359
124906144,0.560594923115808
124900264,0.464619755491437
106479984,0.758179919679698
106480708,0.223246978697894
106480646,0.223246978697894
106481616,0.647879826313228
106480556,0.223246978697894
100873741,0.539051641498546
106479762,0.535379807589316
106479900,0.223246978697894
106865374,0.391732587959562
124906143,0.475549353893711
26863,0.28050764386497
106479781,0.223246978697894
594837,1.77097096644359
677813,0.18919102391088
106481310,0.845734136420003
100873745,0.223246978697894
124900266,0.198742368383381
106481244,0.228784605339793
109617022,0.329858262686089
106481402,0.223246978697894
106479780,0.753821854607273
106481506,0.223246978697894
654319,0.876760393848101
106480618,0.922841374424339
106479819,0.223246978697894
106481916,0.65723218101989
100873871,0.207857862197957
100337591,0.734837275472735
106480607,0.397461577743857
124900442,0.194474746081945
106480658,0.223246978697894
106481236,0.780729935259732
106481498,0.550058886424451
106481559,0.922841374424339
100302742,0.223246978697894
109616977,1.04417782468761
124900530,0.182871277703912
124902824,1.2204270386735
106478990,0.397461577743857
106479870,0.845734136420003
106480586,0.397461577743857
106481188,1.11306556006252
100124537,0.560594923115808
106480144,0.223246978697894
106481942,0.223246978697894
106478913,0.223246978697894
106479835,1.28941900957108
106479820,0.845734136420003
106479836,1.43955701028366
106481274,0.223246978697894
106479960,0.216070206609754
677833,0.778368834386543
106478921,0.397461577743857
26789,1.24284267177189
106480316,0.780729935259732
106481888,0.539051641498546
106481238,0.397461577743857
106479958,0.40339908327294
26798,0.658557942272337
106481297,0.223246978697894
109616962,0.18153447501312
106481230,0.539051641498546
106481254,0.397461577743857
677797,0.322058138972838
106480581,0.223246978697894
124903594,0.40490756942491
106481410,0.539051641498546
106479613,0.397461577743857
106480616,2.59908290281851
106480657,0.406413036837664
106480311,0.986583769994317
100873808,0.682591412326184
106481473,0.397461577743857
106479810,0.65723218101989
106480097,0.557644145757668
124900181,0.464619755491437
106480169,0.887337414784241
106479747,0.397461577743857
677802,1.1644085714422
106481545,0.762585279757105
100873392,0.986583769994317
106480647,0.228784605339793
100873759,1.05305321174924
106481507,0.758179919679698
106481430,0.546339488468248
109616999,0.454113784621702
677819,0.829673370459899
106479621,0.65723218101989
106479615,0.228784605339793
106480034,0.400373012250853
106481497,0.223246978697894
106479718,0.228784605339793
106479955,0.65723218101989
100873750,0.539051641498546
109617008,0.329858262686089
106481546,0.228784605339793
100873537,0.204776700352736
100873747,0.65723218101989
677794,0.179189734011994
100873804,0.626294148959654
106481921,0.539051641498546
106480653,0.400373012250853
106479858,1.21147335115673
109616965,0.656435498426301
106479703,0.223246978697894
106481577,0.832196622011906
103625684,0.397461577743857
106479975,1.65193300900911
106480580,0.223246978697894
106481392,0.397461577743857
106481416,1.05305321174924
677806,0.185371832096218
106479626,0.223246978697894
106480011,1.91111961444438
106481775,0.223246978697894
106481438,2.71895914742248
124900358,0.184039167240528
114599,0.770262309173544
100873754,0.223246978697894
106479696,0.397461577743857
106479834,0.216070206609754
106479777,1.05305321174924
641451,0.759626278170834
677823,0.554783503099165
106481516,0.223246978697894
677827,0.454113784621702
109617005,0.190515208049421
100873767,0.223246978697894
26782,1.687194644611
100873748,0.223246978697894
407014,1.58072866769966
693232,2.29804506150698
693220,1.97151526601048
407011,0.24300455003093
693178,1.02671666172736
406997,0.217830494561375
406954,0.388915854444393
693139,0.581900962876814
406983,0.932385249968795
574444,0.478285001574764
693189,0.439390261424602
693204,0.238811949383932
406969,0.632464741450439
693226,0.238811949383932
574501,0.489910955586257
693156,0.432402007376466
693155,2.09593182793922
693143,0.439390261424602
693126,0.24300455003093
693187,0.57357471371803
724029,0.804738131546063
693158,1.74674396896071
407036,0.718136707540606
406933,0.247483145330008
406962,1.51006936707731
693141,1.05367191535949
406984,0.247483145330008
407001,0.217830494561375
693175,0.804738131546063
693138,0.557644145757668
107985532,0.421058204050361
406976,0.848062567913615
693211,0.249789755946185
406963,0.981830565505395
407052,0.283455541278529
693148,0.289464223096241
693225,0.245169792620687
693120,0.245169792620687
407019,0.577750059005121
407006,0.528404409982386
693144,1.45174770061
693188,0.24300455003093
693152,0.425591987292681
406943,0.266802725398136
693209,0.429004765244695
693164,0.696098150945424
406945,0.266802725398136
693174,0.794937486747516
693161,0.425591987292681
693186,0.289464223096241
693229,0.439390261424602
693228,0.973082330828448
693230,0.714892628782917
693176,0.247483145330008
693201,1.34224512414174
406900,0.486993618929007
407037,0.28050764386497
109616967,0.190515208049421
692225,1.75936306362018
26765,1.01779088146921
4567,2.42432645864244
116937,1.17240320463779
4558,1.95154180571995
4577,0.862183127906454
4550,3.87427399365138
4569,1.66187334421538
4578,0.327915609696862
4511,2.31536814695361
4579,2.69614707606039
4563,0.327915609696862
4573,0.575665457262608
4564,1.15262176696141
4575,1.05699231440756
4568,0.848062567913615
4556,1.07059878224769
4576,1.79968994091407
4571,3.51774909616859
106480542,0.193157062901807
2878,2.46322209669066
1734,1.22106613707836
280636,1.50113896936334
1733,1.57955456404194
246181,1.29656794481745
23012,1.82445742864759
22908,2.08588130232428
4549,3.59924736133022
7247,2.39613160547983
768220,0.95866364092313
55652,1.93475724618328
3514,3.63205101570282
28946,0.814813378752797
28947,1.40475544068283
28948,0.814813378752797
28950,2.3279338491327
28908,2.47595950115667
28907,1.03246261237589
28906,1.13696928392262
28884,0.0673875284399155
28874,1.7345946498015
28869,0.400373012250853
28876,1.32447480086057
28892,0.627126220396134
28784,1.94300928937359
28774,1.99733700817805
28785,0.258038258146766
28778,2.08275044402039
28772,1.47550725535043
28820,0.609535817442138
28821,0.950987108776719
28780,0.136667226196118
28822,1.99670772039545
28775,2.20846027941112
28781,1.03063584891272
28823,2.33240735878691
28776,1.68192077889276
28825,2.8366174107078
28783,1.25611707971259
28826,2.07816452028773
28811,0.0639214260144302
28787,0.132059451005708
28791,0.349695320427271
28793,2.41744336230553
28813,2.51328920768128
28796,2.6625818457863
28797,2.5137960648155
28814,2.01981474498595
28799,0.295861550239592
28815,2.4379564733239
28802,0.141249215496993
28816,2.51650745736691
28803,2.00388277536301
28804,1.4205628355684
28786,0.0652710625303166
3538,2.9642862029835
3539,2.93946344611253
28834,1.71258652416165
445347,1.32555753915594
6984,0.833488525111255
6983,0.289902074182013
6982,0.619040978891732
6978,0.356552316827823
6977,0.469932252147166
6976,0.562825331052316
6973,0.110268773482143
28606,0.713183223221091
28617,0.398728800764553
28595,0.568571845467977
28612,0.0763706752693144
28586,0.825904296433898
28585,0.123484180058323
28582,0.0719867467506061
28602,0.907067256217775
28601,0.341548902334423
28610,0.418965865718633
28592,0.383379953010772
28609,0.733019623622133
28614,0.719106895347072
28616,0.85506326488206
28568,0.975199877179804
28567,1.33672225400931
28564,0.658204655273234
28563,0.434939817857282
28639,2.4301435246597
28560,0.508048616239018
28559,1.25887263862703
28629,1.14495091147254
28628,0.678229317807757
28627,0.92124627080588
28626,0.696098150945424
28622,0.910326290403909
28638,2.51047857417831
28691,0.750592276753228
28690,0.524250647865194
28689,1.1777984678792
28688,1.35475264522947
6956,0.492258797116807
28685,0.501354916519017
28676,0.247945005717645
28674,1.11259269064829
28684,0.542184067933255
28683,0.816210152450656
28671,0.932385249968795
28673,0.846666522400327
28682,0.405786124931254
28670,0.647879826313228
28669,0.541767199500542
28677,0.501465147234203
28672,0.566560801843905
28680,0.717327149631999
28667,0.714892628782917
28666,0.805731426770693
28665,0.116087946291009
28664,0.823080274611887
28663,0.372840768490936
28662,1.09103761936695
28661,0.476804457629873
28660,0.619508192927471
28518,0.728493658734498
28659,0.425591987292681
28658,0.809971350646872
28657,0.610766512926124
28655,0.31700187249262
28653,0.473032696173374
28656,0.152766315216847
28648,0.20737214969269
28647,0.151378931219585
28646,0.679515178968039
28644,0.0742768884659622
28643,0.289464223096241
28642,0.217190838480678
28641,0.0822431961241168
28640,0.672283039612697
28517,0.267703850593388
28522,0.412653557047847
28521,0.394538859946623
28707,0.348884562206765
28710,0.335932056757271
28711,0.58827737766422
28713,0.335932056757271
28715,0.358156832154763
28716,0.348884562206765
28720,0.367845627396129
28721,0.372840768490936
28722,0.378063595534051
28723,0.335932056757271
28724,0.814813378752797
28725,0.378063595534051
28727,0.335932056757271
28730,0.36295025006811
28731,0.348884562206765
28735,0.378063595534051
28737,0.335932056757271
28738,0.76703676224159
28742,0.348884562206765
28748,0.615479910320179
28749,0.594887056678489
28750,0.36295025006811
28752,0.594887056678489
28754,0.353467550810544
3494,3.01696811951557
3497,0.500913826727922
3503,1.769410599719
3501,2.53551886499157
3493,3.33525584158464
3500,3.23748373898865
3502,2.28079681521998
3495,0.186037339999593
3507,2.56809293755164
28475,2.49895590856783
28481,1.49552539730841
28483,0.669681518805912
28498,0.524997956594621
28500,0.594887056678489
28385,1.49012148422454
28474,2.31907709115075
28473,2.12238372057542
28457,1.90528915202777
28452,2.56172390003306
28450,1.98585559138346
28449,1.51006936707731
28448,2.47204765538182
28447,0.119884565199712
28468,2.72424704331439
28445,1.49677845242483
28444,2.23464024735561
28442,2.55651366824062
28467,1.52134312901449
28455,1.03556023441203
28400,1.31211606453109
28434,2.0052645495723
28395,1.93785294409458
28432,0.697934538767187
28394,2.53738798193641
28466,0.800535416559655
28465,2.24392913893882
28424,1.89135775211192
28423,1.61462927743512
28388,2.65193033943635
28420,1.80705476210884
28464,1.59365763713702
28391,1.89982639200838
28412,1.14867814289598
28461,1.84630879586763
102723168,1.35378406409399
28409,1.29712341168179
28387,0.424491703104624
28378,0.623699112734481
163154,1.10879573411162
259294,0.276361861281503
266657,0.673493712710048
259296,0.0784592157513684
50840,0.886712752262533
50838,0.109721115265514
100873630,0.209474780431935
124900553,0.172452767849171
106480142,0.228784605339793
124900537,1.11529571247207
124900532,0.329858262686089
124906194,0.118078834682481
106481273,0.581900962876814
124904154,0.57357471371803
100873324,0.203313060051116
124900396,0.865745812414913
106481597,0.758179919679698
106481247,0.223246978697894
692086,0.754971486804688
100873273,0.200214358457645
106480622,0.87923155504063
100873479,0.212698854390062
106479887,0.85506326488206
692205,1.1258566598369
106480563,0.238811949383932
619564,1.26483363182066
106481440,0.223246978697894
106480074,0.228784605339793
106481457,1.80113268250412
106481427,1.26483363182066
124900269,0.961108908350755
106481432,0.223246978697894
106480122,0.397461577743857
124900533,0.182871277703912
100873589,0.659704875298306
677841,0.494153919388628
106479562,0.459268706914879
109616982,0.331934259048962
124900367,0.575665457262608
106480313,0.245169792620687
106481530,0.223246978697894
124900285,0.180362955010794
677832,0.732069323235258
692206,0.216070206609754
106481174,1.39045760102252
692109,1.85393624699491
124900184,0.187864660276894
106479769,0.535379807589316
677800,0.76703676224159
106480076,0.223246978697894
692089,1.6894083433014
106481524,0.223246978697894
100873472,0.223246978697894
124900201,0.311060856788946
692110,0.461949080753147
100873716,0.25925296131722
124904382,0.418965865718633
100873738,0.391732587959562
100873614,0.180362955010794
124900202,0.190515208049421
106481576,0.228784605339793
109616968,0.190515208049421
106481455,0.406413036837664
100873291,0.201683655587212
106480165,0.152246322955713
677826,1.73414595171019
124900447,0.358156832154763
100505753,0.0175101773978301
645296,1.66218140467257
338799,1.6638500761079
100127999,0.459968873391518
107985122,0.0463724718392014
339263,0.180530419052839
441518,2.16580415240813
283673,0.384025745983262
653232,1.87622609973257
402317,0.137550372755663
727800,2.05017553745143
83896,0.0362629122582597
4539,3.7475575224895
54627,0.911649201174711
386682,0.0268377072511832
337968,0.0420263638480368
5462,1.21911100690198
26255,0.388402591772895
100271650,0.648596860074028
51157,2.0752543298945
81856,1.22251910219874
84258,0.0140368959186701
23636,2.26247953103227
730255,0.137020599151987
163486,1.93037902526557
391496,0.0557775902066152
100996501,0.132947576137209
730213,0.283014063745433
100421756,0.113547110299803
400798,0.421918057687285
375035,1.6143525492963
100422263,0.120064920542551
11116,1.23508017004986
391130,0.177678800610603
729952,0.165659296928695
22828,2.07583927614748
25790,1.40475544068283
2532,2.0445813569575
100420110,0.10238409192168
9534,1.70255800359422
139060,0.418965865718633
645257,0.188196455857058
102723626,0.142478454942661
255758,1.50509185262444
442258,0.131170362808316
1427,1.11593742658906
1396,1.06544570123861
100271538,0.498704362578854
151230,1.40833037804369
402150,0.722893399845346
339398,0.21751073054341
100129176,0.0831865093464727
100132645,0.139666044552042
646175,0.227522251558552
442237,0.04578114125236
196792,1.57635031763531
286827,1.20872245999469
100131012,0.0652710625303166
10962,1.11781567735785
9311,0.730561921628774
170575,0.97876676934502
107133513,0.105510290447963
84960,0.754511872376034
445328,1.34571678657937
26211,0.0053944386314874
728489,0.0679638175237219
100422473,1.49952389829786
643276,0.15536130946066
100130018,0.0814877748095437
387845,0.44951443200836
6827,0.0633423431029015
100422300,0.0181216355189445
647030,1.26401418391664
392497,0.247175088598107
401725,0.0614091674392234
441642,0.0658488120877697
390218,0.924667770751403
654029,1.11052471709072
4893,2.22557670366383
5233,0.344953762727419
641790,0.0700734830017112
729279,1.18017135028057
392781,0.0606346453732357
646189,0.224674619415423
100421794,0.170081522887999
390612,0.184705774775147
389404,0.564241056902976
441154,0.210443366795549
326320,1.59640758836411
4056,1.06726139251785
644315,2.18920198644304
51239,1.3233311243596
81890,2.1802725709095
1147,1.62873180877594
729484,0.106977361309365
83463,1.12874917512009
100271012,0.449869244030099
645000,0.388915854444393
401703,0.233187141084176
2946,1.5761736256434
100130335,0.426324610947219
388387,0.0610219959658159
84342,0.842125065037487
128770,0.101093391034403
646476,0.568571845467977
84986,1.34880210376823
652624,0.263791499393335
55559,0.145456075290178
3931,1.53105934017546
400963,1.01470122838547
79037,0.1159067175905
345471,0.0673875284399155
221914,0.20737214969269
125113,0.0171022935190702
643863,0.499257357044862
390354,2.35220674665475
6494,2.14451590724881
2086,1.67374872258967
55333,1.97856628234632
402,2.13934218781851
286467,0.129210969736922
440307,0.0070474104382352
100418710,0.0579181636361618
344978,0.122765516475702
130865,0.0604409028617613
388646,0.0544125563488178
494115,1.42513806256713
100271010,0.434698493723104
10011,2.13806040234795
644996,0.331242881402387
375346,0.285365737248928
283102,0.534958973655404
644236,0.731038309231285
107986732,0.0756099064785592
23234,1.53972492808644
220717,2.26833996177868
100129325,0.185704654675442
414919,1.91212251706866
7416,2.92182629174474
221504,1.72305763496263
51075,2.61265874938406
729646,1.20427782184558
100526830,0.011781879253164
87688,1.51290243258554
100271271,0.805518705065985
3073,1.35635376311316
4722,2.32360703045219
642641,0.957214123801905
54741,2.34608363278811
81606,2.12398823013361
113179,0.39428417481785
5500,2.70072800839509
442325,1.03113012029343
652985,0.218150130624384
402273,0.0702650067990862
63940,2.27695320326848
644522,0.249175317063297
27040,0.20217282435688
100129374,0.0475538868142473
100271173,0.107892959309522
106479059,0.0213753154909553
51517,2.11549778406959
1388,2.51465459075032
729799,0.399235094154757
1903,1.17193833724393
646108,0.530737052339472
54978,2.57134789141257
729046,1.15848630077885
392489,0.210765968706626
388799,0.488565938275109
100271285,0.0621829736100838
1192,2.98743241411619
23564,2.51453665890027
100271250,0.0643072587180317
100132723,0.022997480615535
6235,2.40852361286674
102724826,0.857423559387144
286150,0.143180048388379
100129939,0.0544125563488178
100271626,1.23897518306044
100421109,0.0189362275154237
643932,1.55360501073825
10720,0.0340664262320136
534,0.460551838832117
7693,1.87772765798066
100287325,0.696348859945772
730066,0.173297961760755
732199,0.211894052625716
2968,0.11008626111996
51202,0.620721489111637
340443,0.412031833611392
388559,1.86750809558319
100271213,0.184539174505137
91664,1.20167471820315
22914,0.335244260688749
128500,0.279473252491523
728706,0.127783012098814
285260,0.196447232976195
441013,0.437949788491541
2013,2.50630467224045
147040,1.56755951433956
728501,0.844199415830244
644029,1.20141741283622
1934,0.273536117035666
326299,0.0621829736100838
728486,0.306932002627813
147699,0.409914113804984
643220,0.20119418856018
388551,0.0621829736100838
442195,0.0648856742777243
151295,0.386732079038766
1241,1.47174643753198
100996307,0.271895497979454
56413,0.565553145387826
100130523,0.124740331349873
1773,1.0612341545836
145553,0.0252228938178094
1454,1.97538978752178
10379,1.61288475089611
2592,1.69007031596982
100270959,0.35266077913583
9080,0.93464719573832
729399,0.0880745620036581
728244,1.15550177022583
402214,0.0434116529118274
390283,0.589448298352463
344866,1.22326182331422
3672,1.51065757741082
140758,0.933430249099153
729050,0.318690969136861
100130691,0.27383404341948
390916,2.21090978516738
730087,1.17483747982397
100271361,0.19595456459155
7652,0.225624961385223
30851,0.0758001637739616
140756,0.236160753019845
8906,2.13442678613806
7643,0.730403050566657
124902371,0.116631393300044
55739,2.5075354051867
53345,0.138256204616383
100271849,0.098876066768446
441133,0.506627247183183
2595,1.46373642616966
644464,0.408540635418495
643167,0.300049450347013
26140,1.67396306319669
29803,2.57964051188556
6150,2.0196294730387
101060200,0.573275532849502
100190940,0.0049806933258769
79086,2.05531086087862
642687,0.110268773482143
124900418,0.878788721506286
157574,0.87306745204969
100270851,0.139137639219655
7106,1.77173759345332
8904,2.55937005835678
339231,2.32545746733766
100128535,0.852891989283003
494551,0.0350655380227658
100421420,0.187532728084775
57128,1.65962254287644
26292,2.10427987751602
155006,0.218948661567567
768206,0.193157062901807
100289264,0.0714132279076869
647323,0.13737381964589
10195,2.42047852702782
644903,0.183872429292585
170559,0.126889275567633
338069,0.0302589788495971
79729,1.45695349363554
401397,1.97869692607032
253724,0.114092234949886
400064,0.240056513557371
360019,1.36281824574786
255809,0.930115036389723
654502,0.0542173700425294
339210,0.70794676885816
646951,0.0115765804481612
647288,0.0115765804481612
51024,2.56231196183471
342808,0.190680578133617
401863,0.0786488237171767
400141,1.77027179819311
283,1.02156796467045
100310782,0.032865928486596
619207,0.30736014523199
347333,0.572277352164526
120376,1.03073473592735
100505854,1.10217807642925
441272,0.111545230931358
255374,0.892498414242162
341689,0.0113712320035829
344167,0.0912551171776534
387104,0.0126025784990239
100130894,0.0438070313509447
54492,1.74387552866547
100271286,0.140370054462992
285588,0.0380557917082188
643981,0.269203435031164
79441,1.3555814249932
442175,0.0769407965432616
387804,0.116812462656807
677779,0.0074601518934053
644972,1.45238714622073
399942,0.610198768095034
644246,2.25575153360897
401562,0.0066344685557293
92482,1.37497858411983
392371,0.646083983121727
101926911,0.210604684000817
440503,2.05621406595741
643971,0.0368609624667365
391387,0.0604409028617613
6174,1.399713030576
730005,0.200050937148015
153218,0.0453866897349848
344022,0.242384821057927
51400,1.85820959095303
10809,2.93362762908949
92682,1.89501140233558
128580,0.699849103910634
401375,0.148945313407985
55384,0.592561292620484
441155,0.0111658338983268
728130,0.232716604719211
642317,0.0276439590910099
64506,0.106244151498938
400954,0.659352176205487
652423,0.0322650387162132
85486,0.984185105579141
100422384,0.0671953437318986
414254,0.0598594062479726
647155,0.0675796689626678
403339,0.0438070313509447
105370047,0.292524036610928
645482,0.0366616595234452
442319,1.10593156328908
643689,0.63108801025011
100288842,0.546960730309563
23053,1.98861926530938
100270907,0.0623763134303502
100271715,0.116087946291009
728858,0.266802725398136
7866,2.03664752048767
105371730,0.869095955974594
440854,0.0910683626288553
9189,2.34985938443173
392516,0.150336841365798
221092,2.26433287109466
751071,1.24817103737135
6145,0.288441615041299
728588,0.156396996093326
402287,0.62006843766363
643680,0.230988918716259
391819,0.140370054462992
101927588,0.165829829028472
654463,0.0266360241092229
4515,0.383638336262925
128709,0.158120217057401
729475,0.036063467897197
100128646,0.247175088598107
253128,0.158120217057401
728597,0.0189362275154237
441204,0.432886066661575
219537,0.687264613248243
100287272,0.112637767504033
401247,1.29872485322484
388122,0.0602471155158791
283551,0.570977617217493
326317,0.0675796689626678
8489,0.10953848174189
390848,0.24300455003093
285830,0.432159859804671
207032,0.354944426233637
392552,0.0442022240997431
125150,1.85873948641872
102724637,0.0142416006900836
2856,0.0217811482126814
64283,0.719268457606973
353149,0.0047737452018541
100130742,0.990296309324739
729920,0.828031383733431
402425,0.270101814525391
101059938,0.0193432301006561
152845,0.0183253569229505
728128,1.08027129717045
646672,0.202335814389082
54047,0.0318642078034075
341392,0.502236295330482
79680,1.6222310209512
100270963,0.164122893763621
340267,0.484854339375359
11331,2.6301388595414
100130357,0.268003996365478
388344,2.48317820173632
80060,0.0794068242501354
2229,0.0742768884659622
678655,1.9340411750715
84461,1.19628327378141
392862,0.214787557493613
140715,0.0551928477150357
153684,0.99697446013994
442459,0.0445972313113895
54022,0.0845053532862342
3876,1.26019563947609
137886,1.86272424253532
644019,0.85846979000268
360226,0.0225922306114602
391179,0.13719722844947
26983,0.0334663908138561
124906495,0.386989321169616
81428,0.0388514046163894
100996279,0.0113712320035829
286430,0.0168982779780871
4586,0.0078726930921942
730112,0.503336520311691
55670,1.34147995747348
285696,0.0091091168566818
100418829,0.136136880643432
134121,1.81456177234634
134111,0.410911431963868
286348,0.036063467897197
101927905,0.518244203081176
399715,0.120425512675816
100506688,0.170251127831315
60493,1.80783252315368
440270,2.06651400602633
55449,1.6390315719254
157855,0.0136273381928503
648947,0.140545962298171
102724473,0.0960960359655527
100507650,0.334280312453075
1654,2.50091807550622
64601,2.09895707602836
139452,0.118259586088365
455,0.043016088629042
642448,0.495044042314567
266623,0.36175471487019
647298,0.0162859366995967
100132103,0.253160660906882
4636,1.74449701092645
388815,0.13259244153535
85508,0.0168982779780871
100506241,0.0272409292764164
407975,0.254230213070546
55628,0.952957386784756
114044,0.967124872244109
79716,2.11737982494563
100271252,0.14528122128287
386672,0.0372594270725486
386677,0.0221867865316464
100132995,0.043016088629042
284837,1.31760495814087
283514,0.0266360241092229
644165,0.20737214969269
646982,0.0551928477150357
388795,0.291942138969249
170527,0.238656241520586
128954,0.0066344685557293
400831,0.235535653620173
391584,0.17464843968899
3166,0.0126025784990239
118126072,0.864258382403015
2642,0.0332662841654657
51032,0.122945241276883
729515,1.59608590160687
56900,2.46458799103321
109286553,0.57357471371803
106479025,0.295861550239592
728833,0.578047359722413
8718,1.77113127053155
100131465,0.944525652016499
100420880,0.0219839916622789
128136,0.018529029376588
442249,0.343185120122647
339535,0.0402419221072167
643136,0.0534361704016004
643471,0.0420263638480368
284685,0.424124581435243
124902709,1.07561540584601
100131187,2.58068925396778
100996702,0.231303322713205
643329,0.121686341935808
606495,0.579136396955782
400750,0.409040372697469
441880,0.131881710470116
100287898,0.51500584148527
219293,1.98749198526833
100126331,0.269503008974023
100126347,0.66409843220395
100271020,0.0903209239347336
728179,0.06565627325421
643954,0.042620338349058
642738,0.293686531565202
10437,0.692914474647678
147710,0.0378567710724885
100129061,0.0727508259833435
100271210,0.13507515807804
100862853,0.0264342928541542
100129784,0.0936791088254262
285780,0.009315012732202
286444,1.20082883891239
100506302,0.622397965152442
493821,0.0544125563488178
100270935,0.0449920531388688
285095,0.591881497521309
79741,0.857685277569517
100271178,0.0567512557756906
644016,0.016081724652309
106478960,0.0453866897349848
100288252,0.189356665990483
643627,0.0623763134303502
100421093,0.0336664500279098
96459,1.89108324888405
646785,0.752670232110013
100131031,1.55341961094086
100128379,0.0223895328412295
100131390,0.0211723261778742
100133294,0.317142771412861
394255,0.731117674287842
646674,0.131703931397248
645157,0.207048177724133
442153,0.0979504261429475
644186,0.392626624210457
105375130,0.0156731530012164
442225,0.0927476423604853
100422453,0.0445972313113895
51192,0.13081445746027
127545,0.226574171312462
10340,0.379883130331472
100131471,0.959553955519712
158104,0.71448601990455
442267,0.0168982779780871
454,0.142302962436914
340598,0.524464243542422
51025,1.68681999758855
441160,1.4283329642125
100129074,0.0238073990491231
642935,0.0483405753318879
442252,0.0959103684817372
100289319,0.138256204616383
728590,0.638490170138918
442162,0.129924017888448
387323,1.04020100992127
55714,1.21911100690198
101927722,1.23119212426772
100130449,1.43485168681872
389435,2.2762479086602
100271103,0.0708393147493007
106479046,0.0553878071845259
29092,0.569274370006293
132542983,0.054997842915243
100129844,0.0183253569229505
127379688,0.0378567710724885
100420839,0.675391887230187
442242,0.19693959967572
100131913,0.0590834488965626
8333,0.147202558931156
100270925,0.0540221383132408
139748,0.0616026860516921
100505876,2.24070036679563
644082,0.0503040803202519
100271057,0.0773206608342586
163033,1.5146345662408
106478982,0.279177461082441
646819,0.696098150945424
100421395,0.430219843018291
641293,0.430341242025187
728567,0.241764607210111
646269,0.131348257581024
106480809,0.159152400353361
440400,0.782348295697534
100421018,0.0254249141756302
100128985,0.0610219959658159
100271476,0.307788051926711
107075112,0.411658552176636
100420051,1.43148392383971
132243159,0.0442022240997431
100420214,0.0338664618273812
25817,0.349560253625047
222901,1.12197716827597
646294,1.14373021574859
55672,1.13291549651392
729852,1.51945578816481
442232,0.0479473231186116
100131286,0.168213522886445
648791,0.239278889746858
375190,0.903060863019442
100421515,0.0816766944344988
101928464,0.575168219444326
728562,0.143705848463293
100271180,0.0553878071845259
442217,0.264846739459581
728010,0.135960022436348
645161,0.311060856788946
100874499,0.0996158349795007
645191,0.31177051300481
643906,0.0372594270725486
100873169,0.103304789680298
400579,0.147202558931156
100125288,0.434698493723104
6844,2.00511697070313
100271098,0.186203631222028
100132803,0.449750992229604
337874,1.18051496879916
106479045,0.054997842915243
100288513,0.0402419221072167
100270862,0.881504111706158
442167,0.448093483096859
100287856,0.063149226365247
442155,0.20347581868271
100271152,0.0479473231186116
389428,0.215429139313264
100131205,1.55501169081199
106480323,0.411285085014733
652411,0.0304597993916931
653737,0.809760008377745
729402,2.01392218038048
106481677,0.178686403225395
100289545,0.721445764008678
648691,0.0086971754034013
100131761,0.889829909112462
124900353,0.18919102391088
100302150,0.446669806007301
124900452,1.24284267177189
124900410,0.228784605339793
109617000,1.45950234497992
100302275,0.627495711231176
692202,0.603827538312195
100302281,0.309212706704858
100302193,0.212698854390062
100422849,0.524997956594621
100313770,0.207857862197957
106479551,0.874279574791833
106481161,0.193157062901807
677815,0.728095184342091
100302135,0.26424391833909
594838,2.07676795942394
100313829,0.211088440665768
106479550,0.797024365031357
100302218,1.33672225400931
100313830,0.412653557047847
692212,2.4088971030286
100302284,0.469932252147166
100302220,0.316438020255069
124903100,0.603827538312195
100302121,0.482595694448063
124900180,0.481123833351985
677843,1.07689718305566
100302163,0.283455541278529
100302287,0.367845627396129
677799,1.3573175751851
100302211,0.474063279736173
100302125,0.171437369631719
100302161,2.2072105808994
100313771,0.24083337584261
101929145,0.653951027889952
64641,0.688702602878862
750,0.865358121583441
441150,2.00096142339348
5534,2.37275602933447
5671,0.0080788886488122
2189,0.618947498585252
393046,0.0062213260747212
9179,1.76794834995819
84226,0.320937377290198
346525,0.0195466581122431
353323,0.0362629122582597
91584,0.600188153008246
1052,2.4697557771839
4995,0.0201566492701331
63920,1.01622271609054
284293,0.0455839386189831
23467,1.81471675077945
221786,1.51231694159457
5520,1.65537000772609
55150,1.1852658051142
400713,1.53920938900979
10626,1.06250078205284
392138,0.0290530521054448
135941,0.0244143296379668
200765,0.611239282549968
53822,0.237253494497252
389668,0.0340664262320136
283416,0.368899964119121
388759,1.00409678413727
84561,1.71596603025301
3809,0.169063147349782
80830,1.95852633847417
3995,1.46188146516855
346528,0.100170227649574
26686,0.0189362275154237
81669,2.75308564766314
7311,2.8833522043296
343263,0.0600532833173621
9374,1.34346141724006
57232,1.19106394914058
388948,0.0551928477150357
149478,1.29921663870521
222234,1.30273805711637
105375614,0.053631538511365
84084,0.442621158228576
101928111,0.32749868961524
440925,1.07890575573168
729224,0.0240097576149657
641455,0.011781879253164
3542,0.225624961385223
653781,0.016081724652309
112597,0.674529732680851
149069,0.25101720338088
414236,0.235691974593381
106480079,0.845734136420003
106479586,0.340182719802318
106481199,0.218629344999603
106479006,1.0660049723566
106480837,0.566862820887877
100873729,0.358156832154763
100873643,0.212698854390062
100873368,0.184039167240528
106479162,0.226257893639977
106479106,0.8327408963317
100873399,0.367845627396129
106479152,0.0869490986322006
106480204,0.132947576137209
106481261,0.207857862197957
100873328,0.179189734011994
106479901,0.957381550274587
106481460,0.569575239662233
100873676,0.521575361595391
106481510,0.238811949383932
109616991,2.31439230018321
124906683,0.228784605339793
677818,0.186536110849583
106480466,0.0740862832627668
100873283,0.184039167240528
100873464,0.650028700421964
106480883,0.153112792461749
106480223,0.132414816523682
106480555,0.226890323464877
109616976,0.988336794635682
106481515,0.228784605339793
124900296,0.18919102391088
106480396,1.32657970796239
106481305,0.230674390413359
106480213,0.141951864352912
106480415,0.797383500189571
106481580,0.65723218101989
100302222,0.28639237520262
100873824,0.141249215496993
100873487,0.238811949383932
106479582,0.175828262431046
106479579,0.95866364092313
106481962,0.434094841115883
100873390,0.383379953010772
106479594,1.23856286565749
106480477,0.0931203544834532
106480463,0.276955460020722
106479817,0.406413036837664
100873852,0.0731326033913595
106480208,0.132414816523682
107057646,0.150684352667124
124900293,0.439390261424602
106481218,0.409539777773582
100873503,0.546339488468248
100873695,0.232716604719211
100873469,0.429004765244695
106481191,0.223246978697894
100873371,0.36295025006811
106660611,0.224991526000587
124906683,0.228784605339793
692111,0.269503008974023
106480029,0.228784605339793
106481891,1.00119560398554
106480770,0.608397870329249
106479108,0.332625016854769
106481407,1.06805109747252
100873381,0.561609609778856
106481821,0.291068478207352
100873825,0.132947576137209
124909376,0.316155940087768
28773,0.981508785200761
105378622,0.0979504261429475
105374219,0.057723791780431
106480801,0.0848817820027076
100507257,0.0623763134303502
100270943,0.0477506279872771
100873332,0.430947940863395
101927761,0.848858947118641
377630,0.0142416006900836
101927993,0.0278454019696254
100271094,0.196447232976195
124908063,0.0398448655326076
728190,0.808349304940564
644218,0.0600532833173621
124905179,0.0201566492701331
118460,2.11979396649475
100419645,0.0217811482126814
6293,2.05901625289541
102724719,0.0625696085978943
100505716,0.230202364696839
389179,0.549646572340467
106480429,0.862183127906454
105377935,0.171606691073052
284391,1.58346847380235
100505755,0.156224473136085
7118,1.11108552469036
102724297,0.980219961525046
645280,0.0068409645610921
646588,0.0111658338983268
107133497,1.64860580254732
27320,0.0199533676763937
548596,1.79574275731978
257000,1.84531178173603
729301,0.564241056902976
100421599,0.041828279182458
102723831,0.0617961599388916
340900,0.0223895328412295
100270939,0.0501079362162316
3045,0.0461754078434364
107075222,0.281098111931399
342931,0.0260306859239784
100996249,0.015877463426456
28414,0.268903746875228
105379152,0.954473021931032
100129320,0.488229297071077
728819,0.372185383912457
107075246,0.198251105096584
645715,0.447144668733857
54026,0.0773206608342586
100130718,0.0740862832627668
100874188,0.45505371995875
100862692,0.223246978697894
100131810,0.0238073990491231
105377199,0.101093391034403
100652739,0.0440046509270564
155400,1.62109310363446
402694,0.085446105720894
105376310,1.14279257501547
100130302,0.0099324012091867
100130417,2.00364447620593
642852,1.09597105747975
100287902,0.49170047108763
107984010,0.486993618929007
100507127,0.0066344685557293
101928516,0.0400434172142254
282697,0.0475538868142473
10715,0.953294517062366
254099,0.27144746091716
124906892,0.0639214260144302
441307,0.36678982893385
729374,1.04495069433579
3115,2.6995222753487
105375610,0.0140368959186701
100873982,0.109355807799742
105378785,0.0043596979037672
100131785,0.477602044596656
100505783,0.902817227868098
100270961,0.0633423431029015
100421820,0.0396462670429822
731642,0.342912659174359
447,0.105143115389858
105373878,0.288733925393611
402429,0.59739800375153
441907,0.117355432003351
101927034,0.105877302441966
105378744,0.0483405753318879
101927027,0.913448677817476
106481697,0.173297961760755
105371564,0.0920017153720052
727944,0.199069710455529
128266846,0.0115765804481612
645560,0.0871367817651098
729621,0.346311488214088
100271161,0.107709920892978
100379345,0.437348767311412
399821,0.185371832096218
347097,0.0189362275154237
28875,1.94999071317307
101927420,0.806793995893079
80772,2.43845531928765
100507500,0.0097266548872287
100270888,0.127783012098814
100113397,0.32135785334959
107075264,0.191341719148878
100129175,0.0270393423001977
100861514,0.0503040803202519
100271063,0.595853864897818
285954,0.0463724718392014
105373953,0.546339488468248
102724714,0.7162732691812
101927797,0.0099324012091867
105374250,0.0459782976541651
414760,0.178518556632045
105374978,0.196283043717884
729723,0.333866822009224
100874055,0.0606346453732357
100506457,0.0412337454202869
100996485,0.562521595024123
401022,1.23098305677301
728327,0.0144462560950847
199899,0.046963386855558
100128450,0.0366616595234452
286423,0.0162859366995967
118732296,0.935514984561163
100421692,0.23631695103294
100419023,0.108990338597057
100505633,0.104959466672018
388707,0.347666814222926
284930,0.245787347854087
124905349,0.845067316925043
317727,0.036063467897197
100303728,0.497929464802608
728523,0.0461754078434364
101927635,0.0799748722352531
101927501,1.84492767336458
107075158,0.0981356370534185
400511,0.0548027927666294
644896,0.109355807799742
100420546,0.35855743505391
106478956,0.104592046779187
100270877,0.0775105280642577
100873176,0.0528497930137067
28392,2.0260848774089
100507059,0.0213753154909553
92340,0.383509155651757
721,0.426934582233641
729650,0.0221867865316464
100506115,0.269652753139376
643507,0.253160660906882
220974,0.0234025367070836
390418,0.170929192902111
199800,0.591784330443774
101241877,0.205588681229591
100506637,0.57357471371803
100652865,0.566661489096544
341511,0.159324303618878
401638,0.0602471155158791
100422523,0.0467664613262632
727859,0.0142416006900836
110841583,0.399108552685375
100270944,0.0910683626288553
342371,1.70800455976613
897,0.738771755924074
124901449,0.0211723261778742
729817,0.0685397094214406
102724691,0.0416301479021601
100874146,0.191837218964394
149501,1.65375935580335
221710,1.6475771268623
100507404,0.0573349127789155
105372907,0.725219170261473
107985246,1.62708749556006
100128771,0.532534393222761
100873901,0.0487336436053482
3116,1.13820451491322
101927994,1.50852445816551
105373537,0.0105493414072734
102724224,1.58560381696581
642659,1.4537546280407
105378653,0.112273749424129
100271181,0.0735142061810224
283050,0.330827756885505
100130240,0.223723143034567
729467,0.0284494427319338
101928436,0.0386525717956126
149935,0.19233241404895
643358,1.84840044026677
100419732,0.0221867865316464
28408,1.9738613310213
401109,1.53792768456764
100505696,1.68288812225679
100240711,0.0788383885327216
100128299,0.196611388713941
100271510,0.619975094736801
100302401,0.191176484768874
100874262,0.17397348231257
101410535,0.314602660100011
100874268,0.126889275567633
642778,0.672369587219053
101928887,0.0097266548872287
339685,0.0721778321548017
284577,0.0187326529005272
102724153,0.0493229014588557
100129845,0.0645001083526856
124904039,0.479876100578546
100507064,0.0248187083181388
107075260,0.196447232976195
401981,0.0489301088118718
286494,0.0396462670429822
286512,0.146679006037627
122455337,0.344681929037881
344462,0.367581814957147
124905119,0.0586952005206574
6163,0.486993618929007
100271202,0.0973945447953161
100874253,0.461367217978747
100288711,0.956599836512343
220980,0.0372594270725486
125775240,0.0294552189612712
100129836,0.0177140457770852
653659,0.705395712963007
105376277,1.78507429458815
100133205,0.2165506698612
105374888,0.018529029376588
100874156,0.0053944386314874
100873941,0.512621812268888
148413,2.22833162484984
102723824,0.24809889929831
284184,2.52566912389093
107985793,0.0679638175237219
220433,0.987646812805552
401398,0.0404403802309502
101927858,0.179860354549044
105377134,0.202009801220362
439994,0.574272312609685
101927300,0.442023902726773
100302691,0.38686071103408
401399,0.776666553037956
101927215,0.0068409645610921
572558,0.118982195114986
100873974,0.303068065558585
100506195,0.0871367817651098
8552,1.6187281621796
645771,0.0402419221072167
105371620,0.706713587412271
100419650,0.0610219959658159
387890,0.367053915781504
5512,0.0752292615879394
101928770,0.0510881989588056
122965336,0.0481439722271771
100420057,0.0714132279076869
100271016,0.0890112847364733
102723566,1.08027129717045
100874078,0.348884562206765
387494,0.201030966549971
729595,0.6159495092692
124904965,0.0606346453732357
101928513,0.0346660352741282
81358,0.0280467968559265
148645,0.757341112123861
100462772,0.907430208774344
100874068,0.896633948308848
101927839,0.0738956344925407
105378798,0.009315012732202
642741,0.504325302573487
101927293,0.0758001637739616
106480421,0.0788383885327216
390035,0.386732079038766
105372556,0.0223895328412295
338099,1.66928154543567
728532,0.337443047367327
101930421,0.0637284429094406
100533626,0.126710411468181
440577,0.829194888257632
102724849,0.166000325304114
100873912,1.08136144051364
100287366,0.0076664475141711
124900217,0.725779360019036
100874179,0.0254249141756302
9842,1.4792828232392
100131348,0.0217811482126814
100188953,0.0546076972506679
326341,0.0207662015448037
192133,1.82896447544397
3311,1.76185024247315
106479039,0.119343261883879
100130446,0.566963465433617
100874118,0.0662337567877756
644627,0.0575293748341413
140755,0.0326656794165476
100271204,0.0346660352741282
100130871,0.238500503101886
100506161,0.583869065708242
100128766,0.149467414650981
392426,0.0130126308322217
100873338,0.090507846716347
102724312,0.986264494246371
646567,0.30578913394747
54088,0.0852580403731478
340274,0.5031166083305
125775241,0.126531508402931
728134,0.693669851372762
107985190,0.760158353708979
729608,0.0296562306312831
100506599,0.591881497521309
196993,1.49659069909216
100874502,0.212698854390062
6998,0.0101380977223869
101928470,0.0146508621545966
100507459,0.865358121583441
207107,0.244242556006821
391656,0.241919706165435
128760,0.287417666770059
100418919,0.0467664613262632
101928233,0.059471517423572
100507540,0.46345978038276
8686,0.91320904629926
100507171,1.20774187377767
107986837,0.0248187083181388
124902324,0.112273749424129
343332,0.0252228938178094
102723305,0.0962816618610842
554203,0.407790405772922
123706550,0.108990338597057
100874337,0.0477506279872771
101060691,0.698017893092096
387491,0.131526113772441
105373113,0.669420823246229
28870,0.847132208269699
100129480,0.842928833478398
112268293,0.307645442559911
102724386,0.254382888076708
133039969,0.187034573433335
105372791,0.0103437444480222
100191040,0.812361780796393
100506413,0.0428182367483027
441246,1.5090535333288
100874001,0.677456639154821
100873935,0.13259244153535
729083,0.0869490986322006
84627,1.42017360464724
646624,0.568370996672025
100652939,2.09540837648577
106480234,0.0516758077965697
100048922,0.232716604719211
105375448,0.0280467968559265
100506474,0.0534361704016004
124904546,0.159839795484187
100270930,0.124919624893862
348262,2.41509292352483
100128385,0.0729417365234151
65010,2.10729024181736
28410,1.67709502592356
101929407,0.042620338349058
101928284,0.0746579682411712
100505641,2.41619807806183
138948,0.646443524870288
101929152,0.0318642078034075
105378715,0.10238409192168
101927523,0.734600469873715
392547,0.0047737452018541
219731,0.263036889697908
440823,0.531054556034876
401264,0.957214123801905
105375304,0.166852269781964
100506804,0.0614091674392234
100873245,0.0199533676763937
100129216,0.848062567913615
100874034,0.0681558255976688
28485,1.20141741283622
100128071,0.729528586789996
2074,1.15514256832658
128676,0.057723791780431
643205,0.0828093123943021
7686,0.0136273381928503
100270889,0.268154026302202
284618,1.61402677446077
100128911,0.0581124904196997
105373144,1.05699231440756
124903883,0.501354916519017
100270866,0.0366616595234452
441581,0.0382547653609949
100884155,0.0569458532680942
100271119,0.126352566356986
392501,0.169911882448397
414764,0.0890112847364733
51406,2.53539752511381
105378049,0.0197500372972908
105373100,0.0266360241092229
100421606,0.114273863088368
105378500,0.103672781969985
50652,0.0058079828238362
101927362,0.217830494561375
107986593,0.1761650389354
101928150,0.10293663356108
4909,0.0884493778801894
107080620,0.781907319099614
150538,1.09950091097199
392617,0.617543791553235
100887749,2.08244266593461
101928527,1.98804261791921
107986756,0.0532407567944813
106481735,1.14859737519174
111082976,0.104408275572339
101927904,0.144931400916602
100289509,0.382862922017068
644131,1.05916417459726
100874243,0.0532407567944813
101928118,0.0831865093464727
107984921,0.89521734366961
100129662,0.172283623174845
646202,0.17717452809641
253264,0.0600532833173621
645054,2.5389021170562
389127,0.051871586053616
645441,2.66379780221381
105374588,0.0671953437318986
102724548,0.131881710470116
389634,0.0561671921294347
101928205,0.0056012358560772
646913,0.043016088629042
100271612,0.665061260000962
348751,1.34782238859971
151475,0.0641143646112851
644094,0.0205630661837875
440465,1.9540401537797
140714,0.163781075656825
441781,0.111727420885117
100420881,0.0438070313509447
100287722,0.343457484404704
647310,0.421426833765337
100129215,0.689462664829548
105378147,0.190680578133617
105375977,0.190515208049421
101926955,0.0058079828238362
100288778,1.23275759796537
100271053,0.0708393147493007
441073,1.35717999711089
109729168,0.0310619747051902
340460,0.0234025367070836
284576,0.0384536920503017
100506834,0.182704298338963
414197,1.22088868400935
442406,0.119884565199712
101929541,0.0227948798627598
100861469,0.12114622315791
100128493,0.0662337567877756
5258,0.0138321417599086
100874239,0.0272409292764164
8781,2.43295161935372
392872,0.482595694448063
105374901,0.109173093423369
143502,0.0080788886488122
401975,0.033066130062972
112268270,0.061215604083323
65072,0.345632925870224
651302,0.224833088458217
100271594,0.513381217568209
101928114,0.0565566131007352
728763,0.0660413065929845
401537,0.405660679812532
100506714,1.50070466894354
127566426,0.235691974593381
100418799,0.0733234266047182
441783,0.116450284130402
100128936,1.56465284277933
93654,0.0298571944893556
101929378,1.23966168917021
3463,0.26424391833909
359769,0.110998419529435
100128341,0.092934019355804
282791,0.029254159459327
100133545,0.0144462560950847
100506392,0.151725998691835
442525,0.165659296928695
100131338,0.041431969987866
348840,0.0463724718392014
100506811,0.23412737909234
727997,0.331934259048962
1568,0.251783391438288
102724168,0.106794119855082
729662,0.944354697434876
100420505,0.305503153895021
105378763,0.0035309985040075
79134,2.04259907409288
100874095,0.0236049920866109
100420170,0.0398448655326076
100271471,0.428518179604841
284835,0.206561974091692
729079,0.0596654842894622
105373984,1.30541706507877
79024,0.0187326529005272
100128060,1.65341560642021
101929425,0.175828262431046
728620,0.0716044446446561
100128662,0.177678800610603
100422284,0.107892959309522
106478958,0.57357471371803
102723690,0.0056012358560772
100271336,0.0828093123943021
107986806,0.0266360241092229
122455334,0.253313542763282
338637,0.0280467968559265
100271438,0.215268792123166
100129553,0.715623907964788
100874198,0.149989181900135
147093,0.0735142061810224
728990,0.036063467897197
100418921,0.0232000328901817
122455333,0.1761650389354
439954,0.071221967357895
101927117,0.291068478207352
28620,0.983490393482723
401014,0.0232000328901817
105378385,0.0388514046163894
101927667,0.545821375405253
728558,0.107709920892978
104355426,1.60247778064765
101928525,0.233657399112409
100873988,0.0891985025665453
440078,0.597205171424726
100874409,0.11318349351592
100874182,0.0142416006900836
106479054,0.076750799447613
440498,2.31110556575547
140771,0.0648856742777243
100507564,0.377542926144533
104472714,0.0352652184723042
101926890,0.0187326529005272
259292,0.135606191401068
100170229,0.814673536149549
100421319,0.0300581105554705
100506682,0.0816766944344988
9834,0.178854214978051
122455332,0.0424223934120883
441531,0.161555744857729
101927070,0.332348788051051
105371856,0.10404061055807
404665,0.277252090971602
100507600,0.0972091680864421
389690,0.0113712320035829
100506835,0.0604409028617613
100996437,1.20042383280485
112267877,0.20217282435688
107985092,0.152419690580264
651628,0.0614091674392234
100885781,0.0447946653885956
124901728,0.142127432245064
100270873,0.285659199945487
124907879,0.0846935889461878
123464518,0.791396205681587
101928089,0.562724100088334
124900638,0.0217811482126814
100288413,0.970848252842391
101927084,0.340182719802318
100820735,0.147028078610212
100132677,0.0183253569229505
646710,0.427787705874514
103106903,0.0388514046163894
100874178,0.009520858735307
105379197,0.0119871284396815
118421,0.144231310383213
100289237,0.0248187083181388
647415,0.0681558255976688
92507,0.129032610840784
57291,1.58893489191767
101928161,0.206075475364887
107075164,0.045189394581304
105378591,0.0960960359655527
4049,0.664361155371098
1061,0.0209692882026594
100133123,0.0115765804481612
124904542,0.201030966549971
100271243,0.0322650387162132
400619,0.0729417365234151
100505746,0.881693124109791
56967,0.589643263203128
102724094,0.180865243044818
343495,0.129389289874984
9277,2.3059128224779
100506757,0.0193432301006561
117779438,0.234597081311967
105378720,0.365335712775618
101929548,0.318269040445582
107985194,0.061215604083323
105378897,0.0786488237171767
105373757,0.0901339590533384
144,0.0179178651438874
101927394,0.146853560983701
100287225,0.0014557139169309
101929664,0.0372594270725486
100131827,0.951268962967669
101927889,0.0189362275154237
100996941,0.0205630661837875
124902108,0.266050998397071
124908058,0.0113712320035829
644909,0.051871586053616
283089,0.01219232802879
125177374,0.417361887784
105375240,0.178014807680926
104502417,0.0532407567944813
105374344,0.0126025784990239
6967,1.67844073448358
93653,0.462530485160077
100421633,0.140545962298171
101928222,0.305503153895021
100874231,0.170929192902111
414761,0.167703320633072
124902280,0.950366575647472
100873337,0.0557775902066152
122152365,0.569575239662233
105373951,0.15259302132939
100874202,0.704735812725108
101929212,0.0758001637739616
101928015,0.0852580403731478
100130488,0.474063279736173
100420050,0.0893856781967923
100144748,0.453290360693051
101928418,0.0236049920866109
105373888,0.182704298338963
100270985,0.0725598717535938
388621,0.106977361309365
100873240,0.0260306859239784
100271039,0.155706684763122
100874169,0.0629560650472485
389101,0.502896629876967
128756,0.0867613730983522
653175,0.0175101773978301
8505,1.67056447179386
389053,0.267103215186432
100873263,0.0336664500279098
100505538,0.562420320916746
102723324,0.125457270894805
123464517,0.73609882670747
102724601,0.0173062599854029
100507086,0.16258357811886
100128675,0.33359103830158
100133170,0.207210180079314
650059,0.0548027927666294
441218,0.450696478669464
100861513,0.057723791780431
115482684,0.0675796689626678
102723483,0.147377001960521
100270989,0.13737381964589
646119,0.350235349609813
114036,0.17295999003645
338098,0.28124565941285
101927575,0.0091091168566818
101927139,0.0581124904196997
101928555,0.171268012798103
441282,0.085446105720894
648630,0.235066506058863
100271034,0.0310619747051902
100505826,0.220065264966587
102723834,0.135252207441062
113178,2.42696317655627
285758,0.394411528122647
4050,1.6474105045978
100271085,0.22941503241767
90193,0.506736682012796
100874195,0.0278454019696254
440584,0.629984660482487
100132415,0.339088022195652
122152331,0.256973856290608
100506725,0.0358639763576893
100271607,0.340182719802318
389740,0.0873244225138922
100271593,0.036063467897197
101930114,0.885837186737958
100861402,0.0553878071845259
105376292,0.363613627531734
645015,0.299040637766914
100506810,0.377412702975602
100507533,0.0111658338983268
100271146,0.0775105280642577
100874100,0.0223895328412295
100874063,0.0754196057556881
144766,0.568672248605575
103724388,0.0266360241092229
170526,0.151031715914848
252840,0.101462368225262
100131051,0.224674619415423
729617,0.205101591371193
100188954,0.157431366533768
106478951,0.344001923210229
100873797,0.0778901327798074
647286,0.018529029376588
106480427,0.146853560983701
101927468,0.0201566492701331
107985228,0.805447782413971
729867,0.313754102032034
100422540,0.0505001786277436
105748977,0.0113712320035829
100131085,0.0356644376201233
100271036,0.0432138940104846
107075190,0.244397170833372
730187,0.74928060018445
107075237,0.266802725398136
100271423,0.0567512557756906
100506343,0.0962816618610842
100129734,0.156569482489693
283955,0.0244143296379668
101929410,1.07059878224769
105375387,0.0136273381928503
729059,0.0404403802309502
100507027,0.009315012732202
642395,1.14896073956193
450,0.0217811482126814
100874504,0.106244151498938
124901333,0.459385447426768
100506990,0.0221867865316464
79055,0.0396462670429822
122152326,0.909844538443604
100131208,0.0037382490083226
441072,0.122226106239053
100129958,0.113728858571093
100874512,0.10219982932161
140848,0.0528497930137067
100288831,0.0436093653522559
101926948,0.0463724718392014
116935,0.73080015771239
100130719,0.0875120208953502
83957,0.0177140457770852
107984953,0.0366616595234452
100270828,0.246712778585597
100507308,0.0033236975274522
440600,0.448093483096859
101927678,0.04578114125236
399774,0.0238073990491231
100873206,0.255145820657265
100271543,0.13507515807804
101928101,0.206237674414799
283038,0.211249627942036
105375013,0.337717454330837
112840934,0.0103437444480222
100312801,0.24856040053746
101927787,1.56817106541276
246721,0.384412957671774
100131672,0.246095944964931
100420341,1.1706968117938
101927532,0.128318787379677
101929516,0.428639855758516
643723,0.0621829736100838
107075185,0.130102183141896
146110,0.498593713317871
107075311,0.0780798702999492
100507057,1.36653429934451
100131961,0.232245789728658
100874054,0.517597688026669
105371485,0.189356665990483
124903852,0.0660413065929845
8488,0.251630213228408
101928733,0.0086971754034013
102724624,0.0175101773978301
100873212,0.116631393300044
344697,1.47563793030861
127138860,0.688787096089774
122152325,0.490470650005224
386597,0.163952002695106
440991,1.20581196401231
23738,0.0696903035798559
101928904,0.122945241276883
100505566,1.35497378229702
493812,1.20321605483742
83955,0.497153742528501
100873874,0.141073458890048
4509,3.70650554123525
104355287,0.0053944386314874
105374289,0.0111658338983268
5005,0.916078583657754
641515,2.33557000309756
102724201,0.0130126308322217
55009,2.31251212023425
392313,0.110268773482143
91316,0.441067294267243
107075275,0.0406387916047836
28877,0.131703931397248
729259,0.241609477908543
100133024,0.0846935889461878
284757,0.0340664262320136
100271339,0.0925612234809782
105374845,0.253772010892037
104355143,0.129567571269748
112268032,0.187864660276894
100506443,0.0308612972995617
101929270,0.509249145046031
100270900,0.554169015646188
101928612,0.286099187594734
100506885,0.0424223934120883
127566425,0.376370112746811
400957,0.0197500372972908
107985688,0.670636555927301
106480778,0.0681558255976688
105378663,0.183372008694856
728509,0.461949080753147
728481,0.100354942723344
100128731,2.94198306081654
1480,0.0238073990491231
101927692,0.085634128532859
728537,1.0814068190928
100507254,0.0735142061810224
100506405,0.0455839386189831
728088,0.327915609696862
100996630,0.0687315852068485
100419679,0.0949814066654706
100130497,0.0719867467506061
106614088,1.59034301831912
100131193,1.10405785934322
392713,0.351987819124078
112267871,0.0406387916047836
101929309,0.0449920531388688
124902438,0.0540221383132408
100128605,0.0801641354811421
106660609,0.0031163460570424
643988,2.36276401461964
100874041,0.398981989968045
646912,0.10404061055807
100287049,0.338403043655793
644672,0.30105695720239
169834,0.109355807799742
101927768,0.0960960359655527
100124700,1.24756277636612
109729180,0.166170785768819
100127907,1.02377282733042
441442,0.0211723261778742
105376527,0.053631538511365
100129421,0.051871586053616
3879,0.447381986147104
6979,0.742605224775212
389333,1.06595838672081
100874006,0.218309900700823
394214,0.0773206608342586
100506084,0.521575361595391
101928565,0.0064279224007442
1719,1.77936296818419
105374885,0.0148554188895284
101927416,0.0729417365234151
401251,0.485079821290848
111082972,0.570376936951535
100418874,0.0641143646112851
221178,0.0614091674392234
111216280,0.0181216355189445
100129337,0.190349804008641
100132924,0.0890112847364733
106182118,0.498261664719046
442078,0.258493991100522
123464515,0.111545230931358
285962,0.261676767701005
400946,0.409414957627432
285834,0.127783012098814
100507336,0.366657751170762
643837,1.02312223488007
102724330,1.41594579833737
100873890,0.471311840665523
101928158,0.0921882600032804
266783,0.188528114923824
170529,0.0304597993916931
642345,0.0101380977223869
553121,0.223723143034567
645916,0.257278117661967
101060091,0.275173314366359
391282,0.108441831261244
9430,0.0171022935190702
652170,0.0946095302476571
100506532,0.0616026860516921
101928545,0.429855527417813
100271312,0.579433116949755
391490,0.057140405596366
126037,1.81626339410904
101929265,0.0308612972995617
100289373,0.403021488814551
81175,0.211410782764714
389199,0.0209692882026594
729236,1.35300789941371
100873205,0.245169792620687
100130766,0.0538268611423806
122965338,0.524997956594621
100271149,0.0304597993916931
643615,0.100724249243411
100996635,0.161555744857729
124908064,0.258342109370977
401082,0.0082850342053478
645018,1.00744683012595
100873221,0.204776700352736
124902374,0.168893293658576
389976,0.0721778321548017
101927219,0.0581124904196997
391181,0.271298058420817
643115,0.076750799447613
100420502,0.0835635353418218
107075167,0.0150599263207783
101927159,0.0128076294222381
101927244,0.0111658338983268
101927482,0.397080995200599
101927101,0.380920908401633
729171,0.138256204616383
100287551,0.0140368959186701
100128505,0.0306605722017031
101927524,0.539156276028947
102723989,0.0706479226552025
100873965,0.328887547854481
6171,2.98610145476145
100507347,0.662607768594405
100421533,0.899702573816869
149224,0.9083366722866
137196,0.312479520406838
643309,0.135960022436348
285965,0.10183118094478
100873997,0.0115765804481612
392451,0.73016467342493
138234,0.0546076972506679
399706,0.04578114125236
401288,0.165318125203912
391256,1.16212597390918
105378289,0.0099324012091867
100271342,0.105693816820032
246119,0.0033236975274522
102723727,0.0340664262320136
101928103,0.567667579050338
347193,0.0156731530012164
125177373,0.160011553507071
105375009,0.241143907822274
644357,0.0706479226552025
100418937,0.335657012091373
100129776,0.025020825205399
124902178,1.0645591006454
5004,1.03334929025467
90133,1.33960482786328
100128117,0.095353116336939
127379730,0.0516758077965697
107075310,1.99763163123708
100873923,0.0487336436053482
100861510,0.187034573433335
100419923,0.129032610840784
643365,0.0148554188895284
338653,0.0491265280900879
26134,0.406788933251355
100271605,0.114636999340892
105369302,0.0495192289370227
100873882,0.180697848393311
101928992,0.0084911297831118
101929592,0.0565566131007352
107986703,0.0675796689626678
646424,2.42927255447559
100533695,0.0627628591308276
197135,0.610955659049949
100874144,1.21352758980777
105376744,0.169232965466414
140748,0.0495192289370227
100129141,0.288002944355383
100874213,0.119162748298756
105373884,0.224040428020355
101928696,0.0276439590910099
105373615,0.0324653828330247
390010,0.0084911297831118
100506680,0.0590834488965626
101927528,0.0575293748341413
391077,0.0778901327798074
112268276,0.133302556941214
100128640,1.28230018988311
106479042,1.5842508261097
401093,0.307502806997814
100873209,0.229099881290841
100421629,0.120425512675816
104266963,0.708931698356457
100421273,0.308785584733161
126811,0.11970417031913
360205,0.041828279182458
647276,1.7835313114138
646309,0.905673989681828
100270874,0.0316637209677261
105377926,0.0629560650472485
101929475,0.0296562306312831
100271276,0.250557133854143
100131526,1.26728455576611
57615,0.325968052585667
100270940,0.706219685050863
100270890,0.0906947274148189
100506025,0.110816068496528
100419920,0.628326349771604
100419558,0.0154687933557568
101929460,0.13507515807804
646093,0.0835635353418218
100506274,0.0410354741801234
102724919,0.346175823764561
646538,0.0362629122582597
100270986,0.0727508259833435
100271038,0.128854213171788
107075227,0.0501079362162316
101927098,0.0782695646180464
100874097,0.566762162110027
100129955,0.0142416006900836
107075231,0.0491265280900879
100271090,0.104224463503951
100418770,0.190349804008641
100533851,0.0831865093464727
729789,0.535379807589316
7503,1.96656032851725
100422526,0.427544055710923
146542,1.51569896543354
645266,0.0091091168566818
100129284,0.13081445746027
100131801,1.14148546090081
402359,0.0304597993916931
124906013,0.162241111479031
196047,0.18153447501312
122539212,0.468434774205531
654382,0.0891985025665453
100874111,0.271148627504242
101927762,0.233187141084176
100271422,0.977634109385438
127406,0.059471517423572
101409261,0.45774939930934
54045,0.01219232802879
102723775,0.448922700924289
105375210,0.0227948798627598
2713,0.0144462560950847
101929901,0.721204188407192
729780,0.103120732107382
100271132,0.0664261626900539
100287045,0.0217811482126814
105373764,0.0146508621545966
106660610,0.669160028609249
403150,0.243469028961017
126568844,0.947027567281789
100852410,0.0671953437318986
105372753,0.187698711263493
391168,0.0990610707966686
400604,0.646263777347209
103695365,0.0041525986866217
729955,0.0505001786277436
643343,0.75359168952481
100874291,0.583279209268082
107987106,0.016081724652309
284632,0.0432138940104846
100419075,0.334280312453075
100289360,0.0812988122919001
105376230,0.540097301903472
100287718,0.0074601518934053
100271033,0.117355432003351
285176,0.850382583082839
100420621,0.0633423431029015
171420,0.225941490360051
100874032,1.18363605695436
28611,0.506627247183183
285389,0.0782695646180464
101927344,0.314602660100011
100874027,0.107160562124483
84320,2.01044476155704
100873987,0.0459782976541651
100874362,1.33012726517766
100129813,0.0238073990491231
100128305,0.109173093423369
728228,0.0826206497668653
107075252,0.360557303595763
100271186,0.437228504803167
122149301,0.0540221383132408
646216,0.0332662841654657
158345,1.12531005755107
654783,0.0481439722271771
643342,0.0109603861112779
6315,0.0037382490083226
100289414,1.17337044734051
100873258,0.0422244019181622
115482711,0.071221967357895
100337589,0.0348658102965977
58160,0.0252228938178094
158257,0.0884493778801894
400055,0.564038982469843
100506409,0.974386304739042
154860,0.0398448655326076
101926971,0.0097266548872287
127086,0.0166942133416963
100506679,0.133479989705537
107075291,0.397461577743857
100874446,0.0586952005206574
107075283,0.106244151498938
101929530,0.159839795484187
100421175,0.0298571944893556
442572,0.368768251846518
442097,0.426812627823855
391135,0.452583838956771
257203,0.0557775902066152
284593,0.0272409292764164
100271465,0.156396996093326
100419560,0.0164900995891271
100133220,0.558764842571377
646483,0.891506799549536
100505664,0.711796242343262
103695431,0.345089643464605
101928336,0.0187326529005272
100420889,0.0835635353418218
100874511,0.187200659182042
100420552,0.0146508621545966
402120,0.0625696085978943
504175,0.0282481437700031
414243,0.0445972313113895
101929692,0.0080788886488122
101927895,0.680884103802282
104169671,0.0156731530012164
387646,0.745796003236901
100499171,0.0140368959186701
100133037,0.0366616595234452
441459,0.748353153704673
100271206,0.0306605722017031
105369301,0.625461082981651
100130286,0.143881039990532
114796,0.928772295279714
100873946,0.123304573053134
118568808,0.198742368383381
100286962,0.473834385992521
340749,0.209636292875274
392557,0.828579176058802
100420013,0.0467664613262632
648442,0.0891985025665453
101928460,0.025020825205399
124902447,0.0983208065549586
105379829,0.16855347950014
100874264,0.132414816523682
100359394,0.0964672461846826
100419996,0.191341719148878
101929441,0.320797167774451
728586,0.36586480340449
124904863,0.0091091168566818
170548,0.152246322955713
646532,0.511861611113703
100418910,0.615104004097364
390415,0.0166942133416963
107985876,0.160698222962661
100302692,1.41442199246519
643617,0.613598356903505
100505478,0.0322650387162132
100874042,0.241299128225038
107984948,0.136136880643432
100130756,0.179189734011994
653658,2.01377792159035
107126294,0.358156832154763
100418723,1.42696620073873
442041,0.241299128225038
391548,0.0590834488965626
646817,0.138608892401161
100505975,0.602967279905647
101060160,0.0685397094214406
359745,0.046963386855558
106660616,0.185371832096218
26226,0.242229813078949
729203,0.258645843588186
284191,0.0123974780415539
100421638,0.0111658338983268
729838,0.244242556006821
729131,0.593143453173554
388132,0.216070206609754
284798,0.009315012732202
619445,1.16953039194989
339666,0.202009801220362
100873998,0.0101380977223869
101929746,0.202987443710311
101290500,0.424246975361254
105374593,0.0234025367070836
391102,0.184705774775147
729779,0.114999975663909
400129,0.281540670997815
3138,1.12623477221631
404281,0.706384359211475
100996301,1.37407375723846
100270860,0.227522251558552
103283057,0.0372594270725486
100873347,0.183872429292585
101927354,0.0248187083181388
202122,0.177342653872607
140753,0.193651446974822
105373869,1.56050576508806
391175,0.057723791780431
401588,1.06791181480071
107986618,0.0234025367070836
100128030,0.0434116529118274
54099,0.152419690580264
401236,2.40933325633247
285045,0.0477506279872771
107987014,0.0290530521054448
388339,1.40880348289938
107075285,1.12231555680342
100874270,0.0837519842731955
101927551,0.032865928486596
140754,0.131703931397248
642587,1.47437328544247
100874429,0.0981356370534185
101927686,0.285512482362944
100873227,0.0990610707966686
105371562,0.0658488120877697
100874044,0.0187326529005272
54064,1.03122892548565
285053,1.19226124813471
647132,0.022997480615535
326294,0.159152400353361
3281,2.53867882418866
100873198,0.0955389086838045
100130892,0.503776144997596
157956,0.236785360833274
107105282,0.0256268862991105
100131814,0.220702623497971
101926966,0.01219232802879
100128899,0.195790274699503
644456,0.548304909893543
107986521,0.0610219959658159
100421581,0.0463724718392014
81270,0.0154687933557568
105378949,0.645994068488947
91548,0.239590030737812
100270845,0.0320646470462866
105371450,0.723776535562994
414777,1.31653551262349
100506801,0.205913243491814
100996609,0.434939817857282
101927873,0.564140026850237
102723314,0.156051913604374
101927377,0.371004266492833
105378305,0.27383404341948
768097,0.0364623094604789
246285,0.168723404379721
84657,0.911709267137822
642740,1.41844276694403
101926975,0.0814877748095437
100874080,0.221975815463252
344320,0.60640201036466
100507562,0.0322650387162132
104533120,0.255603226604713
100505869,0.441067294267243
140713,0.200214358457645
392100,0.0205630661837875
105378909,0.32443437460435
100996539,0.599611787601361
101926964,0.0064279224007442
105373006,0.0134224851965348
284067,0.0144462560950847
100130827,0.0691152046135907
149773,0.227048352498339
100216001,0.009520858735307
100874028,0.0205630661837875
140761,0.265147976990959
728730,0.970247474909738
105369308,0.928830735654646
100133985,0.64392280188188
106478938,0.057140405596366
100270998,0.423634805234977
100131264,0.126352566356986
100271193,0.464155984355703
101929147,1.02641794943425
101929596,0.292378602875593
101927422,0.0440046509270564
100873986,0.025020825205399
100420939,0.051871586053616
3113,2.88685150079632
101928650,0.197759541309304
128193286,0.41785578539967
100270995,0.0794068242501354
154822,0.503886009678738
100132735,0.0280467968559265
100420005,0.0606346453732357
643355,0.0225922306114602
100132169,1.12218868443921
644578,0.0199533676763937
100271068,0.057140405596366
285084,0.0236049920866109
100862704,0.150163030160434
28398,1.45320808596647
100420155,0.0710306629776471
100270955,0.0573349127789155
6222,3.40271856227879
106478909,0.291068478207352
100506775,0.128140234471237
100271308,0.143180048388379
100132948,0.0302589788495971
286333,0.393137027390045
727982,0.0072538062085478
102724550,0.799748860581556
692093,1.54014458664928
124907978,0.04578114125236
101928484,0.0278454019696254
8847,0.489574933135201
100132215,0.372185383912457
101927596,0.112455778548313
100874031,0.124740331349873
100506895,0.018529029376588
107985781,0.137550372755663
100873930,0.285512482362944
101928489,0.0666185243177208
100270871,0.0438070313509447
101927765,0.966905143157185
646268,0.11136300073123
729582,0.0910683626288553
107984366,0.174985707443646
105373934,0.0960960359655527
104355152,0.0664261626900539
80069,0.051479983874231
400800,0.0236049920866109
102724220,0.402517734729357
378805,0.876696904029137
643960,0.0304597993916931
144448,0.0199533676763937
101927541,0.381309709323886
104355297,0.0181216355189445
100271374,0.372840768490936
100506795,0.0957246593932778
105377880,0.0362629122582597
127379686,0.0850699324727219
115482691,0.22086188363383
101929074,0.6176374597668
100271189,0.055972413796195
101928099,0.686756362392828
101927888,0.201520533066984
100310853,0.122945241276883
101929344,0.0238073990491231
102723854,0.243469028961017
4523,0.102568313484256
100873899,0.165488728991579
124907760,0.336619238595089
106480802,0.188528114923824
101927492,0.515870820980522
1589,0.109173093423369
105373805,0.228784605339793
102724087,0.13099242943963
100652967,0.143530619363282
729682,0.120966104722507
100873949,0.0818655711838594
104413892,0.122046224165508
5554,0.200377746521085
643749,0.580322532200385
101928243,0.323456809555692
100507475,0.440947631587311
100129452,0.057140405596366
100130785,0.0154687933557568
5669,0.0056012358560772
6892,2.67647855809108
392545,0.0447946653885956
440732,0.243778530403275
124906859,0.0111658338983268
101928259,0.202335814389082
100874343,0.126889275567633
102724323,0.650386197494973
100271154,0.0992460334971177
101929231,0.0483405753318879
101928231,0.0078726930921942
100420200,0.0719867467506061
127525790,1.03849545655095
153743,0.036063467897197
101927279,0.852891989283003
643630,0.0865736051467432
400761,0.1426539097765
100419056,0.122046224165508
399748,0.369294964258384
641518,0.109721115265514
101928765,0.0276439590910099
101929542,0.0526542428027862
100129573,0.0788383885327216
440575,0.200704422956811
114821,0.3233170563686
338091,0.0590834488965626
101060019,0.0070474104382352
100130196,0.031262604438497
105375523,0.0947954893080635
101928475,0.0276439590910099
643382,0.0957246593932778
359743,0.443337231562989
101929184,0.224674619415423
284825,0.136667226196118
100874353,0.278585543095568
654391,0.0694986479199568
150577,0.0080788886488122
100505666,1.53386872121508
51372,2.39381371295285
28985,1.82579756114338
105372832,0.7399476031409
100874399,0.0175101773978301
100129243,1.67797373551433
728311,0.0619895891189751
553112,0.480556945227672
101928578,0.516842690216556
100874124,0.0869490986322006
729348,0.016081724652309
100270855,0.0467664613262632
642306,0.276064893344208
100270865,0.695094389069495
100873254,1.16220483778782
646127,0.981079480186467
440390,0.0123974780415539
111216275,0.033066130062972
646620,0.107709920892978
81465,0.0286506937617837
28426,1.62538958394088
643529,1.02126667196957
102724699,0.0986910213962365
105374910,0.0058079828238362
647219,0.0524586470199822
100131902,0.0710306629776471
100856881,0.0286506937617837
100289178,0.131348257581024
100874090,0.0455839386189831
100422581,0.152939572256387
101928304,0.143530619363282
105377957,0.104224463503951
140752,0.207534086575862
646688,0.57107768126425
100419436,0.247945005717645
402057,1.22216507338233
100873204,0.173466894741469
27200,0.0608283430685188
81243,0.029254159459327
442659,0.279473252491523
645968,0.421795281942773
388789,2.34509998844908
646784,0.0878870906234544
100381178,0.378453863313275
9207,0.0890112847364733
54089,0.0698819152678692
107986809,0.848527242544531
388532,0.106427514965708
389813,1.16330777862811
100133038,0.265900566771856
100505771,1.99871650621208
100270827,1.18093466142694
105378753,0.447025981547705
440568,0.0380557917082188
101928744,0.032865928486596
115482710,0.135606191401068
644820,1.35389485035634
100887068,0.118078834682481
100507554,0.273685094362212
100874206,0.287856666048879
100421402,0.674357171456705
727930,0.0039454490619983
100996732,0.427056516731066
100421788,0.0750388739578922
100507507,2.04385805617506
101930746,0.102568313484256
101927257,0.0679638175237219
326307,2.63796052875159
100533629,0.0899469520555108
107075168,0.11318349351592
103344928,0.201683655587212
100421865,0.434094841115883
105376388,0.0445972313113895
102723508,1.28988816833508
102724233,0.300625328244844
724,0.0553878071845259
105372779,0.0891985025665453
283080,0.0370602183099194
100271460,0.206724074741936
100420423,0.0673875284399155
101927143,0.0205630661837875
3120,2.20802468418509
105374328,0.0664261626900539
100505683,0.592949453040546
389247,0.60114771385883
105378934,0.0687315852068485
643699,0.171945227830741
55853,0.931978386076273
100289475,0.114273863088368
100507670,0.469932252147166
100131291,0.0784592157513684
343296,0.0473570995805846
100506930,1.89358120049696
105372950,0.192662374972558
100874205,0.0366616595234452
101929591,0.0812988122919001
100133252,0.031262604438497
106480328,0.108075957165901
101926943,0.315450289835461
101927687,0.011781879253164
100506178,0.12527809465136
100859919,0.0412337454202869
400221,0.195461594197541
728106,0.299617262155836
101929947,0.18203603537202
100462799,0.109355807799742
100873886,0.0254249141756302
100131656,0.059277505632032
100127888,0.204776700352736
7124,0.546753709509105
105372893,0.0162859366995967
100874203,0.25925296131722
256355,0.384799971505607
100873947,0.13931381225424
100303755,0.656966722446614
106480688,0.129924017888448
648927,0.0272409292764164
389791,0.154324303695133
651249,0.585439616178805
201229,1.02741307740183
284649,0.20054110135019
100128093,0.0162859366995967
100130466,0.0744674501196066
100271513,0.0867613730983522
28558,0.833828070324558
220112,0.227838027674123
124901405,0.239278889746858
643779,0.352526234460745
105372738,0.162241111479031
727826,1.49508606716661
101928404,0.0306605722017031
101929413,0.018529029376588
101927590,0.0103437444480222
100533634,0.0217811482126814
101926987,0.273238077537133
101927049,0.0128076294222381
100271044,0.403650707715955
105378421,0.0130126308322217
107987013,0.0553878071845259
414765,0.458684727480093
401957,0.0449920531388688
285958,1.79657397049984
285154,0.0332662841654657
100506697,0.0459782976541651
107075174,0.183372008694856
127814295,0.398475526494279
105371559,0.0171022935190702
553103,0.958552260860263
101927587,0.128497301456039
100885778,0.009520858735307
100419489,0.0136273381928503
106480773,0.0294552189612712
128790,0.0679638175237219
84973,2.08798974370908
105372710,0.139666044552042
105376752,0.0940514026841421
124904411,0.135429218543903
644844,0.108990338597057
90625,0.110268773482143
647167,0.543225181264408
100874314,0.0366616595234452
100271141,0.131348257581024
101927586,0.268003996365478
653789,0.373495588602649
150786,0.035464851664874
100128420,0.315732627091811
440416,0.17397348231257
404266,0.156224473136085
125177376,1.14523536449921
127460871,0.380661596988309
100312775,0.0278454019696254
119437,0.514248136690256
100462767,0.121686341935808
100127924,0.424736350741391
100128275,0.169572495028208
100505877,0.156051913604374
101929023,0.193651446974822
100419506,0.0376577034343075
100216339,0.126889275567633
100271353,0.193651446974822
107985040,0.454466400315985
105376070,0.126710411468181
102606465,0.786887826265298
100131939,0.301632090300192
643596,0.637216409745301
400238,0.0134224851965348
101927843,0.0074601518934053
440072,0.0738956344925407
121853076,0.104959466672018
100996842,1.26949716407736
100506235,0.734284598820276
106481663,0.417608877295231
79940,0.671156925360356
105376034,0.0372594270725486
100129434,0.143705848463293
728782,0.200704422956811
100270755,0.192002317835344
100873894,0.735389496546956
100420921,0.148771205374627
2876,3.02639294875815
107075121,0.117717212784645
442723,0.1250988793227
101928401,0.0056012358560772
728430,0.207534086575862
105373354,0.315309082604939
54052,0.0567512557756906
100874528,0.061215604083323
6974,0.392243595364258
107075178,0.0376577034343075
101927880,0.0041525986866217
100132358,0.0422244019181622
124904553,0.197267676699121
101927944,0.275470619961327
106480360,0.975579173697089
349408,0.0201566492701331
100462843,0.214948001224658
100506915,0.0201566492701331
101929297,0.0175101773978301
100287074,0.0240097576149657
645173,0.478285001574764
102723817,0.0324653828330247
107075151,0.035464851664874
200772,0.0203598820990786
105369306,0.0232000328901817
283033,0.0162859366995967
101929406,0.10183118094478
5574,0.0679638175237219
440589,0.867680737076067
100631239,0.120785946840467
339799,1.36982117817061
111082980,0.544784024939513
100506311,0.38660342517717
80713,0.0999854713451175
643376,0.0972091680864421
729178,0.123484180058323
729532,0.0372594270725486
122526782,0.195625951238843
100874524,0.709833292177656
100287635,0.0811098068644656
101927417,0.0086971754034013
388564,1.75214944740973
100874300,0.202009801220362
442157,0.0865736051467432
121853075,0.0951672823362936
101929397,0.0215782561623971
100271216,0.0362629122582597
105372978,0.13878517930746
106478939,0.0348658102965977
101927599,0.967344522545387
728192,0.0683477895576427
105378013,0.0209692882026594
101929639,0.354139211322817
441440,0.04578114125236
100506860,0.117717212784645
100418781,0.433974051874879
100271127,0.0390501905320824
645834,0.215108412764069
100420869,0.247945005717645
105378853,0.137020599151987
100873233,0.0639214260144302
100270946,1.00259612723232
100874278,0.263187869494212
100874254,0.104224463503951
403283,0.0058079828238362
117581,1.1758390389558
100129597,0.0280467968559265
100287266,0.0280467968559265
728431,1.23192323425988
100420660,0.212216070474919
105373352,0.0076664475141711
100506421,0.0029089440711514
106480294,0.0567512557756906
105376748,0.314037057979326
643193,0.173466894741469
100130750,0.49303973729696
100132498,0.0197500372972908
664721,0.202661695187666
101929122,0.429976985720234
100422254,0.787544192308997
100505795,0.208666729285406
339807,0.0134224851965348
10408,0.0053944386314874
644138,0.0809207585101274
101927285,0.0068409645610921
121838,0.0156731530012164
101928185,0.015877463426456
100129234,0.178518556632045
100420257,0.0555827213422205
344065,0.18103260301996
100506289,0.076750799447613
401019,2.2197867566482
105373148,0.245169792620687
730227,0.300049450347013
101927289,0.813273453416469
8341,0.537585156713962
117751736,0.0130126308322217
143341,0.0960960359655527
85487,0.369952842642287
390413,0.279325370744648
100421582,1.04151338930338
101409257,0.311344797199496
727993,0.0084911297831118
100271284,0.1377268877932
100506119,0.648596860074028
389342,1.59169562668349
100048907,0.401130670681118
100128083,0.426446645063395
105372840,0.0152643844692303
3923,0.0306605722017031
6234,2.94276422578894
338651,1.40440409253244
158452,0.042620338349058
440567,1.15466327831668
100499261,0.237097480606799
101928834,1.2321667213871
100420259,0.085634128532859
101927821,0.217350800523257
107075204,0.083940390516352
390421,0.0639214260144302
106478957,0.226099707706408
388907,0.994406562054002
101928403,0.585439616178805
100873880,0.0586952005206574
646527,0.185704654675442
645422,0.346311488214088
101928922,0.009315012732202
100873247,0.130458397610706
103752555,0.12114622315791
105374363,1.32283182169818
107986032,0.179860354549044
343184,0.264997372636285
644790,0.613786740004145
111644132,1.17622377947476
100271218,0.076750799447613
340017,0.576162346907206
644511,0.934878724792218
131973,0.0140368959186701
391698,0.0461754078434364
7726,2.51285545074463
121847985,0.0818655711838594
401602,0.0288518968796068
100131846,0.204451677668282
730174,0.0687315852068485
646114,0.0588893471988714
246717,0.203313060051116
101928820,0.0215782561623971
100506054,0.820313219971901
3314,0.186702299279471
105375261,0.139137639219655
101927412,0.106794119855082
170547,0.1830382225432
100873934,0.0925612234809782
440900,0.09665278895269
101927914,0.0650783906040881
100873790,0.0380557917082188
100507468,0.180697848393311
105371260,0.117898043586341
100873922,0.122046224165508
107075146,0.0794068242501354
105373974,0.222929377772849
149844,0.0923747627007558
130728,0.0362629122582597
105374780,0.0197500372972908
101928461,0.0957246593932778
101927220,0.122405948971871
100505515,0.009315012732202
107985380,0.292669443244294
345462,1.37161741675473
100421189,0.0280467968559265
100996590,0.0252228938178094
729004,0.356016728939658
359802,0.068923416931643
100270896,0.588082035375461
441550,0.730641343055972
101926913,0.0769407965432616
100271215,0.0350655380227658
101929723,0.258342109370977
728737,0.954304802116146
391598,0.022997480615535
100874222,0.0154687933557568
100506385,0.295571898089951
158572,0.865745812414913
388849,0.223881801310651
101927554,0.0111658338983268
100419824,0.0175101773978301
100287912,0.0039454490619983
100129484,0.682676665835641
390594,0.0252228938178094
54044,0.0215782561623971
728927,1.5160799730604
100129517,0.431554146556167
101926906,0.0388514046163894
100505881,0.749666655573748
390940,0.373757358787233
100288814,0.12742563422007
730190,0.280802933544676
402077,0.0264342928541542
647112,0.0648856742777243
285456,0.0352652184723042
387841,1.68892503455558
101927015,0.226574171312462
133874,0.198087283905678
100380272,0.1426539097765
257415,1.59387891161903
102724571,0.981347831275433
111082985,0.534432585008871
100129819,0.13631370066278
101927438,0.0272409292764164
100130801,0.0658488120877697
105376762,0.45681288598164
127482537,0.131170362808316
345643,0.427909501144602
51275,1.81255221167346
8629,0.698684359592182
100270823,0.116450284130402
106479026,0.0368609624667365
107984574,0.195461594197541
403323,0.0719867467506061
389120,0.0272409292764164
101929602,0.125457270894805
100420574,0.0376577034343075
100507495,0.403021488814551
101927043,0.237097480606799
100506175,0.463343682474701
105378687,0.883517342075788
107075138,0.0352652184723042
388579,0.0254249141756302
101927870,0.0199533676763937
100271464,0.119343261883879
729978,0.709013711117329
103724390,0.0187326529005272
100506733,0.011781879253164
729211,0.395810998135124
60674,2.6829510268307
100129657,1.77778787303956
3106,3.24727605028936
729274,0.438190061097554
100127949,0.124022765722675
101060264,0.565250570190844
400804,0.0238073990491231
143678,0.220384007852123
111216284,0.172790951267048
642357,0.310066246097769
100507428,0.0546076972506679
100420143,0.129924017888448
145767,1.30462694313114
101926907,0.753284678824023
100507506,0.173128993530049
389901,0.163268078590531
441389,0.12114622315791
647099,0.368504758920631
100505782,0.0199533676763937
122149302,1.65152782228622
727699,0.140194108785078
114614,0.783229363390369
100996404,0.0432138940104846
400618,0.053631538511365
344,0.0826206497668653
654434,1.13279094677813
105373818,0.13631370066278
100507470,0.0130126308322217
101929445,0.0314631865193807
100505624,0.157259062738087
101927700,0.0089031710875008
105373958,0.957716266533747
100507406,0.0256268862991105
440829,0.0193432301006561
117981788,0.396192221785501
2497,1.86425786726243
100271037,0.26424391833909
100271211,0.185371832096218
392979,0.539051641498546
105373507,0.0524586470199822
359792,0.372447605534375
100271143,0.184872340656819
105374468,0.132947576137209
100129060,0.791903275733387
100271416,0.26424391833909
389023,0.0029089440711514
126568849,1.28810317424367
105375606,1.80218756998391
100505635,0.0763706752693144
100271702,0.606687480988999
140760,1.34568865445499
102723413,0.0374585887741673
100132857,0.296295826739199
100421313,0.270401046286159
124907725,0.0803533557144177
100874312,0.230359737718341
343301,0.118982195114986
107985535,0.0538268611423806
100506299,0.319674575558101
144817,0.0394476217259577
441869,1.77817093053336
266655,1.66379163051585
64288,1.97530657250634
106480261,0.239434475493777
101927020,0.298896414921393
100506492,2.71253366236211
392479,0.361355786486085
117134600,0.206237674414799
100130548,0.344545976070593
100422737,0.579433116949755
100270872,0.0946095302476571
387882,1.56937386721207
122965333,0.0773206608342586
388588,1.72881367937994
51236,2.31169416062475
441533,0.309212706704858
101101772,0.0675796689626678
111644142,0.28124565941285
100874085,0.267853937799064
90673,1.55456792572331
79231,0.0134224851965348
613206,0.597494400117215
442308,0.0970237498872507
653773,0.740339093198482
642776,0.111180730269128
128385376,0.422286264057961
441410,0.0199533676763937
101928153,0.262583776581815
107075097,0.1377268877932
100131535,0.0756099064785592
390245,0.022997480615535
105370503,0.19923333149162
353267,0.297163654394491
391827,0.61670021249876
100271042,0.0654636900743731
100192420,0.0113712320035829
359752,0.497042857665284
105371807,0.114092234949886
267017,0.519857969075371
286442,0.150336841365798
255031,1.16953039194989
100271623,0.16258357811886
100271482,0.152246322955713
102723924,0.0356644376201233
729020,0.0376577034343075
442426,0.0884493778801894
158376,0.513055855512418
100874018,0.304501394118264
652549,0.368899964119121
100288868,0.261676767701005
112268431,0.144931400916602
92249,1.46058109597387
100270858,0.231617602490273
646193,0.0501079362162316
101929467,0.162069824011441
100129250,0.784255786569546
645979,1.1630716152425
645998,0.0422244019181622
341784,0.124919624893862
100996342,0.0542173700425294
105373496,0.0600532833173621
101929688,0.18153447501312
100506681,0.299617262155836
729970,0.684039276301499
86781,1.449296517404
107075281,0.0177140457770852
101928846,0.20347581868271
100506749,0.459852225060869
107984969,0.288149195283638
100132891,0.269952155905544
100507612,0.142829326952615
124901499,0.0043596979037672
121832810,0.0848817820027076
645387,2.38695810937701
107984875,0.787033742071556
150372,1.44340590671604
442292,0.0248187083181388
101929531,1.09197418528826
100129017,0.158120217057401
149775,0.105510290447963
642559,0.510012085963278
100271066,0.427787705874514
100420557,0.0773206608342586
284749,0.0138321417599086
442405,0.101462368225262
100874412,0.284484687896737
378925,0.377803305483126
106478948,0.0508922379282558
100129347,0.0372594270725486
644911,0.0816766944344988
286544,0.226416048171687
100422338,0.0567512557756906
105370208,0.0138321417599086
100271158,0.0548027927666294
100500737,0.454113784621702
101060391,0.536115675344755
100421634,0.059277505632032
360155,0.083940390516352
100272228,0.554271466905842
400242,1.11104240496505
100128334,0.186868453469932
101929512,0.102015525667996
126568848,0.0481439722271771
101927896,0.0189362275154237
105370737,0.029254159459327
9674,2.51974906156063
644093,0.0412337454202869
646324,0.0752292615879394
728139,1.30059735809952
111082993,0.248406596698026
340198,0.513164325750304
90271,1.48527689420361
729909,0.0820544050747075
101927440,0.255755636380194
100507582,0.364673832571996
100419880,0.297886106450941
8705,1.55988421808768
57000,0.189522274027775
100874238,0.043016088629042
54082,0.168043491126138
100874214,0.141249215496993
101927171,0.0199533676763937
100509894,0.0390501905320824
100873979,0.0091091168566818
100422287,0.137020599151987
100379174,0.0286506937617837
100288560,0.120425512675816
107075214,0.147377001960521
645676,1.3851149997476
100421595,0.0276439590910099
374987,0.200867711352792
283025,0.0060146795562324
100126791,0.241764607210111
284900,0.875171240580488
100134015,0.604877536802058
84968,0.175996668205466
401640,0.517274213908147
124906209,0.350909851079198
150291,0.103856716718738
100270825,0.0668108416886656
107075175,0.0704564866776887
100507477,0.0076664475141711
101929437,0.0616026860516921
100169851,0.0404403802309502
100507114,0.0173062599854029
101927630,0.0306605722017031
100420342,0.0270393423001977
106481684,0.30578913394747
100271277,0.477715914893948
100874212,0.0264342928541542
105373010,0.0072538062085478
729340,1.0951295570489
101928335,0.0205630661837875
101927125,1.59063441680057
100874058,0.93586176048835
124905716,0.0876995769262763
100874390,0.0696903035798559
9278,2.13962739319859
101929680,0.0029089440711514
124904585,0.0852580403731478
440587,0.32749868961524
100130881,0.197923429313899
105373054,0.543849125174471
101928228,1.12400451827392
133395146,0.0555827213422205
101929099,0.45223032509117
100996350,0.042620338349058
100506469,1.07460632538765
130773,0.255603226604713
100419562,0.0959103684817372
100873944,0.0999854713451175
728774,0.241919706165435
400945,0.581506684883307
107075263,0.0348658102965977
105374464,0.299761351548054
107075132,0.0244143296379668
647034,0.0744674501196066
100421238,0.0616026860516921
392505,0.0310619747051902
100653489,0.11336532195325
10824,0.0683477895576427
100287361,0.154842971653662
653147,0.490358745399931
101927498,0.0449920531388688
100873919,0.191341719148878
154790,0.0586952005206574
58486,1.97145923398499
105375430,1.11670654189601
100038246,0.0144462560950847
100312806,2.22237105255727
100271120,0.510991833402081
100418888,0.0700734830017112
342618,0.0262325134658017
105378078,0.0706479226552025
100270832,0.167533181874078
644591,0.10238409192168
101928333,0.0280467968559265
112935969,0.0891985025665453
388925,0.0596654842894622
100129423,0.0310619747051902
153910,0.0105493414072734
101926942,0.0232000328901817
100874261,0.286245795141816
150135,0.235379301880427
101927476,0.0082850342053478
259285,0.052263005646635
401491,0.320656932830608
100133612,0.447500616384827
654841,0.0927476423604853
171222,0.143705848463293
100507040,0.172114443173016
101929328,0.0191397532419228
100421840,0.13259244153535
121832815,0.059277505632032
404024,0.0356644376201233
105371152,0.616887762475355
107075280,0.25101720338088
6244,0.0410354741801234
100271004,0.75909377577136
124901612,0.0828093123943021
105376429,0.0835635353418218
392281,0.17481709113341
150197,0.299040637766914
100506108,0.0234025367070836
100271391,0.156914345654153
134756,0.0579181636361618
121832811,0.124919624893862
84214,0.664361155371098
643513,0.0171022935190702
101927973,0.0203598820990786
100287087,0.284631598389815
121832807,0.096838290181438
105378668,0.0342663432615378
7955,0.0459782976541651
728658,2.61537076284805
100423061,0.0408371562480633
105372589,0.891568821138981
100130391,0.0936791088254262
387933,1.17433603064021
131185,0.124202215877155
100874434,1.06939579834141
100874241,0.0936791088254262
391436,1.13295700707169
390407,0.0223895328412295
54753,1.37971620936038
102724679,0.208990047576105
100306951,0.423757279370973
100873353,0.0168982779780871
728300,0.382733609128277
100506939,0.0256268862991105
4581,1.52987253395766
5703,0.178518556632045
100506922,0.951099865916512
107075191,0.147900107438903
54848,1.23532226024508
154092,0.0304597993916931
105375132,0.0274424681999785
100270970,0.254993293101234
127379693,0.588765497202038
100271392,0.687010535178456
100128237,0.0416301479021601
100506881,0.485755850729284
101929372,0.0540221383132408
414245,0.350235349609813
643854,0.100170227649574
729349,0.420812349975519
100270879,0.0575293748341413
100507398,0.293541314398181
644838,0.15536130946066
118568799,0.0876995769262763
339789,0.110268773482143
102724589,0.469932252147166
100270964,1.32291996827188
100419955,0.727776234512774
100270905,0.24948259616947
100270895,0.0973945447953161
100419028,1.45999706359981
100506963,0.409914113804984
102724446,0.0300581105554705
101060544,0.0316637209677261
618,1.08880162220682
729480,0.487780200999866
100506428,1.50984606607701
101929532,0.15587931748459
100129808,0.329026296236443
124904522,0.0436093653522559
392132,0.0829979322484961
100271832,0.0374585887741673
254128,0.925197013660019
100271292,0.404405076645997
100996263,0.0248187083181388
112840933,0.163268078590531
751580,1.7844200420092
111082961,0.534221921733404
107075301,0.217190838480678
202299,0.144406389276897
339845,0.0645001083526856
81571,1.19990794375502
100129090,0.363480998192729
100129718,0.0586952005206574
107984773,0.317424492343596
105378828,0.0763706752693144
105375968,0.402769653907842
102723878,0.274875896069334
100421271,0.0270393423001977
105373158,0.0604409028617613
285900,0.118078834682481
101927547,0.0252228938178094
101927983,0.297452715618942
85824,0.807996151340267
100418769,0.457866380090095
654506,1.02815833801899
220930,1.10016037651923
100132273,0.377021899389757
729332,0.0637284429094406
26514,0.0740862832627668
442720,0.0548027927666294
107986588,0.397080995200599
100271212,0.0340664262320136
101927164,1.25704822975883
28478,0.687010535178456
100421775,0.085634128532859
79804,0.0610219959658159
105376468,0.45034206262084
100421371,0.041431969987866
646603,0.0487336436053482
100131213,0.452348181800843
415056,0.0410354741801234
100271080,0.13737381964589
84752,1.55698511425242
100996696,0.157259062738087
115482683,0.12867577671514
101926963,1.2321667213871
441094,0.205101591371193
91368,2.21230168463884
100132949,0.0225922306114602
267009,1.45656890400371
730993,0.0679638175237219
150142,0.195132779324874
101928781,0.0901339590533384
728611,0.356284569791138
100499405,0.645094279126101
28557,0.638490170138918
103689911,0.141073458890048
101927256,0.0548027927666294
1159,1.66985859405158
339442,0.0105493414072734
641298,0.129389289874984
100506866,0.208019700960049
107075144,0.194474746081945
100874451,0.094423529467826
100289098,0.994931507826798
100129168,0.102015525667996
100861516,0.0370602183099194
401934,2.14635210546737
100873921,0.0491265280900879
103908605,0.041431969987866
100129066,0.121686341935808
100507034,0.247483145330008
100505964,0.0039454490619983
266625,0.133479989705537
391124,0.270550619446084
646960,0.0109603861112779
84793,1.34354616943552
442181,0.0876995769262763
105376892,0.492035517907667
645326,0.349290048561239
100129842,1.94869343379557
5863,2.61261263510517
101060039,0.0420263638480368
644384,0.0565566131007352
388553,0.0105493414072734
107075288,0.0795962166369358
391171,0.0211723261778742
102723446,0.0326656794165476
100287966,0.0816766944344988
101928891,1.26168016757189
105372751,0.1377268877932
100312798,1.32197897827014
387723,1.07304341471168
105378580,0.267553734738871
101927891,0.0211723261778742
220885,1.085431468671
728978,0.290922772964898
729993,0.963433978858538
123706537,0.225466649734865
439990,0.131170362808316
101929926,0.0177140457770852
3118,2.74403286024172
644013,0.0386525717956126
115409987,0.330550882940382
100271153,0.0475538868142473
150051,0.661025890194388
101927512,0.553964069076449
644135,0.0033236975274522
105372876,0.159152400353361
26495,0.0284494427319338
192217,0.051871586053616
101927847,0.022997480615535
107075223,0.1272468869287
400958,0.799605748674675
100270971,0.233187141084176
3833,2.13712855082634
339804,0.644553843589928
105376946,0.0992460334971177
339822,1.09998459229153
101929705,0.656612618586367
345611,0.0694986479199568
28619,0.668551122118529
100129997,0.131170362808316
442709,0.279029523495669
107075153,0.0999854713451175
105373390,0.0031163460570424
392424,0.198742368383381
100189589,0.205913243491814
100874342,0.274280721069564
104355141,0.924196954865197
285550,1.54924760585384
121328,0.194474746081945
114515520,0.400246661732358
101927609,0.0366616595234452
100271282,0.501685558616421
100289061,1.14896073956193
401974,0.0901339590533384
100421569,0.637307470186854
347544,0.299473146090265
101929559,0.0142416006900836
100507516,0.710242710482638
107986838,0.0191397532419228
730861,0.0683477895576427
101927497,0.0782695646180464
100288690,0.466125000153537
645030,0.0625696085978943
553820,0.0238073990491231
100506271,0.0254249141756302
102724434,0.0314631865193807
645682,0.13931381225424
105373538,0.0111658338983268
101928483,1.08380685763733
347717,0.0759903776592968
101929010,0.0708393147493007
100271017,0.506408328084703
347613,0.0455839386189831
105375014,0.0658488120877697
100996570,0.0717956175864252
100129310,0.801606469683703
101929011,0.178014807680926
439949,0.319112667881342
100506334,0.801535120734213
107075201,0.0473570995805846
102724768,0.0076664475141711
101929609,0.873833272183311
442673,0.227838027674123
107075141,3.04780088538894
101927886,0.673925578117107
442197,0.582787286407851
101928399,0.888460254104094
440737,1.65163290542608
105373460,0.0177140457770852
644160,0.135606191401068
257093,1.2340414281903
391151,0.295861550239592
101927851,0.549337180912371
100130630,0.272641658894794
100420920,0.0996158349795007
100303491,0.0508922379282558
101929730,0.155534015426354
100506224,0.159324303618878
474170,1.30090369946298
100418740,0.0370602183099194
100129007,0.096838290181438
100421336,0.0846935889461878
101929337,0.0203598820990786
645434,0.0264342928541542
6126,0.882133933875824
124904403,0.0280467968559265
100419643,0.176501675312953
103352539,1.02217009604121
392508,0.0144462560950847
100422608,1.29160490748362
100506737,0.0485371324516474
100188949,0.347666814222926
339751,0.292087654063609
100874093,0.78249522226127
105376805,0.0376577034343075
100533627,0.107709920892978
100271652,0.0671953437318986
102723741,0.103120732107382
100130980,0.260011201718364
392387,0.0410354741801234
101927682,0.100354942723344
100287928,0.0191397532419228
100506215,0.665498463536728
100996251,0.094423529467826
124907878,0.0064279224007442
440142,0.0434116529118274
101927641,0.0101380977223869
90120,2.15016057188018
392752,0.293105500621005
100133168,0.0119871284396815
343171,0.501685558616421
100132076,0.0175101773978301
127379695,0.156914345654153
389860,0.139842103843901
400609,0.147900107438903
100147837,0.774588262957473
109617020,0.937304576592452
692058,0.967783586989296
654322,0.994354042453589
106479077,1.55827171396971
100151652,0.608397870329249
100873374,0.204776700352736
124900469,1.4458629962148
100873491,0.212698854390062
106480358,1.0106761258
106479089,0.915780287132047
106479759,0.435904333166675
26808,0.738300837648945
106479961,0.236785360833274
6076,0.228784605339793
100302179,0.881252007426301
124906148,0.230674390413359
124904380,0.653150544290986
100151650,0.353467550810544
124900383,0.191837218964394
100862665,1.16679932538783
100302243,1.16538961302944
106479060,0.353467550810544
106479068,0.353467550810544
677767,0.388915854444393
106480822,1.40186215614615
101340251,0.937304576592452
100147832,1.20141741283622
124901856,1.19772857145781
100151654,0.92402030714779
124900271,0.312762941932412
692148,0.0792173887819751
124900188,0.475549353893711
692084,0.406413036837664
100113389,0.75596622942911
106480453,0.358156832154763
124906348,0.859775174941718
106481637,1.36197367712324
6078,0.771533198322873
677885,0.925667074576857
389644,0.142127432245064
100128664,0.0696903035798559
106479427,0.0871367817651098
100270848,0.41785578539967
101927597,0.555295172787881
100271302,0.186203631222028
100128164,0.0068409645610921
729536,0.135960022436348
106479420,0.089572811643912
100271548,1.29412320576376
106479438,0.672542649656057
81567,0.143881039990532
145259,0.0876995769262763
319143,0.39198813486556
652968,0.094423529467826
644388,0.354541924741873
7844,2.12444866665579
10432,1.98657026465513
100271319,0.107892959309522
101927750,0.0467664613262632
103625681,0.261676767701005
100131467,0.397461577743857
100271575,0.385186787661678
106479397,0.538109244719916
728693,0.155706684763122
105375564,0.226890323464877
84964,0.981669696604174
142686,0.674529732680851
56136,0.0392489295621294
100271088,0.204776700352736
100129799,0.0805425329522405
106479417,0.72936947089727
106481127,0.433490698993776
106481072,0.446669806007301
387753,0.361089718328664
106480982,0.912129567616542
120872,0.104408275572339
10324,0.447500616384827
100271358,0.20119418856018
646583,0.0350655380227658
106481014,0.727776234512774
100874035,0.0606346453732357
100873940,0.208990047576105
727821,0.202498771328752
106480926,0.372840768490936
140921,0.311344797199496
723809,1.89123767990047
100419187,0.0388514046163894
28881,0.842393099464437
105377198,0.0223895328412295
106481683,0.465893624019269
106479365,0.0771307503330335
285051,0.0579181636361618
100874089,0.129210969736922
100271306,0.185371832096218
106480988,0.108624707531728
105378645,0.48519253621766
100288984,0.0282481437700031
100507062,0.45681288598164
100271505,0.209474780431935
4830,2.15900874174558
100271500,0.144231310383213
8742,2.04079314869184
100271340,0.0891985025665453
284040,0.423512311032106
107987127,0.0442022240997431
60489,1.61309705441425
105375115,0.046963386855558
106480272,0.0557775902066152
106479474,0.447856393286135
54106,0.0278454019696254
106481106,0.451994555382277
101928856,0.134543780282725
23559,1.39226044053541
51373,1.57299956611785
389156,0.32401556963088
28904,0.894044698490964
106480979,0.347124971281415
106479497,0.0972091680864421
106481071,0.0920017153720052
402134,0.0546076972506679
100131614,1.49902587459809
100129707,0.0240097576149657
100271621,0.0606346453732357
28943,1.99730425828512
106479304,0.166170785768819
51608,0.263338820352192
28931,0.0662337567877756
106481824,0.329858262686089
106480521,0.994879033712607
400793,1.93586344815916
158,0.567265313713382
106481067,0.0871367817651098
101927149,0.0039454490619983
106479536,0.17295999003645
101930094,0.0588893471988714
106479443,0.0886367224100169
106479357,0.760158353708979
28912,3.08493466269464
100421813,0.0286506937617837
23547,0.219267850494214
106481125,0.0837519842731955
28896,0.609251503728106
727792,0.317846881587821
11027,0.765681851199832
100127893,0.222452739113652
100885796,0.0996158349795007
84066,0.0201566492701331
122589,0.133125085756639
392106,0.143004706485185
109729161,0.108624707531728
280,1.28103032704931
28477,1.28775801594186
326293,0.0567512557756906
58496,0.718541122201678
102723430,0.126173585315438
5698,2.00658380239374
100271162,0.110451245488528
100128710,0.0463724718392014
100130786,0.0683477895576427
102724019,0.0029089440711514
387867,1.3330750027918
326289,0.393392099688031
106479351,0.103672781969985
106481827,0.304930877856553
728207,0.258797666843831
151825,0.0617961599388916
100129403,0.0207662015448037
106479523,0.0901339590533384
100270870,0.0908815660467812
106481132,0.166170785768819
100130066,0.0465694896604753
100873983,0.337305807162102
5098,1.1939778794065
100874200,0.154151340944846
106481065,0.377021899389757
100287482,1.91811168996248
100287290,0.37074154671332
326309,0.0334663908138561
101927632,0.952282572276915
90639,1.42027094049024
106479437,0.494599116543263
100130002,0.0238073990491231
100288897,0.0144462560950847
100874201,0.0481439722271771
100129801,0.053631538511365
100126793,0.462181697484619
84129,0.107160562124483
100271035,0.0629560650472485
390671,0.0912551171776534
106481054,0.880936735964632
100130562,2.57752117363682
53938,2.04337701033858
441727,0.45093266187864
283345,0.499367905601484
390183,0.381439265338426
106481060,0.0858221088259321
728553,1.48685451593898
28937,1.89654661860339
100271587,0.472000666094352
133790,0.298463586050286
641616,0.43300703237824
100270840,0.500913826727922
100271515,0.670202612956816
3812,0.205750978783932
101927152,0.0035309985040075
106480795,1.75574758848051
729679,0.421549669987592
100271315,0.223246978697894
100271417,0.223246978697894
2310,0.33441809326727
105375563,1.40148355656497
107075225,1.32156676706698
106479395,0.0886367224100169
106479350,0.0882619910836516
106480488,0.0852580403731478
105374003,0.0280467968559265
654387,0.0752292615879394
100048912,0.37192307183949
23495,0.167022551389696
100271003,0.82432160559558
161406,0.719510728382658
100271448,0.413398945816145
100128963,0.273536117035666
100874091,0.944354697434876
100874039,0.0777003520403405
645846,0.0334663908138561
54596,0.449632721557448
101243545,0.0648856742777243
358,2.56893889739391
100874083,0.0960960359655527
729389,1.1673856680179
106481034,0.298174899770682
106481854,0.085634128532859
338872,0.0955389086838045
100873967,0.459268706914879
100418748,0.650475542870707
646737,0.057723791780431
28942,1.29890932593411
100271169,0.201683655587212
57461,1.76980122397787
105373418,0.0091091168566818
10687,0.215589454345671
100271244,0.114818507485862
399829,0.0136273381928503
106480537,0.0858221088259321
401387,0.01219232802879
100271059,0.0683477895576427
100271175,0.327915609696862
106479407,0.311060856788946
388460,0.135606191401068
100506243,0.0366616595234452
106481849,0.238811949383932
56097,0.162925900453821
246312,0.103120732107382
115557,0.317706110782448
728791,0.388915854444393
100271332,0.315591471328346
127379749,0.122046224165508
100873223,0.0746579682411712
100271309,0.66357268451122
401076,0.472000666094352
106480482,0.553348876698464
140660,0.156051913604374
387521,2.63701264995936
106481837,0.36295025006811
729674,0.829058113985657
57665,2.24861911389789
100507642,0.994669091793848
28938,2.05641012473716
100271384,0.148945313407985
106479413,0.653150544290986
196188,0.0304597993916931
442087,0.104775777140435
100134713,0.357889646800717
257068,0.235066506058863
100129685,0.879610880676599
101926903,0.177846821597863
106479423,0.0890112847364733
100270854,0.795441825290962
650808,0.372447605534375
106479495,0.0912551171776534
4282,0.0366616595234452
100129670,0.14598041277754
221883,0.0086971754034013
100271622,0.40239174352277
106480971,0.0871367817651098
100270993,0.117355432003351
100271359,0.857619858064752
100418720,0.068923416931643
100271535,0.173297961760755
100271619,0.0575293748341413
124904880,0.0610219959658159
221078,1.57044840741449
647436,0.677456639154821
326292,0.303068065558585
100129584,0.0483405753318879
100271642,0.0816766944344988
100130225,0.046963386855558
3112,0.7162732691812
100652759,0.0569458532680942
100874431,0.432402007376466
57002,1.86045462471447
388761,0.0248187083181388
100498859,0.0132175827499873
100874246,0.406413036837664
106479435,0.176333374633635
100271488,0.454113784621702
101929335,0.312054193765089
106480964,0.173466894741469
285286,0.0280467968559265
100271479,0.993460512158545
106479249,0.0861979419229091
6997,0.0635354152782802
100271172,0.294702295350584
106479281,0.16974220649948
100271077,0.11318349351592
100420551,0.0912551171776534
106479516,0.962549275981887
649024,0.076560759028747
106481149,0.0876995769262763
57830,0.203963896563133
28901,1.17522290599832
27297,2.30319550593241
100421816,0.311344797199496
100130537,0.193157062901807
101927056,0.52510465189926
28923,1.54254101704291
100271041,0.0443997508881444
100128025,0.226890323464877
101927111,0.363878817028336
374286,0.0503040803202519
101928190,0.0168982779780871
6173,1.18715491602115
28914,2.51855395223818
440086,1.15262176696141
654371,0.0677717653179942
100874016,0.470622369702958
57026,0.0714132279076869
79897,0.897863194064144
283460,0.0058079828238362
106480503,0.0876995769262763
9936,0.829126504738505
100270988,0.139137639219655
80864,0.841387394050922
106481063,0.0875120208953502
106479383,0.47589186766071
106481758,0.0886367224100169
100271433,0.0544125563488178
646612,0.554885866342581
100270853,0.196447232976195
106479287,0.30235040930155
9551,2.4481036865018
151658,0.0029089440711514
100506994,0.20542635081713
105374205,0.141073458890048
23779,0.775628226314599
283603,0.591103786005963
151645,0.705395712963007
648729,0.602105967216146
100996435,0.058501008843608
124906201,0.0288518968796068
105374177,0.0103437444480222
127379691,0.0752292615879394
10093,2.53970326351755
100131117,0.0412337454202869
1325,0.377412702975602
28885,0.825904296433898
106479347,0.0886367224100169
641614,0.0557775902066152
100271411,0.0485371324516474
100133054,0.0459782976541651
387267,0.0227948798627598
645174,0.462646711092966
100270928,0.531583418247685
11185,1.03423465201043
28581,0.327915609696862
100270950,0.205101591371193
100271425,0.0553878071845259
100129882,0.481123833351985
100507098,0.175996668205466
10552,2.24523829855647
106481115,0.325968052585667
106479318,0.0867613730983522
7451,0.04578114125236
441034,1.23990176296524
100271136,0.071221967357895
106481135,0.0824319443491516
402342,0.320937377290198
28941,2.19936014261032
101927974,0.327081544131642
100271570,0.272194047426621
100131434,0.436386122704357
100271427,0.203963896563133
105370757,0.250250272046083
106479283,0.167703320633072
100271561,0.152246322955713
100271168,0.622583991980626
27442,0.0142416006900836
539,2.09330194911301
80301,2.213709566474
541565,1.23976459083925
391719,0.12867577671514
23761,2.22024298706381
654383,0.0921882600032804
100421439,0.146853560983701
730747,0.551294405894795
112817,0.374934210114378
100271491,0.125994565263373
5822,0.633564167493457
102546299,0.0078726930921942
5297,2.06266298000258
100271166,0.057140405596366
106481850,0.796593142548454
115653,0.0318642078034075
107080632,0.230044960544958
25764,0.156914345654153
644090,0.0445972313113895
442086,0.122046224165508
645573,0.071221967357895
400652,0.359224640010158
326297,0.0602471155158791
729146,0.244087910999839
326310,1.95686459034551
28933,0.362153434801517
110806273,0.0432138940104846
728315,0.184039167240528
100271564,1.24938552688417
727956,1.14344501007658
100271644,0.0850699324727219
727865,0.530419408736543
23600,0.243159406590322
51537,0.09665278895269
100271647,0.0850699324727219
8420,2.26218316182994
100270834,0.173804655004492
105376382,0.0103437444480222
152663,0.188196455857058
106479343,1.14673654596267
398,0.461949080753147
106481858,0.472344837064028
100271019,0.242384821057927
100874351,0.0400434172142254
390158,0.260768713532699
140290,0.057140405596366
106479439,0.375978772065176
26286,2.17789506994349
632,0.566661489096544
106480484,0.089572811643912
285972,0.294122020913587
128977,1.54692228920256
23089,1.1858710144882
100507661,0.0388514046163894
400385,0.305503153895021
113939925,0.0072538062085478
649299,0.0820544050747075
100131863,2.4449105344742
100271165,0.108258914477887
100271462,0.187864660276894
100130192,0.378843930496476
645630,0.300625328244844
106481109,0.18153447501312
111501764,0.18002792277152
54576,0.0113712320035829
28930,0.978065846961001
3692,2.45779456949563
100506724,0.0548027927666294
100271430,0.190845914273448
56098,0.108258914477887
101929238,0.0068409645610921
107080637,0.191506919633341
106479508,0.168723404379721
646013,0.176501675312953
728992,0.879863638422986
100420527,0.440708248419444
28476,0.696098150945424
554300,0.0203598820990786
102723672,0.976282956926475
728979,0.442979281185715
55052,2.50662139765296
106479238,0.296585210024417
348110,1.85354127373832
100288654,0.068923416931643
100996490,0.0024939884663487
401074,1.4092512813663
100874019,0.10238409192168
81430,0.0266360241092229
28883,0.656435498426301
100009668,0.10404061055807
106480960,0.167703320633072
100129009,0.115181403890476
106479358,0.238033104408532
157206,0.32401556963088
3109,2.13612228542808
642635,0.0211723261778742
28891,1.26075693906814
100271260,0.316438020255069
642802,0.0320646470462866
101929756,0.129924017888448
26063,1.85335305793816
106480965,0.0858221088259321
100271415,1.16672110032234
2790,0.0658488120877697
107986119,0.92225107092208
727970,0.0673875284399155
401817,0.352257074134249
106479338,0.0794068242501354
1270,0.328193431299921
103911,0.158464423713218
106480483,0.270849680372496
100270833,0.224357586784645
100271376,0.116631393300044
728591,0.0797855659595778
106479515,0.0920017153720052
641924,0.0314631865193807
340526,1.81005277981061
729208,0.203313060051116
100271627,0.109721115265514
28900,1.09014424971572
100874131,0.329858262686089
9907,1.63414467099206
347689,0.0187326529005272
100271105,0.0752292615879394
319144,0.397841968322907
100418747,0.621373930453402
163051,0.153459122424876
106479494,0.243778530403275
100271278,0.564241056902976
106480970,0.616887762475355
161497,0.125457270894805
106479518,0.719752912070099
402193,0.140897664497433
28479,1.87626170367038
326326,0.328471152882184
106481045,0.314602660100011
106481096,0.0890112847364733
106481028,0.0871367817651098
100271435,0.0553878071845259
100271221,0.141951864352912
30816,0.0477506279872771
158674,0.423757279370973
100271512,0.0824319443491516
100271562,0.143180048388379
106480985,0.828647617485277
106480969,0.165659296928695
111082969,0.105143115389858
100271429,0.17464843968899
100271220,0.103672781969985
106479309,0.30235040930155
101927668,0.473376384576371
101927375,0.0910683626288553
100271217,0.135606191401068
100240712,0.0270393423001977
106479236,0.076560759028747
106479320,0.162754757317783
100271485,0.133302556941214
8637,0.76703676224159
28915,1.33186322978657
100507524,0.157603633849999
653079,0.432402007376466
201617,0.0246165431357565
202789,0.220224652319882
645957,0.0721778321548017
106479387,0.371791881866791
100271572,0.144581430654289
5672,0.0043596979037672
100271620,0.20217282435688
105375392,0.0694986479199568
9553,2.24867436136574
57553,0.477374251002595
133748,0.0664261626900539
645654,0.194968321469421
106479534,0.0910683626288553
100128888,0.24300455003093
100133273,0.612750005186743
100421376,0.0290530521054448
285194,0.0557775902066152
642828,1.82758441347208
101929054,0.373102764223959
106479244,0.0875120208953502
56134,0.0432138940104846
646820,0.390453555527392
28919,2.25098335867706
11037,0.749975338900236
100128923,0.0408371562480633
106481019,0.0869490986322006
107075194,1.20141741283622
106481074,0.724738635819257
28882,1.07387135663277
100271467,0.16446456804444
106481089,0.823425327408914
124909446,0.0471602662673416
11230,2.16340506285089
391123,0.0148554188895284
28940,1.78640188330978
100271487,0.301632090300192
100271502,0.144231310383213
643974,0.171945227830741
106479326,0.26424391833909
100271055,0.194968321469421
647087,2.19064952762265
283480,0.0113712320035829
107986046,0.0138321417599086
154881,1.13008569656552
106480695,0.238811949383932
100271383,0.472000666094352
1945,2.41022338021591
106479284,0.169232965466414
391560,0.331934259048962
106480959,0.459268706914879
353376,0.0546076972506679
391706,0.268603944429904
653236,0.316014861463316
645160,1.28675265320736
106481024,0.0880745620036581
441744,0.36295025006811
106480999,0.178686403225395
401115,1.39508070083492
100271364,0.683102773804615
28299,2.6535400772818
100271226,0.0700734830017112
24142,1.82549565119742
344454,0.0551928477150357
93948,0.118078834682481
100421437,0.141073458890048
441632,1.32050531542538
100130929,0.058501008843608
392271,0.180362955010794
106480950,0.0875120208953502
644063,0.478285001574764
101928022,0.0382547653609949
110440226,0.522432530940295
106479356,0.691905999348411
106479527,0.477146386710582
105375355,0.591298294251742
727984,0.356016728939658
100271630,0.15536130946066
112268449,0.0060146795562324
106479415,0.761069491821766
3588,0.325550078799425
391833,0.195297203563565
629,0.0983208065549586
106481148,1.64322500146812
642819,1.22951735193848
729097,0.339772390902612
116143,1.31799061604514
100129199,0.0342663432615378
4831,0.743384870632955
100271313,0.151031715914848
401865,0.287710360355146
344595,0.429004765244695
106480487,0.165659296928695
100137049,0.330412408664205
10637,0.055972413796195
149465,0.330827756885505
100271444,0.0548027927666294
100874237,0.0875120208953502
100132247,1.27225023805294
106481756,0.0876995769262763
7268,0.310350550718664
106480492,0.386732079038766
100421829,0.360823557384113
100422603,0.609535817442138
100131339,0.1250988793227
100271453,0.0555827213422205
3804,0.0171022935190702
120318,0.13507515807804
284230,0.285659199945487
100137047,0.281098111931399
101929717,0.063149226365247
100270852,0.13737381964589
140564,0.13931381225424
106479524,0.31925318306814
440176,0.482595694448063
388556,0.786887826265298
728002,0.0434116529118274
646085,0.0794068242501354
646909,0.253619217745834
106479235,0.162241111479031
106479444,0.310066246097769
100874029,0.183872429292585
100270839,0.143180048388379
106480986,0.96049850339202
106481055,0.145805671023461
106479376,0.0903209239347336
727951,0.0673875284399155
401427,0.503995857772517
319129,0.387503543243989
106481855,0.085634128532859
80086,0.120785946840467
106481040,0.200214358457645
100270835,0.0306605722017031
100271247,0.0604409028617613
730091,0.965419907292443
64968,1.99320818381288
84450,1.83014091391594
106479335,0.166681952429176
106479492,0.0871367817651098
2938,0.120966104722507
106479472,0.168213522886445
440027,1.07451450464082
115482685,0.0378567710724885
57529,0.10238409192168
100128548,0.092934019355804
100419069,0.0850699324727219
100216341,0.120425512675816
95,0.195461594197541
100131161,0.115725449015596
728700,0.0673875284399155
9054,1.79263015178882
106480382,0.166170785768819
653156,0.155534015426354
692099,1.24884608787187
1650,2.94518604041471
101928376,0.0070474104382352
401232,1.12142686191751
100271585,0.272194047426621
147007,1.5930954686611
100271076,0.057723791780431
100270841,1.73557767827529
326278,0.400373012250853
107080636,0.184705774775147
2939,0.143881039990532
391777,0.64554432001836
106479525,0.379103863932154
6705,0.0396462670429822
100128140,0.193651446974822
100271091,0.0614091674392234
100874438,0.0936791088254262
106479313,0.0999854713451175
28921,0.639761596733006
103695433,0.0018711756515813
107985359,0.0777003520403405
105377105,1.25113502361863
5032,1.0788146062699
390206,0.0314631865193807
101559451,0.588765497202038
85014,2.48902076224246
133629,0.262583776581815
104502416,0.293250798934905
100271133,0.137903364772905
106479253,0.574073068566468
100289187,0.963102364745864
100421506,0.0890112847364733
100128115,0.11136300073123
106481113,0.0861979419229091
106479442,0.0876995769262763
402778,1.0262187249977
100131246,0.249789755946185
106479269,0.871020743756114
339044,0.015877463426456
100132547,0.170251127831315
55861,0.511100612641903
106481031,0.24300455003093
106479237,0.178014807680926
106481832,0.0875120208953502
106481032,0.166170785768819
106481753,0.827757313488422
648000,0.973951955925431
80052,0.0227948798627598
105377108,0.36095664945832
106479354,0.705395712963007
100129227,0.106244151498938
729362,2.7424375069411
106481836,1.81504718023406
2119,1.52276863378373
440050,0.159496170553545
645809,0.113001624972295
3078,0.01219232802879
106479319,1.42296455489562
28913,3.0351426139636
100271495,0.171945227830741
10137,2.10787958927212
128193290,3.49780553855809
405754,0.118259586088365
79168,1.0917959078586
441775,0.211410782764714
91179,0.819966506521265
100874101,0.100170227649574
100421817,0.132414816523682
27350,2.14771324455256
391589,0.225308306627946
440487,0.155706684763122
124902803,0.0754196057556881
105374313,0.934183878321016
79015,0.263489742281565
28935,1.77258272484235
731688,0.384670988867257
100874008,0.351179485407922
642636,0.129924017888448
392206,0.189356665990483
152206,0.045189394581304
106481128,0.0964672461846826
151516,0.465662175229462
81392,0.0252228938178094
102724827,0.316296993015621
100271237,0.0775105280642577
106480498,0.171437369631719
106479480,0.0890112847364733
7335,1.92203918170226
319135,0.0811098068644656
442213,0.708028901106773
122149298,1.63672649880382
390578,0.134543780282725
100270962,0.123484180058323
100132742,1.3279201205807
389141,0.267103215186432
720,0.593240433232045
3043,1.19438759699613
391581,0.0698819152678692
106480490,0.169232965466414
1415,0.20737214969269
10443,1.88512719719034
654369,0.0901339590533384
101927657,1.3916687791004
107075130,1.25684883194964
100507300,0.259556344986669
101928445,0.448685876167393
100506495,0.347260467923601
105375790,0.0938652766473933
101929538,0.0475538868142473
643770,0.190680578133617
729678,0.768764010993997
255130,0.0146508621545966
105375650,0.811940577578499
144571,0.558968416754432
124900193,0.707782474445604
100506020,0.267253417044983
101927612,2.32359150076378
100130231,0.601339469029926
100421854,0.600955906388038
101930370,0.243159406590322
100499227,0.0388514046163894
386627,0.251936539967536
101929595,0.0542173700425294
100996419,0.927485216082064
101929468,0.0132175827499873
101928075,0.356819970107232
101929765,0.0528497930137067
100507283,0.396700220523486
440028,0.376891586812411
645323,0.0043596979037672
283131,2.729838734626
101928784,0.172621877208929
101929295,0.413274765771369
728769,1.29523865207052
101927204,1.47980132576885
497258,0.426202556890197
100506068,0.12527809465136
100506660,0.353198721418266
101928100,0.2610715145288
283387,0.0045667467349953
92285,1.50862624818947
728339,0.0814877748095437
101927480,2.14821797888975
101056700,0.454113784621702
101929076,0.0136273381928503
100129931,0.118620969890508
145837,0.493485614178838
101927740,0.22941503241767
1050,1.58044855146736
100505648,1.63473697891603
100652791,0.0324653828330247
109729137,0.0080788886488122
400512,0.204614205474604
101928809,0.0318642078034075
644873,1.23711730442344
100996286,0.66216872259615
101928725,0.537585156713962
100862662,0.10219982932161
100506233,1.01905255366958
101929241,0.0654636900743731
100287015,1.60021702439097
100507053,0.442621158228576
286059,0.0306605722017031
100505676,0.116993492216047
100289388,0.486768725805416
101929524,0.18836230244846
388011,0.293686531565202
727677,1.82185560304699
283104,0.762206657451427
101928053,0.330135385465491
101929402,0.39237129322685
728084,0.0372594270725486
286190,0.0583067721494003
105369192,0.298319256286158
283856,0.011781879253164
101928597,0.0801641354811421
100505658,0.0217811482126814
100507632,0.113910566782623
124903670,0.141776258746249
101929290,0.063149226365247
100506368,0.36175471487019
339988,0.643832606108194
121233925,0.0274424681999785
283575,0.0366616595234452
389641,0.542704813339047
284080,0.120605749496627
642924,1.27733067168117
100506451,0.449396123577067
55766,2.81595981289348
85001,0.202987443710311
101928388,0.0633423431029015
503569,0.852298543574226
645078,0.0276439590910099
106699570,0.178350675185314
105369536,0.018529029376588
124906712,0.27383404341948
100505678,0.358423924095588
390595,0.921660208089046
144481,0.492593588015454
192111,2.35152665496522
105369147,1.2941852361352
283596,0.824597134191611
100506211,1.04151338930338
101928002,0.0750388739578922
338739,0.0136273381928503
338817,0.146329784130774
439933,0.0086971754034013
102546294,0.0162859366995967
440288,0.651725166382785
729013,1.29322295537707
121233923,0.444529154944026
85364,2.07547246405777
100507250,0.0648856742777243
100289274,1.52409137077667
100852407,0.0778901327798074
100506314,0.755736805519913
100505738,0.201357377395245
729082,1.98896082273239
100131067,0.658822788681098
100506540,0.900803626069859
11344,1.78350906937497
441009,0.0681558255976688
92935,1.4124737051167
100293090,1.85349422785578
100507401,0.0795962166369358
100507266,0.256821681598718
102725021,0.199887482580332
158880,0.827345990275489
100419036,0.0583067721494003
100233209,1.26345625003231
257396,0.298607889071751
100505894,0.469126296359818
121232371,0.022997480615535
106480725,0.129924017888448
100533182,0.414019537867964
283663,0.583082481149868
100506668,1.55508561137946
100128386,0.147725776200425
550112,0.868646000114642
100507466,0.132947576137209
593,0.134543780282725
3640,0.208828404743795
100533844,0.0132175827499873
105379051,0.0704564866776887
126,0.672975114669553
101929505,0.0378567710724885
101928509,0.0078726930921942
124900778,0.194803829985156
100419572,0.0302589788495971
101927849,0.0084911297831118
100874024,0.161898500427602
104472519,0.18103260301996
105374105,0.141073458890048
100861517,1.30965149351984
100507602,1.80048138705071
101929423,0.0408371562480633
101927543,0.0138321417599086
100506085,0.018529029376588
100506013,0.113910566782623
984,2.31113246547905
124900787,0.235691974593381
101928288,0.0432138940104846
201853,1.64697093496455
124901151,1.39001880885809
56135,0.0344662129356738
105377555,0.245787347854087
100127911,0.0246165431357565
553158,0.344545976070593
285505,1.88108382567853
106481971,0.0861979419229091
400456,0.128854213171788
101927233,0.542288247235849
101927075,0.0422244019181622
105374114,0.0586952005206574
102577426,0.0716044446446561
643784,0.296874485886237
134187,0.0569458532680942
654790,1.32628786200949
25864,1.45035177456378
100289230,0.415259183488493
100873955,0.141776258746249
100131089,0.537165611136431
106480796,3.55443832324762
102724880,0.372447605534375
283731,0.101462368225262
100419878,0.884270656287316
391696,0.057140405596366
102724030,0.23522291936353
101929745,0.051479983874231
100526772,0.0949814066654706
441374,0.367977499352665
124909425,0.133302556941214
100420028,0.0142416006900836
100422640,0.0344662129356738
105370027,0.294847296513561
100526737,0.421918057687285
107986374,1.10688786299056
124900192,1.28334557145055
100874002,0.0710306629776471
100505625,0.0598594062479726
594842,0.0563619252247972
285412,0.0288518968796068
106481669,0.0105493414072734
391741,0.0242120678044732
283152,0.607448168799439
285556,0.002701491548138
102724596,0.0664261626900539
105377303,0.0300581105554705
100420058,0.10219982932161
348808,0.0103437444480222
107075170,0.13081445746027
101929237,0.0134224851965348
89,0.131526113772441
102467212,0.171437369631719
100505989,0.0499117462968908
100422687,0.0996158349795007
286189,0.0402419221072167
100505545,0.0152643844692303
100507639,0.0111658338983268
100421142,0.0310619747051902
100421485,0.374803538826287
105374524,0.0070474104382352
101928443,0.0136273381928503
645852,0.0475538868142473
100421364,0.0376577034343075
441369,0.829673370459899
643783,1.25234292903546
105377441,0.0394476217259577
100418707,0.101462368225262
646576,0.19233241404895
102723313,0.78176026122192
125775243,0.18153447501312
342184,1.10479935067781
100873236,0.0262325134658017
100526740,0.0282481437700031
100506169,0.907430208774344
109729144,0.0238073990491231
100507291,0.501354916519017
101929470,0.0528497930137067
124901016,0.106794119855082
100418744,0.594887056678489
338095,0.313895592919804
124901165,0.430947940863395
101927096,0.0763706752693144
121232370,0.451168769811577
391647,0.518997741665005
100421664,0.123843276378059
101927953,0.511752945895724
148898,0.507611567951372
106479028,0.167192797265528
23354,1.60612198953695
106478943,1.15306271446852
646616,0.431190482278659
100288683,0.403776488397155
56138,0.0790279102152443
389273,0.0244143296379668
105379132,0.0140368959186701
107986208,0.0276439590910099
100506229,0.0256268862991105
107075297,0.807572114277408
345041,0.280802933544676
101928857,0.0744674501196066
267020,0.0970237498872507
643714,0.109355807799742
105378976,0.149815296571039
100422562,0.135252207441062
101060498,0.0816766944344988
441027,2.83483313881585
101929095,0.501134405018386
53409,0.085634128532859
107133524,0.157086722449401
400084,0.119884565199712
100887748,0.109173093423369
100419185,0.349425163005487
105378992,0.0534361704016004
101928924,0.119343261883879
101928176,0.0211723261778742
101929081,0.0949814066654706
101927040,0.0914418297097786
101927592,0.0035309985040075
100507584,0.23444054474992
100885776,0.809266609574332
101928858,0.0816766944344988
100270680,0.0565566131007352
105375095,0.515978870855432
440101,0.253924774488216
101805492,0.0156731530012164
100996645,0.0284494427319338
4671,0.249789755946185
391803,0.059471517423572
107075166,0.0510881989588056
106479035,0.0422244019181622
285419,0.0150599263207783
388569,0.993670873124535
285638,0.0970237498872507
101929743,0.0294552189612712
645108,0.0420263638480368
121232375,0.731990070710022
100420926,0.0140368959186701
100422188,0.220543331574443
109864269,0.036063467897197
101928776,0.0105493414072734
100421807,0.0201566492701331
100506465,0.0045667467349953
442497,0.0126025784990239
101928539,0.0066344685557293
100129917,1.42723025108843
100874439,0.32401556963088
100292680,0.0481439722271771
107986178,0.0062213260747212
101929577,0.0884493778801894
121232368,0.834642250663094
124901073,0.10219982932161
100874366,0.927719428610169
79273,0.150684352667124
340073,0.0540221383132408
106144599,0.0694986479199568
106479027,0.178686403225395
645348,0.0203598820990786
442114,0.15085805279077
729558,0.0123974780415539
100421154,0.0304597993916931
574538,0.0150599263207783
101929199,0.0097266548872287
100506462,0.929122855188835
163050,0.229887525251903
101929109,0.0171022935190702
90342,0.629340231127533
100507388,0.0080788886488122
101926904,0.149119384289228
641700,0.926957915385334
100421805,0.135252207441062
285692,0.331934259048962
105379100,0.0596654842894622
157381,0.0822431961241168
101929215,0.305073986379092
105379054,0.0888240246898696
105374104,0.268903746875228
100420053,0.582590421497882
646723,0.299040637766914
100421796,1.34636340762323
100131940,0.0992460334971177
5820,2.37539556210645
100874374,0.545510327779316
106480789,0.0586952005206574
100288866,0.0646929135332517
10016,1.36406894646058
100859921,1.78791249957045
100422561,0.18103260301996
284865,0.0706479226552025
653125,0.025020825205399
646241,0.0068409645610921
57733,0.241454318250322
283847,0.341275860124973
6981,0.963378722285416
100271386,0.131170362808316
25907,0.959220238680341
85003,0.582787286407851
100421141,0.0374585887741673
101928174,0.0058079828238362
401136,0.0126025784990239
641364,0.0043596979037672
124902629,0.10404061055807
100873193,0.0201566492701331
374887,1.23660010646142
255187,0.116450284130402
101927237,0.214145460426475
642797,0.821006091421932
100506142,0.393137027390045
56139,0.53967922030375
101927414,0.0664261626900539
285500,0.138256204616383
100874364,0.486656253322227
728488,0.374803538826287
389223,0.433611566612738
728167,0.472688847046456
100526693,0.029254159459327
107986412,0.376370112746811
100874298,0.0850699324727219
100874441,0.167703320633072
440119,0.163952002695106
100874204,0.169572495028208
102724832,0.352257074134249
100289133,0.593725133572711
100874275,0.0639214260144302
101927495,0.0759903776592968
101927359,0.0022864348041153
124901067,0.322617911022926
353511,0.502236295330482
10744,0.137903364772905
101928223,0.0604409028617613
106480732,0.459968873391518
100128059,0.123124926797672
105371824,0.217190838480678
101926926,0.139137639219655
107986281,0.0266360241092229
283140,0.213502847386064
57604,0.338128881273417
255403,0.894847270284205
389203,2.03023387143809
729212,1.05836246093861
105379057,0.083940390516352
105377623,0.308215722939551
105377595,0.334004676831785
102546227,0.0274424681999785
100506035,0.103304789680298
643401,0.0144462560950847
106480291,0.226890323464877
100419356,0.259101225698498
2994,0.0142416006900836
132391,0.302924587275316
101927124,0.250250272046083
100507043,0.0440046509270564
391714,0.0146508621545966
107986453,0.0384536920503017
124900792,0.0086971754034013
729249,0.522753707618305
57481,0.0376577034343075
391632,0.0600532833173621
100130448,0.0219839916622789
101927808,0.0300581105554705
402226,0.0650783906040881
100874363,1.15214034243051
728564,0.703000510255196
100873913,0.153978341456371
400916,2.22776859666564
111082983,0.0503040803202519
152756,0.220065264966587
401172,0.0717956175864252
285634,0.0213753154909553
101929227,0.0043596979037672
391703,0.223881801310651
1018,0.213181347148669
27239,0.422408959246514
391739,0.0973945447953161
100418737,1.29465023452655
101928978,0.0053944386314874
101927780,0.0660413065929845
90423,0.947311235677554
100420307,1.16177095029456
2738,1.42823717191691
101929176,0.0080788886488122
101927659,0.0248187083181388
100506791,0.054997842915243
100506272,0.0183253569229505
168330,0.036063467897197
339874,0.575168219444326
101928595,0.732703006459961
101929071,0.01219232802879
111082989,0.0461754078434364
359819,0.283455541278529
345051,0.325968052585667
285708,0.0097266548872287
728535,0.41785578539967
124900637,0.0082850342053478
6414,1.77535761519686
100507249,0.0097266548872287
400043,0.97128481193333
100288073,0.146155117141967
105369187,0.0126025784990239
101928877,0.0076664475141711
112488740,0.0447946653885956
100505806,0.467049778932872
100874443,0.0880745620036581
728723,0.168213522886445
100505841,0.0084911297831118
107075195,0.0719867467506061
105374648,0.44524339155889
100418792,0.194968321469421
389322,0.532323173895546
121952,0.109721115265514
100288172,0.132947576137209
104326058,0.155534015426354
100508120,0.436145266908444
101928532,0.0553878071845259
54570,0.0168982779780871
100873939,0.0758001637739616
105374088,0.0091091168566818
100421806,0.193980867709362
105374642,0.0338664618273812
100505616,0.595273939147767
105370401,0.0553878071845259
100873907,0.185704654675442
100128961,0.127961642715893
643014,0.0394476217259577
100499177,2.051999104471
28878,0.899702573816869
102723557,0.0579181636361618
100422445,0.378583907987207
100750326,0.124202215877155
101927023,0.073704942137793
100132066,0.0350655380227658
403271,0.0274424681999785
105377329,0.517921017713405
642909,0.137020599151987
101928734,0.0652710625303166
102723828,0.0400434172142254
101929709,1.39446669668243
100506674,0.689462664829548
100128494,0.435422231668888
101927934,0.355748794215813
101929529,0.484290330674094
100422024,0.0166942133416963
9432,0.0272409292764164
103752589,0.481123833351985
619351,0.0635354152782802
641339,0.761600411752287
100302736,0.0288518968796068
123706549,0.0520673186640733
91948,0.0016634701178795
645853,0.627033817062853
103689917,0.26424391833909
100874109,0.160011553507071
729305,0.0146508621545966
107986237,0.103304789680298
731424,0.0731326033913595
25850,0.974603363380928
100873235,0.295861550239592
442247,0.0142416006900836
644974,0.289902074182013
56604,0.203801236926985
100132036,0.0671953437318986
121009647,0.471771129278748
100286946,0.129745813935983
118425,0.01219232802879
85358,1.40703330752526
101928865,0.445005389038281
338096,0.0376577034343075
109729150,0.192662374972558
100420406,0.337717454330837
100506827,0.30378506014156
100420532,0.0344662129356738
152641,0.310066246097769
100506258,0.148074401441677
109729133,0.267253417044983
162972,1.37266011920286
101929338,0.0475538868142473
105377489,0.0744674501196066
100506305,0.0812988122919001
107075126,0.0471602662673416
402220,0.0794068242501354
541,0.218629344999603
646890,1.37622676547739
100507487,0.906764635254276
100421429,0.0168982779780871
101928893,1.12108794998374
105374716,0.0103437444480222
106481734,0.164635351283272
100422204,0.108624707531728
107075171,0.0538268611423806
26645,0.0276439590910099
2297,0.406036952412946
100507091,0.0906947274148189
267008,0.0304597993916931
100526739,0.0588893471988714
100131366,0.328887547854481
101927379,0.0144462560950847
100873257,0.089572811643912
28893,0.819966506521265
105379109,0.010754888621307
100506526,0.0346660352741282
101927565,0.0465694896604753
28566,0.207857862197957
100420298,0.0508922379282558
3031,0.0691152046135907
441046,0.0773206608342586
100507437,0.83970771788629
101410545,0.0197500372972908
105374676,0.0058079828238362
105377443,0.0696903035798559
100132965,0.0382547653609949
105369360,0.046963386855558
56137,0.0195466581122431
100421311,0.225624961385223
101927305,0.0066344685557293
390667,0.120605749496627
106480840,0.0912551171776534
106480615,0.217830494561375
106481495,0.561609609778856
124907582,0.163268078590531
100147768,0.915780287132047
106480203,1.42410077715486
106479071,0.608397870329249
106479091,0.782274820113009
100147828,0.601531171926278
677776,0.338128881273417
106481513,1.56105351271765
106479072,0.353467550810544
106481181,0.266802725398136
106480008,0.40339908327294
100873640,0.217830494561375
100873477,1.07634819318606
106479733,0.232716604719211
106480081,0.224991526000587
100873275,0.478285001574764
100147834,0.353467550810544
106479584,0.18153447501312
677772,0.912909377807974
106479672,0.540828359826662
107105253,1.61730658833839
106479824,0.724738635819257
100616437,0.274875896069334
107397391,0.175828262431046
100151672,1.579852748994
106481187,0.175828262431046
100151681,0.594887056678489
106480835,0.594887056678489
106481980,0.164122893763621
106480124,0.991405658809655
106481525,1.38880371791874
106481527,0.245169792620687
106481601,1.06488589830542
106479620,0.412653557047847
106481866,0.76703676224159
100147836,1.73596281911388
100873577,0.340182719802318
677775,0.38776052329144
106481643,0.17464843968899
106480409,0.899702573816869
106481163,1.07634819318606
106480314,0.581900962876814
106479218,0.0964672461846826
100873708,0.535379807589316
106481309,1.37929450386157
106480070,0.232716604719211
106481419,0.613127177284896
106481172,0.421181100802521
124900382,0.18153447501312
106480569,0.637489555244622
115409986,0.329858262686089
106480686,1.13960122176226
106481561,0.673925578117107
100313780,0.245169792620687
106481224,0.236785360833274
106481331,0.226890323464877
106479885,0.535379807589316
100147766,0.915780287132047
100147827,1.52440671207524
109616975,0.17464843968899
124900224,0.34671833762388
106481779,0.223246978697894
106479544,0.193157062901807
100873302,0.338128881273417
106479208,0.08431707500591
100147746,0.915780287132047
100873325,0.645274330594903
106480212,0.173466894741469
100873296,0.565553145387826
106481865,0.633747236255375
124904115,0.865745812414913
106480833,0.358156832154763
106481367,0.223246978697894
106479953,1.29449528002363
106481623,1.07689718305566
124900312,0.145805671023461
106479992,0.32401556963088
106481602,0.247483145330008
106481960,0.200214358457645
106480114,0.230674390413359
124900397,0.45034206262084
106480921,0.659704875298306
106479618,1.3523139162311
100873648,0.5021261813119
106481278,0.228784605339793
106481383,0.771533198322873
106480009,0.216070206609754
100873870,0.216070206609754
106481208,0.224991526000587
106480036,0.184039167240528
124900314,0.221339473426536
106480572,0.216070206609754
106479614,0.557644145757668
100873684,0.701592480405006
107057644,0.805802318593376
106479085,0.594887056678489
106481351,0.409539777773582
106479622,0.673925578117107
100873365,0.24083337584261
106480630,2.04285469426777
106479802,0.669681518805912
100873316,1.81382743016032
106481804,0.575665457262608
106481362,0.28639237520262
26813,0.569575239662233
100873710,0.221339473426536
106479902,0.409539777773582
106481276,0.400373012250853
677681,0.888086195937634
106479625,0.234753587043714
106481935,0.245169792620687
106481780,0.219586911868952
106479923,0.845734136420003
100873689,0.26424391833909
106481542,0.429004765244695
106479554,0.734837275472735
106479865,0.391732587959562
106480066,1.06805109747252
124900394,0.478285001574764
124900411,0.147377001960521
100873694,1.28913731687213
106479977,0.228784605339793
106481395,0.234753587043714
106480824,0.850382583082839
106481919,1.41417578744873
100873410,0.209474780431935
100873623,0.669681518805912
106479876,0.758179919679698
106479822,0.57357471371803
106481451,0.799820404789529
124904809,0.187864660276894
106481287,0.978443366809439
106479217,0.110451245488528
106479737,0.76703676224159
106481943,0.550058886424451
677763,0.793566607291653
124900437,0.394538859946623
100873372,0.918103232877865
106479001,0.85506326488206
106480863,0.505203093290223
106481354,0.626294148959654
100873596,0.245169792620687
677679,0.434698493723104
106479903,1.64253642484001
106479663,0.40339908327294
106481566,1.37654496629323
100873603,0.223246978697894
100873543,0.191837218964394
677774,0.150684352667124
100873732,0.804027708106454
100873279,0.217830494561375
106480912,0.085634128532859
106480030,0.232716604719211
124902337,0.669681518805912
106480104,0.230674390413359
106479644,0.226890323464877
100423036,0.266802725398136
106480852,0.218948661567567
106481411,0.524997956594621
106480107,0.780729935259732
100313886,0.28639237520262
100873286,0.219586911868952
124900426,0.204776700352736
106479093,0.524997956594621
106479120,0.0886367224100169
106479785,0.734837275472735
106479881,0.400373012250853
106481550,0.234753587043714
124900564,0.127961642715893
100421357,0.0797855659595778
100507403,0.0708393147493007
105379224,0.0538268611423806
28380,0.319393672737791
28416,0.428518179604841
100505659,0.0400434172142254
28798,0.105326723309871
124901995,0.0551928477150357
26025,0.316719997701522
100507420,0.435422231668888
107986494,0.0835635353418218
106479020,2.05758430930188
100286997,0.481123833351985
100130612,0.0372594270725486
101926956,0.160183275252927
442730,0.0769407965432616
100874323,0.0164900995891271
28897,0.0820544050747075
338097,0.0662337567877756
101927963,1.27231484745452
105375924,0.128497301456039
345430,0.11970417031913
100288001,0.0262325134658017
106481680,0.11318349351592
28431,0.126531508402931
28406,0.167703320633072
100127983,0.304501394118264
112441434,1.20082883891239
28463,0.2610715145288
168455,1.30221896362471
286135,0.0064279224007442
100422614,0.0465694896604753
28591,0.373757358787233
100419614,0.0322650387162132
3206,0.519105326025793
101928093,0.0320646470462866
100507651,0.0031163460570424
399474,1.40905230856928
56100,0.240211946894603
647174,0.117355432003351
149466,1.81833723185081
644660,0.773323243520579
100422265,1.17151187144154
122965332,0.0848817820027076
392266,0.129567571269748
28374,0.0973945447953161
107986474,0.335244260688749
619344,0.349154910284944
55000,2.16891341066164
28899,0.0805425329522405
388610,1.5788346323381
105379194,1.19128863829982
101929897,0.0238073990491231
28594,0.466934245036967
100419416,0.0246165431357565
101927845,0.0994309548859968
105375706,0.0398448655326076
28929,0.428518179604841
106480003,0.539051641498546
100750225,1.26207535603028
28441,0.143180048388379
102724551,0.0600532833173621
28812,1.43326548468792
100507341,0.105510290447963
100419979,0.0461754078434364
105375826,0.0959103684817372
56110,0.224674619415423
101929450,0.0845053532862342
28939,0.267553734738871
100420746,0.606782612068246
124901880,0.016081724652309
342538,0.629432328995401
105375744,0.409539777773582
100422546,0.0260306859239784
124901121,0.0573349127789155
93668,0.573674412671791
107075116,0.48089713068681
105375750,1.77447251488916
56108,0.223881801310651
28421,0.416249426313536
152138,0.0882619910836516
101928016,0.216070206609754
100128993,0.0744674501196066
100422441,0.134189336852005
101409258,0.487330829077103
105375781,0.0485371324516474
105377716,0.0304597993916931
347051,0.457047125565754
124902013,2.30929819419837
107075113,0.0670031148207685
143244,0.358290389798254
105379350,1.12631876338131
102724710,0.0115765804481612
101929191,0.99382859595133
346702,0.965750270904285
124902018,0.211894052625716
100505718,0.0113712320035829
107986952,0.0677717653179942
105375679,0.0542173700425294
101928136,0.168893293658576
3498,0.282425039389023
105375623,0.194145527518697
101926977,0.50618934303826
28470,0.36175471487019
440138,0.820936837574894
28362,0.101093391034403
100507316,1.32535286726743
552889,2.37354690188312
5591,2.20709307336089
373861,0.179525113835239
56109,0.409539777773582
105377730,0.0236049920866109
106481281,0.397461577743857
100288181,0.207534086575862
28417,0.263036889697908
107986878,0.106977361309365
28453,0.722089542132372
101928058,0.0113712320035829
9708,0.0696903035798559
100873891,0.046963386855558
100616530,0.178182758872508
100873174,0.0286506937617837
28824,0.1250988793227
124901990,0.0296562306312831
440695,0.12114622315791
100287016,0.466356303672171
100507156,0.0867613730983522
56106,0.660145495285136
105375645,0.941956357264828
157376,0.0056012358560772
56105,0.173804655004492
101927459,0.0062213260747212
28446,0.482029943706586
100128833,0.0232000328901817
100093626,0.167703320633072
56103,0.327359666175908
28415,0.27144746091716
100419977,0.0422244019181622
101930275,0.0520673186640733
105375666,1.01779088146921
8641,0.042620338349058
285593,0.393137027390045
28443,0.0729417365234151
137075,2.32290745378432
105375726,0.735152886115192
105376541,0.923902514176786
100856811,0.031262604438497
101927752,1.76740593701713
100630920,0.160869799734704
28920,2.05960525422718
339324,1.89154636493428
105375878,0.0306605722017031
644937,0.291796596737495
106479037,0.732148566395497
3499,0.102568313484256
107986962,1.54134430330574
100422268,0.0296562306312831
3540,0.103672781969985
101927392,0.0761805481519545
28469,0.0782695646180464
28411,0.20217282435688
286186,0.0187326529005272
4067,1.9942990347018
54984,2.24616609566235
28922,0.270101814525391
107986980,0.0031163460570424
401463,0.0225922306114602
100128750,0.3233170563686
107075128,0.0240097576149657
56099,0.468780616461494
927,0.0262325134658017
106478942,0.534011196800974
124901122,0.0225922306114602
286178,0.0219839916622789
123466212,2.2700238919555
103164619,0.964813777890957
28471,0.555704244963911
28407,0.314178497218857
391850,0.0453866897349848
728888,1.35167463403876
101928154,0.0658488120877697
56104,0.420812349975519
101927039,0.0998006737938156
101927115,0.117717212784645
28427,0.13948994736026
105375624,1.13684561383664
105379301,0.0105493414072734
56112,0.0752292615879394
105375635,2.07247111285634
101929415,0.0035309985040075
3527,0.0831865093464727
101927513,0.684464534887844
728638,2.37827908464621
105375903,0.197431665013872
105377728,0.0242120678044732
101927815,0.0078726930921942
442893,0.25925296131722
28383,0.151378931219585
107986951,0.0606346453732357
104326051,0.17683817166592
124901882,0.62610910920802
441355,0.015877463426456
100133311,0.0402419221072167
78998,1.42163167686183
101927141,0.0219839916622789
28393,0.779697994705319
100419574,0.626479139598149
105376550,0.0268377072511832
8596,0.029254159459327
386593,0.0629560650472485
100049587,1.75811407111464
59351,0.158808484775876
100130268,0.022997480615535
111082977,0.608397870329249
390197,0.0109603861112779
100133315,0.373102764223959
91056,1.76754449058366
403255,0.0422244019181622
105376114,0.893488472796962
390225,0.103856716718738
100506082,0.107343722316254
105376554,0.0244143296379668
100420015,0.841923965904146
29082,1.13988835541869
100127938,0.212859717645121
100507384,0.0035309985040075
89858,0.440588527920646
123706543,0.105326723309871
90024,1.81491297465339
105376607,0.0326656794165476
132430,0.326803321813842
103695435,0.0590834488965626
54551,0.230988918716259
101929517,0.0386525717956126
100133309,0.0744674501196066
644169,0.967783586989296
283106,0.15259302132939
123466203,0.0731326033913595
387820,1.6959026047616
728975,1.1264447270916
100422558,0.145456075290178
387715,0.032865928486596
81325,0.0489301088118718
221122,0.0168982779780871
388015,0.025020825205399
105369482,0.0209692882026594
100420018,0.0162859366995967
348156,0.031262604438497
129810502,1.78068605011678
8790,1.69246175706499
109729147,0.156569482489693
126568847,0.0489301088118718
100507392,0.64347170551075
643709,0.0126025784990239
100423062,0.630168673628609
101927702,0.277696827083708
92312,1.25100064630434
100131842,0.0876995769262763
729561,0.566862820887877
120883619,0.0074601518934053
100289518,0.629432328995401
2228,0.0256268862991105
767557,0.0746579682411712
340357,0.0213753154909553
692247,1.44018885826534
5003,0.965530048280925
644030,0.114092234949886
100287896,1.50163483896482
387751,0.758941553741589
642799,0.637489555244622
106479051,0.372840768490936
84769,2.07353666878409
105376671,0.172114443173016
105369528,0.0332662841654657
503838,0.932385249968795
100420020,0.117174481993116
101927503,0.0538268611423806
100499484,0.453172653886944
100422398,0.0752292615879394
103695364,0.0455839386189831
128071540,0.281835571473318
107075154,0.0463724718392014
729991,1.57507665172505
619383,0.650743509697708
392194,0.112455778548313
283299,0.0652710625303166
106481729,0.245787347854087
101928823,0.0179178651438874
10072,2.1938549655133
100534593,1.2937508722548
404734,0.427909501144602
3846,0.39428417481785
55845,3.00021819179978
100128233,0.0205630661837875
100287579,0.0782695646180464
105369317,0.0324653828330247
100129129,0.373626484963864
57653,0.0076664475141711
100132923,0.183372008694856
105369557,1.81895125091386
101928896,0.0372594270725486
101928837,1.37196521825776
57132,2.33648887806755
101927828,0.728095184342091
79301,0.0288518968796068
105376620,0.0168982779780871
124902718,1.28876149597398
493861,1.00228518033003
100287520,0.0296562306312831
100532732,0.167363007422608
255512,1.68480261000205
109703458,0.0698819152678692
100874358,1.1964687779741
102723644,0.0177140457770852
101928944,0.0985059346638177
100130274,0.0404403802309502
109731405,0.0298571944893556
100129032,0.140897664497433
388112,0.0696903035798559
127138868,1.46784614723079
106480346,0.0627628591308276
8587,0.114999975663909
283194,0.0561671921294347
105369525,0.0475538868142473
399959,0.439630069255671
253665,0.648328059537687
107984365,0.10293663356108
105376662,0.0136273381928503
100526771,0.140194108785078
171391,1.40593319520434
23741,2.97302897956301
81210,0.133657384064197
100421860,0.0334663908138561
124902694,1.22396824720037
101928424,0.753284678824023
79400,0.133125085756639
107075265,0.052263005646635
341230,0.103304789680298
105369318,0.0579181636361618
100500938,0.0276439590910099
107984359,0.24300455003093
101928813,0.129389289874984
101927708,0.447381986147104
107984322,0.0244143296379668
100422399,0.104959466672018
105369413,0.235379301880427
8843,0.316860947924899
255480,0.337443047367327
56145,0.0936791088254262
55096,1.10914194464136
101929089,0.395429581783856
401677,0.138256204616383
105374419,0.297019083555198
124902632,0.353467550810544
102724064,0.753207904007583
101929549,0.0633423431029015
105375743,0.337854621104413
115482722,0.0710306629776471
123466204,0.531900549383075
100507144,0.06565627325421
81488,1.621349781245
729960,0.0209692882026594
403312,0.0078726930921942
81343,0.0350655380227658
283177,0.0270393423001977
107133511,0.0290530521054448
286103,0.147028078610212
91893,0.943670405968523
100420899,0.76703676224159
28693,0.24083337584261
254559,0.830765715769938
26534,0.071221967357895
401258,0.204289116922066
54661,0.0436093653522559
731157,0.214948001224658
101928317,0.096838290181438
84983,0.428639855758516
123706542,0.0126025784990239
100873980,0.477260327696232
9865,2.20127423572643
400046,0.0837519842731955
23642,2.4113245915929
100885789,0.0805425329522405
100130776,0.730244141881246
124902897,0.0213753154909553
101928554,0.0551928477150357
105369723,0.184039167240528
101927922,0.107709920892978
105379407,0.996189524710549
196475,0.015877463426456
79549,0.0066344685557293
347265,1.00873036921205
497189,0.0671953437318986
100419928,1.21503637431686
259295,0.731990070710022
100506649,0.868838877277481
100288543,0.0729417365234151
100874249,0.203313060051116
283487,0.524250647865194
103752584,0.0716044446446561
107984475,0.0719867467506061
283320,0.0252228938178094
101927901,0.0173062599854029
1548,0.125636408067992
102724265,0.0227948798627598
101927540,0.545406615249898
643668,0.13259244153535
390282,0.0479473231186116
338413,0.0845053532862342
100422582,0.109721115265514
645328,1.18428094280484
101060038,0.926606133244364
1519,2.29155230992867
84334,1.51312433040398
10597,1.60893122335232
161582,0.326942445510891
160410,0.0232000328901817
9668,1.96468315054019
100132520,0.0394476217259577
112268105,0.641754855547664
102606463,0.192992200703362
100996671,0.0396462670429822
100507203,0.010754888621307
105375015,0.182871277703912
259293,0.016081724652309
100862680,0.0150599263207783
101928940,0.0254249141756302
100874356,0.134720944513396
7556,1.5949158001073
90649,1.18447047393461
101929027,0.0608283430685188
85027,1.80514632674915
400011,0.106610837745808
654370,0.0561671921294347
105369807,0.0290530521054448
3145,1.93151303345241
338412,0.0113712320035829
7768,0.693753730363494
100270648,0.117898043586341
22970,1.13304001915832
100420356,0.0374585887741673
105370635,0.133479989705537
124902888,0.0128076294222381
51802,0.390581556219058
100419700,0.124919624893862
102723895,0.0047737452018541
259290,0.309497324157816
27164,0.0037382490083226
101928200,0.0128076294222381
11232,1.69103393387716
100422382,0.0740862832627668
100129361,2.0045389387015
100506691,0.0852580403731478
28692,0.563533545528541
101060006,0.177846821597863
79290,0.0495192289370227
100996246,1.24860991528725
101929384,0.0350655380227658
28516,0.0621829736100838
400087,0.0346660352741282
107984440,0.294847296513561
100996333,0.217030844404432
124902904,0.356016728939658
100009676,0.988654983645092
105369378,0.459852225060869
100420583,0.029254159459327
387837,0.0140368959186701
105369804,0.101462368225262
100132172,0.0187326529005272
266656,0.0962816618610842
59348,1.93026233343466
105369332,0.493485614178838
5222,0.0195466581122431
100421622,0.045189394581304
123466205,0.031262604438497
101928943,0.297163654394491
101928290,0.874279574791833
246744,0.059471517423572
56242,1.69176214648348
100130111,0.256364981379205
388327,0.899518877592558
127138859,0.0540221383132408
400013,0.150163030160434
160728,2.52394797044814
105370024,0.0461754078434364
390297,0.0412337454202869
105369323,0.454113784621702
100129128,0.0820544050747075
338414,0.187864660276894
124902683,1.10117010372541
350383,0.0168982779780871
3240,0.17481709113341
105369691,0.031262604438497
100287837,0.744941436681351
105369635,2.44764660314164
57189,1.7807308285434
26065,2.69282338170737
283948,0.687857094085278
105369739,0.13631370066278
100287148,0.051479983874231
574028,0.0039454490619983
100128191,1.06712192269606
100506606,0.514248136690256
101928685,0.155534015426354
283459,1.80003236979836
105369848,0.185704654675442
256021,0.410038851033195
100422296,0.181367218991527
101927653,0.0123974780415539
100288798,0.383638336262925
100506551,0.0925612234809782
105369911,0.295282138271995
101926933,0.686332530435837
644584,0.204451677668282
267005,0.0152643844692303
100381270,0.0086971754034013
459,0.123663747828285
8972,0.0637284429094406
283335,1.01271751874748
120766144,0.783889390706701
2342,1.26411258318481
644746,0.0388514046163894
105369791,0.0933066477599419
729747,0.427056516731066
102724663,0.0266360241092229
100127967,0.0066344685557293
100420981,1.3743932891883
644998,0.0891985025665453
100287944,0.163952002695106
100652999,0.0113712320035829
100873924,0.0920017153720052
124903398,0.599803961870143
105369865,0.271895497979454
128385372,0.200050937148015
100533757,0.025020825205399
101927318,0.0173062599854029
90589,0.197759541309304
105369984,0.194968321469421
112935960,1.01950610699071
400036,0.0111658338983268
379025,2.01425439429225
105370431,0.0162859366995967
105369954,0.179021991902692
100506125,0.741902764621672
109729127,2.17862956426695
100128678,0.0199533676763937
120766146,0.769288801577461
100506844,0.756577639628732
151534,2.24526784388577
255783,2.21845347782269
10330,1.28530413331959
93432,0.0675796689626678
105369908,0.0358639763576893
100420011,0.292233142029438
121054,0.119523735885593
124902964,0.0207662015448037
101929084,0.0162859366995967
101927292,0.0091091168566818
101927038,0.0156731530012164
728698,0.251323767726425
120766150,0.221339473426536
101928062,0.32135785334959
105370000,0.053631538511365
102725045,0.0053944386314874
100421413,0.984772319969259
100873341,0.031262604438497
101929110,0.0254249141756302
101929058,0.0209692882026594
100294713,0.0465694896604753
105369900,0.0175101773978301
401717,0.386474749442783
105369758,0.223881801310651
1523,1.89524927698103
100134934,0.0211723261778742
100533970,0.0921882600032804
100422374,0.0981356370534185
106480680,0.119162748298756
255411,0.0404403802309502
106480199,0.312762941932412
102724178,0.0346660352741282
282790,0.0916285002418245
101928937,0.0756099064785592
105369779,1.64418726444989
100286844,0.255908016735438
130075,0.0132175827499873
102723757,0.042620338349058
102723619,0.492147166042949
105369897,0.0934928992017695
643246,0.931105636554658
100420186,0.036063467897197
101929162,0.391093342326679
105369736,0.366129211027781
102724933,0.242694746112255
105369893,0.009520858735307
124902995,0.106977361309365
23601,1.38802661881073
105369980,0.0109603861112779
390345,0.234753587043714
100132126,0.0310619747051902
101928731,0.199069710455529
283404,0.0356644376201233
91612,2.07286770979706
107984548,0.0588893471988714
124944,0.3233170563686
100128674,0.0195466581122431
283440,0.0691152046135907
101927267,0.0130126308322217
105369921,0.0209692882026594
100418983,0.04578114125236
51750,0.154842971653662
100532746,0.0714132279076869
100506999,0.009315012732202
147660,0.573175777879439
105370509,0.0412337454202869
81116,0.0270393423001977
64146,0.0374585887741673
100419503,0.18103260301996
283624,1.39615343608619
100422493,0.147028078610212
105370404,0.245941661443102
101929718,0.0936791088254262
101927129,0.0350655380227658
283553,0.0213753154909553
246777,0.129567571269748
64150,0.15155248342787
101929002,0.0195466581122431
319117,0.0324653828330247
100422225,0.104224463503951
145200,0.398981989968045
100506071,0.0286506937617837
105370460,0.0706479226552025
101928969,0.444767310180947
101926928,0.893612120913625
105370524,0.0465694896604753
100652792,0.0981356370534185
101929107,0.238188934556376
102723742,0.0080788886488122
283592,0.0072538062085478
100506498,0.022997480615535
390502,0.0288518968796068
100885779,0.0070474104382352
145370,0.154842971653662
105370479,0.889083192716598
101929080,0.157775864700324
641613,0.204776700352736
100529063,0.289464223096241
100529257,0.0193432301006561
105370458,0.0530452976713926
53840,0.09665278895269
105370455,0.0103437444480222
105370526,0.25300774946036
104355139,0.089572811643912
727914,0.0687315852068485
196872,0.782935805225388
105370645,0.01219232802879
100129794,0.758637004941539
128653,0.035464851664874
105370622,0.0276439590910099
100507118,0.233187141084176
102724814,0.362684737446192
319085,0.0342663432615378
101927620,0.025020825205399
101928767,0.131348257581024
145216,0.123663747828285
112268124,1.00990881485266
100506172,0.0033236975274522
122592,0.10183118094478
100420292,0.0475538868142473
645687,0.0308612972995617
100131369,0.0213753154909553
105370625,0.415754468421392
390441,0.24856040053746
283092,0.0262325134658017
6038,0.330550882940382
102724190,0.15051061553008
100421646,0.0350655380227658
4157,0.987274959310039
319112,0.0897599029245919
283587,0.105326723309871
100132612,0.0086971754034013
2227,0.0524586470199822
105370623,0.142127432245064
90799,2.02236227765334
124905956,0.874725564129095
102724380,0.0388514046163894
145195,0.0884493778801894
400236,0.954697243545128
105370525,0.231303322713205
100288846,0.257734289836551
10381,0.141776258746249
100418877,0.198906056090084
100128939,0.0666185243177208
100533179,0.0499117462968908
388021,0.332072460166234
326276,0.0422244019181622
101929422,0.244860834333613
100526835,0.240988657031606
161159,0.250710520110987
100506476,1.10475575980372
283547,0.111180730269128
112268136,0.135252207441062
100528030,0.0388514046163894
123466206,0.48901455231858
317774,0.165659296928695
400208,0.0999854713451175
28652,0.0775105280642577
401744,0.0434116529118274
100132142,0.0687315852068485
102723809,0.792482304638984
100506321,0.283455541278529
100130933,0.375717766208552
100506433,0.0082850342053478
145820,0.205588681229591
102724015,1.41663246847168
353163,0.057140405596366
100506411,1.51376927390124
101928909,0.220224652319882
319099,0.1272468869287
404718,0.0826206497668653
120766138,0.051284114267885
101929586,0.0627628591308276
124903564,0.219905845781098
102724587,0.0540221383132408
105370802,0.0113712320035829
128266842,0.0561671921294347
3690,0.993565701767228
645405,0.356953761605919
105371022,0.174985707443646
643664,0.0621829736100838
101928227,0.165829829028472
109729174,0.520931817139425
100507480,1.13415950555512
100130855,0.479762565005363
105371964,0.0130126308322217
106480806,0.194474746081945
105370781,0.0362629122582597
109729181,1.36008887960361
101928694,0.01219232802879
728121,0.0880745620036581
100420707,0.018529029376588
100533106,0.472115407646522
100505573,2.05932198352154
645204,0.0152643844692303
105370921,0.207857862197957
101928988,0.162069824011441
101929457,0.0350655380227658
107984761,0.591298294251742
100287243,0.132770028068318
100130660,0.0729417365234151
100996492,0.132059451005708
646956,0.0306605722017031
105370906,0.180362955010794
145694,0.610482697994384
79178,0.810604966248881
112543478,0.0899469520555108
107985879,0.564947866396284
102725022,0.130458397610706
101927631,1.23039026631068
197003,0.0332662841654657
283692,0.0215782561623971
645486,0.0207662015448037
390601,0.579433116949755
102723165,0.0322650387162132
100996876,0.0262325134658017
107984757,0.249328971537643
26589,0.504874045903181
101929560,0.264997372636285
100419668,0.230359737718341
723972,0.202661695187666
100996338,1.50118031111931
101928414,0.0064279224007442
145978,0.0138321417599086
101928850,0.0290530521054448
102723335,0.192662374972558
414899,0.0602471155158791
101927751,0.308073192108112
105371018,0.154497229720915
651053,0.0136273381928503
645693,0.479876100578546
100289303,0.0625696085978943
105376713,0.236785360833274
100420100,0.0916285002418245
642366,0.0076664475141711
253044,0.0099324012091867
100506686,0.968825105119765
100132644,0.0334663908138561
390714,0.20737214969269
105370969,0.559985417609879
105370809,0.0933066477599419
7190,0.202987443710311
100131623,0.877077747720509
102723699,0.0240097576149657
101926895,0.266802725398136
105370769,0.0068409645610921
100132824,0.175828262431046
105371027,0.0816766944344988
283710,0.416249426313536
105373223,0.0091091168566818
102723640,0.0818655711838594
101929977,0.988601963718083
146429,1.10174004266517
100505942,0.454583901548814
101928188,0.364541387539058
120017342,0.0225922306114602
283486,0.0080788886488122
101927650,0.0972091680864421
100420642,0.0453866897349848
102723670,0.11844029781928
123706547,1.1905393227261
101927793,0.656169732841223
101928363,0.291796596737495
115409980,0.715623907964788
105369971,0.173128993530049
100422492,0.0282481437700031
729652,0.213502847386064
100418951,0.204614205474604
791114,0.0022864348041153
100509620,0.622583991980626
105371049,0.708603547835007
283888,0.0508922379282558
29890,2.19799394106528
140828,0.0049806933258769
100507588,0.578740576967063
105447648,0.551602952829111
105371708,0.015877463426456
100288911,1.43662136070777
3217,2.16000681356171
647979,2.8704173578295
100506655,0.0970237498872507
100194426,0.184039167240528
474170,0.12114622315791
101928736,0.748662445958655
105371240,0.183705656893983
101929224,0.507720854671408
729597,0.397968722553168
101928698,0.0561671921294347
101929440,0.192662374972558
105371279,0.440468788138026
124903667,0.85892697806851
100302666,0.101646795135895
646665,0.287710360355146
107075134,0.113001624972295
101928611,0.0538268611423806
111082978,0.0288518968796068
101927460,0.0035309985040075
105376323,0.748043717867816
399693,0.0022864348041153
102724163,1.034922358993
729313,0.238033104408532
23732,0.0445972313113895
100134229,1.82836500991217
119863865,0.718702820145653
100527963,0.0268377072511832
119746555,2.24298853877425
100288763,0.0598594062479726
105371416,0.748430490224505
100507303,2.65818617554544
729739,0.0910683626288553
100505619,0.0162859366995967
105371129,0.125994565263373
119863864,0.011781879253164
105371414,1.193642431984
100526831,0.0066344685557293
650474,2.22805195449239
101060321,0.189025347776694
101929408,0.0215782561623971
100418960,0.0491265280900879
4360,0.907067256217775
124903619,0.0396462670429822
94086,0.325410703903337
119863870,0.600188153008246
80072,0.64392280188188
147429,0.0074601518934053
100131080,0.0581124904196997
100861549,0.239278889746858
105371184,0.208181507038274
101930452,0.122226106239053
642658,0.473834385992521
101928167,0.0985059346638177
101929387,0.139137639219655
100289092,0.455405888063801
102723510,0.330827756885505
106480804,0.108075957165901
100506581,0.180530419052839
124903753,0.574073068566468
106144584,0.615009995980333
111082973,0.0532407567944813
102723322,0.161212844662453
100127965,0.0370602183099194
105371335,0.0600532833173621
105371423,0.453054928361145
101927809,0.266802725398136
124903770,0.0211723261778742
123706523,0.783889390706701
282566,0.215429139313264
102723166,0.204776700352736
124903659,0.120605749496627
101929124,0.0320646470462866
100419016,0.0334663908138561
105377205,0.0276439590910099
102723647,0.532956646178017
105371251,0.0646929135332517
123706528,0.342776392431603
388248,0.0477506279872771
197187,0.574073068566468
105377342,1.16476194273265
100653233,0.0173062599854029
100421431,0.109721115265514
100132234,0.0434116529118274
119863861,1.50022856191184
124903624,2.38319413708083
100131118,0.0294552189612712
342419,0.317283644693796
100505915,0.212859717645121
101928276,0.0596654842894622
101927410,0.0076664475141711
124903732,0.0445972313113895
440346,0.122405948971871
101929634,0.13259244153535
401613,0.0227948798627598
150967,0.947141050278638
115804232,0.241764607210111
107984643,0.454701384124321
100996478,0.016081724652309
283932,0.842259096211117
123706545,1.04827221281268
101928446,0.0134224851965348
100128905,0.0286506937617837
283902,0.0101380977223869
129810500,1.23790939396099
283854,0.181701696408689
100996425,0.0041525986866217
100287559,0.0777003520403405
343702,0.0140368959186701
9236,1.28797768785798
103344931,0.976823776980512
105370791,0.0386525717956126
100131250,0.180697848393311
644242,0.172790951267048
101752400,0.792554647309908
105371074,0.27099916815796
105371046,0.24300455003093
101927957,0.0342663432615378
119545627,0.108441831261244
6818,0.11008626111996
100996255,0.340456150726752
101927087,0.126352566356986
115830329,2.03988690941676
101927155,0.507611567951372
100507421,0.632464741450439
101927863,0.678486683529203
107986266,0.153632232210088
100506070,0.122945241276883
105370941,0.470622369702958
400406,0.0286506937617837
83481,1.79655240117686
342443,0.0136273381928503
107984827,0.110633677154773
119545626,0.18919102391088
102724344,0.28639237520262
102724362,1.96815307662433
129810495,0.513164325750304
100507599,0.952901180463528
101928076,1.04097906581164
100505853,0.0113712320035829
105371115,0.127604342605156
728276,0.0619895891189751
100507290,1.70577545111375
23246,2.16919210093274
102724940,0.0084911297831118
653075,0.0132175827499873
105373058,0.151378931219585
100287036,0.196447232976195
101928392,0.0254249141756302
105371374,0.691064460265604
105371286,0.0342663432615378
401720,0.0497155105434259
105370868,0.373888210079549
105371401,0.394538859946623
100128079,0.0925612234809782
111082974,0.151725998691835
105274304,0.104775777140435
100421528,0.0300581105554705
100652740,0.0246165431357565
728178,0.222134821697511
101927288,0.183538850032236
5175,2.45145752383565
100128881,1.75402374210033
102467146,0.073704942137793
101927227,0.0493229014588557
101929480,0.406413036837664
101928035,0.0072538062085478
100529145,0.226257893639977
119545629,0.339224944693243
102723692,0.155534015426354
100128822,1.95168920924462
347688,0.679429530076042
105370887,0.0983208065549586
102723385,0.0792173887819751
119545623,0.195297203563565
112806053,1.53961041183777
284648,0.670289423514483
284215,0.107160562124483
100420066,0.13948994736026
100419017,0.170081522887999
124903523,0.0479473231186116
101929164,0.0066344685557293
105375538,0.142127432245064
340393,0.0816766944344988
100507050,0.327220617684011
440366,0.0091091168566818
124906033,0.899702573816869
8139,1.3394055560892
101929144,0.0084911297831118
128193289,0.345632925870224
107984714,0.159152400353361
102723548,0.370478736181664
102724907,0.305360124389833
728310,0.196611388713941
145788,1.54109698905954
101927726,0.0156731530012164
123706507,1.68899411073962
102724097,1.19031433194697
83482,0.0596654842894622
3250,0.472000666094352
727701,0.0326656794165476
146336,0.0068409645610921
337873,1.26483363182066
105371653,0.0199533676763937
653061,0.0308612972995617
107282092,0.0314631865193807
283867,0.310492663971103
100128882,0.618012007173467
119139906,0.0506962311574882
100508631,0.0074601518934053
342374,0.223881801310651
100506083,0.285805890005605
100505817,0.0109603861112779
100129654,0.0310619747051902
728498,0.14528122128287
101929536,0.0445972313113895
100287616,1.26952963492513
197331,0.442740551732152
728138,0.698184571053801
148189,0.977850016370993
1201,0.0193432301006561
100130602,0.0288518968796068
730183,1.06085833443745
8190,0.0232000328901817
100130950,0.439270328504358
105371798,0.0666185243177208
400627,0.0746579682411712
56107,0.203638544304087
100507003,0.0128076294222381
124900372,1.34686890101581
124904072,0.227838027674123
101927727,0.449987476964204
100506388,0.132770028068318
26102,0.0320646470462866
107075203,0.187200659182042
400500,0.0402419221072167
107075169,0.0850699324727219
119139903,1.15214034243051
283875,0.264696077451182
283887,0.594693535776589
107075217,0.0342663432615378
119139905,0.76703676224159
101929726,1.14867814289598
102724927,0.671156925360356
101928738,0.443575769341998
105370109,0.276064893344208
56102,0.258949460877317
100130370,0.172114443173016
79585,0.961940302076947
107075232,0.0394476217259577
4321,0.138256204616383
100129781,0.61735641747123
100507501,0.831038513818482
105371055,0.412653557047847
643669,0.569174051829746
100421621,0.0376577034343075
644253,0.363082971728615
100128007,0.876950825211575
127460882,0.200704422956811
110806279,0.0422244019181622
56111,1.03472595222026
101928766,0.0696903035798559
10418,1.40274446255911
101926896,0.596047067461999
119139902,0.152766315216847
100421173,0.096838290181438
101927788,0.0583067721494003
6182,0.907188263739492
101928855,0.0891985025665453
147646,0.358156832154763
101927911,0.147551407712286
107075172,1.96331937513445
100533619,0.164976810024047
92002,1.99727805635402
101928266,0.0191397532419228
101927131,0.0581124904196997
2969,1.11168886313011
10780,1.33652188314251
119139901,1.49879744359489
124903629,1.12328731594
100294362,0.867745133476696
100507458,0.914047355415671
105371083,0.133657384064197
105371062,1.13133586127592
644397,0.010754888621307
100820829,0.76424865364068
100287461,0.157259062738087
645443,0.102568313484256
388363,2.40801897936089
101929566,0.737515236562364
102724508,0.315309082604939
202020,0.972048041259891
653505,0.0404403802309502
100616306,0.772652544900982
100616311,0.223246978697894
100422881,0.295861550239592
101101775,0.286831950557591
100616350,0.827757313488422
116435298,0.404153704353314
100616276,0.292669443244294
220158,0.0563619252247972
106481051,0.165659296928695
100289255,0.0483405753318879
106481111,0.937535115896132
100616224,0.482595694448063
100847057,0.378063595534051
10929,2.33050788833629
101927539,0.0191397532419228
100847086,0.608397870329249
554282,0.518351899485699
9641,1.70063779024541
106481029,0.0947954893080635
100847020,0.557644145757668
102723641,0.605830720600693
106479522,0.52627726104567
106481020,0.10219982932161
100422861,0.256821681598718
4477,0.917924851040924
100616404,0.283455541278529
106479394,0.0996158349795007
106481126,0.107892959309522
100847010,1.55827171396971
400655,0.0058079828238362
100616269,0.551911366791006
104909134,0.0097266548872287
105371907,1.06507255842861
201477,0.0207662015448037
6030,0.887649514737852
100422953,0.821213808601757
100500844,0.238811949383932
105371956,0.0082850342053478
100422942,0.292669443244294
339290,0.78183379426754
112268184,0.338677108312578
106481047,0.0903209239347336
100500878,0.327915609696862
100616479,0.999583582835625
100287042,0.796377424727842
100616420,0.28050764386497
100616204,0.312762941932412
100505576,0.584065575305349
100422656,0.270849680372496
100616214,0.335932056757271
100846995,0.409539777773582
100873345,0.0510881989588056
106479532,0.0891985025665453
200030,1.56048749592426
440712,0.605735460426365
106479362,1.6690505187177
106479265,0.0947954893080635
100616304,0.551911366791006
100616429,0.283455541278529
100847024,0.312762941932412
106479274,0.0871367817651098
100616241,0.312762941932412
340811,0.0567512557756906
100616469,0.530101625118166
106479346,0.304930877856553
106479294,0.0999854713451175
100616309,0.331934259048962
106479389,0.249789755946185
100847075,1.61257428569158
100422851,0.711714566483506
106479416,0.0920017153720052
105371722,0.516410909288474
106481134,0.076560759028747
100422928,0.681140472235596
100422943,2.31609214899186
100616262,1.44421854635091
653268,0.260011201718364
100151683,0.475549353893711
728113,0.0465694896604753
104968399,0.515222183167364
400657,1.20123355037869
106479526,0.708767642995549
100129878,0.507502264792043
128667226,0.287564027265202
106479496,0.170251127831315
100131655,0.88118896568089
100616417,0.28639237520262
106481853,0.188528114923824
100847030,0.372840768490936
107075224,0.129745813935983
106479277,0.221339473426536
388677,0.0710306629776471
100423020,1.13902652084719
100616116,0.312762941932412
100422947,0.699100569175882
140735,2.59567181012866
100422986,1.37654496629323
100616380,0.309212706704858
4622,0.0268377072511832
100616117,2.02817414144726
106479426,0.097765173807287
114515521,0.0557775902066152
100616432,0.295861550239592
100422879,0.738300837648945
56957,1.79401032717002
106479233,0.0992460334971177
100847035,1.39045760102252
106479373,0.244551755489812
100422997,1.16929681805345
113523640,0.521789749215274
100423041,0.461949080753147
106479230,0.301488346876243
100422981,0.327915609696862
100616482,0.724738635819257
100847051,0.865228838899729
101927688,0.536535833563214
101927150,0.666197411123297
100616261,0.254382888076708
100996758,0.0276439590910099
100616158,0.309212706704858
503645,0.973191101671053
102724246,0.451168769811577
100422957,0.348884562206765
100422909,0.272194047426621
128385369,0.519535503614557
100616164,0.919053743142158
100846993,0.236785360833274
106479372,0.0921882600032804
100652770,0.0645001083526856
106481975,0.56817009115838
100500908,0.266802725398136
100500814,0.254382888076708
100423011,0.28050764386497
400612,0.0225922306114602
100616359,0.299040637766914
102724397,0.18553826054892
100847059,0.761448763700466
106481094,0.0875120208953502
101928251,0.0056012358560772
692209,0.272194047426621
106479317,0.307502806997814
106481092,0.178686403225395
124904048,0.562217729533566
106480989,0.36678982893385
100507410,0.0262325134658017
100500904,1.41447121911462
2702,1.52292676345053
100422936,0.28050764386497
102723167,0.0590834488965626
100616428,0.692998446826949
100506779,0.469586950565039
100616247,0.581900962876814
100421589,0.161898500427602
100847029,0.238811949383932
94151,0.0567512557756906
100422987,0.283455541278529
100616132,1.30359193273885
653145,0.0740862832627668
100616343,1.20810525605682
5949,0.0436093653522559
123466215,0.739790942912947
105371734,0.057140405596366
9939,2.28831769534755
204777,0.0621829736100838
124903956,1.25953454238037
100423039,0.519857969075371
100616476,0.331934259048962
100616126,0.681140472235596
106479477,0.092934019355804
342705,0.0372594270725486
390834,0.0658488120877697
106481152,0.18153447501312
100422965,1.34315054161999
100847008,0.375456670633888
100287932,2.80546517638847
100616322,0.28639237520262
106479302,0.167192797265528
100847049,0.256821681598718
100422975,0.58827737766422
100422979,0.312762941932412
100616208,0.66409843220395
100616485,0.256821681598718
100616266,0.299040637766914
100616227,0.283455541278529
100500850,1.92497533524961
105371941,1.31674362973975
100500917,0.750592276753228
100616249,1.11529571247207
441263,0.115181403890476
729950,0.031262604438497
100128006,0.0219839916622789
27246,1.98296317123822
100422850,0.28639237520262
100847055,1.00621205585009
100132417,0.666110081548941
100422846,1.05443250944755
106479460,0.30235040930155
100616121,0.418965865718633
106481087,0.0921882600032804
110091775,0.163097007540298
100616225,0.505203093290223
100616374,0.36295025006811
100423017,0.514897646423186
645668,0.0959103684817372
106480998,0.0912551171776534
100500894,0.30235040930155
100616318,1.38029549068554
101929693,1.16259899227954
6139,1.31444982839225
100132972,0.360157748707031
92659,1.89647041989182
101929511,0.113001624972295
105371855,0.0111658338983268
109617012,0.802319530924095
100421100,0.179860354549044
100422948,0.491365270550372
106479459,0.41785578539967
109616974,0.126352566356986
106479359,0.0871367817651098
101927521,0.180697848393311
107985181,0.0342663432615378
106479384,0.30235040930155
118738,0.275767812929035
101927989,0.922959368086832
106480935,0.0871367817651098
100422860,1.97832550722882
9554,1.98665782202492
106481025,0.097765173807287
100861412,0.587788920638912
100423012,0.486993618929007
100500857,0.224991526000587
101927018,0.369821312451518
100616258,0.627495711231176
100422841,0.949745417490297
100616284,0.594887056678489
100616425,0.486993618929007
100500802,2.19818621369338
106480378,0.0869490986322006
100422887,0.299040637766914
400643,0.0111658338983268
646595,1.11259269064829
106481080,0.0858221088259321
100130480,0.0442022240997431
100287082,0.0645001083526856
10628,3.07296974884799
101927496,0.539051641498546
790952,0.0258288102084853
100847064,0.299040637766914
100500854,0.94389858728766
100128893,0.0254249141756302
100616194,2.33697340075127
23380,1.53857853059181
100616292,0.608397870329249
101927275,1.21111217120978
284167,0.714648692852073
57597,1.24519084726985
106481079,1.00970403334886
105371773,0.641392870836523
83593,1.89271893026396
101927557,0.0920017153720052
100422945,0.798172904400858
100847028,0.850382583082839
100419893,0.206886142615545
252841,0.260011201718364
100462813,0.0805425329522405
100847080,0.658557942272337
92335,0.869545594054118
106481140,0.0871367817651098
100422944,1.2321667213871
5408,0.0506962311574882
100847018,0.367845627396129
100500870,0.699100569175882
100423037,0.932385249968795
100616430,0.478285001574764
400660,0.183372008694856
101927481,0.42204081328413
136259,0.0888240246898696
106480489,1.38670284117659
101060542,0.0205630661837875
124903916,0.094423529467826
101927666,0.0089031710875008
106479410,0.265147976990959
124903957,0.299761351548054
100616114,1.67466253055411
100500826,0.203313060051116
284565,1.7275621791517
102723567,0.531689144134205
100996361,0.0318642078034075
100500889,0.206237674414799
101928235,0.456695738353397
100616294,0.76703676224159
105376843,1.2204270386735
100422892,0.272194047426621
8031,2.60720633119452
100616328,0.269503008974023
106480952,0.517382054669266
100616349,0.569575239662233
100423029,0.699100569175882
106479303,0.236785360833274
54460,2.76570040417414
2662,0.297452715618942
107075129,0.0246165431357565
100616490,0.28050764386497
100500828,0.482595694448063
400644,0.009520858735307
100423001,0.486993618929007
100616163,0.383379953010772
100533997,0.0205630661837875
106481690,0.440827949639855
100616149,0.675391887230187
100616283,0.299040637766914
729391,0.0123974780415539
100616468,0.474063279736173
100616352,0.28050764386497
100500812,1.04812818508038
100422873,0.299040637766914
84815,0.940982950949646
106481825,0.308358227609368
80022,2.0646345860309
100616286,0.312762941932412
100847016,0.632464741450439
100616285,1.16538961302944
106481066,0.0867613730983522
100847001,0.274875896069334
124904242,0.0608283430685188
106481091,0.578740576967063
645545,0.0183253569229505
106481117,0.0845053532862342
105371712,0.0677717653179942
100505592,0.686586861218633
101927571,0.817186110546771
100616323,0.967783586989296
100418889,0.10293663356108
107985305,1.41141008993904
100422690,0.0936791088254262
101927720,1.05670843856359
101928063,0.0775105280642577
100419704,0.0445972313113895
390876,0.672109911612199
400654,0.0171022935190702
108783654,1.25897197568276
80755,1.01179974886752
101928674,1.45078699063595
106144598,0.494376551906965
105372348,0.059471517423572
101927017,0.0396462670429822
100128568,0.912969322986352
101927229,0.226890323464877
124904332,0.0528497930137067
124904695,0.217030844404432
102724684,0.0171022935190702
105372069,0.0388514046163894
100505549,1.02736336031371
342892,0.94748137418101
102724339,0.0596654842894622
729654,0.80424091634605
100505715,0.308927984840544
100885848,0.749435049183701
100133957,0.234597081311967
101928514,0.237721352310038
101927511,0.133302556941214
339201,1.62072387879954
100418865,0.0207662015448037
401914,0.394029403740415
147727,2.23329266200248
284385,0.689884555336453
100505495,0.701509563997985
100129975,0.734837275472735
124904611,0.0294552189612712
101928710,0.157775864700324
100507218,0.255298318753209
100507373,0.563128937714642
101928602,0.354273472688706
158062,0.0162859366995967
400684,0.603254149738806
108903150,0.17481709113341
100421620,0.0831865093464727
110806298,0.985625439288022
101927322,0.14528122128287
100421451,0.0264342928541542
100288123,0.98434531117767
100996660,0.103488806295834
100128016,0.0378567710724885
284408,1.15049238957121
126170,0.158120217057401
112267992,0.505093427368581
728485,0.174311031346234
100130522,0.522432530940295
339524,0.169232965466414
118827812,0.126352566356986
103689912,1.12417314175922
114108587,0.1822031529649
105372126,0.0103437444480222
105371795,0.557542176954901
100996288,0.0356644376201233
105372397,0.0999854713451175
100422497,0.310776812401717
80054,1.29946236145607
728538,0.057140405596366
101927755,0.108075957165901
728752,0.577254280654331
103091864,0.213181347148669
642290,0.0671953437318986
148145,0.015877463426456
100421166,0.144931400916602
400617,0.134366577733776
645744,1.29222781308769
647946,0.395556741989347
118827811,0.822804100026276
124900424,0.0201566492701331
101926967,0.544056985979935
101927943,0.512513260863759
101928982,0.235848264810662
100422317,0.111180730269128
105371786,0.0538268611423806
105371828,0.0569458532680942
386758,0.735073997394136
100507433,0.231303322713205
100533852,0.018529029376588
148046,1.38263231077145
23591,0.0338664618273812
26974,0.84058169646512
100422407,0.041431969987866
100131036,0.421181100802521
101928886,0.0322650387162132
100506713,0.0416301479021601
9294,1.65529556671136
283994,0.0573349127789155
100873202,1.51622026867914
117751740,0.726978196728984
112268243,0.0392489295621294
100996351,0.179860354549044
105371899,0.130636446855533
342732,0.882196881666889
101927151,0.420935287109962
100271602,0.0495192289370227
284260,0.103304789680298
100128144,0.227838027674123
123706506,0.0168982779780871
118827809,0.046963386855558
105371789,0.140194108785078
106480418,0.096838290181438
101928104,0.0575293748341413
400622,0.0215782561623971
390860,0.114636999340892
112812,0.0579181636361618
1986,0.247021015259454
7767,1.39912994189463
100288122,0.0833750437052461
124904256,0.103304789680298
101927572,0.516626831923846
101928844,0.255908016735438
100506374,0.425714141139537
100505474,0.0166942133416963
100652929,0.0128076294222381
100129556,0.0534361704016004
110175910,0.0193432301006561
105372107,0.110268773482143
400685,0.0773206608342586
106480240,0.372185383912457
124904642,0.290339679910652
100132174,0.0691152046135907
440335,2.22527037952315
55957,0.647162048362993
4730,1.56220172526956
4701,0.558255652987272
100131691,0.942528234734327
105372476,0.690643300305504
100131496,0.124022765722675
646698,0.224516118861227
56936,0.853023791492222
105372266,1.25837568039692
100505812,1.32456267333553
100506033,0.328748774506696
390937,0.267853937799064
149013,1.45183910025675
100421702,0.354541924741873
111644147,0.912009510552766
100126270,0.0113712320035829
100132479,0.0675796689626678
106481694,1.47902336689195
55879,0.025020825205399
101928571,0.131170362808316
11254,0.356686155183594
105372321,0.898415572654089
100289361,0.0475538868142473
100132796,0.0623763134303502
147670,0.317706110782448
105372429,0.0604409028617613
644100,0.0142416006900836
100271873,0.018529029376588
110806301,1.98434773796166
653486,0.0606346453732357
100421707,0.175996668205466
83598,0.0350655380227658
29057,0.105143115389858
644656,0.901902753862643
100101266,0.629340231127533
93429,0.0189362275154237
54553,1.17783681983757
100132686,0.0916285002418245
105372267,0.0623763134303502
105372482,1.15121646981506
100312828,1.08812914719497
163007,1.85948204764966
105372430,0.0146508621545966
100418834,0.433369811766415
100312849,1.03541309297472
100312825,0.213342113419943
56157,0.0193432301006561
100073347,0.0520673186640733
101059948,0.253313542763282
400680,0.457164217531915
106480265,0.481690283548173
101928295,0.815162853701401
100421699,0.416620430339446
106481695,1.34142323393064
100130086,0.0274424681999785
107985265,0.230044960544958
729449,0.138608892401161
100312832,0.19923333149162
100312835,0.0368609624667365
91370,0.156741932338775
106480283,0.499920396946577
112268252,0.0914418297097786
100419847,0.106610837745808
100128054,0.122226106239053
503538,0.78249522226127
79160,0.630904240065443
100271846,0.81892525318359
100289341,1.49256800224725
100421698,0.354004926387737
105372316,0.0126025784990239
106481693,0.0463724718392014
388523,0.215909987982621
123497957,0.108807543305086
100130490,0.0352652184723042
388630,0.293976884814094
100129976,0.0340664262320136
441179,0.479762565005363
100506542,0.0154687933557568
115290,1.29113725182365
105372435,0.267703850593388
200298,0.36295025006811
122394733,0.0436093653522559
107985274,0.338403043655793
101669766,1.22262526651778
100271624,0.0563619252247972
100505851,0.634204697328347
100129195,0.405535213767082
79917,0.937707964120813
8517,1.01113604336095
100293516,1.94784603651746
100312830,1.52116464440354
100128139,0.241143907822274
732229,0.0816766944344988
100507567,1.71828660710085
6689,0.213181347148669
104472717,0.844266219077062
106144526,0.288441615041299
100421710,0.135252207441062
100507551,0.75810370820632
391769,0.129032610840784
147664,0.299329003342691
84548,1.19850525835721
100418836,0.0886367224100169
646557,0.164122893763621
100505761,1.52090671670433
100418835,0.140897664497433
100422633,0.0623763134303502
106144593,0.454113784621702
100421701,0.525637892117546
389727,0.0197500372972908
112268241,0.38686071103408
23619,0.051871586053616
400818,1.18621115748418
110806280,0.618573452263964
100421700,0.172790951267048
401612,0.511426852568559
100887072,0.199887482580332
10984,0.246866911925363
122539214,0.818369234243295
102724105,1.60861809401537
646862,0.10404061055807
112398,1.05784312431528
100533184,0.0199533676763937
112903833,0.855719776051515
124904535,0.408540635418495
100507423,0.120785946840467
102238594,0.340319447427017
101928601,0.0154687933557568
101927972,0.740730354140793
440173,0.0209692882026594
101928659,0.596915823898479
100529215,0.233187141084176
101927837,0.675133354814999
105372097,0.0473570995805846
101927931,1.00831993408688
152217,2.38654236051501
101927950,0.0652710625303166
28863,0.486993618929007
106480282,0.13383474003178
152048,1.02086471264437
646745,0.0422244019181622
100289404,0.379363708347648
107075261,0.228469204477848
728841,0.864193632769151
107075221,0.0590834488965626
105371745,0.517382054669266
729565,0.791903275733387
100421695,0.510338815388899
554313,0.106610837745808
127379697,0.214466573411307
100419046,0.251323767726425
100533676,0.158120217057401
100287745,0.633747236255375
100533631,0.0934928992017695
106480280,0.0481439722271771
117751734,0.343048901735536
101928550,0.0138321417599086
105371242,0.151378931219585
100288198,1.10818936648875
256957,0.213181347148669
100289371,0.539365499402674
100420535,0.0420263638480368
100420898,0.0979504261429475
81363,0.0272409292764164
28307,0.368768251846518
28435,0.0759903776592968
106480285,0.258949460877317
100127906,0.0366616595234452
124903031,0.641030697001881
390597,0.0372594270725486
127379754,0.0964672461846826
401492,0.76718713688106
28439,2.04253514175316
107984970,0.13948994736026
100422200,0.137550372755663
105374811,0.508812818661687
100418968,0.411658552176636
111082965,0.197431665013872
401913,0.692494458224433
25832,0.62434877767946
9383,0.0348658102965977
8148,2.62402734923657
106481692,0.164635351283272
106481731,0.272194047426621
359780,0.140545962298171
102191832,0.0706479226552025
246176,0.411782999949919
100132534,0.0735142061810224
146853,0.182704298338963
101060040,0.0579181636361618
338005,0.011781879253164
105377633,0.901170215538183
100419006,0.0304597993916931
100130664,0.133479989705537
101929053,0.265750106382509
100129640,0.0378567710724885
319140,0.139666044552042
100127892,0.0432138940104846
8370,0.488902424604063
91608,1.01738658556846
100421415,0.488790279695056
107075117,0.687010535178456
448990,0.644734035644954
100631247,0.353736285781017
100421537,0.0782695646180464
127379742,0.497264610533881
100418814,0.404781977690657
339929,0.638126477068414
118732298,0.926430167597031
2753,0.0477506279872771
100420041,0.32009573861269
127482536,0.108258914477887
107984508,0.509467209973581
441294,0.145456075290178
100527978,0.24083337584261
106481966,0.30378506014156
106481715,0.114092234949886
101930085,1.58941619260052
388255,0.320937377290198
111082968,0.0548027927666294
101927811,0.959665154202091
127379725,0.127783012098814
100652909,0.0070474104382352
133395144,0.0763706752693144
107075165,0.474063279736173
442205,0.0610219959658159
106480417,0.0931203544834532
107985049,0.108258914477887
100507032,0.410412938455383
107126287,0.0677717653179942
503643,0.261525497986006
340307,0.0103437444480222
101926940,0.312054193765089
439957,0.242539798732235
101060226,0.0078726930921942
118827814,0.720398309888485
100128397,0.238033104408532
106480690,0.367845627396129
118568802,0.246095944964931
100132406,0.400373012250853
79148,0.794649118838431
6352,2.65476147431031
100421704,0.394029403740415
100420658,0.0497155105434259
105373509,0.321077561385925
106480286,1.74873823926297
115308161,0.228626920528103
100418892,0.652616372357401
100874393,0.025020825205399
105369490,0.0777003520403405
128077,1.76253988181535
643447,0.400120290022012
284021,1.59106261411073
127379685,0.22941503241767
338758,0.52435745359763
100131953,0.0316637209677261
100422710,0.0175101773978301
105377023,1.10020431425803
117134601,1.10445053180029
106481696,0.0463724718392014
643031,0.11318349351592
100421705,0.0461754078434364
124907880,0.0740862832627668
107075207,0.0714132279076869
105371455,0.0164900995891271
106480925,0.236004524282617
729096,0.481803521088127
124900922,0.530101625118166
106481206,1.15975493049325
285804,0.0138321417599086
389332,0.390709535238398
101927352,0.051284114267885
105370158,0.114636999340892
100113392,0.25925296131722
101929623,0.213181347148669
101928965,0.317565314370426
118597835,1.31211606453109
407054,0.365335712775618
105374758,0.906522433340202
105378083,0.199396919210256
100873378,1.27844962992233
118597843,0.193157062901807
101929733,0.107160562124483
102724708,0.650832808882019
106481762,0.0901339590533384
124901355,0.111727420885117
124901065,0.0666185243177208
284615,0.586419442054051
26822,2.04079314869184
404672,1.96419816520097
118597831,0.616606418646181
101927067,0.139666044552042
100129461,0.465314865728239
283481,0.562825331052316
105374971,0.25101720338088
124902769,0.651903499616524
123706512,1.24216014997506
106479514,0.356284569791138
107986571,0.152939572256387
105375022,0.794937486747516
105377858,0.0183253569229505
102723944,0.0485371324516474
101929243,1.75508264216407
101929704,1.30556887711276
105374652,0.349695320427271
11165,0.0352652184723042
9757,1.88195366135034
106481205,0.224991526000587
339822,0.208828404743795
106481200,0.659704875298306
101929352,0.0207662015448037
100101267,1.62070781883073
101180976,0.0148554188895284
100133941,3.23863804700279
106479504,0.0875120208953502
100631383,0.0084911297831118
100873616,0.365335712775618
106479606,0.223246978697894
642361,0.731197029956103
105377750,1.46380334311562
123706533,0.550367966253157
106481129,0.25925296131722
101928450,0.863027014175978
106479605,1.48912673063997
154313,0.0223895328412295
677811,0.90767206051704
105375168,0.347395940622977
401286,0.0060146795562324
100506497,1.16121824801835
389125,0.143180048388379
100507331,0.0366616595234452
402246,0.0302589788495971
152687,1.77489259845368
127138863,0.812361780796393
151877,0.423144707964687
84740,0.0374585887741673
390040,0.009520858735307
8447,0.866649508434225
123706540,1.08204174975222
390041,0.0284494427319338
105373098,1.30447486194527
124904434,1.0260194341896
57717,0.793855451953688
116435299,1.62088444770173
107986100,0.155706684763122
100506394,0.909422701441601
317751,0.0390501905320824
118568819,1.36842276684562
118568811,0.141249215496993
105377466,0.061215604083323
101752399,0.0820544050747075
102723582,0.676339005076266
127379715,0.0660413065929845
84989,0.149815296571039
124900758,0.138432567508923
105369201,0.158464423713218
403223,0.0565566131007352
117981787,1.39256886210282
105377540,0.27293992484862
55802,1.6290000315489
100130705,0.216230393124375
100506286,0.563735763327164
127138865,1.25870703644474
107986163,0.242539798732235
100128560,0.0693069482704467
101927824,0.278881557975095
107985209,0.29571673761893
118568825,0.698434511309035
80039,0.352122458468267
644619,0.171098620559228
26220,0.121686341935808
100129550,0.979359228849033
150590,1.24941922409704
101929351,1.12451024033805
2904,0.0043596979037672
124905013,0.12867577671514
147719,0.0370602183099194
105375591,1.02297199774346
101929607,0.0567512557756906
124901427,0.0835635353418218
101060684,0.599034949694972
105378482,0.246866911925363
124905134,1.27585649471332
100270804,0.820798307691869
107984262,1.06460579713012
124903889,0.0227948798627598
8926,0.338951075304752
440686,0.0600532833173621
107984036,0.710242710482638
123706513,0.565149683219333
728116,0.0084911297831118
100534612,0.0078726930921942
105375519,0.0946095302476571
25786,0.737672430579906
128266843,0.0316637209677261
81356,0.0290530521054448
202781,1.96987297771344
103695434,0.0346660352741282
101929178,0.0555827213422205
101929497,0.25254883747966
105369563,0.12114622315791
105372990,0.17481709113341
118568803,0.0254249141756302
102465137,0.219586911868952
105370169,0.0103437444480222
653404,0.0134224851965348
101929657,0.0761805481519545
123624,0.0039454490619983
8362,0.701841168817595
102465487,0.344545976070593
54883,1.91376412054713
100419774,0.0392489295621294
102723708,0.0729417365234151
102723553,0.0126025784990239
100420114,0.0483405753318879
100170841,2.05791910982177
9326,1.75666022102201
128667224,1.27441045050025
124904756,0.353467550810544
127379696,1.01021585658847
124904641,0.43009842425185
3975,1.38649487941683
116435302,0.752362795867371
102466103,0.247483145330008
23191,2.28048683080429
124904613,0.152246322955713
101928504,0.842928833478398
127379681,0.13631370066278
8339,1.36966001593977
100421859,0.0714132279076869
389856,1.2035457859185
124904917,0.241143907822274
6880,2.27984231370532
102465909,0.869417158435024
79159,0.747966336460095
106479489,0.151899477025274
106481720,0.0258288102084853
8355,0.616793993774167
100131832,0.0234025367070836
105370532,0.199723994742729
388685,0.360024517260745
100133121,0.367845627396129
102466741,1.18188734219907
102465257,0.32009573861269
729438,1.32966337187073
102466732,0.718136707540606
256302,1.2311572852122
195977,0.0998006737938156
124904621,0.388915854444393
30837,1.3306486565885
729877,0.19956047362333
101928796,0.0569458532680942
728226,0.0548027927666294
283683,0.154497229720915
102465436,0.613127177284896
102724560,0.138432567508923
151,0.242539798732235
8344,0.388915854444393
102465521,0.546339488468248
100271251,0.258190198389683
107075250,0.0792173887819751
102724219,0.0062213260747212
26149,0.519427983187211
100422715,0.043016088629042
100129818,0.04578114125236
390660,0.0056012358560772
100129924,0.11136300073123
124904634,0.28639237520262
100130301,0.218469638822162
105372253,0.213502847386064
124900456,0.206237674414799
105378516,0.0455839386189831
102466745,0.312762941932412
101060376,0.821698223424603
81554,2.1799628622148
115891964,0.153805305216018
102466758,0.367845627396129
107985020,0.522646664580189
28454,1.68925650270361
440804,0.0177140457770852
106481454,0.198742368383381
100419855,0.04578114125236
440434,0.0992460334971177
8361,0.06565627325421
102465136,1.09897279858467
102465523,0.876760393848101
8348,0.565250570190844
100510707,0.0189362275154237
107984539,0.19956047362333
102465856,0.66409843220395
6368,0.196447232976195
8353,1.43878366775627
28577,0.450814579686206
729842,0.639489344269894
111644144,0.763266255502018
102465460,0.312762941932412
414059,0.0284494427319338
102465463,0.344545976070593
102465457,0.627495711231176
102465689,0.394538859946623
112577464,1.09566117268003
106481086,0.52114639559048
102466192,0.30235040930155
85235,0.0579181636361618
140883,0.0972091680864421
106479282,0.175828262431046
102465451,1.16417286772718
4302,2.0342366380307
57223,2.26322085944852
11276,1.55794120710451
79873,1.51501641256356
102465469,0.32401556963088
7549,1.18794644493917
105370947,0.0646929135332517
106481103,0.688533585019737
6360,0.143881039990532
28575,0.0641143646112851
100132678,1.27479644189245
102465488,0.32009573861269
105371757,0.0553878071845259
94059,1.41599487710511
102465443,0.518244203081176
102466726,0.34671833762388
105370057,0.122405948971871
102466195,0.327915609696862
6351,1.84392731820393
100419515,0.76763805591506
100861430,0.0617961599388916
107987142,0.618947498585252
157285,2.02545279390899
154872,0.094423529467826
124904882,0.25925296131722
102466906,0.761448763700466
8354,0.0528497930137067
6362,0.394411528122647
8857,1.17306111045912
6928,0.009315012732202
102724745,0.420320399381121
286083,0.0089031710875008
105370997,0.0485371324516474
102724159,0.454936293324108
158434,0.0072538062085478
28419,0.205263987534888
100419830,0.208990047576105
388381,0.196775510943119
101929125,0.0625696085978943
115482720,0.493931218952012
102465482,0.557644145757668
100129722,0.76703676224159
100418753,0.196447232976195
402635,0.117355432003351
389610,0.0111658338983268
127379699,0.08431707500591
100192386,0.0316637209677261
102466737,0.348884562206765
644509,0.0310619747051902
102465477,0.353467550810544
8369,0.0681558255976688
105371762,0.134543780282725
26574,2.35854377958141
8345,1.50062190113561
8350,0.657409096620414
102464836,0.678229317807757
28573,0.559578791163949
28405,0.076750799447613
400658,0.563735763327164
100652758,1.13304001915832
102466657,0.316438020255069
440563,0.0234025367070836
28583,0.487892500867173
85376,0.101277900196796
101927646,0.0062213260747212
57636,1.38336529868174
114791,1.77702072623513
105374989,0.0138321417599086
105376992,0.0424223934120883
378825,0.618012007173467
127138861,0.321638043729965
246210,0.331657782425756
102724594,0.330273909508517
5645,0.0627628591308276
359730,0.26424391833909
102724428,1.49929570059239
11072,2.19745425174786
100873688,0.203313060051116
26165,0.0109603861112779
29128,1.87306275856899
106479482,0.0869490986322006
9560,2.18639005668583
102465857,0.335932056757271
414062,1.57078816884557
102465447,0.782274820113009
102466750,0.331934259048962
100132834,0.0219839916622789
100131760,0.0378567710724885
102465247,0.397461577743857
6029,2.91739485672862
101929494,0.177342653872607
8294,2.19576938148677
146850,0.810604966248881
6871,1.79758649082023
26687,0.0072538062085478
100506571,0.0304597993916931
106479268,0.0869490986322006
102723475,0.0579181636361618
8396,2.29043083410152
100422969,0.551911366791006
406937,1.39451789187558
8331,0.327915609696862
389898,0.0227948798627598
2910,0.0998006737938156
102465502,1.32824014916446
28574,1.60123991294319
102724877,0.098876066768446
6358,0.10238409192168
440896,0.0066344685557293
105371254,0.205101591371193
105370833,0.166170785768819
84055,0.18153447501312
56101,0.709505578941405
28569,0.758179919679698
28902,0.655460523435464
102465539,0.669681518805912
102465861,0.7006798419595
106478940,0.0340664262320136
338382,1.39045760102252
102466731,0.834438801871472
1602,1.15852598850859
100421369,0.434215610776296
390627,0.7434627851835
102465668,1.50136630560634
106480974,0.791758438578601
28401,1.75591366521591
101927697,0.076750799447613
100271604,0.186536110849583
28572,0.274280721069564
102466722,0.563533545528541
653145,0.0109603861112779
8332,0.201030966549971
127379741,0.225941490360051
102465478,1.26483363182066
28576,0.372840768490936
106479502,0.0880745620036581
107984588,0.456695738353397
102466865,0.234753587043714
8367,0.474292102222012
105370103,0.240056513557371
442215,0.0402419221072167
112436692,0.204776700352736
102465975,0.575665457262608
102467005,0.457983342357912
3012,1.43897125437319
102724850,0.015877463426456
102723996,0.423144707964687
441250,0.801463763992318
474384,0.105326723309871
8360,0.455875184866259
284098,1.87256008558654
100287808,0.887587107073546
101928991,0.0256268862991105
619455,0.0146508621545966
8343,0.378323796350898
150384,0.234283977346928
100420833,0.848527242544531
102465470,0.331934259048962
7703,2.17993505437679
106481073,0.0871367817651098
102723471,1.20321605483742
105372703,0.025020825205399
390530,0.543017079361266
127138862,1.4433129494605
101929698,0.204614205474604
80725,1.54452890298223
128667229,0.277252090971602
102465863,0.613127177284896
440435,0.10293663356108
4082,2.76333409682113
101927559,1.55023803969026
106479396,0.609820015916462
93474,1.17990394589902
342372,0.0946095302476571
338328,1.42622131342509
102466878,0.274875896069334
110806277,0.0499117462968908
100312842,0.0396462670429822
4747,0.0138321417599086
102465484,0.344545976070593
101954264,0.152246322955713
101929127,0.0510881989588056
6348,0.71081547986532
105371267,0.97270148035943
440311,0.0489301088118718
102466724,1.10814603017963
100506076,0.0553878071845259
100420879,0.0477506279872771
100418903,0.0756099064785592
102465515,0.331934259048962
28755,2.64495460013846
124903525,0.0850699324727219
102724488,0.559578791163949
102465974,0.266802725398136
100271870,0.043016088629042
8968,0.196611388713941
5691,2.97831239124383
101930023,0.31431991064665
105377155,0.152246322955713
440243,0.0062213260747212
102466198,0.335932056757271
102724602,0.230674390413359
102465446,0.348884562206765
6716,0.0752292615879394
102465874,0.495933080864247
284106,2.25637139476378
100420803,0.0744674501196066
102723360,0.0035309985040075
100462836,1.04475757121995
201299,0.828852898311368
28589,0.883580152510589
11056,1.63557736306443
1527,0.0146508621545966
101928230,0.126352566356986
104564224,0.0650783906040881
102466193,1.07059878224769
7554,1.06981249460666
641467,0.312762941932412
389741,0.201030966549971
6753,0.169063147349782
28817,2.10960314558793
400548,0.0400434172142254
29964,0.184872340656819
123706541,1.2677082553607
80179,1.66758942072585
102466751,1.1604672873494
102465842,1.08457459820798
100631248,0.0162859366995967
79893,2.11671083126028
100420930,0.0619895891189751
7772,1.30808264338417
100507240,0.118620969890508
124902860,1.24559819670213
124902105,1.26904236713697
101929140,0.145805671023461
390332,0.0290530521054448
102465491,1.21879041600312
102464825,0.409539777773582
102465837,0.224991526000587
102465468,0.581900962876814
100420263,0.0575293748341413
105372061,0.0324653828330247
28428,0.207857862197957
100420501,0.0416301479021601
284099,0.0814877748095437
79154,1.24742751505312
31,1.91815179890473
728229,0.462065398283702
10002,0.389044115705936
8346,0.054997842915243
106480951,0.363878817028336
102465464,1.15262176696141
102723859,0.0260306859239784
101928238,0.818577797162397
102288414,0.0886367224100169
79922,1.61340716891194
100419815,0.203638544304087
8359,0.563533545528541
647042,0.235848264810662
8336,0.153632232210088
392843,0.0097266548872287
105416157,1.92595973872193
101929225,0.0795962166369358
103504738,0.327915609696862
100379571,1.03995765857347
378707,1.1978395930621
100289211,0.192497411415927
8357,1.25561759200313
84311,2.43083373244157
28903,0.305073986379092
100133319,0.076560759028747
645967,0.779550442564123
100885775,0.0621829736100838
144486,0.471656334005533
54508,0.791541122849857
101930100,0.0691152046135907
100859930,1.56937386721207
147276,0.0213753154909553
27099,0.0938652766473933
124902453,2.09026492922036
401561,0.076750799447613
100130890,0.4924820080985
102724859,0.0029089440711514
727919,1.01632401172452
124906280,0.0878870906234544
55472,1.27383094462611
64433,0.511861611113703
105372295,0.637398518685714
100132249,0.778147046800787
55451,0.439989636060549
100130148,0.0179178651438874
105377031,0.260162762328908
728945,0.0342663432615378
731605,0.0799748722352531
112268198,0.862702574564862
100129726,0.389685095898542
401105,0.283308409771561
651430,0.133657384064197
100507462,0.277252090971602
728484,0.160011553507071
105379499,0.0300581105554705
106479105,0.483838810808196
641384,1.61188725373475
102724023,0.382086713512505
642757,0.153459122424876
285097,1.25883952223342
102724701,0.0037382490083226
100113386,0.699017347671067
146512,0.0664261626900539
101929608,0.0215782561623971
102723169,2.94219280827706
730668,0.213663549058408
102724200,0.549852759058585
104548973,0.0260306859239784
100507117,0.998697743105952
731656,0.935977309394071
110806272,0.090507846716347
100861563,0.932385249968795
124900476,0.0111658338983268
101929151,0.0168982779780871
126661,1.38388822193716
100505839,0.187366710728405
112590798,0.0274424681999785
102578074,0.0152643844692303
101928173,0.554169015646188
440952,0.118620969890508
79447,1.6830561425596
283267,1.41158338865233
101929052,0.0084911297831118
399972,0.934067994902576
101928469,0.0447946653885956
644021,0.197431665013872
127841,0.269652753139376
285463,0.949745417490297
101927381,0.0581124904196997
101805488,0.319814988724978
283876,0.701675386675835
116828,1.09108225190962
102724737,0.043016088629042
100506901,0.0296562306312831
101929557,0.219427397119987
100506776,0.52787321026638
283521,0.0322650387162132
101243555,0.0278454019696254
101241892,0.550882802962905
102723099,0.434819165563841
144742,0.0113712320035829
100507178,0.329442391666016
124901020,0.0320646470462866
105369885,0.49102991617243
100129716,0.163439113617829
102060282,0.0340664262320136
100846978,0.0384536920503017
724102,1.34720562494155
100506516,1.41856485106418
101669762,0.016081724652309
101154753,0.0179178651438874
101926900,0.103120732107382
101234261,0.0304597993916931
100419743,0.0551928477150357
100506710,1.96842849057412
100775107,0.295861550239592
285796,0.0091091168566818
100507173,0.428518179604841
101929741,0.0960960359655527
284933,0.0074601518934053
102060414,0.162754757317783
352990,0.237877243663263
441501,0.0326656794165476
107987295,0.106060747329644
400752,0.776073423622697
28632,1.13436657773378
28458,0.205263987534888
57289,0.656435498426301
28633,1.24284267177189
359809,0.371660669260836
28631,1.24284267177189
28635,0.899702573816869
105377924,0.122585752379058
28634,0.432402007376466
28637,2.1004503768999
28562,0.298319256286158
107161230,0.198087283905678
101927825,0.203150268397566
124904544,0.0493229014588557
28402,0.803672206211484
140,1.57978260485952
102723170,2.13848519789743
100033411,0.287124863528203
28630,1.53571971601879
100129520,0.0264342928541542
100289097,1.64115614442944
105221694,1.58691836689066
101927179,0.035464851664874
122526780,0.1822031529649
28596,1.69812766623682
100132708,0.0154687933557568
101867536,0.149467414650981
102157401,0.813973871589986
107080108,0.16974220649948
100506319,0.0264342928541542
729998,1.98731050684021
28604,0.8705721470467
107075316,0.035464851664874
105372705,0.579927374356874
105372480,0.769888052773968
57061,0.0629560650472485
100847045,0.394538859946623
100505385,0.0938652766473933
100873232,0.0510881989588056
101929130,0.0138321417599086
100289206,0.051284114267885
100507747,1.30160761683323
100302166,0.848062567913615
107984851,0.0142416006900836
114515518,0.0288518968796068
107986818,0.0742768884659622
111216277,0.0546076972506679
111064649,0.0105493414072734
100422976,0.759626278170834
101929469,0.943270885933376
124900887,0.482595694448063
100652840,0.0223895328412295
124900824,0.402769653907842
100887080,0.471082088789575
100500880,1.05367191535949
100302261,0.899702573816869
124906339,1.35475264522947
100422872,1.85223139139625
112441442,0.365335712775618
107983988,0.0074601518934053
100420413,0.0322650387162132
100996481,0.126173585315438
109729170,0.335932056757271
101927685,0.0829979322484961
103504734,2.67404529498597
100422885,2.81230477929371
124906340,0.418965865718633
642515,0.674357171456705
122455340,0.0322650387162132
692211,0.331934259048962
111064650,0.0209692882026594
109729157,0.0532407567944813
100616136,0.425591987292681
101059915,0.0590834488965626
113391335,0.262281556301114
90332,1.37771002419101
105377068,0.247021015259454
100128908,0.0084911297831118
100616162,1.90704969145691
105372165,0.260768713532699
100616355,0.439390261424602
729732,0.0758001637739616
100847044,0.299040637766914
110806290,0.0404403802309502
101928917,0.0213753154909553
338667,0.505093427368581
102724536,0.378193707093387
102466658,0.394538859946623
102724474,0.917924851040924
105373780,0.124560998675753
100422894,0.331934259048962
28390,0.758179919679698
100847046,0.201683655587212
101927245,0.391093342326679
105372280,0.0621829736100838
101929563,0.0865736051467432
100302237,0.394538859946623
100421372,1.82498190255676
100847090,0.681140472235596
100847042,0.325968052585667
112436690,0.388915854444393
100500853,0.565553145387826
105372883,0.210282017079342
101927844,0.0109603861112779
100616146,0.790163115404794
388963,0.419581866679791
105373244,0.0350655380227658
105371045,0.15536130946066
100996637,0.0719867467506061
112268164,0.294267130008184
406988,1.09415366449729
111644133,0.045189394581304
111188157,0.116087946291009
105375421,0.111180730269128
122455342,0.377542926144533
105378736,0.0156731530012164
121832813,0.2349100619558
105374988,0.0187326529005272
105374312,0.0801641354811421
374443,0.12742563422007
105378644,0.0286506937617837
124904027,0.0260306859239784
645656,0.34671833762388
100130520,0.163610112635495
728743,1.20093924397155
100506022,0.503776144997596
388946,0.0392489295621294
107984345,0.0187326529005272
130932201,0.0606346453732357
112163659,0.0794068242501354
124906284,0.218629344999603
101928059,0.533273173532636
110599564,1.78682142435632
6905,0.598553890013179
101928718,0.150336841365798
124901864,0.0499117462968908
339829,0.11336532195325
255649,0.0242120678044732
220074,0.041828279182458
128125816,0.0453866897349848
254896,0.195625951238843
100507547,0.224991526000587
122513141,2.38924960133396
105376244,0.0575293748341413
107983993,0.102568313484256
112694756,0.6960145607199
101928583,0.0193432301006561
89839,0.48901455231858
124903478,0.055972413796195
101927525,0.0485371324516474
101928292,0.700347668783148
112268208,0.0045667467349953
101929134,0.214948001224658
5143,0.0045667467349953
130453475,0.0168982779780871
100506207,0.102752494025378
101926888,0.48901455231858
100419209,0.471311840665523
108783646,0.268304027618806
109729173,1.07414707784305
102724954,0.120966104722507
643650,0.0189362275154237
145783,0.360823557384113
101928882,0.0086971754034013
149684,0.0089031710875008
105371256,0.0033236975274522
100505984,0.267403590225932
55056,1.5293072851261
105377139,0.0227948798627598
116435296,0.262281556301114
100129518,0.14598041277754
548644,0.15898046074352
132989,0.0428182367483027
728635,0.0936791088254262
112267968,0.0148554188895284
645485,0.0242120678044732
124903342,0.669681518805912
105378855,0.0266360241092229
105369347,1.25194059167622
401282,0.0039454490619983
105373429,0.0144462560950847
124903183,0.0191397532419228
107984273,0.441665318843957
100873318,0.365335712775618
105376479,0.707124897613183
105370500,0.0723688738166034
105371729,0.128497301456039
124902229,0.0140368959186701
124903185,0.116993492216047
124905143,0.0888240246898696
107987443,0.217190838480678
105375622,0.0322650387162132
100505502,0.0215782561623971
285074,0.01219232802879
107984928,0.0205630661837875
105369547,0.474406486755383
124902388,0.129389289874984
105371113,0.0181216355189445
101929691,0.52071717501191
105373436,0.01219232802879
105378268,0.649313150994925
124901671,0.0754196057556881
105378666,0.0221867865316464
102723663,1.4946672897846
122526776,0.298174899770682
646719,1.26829436858775
642934,0.0565566131007352
128125822,0.12867577671514
105375754,0.0955389086838045
105375440,0.0248187083181388
105372432,0.59836137404559
117134596,0.0614091674392234
728196,0.111909570608108
80078,0.0473570995805846
440905,1.29986141952593
100750325,0.162754757317783
105379003,0.0366616595234452
105378250,0.0076664475141711
105373170,0.0049806933258769
107985651,0.0244143296379668
105373682,0.327359666175908
100533195,0.0209692882026594
100996693,0.0565566131007352
117134598,0.0382547653609949
101929796,0.0933066477599419
883,0.0078726930921942
101929059,0.0111658338983268
112577516,0.0300581105554705
124905014,0.58563569000585
124902114,0.534537893535107
101447996,0.439390261424602
117134597,0.0382547653609949
105372401,0.522646664580189
728392,0.529253516793822
105374727,0.140370054462992
100130535,0.0173062599854029
100996717,0.250250272046083
128092249,0.124560998675753
100528062,0.0097266548872287
112268419,0.92124627080588
105372668,0.0201566492701331
114841035,0.278437493718119
102723654,0.0207662015448037
100289473,0.0617961599388916
107984270,0.502896629876967
101928373,0.173635792485085
124901628,0.0725598717535938
105376020,0.207857862197957
107986524,0.0861979419229091
124902473,0.116450284130402
107985694,0.3233170563686
105369363,1.01839681517874
124900945,0.487218442959853
105373085,0.0142416006900836
105373289,0.260920128573069
107985206,0.0164900995891271
124909397,0.057140405596366
105375840,0.0258288102084853
124901942,0.025020825205399
124902301,0.0181216355189445
105376419,0.0358639763576893
105376556,0.0370602183099194
8358,0.232245789728658
100630918,1.58726368843823
124902026,0.549337180912371
124900957,0.0097266548872287
101927857,0.0097266548872287
107984265,0.713020196748892
105379087,0.0358639763576893
124900869,0.0238073990491231
105374174,0.540828359826662
105370728,0.0420263638480368
105379199,0.0999854713451175
101929918,0.109903708386309
124904784,0.190184365999048
124900881,0.0130126308322217
124900989,0.0260306859239784
124901107,0.110633677154773
124901632,0.0424223934120883
124901462,0.0262325134658017
107985953,0.0012479070270007
112268065,0.0658488120877697
116435278,0.0193432301006561
105379839,0.153632232210088
101927505,0.112819716306845
105373508,0.0374585887741673
102724497,0.0899469520555108
124903940,0.0246165431357565
101929200,0.297452715618942
100289495,0.339909191547701
285768,0.095353116336939
105378842,0.0308612972995617
112268472,0.0195466581122431
105375216,0.01219232802879
101927297,0.124740331349873
112268165,0.130636446855533
105377451,0.0248187083181388
105375423,0.486993618929007
124905237,0.0884493778801894
102725068,0.358957827966194
124909384,0.08431707500591
105373604,0.0422244019181622
124909439,0.0256268862991105
107986482,0.183372008694856
124909475,0.288880039565164
124902546,0.16258357811886
105373334,1.4329096774556
105378473,0.0598594062479726
117314529,0.332901146639584
8352,0.322338075676856
340090,0.0459782976541651
123706524,0.398602174265891
101929510,0.041828279182458
124907726,0.335657012091373
107986443,0.992038663270546
29798,1.19609770783001
124903317,0.243623794793028
124900656,0.237721352310038
124900731,0.103304789680298
107986669,0.330550882940382
124902947,0.0520673186640733
124902027,0.132059451005708
107984000,0.0623763134303502
105372502,0.109721115265514
124905142,0.010754888621307
124909426,0.0621829736100838
100131289,0.857554431866902
101929667,0.356284569791138
124901391,0.0719867467506061
124904530,0.0352652184723042
101928868,0.243623794793028
101927278,0.385186787661678
102723575,0.0467664613262632
105376387,0.0154687933557568
107985177,0.0300581105554705
105373422,0.129924017888448
101927401,0.502896629876967
124902031,0.0284494427319338
728158,0.0272409292764164
105379444,0.0274424681999785
105371841,0.193980867709362
105375118,0.0148554188895284
124904503,0.578839552688303
124903824,0.533167679869532
101928463,0.95351916811736
105377663,0.968715555026732
105376473,0.0691152046135907
124904076,0.0443997508881444
119545628,0.237253494497252
105374802,0.0710306629776471
105372906,0.334280312453075
105377779,0.0300581105554705
105372802,0.225783241589969
105372676,0.0276439590910099
105375082,0.0078726930921942
105376030,0.009520858735307
124907968,0.0175101773978301
105376380,0.427665890731847
101927712,0.137903364772905
124901447,0.0130126308322217
124909396,0.695261785686511
105377918,0.0621829736100838
105377035,0.865422753096158
105372180,0.041828279182458
105374852,0.345361332761124
112267986,0.289318218168851
102724482,0.0142416006900836
101928105,0.415259183488493
105372188,0.009520858735307
105371622,0.191672086234452
101928505,0.0207662015448037
100302522,0.06565627325421
124901872,0.131348257581024
124902202,1.13861566576919
124902204,0.703083244542137
124907995,0.0506962311574882
124904219,0.032865928486596
105377727,0.188196455857058
107986742,0.0262325134658017
101928007,0.529783701376297
124902005,1.45014548687707
124902157,0.0266360241092229
107986763,0.0386525717956126
124901616,0.0903209239347336
105369344,0.332763094120654
105379825,0.163781075656825
124902606,0.0719867467506061
124907871,0.0211723261778742
124900774,0.0538268611423806
105372268,0.0489301088118718
101929004,0.0306605722017031
101929174,0.105143115389858
124909423,0.156051913604374
105377224,0.0091091168566818
101929748,0.105693816820032
124906237,0.0336664500279098
105369250,0.293686531565202
124904471,0.076750799447613
105378231,0.051284114267885
105370117,0.0144462560950847
101928045,0.13507515807804
100129396,0.0491265280900879
105379427,0.0099324012091867
124903386,0.262130402670551
100419917,0.0364623094604789
117981789,0.0266360241092229
124902739,0.122945241276883
100528016,0.28653892778617
80111,0.385573406316676
115253422,0.973571647227322
101928737,0.158808484775876
56260,1.31704079797404
105370174,0.297308198412834
2831,0.0064279224007442
122319436,0.053631538511365
5664,0.0140368959186701
101927423,0.823425327408914
