genes,expVal
7105,2.05924974265344
64102,0.781466046871811
8813,2.53628058596493
57147,1.73647167695478
55732,1.353312959265
2268,1.54656498645134
3075,1.76890455740459
2519,2.34305778911077
2729,1.43155530765175
4800,2.24919064826607
90529,1.25605050787691
57185,1.55495624283743
81887,1.80536819114309
22875,1.77711105031223
6405,2.61792157227877
1080,0.0219839916622789
54467,2.2838339759215
1595,0.399614591137636
889,1.39303114611665
5893,1.60282846763976
84176,0.187200659182042
572,2.03604477091685
51056,2.40687406487309
4267,2.62900713573711
9957,0.590909224139139
26,2.02045015610098
51384,0.0650783906040881
23072,0.0272409292764164
8379,0.120605749496627
3927,2.80255246910106
29916,1.95796837309555
55365,2.54895041815967
4074,2.14962828664949
90293,0.797096207831257
56603,0.482369446551526
3382,2.35488448245391
79007,2.17405380996159
57679,1.58074616941565
843,1.07460632538765
8837,1.54229432135146
7035,1.13663943754247
55471,1.70724951403052
10181,2.1433496648979
9108,1.04663784655587
6542,2.75825825312305
381,2.93195842315068
23098,0.552116902274882
26073,2.80414282210855
23129,2.30425218502574
204,2.28424013573023
952,0.364011377199974
2288,2.68781795212279
23028,2.42212870586805
10180,2.26811315660508
84254,0.946346231021005
5965,1.55854696056227
55610,1.77213752555665
126393,1.14087171847039
115703,1.67659821886849
4706,2.64308299885271
5166,2.18784547337856
51364,2.18127129025276
340273,0.0794068242501354
170302,0.051479983874231
10165,1.93672169109063
7982,1.86291740945677
996,2.24583854435144
6521,0.0721778321548017
799,0.0130126308322217
3052,2.04995337334115
1856,1.86866136348879
64063,2.36450614387516
5976,2.3153336302989
8935,1.56450794477168
292,2.92262237566138
55013,2.10689030299799
3207,0.232716604719211
5439,2.80891979737938
56919,1.53668095285044
4222,1.59693196941014
221981,0.722973732829092
3980,1.88653550644986
79657,2.01506802958346
6296,0.607163007489128
81691,1.54567998064612
57019,2.03717855566959
56928,1.98840479980423
80256,1.60454468017661
51226,2.09617316729202
5577,2.38729496838573
10943,1.38187204096443
1387,2.074865624283
9256,1.61111722056941
5444,0.484741572377329
6936,1.68116226616091
84058,2.15763546389228
54677,2.32842123957082
5244,0.428274767776111
55904,2.23518522403565
57414,2.94960587867808
30812,0.216070206609754
25998,2.11206013121305
7748,1.4612989625835
23077,1.41545474883036
26224,2.0376264008381
3683,1.64083347717634
5164,1.88207651811314
3675,2.42038722326994
7543,1.7392659846293
3920,2.38169084893459
3674,0.798674757042928
51666,0.201030966549971
51573,2.50233952978789
55049,1.90942610548861
9244,0.640396437192285
114881,1.64911926897479
26022,1.70529631976967
51087,1.90233764329964
3883,0.221498606522835
9020,1.61618887367214
6833,1.09738557361017
54972,2.12824901397281
163,2.70286439125215
6863,0.525211331444809
10127,2.11618330094374
6376,2.3357220856324
64847,2.50928141313036
8913,0.18153447501312
51330,2.89061171740739
1750,0.015877463426456
4293,1.16259899227954
5898,2.55955638152531
55971,1.97702962941195
80853,1.5351998454866
2115,0.980918412772844
55750,1.82713340364672
221,1.48191288829333
55001,1.47624728898138
57157,1.7914419997376
10344,0.547167691337005
9855,1.2996158806835
10083,0.0544125563488178
79017,2.62713835582477
10926,1.76396242015516
6915,1.15828782040431
3475,1.3272212005044
56891,0.0588893471988714
1352,1.08335477382001
9569,1.96997142992513
54623,2.63094489193828
27072,2.12701900954255
9912,0.577055872230508
60528,1.94738440237426
85477,0.425958388930797
414,2.18522209726834
8228,2.04932033447131
8735,0.185038872162597
79602,2.40167178676521
51265,0.485417914032786
151531,0.198251105096584
10942,1.87761235006319
57787,2.18043128913489
8842,0.448567435412818
115098,2.5769874355238
90273,0.374019038847603
5048,1.73772267626159
4843,0.219108271980465
1770,0.0443997508881444
9703,2.38309972239277
9058,0.183372008694856
8522,1.71523751984391
79090,2.69552202921102
4145,0.599131122187273
1087,0.570176597356461
974,0.959442736709559
6329,0.326803321813842
54879,1.24685227989875
8277,0.0306605722017031
5080,0.0105493414072734
113000,2.23545231431084
64285,2.48921752140941
55692,2.3143150643533
9254,1.75483302315923
8938,2.20200559639747
115939,2.56997335436312
9091,2.24518576712205
57585,1.49468823718276
7005,2.38744738870335
6401,2.05242388789945
55735,1.75192206996029
2328,0.716759880192
29116,2.32701063620164
27035,1.32925712941806
1870,1.16742473587271
5689,2.89018069978027
6853,1.19072674586087
3720,2.20923858044103
6792,0.844933869944308
57172,0.151205342053182
728642,0.369031653607366
65220,2.14632587843026
7021,2.60849318260731
9940,0.43506045060897
9265,1.81618105030119
53616,0.574670633025176
6856,2.88044257025803
1534,2.61063127736695
9043,2.02206778934451
1951,1.09875260990156
10157,1.25451710033737
55200,1.99792602775842
51188,2.00042254452902
84954,1.86281623814149
4257,2.43031484208514
1407,1.92856252183444
4784,1.96876719384304
6482,2.00329642102972
64386,1.94027269301719
9235,2.3101761592157
5310,1.4754636893297
23542,1.73880973498066
9862,2.35143649881395
23221,1.76459056950928
54497,1.90670315418478
7095,2.51304660661425
6224,3.01984879241666
7812,2.88891897652498
9690,2.12392772485142
5980,0.950084308579779
10178,0.0334663908138561
10747,0.254535533572867
389434,0.458918374649505
199870,1.65110724635211
80342,0.734521516070061
29954,1.73479392315622
51534,1.93709658664093
51085,1.43563111233692
9031,2.46297758829154
10048,2.23090685509626
51513,1.48176236285241
83932,1.55519647066867
51603,2.13392018214755
8798,1.62835287426926
7756,2.25006878394417
7384,2.77973385026246
83930,2.13102055821703
928,2.88297050663806
57467,0.0372594270725486
9918,2.28557779560202
25900,1.28530413331959
2696,1.26519379624224
51533,1.28029879485029
56920,2.10107573712417
11188,2.21631863878489
23166,1.64029519090249
80199,2.13033539822873
3423,0.704405621373452
5646,0.17397348231257
7752,1.08682682629695
920,2.02144738687767
10233,2.20153561426653
695,1.28141160112535
3077,2.16155934945332
22955,2.13861923864074
2534,1.62836866945446
3097,1.20127032773292
2326,1.30273805711637
6924,2.16796913596149
11313,2.63945978829403
1185,1.48047025019986
9902,2.28493441491191
6534,0.0254249141756302
10867,2.33680700631747
55727,1.61784019205319
9546,1.593929960061
54903,1.61472690663095
51099,1.83562015888934
3730,0.759854362778105
26993,2.2004739322593
54799,1.71545880222857
51096,2.32367431713559
54476,2.12974968839088
54902,1.92476238328367
5725,2.69865671375867
8193,0.460668376713313
9066,2.42949422368019
23395,1.39415941781094
5286,1.96739644999927
5329,2.15833756062634
54443,2.07472175237705
58525,1.9932015631308
23637,1.98254819143703
1634,2.55741998980976
54814,2.00437821870723
5536,2.08063775602605
23177,1.62086839332984
8491,1.95418662022261
27033,0.495710922760668
7305,2.71474745585363
57146,2.38146656487759
2556,0.0262325134658017
672,1.46665007565139
2067,2.25405136694376
933,1.1897514583732
7869,2.75963577343785
51360,1.47748544479852
4007,1.66737202123192
4057,2.6810706088664
2137,1.3907928944751
60481,2.94072686322881
240,1.79526704481203
57658,2.03241976298282
55148,2.57540030084449
11183,1.90629848171306
30845,1.68499779009459
5704,2.77234729637434
23324,2.17654179254836
57709,0.0051875911285856
5010,1.21804164581191
51629,2.87962499158146
9961,2.59338197869879
51667,2.34046996472791
5238,1.83540394312496
112611,1.50266628151911
1195,2.53095027494972
55703,1.47227292709235
23357,1.87729286512346
9604,2.19062256216192
1774,1.64325558074633
1663,1.47705135856605
50865,2.43216737497982
9052,2.47815712846139
10046,0.605640187325666
923,0.863351288924782
10460,2.15364171736039
23376,2.24853460019446
23649,1.23966168917021
23144,2.22014401214382
823,2.59483913586912
55,0.681482147253381
4190,2.58359652465029
10463,2.19052238635712
10903,2.12268744835473
1355,1.98084961372506
440193,1.5351998454866
10138,1.14446294698759
10771,2.50951163832945
7454,1.70350831398201
1800,0.474177699883893
637,1.66427358045944
9782,0.803316510620155
29881,0.684209411533453
64132,2.32832943181316
81551,0.032865928486596
23386,2.29097488476352
55349,1.56618964819023
53832,2.05470937791923
22802,0.0763706752693144
55830,2.49087717141007
27032,2.17915155092483
3479,0.619508192927471
92745,1.18469782667708
10928,2.03718445184118
22902,1.92812469376362
1272,0.696265300556147
6556,0.728652982308153
25937,2.09576078237032
8540,2.33945407288936
63932,2.08117230701041
477,0.615197999586896
55622,1.97831862573605
147948,0.963931064171822
23584,1.83078753529959
23187,1.62967777836213
8685,0.14563089186569
1591,0.388659266646636
56981,0.942585393416871
57586,2.06749906363631
6591,1.92536151225811
972,3.19773469600541
3082,0.694340593816642
54764,1.36341678350474
23154,2.36287618361864
25960,1.65988792539594
55734,1.3278328062863
4331,2.01229452690941
23034,0.97406057208512
864,1.11913532323881
4361,1.7332346730612
58473,1.45905217253891
1992,2.62676958326801
64816,0.0604409028617613
11136,0.238188934556376
6683,1.44458959922719
9369,0.184039167240528
114879,2.11492074941992
9716,1.9302856745509
1373,0.371660669260836
2273,2.00129216530662
51507,2.39190848200961
2554,0.0064279224007442
55655,2.18800077221322
57210,1.29082525414887
9921,2.70806734920396
55778,1.59769211893087
64429,2.29229403896022
57476,0.230517079620253
6050,2.42722560022218
4719,1.94795020142102
9821,2.01736182723949
23071,2.17625284115499
211,2.43407782715454
330,1.32388860987486
11215,1.78703103980997
51022,1.81265603271598
6617,1.7298601652741
51071,2.14537164493069
11171,2.74066014798217
1244,0.25788628863235
50619,2.17884084386162
51177,2.08740328170533
2730,1.71160304516051
23304,2.06168150796975
30846,2.67253415967603
55635,0.976282956926475
25901,2.35478823059387
58528,1.2379438066602
3298,1.80393987865932
51230,2.03568975976097
8630,1.38978635484939
10062,1.86337696444948
1890,2.47275546677655
29781,2.07798495764649
10953,2.3227569763572
11231,2.12917677896697
23633,2.06103496405211
7431,2.95065299273624
100533107,0.543121137854785
355,1.7121933956848
8635,1.35439309692556
960,2.50617902833155
3755,0.114092234949886
56895,0.637671592553544
57823,1.14912216033932
11119,1.81919660665361
4285,2.01269737616815
5583,1.67564565097504
3645,0.127604342605156
3459,2.45744796047188
11285,1.99947279026203
9047,0.90251255102729
7444,2.42829158269003
7133,2.04802238597298
55591,2.06231039052598
5452,0.780877223432198
65980,1.73499310552762
6642,2.34742009445565
9519,1.04658970871743
56938,0.620441684684733
9774,2.34236519171896
55334,2.57546086353177
286,0.418102612144272
3381,0.654039913225377
51106,1.46241855320762
9135,2.39853648779034
3149,2.19488770754429
23279,1.78972475785733
578,2.0611676804351
4593,0.0060146795562324
22807,1.20723273831545
2896,2.9229146923601
51306,1.67574526763822
57514,1.62888960586283
55166,1.8334331666243
6301,2.62224823223266
8498,2.12024570130433
5926,1.82636054260098
7260,1.91491409440731
10908,1.88178686766433
8100,1.78912153015039
56052,1.8536917844378
55596,1.74514192388378
10061,1.93289121146359
54480,2.50291918222118
57554,0.054997842915243
2530,2.29057695723779
55236,1.95764192007843
9846,2.15427914526858
535,2.05882712969742
8554,1.57878191106635
9497,2.04647842047242
321,0.417732341520364
5606,2.30054708131169
79645,0.373626484963864
9168,3.59942003549277
28990,1.56685705284916
25897,2.53533037891694
8504,1.70482999972104
11345,2.41148130664784
26751,2.0424479436826
84908,2.17962902159001
7414,2.27130479636323
55789,1.1614157036888
23604,1.52872184478591
8439,1.88564066699741
159,2.46776022454204
26228,0.765380382987181
7077,2.77411048824979
5981,2.04282565531439
55773,2.05753964641353
8452,1.96551619914615
9172,0.136667226196118
10858,0.667680317686593
26009,1.69246175706499
6570,0.0276439590910099
9099,1.18465994096088
27175,2.38035355198943
51121,2.48012647774416
2324,1.35419939104639
54888,2.20603000862344
54455,1.68055734470918
4238,1.20478967362414
84245,1.57333749428117
4234,2.10922030370884
3224,1.55185939230285
175,2.18032019397128
55300,2.13432733138558
259282,1.6222310209512
27430,2.21084803373956
7092,0.482482579229991
23644,1.67469105711424
7204,1.7828301288542
1462,2.4051476888108
23274,1.84245122997168
4481,1.77599194429783
999,2.60759831280348
23517,2.0713002727613
1767,0.487667883891839
9765,1.33012726517766
79567,2.02048097416852
729,0.585145403469866
26064,1.8651460253236
11063,0.0461754078434364
11284,2.22605304621896
54831,0.0205630661837875
23035,0.903730372931673
54908,1.44523827959585
27067,1.89028441364027
54896,2.36829271187369
1497,1.34546354290669
65078,1.09720894727
79142,2.36011536710189
3631,1.38284184260651
5874,1.96705654966312
5685,2.41728581586966
23026,0.194310153638863
55341,2.17884881416992
10039,2.34669356169331
3371,2.24931716357437
90326,1.7067852495912
140876,1.32338983479656
55775,1.72285294248065
84883,1.65707878399333
55812,1.46427150882426
9440,0.466471928213088
54884,2.4087074502974
822,2.91445995782752
1175,2.8224629094661
7399,0.0314631865193807
7038,0.0666185243177208
10863,0.936323826999742
8538,2.16721600067176
54165,1.77102822478588
23338,1.86834385850409
3937,1.55150577492158
54802,1.66769083793654
153,2.09233305426961
9820,2.07989753323921
1495,2.74441343261416
5256,1.53375279651682
54875,0.843798450496689
2042,0.627588053329627
3309,3.08211648286801
1829,2.43703558334962
54960,2.00087058140715
8481,2.11773516679983
2824,1.11525290612952
80243,0.86438786195527
22884,1.59159303425848
64848,1.74588299808997
56474,2.08665598151182
51606,2.22294307860701
5431,2.26188028133233
56204,1.96151271364775
116984,1.04350073762993
7175,2.35403128491487
1356,1.67591598763586
23247,1.72658631045204
84062,1.90704144405036
7504,0.0516758077965697
57101,0.317846881587821
57102,1.68670893065534
6322,1.67172890774376
55841,2.28289995796802
395,0.627218611476764
27146,0.617824758553771
4134,2.33384970030271
57120,2.01909167114829
6098,0.0183253569229505
57646,1.79513721226023
9734,0.390325533156975
26262,2.00959578630332
51491,1.78722952762072
57545,1.18741888344134
50484,1.99156939611215
168850,1.8280949688433
608,0.660673867330008
92017,1.49964832475861
55885,0.32763768800991
55173,2.52932898277999
51773,1.73084133251704
55187,1.64988838263562
10659,1.31549369763378
23196,2.5810632485825
23518,1.83399579085464
1298,1.90915546230711
4254,2.74687963782165
1161,0.814253827767891
11174,0.817046777705248
9563,2.09839800014211
9341,2.64450362712281
8863,1.63819751913238
10911,0.191506919633341
3604,0.35387061787622
55040,2.15946812189341
4052,2.2033411654374
5954,1.99176216719944
2006,2.30735829005107
5982,2.57540478741689
57492,1.340031583697
81037,2.36288304981508
23327,1.21882604640973
50943,1.29048184648197
89801,1.10020431425803
3074,2.44338677699802
79810,1.10645337715628
340533,0.0727508259833435
51528,2.30500956412292
27122,1.46618415468203
7984,1.82232249127052
9603,2.19469739665923
63933,1.85908308796134
51474,2.41050838469485
25875,2.08146022235547
9498,0.793205372342153
10319,0.206561974091692
5733,2.17485689264548
79931,0.0569458532680942
5601,1.96134021318522
91522,0.537480293262346
9564,1.93783004545429
84067,2.16514997194969
9709,2.39143243437909
9454,1.82892453789458
5888,1.55036869783897
10721,0.837483815525561
5291,1.9857340999423
1535,2.48910402252548
84321,1.70216926156227
23593,2.17542882004172
10198,1.17255807518923
54477,1.30802221033005
5652,2.74791343381782
80143,1.92650994044004
23223,1.87418256528035
57600,1.27582440252813
6307,2.39871615529761
55761,2.07057873236103
60529,0.42522540587861
23105,1.83379846555715
1112,1.41963792213856
728464,0.168383519006746
8574,2.78456339305864
51154,2.44203254452558
4826,1.43826744219499
55850,2.20269448933294
23101,0.0392489295621294
83714,1.42395586990387
3909,1.38071637687329
55745,1.85755790532771
29945,1.82093043775752
3784,1.22516709238025
27095,2.4284305913173
9967,2.59642502059143
29085,2.5239600609072
954,1.87237142333032
4065,1.44577049488694
51742,2.01553039793511
23596,1.19732130283388
10806,2.02638838726941
5798,0.0392489295621294
55733,2.01384692176243
23095,1.42129183626976
2296,1.45715697949202
25771,1.72008021081873
23224,1.72367113999338
57475,1.64840932378769
10079,2.02276069862342
140689,0.372709736759833
25884,0.634844637377767
23201,2.12832718595623
84957,0.947367953721526
2581,1.95455986175385
51602,2.37034905381271
26099,2.48390158295037
3757,0.98503904832818
8454,2.53223633551331
10827,1.78449771777609
26999,1.46223958849856
23118,2.49106818514588
116254,2.5021426785301
5610,2.06509439634062
57602,1.92665914940216
58508,1.97445953670481
55283,0.494710373416964
114800,0.10090884072198
23369,2.49106668158433
84545,2.38172749546445
3700,0.120966104722507
3697,0.0240097576149657
54969,2.40558318319397
51663,2.29149804089677
55609,1.04808016806005
10886,0.168723404379721
112885,0.322478006015617
7185,1.42993478107892
54542,1.40211439966575
55540,1.86665239535595
10758,1.68445386195115
8908,1.50318118433413
131566,1.8007163962718
6646,2.0467256545563
5318,1.21009961267773
4438,0.13948994736026
2155,1.50425043994459
2665,2.79626424382225
639,1.57484631641747
9474,1.94233069411299
57458,1.03707857197497
57095,2.35932013280449
57504,2.09021384200434
8975,1.7948341148128
23200,1.61926012468169
3918,2.06853570373487
5218,2.07460981310924
29927,2.86389255724644
4659,1.80936282298344
5923,0.425103172097019
816,2.03084600254906
9696,1.75792522935079
55718,1.90187842024304
493,2.26104515651536
9877,0.0621829736100838
55781,1.79589400840457
54432,2.60370392604107
55706,1.97718149917209
1608,0.175996668205466
84256,1.83681713448251
64718,1.35081174990878
6916,1.53440933306095
64761,2.11358670075357
5832,2.66110519295108
6894,2.08115659603536
5188,1.47049377003091
4084,2.32402863467706
5128,1.98630073241694
548645,1.57424336761246
6515,2.15076545232669
5662,1.07405518517118
9150,1.69981614131124
8531,2.31543451480862
55359,1.42344836649863
65125,2.44651918793656
55749,2.44416896998501
11054,2.18515948693635
2769,1.44687938166563
84699,0.0205630661837875
55650,1.9713121114083
10076,1.55295579490998
9410,2.14781773135658
23504,0.0225922306114602
1301,1.95838873276028
79832,1.63716055495124
51660,2.43538829545175
30,2.00206925423248
586,0.795945775723072
51564,2.26309638160975
11178,1.56737949556898
93166,1.27024350009774
6676,1.95927146354251
10787,1.99491251356727
60488,2.54909692275501
2983,1.71594003276989
6433,1.94109112781226
10188,2.14754774407526
23041,1.71035414952708
1001,2.14739088281894
416,0.0246165431357565
65056,2.40664337752769
84649,1.46282098773765
7771,1.20792359467755
1431,2.40666128185653
4058,0.117717212784645
64951,0.154151340944846
63916,2.19987060740044
23063,2.12644633187494
81671,2.94296591573516
10513,1.88486586109064
5424,1.63855295003341
124925,0.239590030737812
1975,2.70089970309257
28968,0.554373903486927
29998,1.51352752072719
56848,1.46206055916601
6141,3.09802250701089
770,2.22489057246419
79763,2.29404753843996
11338,2.69502193031185
29924,1.97477218359481
55588,2.59844637768555
57491,0.0342663432615378
10838,1.40690841457754
8776,1.8679080215256
2817,2.50012895237481
57143,1.54547261434041
3029,2.2714201696512
6047,2.13866390767657
841,1.76505527444785
22998,1.44860710122722
55726,2.04724833165868
51768,2.03181018835357
1747,1.10007249106076
53340,1.17479892267601
10077,0.377152189604927
8839,2.02808354417509
58524,0.468204122436946
10402,1.01632401172452
9914,0.368241174774447
4804,1.69306446059298
50937,1.55597176207814
6873,1.77053555293051
28996,2.27514211876539
23534,2.38668241946827
8625,2.41668370474904
54929,2.13239604200065
9170,2.15058409674623
5476,2.08466433145441
10147,2.18954221939006
6558,2.09767792270557
28966,2.30672907285672
2139,1.28207818044675
1265,2.73480640831261
10347,1.67136983545827
9627,0.654217649555215
11218,1.66153570347505
53339,2.27140499124636
55711,1.48521282941596
8537,1.35759262212252
5449,0.159668001170828
1117,1.98397493715667
22904,2.31011680248357
5378,1.51824001637618
10362,2.65834793531158
10203,1.76392749605428
6882,2.26298742536346
23294,1.66389390533601
8943,2.3804639494426
7629,2.04971967334432
9351,2.62657568494818
4913,2.03364786023136
54887,1.60825525862427
2773,2.1274248712201
3843,2.13100230431594
4942,2.6344680816806
10885,1.52440671207524
5586,2.14919060764561
57418,2.37665119288708
9697,1.83623870014654
9423,1.72628169852889
9340,0.0284494427319338
55388,1.23907821389594
1606,1.70128326519653
2065,2.68958109035641
54763,0.0240097576149657
91526,0.926606133244364
3735,2.45958515981475
23536,1.80554771015999
10954,1.85072791116739
55633,1.80426828970047
4710,2.91250245193522
23013,1.90512344555347
4638,1.75042317972439
55854,2.48528939846861
6416,1.92785863355251
55248,1.92882811034115
9892,0.0082850342053478
9748,2.09536807980072
51167,1.04107625126011
1308,1.90514001928134
119391,1.74278884679712
55176,1.56380093067906
5588,0.469356659492535
7089,2.17909978564368
51665,1.40498117931193
83641,2.05358249542281
4199,1.65130256219764
23216,1.88856112166762
8621,1.71107762510506
10797,1.86616913548607
84679,1.87252415664781
55810,1.8308272945995
4904,2.80771286194915
5141,1.50840228195422
5525,2.69252675841587
1496,0.0358639763576893
1994,2.32823249521382
7075,1.9228089514231
57609,1.92328435280576
6602,2.38447022451207
9682,1.72356894872352
4802,2.17902013173487
84217,1.78969187660623
6550,0.172452767849171
25791,1.48834220283232
259266,1.53867416866119
8832,1.0297451281637
64834,2.56860472444796
6688,2.13856116051432
30834,1.71292695223175
744,0.359091245639845
51208,0.0979504261429475
27107,1.71651162302677
4287,1.52062879417729
9950,2.72335505342171
2263,1.8590923704992
55631,1.79546171905724
51015,2.18392061587407
2009,1.12074883828209
60487,1.6143199821459
55623,2.30933606312273
91283,1.5597012549227
26153,0.919172455257281
55102,1.77298186906327
10565,1.98159408783033
57623,1.07400923343665
9650,1.74942504196365
10734,0.743229014254797
2235,1.51453403027885
4649,1.20493583038861
5214,1.79712361721158
3422,2.01569271800862
6672,1.90968017948558
1316,2.64038144430591
8611,2.26988668546706
4756,2.13860583683705
23471,2.70324338519449
5255,1.64499521620167
7132,2.62707134329097
782,1.02282172291533
7813,1.24349027873571
9399,1.13502870548713
5315,2.95528148347001
54505,2.19427834358492
30836,2.15293878653976
79091,1.36547915633135
7158,1.72737224535782
7216,1.13254176599087
51018,1.64175477885
387,2.96714980005171
1659,2.04993627830839
5590,1.47555081752009
55699,2.70504118545605
6857,2.18994002287674
89795,0.421549669987592
3421,2.35352250692537
79641,2.21922358539991
57595,0.754511872376034
492,0.0144462560950847
6093,1.73233401060734
865,1.93928528085583
5165,1.64957184640007
8692,2.44382921125423
9759,0.761827818838066
11186,2.07993957166992
2261,2.35611206391853
3430,2.66699163470137
63897,1.85476258275576
80347,2.52594142537291
79990,2.39971874510508
4205,1.799711350849
55593,2.44115596314463
7030,2.37547033811993
4943,1.65639604679488
2182,1.59769211893087
3632,1.87042581580044
27238,2.38465819922008
56850,2.1759716866948
24140,2.35498305166149
55771,1.656217772055
65055,1.9199924593306
23250,1.21675567319516
25885,1.60276169052168
9741,3.23091246713073
57217,1.75734638670538
51447,2.43633766100261
55133,1.68406294079606
3796,1.30240223088662
10235,0.687349284900887
23198,2.11800499217921
57560,1.51286207660481
22933,2.15132620248999
27248,2.59958942789151
5526,2.08613454463742
5837,0.366129211027781
5307,1.88037075324555
375449,1.84838138636289
221395,1.88941506919343
54549,0.506736682012796
55746,2.20536253494928
64710,2.9223755793549
55737,2.1350093954138
10294,2.19229429712254
602,2.68045456465805
8514,0.875807379226691
10060,0.802390794255436
51083,0.221975815463252
29121,1.58235354146629
139341,2.46892092336516
4129,2.59161352269768
6095,0.991985938122388
1815,0.44226286254589
7049,2.37830087814411
8399,0.482482579229991
54626,1.70036856481753
483,2.48357635738362
4734,1.52466277501704
9488,1.51937615910019
5597,1.91693068010103
10681,1.12833087249329
5873,1.5843203053794
27440,1.6048107079802
7353,1.67024768405335
4040,1.68037430047342
2984,0.286245795141816
6343,0.667418860846234
57661,2.19982184562578
8518,1.20774187377767
4925,2.40804868655968
5217,2.5243359563417
5774,1.44235914011334
6710,0.143530619363282
27071,1.65793816186957
2255,2.46044812672724
23446,2.17180425938445
54916,1.43793865796752
23293,0.990666317870503
10640,1.90838353509723
8218,0.33359103830158
27006,0.239745555489441
10272,2.31176128405393
9993,2.31958589337118
55658,2.1576396975806
4335,1.37649194646654
79364,1.57333749428117
23210,1.72998607906409
5423,1.93856214365376
55808,0.382086713512505
55062,1.99306912549653
22844,0.009315012732202
57704,2.08139219003147
3340,2.34586155087432
440,0.478853647351655
10947,1.69333814720278
1258,0.0148554188895284
10610,1.58018579062347
26986,2.94217860312309
10420,1.38142584223143
29105,2.048714806033
1459,1.2816656336307
11099,1.47802751494884
8891,1.9523959753596
815,0.131881710470116
6949,1.81729132925932
998,2.30650815007432
26031,1.39001880885809
2046,0.104775777140435
6559,0.0846935889461878
56852,1.64229134676397
490,1.5799754760242
29850,0.0795962166369358
8440,2.33967572871007
9448,1.99538679172295
11320,2.27982455691201
6160,3.02605525941063
9948,2.58580786170633
23161,1.59983076033785
79658,0.834777847557421
6196,1.56635207663929
54556,1.23052980398753
22846,1.20584843959264
29995,2.07036307328633
114049,2.42539136543013
6400,2.55471040959994
9319,1.71328019568528
537,2.81497402018318
6929,2.35848576638966
28951,2.24131206570178
26528,2.24562874404463
53615,1.91004052395702
51052,0.572077547613224
6596,1.6856106587531
9130,2.65013228554254
60343,2.2457697180438
29894,2.42478062282083
140469,0.227048352498339
79901,2.78696529797192
28513,0.112637767504033
5134,2.04345239574587
55117,0.0310619747051902
51109,2.6007257382032
5566,2.49315074965963
22859,2.13879788116611
87,2.53121633095567
23503,1.48223528761392
27330,1.22692537083117
22905,1.16464417686141
26469,2.43501678375391
55679,1.57153835292187
55515,0.0508922379282558
10290,0.994721584094221
84708,1.55185939230285
224,2.06791732626903
7037,2.3474945786716
6720,2.62696148162833
27125,2.11604535031743
7321,1.84041661739183
64398,1.21031674535307
9886,1.7867993535613
8243,1.98543020359695
3028,2.91479982061553
2011,1.86062112095544
3161,1.91654428545156
55743,1.36156452059257
29953,0.0606346453732357
8974,1.94691476606437
2213,0.984985712012833
4775,1.11030887684607
51095,1.70096064517032
37,2.704476736843
6793,1.49629849472025
23291,2.0093737266915
9744,1.03038855970859
1400,1.15824811598183
2121,1.25421657916921
51009,1.9802543687245
54847,1.69151496246876
54820,1.79913290165339
10335,1.5092365404308
79041,1.63944802787362
8907,1.76489268484768
5817,1.62681815281539
7515,2.38069760382504
949,2.09412677522806
54905,0.127961642715893
4171,1.4984649891606
54456,0.119523735885593
56666,1.12673853496402
83642,1.90867112870456
8626,1.69945197421682
80216,1.68581939922106
3993,2.32338954679274
5151,1.53742938121451
1183,0.387503543243989
54475,1.68062772641955
6389,0.759322043392624
6605,0.954697243545128
54752,0.114273863088368
55876,1.23195802474824
5927,1.81732212839608
4185,0.459735558304164
5523,1.79351093990828
10979,1.95989251923572
8647,0.0070474104382352
10170,0.343457484404704
5743,1.22382703487276
10644,0.34195828374075
9175,1.85419935206325
6480,1.80774851010605
30009,0.366393526931308
10129,1.36336239953059
8301,2.56815394064597
4905,2.40237050383225
2736,0.815162853701401
23332,1.88105743790573
65993,2.88375934593417
4854,2.43564717876627
1207,2.41409836847158
5522,1.95666819719966
8463,2.18077625174705
8726,1.62491240585842
54825,0.0693069482704467
6620,0.0532407567944813
7251,2.46511028942145
55421,1.50210957396812
489,1.95663181726821
771,3.05027877971787
11343,1.62312655334469
59277,2.56443408816495
617,1.96855553890077
9891,1.46154548948683
54878,1.75096337837952
9187,1.51820010316325
55205,1.71135354864897
8578,1.26325919486248
3998,2.51942720813391
51495,2.49075678419583
26034,0.386732079038766
23140,1.39418503143889
2023,3.04602490668082
6557,0.089572811643912
56005,2.78265342739676
57719,1.63203420123791
51175,1.19839436937999
55160,1.89792417325037
7294,0.291796596737495
9671,0.0780798702999492
3785,0.0084911297831118
6865,0.701675386675835
64431,2.05538948764007
54962,1.62616791104774
6717,2.21073539954758
8672,2.26147079960872
79023,1.78405366530473
10371,0.309212706704858
51512,1.41217710658559
10512,2.69717860150225
55020,1.91722827068529
38,1.88964765134345
23151,1.97698820003822
9620,2.4072495570828
7479,0.11970417031913
27332,2.28158375309866
55972,1.84349372104051
29090,1.66674822745104
119,0.390325533156975
2249,0.0340664262320136
9462,1.3936468756118
9605,1.646196867167
7587,1.48696092916691
4140,1.83472508086629
5250,2.61374168302705
64778,1.80836771254899
2355,2.60779209807176
27092,2.17367382163213
285527,1.56165530454015
23505,1.83967781150353
6624,2.35711589321569
60,3.551614840489
55034,1.29110606024112
5337,1.0997647871105
284403,1.47557259716096
1739,1.89170918697771
7879,2.7242722253161
55973,0.638399264738808
25956,1.13651569605881
9733,1.9417340729139
55843,1.08696168403588
113457,2.45117573429432
5076,0.71570511230649
23016,1.87138176409125
22920,2.12650641363649
23609,1.65966678411221
4175,2.29114078403289
25996,1.97671880092915
10179,1.18097279973917
5939,1.81734265989639
11176,2.18423859570934
25930,2.22289047828796
4292,1.87055220153658
7374,2.38017596853385
2329,1.85973235915554
27252,1.77792310902589
8786,1.65289200921663
113235,1.35863647467297
5362,1.12531005755107
10615,2.1063922006197
88455,1.93482647459895
7163,2.27458633299416
32,1.38200320221865
9618,2.55696539461124
55824,0.793927643229564
55094,1.80238972204367
3385,0.336207003146281
22978,1.38766356902783
4162,2.30308248095646
2239,2.37669062429736
55796,0.778959903325878
57662,2.08571582493569
5909,1.69011165664129
56949,2.37903443411837
9138,2.15480021071661
6813,2.15882313401802
5609,1.96750968411241
8527,1.98503816105061
83992,0.427178431321821
51412,0.0880745620036581
5915,0.850514902274773
7155,2.56870467329946
56889,2.56347273375588
4791,2.32144902501688
29089,2.48822330185153
4660,1.513083992906
54431,1.93794452537127
2975,2.20454579214378
3566,1.97037201354461
23032,2.21265239134177
5063,0.171268012798103
827,0.679429530076042
1641,0.0773206608342586
6626,2.56346922344516
9576,0.0683477895576427
56915,2.3747702656594
1781,2.33892640729532
54518,1.60326228509351
4034,1.36761426754067
143684,1.60269490380427
51548,2.1002168315589
10714,1.73084133251704
88,0.0356644376201233
832,2.35822573678963
7107,2.08227562729458
10003,0.244706309986455
79960,1.77213752555665
203427,2.02268104801541
7319,2.31557516974238
2260,1.96866843588425
8468,0.0880745620036581
27127,0.205750978783932
2192,2.50053688274791
8516,1.00852518659899
8530,1.56953520433203
4133,0.813903863708723
9063,1.18854876371818
273,1.21543085289325
369,2.31154644024054
56922,1.72409242747205
27074,0.805093053459449
2191,1.71475552056526
10529,1.97368029619071
55331,1.96597113052998
3093,2.44857741800889
5289,1.41294296493496
55728,1.18165884634411
57103,0.469586950565039
7289,2.03449208274128
8871,1.58088615965693
108,0.202009801220362
5527,2.21997781108011
54715,0.0070474104382352
2782,2.75972910378256
3205,0.428274767776111
1906,2.09458140189912
8028,1.5519710063709
55063,1.50049772305209
117,0.383509155651757
27334,0.72329496888701
9452,2.1736859553031
4898,2.45210258418365
7419,2.46219812453756
5108,2.27629278145626
57690,1.94473817987152
9139,1.75573572341217
1620,0.201357377395245
83737,1.78285240635928
27039,0.0790279102152443
58476,2.08167993288457
51150,2.57424937712999
57644,0.45022388625431
80341,1.12766095313327
7161,1.40259331852815
54472,2.21415958802822
51619,1.90793118466228
27098,0.880810583450403
862,0.698601087046596
1015,0.0940514026841421
9984,1.84201608243482
51661,1.80038520922661
114880,0.901536591396364
6507,1.13233403246391
7520,2.8199927103499
56925,1.95406212724033
11262,0.597301594188421
8569,1.55960974685194
7145,2.0170820791422
57455,1.85130536683099
56681,2.45873311248022
8556,0.951944887691471
10411,1.49750791834477
634,2.06797161135737
29843,1.67437716523998
51207,0.958886340518198
23152,2.10135332963221
3991,2.04308112077902
2222,2.42454799492212
5050,2.69300978444715
4983,1.06837596213913
3835,2.40414050627908
10590,0.487780200999866
55604,1.48840586002315
5236,2.16079652553339
1653,2.21662239263459
1785,2.14834839668003
2037,1.73269700088255
22999,0.392881868914514
26002,1.02522160646395
8417,1.54900435438891
11158,1.51969459661454
9817,2.39593601813085
55510,0.13081445746027
5794,0.417732341520364
1638,0.0286506937617837
51006,2.04985079138313
131544,0.704818335422109
285220,0.042620338349058
6344,0.13401205762286
5991,1.17506876722262
55183,1.55975615128755
23011,1.77338064160494
8671,0.0637284429094406
6595,1.72828317691267
50700,0.0534361704016004
27244,1.8815497270892
11043,1.62299872678192
139212,0.105877302441966
50509,1.88605792556037
10847,0.45505371995875
9933,2.02200027012523
1361,0.0082850342053478
1136,0.055972413796195
3781,0.305646157078073
4850,1.79695125585201
5663,2.21159556732567
1371,1.56919453903123
56650,2.10256530668637
5891,1.61309705441425
3320,3.12773238897994
5933,1.47652994951306
22839,2.12229021415917
22997,0.522004073290754
114819,0.679772061284224
10403,1.77054701684814
23431,1.35300789941371
54665,1.54964028831352
260425,1.95872180006977
2920,1.38226542436856
174,0.0820544050747075
1286,0.212055077748509
6932,1.32508960086821
28962,1.74830390756947
1005,0.0037382490083226
50939,0.105326723309871
57092,2.63754702262288
55218,2.25707885693884
384,1.16589908196736
4208,1.514875767386
5788,1.31247577470998
5317,0.706878141486542
79876,1.99184855042341
9262,1.70768680296399
8555,0.828989715997746
22869,1.37231278564753
4036,0.359891262560934
440515,1.46795674843545
65094,1.46879651006805
11266,2.09246001949912
65985,1.52454460902986
9812,2.22733965491413
93664,1.4091269325042
56131,0.915780287132047
56142,0.0438070313509447
56113,0.564947866396284
51668,2.11603583453355
23239,1.57500579132736
5205,2.08735179276123
3595,0.102568313484256
6604,2.08760401933314
55100,1.79640138513752
2533,1.28419937228159
58538,0.032865928486596
55437,1.82477017508763
9689,2.46602457479308
5241,2.27256262640857
114899,1.31683279773699
4200,1.14373021574859
55322,2.04684633731348
905,1.92199151811985
57579,0.623884793039645
23136,1.1212997933395
22837,1.31730810674102
1741,2.16294245692333
3776,2.20776452771262
56256,2.07590834474041
7188,1.7612415075926
29093,1.93319253182576
25929,1.81827578040189
4986,0.0097266548872287
4779,2.72570933756439
54437,0.435542786308929
2932,1.7833533425828
3693,2.71755156466996
23085,1.56985771317777
7514,2.07944531579526
11342,2.39271484606009
79728,1.73407112381793
23033,1.49567175290116
57226,1.86882455573645
594,1.88850930927996
7994,1.36466604230587
79670,1.64353070196673
9706,1.79667101885544
79977,2.24965106477808
3842,2.10710008212461
5351,2.62531666534577
5026,0.172621877208929
3682,1.07018264339799
22894,1.77797944472126
10464,1.95050103500006
81550,1.61657795105854
26747,1.50734213158088
23047,1.59188365428142
5019,1.79702667258405
10325,1.96641133863682
1833,0.66409843220395
1540,1.58518792811501
10998,1.2949290394233
25799,1.42506576301377
79891,1.65131758301421
55659,1.40203873972233
54807,2.01551166422615
55663,1.21316774807382
9422,1.52827252403272
6193,2.9529426792558
2195,2.09241939543474
91746,2.29932496169214
25978,2.00332866169529
64744,2.30628707735933
10450,1.80123935651374
10269,2.43941123815381
56910,2.58565218697264
84273,2.18758907823515
5978,1.88204141997584
3034,0.164806098605392
54434,1.46649481739944
2950,2.60076671024121
334,2.78312204451249
57613,2.10465815782391
6579,0.0189362275154237
51729,2.49335670617872
8668,2.52020667807502
79570,1.89074844570702
1307,2.22047263960186
200081,2.41981023928649
338,0.0219839916622789
8648,1.99656992576695
60509,1.81515038608902
22979,0.633381050508079
3797,1.52768582201734
10890,2.75467042693612
2646,0.114455451213547
3030,2.70147120737346
22924,1.90285468430451
790,1.87259601135968
966,2.6323170954186
3732,2.28284131064504
63035,1.56985771317777
546,1.58933028237903
102157402,2.17469964994439
2219,0.30105695720239
55892,1.63773349769452
2122,1.18310441667486
9522,2.21310741286114
5550,1.78189342070977
57531,1.05167069128741
81929,1.50163483896482
22911,1.60219369719697
57590,2.04553397584735
5016,1.13980633196769
29957,2.29066574543596
4216,1.59988116079753
29992,1.53008676492599
57549,1.80517802881275
5243,1.10134552920749
7760,2.0654060852577
231,2.02334225180214
8895,2.45842115033976
54700,2.41533477441335
2017,2.57708445293009
7481,0.941899140434606
4528,2.27706961162146
23259,1.71523751984391
22996,2.73389740849422
2060,2.2905483107641
4998,1.01799292735104
4258,2.40652199857621
10523,1.76514815518969
55054,2.0969965379787
55230,2.00439750868147
55624,2.33300116167925
8438,0.979359228849033
23139,2.14314683209829
3301,2.64373428009191
2683,2.81792493130952
51510,2.47480849746805
4799,1.87656421145061
363,0.0316637209677261
27292,1.14303732567945
51194,1.49671587600567
2346,0.406538356524215
27102,2.83886037434205
51314,0.468319457350998
54749,1.61231267954976
29887,2.18775226070052
22929,2.36172513418104
10573,2.5375584650754
80271,2.42686820175585
4680,2.29307674036237
2196,0.40891546953685
55696,2.27713525981157
10959,2.873444224049
56605,1.01276846493056
54469,2.38030375216068
3294,0.217670628552373
55787,1.80894411591438
5475,0.969153637819686
7462,1.87851619680442
10075,2.28242167825962
9183,2.02412440549257
79796,1.08312860068856
4606,0.0434116529118274
50507,1.19554063906077
8310,2.07648164441662
8898,1.46226196262044
23645,2.833595118232
51171,1.69799231038024
7205,2.73677663068771
43,0.50597029200908
2512,3.54202332415173
51593,2.61468406241191
581,2.42407468866366
51701,2.17589935322148
94005,2.07192912180052
9509,2.06153240561779
28983,0.185371832096218
56970,2.34634655155461
9489,1.87688426888742
5705,2.67714176928727
51720,1.77689649945285
1071,0.459268706914879
4313,2.8756063004169
4504,0.149989181900135
54947,1.45534528907111
2775,0.688195423488549
55239,1.92432034088958
6452,1.73335961826344
8602,1.86505455168237
118,2.37052111403985
79944,1.33140086603711
57544,1.74924440994526
51637,2.54608155651106
22795,1.70496328416686
64395,1.84106684221852
10992,2.54498234206574
57542,1.82617966710562
2778,3.03594168056898
10059,2.17753924239838
5744,0.54364120414043
116154,0.0693069482704467
51290,2.16181465156733
7022,2.34153404651199
6790,2.02227027469341
57091,0.369952842642287
8544,1.86350554751382
28971,1.85124860377886
5990,1.08669193738514
339175,1.80902789066978
6820,1.84613640780363
29929,1.54513309316827
4849,2.08505316616723
51206,0.489686957779588
5775,1.1187525116475
8886,2.10694885824214
8570,2.63778965344172
2767,2.02915723023263
55616,2.30702067959319
55741,2.39995668904883
1789,1.14254771923515
28954,0.763719850988942
22974,2.42383399814846
80307,1.38688473858222
81572,2.07456716062189
2036,2.19091136863988
6564,0.227680155268206
23348,1.55898702313224
55608,2.54028266677694
23483,1.72109634369462
1795,0.34685390613897
51161,1.78760419646148
57017,1.95624598171847
55287,1.80327167384016
64147,1.30684238954653
79822,0.711551185139147
54675,0.416991250776614
23368,1.95021267382566
8455,2.04710481193685
54498,1.6819628808184
6614,1.32438691373998
2280,2.4766217619381
55968,2.18584758075346
83959,0.810816034510871
25943,1.52809658854721
79175,1.50777054790592
57593,2.24879782286426
56265,2.33972250309493
57506,2.11408455771306
9762,1.58308551473787
22803,2.42029969828649
55857,1.48640732799684
8655,2.90762479617016
54997,1.02292191032285
27131,2.20919842969458
6128,3.02395335291279
55423,0.414887504940699
8550,1.48049181326449
5027,0.808066797371265
51575,1.88843157825343
10741,2.06419613949384
51433,2.13125777413722
9962,1.61758155217225
80024,1.95004991496339
29058,2.70711379584523
55184,1.32189067438902
84678,1.27704256316618
26074,0.47589186766071
55617,1.6032956388917
4938,2.26375869149174
10985,2.12295825021234
6175,3.23696495899986
5829,1.88755823769854
23409,1.11130107505299
22895,0.0366616595234452
55614,2.14981446112533
51605,1.89625020930066
1114,0.104775777140435
5037,3.20455957610653
6910,1.03088303574952
8315,1.97485551349878
10961,2.66904805047479
4842,0.0041525986866217
2521,2.79989106731523
3476,2.59388219561564
53827,2.56139876625637
55900,2.14151112539827
57655,2.29937794994368
5349,1.04803214715069
9843,1.34008845821088
29965,1.77932927698823
113540,0.406538356524215
23415,0.0286506937617837
23193,2.90649390321672
51291,1.94233069411299
55285,1.2190397805687
332,2.14375058014041
3902,0.738379347051231
8079,2.88816485859492
78990,1.13287398294599
57062,2.45546325516856
7597,1.35654666853341
25977,1.77409749752481
393,1.97214506928847
170961,1.15145762497101
55760,2.22940672640714
23186,2.15394987986048
55668,1.34204685500973
8425,2.07560009236132
645,2.92530256490705
6548,2.32079175302908
10558,2.09655998188852
10914,2.4098790576806
8812,1.03668711324776
57060,2.21650092349039
5996,2.57562454180154
83719,2.6527944098645
51650,2.27052041040838
4708,2.37412605414439
10726,2.75055784074805
10296,1.92513300387349
3383,2.28601957359987
29888,2.2882109597918
11213,0.706384359211475
4069,2.07599333443842
79594,2.27126835436054
7023,1.40490594422957
10081,2.11029510814346
51324,2.47702093342149
26998,0.0528497930137067
51726,1.97034391589406
55214,1.07767403922797
7066,1.60579036969724
8646,2.0165531021932
2323,0.158292338591208
9727,2.27278036773648
84572,2.61093452447315
10795,1.43198339779169
2802,2.17805088005822
8761,2.19935263013422
30835,0.246712778585597
79603,2.40908071788748
57192,1.92043933538645
84196,1.95165973297459
1947,2.15606124720471
55066,1.14507283730818
16,2.14616847545903
2734,2.06753167254972
24137,1.86086149627342
27327,2.05468687369696
64857,1.61906675477959
10683,0.187698711263493
57106,2.38887903682128
57605,0.699017347671067
55763,1.84980799282428
54439,1.79936866169332
5459,1.31031384452776
114882,2.24453172145004
113878,1.90363731775195
58484,0.673407306954115
54517,1.80698111569619
22798,0.0384536920503017
4897,0.791323735088071
3912,2.17858968583006
5172,0.301344576891026
1811,0.106977361309365
1738,2.31495902109585
23335,1.57705642257942
9352,2.08210328894599
3568,0.0565566131007352
368,1.12858189067855
54918,2.2724839624566
3655,1.97239670455393
11069,1.44072647105225
51776,1.90870398339916
2271,2.77760069529535
23231,1.26748015069022
7018,0.338814104012932
55573,2.43847683374488
51168,0.483499988183941
54890,2.43349519822753
350,0.0404403802309502
22861,1.10353388176277
83394,0.270849680372496
9552,2.23795740249148
23594,0.947538076598203
79776,0.820105214137604
1357,0.0742768884659622
51530,2.12210312824552
2099,2.72827069012864
26575,0.359891262560934
285,1.27630558464375
84336,2.46566935174833
4345,1.93379448480858
151887,2.16249176877158
1215,0.824597134191611
5720,3.14128329486968
55012,1.3612915701692
54930,1.82400302468632
84502,0.242074774784915
4625,0.0181216355189445
1053,0.0449920531388688
23428,2.98812515667956
55644,2.17217815976907
51310,2.38097214107688
55072,0.349830363419514
23256,1.62585038570672
55632,1.41895532229603
25831,2.22107253913764
3183,2.90396072789336
57096,0.807925497650891
11198,2.50884022922556
9878,2.35637383265924
8487,1.61034590397522
7051,0.372971777643375
26277,2.50784795942608
1618,0.045189394581304
57556,0.941899140434606
54822,1.61493836580361
7301,0.81892525318359
79968,1.75870366929789
825,0.505860741740089
8773,1.37620023987208
6913,1.12522591869445
26227,1.70722299776306
1299,0.704405621373452
7430,3.18109463366818
4637,3.03276985796001
26523,1.61330926048964
27285,1.40533212933315
63967,0.988124575990323
117584,1.46239618615167
201294,1.65804176964553
79157,1.91195146776438
1808,1.99532753903283
7042,0.95883067318376
55105,1.67968369129478
10762,1.78035006203295
8318,1.4071581697946
1312,2.1535774829863
51816,2.1760801588132
55862,1.60083773341594
9209,2.05395474417879
9117,1.96561576084284
9942,1.23247961764048
10013,1.90935231185511
126370,0.0091091168566818
2568,1.10497368137554
3881,1.3523416933203
990,1.9528150152739
139596,1.72178956521306
8697,2.10219966664054
8086,2.21354020517283
23468,2.02232547915589
2327,1.40625847619687
51430,2.35815140339749
4436,1.61641587533162
4214,2.3022100458185
1725,0.879547675493226
29911,2.03512697146048
372,2.79202770331513
54566,0.857946888681729
55151,0.860296583176009
5711,2.12052304859365
5742,1.49588075625017
23511,1.93340100385737
1384,2.87608188183834
10044,1.82853494605071
54187,1.7834534591973
55357,1.75419048272818
25861,1.73224634704746
5146,0.480443514999283
55280,1.97664969401262
57715,0.834438801871472
9044,1.74276439572905
64376,1.85601768695112
29760,1.79968994091407
7093,0.197595619879946
1592,0.0882619910836516
56165,0.0410354741801234
10580,2.17897631432506
55118,0.30736014523199
25805,1.16828354493251
3589,0.659528548330737
53904,0.237097480606799
51322,2.16983879128778
1390,1.75312939185511
10101,2.37087164693976
23430,1.35852669417592
284422,0.254382888076708
3096,1.56719940816563
54209,2.481516536236
83795,0.0274424681999785
10321,1.27231484745452
2289,1.78141311777802
6732,1.63121867883751
27154,2.13254147881176
55168,1.84835280385742
5225,0.149293418032261
28978,2.62453046414777
114327,1.4221652504274
3326,3.28590076816885
988,2.14312477807366
3710,1.88161122128337
7738,1.66735752420222
1832,2.498007329167
23411,1.91583492173566
3189,2.34486510899385
80173,1.54997661578335
3717,1.26250315186736
3594,0.647879826313228
25,2.14888260812914
11332,2.03602111394689
51100,2.35066200189537
8317,1.78681038910196
84144,1.10636644083704
5125,0.866971946713241
6319,2.99909445463518
11018,1.62366942041853
3983,2.06332318177955
79956,2.32173551086774
22931,2.40192843563334
8829,2.04374799184733
56952,1.64024902252516
54873,1.66003529286297
23555,2.95794315159335
55506,0.911108348086638
387680,2.01390336712431
23031,1.40417809770594
7593,1.85804211338328
79629,2.42898599294026
4650,2.06654670198422
9424,2.37549672540113
57828,0.895525572244327
5714,2.75370290139131
54620,1.89541061202566
112755,1.29826339209855
80270,2.37120172839073
9739,2.11670608218254
9274,2.05132411884063
1943,0.06565627325421
1153,2.87712348998795
513,2.58827943417737
255057,0.964868905332232
3483,1.32850184610615
4670,2.56216741182028
51257,2.50409087614692
4713,3.01834106380737
9524,2.58686178768129
26517,2.47116293033184
997,2.55250430094566
4507,1.0908144053455
126353,2.40806848976891
283638,2.21642587685641
5434,2.46878803730051
5442,2.14675837666219
610,0.359624683372307
53841,0.0816766944344988
113177,1.29814026834146
8045,2.46149137946743
4616,2.88980134300552
5064,2.11875187320772
8174,0.550264954467955
51214,0.18836230244846
2872,2.73558432420943
421,1.64488858769913
27037,1.93454948815738
5902,2.01055865880398
29801,1.79246684194586
84861,1.69216009906011
51586,1.95769271957769
3053,0.111180730269128
9342,2.0296207436195
1399,2.21461979757593
8216,1.25714790121474
4320,2.84254475259359
27443,0.207534086575862
6598,1.67546058992265
9127,0.0778901327798074
91319,0.595950472802396
6545,1.68925650270361
23786,1.94696697561293
100037417,0.774216449978609
2953,0.168213522886445
5008,1.73046422105065
23523,1.93660685595031
83874,1.40016889628535
56241,2.490482719923
10291,2.29202892065698
2687,2.12600696677418
200312,1.41066670998454
23541,2.33514328851617
23384,1.67713758379288
23759,1.78127898314869
51733,0.0396462670429822
29799,0.501354916519017
6634,1.93411823422675
23481,2.05752847985198
5594,2.2442618451182
2678,0.0608283430685188
5625,0.318972127169278
9647,1.49225233010707
339665,0.853879845445667
1417,0.359624683372307
27128,1.32177291289986
8220,1.54748590692112
4242,1.42737422023393
29775,1.6385220539737
6576,2.60794183886151
157,1.37924176636916
3957,1.13997036708492
26088,1.92692601498157
7290,1.16804945391281
23616,1.11108552469036
23544,0.147900107438903
3956,3.24901028132373
89781,1.35525007151649
113791,2.00245074410703
402055,1.22696047915783
23598,2.25914821581376
11078,1.90504885530384
24144,1.58845309534468
23464,2.07505736603798
91227,0.0386525717956126
1414,0.537899655352364
129138,1.92514876729404
51386,2.1751188066282
4809,2.62738764695933
85377,1.70418967512043
5435,1.65256258142673
6663,0.974711863781706
79879,0.690811795552354
9681,0.720881952720336
9463,1.61527974934799
23331,1.41734268178817
23539,1.0050263533686
79019,1.72563369406146
55964,0.606782612068246
6523,0.166681952429176
6527,0.429247939146321
11015,2.54942167301018
1565,1.57159189185268
10521,2.74460738409227
11144,0.506408328084703
6942,1.75027901283961
150274,2.00193984911957
25776,2.02022202437126
56993,2.43708421577315
27156,0.0681558255976688
7494,3.32389653091655
51493,2.33592142887295
9929,2.23166981798444
25793,2.01496173020005
9567,1.83340353371832
84271,2.25152833182115
9609,0.986104793468626
7078,2.89713566250833
9701,2.08161717187803
6305,1.66308969255023
25777,1.84265414236593
1727,2.52190686358643
10126,2.14527081905551
25770,0.10404061055807
55586,0.140897664497433
91289,2.44624497513758
25807,1.8669256857897
11252,2.22427291691871
25809,1.75423811109412
10633,0.508157837245132
162,2.29421189210268
10042,1.66903607561094
10043,1.96389117126782
4744,1.05443250944755
1120,0.275619230518917
638,1.84312721805106
3162,2.31306876248973
27349,1.78690969608601
8563,1.3517858699169
4174,1.80383388504375
164668,0.229572561199067
410,2.14369773809797
706,2.66184617410142
23551,1.33310382049452
23170,1.87552228308919
23492,1.6438361975464
5155,2.21468805719428
49,0.123843276378059
164633,0.137020599151987
6122,3.27581829546034
55954,1.45263813254843
23543,1.91905718612513
9145,1.70524305091298
10454,1.83115516399603
84164,2.20704532443693
8897,0.738222319033004
54471,1.43572550595439
80832,1.09228603951273
150379,0.13948994736026
8542,2.42324463514393
80339,1.21273562890302
4627,2.90138089003303
8911,0.744007932624664
25813,1.90265461834067
25828,2.60837263909081
80020,2.0502210932138
9402,0.524571017703657
8664,2.64509140064861
23112,1.06385820873095
27352,0.167022551389696
11020,1.58989699830148
5816,0.187366710728405
23313,2.12936479439268
4689,1.58974250753736
1439,1.34102599691505
10478,2.00194632041637
7380,0.510338815388899
55007,1.22273141039106
79734,1.73339709485204
6767,2.62153580571538
3560,1.1862867167574
9978,2.32646723674356
2033,1.90712391047977
83746,1.69915502434346
150356,1.06511921421493
5905,2.33555254638938
23264,1.99564344758883
84844,2.38848482852557
50,1.54808636562632
171568,1.44938836760239
55687,1.2954552741868
5372,1.51467477477959
27351,1.91746136220714
64781,1.63397307029499
23774,1.89196614084163
9889,1.40249253091723
23209,1.53573895966033
83933,0.133479989705537
54207,0.0132175827499873
63874,2.29263296434974
23351,1.94616068361246
2287,2.6789711119343
56948,1.21056995930578
1511,1.39390321093231
2999,0.836538017999589
3002,0.670289423514483
55147,1.9075606994715
10419,1.8038444856039
1690,0.138432567508923
11154,1.44961791911213
5427,1.57431434285846
79609,1.82926388509784
6655,2.07735050484708
8814,0.749048859540407
51199,1.8682621744707
5836,2.3529467941785
114088,0.891072477692382
5706,2.29117509756014
64841,1.80928957932075
80821,1.17348640485399
1033,2.28751777897944
10175,2.52422458112174
10668,1.74789330536952
51382,2.50312272770146
26499,2.1281478248817
5283,2.11298260587773
145497,0.0236049920866109
5684,2.71011752361687
10490,1.94186253609831
26520,2.48360411569917
2954,2.12366231194116
9786,1.26519379624224
283578,2.03846761009523
161394,2.00553389415383
10598,2.70925629215481
23002,1.83964862107309
145501,0.0394476217259577
9517,2.51442006748273
79890,1.33079339584766
5641,2.31860691853616
8846,1.99230008472152
22938,2.66420622343568
1113,0.0356644376201233
3705,2.55944840020489
51635,2.50676395464774
5494,2.0497367783127
51804,1.87486190638619
57452,1.7402262443091
51676,0.508921924834691
145508,0.870636251658755
2079,3.07105474653123
3091,2.49740021458668
9766,2.34466399231087
6430,2.76683649318707
6554,0.0788383885327216
1983,2.4382257367264
5267,0.423144707964687
6547,0.0867613730983522
23405,2.15442016508689
79038,1.85836770152387
4522,2.00571975920978
8115,0.195132779324874
79882,1.70734230844376
9894,2.36388163513018
22990,1.602310693769
623,0.908879922054092
51527,1.98411054280119
7443,1.92397267653517
5700,1.49319873578204
89932,1.31211606453109
9252,0.67401191854082
55671,2.42857509309777
60686,1.68515108609396
5693,2.9093426008004
7528,2.38911279644955
22985,2.51945313328704
57820,2.0987125861264
9321,2.08526555467715
328,2.89604711216147
8106,1.89178629030446
10278,1.83475461969647
394,1.26470260349123
51550,2.15536312155627
10202,2.86797771437783
6729,2.21773147851021
57680,1.95089995456489
5106,2.36318044176919
9692,1.02517170689369
80344,2.35243864021068
5687,0.892188702015476
4792,3.13011714510367
51016,2.2880810995871
5721,2.85747744742537
84312,1.39897772212156
9985,1.50654549730598
10548,1.30684238954653
10484,2.01933903124998
51292,2.6645459636652
5411,2.59081743688638
5875,2.15248370808721
4776,2.06281162806621
5360,2.32506607069159
63935,2.31146852425624
2937,2.35231324939968
4318,1.72069788818981
30813,0.238188934556376
26133,2.54033089757387
5834,2.50227151527311
26090,2.40638066128715
10544,2.19457935127472
9837,1.66828439497891
22981,1.53423563140233
958,1.84194835168649
55245,1.98747854535601
23613,2.21063363361868
10110,0.824114882204371
51098,2.3163913548604
4605,2.24398516199845
140902,0.218629344999603
57446,2.38000261924553
84174,0.61453976587874
55969,0.398222167107179
4773,1.3329597161699
140730,0.472459524939134
80336,2.07213313277376
6789,1.79625031521124
57167,0.648148801110666
23394,2.38571770996951
5203,2.10173467304146
55816,1.06310967039003
1477,2.0046353382109
655,1.83030017545616
8480,1.9849164115249
7165,2.48363803899257
80331,2.25130915910902
51497,2.2842109322986
1522,2.82238863231343
24148,2.8194024320709
81027,0.0324653828330247
51012,2.49278325191312
26164,2.0460352895828
5688,2.82429649446397
28231,0.582196527361322
4923,0.0128076294222381
55257,2.09973933566889
10732,1.82698295857538
11083,1.88093427228608
54994,2.36556089682838
63910,1.09919290379765
79444,0.270700164138366
128414,0.100170227649574
55738,2.26387050129326
57642,0.0049806933258769
1917,2.64046741223501
5753,2.24385332819957
26205,1.81468575967185
54976,2.24176016203396
25876,1.57021579797228
994,2.06599593423518
140862,1.58485842071197
11237,1.75126319770195
10139,1.81233410391945
79133,1.29940094138476
80343,0.0278454019696254
57761,2.28908977458057
9770,1.59193492139879
1457,1.67027649215666
113278,2.11193021892363
93144,1.04851218130412
51378,0.348884562206765
343637,0.471656334005533
8760,1.97195623564548
128674,0.0240097576149657
81502,2.35252378311988
9751,0.555704244963911
85366,0.152072918441974
10326,0.473490911683664
10483,2.34243598356415
55612,0.417979208939018
54363,0.0308612972995617
140706,0.993881161107264
5332,1.39966235366647
10398,2.91280902998569
3055,1.60354571606116
9777,2.52705731273329
140711,0.257734289836551
51340,2.32805385135938
23509,2.21844637197051
25939,1.9254875295903
57144,0.132770028068318
9371,2.20935900449321
140699,0.632556426711956
10528,2.41187665737365
63905,2.55848066891694
3420,2.49491757799531
22919,2.7470008179915
182,2.15971231867061
51654,1.94397990684672
6640,2.14917326267997
5020,0.632739760978314
9675,1.93004441667566
1869,2.03304027457642
58490,1.8436864870081
11264,1.96311189160799
128866,2.99817123946681
671,0.196775510943119
128821,1.79905785951689
1471,2.93065935493044
434,0.189356665990483
1472,0.251323767726425
79913,1.80744382220217
10406,2.34520647472786
191,2.56067530226728
26051,0.960054191176478
81610,1.61998454022672
60625,1.5198139565696
116092,2.39778811501129
84557,2.44651918793656
79953,1.67006038641506
128869,2.28436276189969
7125,0.81158936652802
10005,1.52513514935629
57136,2.77799835473435
56853,0.128854213171788
9658,1.75491624552083
28316,0.0738956344925407
22850,1.80890222228104
79863,1.37364740653324
9097,2.3320797945039
9218,2.35276253456719
64863,1.36599346899578
9663,1.76555427263108
23347,1.5150565893939
8736,0.750669353820167
10627,2.77375288246502
79959,0.885273682486789
29906,0.0276439590910099
55125,1.53319209864491
8731,1.73041391493286
4092,2.10744619568726
9388,0.220702623497971
284217,0.297452715618942
54941,1.18253424196535
23253,1.69467678368045
8715,0.0652710625303166
11201,1.73354696904137
57534,1.90538026142055
5932,2.69221227899432
8780,2.06690072291063
1478,2.24694765364686
25878,2.47628212283764
340547,0.21751073054341
5716,2.44089818447551
115201,1.97774703451027
412,1.04504723233988
6907,1.77184046879637
4935,1.3233311243596
10857,3.02231497116831
5422,1.08254014061112
4281,1.01031816904923
79576,1.54924760585384
158800,0.400246661732358
55916,1.80114335111751
79868,1.84193867496064
5634,2.34684525993057
51311,0.30378506014156
56180,1.88225196328047
9949,1.75880971141911
91851,1.74606503575474
64743,2.20470485798445
6839,1.67353427966734
9506,0.0477506279872771
8406,2.086201701964
331,2.02211688665988
10735,2.24843380606458
286410,1.18017135028057
4168,0.0528497930137067
215,1.87326006778522
28952,2.14698097304139
778,1.27813016490886
6855,0.64554432001836
5355,2.80364528482245
660,0.677456639154821
5358,2.39399199013257
8260,1.82520359717202
5973,1.96189338205738
2000,1.93326203471181
6594,1.61916344986891
55613,0.0569458532680942
140462,0.774885562612155
340554,0.28829541884262
5931,2.50556717047805
3750,0.867294221908577
9016,1.79499651541205
2332,1.92457299676459
11040,2.08613454463742
10389,0.774513917114808
7355,2.22669522534085
10084,2.43799598025043
6247,0.0146508621545966
27344,0.216390547537766
2010,2.67165900921893
6901,1.99154944875183
5230,2.64474447224627
2623,0.422776924088062
84061,2.375986685745
6611,2.71273152369548
5251,0.566057151869953
8266,2.45421165539219
83692,2.13694458062728
8411,1.57679175744537
6102,1.87416467257545
9767,1.45409591232562
5127,2.35464262353332
8237,2.44594777576304
9468,0.174985707443646
27336,2.59723947910406
51442,0.307788051926711
959,0.511644264401718
7076,3.31865358780044
56062,0.169572495028208
2564,0.434094841115883
27328,0.0047737452018541
2245,1.34150831693969
5303,1.92149865976526
64840,1.83462660292862
347365,1.08750080351627
10916,3.23925817126564
5935,2.75393650183587
11279,0.812151213266985
27286,1.62765734755036
94121,1.60224384219181
158866,0.791830861154733
2491,1.03053694551932
1821,0.186369888167896
54457,0.679600817131834
51260,2.49213378135757
2717,2.16163888965474
51566,2.38188481118811
56271,2.85045062601759
80183,0.317846881587821
259232,0.106427514965708
2259,0.24300455003093
3356,0.0475538868142473
54602,1.91721219038422
10673,1.59892261727748
22862,2.064640063326
2862,0.0434116529118274
81602,1.44088997782151
81617,1.92910912790152
688,1.23209716465657
8428,1.75495190734023
54,2.33522318472759
5611,2.37553190499197
55757,1.55258441608927
8874,1.70358852855175
2254,0.106610837745808
6445,0.21253795878428
143,1.83076765422547
55578,1.83692488907426
10240,2.14344222398143
10166,1.68583331178441
3839,2.17059039719327
2321,1.7028125118487
28984,2.37057695752613
23078,1.94106841645058
160851,1.32698802087013
84056,1.25681559186255
26512,1.27553548679092
730249,0.0252228938178094
79758,1.48719495699089
84935,1.77532360671678
8848,2.63155449443171
1203,0.586223585478309
10562,0.93151307223275
10232,0.527660620832443
23295,2.17802291926541
23361,2.24206850459735
8717,2.05492872273951
3299,1.65944553464476
11151,1.9863074730227
5595,2.63011676810679
79153,1.3142109405275
79767,2.0832663052121
5257,1.67043490376555
57149,2.22383604316663
10204,2.44820265895038
9688,1.52464308269824
80152,1.5467530738993
55815,1.05642442625699
10725,1.3150167555925
83752,2.29306821186587
9683,1.78785746183815
869,0.171775977135072
23568,0.0272409292764164
51090,0.8705721470467
23090,1.00321754114546
6367,0.923843609340695
1723,1.2650628550936
6361,0.674615996992866
10664,1.89018122300809
65057,1.91688240123628
5432,2.270176277168
50855,1.81483036526014
55565,0.882133933875824
4324,1.88889774051392
79650,1.73975869015577
80777,2.07431114185315
29070,1.54665903944735
4832,2.84464874489019
65009,0.995246257094982
5713,1.56764949800211
79918,1.1884358783469
55238,1.40442919687515
55697,1.74428994898012
3038,0.793205372342153
79613,1.00378660928856
25839,2.12658034659138
55512,0.706713587412271
84138,0.687349284900887
9057,0.923607934304189
23659,1.75399991675849
80004,2.10532532608875
79152,1.07556957620758
79726,1.56797329730366
22879,1.62022575926436
56942,0.806652419999008
8312,2.0551142211874
54985,3.00098906980608
8131,2.27271385082762
23417,0.615761707512778
4350,2.42077317634045
54550,0.194310153638863
83693,1.74679242355188
9013,1.77101677372928
51172,1.67774713654325
58189,0.483725887343634
9717,0.0890112847364733
23406,2.21417038127661
9100,2.09526227978038
83716,2.1436669099413
7249,1.89997751021182
26048,1.68476077460285
4833,2.79096326914609
4363,2.11412760919375
408050,0.390581556219058
64788,1.78107770207645
2294,0.489910955586257
64428,1.78095465020246
64779,1.23749627279299
1186,2.08389581751811
84264,1.92264242656398
65990,2.40980620873937
8140,2.48516210778339
79006,2.66463589418152
79791,1.57021579797228
10273,2.23417920973275
9028,2.08446716414045
4682,1.92134750023288
7329,2.14271432342973
4210,0.146329784130774
1428,0.345632925870224
29904,2.07473241148427
6650,1.90839175492399
9780,1.88904438417557
2935,2.46837116896161
7727,1.78537336331123
23059,1.72377330745896
56061,2.21587503080483
260429,0.0985059346638177
124454,2.0424363157378
6923,3.17355879809443
23062,2.23725892253654
343,0.532534393222761
55313,1.74447265582168
57478,1.22881802067615
3163,2.38454286451651
9093,2.22812793712489
51283,2.44851672476601
6299,0.375978772065176
27324,0.363348345783893
653390,0.0698819152678692
5934,1.96832964648365
23475,2.34563931420394
64131,1.10614904289893
29108,2.68519183153234
23322,0.885649407755373
4150,1.54130626328563
6810,2.35819786381146
10423,2.68444474849062
10295,2.47641170543272
84148,2.39508429251405
23420,2.20149828661521
50615,0.342231083494408
51760,1.85114451787173
79838,1.88584935000672
9738,1.84246089472286
57020,2.20699389509396
6530,0.0394476217259577
9810,2.33861284818941
400506,1.56134538605261
366,0.196447232976195
79719,2.43715264820662
64799,0.669420823246229
114294,1.93217949398005
10391,1.07451450464082
1445,2.22461154495293
8925,1.68616708335669
9325,2.14813100701387
123263,1.51154867412876
51285,1.88439503102226
8120,1.1515379872781
23205,0.0897599029245919
57722,0.819133637551336
8766,2.67077147428009
1512,2.14208669151885
64927,1.48974075351568
80381,2.35776319275303
2184,2.27946625778425
57214,0.933604244759688
26015,1.81514006664604
9455,1.19031433194697
30844,2.17199532363648
25963,2.26300299272164
64397,1.73800705587889
22995,0.908517807851013
79895,0.58249196850832
4948,0.0332662841654657
56986,1.22319113108267
9333,0.124202215877155
23359,0.0668108416886656
2553,1.66052126501243
7082,2.08820043441959
90427,1.61901839962885
23312,1.25183996084376
55192,1.71693982910056
8669,2.41936581165729
80208,1.92357723386855
171177,2.31232725386852
57617,2.08666629949325
11339,0.853682396061095
7782,0.930814447425371
26258,2.05649411826732
50804,1.56298383025463
23678,2.32724616620527
5157,2.20009182420072
79848,0.776740656725372
51201,1.16828354493251
55290,1.07785667929168
23087,1.66153570347505
79752,2.0191473412603
6101,0.162241111479031
760,2.51752289338537
7976,0.935110167485053
55756,1.70557587610554
8767,2.39759152109389
2138,0.0346660352741282
4683,2.31446951762686
8989,0.0171022935190702
10404,2.06389989412258
1666,2.31398727334793
793,0.0524586470199822
54928,2.29034484894884
6422,1.96010172238569
55353,2.61868759275173
55284,1.69381669414233
10940,1.14205769200727
79815,2.28355024397106
3551,1.89860697611835
5327,2.22169250144868
56704,1.02547104192164
27121,0.385315682482522
6788,1.62745164922459
54332,1.29157374315429
5862,2.60954098514466
3646,2.01773450381915
9694,1.99349938079195
54845,2.53079550874334
8840,1.78209431722402
10397,1.93554880309645
51101,0.999010540599162
3574,0.148597060175241
11075,0.505093427368581
55156,2.3071432399857
7227,2.71392024594875
6674,1.84111532555481
54108,2.22598354874004
83988,1.04020100992127
64089,1.45122182698251
51366,1.93302258445478
79792,2.39899769703288
7264,2.61907507412496
65263,2.16542752646329
1936,1.9934861493588
312,0.494265244135316
6713,2.29113220509091
63898,1.40628348919551
55174,1.87483511175792
90459,1.42499345309181
23516,2.03858511147391
66036,1.18866162630669
23484,2.20283210266225
10671,2.15250948289612
203069,2.15204524853936
2936,2.51245039968059
8797,1.40969868530489
7993,1.63498614257871
5516,2.27418318087516
157697,0.993250078164794
4741,0.126531508402931
7991,1.88549278479703
9639,0.363613627531734
54758,1.29123081566286
4173,2.30811120609387
54793,2.06858447893125
2267,0.0643072587180317
427,2.29943929403592
665,2.64972328209394
4125,2.16196105276659
3783,1.52052949733876
7288,0.0927476423604853
4924,2.72827704745454
27294,1.53230137004453
2997,2.28070532627496
11184,1.2857138944009
1891,2.73548914520034
3191,2.48326003713949
4793,2.11880853504809
3972,0.291796596737495
1082,0.117174481993116
10382,0.458567876182306
54938,0.71837938545417
3743,0.0370602183099194
6625,2.67920205911508
1209,2.63035599669519
5971,1.95442085258743
11129,2.07941900694074
64130,1.55911529783129
284352,2.07924005671735
2217,2.67431571837393
55011,2.42083017250679
1158,0.0679638175237219
23370,1.73260941015954
10848,2.33519572264953
92960,1.94812870555954
2068,1.79805960535149
84444,1.33119845394879
55111,2.07415637751611
57030,0.437829623085357
10535,0.076750799447613
147700,1.06432556266715
951,1.71697873627178
8175,2.52865305808737
268,1.27918368034499
27120,1.07753702179816
4066,1.07161477117911
4946,2.99142243991546
55621,2.13038568793322
8677,2.49432931805662
56729,0.34413797258896
2208,0.085446105720894
1760,1.99607739711437
81492,0.0629560650472485
79735,2.22787229158421
259307,1.10493010362003
79816,1.68993248603439
81576,2.16657683176016
53635,2.00229560775279
166,2.72473088308241
4858,0.726259151366051
6449,2.2584040902597
10859,0.944981299874796
81857,2.18463076260942
11024,0.479308246923879
6618,2.59513613394671
28974,2.94350218709625
10469,1.94743654954093
729440,1.79631506606597
9466,2.33270942964508
55723,2.47546698607104
7138,2.82099855285013
51231,1.64648539927266
26017,2.67210363944928
22870,2.22315339868226
84167,1.26604414219253
9441,1.12501551760977
93145,2.05393219424809
64926,1.4216802068547
10270,2.0806744657993
79852,0.147551407712286
10994,2.19549979763973
79744,1.34571678657937
85360,1.69192685964663
23581,0.307645442559911
6511,0.0072538062085478
6795,1.00306224760843
10775,2.02333613484783
898,1.35588498035124
8725,2.22882480235413
9141,2.44880101054441
84079,1.67878006476101
6217,3.13368835395593
92609,2.05575432274895
2091,2.79583725663307
9149,2.06715649615412
1178,0.0831865093464727
79935,2.12309357456794
2821,2.43334024957697
208,2.06614324956126
23646,2.69683807913948
57716,0.857030781188897
51588,1.95154180571995
9253,1.911959614629
10148,1.09667874589206
55702,2.25076060012997
56961,0.0499117462968908
1155,2.4730544194504
79187,0.160698222962661
5438,1.70879795354627
728361,0.196283043717884
25999,2.38533226810945
23217,0.0266360241092229
6510,2.87654709015097
25865,2.20202796050951
27134,2.34852834943534
333,1.77603721753627
58509,1.51443347343221
26093,2.07176260811695
11100,2.65720440357732
51343,2.18116046278096
27113,2.0215764652795
7040,2.53030048621196
22898,0.933836163139147
55101,2.24959921840555
1089,0.212859717645121
10226,2.44297725738816
79784,1.85697050302516
51073,1.87606584345958
27181,0.93226903033448
973,1.63277006133858
6223,3.14076281618987
29997,2.7935861464188
4818,1.6352974064866
7087,0.209474780431935
2109,1.19754348626525
945,0.738536338222409
1048,1.40452960186388
1406,0.0091091168566818
29086,2.16729015131559
7297,2.25703765579296
11140,2.70338615362133
8775,2.28556325336053
10567,2.01471149649543
478,0.188859637575647
56917,2.19917979800139
5802,2.01553664229921
84518,2.35879427453734
1954,1.83232543667746
10945,3.04543655818691
9266,2.2445350112902
83743,1.95919918359634
2906,0.528404409982386
23546,0.683187963499013
6320,2.21481735386592
93233,0.834235288908172
22900,1.55645107086158
3978,1.95875074902463
946,0.72257197197314
7728,0.925079442978106
8605,1.54648973069845
3036,0.45821721137524
9545,2.2129558061989
1628,1.60865106496622
374882,2.65745829587118
828,1.92470715487464
64748,2.4020758619057
54854,1.56356502432875
54922,1.68411880761117
51298,0.167192797265528
587,2.03997470586326
54531,1.48386553321265
57664,2.36031847859307
5518,2.63222576903114
30000,2.29071442555238
2639,1.99045074568509
10990,0.254688149569017
10661,0.155534015426354
1777,2.65046894804449
22983,0.555704244963911
79165,2.09333234392513
26121,2.33724391765769
29844,2.22475457513619
3718,1.10658375715736
6142,2.80131962978112
6528,0.162754757317783
3780,0.576658888804557
27106,2.06819952163349
5296,0.0516758077965697
5864,2.06930451766625
5143,0.0248187083181388
51477,2.86294864560005
8178,1.6301657661479
23373,1.64952660893319
1311,2.36994870577945
11045,1.42359341957025
11316,2.63156731352119
54555,2.25974609803178
2116,0.624163220858829
93436,2.03056406577056
10430,2.7105984641668
4099,0.403273239498817
25789,1.22696047915783
57817,0.40239174352277
7392,2.50131038958402
51599,2.6891944018745
79036,1.90242942495674
23770,2.9297495844979
57794,2.02351348633323
3249,2.31687003883198
7561,1.84841949329092
6324,1.01874999418171
80714,0.95699081758173
2077,2.45008906663197
2931,2.13367113987262
57130,2.20737208814343
64763,1.89172632232245
2901,0.464271954485533
23094,2.190734262552
7639,1.51187230361609
23474,2.36761704706335
199731,2.48921600837824
56006,1.81201192821826
23080,1.84362866664958
154661,0.730403050566657
79846,1.61211637779212
85865,1.38750789753611
10156,0.429976985720234
1021,1.30176051933526
9512,2.3313023837421
27000,1.87876396051511
7980,2.28036275553663
10282,2.01914115609641
10135,2.25693621596047
221830,1.98275913859427
5294,0.987009210284595
5446,1.52607851053
5445,2.56810444857848
3696,1.31961914012477
26959,1.87161590033447
11062,1.34464669956683
6671,1.23241010055351
29062,1.92508570985773
8701,0.263489742281565
79872,2.02136745912059
1749,0.467396271955991
136319,2.69606363049027
256227,0.0654636900743731
5764,2.08282343818527
51678,0.408165614218354
1687,0.768388905504709
50617,0.378583907987207
56829,1.9403485454583
79989,1.83632698800787
4967,2.50151505609346
11033,1.1480316798914
22797,0.751901375073229
94239,2.64017571964817
858,1.72916699067588
857,2.47481485131386
4233,1.29560995049338
140545,0.672196481077884
64327,1.93248135662592
7472,1.50111829716936
3198,0.389300572986642
10049,2.11025643192158
3199,0.311202839987139
3200,0.405284218871547
3955,2.33629237559738
3202,1.15454339251139
3203,0.11970417031913
221927,2.34126468320775
23288,2.07586052940364
56311,0.598265096314584
7434,0.704323048383895
23554,1.77236589068047
6742,2.51744047008269
3209,0.121326302161832
79974,1.05623500884971
2128,0.0162859366995967
11112,2.59486320033745
8887,2.5402077660364
54504,1.65752349345669
1124,0.0382547653609949
2887,1.68502566600669
83451,2.86669808555436
23242,0.733652409664479
55033,1.94920544481283
84725,1.50053911926352
6804,1.49725793857697
10392,1.06038822225756
2617,1.96070705795031
1395,0.226416048171687
2051,0.72857332524674
84182,0.25101720338088
835,2.14911688567284
51142,3.20432600292438
6369,0.0370602183099194
3315,3.38537896961962
4885,0.509140088022557
11333,2.75471859198582
8896,2.41791551669384
26024,0.758027487986426
1577,0.869609802147162
7586,2.38215615641382
8662,2.44544712071885
29886,2.05536140856295
4521,2.2121533397424
5803,0.149119384289228
6878,2.16365486681191
8976,2.60059151236981
7965,1.91591559479411
7036,1.65484866368138
29999,0.083940390516352
64598,2.44024475569819
5118,2.58743185921345
26261,0.483951716868831
55131,1.42718225222767
84132,1.60703272344618
3614,2.57409165770372
3268,2.19188767493355
23658,2.27505505718974
5054,2.64551965254135
1174,2.72690404950234
346606,0.0223895328412295
56913,1.49363976554492
8985,2.30772545223312
6119,2.28855412105331
10467,2.56443991874251
24146,1.82913416733263
113263,1.93635410103496
9678,1.89959960820163
4899,1.81712702895569
54664,1.85974162702056
2146,2.16285069692531
95681,1.48653513760359
643641,1.88653550644986
6424,2.49630039451247
4232,2.33602354427021
4223,1.38469770224118
57037,1.85754858803824
653857,0.646353656945222
27075,3.28691626613729
5919,2.47631057264081
10551,3.52133399031174
196,1.93434162088271
54927,2.42588132406644
26157,1.75248431227916
28959,2.77716201579456
2737,2.08283907790082
5683,0.35292979754608
64983,2.43332748558054
55744,1.8919318897711
644,2.9227277783604
55665,2.16690687081243
55069,2.76381300626563
6009,2.54867690583683
51422,1.36243699798547
165,3.01309392381151
5425,2.66654804408003
58498,0.639670857784585
2645,0.0992460334971177
9275,2.5026128755576
10652,2.40926422340805
26608,2.26830319307006
7461,1.74091435697433
7458,2.68023158207562
3984,2.17478432788561
55064,1.02746279035627
6505,2.40571091821181
9355,0.122945241276883
2218,1.02442271367841
83856,0.646623225712197
79937,0.0983208065549586
10927,2.4709103580306
54981,1.53898008214133
23731,1.72974681185636
158471,0.476918451682207
1955,1.9200004436598
9830,1.93593248305762
7464,1.46562891434554
7046,1.84676814596206
10952,2.75583243763494
727,1.23528768247651
4969,1.68936693735685
54829,2.66769408467952
1842,1.83869393490471
7091,0.954248718629818
26468,0.917865379106376
22949,2.01276657289171
64420,0.897740377418345
259,0.589448298352463
80709,1.39074132515492
944,0.598650128256063
1759,1.47613853019209
2022,2.61028613803245
203,1.42998251822319
55664,1.83155223547381
6019,1.37892522788817
6013,0.282866849208038
55848,2.53606039703139
54662,1.95685731828462
57589,1.46024423811108
23081,1.36273657339494
81704,1.40788176666312
23189,1.14438157892233
1993,0.18237023598199
23413,1.42378675881897
7016,2.31112170585684
57582,0.031262604438497
768,0.714973921170681
8939,1.97730571192087
7306,0.241609477908543
10488,2.66707673269814
9827,1.4406330146319
8777,1.53675776856599
23586,2.0488405626211
8721,3.08291646245606
8395,0.281688135119667
169792,1.01551316795266
573,2.20528500927154
2889,2.045395563937
56654,2.56035487788971
320,0.335381869087057
23064,1.75751184957568
6456,0.275916367201021
5730,0.21398485556725
20,1.87597678492581
6461,1.46073821808026
54926,2.38611117859558
51104,1.3673175009091
51010,1.19267222746412
7763,2.42322955665391
1855,2.35766548404022
9124,2.70087427394003
54619,1.51217551012193
2625,3.31049628882025
26033,0.382216136813897
3257,2.24854760368645
5264,2.22018643348351
83937,1.24546244733634
23268,1.44611728657149
22841,1.47404569343775
6387,2.53652504260203
10613,2.23613766937132
8661,2.54344233502672
9033,0.277103789523305
8029,0.311344797199496
1787,0.337580263087689
79009,2.32818911938963
5599,1.65368464983504
11196,2.14943334798518
11101,1.92409913513294
54780,2.13020278236782
59338,1.06893245574364
27143,1.63203420123791
219699,2.05466999463644
64072,0.375978772065176
64115,1.83240465816959
9806,1.29872485322484
10367,2.48989156064049
5532,2.34820970136802
54462,1.78930807382717
657,1.65994687814595
9562,2.12722660990691
59,2.77031951030496
3988,2.3053766436642
3195,0.0410354741801234
56652,1.52023148421695
84445,2.4096821289962
81855,2.27076687073885
81621,1.96519600679029
6468,2.48472614380423
2253,0.0378567710724885
10360,2.49622800997913
80351,2.16885190501606
5309,0.108441831261244
8729,1.89350443926241
57584,1.83536461907132
22849,1.21704170370871
79176,1.76800601315374
79004,2.73048497447991
51684,1.72312158178366
22852,1.12404667878469
91452,1.51537788401259
64077,1.98084277703799
23185,2.03994544266686
23560,2.07224046162572
26098,1.31022357260194
56647,2.3634387167912
55149,1.57326637165241
9148,1.4038263506255
9644,2.06968832492809
10531,1.86641539582607
79991,1.81063731135194
1326,2.00452608359307
22943,2.1488088219979
253738,1.07849547136045
10539,2.057277143399
114815,0.0378567710724885
54906,2.0528312245125
7511,1.85906452225586
9126,2.2705386730036
8036,2.40848604119048
7019,2.02085059534675
8030,2.41740110169064
8453,2.00492439067282
219771,2.22998765448316
27338,2.23968062287438
6158,3.00656378132187
57178,2.39810731450942
56521,2.44782395722918
10105,2.48855406985076
64081,1.47121938586038
81619,1.92619563284425
9211,0.0105493414072734
23232,1.56141832629518
25984,2.85069882445715
1411,0.288587783888642
57532,2.29393981377346
28964,2.33065225794862
6143,3.3050505861362
84961,1.6150521883547
10900,0.737908152394798
7343,2.57114071424208
1440,0.830902129192156
5709,2.73468117722418
22794,2.36591472166741
51195,1.90742888880514
8787,1.35734508643028
54894,1.49579716564621
7473,0.78579242362483
443,0.705395712963007
5889,1.63955593596498
5414,1.23815023744727
9110,2.13358959737423
4591,1.9958473335656
5023,0.661465665746951
79665,2.19921361979986
8688,1.29743175475803
51174,1.51114383318812
3837,2.55834010926312
9570,1.75165864143294
55163,2.04311013990999
6198,1.99534729094724
7577,0.640305781269777
80279,1.43179318051361
10951,2.66672010326024
9400,1.78398701748465
9487,0.959053312275425
2584,2.16313840943595
57508,1.45941234314235
23125,1.73604973933827
9969,1.97223595641304
3216,1.49809070680873
2027,1.14685809006153
5216,3.09387447247484
26001,2.61059470713358
8402,2.43689504589164
51655,2.68232418757854
1145,0.884207914333679
10743,1.52617667112546
4927,1.65308655872807
708,2.48503015837916
6532,0.584065575305349
642,2.30709966824174
1362,2.32834218445631
9527,2.05833161505367
57003,2.50111865722132
51003,1.13630940070801
1819,1.41407727193442
117246,2.13521691762267
11216,2.05144899830564
218,0.189853388024481
6603,2.69760738938947
3384,1.34560424899108
9144,2.97438462009787
27077,1.33635007574215
55813,2.07114423816532
1655,2.89905809669087
64149,1.91522127295425
9267,2.03846761009523
5717,2.42810057418463
3959,3.2171158810804
40,0.59217291849023
6354,0.118982195114986
6347,2.34437299693102
6355,1.57604990174904
5193,1.87476365079683
3882,1.8147890544631
79132,2.22203370380595
2648,2.47305761518248
5878,2.47485932443226
4669,2.35096157098842
3292,1.13980633196769
6945,2.24605148897438
8506,1.26260182603269
51225,1.72137889940543
2145,1.92211860831719
1748,0.72257197197314
84687,2.46357528960818
1277,3.35012970189372
6442,0.387246475887361
51264,2.5187085692054
10493,2.82226187210808
55379,2.5979408641344
8153,1.94287366386752
239,0.539888291509998
10014,2.24793589494393
8714,1.84209347543749
51747,2.59152988693833
4355,1.30487018262295
64750,1.81254182815762
1845,2.44189430557741
786,0.154324303695133
9343,2.16536954812946
3131,0.545614025312485
9120,2.32050181582204
5573,2.56253393158679
1949,1.88125970034971
54757,1.16366183879096
7531,2.95481639803173
23531,1.77706589065982
29098,0.461250790364105
1801,1.14507283730818
5608,0.873578101320349
25979,2.21589292936631
26118,2.25627292945933
5957,0.13807980370917
4619,0.134898070440325
9368,3.14811964678968
4621,0.550882802962905
26151,2.22765103748178
54868,1.8994651574445
7448,0.290047970008234
7126,2.35055970339307
90410,1.97913666457426
27346,2.32118575506213
30850,2.43923424469176
5376,2.29152660466313
8456,0.452466019754302
9094,2.13000147813197
230,1.52322311687617
6830,2.46447783054273
83871,2.52893708654671
57649,2.13949818783086
55161,2.1859491155202
2798,0.105693816820032
57606,2.2438170648569
54940,2.73835067388194
23142,1.83218676275026
64854,1.32350723607309
54959,0.0346660352741282
26511,1.99160928772497
10874,1.32730861625884
57482,0.88895865412092
8649,2.34092398104634
5197,0.0710306629776471
4790,2.02515461810134
374,2.55968922520458
4126,1.6943220276005
7323,2.50374403647364
5602,0.516734769110937
1998,1.89145206953202
4717,2.49438135816365
7350,0.0962816618610842
23158,2.79495371916656
27309,2.1565542106027
8821,1.95207956065343
2549,1.52276863378373
11275,1.44294094755295
3558,0.177006367365097
1363,2.64721639871113
6164,3.08422479815269
7466,2.332377136072
11199,0.085634128532859
80273,2.04333641190187
54433,2.05143764735689
2483,2.33549268760348
1182,2.2750460495138
51166,0.816907414967927
51809,2.38683301877033
1665,2.49243624775178
6649,2.59095328214949
51091,1.56247469936033
8532,0.0616026860516921
23321,0.793133101453946
56606,0.704653279973887
55294,1.4754636893297
55247,1.29107486684021
55296,1.42770998829115
116449,0.0775105280642577
7468,1.85984355972322
152503,2.01525554412368
57620,1.4489978873808
579,0.45505371995875
10227,2.59768310126621
2743,1.47555081752009
683,1.42559571912636
9693,1.36712856075405
3083,0.602393188728104
83891,1.67574526763822
55805,0.642116651308101
55325,2.00654544203404
51274,2.17497377084014
51088,1.67564565097504
25854,0.571777735397784
64151,1.54737323666459
7358,2.91291541503955
10891,0.382086713512505
29118,0.085446105720894
1410,2.08722303867125
10553,2.21044819658867
1075,1.42289194313358
91057,2.06990437869617
7704,0.393009458927658
26610,0.636213955885564
8882,1.90797232854327
23788,2.62257678444823
23360,2.2234721364349
7007,0.447619227650367
6309,1.99884048274437
56253,0.347260467923601
79864,1.48798132244131
27087,0.0276439590910099
3312,2.91247042480954
4013,1.94959086721041
3338,2.46169893071208
54414,1.81663374123107
29907,0.30736014523199
9404,1.96635456557321
23220,0.989343821791067
23130,1.79380412982688
10938,2.23238332646571
5007,2.33890419667946
81622,2.17922321323972
83480,1.98751214425682
28960,1.63643172584236
51111,1.9860107747019
55572,1.73288463614932
55291,2.19425547153102
9379,0.555806476430839
64231,1.79098329030509
51338,1.12121506535807
6484,1.96839319199931
1374,2.16706353065608
595,3.00968908367819
79080,1.61345611534802
27339,2.79233987824825
79073,2.69499809232704
887,0.0209692882026594
3263,2.10131368655331
10612,1.97014014708983
26973,1.45907469085802
2348,0.768538973224568
25906,1.06399845385069
2352,0.0386525717956126
24145,2.06532955441776
9828,1.94513550142981
116519,0.0528497930137067
22897,1.79732820519407
50862,1.96172823197463
57562,1.40181169245261
1982,3.0007718429002
3587,1.40723307243613
374378,1.92328435280576
329,2.15921954097123
9354,1.54303402665483
1656,2.30134913280069
7379,0.522646664580189
867,1.60807373433433
5818,1.91226093197049
10114,2.19477353358622
25758,0.55519286814847
26273,1.65944553464476
8050,2.18865226917922
6506,0.815512140849427
29099,1.99643864669094
51296,1.68173829142855
921,1.01271751874748
84680,1.39256886210282
4250,3.0757849016232
4192,2.93788386577738
55626,1.91352074407782
8567,2.08242179026658
114971,0.862702574564862
79829,2.07656119873008
833,1.89590270945068
5002,2.34355679574796
975,2.8358561606532
54733,2.18495984117443
29125,0.382216136813897
55531,0.122405948971871
55553,0.137020599151987
10944,2.38635764122437
9600,1.53790852863845
6207,3.11950981328211
9049,2.70693716129698
4928,2.22578888020142
4728,2.55590503959864
10312,2.38226807156012
1119,1.96031802148231
23086,1.08081662277861
11234,1.70776626358485
2965,1.82330531038586
5450,0.575864254877393
84867,0.12114622315791
7450,2.16238318343549
5715,0.468780616461494
10536,1.98394102829162
8496,1.57728567859495
25766,1.11426748241235
969,1.74267880615543
11108,1.78935195455599
9976,1.79131099047855
84274,2.32420435595513
6404,2.01022952922105
23603,2.23078695155283
41,0.407039426491137
65981,1.44863009712434
441631,0.502566537484084
83892,1.98896751690548
4891,2.00159023622085
9761,2.5653503447554
4598,1.68109196843798
81566,2.2890207070062
10645,2.13757686063507
51411,1.36466604230587
51561,1.13083612265708
506,3.0804580978292
10728,2.89555002445359
341359,1.08122528364748
605,1.58722916774689
65117,2.18730526884262
1594,0.461134344384387
8825,0.700015332905797
3875,3.40619574866566
79611,1.17425884492413
23371,2.44100132227575
2735,0.541975663969047
57460,1.8877053676072
10988,2.30830662506113
4048,2.25861551472956
2004,2.2812715602672
6539,0.242694746112255
81029,0.815372448514966
55110,1.85668115524676
59341,1.24031307309187
55846,1.73998022579827
2305,1.86584055757754
11272,0.796880655768557
56341,0.150684352667124
57097,1.14835500323686
10094,2.86787640737747
51184,2.03156488469885
51699,2.38018246726526
4633,0.0744674501196066
10635,1.68082473637284
23316,0.0358639763576893
10019,1.8562607714648
10566,0.890762064731562
54682,2.09577587785953
3736,0.0914418297097786
80824,2.37290239111276
1389,2.46355549543064
80724,1.68190674403723
217,2.1484657316506
1027,2.85000688781559
55507,0.616981518605273
80018,1.30209675039842
83445,0.179189734011994
6337,2.56244586917268
4055,2.49719854542641
79676,0.354004926387737
8099,2.58592888214234
4940,2.31373387456345
4939,2.30484506607979
420,0.0410354741801234
4256,3.35106038353378
8437,0.211249627942036
397,3.09397414786714
2967,2.03151700191974
1967,2.41950512228697
57696,1.84406212244402
81539,2.74721643547164
79785,0.939261432386351
8909,0.398981989968045
79794,1.55539964552988
7421,2.06075278385636
11211,0.947708152609652
5985,1.94059875499185
2054,1.60336233930362
283383,0.169063147349782
22818,2.81970172552743
23329,0.901902753862643
55832,2.06264645986731
55801,0.142302962436914
5869,2.67219263396664
56890,1.49237862341723
57122,1.92364844259055
4848,1.9231655557415
8914,2.09044367820067
11052,2.19703474962451
11103,1.59613670901748
51258,2.85812898081936
2597,3.38544085833516
4839,0.0996158349795007
1108,1.90558725129243
84519,1.20336262613928
23074,1.68744423471211
50813,2.62492760001033
51147,2.1580924086604
2784,0.282572337038963
83461,1.75584249729303
56994,1.7567904397476
8078,2.52040937826384
7167,2.98771965441999
79158,1.71491190245767
84727,2.12476458401067
2026,2.49022347967429
1822,2.77455664845854
113246,2.38191497228633
5777,2.37995493135917
10162,1.30154644353983
51559,1.32917003664334
79923,0.0398448655326076
64426,2.31270223523513
51026,2.1776232344318
3945,0.621746480535767
5564,1.99304263248419
55907,2.49427726873926
29915,1.41582308059961
6489,0.42815303208973
50856,0.191506919633341
9847,2.04945159299997
57379,0.0175101773978301
11021,2.10247640112617
1911,1.29783233456377
1337,2.62676771951622
55188,1.47047176502153
8683,2.23536105400584
26127,1.9374023601243
3820,1.06348405843583
1303,2.44972309249466
10384,1.77409749752481
51567,2.23788359304126
2444,1.09716478229435
29940,1.00155901447548
51389,2.02253395663225
345895,0.819619607688895
4117,0.958050800689682
51522,2.92484478554394
55003,2.20685793760684
2651,1.3105544946048
57150,0.800249505695351
4739,1.80553715233411
387119,0.529147433089322
84830,0.553041081950688
25842,1.88793028640423
254394,0.971884572297778
79632,0.407790405772922
8732,1.63703658095647
4121,1.94176430331528
2570,0.279473252491523
57515,2.77092090556663
51020,2.13144014084409
7164,2.24288276337441
135114,2.11583594498807
135112,2.08269308126206
9750,0.534853726715146
23328,2.06233243720469
10090,1.24133999717543
80329,1.19147581024805
26271,1.35284142777115
54516,1.16589908196736
5467,2.07057334242066
4988,0.002701491548138
2178,1.25110143239925
7287,0.200704422956811
116369,0.134720944513396
1432,2.02421595821389
6005,0.0408371562480633
222658,2.16696459573717
11329,2.24134195732017
6428,2.70529482492994
29074,2.69710838251254
4172,2.63614789822249
9025,1.48083669374478
221692,0.477146386710582
266727,0.526809636303303
22858,1.8729102269187
26268,2.05917748771532
9308,2.17194655119244
23195,1.40100359295174
2740,0.730005708275315
55776,2.28323990698031
653,0.128497301456039
60468,0.557644145757668
221662,1.76073747995297
10486,2.34680914785026
79865,0.0286506937617837
26036,1.3426980287774
9532,0.982848416154765
51715,1.29983073335513
222642,0.261676767701005
9457,0.858208392800552
81491,0.104224463503951
202559,0.0225922306114602
26235,1.756162660615
892,2.11378305335573
1871,1.92156228870887
7803,0.0763706752693144
6492,0.0060146795562324
10973,1.75029102858026
154150,0.0508922379282558
11149,0.568672248605575
1297,0.0260306859239784
9439,1.96606347350949
8936,1.05599815167721
2822,0.153112792461749
7915,0.832332733607746
202,1.71921658164933
8876,0.433369811766415
8875,0.481803521088127
55856,1.80562160753682
60682,0.918638072909458
6206,3.46600014029201
81688,2.75953059504735
135152,0.250863876616529
51053,1.69715218201989
2070,0.01219232802879
55084,0.704157872207779
8724,2.75850464735064
10767,1.60767743437584
10475,1.75845613622765
5191,2.05616923799246
9841,1.32356592691522
9896,1.09459745500222
64065,2.59703920248149
57221,2.06550992321447
117247,0.105877302441966
51696,1.99276434538381
57211,1.12168091489475
9749,1.31775332138728
7957,0.525744492928711
7922,2.8333207679787
1235,0.025020825205399
5252,2.55502400396355
51596,2.89282895024038
135138,0.326664173032578
9444,1.73735146712279
168090,0.196611388713941
10846,0.414639616844737
4188,1.78153603747232
7942,1.47428594885271
64094,2.65626332748776
896,2.23534077059484
705,2.09803313909766
84498,2.07331738411093
6908,1.8921715862796
2979,1.14600673585455
5961,0.935514984561163
23506,1.7710969247021
5528,1.8432719290727
51069,0.653773222865179
5754,2.26378043522448
6722,2.47803616230423
23113,1.54995793715405
10591,2.43252775687486
56940,1.75480924239685
55770,2.0776837291444
1347,2.81740903851029
55754,2.63315677438141
2762,1.69339286433446
26054,2.08642891225475
3617,0.928655398054516
7422,2.08787149816412
8899,2.07646573148826
7272,1.66425898347494
2030,2.32037897121563
8838,0.268003996365478
11120,1.96474016794391
3910,2.03660618623942
55603,1.49062866497346
53405,0.625646294809124
57666,1.74574945524877
59084,2.14984908743582
9450,2.08997363629224
10279,1.3185833872324
4224,0.0362629122582597
9096,0.776740656725372
55914,2.19414490193851
56133,0.243159406590322
23438,2.09411161123125
83594,1.77271961619894
55722,1.07027514417353
4124,1.6616238079959
9037,1.1701916595573
730,1.57523604862391
11044,1.73248425007267
2690,1.11276468798098
3157,1.74336305117545
1611,2.78595190743106
8382,1.94464816451203
10902,2.17255571855379
10112,2.17981585278309
23530,1.68227150728911
10884,2.7869698375895
3313,2.55665753176534
23107,2.2463232070864
5201,2.59501068049664
1839,2.19216775838934
83697,0.0296562306312831
4015,1.91755777402656
3003,0.685059452068396
10307,1.84050402038921
55374,1.56640620705216
6678,3.33634466056117
3550,2.60226009634178
3156,1.85901810431822
10087,1.44461278088818
23197,2.3765635497788
56132,0.25300774946036
26167,0.612278254245819
56130,0.4998099321878
56129,0.476348304387361
8622,0.472000666094352
57396,1.64190814839396
56121,0.603540902513131
2916,0.0453866897349848
3702,0.350100378003441
55819,1.8618400323552
54974,1.86757174634486
411,1.20446068020496
9685,2.1959894489214
7060,1.68120443949639
57472,2.08351095501546
3593,0.369163320318155
7265,2.57273500632156
4437,1.89585183067203
5924,1.07327351578477
2566,0.0072538062085478
900,2.57182541199582
10622,0.670289423514483
29102,2.01120974895559
1004,0.790017893477775
4001,2.28097086935175
57561,2.49225510470775
64083,2.72664827626377
10923,2.57559091705851
4883,0.47520668036307
83989,1.7302000493298
28965,0.726898340786985
6897,2.24647370337531
50805,0.715786306875604
4012,1.81033470896297
5144,0.463227566292495
5810,1.72428378806954
55299,2.01922773919913
64902,0.0138321417599086
5618,2.31538142161158
10723,2.26775117397079
3565,0.0646929135332517
10111,0.509140088022557
3567,0.157948059098281
7903,1.23849411588412
10007,2.32545746733766
51294,1.65350530529117
6500,2.36343643209732
9631,1.84385026747726
5515,2.69754730107612
2246,1.61340716891194
2908,1.87428096111352
56951,2.55832223652279
23398,1.95740234772691
3977,1.30660005087851
373,1.61897003940613
80006,1.65250265976197
735,0.0358639763576893
10802,1.78412030269773
79770,2.32549606626539
23548,0.933140147925404
5917,2.36266096719043
23286,1.67893550531614
9555,2.34395544035914
10915,2.09280006848797
1809,2.36399340807403
4090,1.96747430199463
1452,1.95167447138673
22993,2.09487408318081
57222,2.56896758795867
5159,2.50681383316256
1044,0.307502806997814
8992,3.01724279921489
662,1.94223257805321
8614,3.28256635917307
80315,1.79827448262176
3274,0.892993637769013
1627,2.35139615752112
23567,1.57139555270797
90249,1.19850525835721
1962,1.74428994898012
5067,0.816279912387905
10051,2.08498579773083
58515,2.57566936853682
93973,2.00059143167696
55171,1.48952910845283
51300,2.50143523864873
51185,1.72842218021156
3827,0.152766315216847
3273,0.0109603861112779
604,2.46261210543646
3081,1.53086498255628
10686,0.0483405753318879
84100,1.15987371891419
27031,0.995298699409969
942,1.48842707724881
51421,2.38300098562406
56954,1.94234578672169
26355,2.3813327805277
4968,1.34720562494155
3836,1.69340654256628
5096,2.19251658649321
7337,1.83915206896852
25852,1.81548047429193
80321,2.07278735301688
5948,1.53494933626494
5947,2.4941463611734
55186,1.92605411319193
131890,0.0168982779780871
9616,2.5547610905748
7029,1.62211895679771
54464,1.70016653845042
8850,1.39727484286475
590,0.310350550718664
5276,0.0191397532419228
11235,2.12576624387375
79782,0.145456075290178
7474,1.19617194162394
5210,1.49235757679705
1294,1.31166608334466
2257,0.348884562206765
5576,2.04643240536815
3280,2.62879077165552
7375,2.22079389356157
23527,1.68367167748568
1894,1.95145333698728
2779,0.0138321417599086
2771,2.81686479432132
10342,2.20629148172577
3373,0.941441215233828
11334,2.45170129950381
10641,2.29526971585591
6152,3.14821388912398
11068,2.4362509850371
57415,2.1495979699069
8087,2.25385623722628
868,1.36216450643501
56987,1.94152995699523
55081,2.16049009243859
59345,1.76614535759904
11148,0.0150599263207783
84223,1.67057886593849
2632,2.09776801040208
7372,1.74519055769977
22916,2.49358786239211
8723,2.35040262306222
79669,1.81520197949638
23150,1.25180641309787
54946,1.98123910493265
152015,0.236473118332489
5361,1.68227150728911
523,2.40094514557412
80325,1.81876713970996
50512,2.31809130800519
7348,0.0240097576149657
10675,0.756348426715879
23276,1.53689216644087
22937,2.32769626604869
79825,1.71377687405698
57501,0.744007932624664
79858,1.96866138078372
11222,2.68869766478965
57088,1.78293036845787
51409,1.4038766150925
1154,2.5569282770947
7867,2.25245179502861
93,0.970247474909738
57599,1.87360960864922
51122,1.94243633022715
64689,2.12698670533533
51555,0.110816068496528
9136,2.33528558979845
10057,1.94829226308737
13,0.0957246593932778
84836,2.56903299153992
10289,2.30003818803622
100526760,0.0773206608342586
26084,2.01664650470847
54800,1.82555605066182
23007,0.937304576592452
7433,1.64522362181765
25981,0.846400264489945
6747,2.61568436225223
92999,1.52965820746217
7134,0.864258382403015
4820,2.0445813569575
1181,1.07749134219857
27086,1.62358962718625
1981,2.61311359121596
28972,2.53223372473055
6787,1.69708436044085
6508,1.41934549220382
54891,1.37332741214337
1933,2.96711728648531
8745,0.444767310180947
1716,2.48831741122274
55233,2.50168622744103
55683,2.264593253401
81562,2.41085004222929
6242,2.19857420262152
150465,1.30729647688623
3552,0.102752494025378
6364,0.86315674385075
200576,1.47487517082019
30818,0.621560230344574
51011,1.3218612364793
4691,2.8313140889438
10120,2.47995479798208
80255,2.02479527731694
7535,0.788054246159682
10096,2.36235620824175
55240,2.18777168207362
57669,1.8997760066548
29842,0.368241174774447
51639,2.77820164981326
9540,1.82319397280161
51277,1.24075831031187
5443,0.368899964119121
10254,1.93684414510806
9381,0.0723688738166034
2820,2.17388003677715
1058,1.61285208016255
9595,1.44505302825825
90,2.12736955352178
85461,1.94475318042858
7781,0.0555827213422205
4358,2.34229682608622
2976,2.15704648596218
8890,2.0794611002031
29959,2.4331925191281
3694,1.99210758355993
64838,1.65432671934368
3676,0.868838877277481
10213,2.21453714928416
9784,2.65291460023334
51130,1.46282098773765
5496,2.67049267024955
5136,0.836943529739118
92840,3.08898553295945
54760,1.85655975520118
10297,0.237409477737577
64135,1.9677148369181
6209,3.07028292083347
25801,1.67763379409863
83444,0.517813257192169
7841,2.48542889516221
64427,2.00283185331941
374291,1.06712192269606
84759,2.28209558133687
2888,1.34924936154631
79745,1.43468619842355
3196,0.0193432301006561
6711,2.16639517785831
550,2.85999073108515
57142,2.78115091907918
27429,1.98878673332053
84695,1.55130092889586
1796,2.07040621518978
2591,0.915422143324664
56655,2.32469999417891
6869,0.784914785129246
55704,0.643742398586918
33,0.155706684763122
84141,1.23070417625019
9801,1.89245390318502
10314,2.24361919605401
84128,2.15026866211046
2202,2.29600027712312
55120,2.45011494420015
2335,3.02501636710641
6772,2.44041759739265
2744,1.79171480586828
64895,1.40153405276498
1768,0.365732565180517
55825,1.84238357039355
25972,2.29615520613488
3485,2.66802302287718
84173,1.75232887154212
3488,3.10510774273255
9736,1.4727550496317
80303,2.96822410242163
3769,0.0150599263207783
10575,2.55857235252812
2677,1.95363708825884
23301,1.6127540541096
5013,0.126710411468181
10190,1.99852720140088
80219,2.35760730978527
10578,0.487780200999866
23451,2.68461988295072
8869,0.941899140434606
9486,2.04428641921642
79031,2.3923338026987
25843,1.85398324238191
3336,2.09184001031873
55818,1.95271948421982
84812,0.691653646846169
51652,2.07688984073237
7701,1.44964086845228
7850,0.254840736075145
53632,0.0162859366995967
150572,0.438550324572902
3554,1.94081092948623
7475,0.27099916815796
8808,0.188196455857058
9173,0.607733214268179
8809,0.82837380830723
8807,0.424736350741391
6549,0.0264342928541542
2274,2.56039864722089
79083,2.88225702960046
27013,2.55723704292212
80146,1.84380210348285
10058,0.145456075290178
8576,2.05405056613707
60482,0.247175088598107
3069,2.76673208136025
5510,2.44231237366974
23178,1.50377778979985
10494,2.19808820573951
7173,0.614351585341608
5624,0.835793916727302
3398,2.71633477378108
9014,1.66308969255023
3241,1.96300452917341
4953,2.07790042720482
57448,1.79476913713941
79954,2.10164556370537
55041,2.29812625188247
26003,2.56946977389945
6801,1.61054295809234
10153,1.97024555809979
23683,1.35852669417592
80067,1.50513285992344
25797,1.68187867300557
22930,2.07744574262344
8604,1.99193491421955
151393,1.01632401172452
1746,0.240056513557371
3938,0.0487336436053482
1615,2.36905447340376
6432,2.63799182932405
6382,2.98702370374701
5334,0.691401200751576
6509,2.47461146085969
6654,1.7802828326561
8942,0.476006003435872
7456,1.90576931405926
4999,1.93887439707728
9167,2.37937559413201
56902,2.10784065377382
5000,1.77962117905425
5341,1.80418356294188
390,2.02545887667789
1386,2.2337107495291
63892,1.67664082389618
22848,1.25575083362967
66008,1.9923996164268
54980,1.69753179162281
7072,2.41994744286366
51449,2.3383385408741
84634,1.18253424196535
2034,2.40820509725767
1820,1.2729605162045
7341,2.82337772304542
50489,0.373233728239497
116444,0.167022551389696
25806,0.390325533156975
525,0.15155248342787
4780,2.52887898254272
2956,1.81176233208283
65977,1.31760495814087
6697,2.8298537678094
2043,0.732623828800474
117583,1.0645591006454
10056,2.10155643248595
7840,1.50037351330991
607,2.37968817881552
5396,2.25442850870158
1718,3.02184342993431
23341,1.75228103238309
4139,0.459385447426768
7143,0.616043391244703
79906,0.964813777890957
2882,1.86908733952903
27101,2.44987160728189
6342,2.39896506761919
25823,0.925432088465913
60676,0.164293748875643
55103,2.29067433656891
9068,1.35461438681967
9731,1.60632084770569
9917,2.35143412593841
127428,1.03786071833164
9528,2.6290893830404
115353,2.29059700828329
49856,1.75316520140979
51253,2.49154292665117
23463,2.49475874497469
6146,2.53667675840394
26038,0.092934019355804
5768,2.21394725159514
6814,2.10190293100437
148479,2.31222807926287
54206,2.51798677462297
11315,2.99653666010172
57535,2.6074113909754
4985,0.505093427368581
271,1.55163608558624
6429,2.25903481219044
51102,1.89620784730981
3749,0.906825171126266
80267,2.03547066878711
79084,1.90303799059913
515,2.65299836318956
5906,2.16407912640179
3065,2.63265929684752
829,2.74041527855859
64766,1.62141392830234
127544,2.07990278830635
10067,2.73688363028586
55223,1.8022726984397
55870,2.06928288283991
58512,0.215108412764069
6421,2.76377262466642
58480,1.27299277936166
54856,1.92610129201519
9181,2.19526421425615
28956,2.80741716943118
4209,2.46130362925982
85440,0.94685730367334
6723,2.66019584268798
26232,2.18762793816433
26270,2.31233529372547
81563,2.295991824342
54823,1.24389889843258
10459,2.25451474418457
9829,0.790598588439294
3953,1.10283450724205
10625,2.24848908400895
90231,2.47842716059343
9927,2.23326204996004
10216,0.989926075072905
60672,2.01921537139641
9887,2.28998920475705
4688,1.8632299629341
5132,0.1159067175905
23169,1.81532577778956
5321,1.01082947070262
1647,2.49470825669926
79971,2.30400758217416
7799,1.77699814223291
5997,2.46126207569726
6121,0.0209692882026594
6738,1.85266533911632
270,0.205101591371193
51377,1.98340487207495
10286,2.56416691883821
9295,2.4673142258755
1491,1.55858364804282
79814,0.977903981178723
56944,2.45990092337305
51086,0.0778901327798074
10878,0.0623763134303502
23207,2.23183723471225
1429,2.22221296191764
10745,1.46275393800065
7709,1.97791928947135
965,1.84359975343915
339488,0.910025238838125
914,1.6689060667974
8458,1.35147991408996
2494,0.801820469792644
23046,0.592852432959605
252839,2.75915677426547
54936,2.4590480996434
55700,2.28518784143336
10352,1.78912153015039
51179,0.521896919194005
127700,2.11415152446228
64960,2.58399276824229
149371,1.81067903252588
8443,2.52826421260317
7257,2.14017932893326
54955,1.6713123572782
64121,1.64184680676483
4811,2.38365078717684
3964,2.31442691717254
84618,0.0940514026841421
51440,0.0227948798627598
4548,1.92595187317001
656,1.0693494805141
4610,0.723214674250083
57568,2.04051858508927
6018,1.79513721226023
8564,1.65664848262837
127396,1.0707374297191
9132,0.43506045060897
9783,0.667418860846234
10000,1.41763627182452
2117,1.96113167327643
34,1.96717696501588
81849,1.33669363428588
6504,0.431432944835571
962,1.17814354127805
23266,1.00285512741336
11240,2.1695810768296
6390,2.53982788319552
4237,2.19335463544086
80135,2.30329471510808
10765,1.96656032851725
6675,2.59588558344231
81569,0.0852580403731478
1486,0.93093093945055
5999,1.70945802829587
59349,2.42367405983004
84966,0.545821375405253
117178,1.51941597527356
54680,1.75494002039418
26279,0.659087533302662
5929,2.14091243414292
2635,2.38004163120502
2633,2.1854567855739
100861548,0.877585184081968
57576,0.73625635364716
653519,1.48003879021452
5129,2.12192062558864
8934,2.19207186490872
11126,0.279916730332413
1889,2.93530645288337
3155,2.12044785691624
2582,2.38675878876451
3399,2.68119547287128
1380,0.0440046509270564
4179,2.77705498110518
9129,2.36037154306848
51107,2.91487508052364
64175,1.96801176295666
6513,2.45053729684606
10969,2.37978796653408
991,2.34672727865209
4352,0.251630213228408
9048,1.39956098473833
9670,1.99184190624987
533,2.81791291507858
8704,2.1945069809505
79033,2.39976146645512
8643,0.915839957825254
10327,2.67658236668402
5052,3.02731660677589
8503,2.17312737009228
10103,2.43028721675819
8548,2.32393039579834
57821,0.448448975733771
10560,2.51030262201948
2166,2.43929861790897
387338,1.65137766131188
50999,1.78410919718954
1810,1.88598841230919
1266,2.94414884974343
23215,2.39131539889086
2152,1.75339192641016
5825,2.1772711325524
8674,2.00479594995032
51611,1.99935553379151
356,0.281982980067927
58155,1.28810317424367
7292,1.10300943000046
9588,3.00772173747327
55157,1.93876780174521
3290,1.32500181617658
3664,2.54177153487918
27042,1.41123673200743
163404,0.233657399112409
9890,0.644914180816562
462,0.14335535267636
11123,1.76416026984722
25949,2.34154138960545
57035,1.95783782462029
23443,1.18101093545891
55758,2.1494290147954
3925,2.6424213493547
56181,1.98841150366153
57134,1.81581030291761
4751,2.15108044453956
6195,2.18772895361776
79947,1.97642155359083
29937,3.02074145798832
25936,1.63692807612471
5629,0.322617911022926
8289,2.01603585870515
1063,2.31876984896209
6118,2.55045496603095
5511,2.3949727559542
23673,2.32623113648201
54996,2.16720776074356
200010,0.326803321813842
114883,2.3294700678737
51060,1.06315648190682
57488,2.48488279641712
10849,1.34633531030477
23184,2.21088799181609
5955,2.0088910935431
1143,0.0432138940104846
727897,0.0262325134658017
1509,3.4427382785473
78989,0.468895861127418
10274,1.71751012308533
51146,0.0882619910836516
6794,2.07329598349226
4297,1.50992727833455
11181,0.212859717645121
56912,2.25008496415186
4317,0.076560759028747
335,0.884270656287316
84215,1.52017185951109
6543,0.15259302132939
11133,1.88082867201206
6230,3.27141905540471
9928,1.13992936272471
7139,0.0366616595234452
83479,1.98373751245207
23271,1.93717305221849
22926,2.21578194317632
1421,0.156224473136085
55686,2.41459701777654
22868,1.6936116656095
8828,1.4292420830466
1385,1.73863697522241
8609,1.46538441115446
7276,0.0491265280900879
9331,0.395683880770997
79630,1.99491910478344
23632,1.02267141037905
55259,1.48897840280414
4033,0.559375391021774
9789,2.3766884337935
57558,1.73991869943141
6785,0.351718469371899
27145,0.612750005186743
9994,1.64067974587282
9324,2.85529405472019
90025,0.733652409664479
1268,0.364938653624681
81573,1.78634664972607
84251,0.622304933141411
23469,1.80400346204649
79747,0.0346660352741282
5325,0.974549105951626
84085,1.41621567270056
7128,2.05734976918266
9465,1.27559970368058
10981,2.37251860093962
4602,2.50343282621475
64577,0.531054556034876
6446,2.04138248816136
81847,2.21497531678719
383,0.272641658894794
1490,3.00691033271913
6943,0.0148554188895284
83449,0.0933066477599419
26234,2.48336654366701
80306,1.89965001565313
9194,0.491253502857235
10329,0.968331975257185
80264,1.19125119638244
8673,3.10531121586891
64858,1.37537726830163
103910,3.24248183690782
2309,1.89945675278007
84071,0.847796888430891
6185,2.9424260145082
60436,2.06868742763437
845,1.05618764500929
5311,1.73113023112676
9429,1.38378367986556
6696,2.71580696702023
8987,0.474292102222012
10983,2.95286965592797
5918,1.44421854635091
64747,2.1972351160288
25782,1.95796112154685
196483,1.61314603369289
5493,2.0793558579971
29855,2.07791627814403
11278,0.973571647227322
7347,0.676855063004191
27253,1.1870417489944
64342,1.49313569903413
60526,1.58057112288573
57539,1.70920731608173
894,1.7216741042747
22936,1.81969709523432
56171,0.520072866239727
57404,1.64491905553302
4709,2.74822593346895
9330,1.91738100121161
23314,0.398222167107179
7320,2.53840681021892
140803,0.0465694896604753
9615,0.0274424681999785
687,1.97949358408121
9414,0.0955389086838045
84417,0.675305720603629
9270,2.04315656583761
51692,2.31417919120132
80235,0.923077339420652
205564,1.91685021207929
80212,2.01142442741693
84886,2.43053023369261
440730,0.0681558255976688
55127,1.74154008528378
9991,2.18348439286315
5887,2.68751935479649
23307,1.83628775127638
8727,1.7136984883577
54942,2.02858457618803
89891,2.62764414197758
6418,2.78050525000986
5524,2.59037654525246
2733,2.0752756169704
51552,2.39780039799356
11064,1.53500715770254
22954,1.72978459959371
26190,1.76927264736267
26147,1.58142822781064
10783,2.00044853202358
54836,2.31085798376365
5537,2.35368040954467
4702,2.72496151697237
81932,2.24544834234259
92400,1.92785863355251
84263,2.20240048203567
79109,2.05618044549073
8013,1.71773026609919
27130,1.09402046130303
79695,0.414267630986091
57706,1.3255867715103
85365,2.12498277611193
1441,1.58445923302325
2531,2.01269737616815
9525,2.15646501828448
9480,0.0066344685557293
148223,1.94917578124853
84878,1.88283039469575
56252,1.88754092478045
26094,1.58646906767144
283571,0.219586911868952
338917,0.0181216355189445
51077,1.98070601787275
5228,1.39597480322254
83982,2.22019350319387
80127,1.77795691133459
91754,2.16742605345885
97,1.85256161059936
112752,2.25391702752242
10577,2.75728276228864
83544,1.82293069324756
64207,2.48248865114482
10965,2.36833770472394
4053,2.4030032363498
9870,1.96880245846001
27030,1.76506688563809
23093,1.72657362251715
55640,0.835658533286087
5826,1.84747531120394
1743,2.45723238993849
57718,0.354541924741873
7043,2.62980361368839
79696,1.02021095340137
81892,2.45590524767955
58517,2.31170758642025
4329,2.20917287677276
8111,1.50980545484925
2103,0.0964672461846826
8892,2.0078411607547
55051,1.18318039616871
51004,1.28618630696539
57862,0.380142708006382
23433,2.074865624283
10936,0.75220902447439
9913,2.22012987052474
114818,0.532111892626249
1788,1.76544987907501
54867,2.52716627339046
54454,1.37073348268572
2281,1.13643318685209
64225,2.14344222398143
51646,2.52829729808419
25940,2.10858942694718
84272,1.82748423121614
54812,2.31458664003449
29094,1.94970197642093
25927,1.60404546677363
53335,0.166681952429176
9419,1.72673853700773
4072,2.91165448881846
26503,2.18764736649709
79627,1.82758441347208
55719,1.84402361143035
3416,1.57010840106976
83401,1.29526960346679
3437,2.43431238400883
3433,2.10801096564997
57678,1.5498458499901
51076,1.84712187996609
5507,1.8350498925404
84795,2.15230323177945
26507,0.0264342928541542
4601,1.82407374222773
10285,1.99210094386707
80007,1.69883085226423
3070,1.42228643854794
26123,2.43876712961885
404636,1.37335408592308
60370,2.08440487871554
55717,1.82168292536626
79591,1.96513905611789
30819,1.39351865975019
159686,0.440349029066147
2805,2.41146759726578
1369,0.0288518968796068
79946,0.0366616595234452
6425,0.0565566131007352
10672,2.30296941682242
3218,1.92558988923503
284058,1.63372335440539
3215,2.34998574635041
1394,0.0799748722352531
3213,2.28222488353433
3211,0.646083983121727
1843,3.11150548284631
79646,1.87799362846706
4488,1.47652994951306
7010,1.62061144725911
10171,1.50144894702764
79886,1.80317612955919
54586,0.0382547653609949
79817,1.03043802574238
11172,0.061215604083323
2315,0.238344734117321
29126,0.608208032847285
2891,0.151899477025274
348995,2.26507318712906
25902,1.22674979558278
84918,0.194968321469421
80129,2.14243600382911
5110,2.37898877306208
57480,1.11550969653641
80177,1.90881074254465
80231,1.26342341248286
84418,2.59379503761337
54853,1.56447171333283
64411,1.48659902991613
56128,0.299329003342691
56126,0.556521687446035
56122,0.916555562207354
56124,0.397588395924526
83884,0.235848264810662
63923,1.38430617755615
63931,2.31047008508313
91687,1.38701462581893
8995,0.194968321469421
89866,0.0436093653522559
92344,1.76928414508684
2853,0.058501008843608
39,1.96688648801457
6950,2.49838595572231
83887,0.0142416006900836
399979,1.91988066190909
3762,0.668986110442428
79684,1.62319045331303
63970,0.326107326906896
56159,0.0479473231186116
407,0.376630894544305
51248,2.74848400120755
84068,1.27982117176702
84955,1.30350051156095
56943,2.05313643470362
84930,1.80464934960365
56243,2.27210853909064
84898,2.49993060975031
80314,1.37489881027895
440073,0.230517079620253
84318,1.37188497716189
6883,2.34611017571179
55068,1.44424174522726
8600,0.300769231165453
9617,1.32147839420771
100507135,0.0833750437052461
54937,0.0320646470462866
29103,2.11585498686665
80209,1.85778145689888
51569,2.43677788161449
11193,1.90828488401615
1997,2.2843715191665
4093,0.876633407859415
10808,2.24007755616606
84078,1.49378668707406
29880,2.34722779664691
11340,1.95425251224509
2107,2.5540725058153
7045,2.27191460585885
51307,1.82852495172522
64374,2.32144120820719
51247,2.33874374090554
9499,0.126531508402931
51780,2.29935564014746
1958,3.15389045393032
27230,2.7925392279766
5357,1.48576777982817
22835,1.2631277849056
7181,1.57981767823638
27340,1.59925917323858
7112,2.22787574753642
400,2.61365958424865
83468,1.9807402122048
80298,2.0109127878333
8835,1.14197597984838
4801,2.16791157616146
51019,2.25809144193045
317,1.17402722422167
1846,2.40775743252842
1191,3.03240412632173
8795,2.22508227122633
10174,2.40501972054519
2185,1.46353562108846
1135,0.0528497930137067
148,0.0629560650472485
5533,1.74118438941356
64236,1.16589908196736
2053,2.21634723889415
81790,1.71489887275368
4879,0.142829326952615
29914,1.92003237937575
23435,2.4236985264053
943,0.28975615109389
51123,2.2454581849294
10434,2.06154897550895
83690,1.13734013368871
10987,1.95907627696902
157506,1.52148190475142
8288,0.0586952005206574
8165,2.40344377185342
8161,2.27072428573133
7706,1.74739764960312
59342,2.47285781593774
8405,2.44473672883608
6909,1.42087886504688
10237,2.34284577968794
9496,0.0272409292764164
389240,1.35970562014696
56155,0.538109244719916
81558,1.97687079271675
23397,1.50113896936334
9227,0.159324303618878
23240,1.28217333858381
117854,1.03152524298009
85320,1.66790808368571
64282,1.32168457454157
113,0.4174853927184
84902,1.77028326916464
57616,1.33886429316443
55268,1.93074443722145
79887,2.40082961647444
50839,0.14528122128287
79912,1.27918368034499
3764,1.61425484095835
79370,0.360690442098956
55269,2.15567404319203
256051,0.962604607295936
1,0.162412362843722
65982,1.70356179197611
10520,1.81743503920072
23024,1.83132396566818
353299,0.0060146795562324
89884,0.629708549519202
6045,1.86521918951874
81627,2.11319367460664
26984,1.58503187455048
1475,1.32009195191631
55211,0.0217811482126814
64091,1.33082233891948
8702,1.79853219133733
80218,2.36060676529631
941,0.459268706914879
81930,1.4136337149546
51029,2.27646025284124
9479,1.62363750478635
1408,2.08848287768335
9409,2.19521479736711
91614,0.503336520311691
847,2.41151851474966
29990,1.01960685006374
7750,2.02710370393531
10804,0.0491265280900879
2700,0.0105493414072734
64786,1.74640463517879
576,2.32586124069939
3061,0.0420263638480368
51538,2.39495416263212
2170,1.9698237422454
10657,2.78903734134464
55116,1.78359803056404
9034,0.971939066808125
729230,0.513381217568209
84265,2.24421245408688
2693,0.0685397094214406
8743,2.79404006289855
51193,1.64400413285728
5290,1.07867785546466
23244,2.23460636890978
80008,0.785353750841387
11019,1.10732202287082
119587,2.10197713766522
113452,2.62736440181068
7579,0.726099258970244
114784,0.172283623174845
3208,0.474749533575478
55791,2.0913666715209
57413,0.494042577662371
23155,1.48343704564057
29899,1.0346277245623
79712,1.18484934392185
7852,2.71495702682184
84083,0.792337595344886
92,1.19394061742824
51426,1.35292467024477
22987,0.018529029376588
2322,1.35607805973113
6144,2.78205638735986
219402,2.45742944095924
2971,2.72620903438628
387496,1.58292875947157
5412,2.38245952573909
84248,2.09346402549778
130916,1.53175837718388
7512,0.392754257344239
54440,1.50177937253714
4952,1.94064423057267
5047,0.0725598717535938
29991,0.554476325393124
51116,1.84377320239381
50945,0.0790279102152443
2331,2.89201247961585
4656,0.0700734830017112
54900,0.446432260608848
5340,0.0076664475141711
57179,2.56438160755813
1314,2.7923008778059
51744,0.300625328244844
4063,0.262130402670551
9956,0.267403590225932
5930,2.07207408857863
29066,1.95035318396173
84947,1.08339999794418
311,2.44032495225182
11155,0.538004457672681
94233,0.0643072587180317
54537,1.9952682771823
84293,2.49940785958611
7755,2.05627009330917
79903,2.20341913044443
6125,3.12749855063344
57489,1.7934566232211
5737,0.246404421848082
100505741,0.141776258746249
54482,1.51006936707731
127495,0.924844235019596
25950,1.10002854334021
84146,1.87317039361725
343099,1.1640156772727
79871,1.19390335296128
80148,1.91372356809791
27241,1.63739291560538
5395,1.67026208833555
83637,2.48408330686514
654231,0.178182758872508
989,2.25635551522281
80820,1.49950315746591
9808,0.0738956344925407
55975,1.74572517031615
64224,2.25478608136804
11335,2.86900606904446
3181,2.89802879859855
644150,1.27943876760181
30010,0.042620338349058
4852,0.0596654842894622
84668,0.902817227868098
3204,0.127068100716179
3624,1.78463084327866
11328,2.44398769547852
51251,2.18333886350189
10124,1.86291740945677
51622,1.37046532499098
27434,2.16294245692333
10268,2.65826831191881
29960,0.0374585887741673
7291,1.63661792034689
55234,2.06455241687197
152007,1.94065180932598
92014,1.22523753146716
1211,2.63080352615904
8434,1.31837599290122
27290,1.02924970876457
138474,0.0089031710875008
48,1.69194058299418
23349,0.13948994736026
27019,0.706466681273531
79269,1.83337389870002
1271,1.11203334520047
57670,1.27092403756801
8805,2.00135050182612
78996,1.60040164605218
800,2.49992039730675
6718,0.016081724652309
170685,0.529253516793822
653509,0.085446105720894
5328,2.46278415297526
5552,2.7165756620634
9469,1.30735699255458
80114,1.49143062773816
55847,1.92669055466857
1959,2.3857581431264
11319,2.30346550467968
5033,2.54042352871356
8034,1.78737282233649
11130,2.39664777551987
9559,2.21996719975168
9904,1.88911337456285
11113,1.06767960368676
28981,1.76770607992368
35,1.6029619930878
84329,0.802818211030117
79039,1.98652984684496
23389,1.71931979081835
1031,1.99146299821678
26994,2.70044726078064
11228,1.29347145179878
79365,2.10402419196419
8082,1.48247157939427
3709,1.01829586870125
55297,1.68059957506292
64168,0.366525650505565
11059,2.54530930759025
23597,1.85963966899139
10549,2.5966891500974
10212,2.4502994730792
5585,2.64699158802229
79002,2.86610490870645
976,1.5271767675861
84292,1.33557624538576
10755,2.60135705904756
83446,0.0465694896604753
57213,1.92897644998931
84650,2.45826336854803
540,1.21359953008123
23091,2.07071345527646
57486,1.50398334629759
64105,1.33526065368938
10133,2.23167665293896
80760,1.12795413912122
466,1.83981400633438
10102,0.170251127831315
64333,1.05090653700996
3071,1.2787689053614
4327,1.51255929954743
5204,0.83876518167004
65244,1.9124155742834
29095,1.99706182199119
3164,2.74471414376902
5153,1.0125646543023
3229,1.77227455923877
1017,2.03368357000158
4035,2.25587559772297
3227,1.58650364446389
60673,1.68702817364045
4778,0.187366710728405
3228,0.167703320633072
64375,1.36850354730972
23583,2.10539393547922
10376,2.47346957707668
25895,1.65654455549969
55709,1.18594661968288
1757,1.60013308122368
1621,0.19595456459155
64756,2.26581803565786
6491,1.27685040512856
55355,1.78952743215996
3598,0.0960960359655527
1300,2.4823384687008
262,1.60749568359359
29078,1.7053229517935
85015,1.21985832897307
5354,0.348884562206765
9643,2.98479665847525
51209,0.631547223464296
203447,0.441904393991797
139231,2.07782644711252
9367,2.11339024120575
79828,1.37794800720555
79809,1.11824170002893
9111,2.04297082754665
7130,2.08917009965382
130399,0.351314266974633
29994,1.32344853870063
206358,1.14904145567863
9926,2.30896259113097
55509,0.686586861218633
50486,2.69979763130304
3759,1.2721209960322
57826,2.22366463556895
5393,1.96914788241564
81579,2.0562532859907
80776,1.71970660948747
79934,1.57703878287067
5208,1.08763550558079
722,0.0219839916622789
725,0.0501079362162316
23682,1.88217302234167
10888,0.0378567710724885
27161,1.31088521032783
10608,2.19966050753005
1164,2.69475814740137
2181,2.48191848262205
79586,2.62891561802525
23549,2.28760161593687
3623,0.860882659194433
116255,0.242229813078949
23363,2.07624287815505
79843,0.781980835719747
6560,1.85835840258705
84080,1.91308229246416
140687,0.326385800185718
140690,0.0710306629776471
116151,2.74647133985239
5266,0.0946095302476571
200232,0.0598594062479726
90203,1.63000840745072
6590,1.99840312331805
140686,0.589058207100439
79183,1.62760988688366
57580,2.65934123919311
3787,0.0097266548872287
57468,0.131526113772441
343578,0.323875917497059
6385,2.77838859843238
8202,1.86090770614936
51604,2.09183492391913
57727,2.32527470302605
9217,1.86050088044956
84612,2.38058728876999
514,2.70382726336409
84181,1.84579141573253
5335,2.106333555258
84969,0.744863694521463
6431,2.6334651909375
78997,0.134366577733776
10564,2.01790208879209
57169,2.00621922300948
128611,0.147725776200425
1908,0.109721115265514
1434,2.55938905230683
57403,2.01647213473275
5740,1.42948105216866
6780,2.61442391375075
60437,0.274727144634156
6615,1.70274555016556
27304,1.39973836714253
8675,2.23619500067219
56937,2.48943078113126
55905,2.3743093035361
55661,2.10656807972861
11317,0.0575293748341413
128602,0.919647078115523
55653,1.92435193166167
60598,2.11347171302795
27296,0.239590030737812
5105,1.92234091850118
81030,0.432765081308646
140825,0.313471042738711
4552,1.69497674104814
79072,1.64423303584889
5184,2.27940699735936
64377,2.01961094085634
23096,1.3349735873706
6845,2.34645021219729
3581,0.0217811482126814
7499,0.727776234512774
10617,2.02388626451868
55577,2.07870795439529
84693,2.28800893287288
400961,0.928363058843126
11017,2.17902013173487
10199,2.39972891738957
27189,0.0756099064785592
402175,0.243314232896899
10396,0.806793995893079
23326,2.28323111960735
79983,0.475663542894455
64344,0.0510881989588056
79177,1.76696688890042
56269,0.0916285002418245
7596,1.43314691027442
27076,2.50233952978789
1088,0.0213753154909553
4693,1.93425690287046
8239,2.123126231425
2162,1.94487316429125
2914,1.1329985146197
55809,1.95916303860451
29993,1.54261689779425
10385,1.58002806350573
23408,1.43181696161022
57380,2.15894969534874
56897,2.45970047713011
88745,2.50400312571531
6631,2.81045919547946
6568,0.0268377072511832
5269,2.21467728026529
57510,1.90527258446017
89845,1.51324532274663
3007,0.854340324062626
5190,2.31146583716484
4835,2.04608135363829
221443,1.77030621018716
222643,1.58852195382165
57505,1.75071136955754
3024,0.0698819152678692
346157,0.824734854546101
6204,1.05195699506507
4337,1.76619168283666
8970,1.05651911219549
9477,2.03002960638861
26212,0.332486914834159
6903,2.34400402152083
25803,3.09758546317446
6954,0.068923416931643
9587,2.1458228183202
10930,0.172452767849171
116138,2.74655601179541
27232,2.141559863257
1769,0.0453866897349848
54210,0.748585136349673
4201,2.48189211676381
401265,0.555806476430839
81578,0.197923429313899
1026,2.76478078491158
6659,2.67596977458017
2739,2.9229395837105
57699,0.747579294639135
89822,0.704735812725108
6239,1.81640745686874
6745,2.28739342968113
83732,1.81015722005531
51299,1.83330474210784
51000,1.92875782481389
10799,1.71378993698482
6310,1.56748751506428
9972,2.00166795562706
7913,2.23810497303895
9521,1.59030872419529
167,0.0270393423001977
860,2.16917571352188
9247,0.0422244019181622
9208,2.24473234289776
64284,2.07026059103867
6372,0.0266360241092229
2069,0.055972413796195
84767,0.0296562306312831
745,0.950987108776719
10647,2.72313789737025
4246,2.26793528217708
79026,2.70211670507931
55831,2.55304741904939
51066,0.401130670681118
7471,0.0443997508881444
54436,1.31528508835458
23019,1.65900271078061
583,1.76958297780273
4495,2.27418619129009
4502,3.0250932242727
80262,1.38514106958238
2806,2.39704614014212
55715,1.60998442010784
9271,0.0604409028617613
2841,0.56454406113081
171425,0.254230213070546
84899,1.53970584394821
5911,1.70875831767672
10257,0.656524064194293
1948,1.57753244473939
9375,2.60133661737625
78995,1.53767859769999
3834,0.0203598820990786
3659,2.13229601983046
65109,1.78998771626766
7737,2.20941737669882
23157,1.87838340410497
55026,0.640940123972402
4694,3.18289455356748
27109,1.64610571375189
652,1.86247575118202
5732,0.500472469635826
8603,1.90425236199707
2868,1.00621205585009
6662,2.47644804162003
64518,1.09672294782097
4620,0.0171022935190702
9953,0.785207461501893
399512,1.61343980044516
51081,2.37807415165015
23163,1.93566394621492
79637,2.12804200569475
79902,2.14406746735107
60386,1.24908215815192
57409,1.97508457833745
30833,1.98831763902639
55154,1.72060786431592
10485,0.126352566356986
7270,1.68907698804012
9329,1.50051842159748
64794,1.41565122578253
54776,1.94156020306562
79143,2.54950157377261
6725,1.59765836083834
4987,0.0861979419229091
56731,2.74136677321761
79025,0.65670116160508
79144,3.30409325976075
3553,1.70645333343701
5342,0.0268377072511832
84269,2.12250524252242
7849,0.238811949383932
51141,2.18769787507187
84172,1.49577626575891
645694,0.046963386855558
54520,1.53535393997914
23550,2.0797030428465
79085,2.29564225177655
5623,0.975958234719258
2962,2.69541025707023
84266,2.63797036646327
8192,2.34504431101886
8744,0.840111240047713
2892,0.154842971653662
57187,1.99854025991191
5469,1.93677526939611
9349,3.10024228017687
84938,1.57450946963439
970,0.63521005297001
718,2.65705361949188
10045,1.83610132614356
9322,2.34767711150149
56927,2.51505243116335
8740,0.272641658894794
2354,3.00105178888393
80207,1.49921269311519
6633,2.95191190430985
6253,1.88751495401461
24139,2.21329502337993
7408,2.64471830381592
8189,2.15177846793766
56261,2.12809721960788
27111,0.662607768594405
80025,1.62101286253778
2797,0.704405621373452
81623,0.118259586088365
284800,0.010754888621307
22918,2.27941292388002
64412,1.90636457859461
5075,0.0546076972506679
63908,1.72005445540562
1059,2.64712044473161
9491,2.27578087070806
4821,0.0256268862991105
92675,1.27095642272527
128817,0.0499117462968908
10616,2.48758195242199
56255,2.17665409796483
140901,1.81473741024622
6628,2.95036819488644
80023,2.54149232872107
55317,1.37049214702426
6238,2.62423058739183
650,0.559171932894913
7692,1.73347203837873
23767,1.43067419823094
58495,2.02397176829592
5126,0.0078726930921942
8195,1.66031515880097
631,0.797311688923153
11034,2.97336631134144
24141,2.07141859979958
6629,2.51627304543982
92667,2.32415526699544
164312,0.0366616595234452
128637,2.20573515247124
3704,2.49866594239597
6939,0.470622369702958
56914,0.919706380608063
84515,1.04078464725024
55321,0.15863647243694
83541,2.27081857376355
64949,2.72371765392949
8698,0.809407618800601
56926,2.39934009857857
4435,0.0604409028617613
10236,2.28857717787951
80818,2.11070578751093
4149,2.24657181686438
64860,1.63090462962005
8200,0.0408371562480633
10893,0.392626624210457
63941,2.37238538500573
3397,2.11674407305089
22913,2.47459556511876
83658,1.63940177374127
8894,2.47992513413172
51614,2.69751582075457
140823,2.90897246279321
402016,0.096838290181438
92747,0.709587522141577
11190,1.514875767386
5326,1.72767609988714
101410538,2.05824803616349
2925,1.74540934246257
8242,2.17300987268194
154796,1.57105622876052
11070,2.58569435744092
5690,2.47927960115116
192669,1.09504090717445
7389,2.40977470115793
6487,0.133302556941214
79639,1.55373474758913
79654,2.19155358064534
3831,1.21854093874838
7517,1.46569557608086
10426,1.63812021494219
23263,1.54921019063531
2159,0.83028804187059
55795,1.8645602404506
8858,0.300193459771032
57152,0.338265974684118
79414,1.57818398953976
79713,0.738222319033004
826,3.06082347328284
84306,1.36028040327126
79171,2.70525870502457
84063,0.016081724652309
10054,2.45277533517768
2867,0.37623968825772
10870,0.854669034731238
2864,0.0236049920866109
1340,3.07654018211339
8689,0.057140405596366
7067,1.82015620102744
1236,1.29915519031869
9572,2.00570053599092
83786,2.26472027089307
25824,3.14954478357627
83596,1.96007287344544
3661,2.32226614041057
3276,2.54374974624411
6237,2.85250511177838
5639,2.20896107931779
58506,2.49059267741701
57479,1.97041415620776
60385,0.168213522886445
23769,0.356686155183594
435,1.48604501977092
51119,2.82236765585356
1446,0.0534361704016004
6776,1.73701710828377
65266,2.13322696074654
8678,2.10037585746796
5582,0.0318642078034075
10131,2.0774986418372
84662,1.95573580339635
84081,2.26619446156306
22826,2.66556583098606
27245,1.70210220259354
2537,3.28069450598238
117154,0.123484180058323
171017,1.63375457634101
10436,1.92326851524809
8409,2.5767263257739
5199,0.0660413065929845
2002,2.35797944059933
10245,2.48437875478776
64430,1.6884550325779
22863,2.01434836434282
3895,2.50046699213517
6495,0.951494353574685
57381,1.81754791958813
9787,1.95652265715624
112849,1.77911583764948
3306,1.9127328106586
22890,2.04119003370074
57570,1.90507372026131
81537,1.67709502592356
26030,1.81887966173142
5858,0.0996158349795007
11105,0.0378567710724885
55288,2.00590553371023
2123,1.32675473796351
4974,0.267703850593388
55112,1.97176731003235
83543,1.62534188841544
286336,1.06165666616124
8021,1.75000255873864
554,0.773397723560263
8273,2.39629004378028
5605,2.48794687181975
3188,2.75682488168246
51309,2.34635378478624
59353,0.836335166437484
1678,1.19147581024805
55906,0.810253033696577
821,2.90188485967408
54973,2.18069301618786
6003,0.281098111931399
64768,0.875807379226691
83744,0.914406287175528
4958,1.79385840201103
89846,2.53025580045316
59269,1.48853314959569
79717,2.49132067461393
1907,2.23591499687766
64919,0.268304027618806
1350,3.03618958891375
7186,1.90410284335248
79575,2.06261892467076
5648,0.0370602183099194
84239,0.214948001224658
57110,0.089572811643912
92797,0.377152189604927
5908,1.38610472375829
7103,0.06565627325421
144453,0.0544125563488178
117177,1.30117925617357
5787,1.39027696742246
8445,1.55239861787513
8089,2.10712446715696
50831,0.0946095302476571
50832,0.432765081308646
54429,0.829194888257632
155051,0.0979504261429475
65999,2.0349016198069
56302,0.0727508259833435
3425,2.01996289728759
53834,2.34774913515765
84286,2.32377263398491
79000,1.39640851757351
5300,2.06897444869126
54850,2.05338493955331
23065,2.00299322561888
5322,0.534432585008871
23352,1.74693775485412
50809,2.56376160007414
30817,0.404279400996704
23309,2.04704738859491
79939,2.06653580365297
58513,2.00107818851792
10365,2.69001138895962
26664,0.0483405753318879
9002,1.1264447270916
10975,2.01275399260659
2671,1.59003428057068
9143,0.842727985513258
9088,1.78333109125114
117166,0.510229921917695
84219,2.01925865693882
146330,2.43961849301849
63922,1.93141219172505
51764,0.983008973974662
23499,1.75125120891593
6597,2.15822345937583
23030,2.29425721655106
148022,2.34270923937852
84190,1.30977198247971
27190,0.782568673243688
83460,0.615385952695336
79066,1.60746263033931
7277,2.1227761818095
14,2.71795545623116
25953,2.31985832417308
55504,1.45783466449061
6049,2.07046013547424
1892,2.95623599791457
90485,0.765907862334829
10142,2.29823540718544
2791,2.26683525684446
7979,2.25914506623281
3092,2.34230170983083
5782,2.4137933475353
5447,2.4273093049704
10875,1.54726053977567
51657,2.69139184498799
79689,1.41051790322291
2770,0.445005389038281
5189,1.6396329975628
7978,1.53742938121451
8910,1.73305968968329
84060,1.28220505421719
64921,2.61446095367407
163131,1.44724846401984
57622,1.2665994157804
7538,3.32883621496425
79644,1.85807003105485
6691,0.296729861378886
10606,2.53604880346521
3791,1.96971118058597
5471,1.54699747673487
85378,1.80203855386908
79924,1.32887962325044
85359,2.51865931964491
54487,1.63167366837154
57168,0.732307024628736
29802,1.0814068190928
23753,2.36853784502847
9514,0.131526113772441
7533,2.77836980543393
10739,0.0546076972506679
25775,0.102015525667996
2781,1.03330006493215
4248,0.69459195176818
135,0.0633423431029015
468,2.85173088061108
53947,1.72880105584073
11135,2.36076117890721
80833,1.65253262158339
2847,0.183205132869345
8459,1.80625448263826
80115,0.77770324763429
4357,1.78976859556629
8484,0.0467664613262632
7263,2.32220635810864
80831,0.0374585887741673
3543,0.114636999340892
23780,2.14366250570043
5880,2.30935229131213
3976,2.04788489360523
84645,0.75810370820632
200315,0.308358227609368
200316,1.32922810009474
26150,1.48491374975135
3872,2.69653230827745
51234,2.14146238085663
7732,0.0996158349795007
92521,1.32115423379111
51200,1.92415444811767
9732,0.989025993585188
25913,1.77277664135361
9296,3.02006441952626
51691,1.797435843365
222256,0.505531991863279
79706,2.21554911315806
7425,0.059471517423572
5420,2.33823963376489
93986,0.213181347148669
57464,1.46288802840588
64792,2.15070501079535
4289,1.67699570852205
4189,2.25509545661161
2318,1.02432277706872
64101,0.797239869775638
813,2.56848979696721
64753,0.735704847154177
6608,1.75480924239685
3663,1.58931309844021
10234,2.08069544116365
23008,2.33090791168818
4698,2.17065159835281
6183,2.33630481603387
4430,2.11447183611959
3231,0.0565566131007352
3232,0.55119152734992
10651,2.58827729166367
50940,0.405911549129356
1123,0.98509237996675
2571,0.247021015259454
64172,1.72527751897776
94101,2.14511294709756
8520,1.96804002980085
3235,1.58503187455048
3236,0.726898340786985
3237,0.0256268862991105
3239,0.0443997508881444
8924,1.56465284277933
6638,1.12463660132836
56984,2.50785221921737
57045,2.16590755035471
58504,0.625924020320422
57705,0.623884793039645
440275,2.00740123820744
55930,1.86190457052821
84952,2.21103325465745
29767,0.682335587924622
146057,1.02201961991065
80237,0.195625951238843
90416,0.942242362076479
54617,1.78703103980997
79664,1.55602709163653
54567,1.8361798311397
8854,0.326107326906896
54629,1.60815625418988
3712,2.35007631458595
90417,2.06603413273467
1854,2.24225403730539
79094,0.517489879374046
54982,1.53693055890996
10776,2.55806832208646
54832,1.50734213158088
91860,0.0322650387162132
3671,2.7558221624808
56906,1.29319188520062
4016,2.54228627850746
51554,0.634296153422543
25847,2.68501032312433
8930,2.34657552424584
1315,2.62689349423201
5682,1.83097635816049
25870,2.58636174934151
23022,2.53553693250691
60559,2.3225986399221
8424,0.399108552685375
26297,2.04935458028145
3746,0.339635565902218
7166,0.333728942501736
8048,0.033066130062972
79733,0.853484885785484
1635,2.51699497951401
6665,1.20890385989119
54478,1.27800232577809
84268,1.49336679404592
9098,0.196775510943119
6462,0.240988657031606
5338,1.90776656687092
84817,2.21432145101607
482,0.959665154202091
9513,1.93574068965508
10749,2.1105657258344
9526,2.3269875859739
51105,1.43262485013596
23639,2.06946673845033
904,1.87570949235985
83448,1.25210826839303
65095,2.17974431224704
3609,2.51450057607496
57153,2.65995689408297
10053,2.8226306054048
1032,2.1187990920278
57509,1.90825199492235
43847,0.306075008779217
27180,0.894353500876699
5655,0.170081522887999
11202,0.160869799734704
25983,2.14827015176788
11035,1.45902965319849
196883,1.43129351744245
84932,2.11955375131494
599,2.10476125668757
84962,1.90397820192172
112487,0.925784534390069
10038,2.14045053179276
25938,1.33379497147416
3169,2.97496121925828
58533,2.31149539394798
55837,2.59895921970394
112399,1.47126332832853
55320,1.60575719467171
4901,0.90184174159456
6035,2.80796881127792
4738,2.29772850670161
1603,3.1504182997418
7011,1.84430273506027
64097,0.6425686305596
1036,1.33503101319646
7905,2.96390960419129
81533,1.70176675546837
84074,0.977903981178723
2302,2.08014969163073
6397,1.86588620918298
79651,1.84733206473104
15,0.0964672461846826
9459,1.85739948266027
79649,1.05357677229361
2258,0.354944426233637
9070,2.10407829433533
80185,1.46609535807448
57053,0.317565314370426
1028,2.07097198539434
151648,1.1157236012248
6192,0.0252228938178094
1013,0.190184365999048
83855,1.88300551424593
58986,2.34514355531363
83475,1.740717864396
23383,1.91159284128475
25759,2.23604996740321
79948,0.847398162919147
81926,1.98134153734836
3929,2.53153187193639
6861,0.869674003764064
7137,1.70641348675259
863,0.984505474600816
2593,2.69276728942094
8226,1.61758155217225
55780,2.06307024354778
55274,2.14945068021393
79057,0.0727508259833435
26290,0.158292338591208
3741,0.337168542464361
84766,0.849588094115574
158046,1.53863591572623
9754,1.23900952882747
27112,0.615479910320179
54857,0.134898070440325
6303,3.02103524754314
54552,1.52707881073699
23677,2.35521058265451
158747,1.32203783931914
57572,1.52764668309839
51295,2.25781012442435
3949,1.91582685353269
84337,2.38537914281324
26526,0.294412212106685
55908,0.466703122883029
5589,2.77501841929284
1264,2.15869230619185
8881,2.51044479960136
84891,0.0643072587180317
51337,2.28918759548217
5819,2.91533174497082
348,2.93610156113065
10452,2.48477222671939
341,2.37096758468059
10912,1.87038066855202
57631,0.618386354005074
23039,2.23448776763993
59272,0.0223895328412295
147965,1.910457790361
9667,2.10410288365307
25873,3.11835230950218
148229,1.07579868858043
1463,0.0078726930921942
547,0.0302589788495971
84705,1.92513300387349
83483,2.72729808342611
684,3.13962301791714
376497,1.80980201735061
55695,2.27424639384708
83878,0.817255765760121
79709,2.37805888531978
79016,2.18763959529452
64981,2.60758832018534
25796,2.4923883529924
51690,2.49033956309314
56995,1.7948341148128
51429,2.39325957193182
84816,1.22881802067615
55278,1.41041867447039
51250,1.72835900236734
83861,1.81430334769354
81616,0.198414892898551
4298,2.40032849157276
4301,2.03740843773073
81,2.86945873705408
65975,0.114999975663909
4705,1.90269630696845
2056,0.204776700352736
10095,0.492035517907667
59285,0.029254159459327
57688,1.47585564492841
23149,1.43779768439992
23025,0.110633677154773
55201,1.97211709973414
113730,1.83959996578659
7837,2.2240877509136
170463,2.33204197712541
9518,2.94812529989571
54858,1.91493835394092
80726,1.14046218976896
25804,2.68780236211436
3727,3.08584534694526
3270,0.877965495243904
54795,2.13112093801321
25830,1.1017838609334
79230,1.31695166502838
92359,2.28535668422327
10439,1.8281249820477
157922,1.48422945383357
10422,2.19161888878307
6295,0.0408371562480633
140685,1.31385240660745
85441,1.5947629614489
140700,1.9201441342155
4046,2.04424591939869
7140,0.589740725446006
7136,0.902024760635322
283120,2.17277475935263
1289,2.59390319346286
25814,2.3487007177192
10844,2.16612665331095
50632,0.315591471328346
1571,0.630628493755133
375775,1.04994995553697
3050,0.0901339590533384
10298,2.36335188680555
3110,0.0258288102084853
26152,0.966905143157185
64793,1.56779343621188
6874,1.47999562338812
140628,0.153459122424876
140893,1.66174125397293
3911,2.19192989379231
9885,1.63398867301661
11047,2.37477246959391
445,2.63911892414241
59335,0.0432138940104846
23404,1.69575296335644
10585,1.55066721045692
83549,2.18050268874764
84929,0.245324226581197
27243,2.94659115142194
9040,2.70586998630541
10155,2.85979277830599
84326,2.77187362352773
78992,2.39336549545877
84971,2.06437706164997
1968,2.77708646663742
54958,2.07778945148004
23211,2.03499059055787
4861,1.22885300838016
9535,2.15429196757949
4294,1.56741550481222
27237,2.06889865349428
57470,2.20219191963398
83667,2.07947688393234
27293,1.82544531163249
93974,2.76360383720722
54797,1.95070793284441
9473,1.54827385394936
6249,1.79767255100516
84660,0.163268078590531
9026,2.03143319239279
57693,1.95425251224509
56342,0.855128946309636
8666,2.62762277659279
83854,0.0725598717535938
55337,1.87175091783495
1786,1.86718969302966
79088,1.48367276008065
6535,2.18134647452176
139728,1.51573908563321
1736,2.26846555752673
55558,2.11374474904576
1852,0.662080879764895
4354,1.38116319139445
55422,1.73465693250294
7776,1.43800912988745
56301,0.376761251866168
4037,1.96873897984473
91574,1.75292641501018
25926,2.19031809209027
10277,1.77138305588672
54897,1.59488184028975
10343,0.120245236362853
22927,1.25654959790336
11046,0.887587107073546
5638,0.853945648381536
7317,2.80291175957059
9104,0.222452739113652
353497,0.349425163005487
85313,2.31237013080554
80328,0.526490258263447
9590,1.58331184653566
23345,0.892869868329964
79465,0.891320698204389
9113,1.79117994076764
54869,2.27860891051484
10288,0.98828374692476
25980,2.30091366053773
164395,0.395556741989347
9584,2.49351928014186
84701,1.8667799536212
84905,1.30035215814205
2686,2.13391565565686
55902,2.20314803317652
60401,1.07322750278748
23229,1.3159106697395
10882,1.18662660732049
2670,0.0884493778801894
5697,0.890451499069194
51751,1.24297907388963
529,2.4999437395122
7770,1.23167963908734
126299,2.07650286058325
83639,0.0338664618273812
7700,1.23887213282529
1327,2.68634845240401
10328,1.73499310552762
23199,2.20193476712645
51659,1.97971306311214
5119,2.23110888230176
6451,2.86267916785763
1349,2.59010528969914
6569,0.0119871284396815
2161,1.39492726893427
80758,1.35616078609608
4772,1.28533566451838
3620,0.764022075601631
81025,0.0652710625303166
10487,2.83888120079284
5538,3.10265425334407
84440,1.4504205181599
51132,1.91676167849972
22,1.73061510467951
7187,1.49748709158878
93323,1.48373702620199
84658,0.0920017153720052
64432,1.63785728282467
9467,1.10553989400613
26061,1.69677224775324
9779,1.89841321153465
23473,1.8904305552838
23180,1.88936336609744
84077,0.031262604438497
64145,1.68263597340101
117248,0.869224456406675
6533,1.79622872939226
3748,2.0487090888169
9476,0.666895648345861
7376,2.30040255832916
94030,0.635483988591599
8572,2.1932284839045
11127,1.68119038215936
4245,2.12514981222663
9945,1.73193311920731
7283,2.71509084955003
10197,2.52447813224517
6155,3.22126986755995
29893,1.40037137252159
8639,2.24606458885773
47,2.64652667430563
84313,2.56914655121261
10266,2.57251071609879
314,0.726099258970244
4695,2.58601637321029
54882,0.449041084937185
1729,2.28164262431475
80762,2.54373218878209
7322,2.53387124867683
60412,2.13044511210273
116983,1.91455811845123
54991,1.6616238079959
55107,2.61890921467934
8500,1.82205866199795
79652,2.31771987553739
79412,1.42235913745901
79228,2.58735018453413
84231,2.40448728359928
56033,0.331657782425756
4814,2.79264722455292
261734,1.00806327008745
4131,1.82447761290767
3597,2.6402511110275
54521,1.64721350866032
1160,0.935283692864231
84240,1.80345208736292
84951,2.05388709028548
7153,2.50172682969082
10948,2.20487494002568
5914,2.74295798970635
84152,2.31059943608745
10656,0.984665595868072
9557,0.332763094120654
8799,2.70020233343324
2330,1.98026121583526
10401,2.18125545991653
5565,1.53573895966033
5160,2.13430472416624
10742,2.49181450711687
64087,2.5897144307168
57343,1.62179862311669
79149,0.518136490653734
7691,0.985518864797692
55829,2.36831295945142
22856,2.26261670758324
6627,2.10501151758197
3996,1.66910828651205
8431,0.131170362808316
79727,0.0138321417599086
55145,1.51917702898455
85415,1.83859639422818
83636,1.67310508652764
91442,1.6033456650986
341883,0.059471517423572
55860,2.43644958084769
145447,1.55087232935345
2643,1.76390421174491
3958,3.05044335484935
79883,1.40347436032497
3337,2.40497771940188
65249,0.991247304433465
84261,1.7309669640733
5989,1.76877795351621
7568,0.372185383912457
79173,1.26375169840581
90379,2.13607729655491
54862,2.25953853390733
83546,0.742137000083192
4148,1.92286444421609
6737,2.19232113272624
54558,1.63428502373242
10489,2.13030796449937
10693,1.23976459083925
22907,2.23990416374167
5894,1.74465528581689
6538,0.0786488237171767
5468,1.49026946623698
23225,2.38344076813273
84824,0.403524906009934
51478,1.89511336579732
55556,1.78860536513287
84034,1.17352505204991
548593,0.0219839916622789
23647,2.51211895624242
85363,1.61487331175153
1262,0.432644076313874
10346,1.82103220442181
23378,1.61943730920089
26515,2.10915726554522
23167,2.23162880536326
10086,0.0089031710875008
55037,1.91829615768538
10989,2.42712512420464
51318,2.25396181331519
79781,1.92870314967662
80895,1.94789812242343
8864,1.91498686858595
10267,2.38012614044389
51540,0.395683880770997
5791,1.49083983526677
5901,2.65954606417915
5562,1.83636622103123
84674,1.25358159961441
23108,1.30717542486757
23277,1.84052344077362
51763,1.93152854528481
10514,1.95073748076939
6117,2.11477753994517
5176,2.81346770209466
7326,1.84585852008846
60678,2.17822259004903
57533,1.1094879479862
85013,2.3767848014933
51805,1.94816588370875
25957,2.26419329681972
64208,0.0694986479199568
23480,2.59076329258927
55915,1.87825942510847
63979,1.7257735408186
1644,0.0685397094214406
2926,2.25494239943359
3512,2.61488266199008
26057,2.07670965407688
57050,2.3819946697613
3691,2.46827700910021
23558,2.61413619720952
3021,3.09217861465569
85451,1.93277525787996
91107,2.33638442339702
9406,2.29201180889552
1984,2.80207829701577
23135,1.95535638249256
10462,1.09645768580723
55065,1.15189947702527
3000,0.488902424604063
2874,0.232088789431688
54739,1.44717928186045
1742,1.47216328806953
10247,2.2580977609533
157680,1.5839206588435
26166,1.18393962510836
4147,1.43340773704936
51308,2.16909376496898
84105,1.52060893644357
6388,2.558330577275
2319,2.72991012781427
26284,2.67216113488334
54496,1.64596894939413
51388,1.59978035441757
7014,1.66330916542603
27183,1.84387916318194
92154,1.19706197679387
116835,1.67287601579332
63926,1.51154867412876
64773,2.48593268068409
6616,0.395683880770997
22903,1.72677658538078
5111,2.91025373991628
29107,2.43495512323444
10621,1.84391768764807
54453,1.99582760740451
5786,2.45322470904232
7818,2.65681852739371
57127,0.12114622315791
22889,2.32445485168578
480,0.945265909289131
10763,2.18798912721165
63827,0.804667123992134
9826,2.19199896809418
57111,2.97622335250784
60484,0.542808917107226
79368,0.13099242943963
50717,2.18181699650005
23208,1.21431841876722
3508,1.3710550882994
91703,0.557032114446367
222,1.75036311602262
9633,1.93316163773386
25974,1.69309183682837
1802,1.93377906155611
114034,1.89942313236648
4678,2.29514544304389
4595,0.193816174198769
56259,2.28453786304593
64900,1.75353505991195
140831,1.25093344520816
55544,2.07559477539927
128434,0.711959564448375
51526,2.42881762799621
10955,2.64557270157227
5509,1.64215343244067
29958,0.301775807171465
23743,1.17151187144154
8546,2.26138321157599
84327,1.39673993316343
10207,2.24721864901361
163782,1.08938380718556
27329,0.0780798702999492
8170,0.24948259616947
93611,1.92869533832716
79363,1.18329434610101
842,1.65148277920827
56923,0.0234025367070836
51164,2.31441360338307
5145,0.0074601518934053
51761,0.296440531814099
23281,0.121326302161832
9205,1.94014371035805
10208,1.83708157309914
64328,1.44198642794146
93492,0.112637767504033
51371,2.82898593995288
1024,1.55711393130998
241,2.06216154111216
10810,0.505203093290223
2835,0.0205630661837875
1131,0.112091680115918
4626,0.0784592157513684
4628,1.86355146025603
10400,1.74001713744328
6341,1.18560631587568
23164,1.81743503920072
1116,1.97019636985665
4608,0.634113229197716
5287,1.85441534830418
25778,1.68443990636701
1118,0.281393179098598
254428,1.9569009486207
59352,1.41731820826007
9911,0.473834385992521
9201,0.949575902098904
8900,0.214627081559606
57511,1.71411638439614
23111,2.0644921478881
122042,0.0162859366995967
94240,1.52344032700823
7223,0.136843931739014
10631,3.10118520650777
5994,1.10801600176802
7178,3.16816653491452
55425,1.38061118760804
161003,0.0272409292764164
9365,0.496488180324565
5983,1.82114411916245
90627,1.90487475743963
79710,1.84682552882012
84707,2.47140886179105
79589,0.419335527110365
347687,0.409914113804984
54885,0.9728647310495
79921,2.95522957851276
55859,0.289464223096241
84923,1.9700698571805
201266,2.28463412904093
2048,0.661993025717257
10250,2.22274666262201
55643,2.33217053805542
84106,0.836673216924033
84787,1.81776333409834
84330,1.79760800750755
5158,1.76887003277572
23640,2.41126776267407
1455,2.31496965427417
84250,1.26581533434394
55748,1.97593717373678
28992,2.15818119027604
54663,1.69407626139726
85329,1.16169202588391
10313,2.6617381054474
5920,2.90524233857742
54979,1.00244067379172
4629,1.81960521361067
123811,2.50537820789999
84246,2.10509980370178
23037,0.880684405820424
22880,1.7119442329419
9215,1.45652363859467
653689,1.24236499603469
84700,0.169063147349782
66035,1.00352800844529
114904,2.04206403060869
113828,0.690221879690245
284904,0.15259302132939
474344,1.6419848138305
55303,2.22267999574234
90956,2.39475162992538
23608,2.60260522718032
116988,2.02722480971713
84626,1.62718252000832
57180,1.38641687201735
4922,0.830561041620995
694,2.78687600203206
84125,0.736807406249285
91298,1.39930747424037
79572,1.97439002533897
6441,0.153978341456371
84332,0.696181730890102
80195,2.40270919690607
83857,0.906461868250208
3845,2.09481354772517
10526,1.9369665611603
51520,1.83921051774549
11005,0.196611388713941
3612,1.59318068924615
85444,2.05770710455046
1875,1.2523094122813
29080,1.93455718484663
23075,2.24180991378121
406,1.38755979328468
10894,0.81004178283239
272,1.18692855907644
81846,1.12509968729302
9645,1.56793733056514
22800,1.83254325948348
3295,2.21147230029921
196441,1.71084098180983
56154,0.009315012732202
51669,2.94288620527968
79845,2.01984561483059
78986,0.219905845781098
5977,2.04699570003408
4221,2.29727976318885
11161,2.67535498873638
145258,1.77308444604832
80017,2.27303421875238
57578,0.0677717653179942
8650,2.09409644660332
79820,0.848925267461975
55237,0.0148554188895284
51241,1.6191795637456
23508,2.21639370896787
10001,1.93992358366441
1965,2.3208178607339
8748,0.110633677154773
4017,2.00539924564168
55140,1.96934512971587
157310,2.32642618825102
27299,0.634936009294488
9811,1.69811413250774
83876,0.284337749808737
8932,2.37884087252749
51124,2.24917118014198
92259,2.39885287779731
891,2.54588371086851
1022,2.36767340782585
4064,0.823908092820005
3656,1.26715411982624
8536,0.670723311588201
25917,2.04722537221089
7428,2.18283888007733
8553,3.28892671912862
55207,2.65486818813801
9695,2.08827234978117
27255,0.0390501905320824
10752,0.429491033829353
4212,0.826934405388962
89978,1.00445845344786
79768,1.63927840647806
56851,2.78133825953047
4308,0.0146508621545966
2780,0.291214156259153
55119,2.14428296506746
83998,0.0621829736100838
10100,1.64583214393469
7252,0.265750106382509
2949,0.755354256289025
2947,2.73384702151062
148281,0.259556344986669
10451,2.61884111616824
84722,1.71390748591413
3158,0.660497788368322
26191,0.644012985910651
6272,2.31544247803827
7482,0.35869092268036
5738,2.39880595000682
10542,2.5086491253422
4853,1.97717459729433
80263,1.76857070291432
10390,1.51595968727802
9398,0.468204122436946
79679,2.65060298329695
4803,1.14136276522547
10717,1.40239172335926
8774,2.02836734288272
56907,1.52586248675457
51535,1.76052631641184
51303,1.69005653489392
377,2.72311909021037
79022,2.64587253716878
54407,2.68413930115782
10971,2.68279596933282
57498,1.95135009822119
29841,1.54840505190269
9475,1.67570257748991
91543,1.65525089623267
4613,0.267703850593388
23175,0.972755902101049
129607,1.24393293627847
285148,1.99768398494424
3939,2.89295753887603
6289,0.287856666048879
63982,0.136667226196118
3572,2.82516991670684
10468,2.03667113801443
89796,1.50885011112978
79577,1.94707882985658
10440,2.36026771294074
23418,0.0213753154909553
81494,0.0193432301006561
6210,2.29175217110928
30062,0.0144462560950847
4677,2.63487725075623
2922,2.35911869560885
57614,1.73980793004541
84893,2.05428156464872
84991,2.27396937149698
3559,0.300049450347013
54522,1.63785728282467
79746,2.05520974488552
3601,1.45733778588566
902,1.86392775072455
85019,1.84951356501668
284252,2.0486976541218
91768,1.61578323574997
1794,0.900314507451853
2012,2.51582437793573
6660,0.778220984288345
85004,2.46185491452905
3824,0.16855347950014
3821,0.147900107438903
80763,0.343457484404704
5555,0.283455541278529
4038,0.597205171424726
4607,0.120064920542551
1643,2.01088118257289
53,2.4639099427417
83844,0.0262325134658017
8933,2.78771774510643
9363,0.943727459193338
51634,2.15439025649788
51765,1.3027075362111
143689,0.503336520311691
9698,2.29599745955365
90853,0.989078976506714
8565,2.00565567804443
1912,2.38275830410998
55143,2.05082418193232
29889,2.38291724957735
192670,1.61319500778326
51361,1.99728460700487
1573,1.77138305588672
91408,2.17486495446621
23318,1.18173502197343
84950,2.1026936873749
1824,1.29297434339014
1830,1.08358085944975
51444,1.84400435457861
55250,2.23417920973275
1828,0.0219839916622789
1825,1.03521684786437
1823,0.0740862832627668
1837,1.14352651197603
80206,0.934705086101236
25941,1.95805538118218
747,1.33988937038452
29015,1.47349922271202
26519,2.62758840268285
9704,1.9497982456214
187,2.14885222746639
9415,2.28264476611494
746,2.34232124406283
6947,0.224199023174686
27202,1.82559631211579
55858,2.24745681393986
9575,1.65655940369245
5156,1.67766213239584
87769,1.06985877595868
1284,2.36656689596075
9071,0.0627628591308276
22873,0.961441600951284
337867,2.28230126557199
55082,2.2652371349646
54841,0.990771993175459
2073,0.32527130384366
7174,1.93221820718901
79070,1.57573160510562
79587,1.80001097611931
9743,2.09808314170992
3703,2.51622338099133
11095,0.527660620832443
56,0.321497961233659
2113,2.1691019606868
219855,1.2996158806835
152831,0.585439616178805
51014,2.52865966657677
324,1.35649156000211
9315,0.490806261059054
134430,1.73268448899768
26578,2.45647329361614
55312,1.69041470446038
29979,2.25332144749714
60560,1.57613827927952
55071,1.42303715621221
301,2.47598007083738
1514,2.04058870557053
23670,1.74825562161204
23287,1.15705568751353
51280,2.32422760601387
9413,0.847398162919147
29968,0.756195574174825
81689,2.02193273884796
8728,1.3618918716335
84868,1.71173430246174
79616,1.16929681805345
51347,1.76800601315374
84749,1.90041375523126
10993,1.8483909134248
4440,0.859188081644542
23014,2.0206165438583
6926,2.40148775774881
8638,1.96905626925455
8739,0.076750799447613
84900,1.37516467510138
5025,2.03723751321646
92558,1.81469609029539
1840,0.781466046871811
10906,2.39630032918529
9988,2.16724895844887
79161,1.84082434036952
57639,1.86326671825886
85025,2.63873304424952
948,2.04767282690394
1447,0.0501079362162316
54490,0.208990047576105
50640,2.01059029087641
29923,2.53663048071967
84691,0.0215782561623971
60561,1.85239181664973
6733,2.26456536502895
375616,0.568370996672025
26136,2.36435127149348
29969,2.17509060994103
25821,1.1995391585621
577,0.0799748722352531
22881,0.953350687508001
3351,0.101093391034403
80759,1.17487603432906
22832,1.41476647860333
10492,2.32757357391133
57231,2.16972836545118
4907,1.34051482028717
112609,0.692578482253472
2045,0.0908815660467812
55122,2.34164662207952
23595,2.25509226863392
167691,1.26574994289403
6885,2.06534595521677
1081,2.36022847935788
79899,1.10506082705131
4005,2.04294760377474
51317,1.82164228495813
55226,2.29999922366459
26298,2.01375910118542
2001,1.67118300450979
79056,1.89169205090595
4076,2.57459942350326
517,2.94327243623356
85406,1.50943980073892
967,3.23385004823224
5630,0.0666185243177208
10677,0.775999244931683
269,0.200050937148015
10220,0.968934635612164
27165,0.134898070440325
3679,1.5698218897456
9840,0.620628233424361
84070,0.231303322713205
5959,0.422899538813124
116986,0.531900549383075
2647,1.56045095548355
1019,2.21016803286712
5502,1.41471728063775
10024,1.73430803480623
6302,2.18855539769249
2583,0.40490756942491
7024,2.2772903765076
93058,1.39495284411672
23017,0.428761512079279
9924,1.7383653570466
9700,1.42897908588631
3855,3.02071150244921
84872,1.05081094835307
3178,2.88494997105613
91,2.18987439744184
10956,2.60175945278522
4284,0.0154687933557568
23416,0.195790274699503
84946,2.20769120859785
9053,2.26926397101676
8763,2.76180549899522
246269,0.809478111968969
57224,1.2322710399589
54806,1.61565335631702
23493,1.4297199078604
5570,2.64644434363999
4829,0.098876066768446
6610,1.93162160351805
64780,1.77212610410433
85021,1.71531563220649
8676,0.99282899091581
7006,0.945265909289131
84279,2.40921293179345
10505,1.59699958851049
10574,2.81622300927072
1961,1.02492214661523
26056,2.0819726756383
10322,2.23614441473469
8291,1.59341922412703
84865,1.32794922212811
2016,0.786887826265298
27345,1.03167334658547
9958,1.43901814005638
2799,2.48401863826898
1368,1.31540430372194
4193,1.87801135364941
79786,1.42595673367299
53630,0.0782695646180464
10200,2.14416863563136
23563,0.0164900995891271
9764,1.30292114581084
1783,1.8112835246951
55336,1.27765061150147
29109,2.00990645222753
92922,1.67319095795794
6553,1.08367126921451
183,1.72786590192235
100533111,0.0171022935190702
80003,1.47253596141319
3775,1.85485637961592
9816,1.59967952619097
54583,0.523609481701227
10753,0.883831331950872
22796,1.70500326167471
23456,1.7876152111372
84284,1.84073700493652
27097,1.72520115806961
2752,3.16566229731541
10228,2.17986353831451
85397,0.184205870750288
6041,1.51397064272408
1660,2.59618771393616
57710,0.350909851079198
9857,1.89909518602221
80896,1.30356146075785
116496,1.72668780070117
5279,2.20887705445588
3915,2.39375979505875
149041,1.6423985846306
9290,0.14598041277754
3431,1.9617210499492
65080,2.13218232426623
5077,0.0538268611423806
55619,1.32371262545884
9654,1.50887045718703
57695,0.678743952442252
3357,0.561305355321194
81618,2.31618485291202
80704,1.07899689100463
5270,1.56198323263202
3300,2.362266787091
80326,0.396192221785501
64114,2.44256541387765
1593,2.24532364465473
9470,2.14528835604874
80210,1.71783382470081
51719,2.23956712758001
1329,2.93947036760879
51455,1.68918746715406
80705,0.983918002472198
84804,1.15246133746617
55654,2.49972191349285
10913,0.0483405753318879
9392,1.76884701481316
9648,1.61436883201078
64965,1.91915321271273
79074,1.79313057689239
375248,0.53852824025592
26122,1.78985625741301
50649,0.432886066661575
23479,2.41905834088404
160428,1.1751458418911
55576,0.0792173887819751
84101,0.183538850032236
55681,2.04244212975537
10970,2.55891382163516
10154,1.48853314959569
55198,2.1441730335983
11137,2.38737753863912
55332,1.58686654667687
23325,1.89652122063402
84102,1.39958632885927
50853,1.2970925675731
2317,2.68261886578003
4752,1.50811708449127
5100,0.041828279182458
51028,1.89547003498087
79621,0.966355475426881
26586,1.8964619524787
9882,1.61861524270543
55901,1.43520612120172
79866,1.05200469890223
23143,1.58151559955037
8803,1.64281198030774
55213,2.04736310771955
29079,2.29959817748593
51131,2.15455685781231
100287887,1.76113606222795
83548,1.82942348230236
4008,1.95180709215919
8796,0.0384536920503017
9445,2.75540967145059
10253,1.53842546992865
55270,2.19219843869376
1910,1.20218897203998
1102,1.60878292531103
3936,2.12202358720782
83852,1.52054935834058
9805,2.42686261408233
79020,0.374803538826287
64759,2.34780914243585
285955,0.399235094154757
55501,1.39836838846461
10457,2.44042472276853
9771,1.73287212963959
5879,3.07244272301171
11014,2.94544058185837
11097,1.50709715246608
3569,1.68726398919589
55146,2.17162529611711
313,1.07410113330648
28969,2.29376965011765
1607,0.0396462670429822
9238,2.20212112867956
54606,2.59066771816652
3364,1.80233653351797
23148,1.23279233560745
28988,2.30224045459768
83605,2.05944975983606
64005,0.726419005729795
80727,2.42504680191693
91875,1.31882030974562
26257,0.16258357811886
85446,1.39943424523951
10588,0.179525113835239
11173,0.897740377418345
58489,1.94047746111599
3658,1.74118438941356
57538,0.794072001924504
53346,0.615104004097364
10518,1.20160121453093
10241,2.39506157535265
55316,2.33395247718236
4836,2.34203054905886
84073,1.04865611578588
6426,2.35842077899818
7716,2.36661892122267
1101,2.52794639887356
51204,2.21859201238575
55852,2.20460868743299
10238,2.37058142457696
80774,1.41338712656335
83990,1.07009012805756
11143,1.84477393002095
64108,2.10813256791725
86,2.23714124783506
4711,2.26936783783928
57129,2.65253014099348
6434,2.15608250983978
6326,0.0532407567944813
10716,0.0115765804481612
64844,2.30472986804692
57471,0.258949460877317
11227,0.748585136349673
6332,0.474863846938322
10010,2.14364488819064
640,0.290777040522898
2626,0.217190838480678
6498,2.16076715310087
2058,2.5562869353746
3142,0.864840833498452
11311,2.31013299175801
3586,0.247637128743701
51133,2.7276653913952
26750,1.85739948266027
150472,1.38326065012303
3557,1.51453403027885
26525,0.0171022935190702
55627,2.2663948426616
55339,1.80808446174911
84317,2.2549934262671
79595,2.08778921782827
274,1.31067477872285
92856,2.33678713255037
9394,2.17051286036372
56886,1.95513001403744
2995,1.91376412054713
8027,1.94411515169374
2572,0.009315012732202
10006,2.26703525257156
10730,2.41867404643373
64215,2.57641915552209
25934,1.81150217835512
56262,2.18620282264223
1025,2.41037279476761
7295,2.93536852629285
4957,2.14737780791302
23392,2.17364955302654
27348,2.04756961573072
51759,2.18305549656538
10592,1.44493721128542
9314,2.13243695208976
1861,2.08252093910325
9649,1.12087602859366
64855,2.39915263984172
27090,1.93841735699746
7111,0.595467300766155
153090,1.7828412677523
6812,1.28825999090632
29988,1.82553591847823
23452,2.34139449567811
55755,1.77263976822473
7539,0.271148627504242
1318,0.143180048388379
1317,1.91414511245774
7099,1.04937526436874
7743,1.83880120315403
229,0.0546076972506679
55014,1.78841851264643
9128,2.00237964776628
2356,2.25469353221054
10868,1.79808109799104
570,0.022997480615535
113220,2.56066466667953
9550,2.72959724119801
54881,1.35863647467297
84253,0.879294791739587
54534,1.89254796496824
8818,2.43178823918706
401551,0.324294798176538
158427,1.03300462765984
9568,0.0366616595234452
5695,2.71290495065668
51531,1.45461876071243
10244,1.99977879058081
2800,1.81725026022206
7507,1.92938994637467
4686,1.93417216670084
10541,2.7997416237688
5082,1.82975245854082
11224,3.11500171897512
1515,1.32864717709796
4010,1.84914285705038
81873,2.12041965598116
5168,1.8076119531382
79075,1.48514875626177
79139,2.16514582768271
4609,2.06986117806236
4856,1.41333779448581
90865,1.80985427186096
90871,1.97714698855194
26953,1.91343146887602
64425,1.95268273530185
9373,1.92867971516653
3590,1.29275671302733
55833,1.5614000922875
54840,1.30151585425829
152006,1.75968062588316
7094,2.49081096452908
6366,2.47127708064054
27240,0.663485020801725
25822,1.4504205181599
26206,1.04956689003055
11258,2.18140581905672
971,0.909060900745745
51754,1.42684613208458
9380,2.05776848694849
219,2.18520644574306
84681,0.16651159931817
84904,1.01510733530606
347252,0.759322043392624
55667,1.55193380459086
6194,3.32335363697285
10695,2.78710245883178
116113,2.29677700127252
51645,2.33712730075897
89953,1.75599667963732
63971,1.86258621038733
7746,1.85852575123929
5292,2.34211607504336
2766,1.61672377057143
23070,2.1766460773477
7020,2.45897105888409
10864,0.0154687933557568
25844,2.69730824232014
81853,2.08744446764071
55362,2.32800789834362
10817,1.47159277224043
93643,1.81127310977802
11131,0.478626241911106
9856,0.0076664475141711
3662,0.475435147141453
63027,1.74183423440295
7280,2.00287058889129
55227,2.00814689443728
8521,0.254230213070546
2295,1.37842364354374
670,1.51132605345053
8737,1.83083723383114
347733,0.680028847110074
84300,2.39939305549708
3159,2.67722523043237
6941,2.05103446442112
10211,2.95583357096811
8870,2.90317384822813
9656,1.86319320431119
84547,1.27994857941402
79969,1.84330086520402
7172,2.43108917262164
1208,1.55264014140345
255488,2.02452707157609
11270,2.38599425324793
23787,2.73289840363511
57176,0.0735142061810224
129685,1.44067974502269
51439,2.35761429125976
347744,1.31268549298388
9982,0.0398448655326076
83888,0.526383767509715
132864,2.09414699290882
85462,1.52096625071693
7097,1.38448892622789
84709,0.267103215186432
83894,0.191341719148878
4647,0.643381450972314
9873,1.87010968015352
408,1.27089165046767
11309,1.26210827539652
5612,1.81394128562921
338699,1.85624207775851
10068,1.40085193154358
4926,2.52711179820049
60492,1.94707882985658
54843,2.07633309696472
27314,1.94807665023531
58487,2.23358163936258
2615,2.29406171010414
5547,2.19515396687922
79731,1.83204804257903
55298,1.99940113780108
29088,2.41423232655978
51050,1.34396972447376
7274,0.059471517423572
8836,1.24106633926057
81796,0.0846935889461878
23213,2.46687897932269
96764,1.73410853936788
6386,2.53361023386839
4750,1.39671444729077
55601,2.02248491345013
6653,1.98558555834753
56649,1.95608571167124
84811,2.12978632337141
7225,0.781539612787699
4316,2.25740195144512
9313,0.0822431961241168
64066,0.135429218543903
85016,1.64830349235501
84259,1.32109527414839
10413,2.29675170234536
23650,1.44611728657149
2542,1.80060959010342
54766,0.0871367817651098
25833,1.38988968076559
5962,1.91217137485953
5519,1.75097537514081
2230,1.86367080930456
64776,2.21040454976578
53826,0.69114866100384
57569,0.50618934303826
486,0.0290530521054448
4322,1.61046086240385
84000,2.08384383269407
834,1.83899616526393
838,0.18553826054892
91801,1.54010645107895
5607,1.50459949507549
440279,0.0076664475141711
58472,2.29989065556151
51496,1.72614201390649
79811,2.2186062178807
7057,2.58977730332195
23005,1.27215330944009
51203,0.114092234949886
51103,1.92708291094094
9493,1.83143315380636
22801,1.74838839505255
57082,1.09994063791426
55142,1.80923725461054
23168,2.34877968867825
56965,2.04474318466093
6176,3.38428489324083
54852,0.921719319568738
54839,0.987009210284595
27229,1.04301663104963
55177,2.20990949707872
3706,0.390453555527392
55075,2.05680193217235
4091,0.770711137366108
5330,1.33301736264336
80021,1.7039359572204
56924,1.37667749199768
102,1.97758159754027
53905,0.518674892603458
9153,0.0809207585101274
64220,1.12640274225927
1588,0.104408275572339
54816,1.53276630422222
80031,0.724498239757387
10017,0.152419690580264
51187,2.30250295808209
51332,0.855719776051515
145781,0.146853560983701
2644,0.137020599151987
8412,1.78557262578848
79739,0.920121340371038
54874,2.27506706704335
56267,2.35557148262082
2959,2.27448709477314
676,0.202335814389082
5876,2.20721425236222
10964,1.69066249949614
54810,0.800034990449584
9411,1.99528144727419
10561,2.37693805274191
204962,1.2463781008836
653702,1.91966496392421
9635,1.75365430164012
58511,0.105143115389858
1629,1.39846999461988
8634,2.13643255400036
26160,1.45745075648227
85465,1.97121399869114
10669,1.48984654174935
3032,2.53645687298096
3795,0.84593404738341
109,1.35640888625126
5495,1.77161182337249
87178,2.03787366504464
51626,1.99822019805627
3973,0.0324653828330247
80745,1.70657285195364
1545,1.84149330090279
5861,2.75901814031276
10097,2.81364302538147
10113,2.48877538621194
8884,2.53263811381693
64240,0.161212844662453
9581,1.91009782158434
11117,2.35714619210092
80204,1.58714285487672
6496,0.316719997701522
51374,2.84587049876322
79172,1.10423241329331
10128,2.26873190851
57159,0.058501008843608
1838,1.49725793857697
10121,2.59277546966087
79847,1.14746542148806
1558,0.686247732426664
26509,2.64680814224881
84171,0.87821890943302
57559,0.792988535766911
9023,1.62067569721343
84896,2.22483478526435
118663,0.165318125203912
3832,2.12187849641691
50624,0.0563619252247972
10579,1.48016826796416
1847,2.54918798853064
51063,2.1115402013334
403,2.29363345559863
55165,2.0128797767164
9585,1.62194280085405
953,1.52420964794633
54536,1.98099999022504
51196,1.92507782697424
5950,1.89420328035437
51163,1.80556882501837
23317,2.02913915972215
310,2.80983355251238
317662,1.77366525191922
51008,1.78642397473562
22891,0.855719776051515
170392,0.0884493778801894
140766,1.07179930774954
6229,3.03918407767986
80312,0.450578358823158
1763,1.38999298584366
316,1.57733856795885
471,2.6585526911425
50485,1.89323139211084
580,1.61500341069561
6775,0.784182523724844
2660,0.485305233796748
79800,1.00693264813705
54529,1.96146959568506
29081,2.18657329224239
6741,2.30730658211951
4664,2.07434315393893
65061,0.502346392695769
9360,2.1541808254141
79675,1.49861046586671
130752,0.949462865953591
57520,0.614727895834552
3417,2.18344113373835
29789,2.45027361135452
9541,2.40498572006003
6744,2.06649220711408
1134,0.15155248342787
150864,1.53997295263739
55759,1.52790102917788
10152,1.60147435711061
3685,2.24571071285877
30061,3.04933871456503
55032,1.80617015419068
84925,1.81383778193372
57337,1.67966958613695
84692,0.0447946653885956
10063,2.44034989796162
83666,2.14048164021077
55329,1.73819242087015
9101,1.24823858005472
9728,1.89281293032249
29766,1.8258579169311
84888,2.15544833281433
26035,1.53292118226629
90525,1.1555416675074
83464,1.96287565519294
81556,2.25340156017954
8483,2.73651817188718
54956,1.84908579547401
60490,1.71261272026977
10021,0.015877463426456
8482,1.20712357704054
84993,2.62963122535385
83478,0.873705699558675
10144,0.663485020801725
8916,0.0386525717956126
55008,1.50862624818947
51191,1.22350917472363
57575,0.016081724652309
55345,1.06619127803496
55435,1.90022085906447
51138,2.23582048545473
3184,2.64456298569128
5593,0.387503543243989
153020,0.985572154377648
22872,2.61695740937238
2250,0.0619895891189751
84803,0.615291982451897
59067,0.0487336436053482
2247,0.915422143324664
55212,1.52491870194401
84162,1.64701642738486
658,2.93708498628551
5910,2.20406074226179
55132,1.60995154393906
22915,0.42044341734984
8654,1.20229910743768
11107,0.655371820956658
7222,0.0799748722352531
27163,1.90980306064334
53371,2.06269051192383
4283,2.30212433310943
55589,0.982687815976914
9908,2.04880626957457
55752,2.20008057931367
80144,0.130102183141896
950,2.2189682584029
901,2.39085100316473
246175,1.7802716267301
8615,2.47212139752363
8999,0.116631393300044
57619,1.89503689561843
306,1.50815783724513
27068,2.28379011580115
1062,1.52811614011245
79807,1.43655069346768
57117,1.74488650691735
2028,0.762736668161673
839,2.27689050488327
51176,2.09685107747209
3033,1.79537520821603
1950,1.30983221670352
9061,2.45497648096908
10427,2.1129442164758
84103,0.0166942133416963
5530,2.07414570171489
64116,1.70681179212408
4547,0.0778901327798074
2201,0.286245795141816
23162,2.14437528119938
5998,1.74095118945306
83606,2.4835655617797
91445,1.99725840372911
85352,0.503995857772517
64098,1.11900774765036
283358,2.19606909395639
121506,2.41612092375536
2120,2.20276888174764
23710,2.15670281436172
55605,0.778073101018749
144402,1.14625010986338
51067,2.12979548153026
121512,1.06921050512829
84920,1.05424245260489
5288,0.488004783498392
58516,1.67952851012675
89869,0.015877463426456
121536,1.73037618154528
53919,0.199887482580332
254013,0.983008973974662
55500,1.96319060526298
85437,2.04114336317327
84216,1.15454339251139
144165,1.28382007289492
51279,2.30642628878273
4704,1.150894770287
9746,2.53053169006374
10219,0.915063794257229
6843,1.99767089718857
55080,1.92791342524716
939,1.09672294782097
83758,1.63669547901854
5830,1.99279748538324
196500,0.220065264966587
55089,0.46345978038276
347902,2.67950329241877
9169,1.98547749210988
1280,1.26907486533391
8499,0.13081445746027
84298,1.19379154462519
144581,1.93152078944458
121227,1.20424124294915
92979,2.11044493941123
11010,1.45819571886439
121278,0.031262604438497
22822,2.13456687988978
55266,1.79780160846972
8549,0.127068100716179
374462,0.0175101773978301
1848,2.64630735915654
282809,1.44166007689697
160418,1.76524101586769
4060,3.10795867783223
11081,0.47748815663447
6636,2.48449869624066
144193,0.646083983121727
121441,1.97394485704364
50511,0.0420263638480368
429,0.161212844662453
283431,1.11994264614589
114795,0.0544125563488178
121260,1.69403528716021
6996,1.8078745233914
84934,2.05193676213175
113675,2.20919112905398
326625,1.75246040195517
51228,2.52164698670849
9815,0.875043936356203
84260,1.23904387243922
84915,1.64660683177168
121643,0.206075475364887
9818,1.82129668192871
9107,1.80089790481106
283537,2.2046345821503
6541,1.59208868898794
3651,0.0209692882026594
222484,1.73041391493286
6821,2.26531134895262
85478,1.62221501345647
283375,0.337854621104413
6895,2.0379678180745
8608,0.451994555382277
50846,0.494932836298095
94,1.84569553345861
53831,0.820035864036375
79035,2.56876669271754
90634,1.71162929974524
6601,2.13445842501947
675,0.825216645269505
54934,2.00368957124271
91012,2.19144598744338
7786,1.86170170204632
3695,0.207210180079314
11226,2.40957376453619
51380,2.01916589614584
55716,1.78347570413939
60314,0.103672781969985
23344,2.48653334325427
7009,3.06882020496504
283373,1.69419916147066
112802,0.0240097576149657
283337,1.48339417630959
115825,0.92425582631093
144983,1.7065064567655
10161,2.15557185260402
2098,2.52888030321822
5925,2.12647868484464
55206,1.76642323413114
283385,1.18386374848654
23067,1.85703581143332
65082,1.50118031111931
79720,1.71273058350086
54509,0.0846935889461878
8562,2.40467554288029
81624,1.08862237134976
122060,0.405786124931254
64062,1.9284843736977
84530,0.0045667467349953
10150,2.18554279824391
140432,0.179021991902692
84945,1.68000798739889
55647,2.20673295623702
79774,2.09585134591783
8451,2.20557656270334
319089,1.83181012890329
6751,0.18002792277152
64403,1.80427887934858
161253,1.52660834014292
643866,1.46760273747698
283629,1.0232223720396
4857,0.844533362657074
161247,0.274429557143642
81542,2.18605062061167
122786,1.98085645029109
57161,1.02242080564418
6252,1.89405849810034
145407,0.751131628976486
83851,0.114818507485862
145389,1.75433335208149
122830,1.65574202948513
8747,1.01561458329714
145226,0.427300326011592
8816,2.30889759568823
376267,1.80326105887725
112840,1.81309180105065
2100,0.140897664497433
85439,1.54954682184973
90141,1.35624349930195
8477,0.924138077856711
145482,0.57107768126425
122953,1.67284737374005
122481,1.31540430372194
90050,0.0487336436053482
123041,0.0400434172142254
10516,2.20941372872696
51156,0.0677717653179942
122616,2.16991238917584
7453,2.33959939792702
283600,0.0294552189612712
91833,1.929428933209
81614,1.71014346104838
9990,1.30108741977197
90527,0.173297961760755
4236,2.28219256273409
6938,2.11443838403139
6652,1.32247908809469
10169,2.72079401557909
146050,1.73297217168896
50506,0.0443997508881444
256586,1.61277039322825
11001,2.19009824487746
2252,1.25180641309787
3067,0.865745812414913
9245,0.0334663908138561
663,2.01844158117631
2958,2.28797717450286
6727,3.04120642799843
22893,1.9002124701754
85455,0.279768932276183
146059,1.59396398925269
7090,2.4744492844128
8125,2.29167224123472
54939,2.2694411360537
92912,2.31455470175384
9051,0.847929741918111
2108,2.43567251213134
597,1.49516977957393
10363,1.4080064206731
49855,0.967783586989296
10099,2.44387500411907
80349,2.04912050453851
10499,1.79858586089384
79661,1.75792522935079
4123,1.8022726984397
55466,2.34486753131379
59274,2.0926224705166
7168,2.29684445552395
3480,2.27865346425607
91947,1.5744562612607
80119,0.712938668752496
9960,1.47528938672395
1583,0.296729861378886
585,2.07078349174797
5371,1.83652311605613
1543,0.0162859366995967
170691,1.42192278688394
55180,1.46295506000749
25989,2.28664634569852
5046,0.776740656725372
80125,0.116993492216047
10066,2.49142731645126
1544,0.0175101773978301
145864,1.58459811949114
51458,0.517489879374046
5428,1.70124295052884
6017,0.057723791780431
55215,1.60991866543582
11057,2.13284579545591
56964,1.15177900600434
90381,0.938398875348073
4916,0.276064893344208
55070,0.446313459382186
4240,2.30914126166967
374655,1.70614775040717
55898,2.19143061425669
8128,0.264093140907162
55784,0.234283977346928
5045,2.07801665154899
8826,2.53888681109326
64784,1.78594875611936
79631,1.94859689312687
23478,2.52740000144484
124404,0.461483627233382
84656,2.60419095253061
5373,1.13882113025702
6524,0.146679006037627
3687,1.45213603333972
7041,2.00842693486013
64755,2.20411631701316
79798,1.60901359064452
5073,2.24704562898518
79068,1.38691071866104
7385,2.63541944621947
1039,2.40247336058685
10261,1.54520856319469
55114,2.11821314016617
91807,0.0205630661837875
94160,0.304071672945281
85407,0.434819165563841
9785,1.74996648649293
54957,1.14115821377192
91862,1.49562994149353
10164,0.0623763134303502
463,0.794360623930103
497190,0.114636999340892
221184,1.52183857347463
84166,1.33606360497083
10300,1.60227726918255
3801,1.09954489865947
170692,0.274727144634156
283927,0.30578913394747
2653,0.361488785787318
123920,2.43016747805008
146225,0.13259244153535
1009,2.02410609228517
8996,2.16652729911314
81631,2.23125262498001
8720,2.12221071455548
1012,0.60706792796221
23174,1.68203304189284
57707,0.97758012069668
161931,0.0890112847364733
29948,0.987753014875628
3394,1.2664688144488
89941,2.43988806951982
6123,0.364938653624681
54925,1.89066255403362
6187,3.33902773593108
4716,3.02405098384032
5170,1.61348874342641
91151,0.433490698993776
54849,1.74938892158511
22980,1.95412804022208
2588,1.45518645164391
2622,1.50192386321944
55090,1.46613975836972
9611,1.90567001734105
8533,2.21156656730874
79018,1.33729432073401
57336,0.922959368086832
93649,0.168213522886445
8844,1.04165903058695
84916,1.77599194429783
57610,1.59591650355868
64180,0.0901339590533384
81577,1.47384903372373
28987,1.99637955642699
5636,1.66955573576724
146862,0.0380557917082188
58488,1.55643264485267
26689,0.074848442848116
10040,1.84593519743854
55028,1.78840751876504
10140,3.17460760565946
55275,1.07534037426184
84690,0.0191397532419228
9905,1.82044161285657
9520,2.291237996384
8631,2.56835757248345
90506,2.20809060803216
90507,2.41128931970603
85464,1.26385014538499
162494,0.814043871935114
22901,1.58409446008151
10351,0.821283032879213
92579,2.57121016971552
1213,2.72906477761569
54828,1.39377505933442
51651,2.00236671973692
6760,2.40750161544732
6875,0.686586861218633
10939,1.71204916072681
10650,0.995770476028532
3613,1.55816157059716
2774,0.573076008896696
25800,3.0889374514944
55197,1.95098116622065
83608,2.11069612982817
2589,2.30726575426713
80816,0.0735142061810224
116,0.827208824402563
4225,0.0211723261778742
147407,0.154842971653662
64762,0.884584272791106
114799,1.84633752021901
114876,2.06912058120601
2627,1.39403133041974
80000,1.21814867516811
29919,1.80910117990041
27043,2.1379619563383
4864,1.54471779457865
6563,0.608682530253595
409,2.07437516324107
284111,0.0123974780415539
84225,1.12564648975838
55135,1.33067760762752
50488,1.90604225333233
112483,2.47724789042453
432,0.381180131167325
23533,0.852496419888457
7157,2.1549794161033
55036,1.5432992827917
396,2.71960946968803
11322,1.91628648091923
9123,1.42797364909465
79092,0.827071629443991
94015,0.825010207422604
10966,1.68183656315617
9775,2.3615551025865
1453,2.26502058298743
51529,2.55841873595317
6904,1.94152995699523
79672,2.49344769900644
26502,1.87571840494014
57521,1.71354167512222
3607,2.10445187205934
201292,1.98193510995959
57332,1.60316220932636
6398,2.06261892467076
114804,0.92443240728083
22994,1.97653909727048
79755,1.49775777009089
56270,2.56283548458187
8535,2.53091093548737
494470,0.519212894396984
54808,1.74929258584853
5596,0.035464851664874
55520,0.869288696897615
4152,2.11437147054224
4089,1.66044766643711
8792,0.368768251846518
54877,1.38498463071079
201456,0.658822788681098
147381,0.0296562306312831
5366,2.12147567936581
10609,2.48222384527253
115024,2.40873116327168
162427,2.63855640807559
2064,2.81307038353313
2886,2.24388629148718
84299,2.61261754124662
5409,1.88304052908578
342667,0.956152696514222
3487,3.39709686742022
60681,2.88405934073544
10907,2.25012379346893
773,0.15051061553008
113230,2.13012044433086
90378,2.60513925367299
23476,2.00929121439633
29985,1.67029089551673
4782,2.58030153312786
91978,0.563432415107494
8612,2.28357072764774
63977,0.92225107092208
5211,2.27686960278167
55527,0.36295025006811
7409,1.78403145052342
93343,2.43542632710571
117286,1.72543020089086
6455,2.48700171477864
56931,1.61303174063704
91039,2.43595465533117
63946,0.016081724652309
90324,2.31805444723507
641649,1.55491927392556
57677,1.41822294123201
23410,2.09055598992171
10410,3.37083794615664
80162,2.08486139265353
30811,0.586908846220241
1291,2.98605405104511
3454,2.30531914358143
6647,3.01244648953836
1292,3.01374937537843
150094,0.848659944950635
7226,0.952563834811672
57410,2.54414325224021
757,2.34210385844686
351,3.06813108423863
9980,1.80827331679302
9875,1.48146117357634
207,2.25293022263095
29949,0.0596654842894622
2014,2.44691696486136
10055,2.53964856635722
126147,0.40891546953685
114783,1.88855248673052
79760,0.744085774508146
23624,2.42779248325803
126374,1.24972240526121
81794,1.24106633926057
6531,0.01219232802879
57140,2.11552637332838
11132,1.41995453042702
4542,1.3851932052803
105372481,1.00083197481272
91662,0.296295826739199
59283,0.122945241276883
126208,2.00814689443728
90580,2.1667377645847
84467,0.0637284429094406
10498,2.034468327767
115704,1.6746197373157
55244,0.58739791175313
5694,2.7621058328642
89790,1.03815375853274
93650,0.305503153895021
354,0.0234025367070836
25888,1.26809906812685
112703,1.78125662327522
6205,3.43683624617113
113091,0.11336532195325
23521,3.29710734596326
90353,0.715461469955379
51070,2.17503018080277
402665,0.188528114923824
57333,2.49908322736311
80110,1.17595448876023
6518,0.341821847516293
473,2.11255048944817
79258,1.51136653754253
85452,0.167192797265528
63976,0.238656241520586
63036,0.035464851664874
51702,0.157086722449401
114827,0.413274765771369
29943,0.0544125563488178
1969,1.93557951120928
128272,1.80131401229334
79180,2.48349615206078
5195,2.14507785489888
5226,2.64765683065573
127294,0.259859611964358
83442,3.02514885624115
10256,2.18191971501247
6135,3.2236681244356
58985,0.695094389069495
127703,1.95065621861709
79932,2.34207209311014
63950,0.0340664262320136
10733,1.47542011945729
9064,2.17367786623592
8547,0.968003001230959
54707,1.87626170367038
84958,2.37322148950287
23038,2.36307295544202
84224,1.07364148992885
3339,2.04491649376885
23421,1.77171472891141
26135,2.50947633951343
8915,2.01482412207976
3491,3.10607821685595
5567,1.75712172842302
10026,1.89825307475839
64129,2.14730370766678
113451,1.06814393426363
6202,3.27312969132738
11004,1.89376025327478
5792,2.66236053946201
266675,0.351583758949313
148932,1.54825510843579
1580,2.08889844248273
199964,0.886712752262533
8543,1.7779343767593
284612,0.376109241366088
22823,1.86908733952903
126969,1.61885717915674
3321,2.0903670822113
90874,1.19270957422323
55917,1.6121491005377
85369,1.71339788062784
5686,2.38896961316576
163479,0.0348658102965977
128346,1.97644921413916
963,2.18606233082875
84432,0.0386525717956126
1952,2.4713510138318
8515,0.945265909289131
23432,0.92029909584705
223,2.66383517877754
481,3.09243067034577
261726,2.45774243546848
29922,1.6139289972106
57645,2.35698767356958
25874,2.60437399852423
8804,2.64186124373497
55827,2.4389963028054
10223,0.213502847386064
6258,0.246404421848082
9095,1.00041613054358
7371,1.77021443873212
54499,2.71567751732866
6375,0.465546423576251
6846,0.915362432739834
5451,1.5195752071506
84944,0.173297961760755
387597,0.110998419529435
1805,1.99757272475836
4259,2.29471294541822
55811,0.124919624893862
64326,2.40403218389786
81607,2.48432799567788
51506,2.86563521994067
5498,1.94187009145151
2212,1.81066860262055
83540,2.6567409518782
8490,3.26862849358844
6391,2.65722439069138
5202,2.96175785595996
9970,0.260162762328908
27005,2.39225045231432
5546,2.59738570394626
83416,0.227838027674123
51093,2.56759867202857
79590,2.90373240198359
93183,2.11130406009539
844,1.05807924304203
81875,2.2729707742117
1382,3.23063583191682
3068,2.94221464039944
27,1.64822788339099
9213,2.17023113475897
6004,2.58898663549781
26092,2.38491221246711
83872,1.09769454055919
23179,1.53562348622149
127018,2.16380882411535
56956,0.0105493414072734
58497,2.55182729589404
6097,2.05892726575114
7286,2.39654707668426
10262,2.94144029663261
1893,2.55397088910982
57592,2.23580360563582
80222,2.32771415474752
57530,2.42127058493309
81609,2.00066935443505
9869,1.75149092155678
54507,1.31322438782142
4170,2.95758382469377
1513,2.3870767930549
5993,2.34055590915581
5298,2.39218167142658
8394,2.54846481500435
81611,2.58573435944121
55793,2.6097036636412
8416,2.74316444683247
8991,2.65642207315082
29956,2.63677381501532
2029,2.87138567916495
10500,1.46505080299708
65005,2.3333503884412
405,2.29130374136784
23126,2.43151320769314
54964,2.26242339708568
51686,0.733494269150546
55204,2.39086984350206
126626,1.80947789440918
255928,0.0234025367070836
3756,0.56817009115838
51514,2.07139171062548
8444,1.11777305775734
1939,2.2301867972452
25896,2.08299543835919
79805,0.702752246789321
9015,1.20617661200299
56950,2.07847063061575
55061,1.85071843793752
11221,2.46194282703698
79802,1.3712425991506
7159,1.9632979164445
57198,2.21529102392822
8751,2.62666985468593
10899,2.34022919740251
5872,2.22828675499528
6279,2.64024312940316
7170,2.53451951390316
91181,0.009315012732202
23557,2.64828428342964
11000,2.06705856136177
6278,2.93011314888072
9898,2.64539177028347
27173,0.477602044596656
10456,2.8928022470557
148327,2.95934721176193
1944,1.59608590160687
89872,0.0467664613262632
3782,0.491812170434574
25912,3.00349300432688
57459,2.11445272102068
3608,2.93334124759642
6016,2.24229046923516
65123,2.38556444203465
5313,0.0173062599854029
57657,1.40992223951846
2312,0.0378567710724885
58,0.813693794833892
128061,1.53746773065374
2590,1.75671941622188
79573,1.85199535833997
51097,2.6763437012891
1130,1.39991568787128
84451,0.430826640569851
9859,1.47159277224043
52,2.4759357651398
116841,2.02497194518518
6726,3.02442943530641
4931,2.21977613937515
163859,1.9595171153067
8560,2.87412939493172
23219,2.25984040273642
375,3.18154127276053
7044,0.423022133436742
29097,2.3840597047675
3707,2.02327495985818
2987,2.74381573405124
8476,1.99872303229422
149111,1.2817291229949
79169,2.04489339053063
129642,2.07026059103867
142,2.29556326438977
5664,0.262885880953559
29920,2.51203918568986
3930,1.56867410166973
7483,0.811448829024991
2052,2.73010335879624
5972,0.8070063021141
9580,2.02155802820452
55224,2.51866068780114
8497,0.915541547390276
22874,2.26715211748835
5778,1.07854107271266
127833,0.105877302441966
127829,2.79556891973483
130497,0.871725042942292
151449,0.0406387916047836
10130,2.45917868875339
388,3.31178320825308
245973,1.2636204079181
92906,1.85510015140228
130589,1.53623902335058
79823,1.34896987037767
64241,0.0370602183099194
27436,1.97124904179508
805,2.99380198810197
494143,1.24941922409704
6233,2.99417147914438
51057,0.807147801198433
51542,2.02718242711692
55252,1.44533087951406
54465,1.64745595308672
6637,2.57518037104828
84696,1.169919466842
4211,1.16370116512056
9391,2.46096937534405
84874,1.42281932092344
23020,2.52047464748043
64969,1.81625310201743
79998,0.443098617146491
51002,2.40092893356458
9027,0.29571673761893
23233,1.57530687436513
94097,1.95666819719966
113419,2.43194214834093
165545,1.30490057973956
8446,2.03220473176725
84620,1.1422210812096
4867,0.811940577578499
7851,0.574670633025176
55258,2.30847480852506
5899,2.45866605122936
165257,0.181367218991527
80775,1.9629114577963
284958,0.0983208065549586
11159,1.56730746884618
6574,2.41594918582113
129804,1.76551947759631
84524,1.20027648473121
51601,1.55115189456665
1261,0.0959103684817372
151313,1.89630103781197
129530,1.06921050512829
3899,2.16796091371145
23190,2.65988434340511
11249,0.395556741989347
339745,2.14876975252706
80731,0.303498341640863
2840,0.216870818283273
5433,2.04725407129998
83607,1.94382206240909
114805,0.0561671921294347
8502,2.39094937902183
57282,0.115725449015596
79634,1.99140313644541
80856,1.87976233217322
151126,0.675994750174174
23671,0.009315012732202
83879,0.607448168799439
1745,0.216390547537766
130507,1.81907394675664
493911,1.37778936408218
51454,0.58199949808138
165215,0.837483815525561
3329,2.55792397839255
284992,0.476804457629873
151194,1.36336239953059
285175,0.0056012358560772
5746,0.327220617684011
130749,0.635757816233809
65065,0.504105689283315
151050,1.08754570766044
79582,1.75425001736549
26154,2.07784230124341
285362,2.20084813719987
84236,1.82698295857538
57007,2.50189787735535
55502,1.69081386199224
339768,0.100170227649574
51281,1.45452787001614
64708,2.03379662856473
129563,1.48806625939049
151835,0.511426852568559
2177,1.35033794816448
132001,1.28782078853649
9686,1.72748621552193
5868,2.43101752397939
79137,2.55065089356441
58190,2.63375145975852
9125,2.26111091626756
57574,0.0438070313509447
114790,1.78277442999637
29926,2.18892723674465
80852,0.112637767504033
85403,1.82441705720025
152330,0.341275860124973
51143,1.79579678176582
27303,0.848925267461975
114884,1.08217771667219
84892,2.3431357342027
1238,0.684974495648655
729085,2.02686137565023
64651,2.59282290079009
54977,2.35230141752367
3680,1.3781594553758
9389,0.0721778321548017
2803,2.28750332217262
10217,2.10308842012485
6769,0.309924054712596
9922,2.02845787197669
23066,1.5282920684484
6161,3.17238945083083
5793,1.4588719892117
54756,1.3572625483255
55164,1.9264235306589
115286,1.53381076236719
9039,2.19332023503814
10550,2.85973249927518
7110,1.93719598900397
26018,2.57781713351039
8994,1.30681210325581
285349,0.527341619208291
64332,2.20748950026599
1295,1.96132583470191
91775,1.61165801613874
22989,0.0487336436053482
90102,1.90059817806548
55347,2.17256789108668
51365,1.00688120580942
285282,1.92417815132581
141,1.23863160679732
152404,0.351583758949313
64422,2.05080144157993
8856,0.105693816820032
91653,1.41098897502265
58477,2.39825657070212
66000,0.276213391367927
185,1.90863005654553
116931,0.35869092268036
83939,2.43944698186372
10840,0.230359737718341
114885,1.82011541201257
7220,0.950535873895228
57552,1.93161384950071
653333,0.11318349351592
4026,1.79546171905724
93109,1.53875066536187
9711,0.931105636554658
275,0.134366577733776
6988,2.26833383394295
90226,0.278585543095568
9730,1.86867043143518
7873,2.63006061098659
285150,1.02247093497814
9515,0.0049806933258769
55840,1.24525875995797
286676,1.95314551987853
116211,0.108807543305086
4585,0.163781075656825
9353,1.05703961378911
8893,2.18615599835277
197,0.217670628552373
90113,0.558968416754432
1609,2.10323633421785
81608,1.7035751604657
10861,1.49917118407563
55646,1.85289156522577
1060,1.65528067704101
2044,0.0056012358560772
10699,0.575168219444326
57205,1.16173148946589
132299,2.45675353928407
201780,0.17481709113341
345274,0.395938094088042
79966,1.22276678713986
51316,0.533484114513337
58478,2.59649991745052
93587,1.45878187302332
57563,1.4828579936686
6622,0.343593630314661
93627,1.84579141573253
817,1.9091226446372
493856,1.70090685233683
115265,0.341548902334423
287,0.612750005186743
92610,1.87955049368941
166378,1.12531005755107
2169,0.071221967357895
890,1.90101700654323
57721,1.75383310258246
54532,1.66848689398947
80854,1.97459157394877
92345,1.7789809788599
55016,1.48768392712642
6423,3.21700166731965
6189,2.9160750409277
285533,0.385315682482522
56034,1.41002156535652
84869,1.8489811620802
8001,1.63030734282871
285440,1.50830044495002
83853,0.887462273257445
4726,2.81563569809022
10299,2.36137348141472
85409,1.59292498079401
1016,0.025020825205399
170690,1.01302313113491
6715,1.14616899675306
4651,1.29832494332133
54491,1.13914971974989
6167,2.87455200581278
6502,1.00062408844083
9180,2.12075792124197
10769,2.69282192491608
3001,1.7039359572204
5295,2.51686835751829
1404,0.56817009115838
10184,1.8588881061629
23635,1.42434219677182
635,0.0156731530012164
256006,0.389172355217867
10788,1.6091947471503
1393,0.451050725252014
5921,1.92973289895784
167410,0.0404403802309502
54826,1.32590822044166
23262,1.48514875626177
5066,1.98340487207495
55814,1.69313289802457
2966,0.15085805279077
64924,2.10108565479818
689,2.99513418055357
64839,1.66306042143803
83890,0.214787557493613
85480,0.120245236362853
25816,1.22766217553855
56929,2.05610198590306
51397,2.29312222193337
9140,1.90817798458619
84466,1.97231284427131
171019,0.17464843968899
81555,2.20832490144952
23092,1.75631672869529
9547,2.81376391195162
153328,0.105143115389858
9879,1.97878628844977
91937,0.16446456804444
153830,1.64577132830938
114898,0.933372239707393
2561,0.0619895891189751
81545,1.68276206559609
78991,1.82582774012845
10318,2.51003497117272
10146,1.9199924593306
91975,0.932094660099293
23138,1.751502903704
55651,2.38482471862761
64777,2.10492811648838
91272,2.64581172785302
10814,0.0154687933557568
57451,0.521682563350443
3779,1.03344772871398
26240,1.79048032486416
340156,0.386989321169616
222826,0.051284114267885
51256,1.39285141863662
10667,1.71962927298657
54438,0.859318593441616
54901,1.69270841623255
84249,0.0119871284396815
26045,0.156224473136085
153527,2.66189118984112
2676,0.239278889746858
26249,1.04951898942436
51473,2.06388891751631
353219,0.297886106450941
81786,0.211249627942036
90933,1.57686234938019
192286,2.85980438308356
54540,2.13951601205023
7941,1.25261098877219
27242,2.35651864749326
22838,2.02646119332175
4594,2.15115807076267
255426,0.0700734830017112
79930,1.40535718793008
29777,2.21204837405899
170954,2.35423127516812
23500,0.858012274739068
5558,1.48861799093973
90523,0.0442022240997431
54511,0.264394666900614
221472,0.540097301903472
222663,1.77746087590811
50636,0.454818848047692
401262,0.340592829709099
84630,0.161212844662453
202500,0.218629344999603
285855,2.30251953016513
4794,2.26648112350882
51302,0.489910955586257
7162,2.66595463568237
134728,0.958273722377707
55023,1.99968766714732
167681,0.217190838480678
253714,0.734679414374099
84553,1.20486275681456
2569,0.0833750437052461
10957,2.58355185764004
135293,1.15482308665562
57038,2.23568542331341
256380,0.144756434529493
221322,0.65252730350449
134829,0.0146508621545966
2830,0.106427514965708
154214,0.875425772507138
84870,0.637762593309037
93663,2.09207390806481
58527,2.48920087763951
116843,1.93996913720413
113115,1.33396761719571
154091,0.246404421848082
257218,0.546028665558539
51390,2.02687349576274
6993,2.63139420490157
26230,0.666982878114145
57583,2.14185657690295
154197,0.218469638822162
9589,2.23235263214859
9202,2.18337426814114
7432,0.213502847386064
79624,2.55578724493237
6581,0.547167691337005
221806,0.240678064244852
2768,2.30197773988816
84310,2.45194659258774
221935,0.511970260059921
221960,1.29101247458251
79034,2.21567450286962
57786,1.86488069541991
9586,0.645184310714261
1956,1.15538206153662
84847,0.477032428040841
113130,1.79207464161558
3486,2.48314268121623
5814,2.26165215885793
644907,1.78815458097793
3484,0.30521706855402
136853,0.848328137469355
4191,2.80097565728779
22932,2.20115468231165
2631,2.36689247807676
908,2.79228310342344
5723,1.99109037331161
135892,0.043016088629042
168374,1.98313311604203
222255,1.2400731797701
64418,1.93860023657538
142685,0.0221867865316464
55262,2.06146611864262
56996,2.04295921584091
64599,2.38576452683026
89122,2.3344933931026
56257,2.60167983746368
7455,0.183372008694856
84928,2.3023454813211
340351,0.783522790625936
92092,1.65466977902405
55281,2.09869262050491
11011,1.78949453563009
2041,2.02358684881284
64434,1.69556243777652
54892,1.81415856034639
57502,0.247945005717645
357,1.31097536975427
401409,2.1215740833634
51631,2.15343612623629
27147,0.871916989266374
57393,0.765003354657852
30011,1.87688426888742
83604,1.7850853749551
347404,0.0717956175864252
94122,1.22502618716441
8573,1.52223456303777
7403,0.94833136405953
54466,0.273685094362212
4478,2.67097801297299
85417,0.472688847046456
55869,0.828031383733431
6567,2.07783701660912
79742,1.77286786581087
7712,0.0215782561623971
7569,1.75141902170545
56548,0.97368033101323
55634,1.69085513375114
54539,2.96801697476281
7592,1.61562088075022
347517,0.853023791492222
9203,2.00514264069568
6872,1.62338209999227
84636,0.34685390613897
4841,2.5703024844128
90060,1.95146808316287
2846,0.318972127169278
10682,2.30328369335572
158835,0.0438070313509447
8473,2.4958672987985
29934,2.45227733586975
26548,0.533484114513337
3561,1.28819726974919
93953,0.550882802962905
7552,0.961884910842268
1730,1.07876902621698
56000,0.0884493778801894
5631,2.14670598072475
55086,0.192002317835344
84443,0.0581124904196997
139818,1.24325177600358
3547,1.04726328323978
158763,1.47073576045186
2719,1.58633073495921
27316,2.61205472771655
79648,1.32435761477778
9258,1.29607371077831
26260,1.27286371515119
50814,2.20819313108071
7739,1.98390711644407
1069,2.80752397530942
6134,3.15680322775228
55790,1.08660199411942
526,2.14818754116195
55246,2.11517361385338
79618,1.40034606738893
8973,0.618105612677935
2796,1.28153863239086
55909,1.52062879417729
9046,1.13212622354841
51312,1.99789986834401
91782,2.16927812226717
80005,1.51467477477959
6770,0.0244143296379668
11212,2.37185195609162
11160,2.09629880152402
54212,0.0051875911285856
137902,0.282425039389023
9705,0.0189362275154237
8601,0.250557133854143
6867,1.62421164764764
51125,1.47408938494814
84513,2.36849063237118
84296,0.868838877277481
54904,1.86554826661746
85479,0.309924054712596
1392,0.601914420994478
84675,1.18877446612053
137872,1.14551967552692
28957,1.22092417919093
5375,0.074848442848116
51110,1.93224143329683
7013,1.39821594128894
6129,3.08587547147831
115111,0.0996158349795007
85481,0.0901339590533384
245972,0.213824218448348
55638,1.78661170555337
1807,0.0693069482704467
92140,2.32389678089417
29967,0.697767799418261
9166,2.10288123899565
5440,2.67740056791942
114569,2.75837695913247
8667,2.66443492663001
84294,1.67957083759479
4715,1.99130999958649
83940,1.70866582014922
84985,0.0829979322484961
56169,0.537060686491088
51059,0.150336841365798
7553,1.40442919687515
80728,1.86492645422828
55630,2.07415637751611
93100,1.82189622272767
7436,0.421426833765337
50808,1.98692037472559
115426,1.5878501508954
4781,1.76547307983436
123,1.86329428258833
54801,1.25076540617268
1030,1.687333323009
1029,1.03206810995955
203228,1.13486324538525
84186,1.90864648591463
26267,0.787762835322136
10280,2.55740444988359
220869,0.630904240065443
84131,1.06702892444218
4915,1.72619281346826
414328,1.64316383675655
53358,0.469011087758547
549,1.77678353467463
84641,2.31025708275311
84909,1.20766916874424
54886,0.0996158349795007
58499,0.600380169927695
58493,1.75075938255033
7357,2.87166828460975
401548,1.22558959177282
2040,3.0017858912288
2934,2.61816112329719
92399,1.41309106205616
2649,0.52627726104567
286204,0.090507846716347
210,2.17232435990418
23245,0.951494353574685
114987,1.21832701134198
54107,2.3394762453816
6836,2.7221678720244
26301,0.943270885933376
6834,2.50385201821154
6835,2.29015560237295
6838,1.88153215560824
6837,1.54754223206574
57109,1.91664091921198
6130,3.29141297768893
9328,2.16719128030639
140459,1.75017085616647
80142,1.77309584197451
28989,1.58402494731989
25792,2.0126344591181
114789,1.7336218868439
56904,2.19275787708988
84895,1.42163167686183
9536,2.69358345428602
3934,1.68815064955527
90678,1.56700123269552
256158,0.477032428040841
57720,2.04326100311208
286257,2.57299305878378
56623,1.35951388426555
9919,2.38003296230079
92715,1.76823658850846
4851,1.81075203461901
138151,1.45103878423912
254427,1.78538443589645
9712,1.29281890217066
23412,1.94704900517235
22921,2.5917299357513
23590,1.34156503126243
221061,1.63511067355226
80013,1.96290429753877
653567,0.0294552189612712
6251,2.3260411041667
338596,2.30635259602782
56288,1.97041415620776
91074,2.34704260035166
6935,1.75785439237115
220965,0.534643186658938
29982,2.21202303269512
29974,0.0113712320035829
92211,0.131703931397248
11128,1.608238759354
26091,1.51389010524382
83938,0.979574525996566
818,1.74305771778232
2746,2.77235157409762
27063,0.283896769884373
3363,0.171606691073052
10556,2.06962888795683
118924,1.7577126835082
120,1.65773087514434
3026,0.0443997508881444
54788,2.18964654213515
1979,2.41518775176893
64106,0.0236049920866109
79949,0.549234020727793
6934,1.76793681638956
4288,1.98918166893979
1586,0.0475538868142473
282969,1.47168058683532
80313,1.20497236357019
92170,1.13531814554023
84504,0.0388514046163894
196743,0.428274767776111
9446,2.77265617476837
6877,1.09344289482288
23082,2.06002698212192
85450,1.82816499629215
54805,0.7481984537414
22984,1.86228237590164
8038,2.23423687378413
6001,2.48072190358224
84280,2.10111044779794
133,1.70524305091298
2620,0.291796596737495
159963,0.0144462560950847
55327,1.97082831555211
57689,1.11379559713298
196294,1.23452641927531
27315,2.27592763950125
64852,1.77221746719809
7356,0.0893856781967923
90019,1.47456973622445
7761,0.892684168625902
7762,0.166852269781964
51144,1.79493156264222
51074,1.58050108599384
25891,1.12535212235727
8525,2.11902093749343
10480,2.29438748945151
85456,2.62777229918928
10249,0.256669477556136
710,2.68337413605893
6749,2.45889734919758
8501,1.48137508558305
5795,1.58120098512774
79096,2.09335260572527
84364,2.3281202163619
10658,2.207870812625
51501,2.06208985153779
60494,0.439150376240363
143686,1.42250450388081
23052,2.41248825362874
79780,0.532323173895546
283212,1.22127900542139
26011,0.698934115962481
871,2.63848500729982
726,1.41289358961235
92105,1.86192300814006
5058,2.26931285356573
6188,3.03892157020951
85463,0.394156800025889
54970,1.50770936870916
4684,0.13931381225424
1813,0.0264342928541542
91894,0.0300581105554705
9177,0.0113712320035829
4863,1.47491878888962
472,1.43176939829191
60496,2.07498813748406
89944,1.37997959990908
128710,1.73061510467951
55004,2.66029465570969
283208,1.53135072924283
2900,0.480670357915226
6768,2.61157843439795
10525,2.23584074012564
80332,1.08502573938189
57325,1.64135577653163
26007,2.10344823926202
9219,2.57549001869185
51524,1.90879431991316
3992,1.6452083983401
117532,0.0714132279076869
6094,1.61208365273147
256364,2.10810825073385
3619,1.73735146712279
22917,0.145106329829701
9651,0.984238512132675
79869,2.34010874574844
2206,1.3742868005298
26229,2.55585936991036
9538,2.65388684369349
80071,1.29539339111846
1111,1.5853612600143
9638,0.700596813911004
90952,2.31716060656311
84623,0.0565566131007352
10205,2.09005542619187
6327,0.216390547537766
51092,1.9715012587627
84866,2.2772635345902
6876,2.66295544628934
57158,0.460901397309438
128853,0.708357330432889
149951,2.55207709838764
128864,0.407540162703302
85449,1.02232053439149
128497,0.714811326601938
79980,2.07190226984239
140710,2.10621623602979
140894,0.073704942137793
64405,0.0951672823362936
149986,2.44600723904066
54915,2.44767790849791
81928,1.86584055757754
220064,1.28337721793134
170589,0.295571898089951
114571,0.0671953437318986
83707,2.36534069013635
84304,1.85510952435561
83706,1.7643929177242
5331,2.18869875788355
740,2.42608679780788
10435,0.0495192289370227
2197,3.07853698277056
7108,2.66354578042045
738,2.02624880305448
6911,1.37741900664741
5531,2.86197057044768
226,1.34504119715325
83723,0.769438665293285
8448,1.35662932037919
8479,2.24540896911651
9344,2.27794285950961
124446,2.85526964035301
8091,0.0428182367483027
4314,1.95875798592803
22866,0.0256268862991105
51348,0.228153678618241
51267,1.10103849979071
283078,0.30048139871132
143098,1.81648975622463
3688,2.18008995550223
121981,0.18836230244846
1489,1.91664897096871
51503,2.51091588280595
2209,0.893797547642258
84159,2.06211191134609
1006,0.169063147349782
55208,1.7340461783357
55002,1.85168358747814
219854,1.83473492737637
114609,1.12539418408259
221143,1.97787106581527
26524,1.74087752137637
10284,2.7586740457026
23284,0.127604342605156
57536,0.72745713315555
220108,0.499367905601484
4253,1.7910925518094
3176,2.22720117101328
116372,0.397841968322907
130576,2.05619725610433
27250,2.86961721903704
150,1.86605963883832
2823,0.0677717653179942
116966,0.669507732771458
132851,0.753361444782175
7424,1.90473376572264
79839,0.867487508805761
10666,0.263942334595142
161835,1.40284520033299
1740,0.370478736181664
220047,0.0886367224100169
64407,0.673580107571268
11098,2.63412905544541
54545,1.8851446136059
151242,0.344953762727419
341032,0.359757984600491
22948,2.40616953016046
134145,1.8502444986599
1793,2.33623514337054
85458,1.79737126374802
1737,1.94861917385038
120379,1.53404255575894
55216,1.9383792464128
26521,2.55070597392858
3606,1.47624728898138
56158,0.0906947274148189
5805,2.04954287603596
5305,2.17083106005961
130813,1.60195961565363
341640,0.0683477895576427
2308,1.5154180308443
51232,2.01148123378424
9871,1.98398849986769
23457,0.989608551601502
196383,1.8290143919979
57647,1.64727413188112
7316,3.2508479374503
3708,1.30013751559391
84076,0.097765173807287
339105,0.25651724415294
23657,0.478057419844406
25819,2.00406301101046
219670,0.320797167774451
57512,0.0534361704016004
93589,0.724177577941386
196513,1.9063893621162
775,0.62490515211178
3742,0.0746579682411712
7068,1.04335554707409
55768,1.65957829731257
54995,1.84860997516347
55293,1.95398887757417
144110,1.65356509468544
121053,0.667418860846234
90488,2.39289999359212
121551,0.407915496069866
89910,1.95284440475742
288,1.387637627061
253430,1.30805242771663
144715,0.217830494561375
196463,2.4937786158631
9231,2.04487028586413
4143,1.75109532446933
114134,0.514789435208118
283464,1.55210118969711
5756,2.51461158585103
22982,1.60123991294319
1977,1.36279102305971
9223,1.69188568706651
93081,1.40251772968973
1456,2.20128917698663
119385,0.046963386855558
153443,1.68007845549343
9472,0.122046224165508
64067,0.225783241589969
283635,2.10359600668801
51562,1.95361509092718
145282,1.25465061199645
2132,1.97528576595808
129787,1.62770480331205
55821,0.0424223934120883
65987,0.701758282812642
7069,2.37530096692254
4718,2.09093351230413
10873,2.21339239599647
81792,1.57424336761246
80224,1.48583177218701
140609,2.11662533827749
2241,1.13100275063494
63894,2.09260216809672
57182,1.87166091113352
26019,1.90467569590711
8872,2.38195805452449
132320,1.17626223904864
83643,1.79860732680956
132321,1.51241793880744
55691,0.95866364092313
5800,0.225149932053508
2059,1.71173430246174
27034,1.6156858296001
29087,2.41013290986417
112936,2.18896594705984
23310,1.65664848262837
143187,1.44906681787344
5860,2.47700831961066
57700,1.81085630133789
121601,0.0738956344925407
374618,1.15414359009645
79691,1.60426185849086
166785,1.21284369033018
152485,1.28634368538217
1909,1.87604803331158
4306,0.679172519007302
1646,0.962659933621736
10570,0.376761251866168
27287,0.513164325750304
101,1.72110919108102
3698,1.13025254285996
22944,1.50190322431846
5281,1.0673543540323
150709,0.619881739335518
3628,1.76405553722979
54842,2.06605050231202
9781,1.69428107599436
8853,0.988389837714176
6868,1.28372520615336
2313,1.4598846708408
3758,0.0348658102965977
120224,1.92581813494026
80014,1.37054578691404
79682,2.22483478526435
2180,1.9485597557769
291,1.95417197604439
196394,1.3725532722284
636,0.874598170548134
60485,1.97634547688811
160857,1.00878165394849
387923,1.61832475131694
51594,1.8019001346521
79750,0.566057151869953
6999,0.186868453469932
60558,1.93829539016623
341880,0.0858221088259321
2555,0.0193432301006561
26278,0.823770196549325
729665,0.889643312757546
5042,0.262734843251438
55835,1.36480164998464
26272,1.78063007047355
64417,1.96651067156434
56477,1.75042317972439
79668,1.00600601408198
2674,2.30090810937438
143384,1.89687664658808
667,1.76555427263108
221336,0.396827166774544
7073,2.23862765890649
9531,2.7624680990739
166863,0.0136273381928503
79232,0.363613627531734
29970,0.169232965466414
23704,2.89832734499327
130340,1.52776409030504
9910,1.72544292198283
91409,1.60661897518846
148534,1.57321302263287
80097,2.60478919515424
112714,1.52375609441267
460,0.172621877208929
130074,2.21139976956387
5784,1.26085593164806
4249,1.64898340782361
81615,0.267703850593388
253635,1.62346192922199
26353,2.26569452461488
79833,1.95288113851094
130733,1.0200096532271
5457,0.0119871284396815
79596,1.4112615010532
57105,0.366261380441033
2895,0.0103437444480222
115761,1.53704571786055
6014,0.0771307503330335
26040,1.53070943982938
120534,1.90703319647409
57724,1.58480637203556
9050,1.99532753903283
498,2.65954028497358
115106,2.46199921015091
147339,1.57916839640857
57405,1.86596836923748
57818,0.0520673186640733
5163,0.958106538690068
5140,0.636943156737057
83439,1.7055359502985
10618,2.55663715552782
284948,0.109355807799742
56659,0.552425094838811
127933,2.4823245303839
83734,1.36325361446125
134359,1.90650499829775
6695,1.99243942188464
167555,0.922546292531482
117143,2.05588333251572
2977,0.940811014333173
143884,1.89980959759176
133746,1.41927235827956
9456,1.21861222946815
7518,1.49414331271308
66037,0.0272409292764164
284306,1.07354951802491
374928,1.0110338698239
284309,1.76827116413147
10172,1.75202978996471
79723,1.33027214797922
64421,1.31513603138672
55301,0.0459782976541651
10557,1.81675711759939
9397,1.24461324803395
284312,0.930115036389723
116412,1.18726806016485
219333,1.8888459712301
152137,1.98440193351184
814,0.3212177200697
55521,0.275916367201021
678,2.17850592626278
255967,2.20507079986758
130271,1.01261561343399
5213,2.15881469497907
114908,2.69188207286727
2893,0.276361861281503
285313,0.579531996013813
79925,1.48016826796416
8404,2.94485374842442
1834,0.025020825205399
1758,0.244860834333613
56955,0.597976184094896
4154,2.26590755251946
133690,1.68772139343959
133686,1.88741105428312
23171,2.29043083410152
2697,2.71478362393101
10309,2.04292437856106
54514,0.0142416006900836
165530,0.411285085014733
55676,1.89621632006425
53918,1.59617057754763
25780,1.11194724394459
51128,2.2175676603951
347732,0.684464534887844
160897,1.13841012733688
200132,0.523930135901176
79819,1.22937755685749
118932,1.4449140446693
10160,1.65682658795644
24138,2.12523330111124
387700,0.0440046509270564
53354,0.716354395399818
56978,0.339635565902218
651,0.0526542428027862
9987,2.64952197530308
3087,1.99332733656124
7402,2.02338506771008
2911,0.029254159459327
5796,1.9690633171879
9453,2.29992128098513
51351,1.82097114739437
25859,0.0256268862991105
115827,0.12742563422007
160492,0.0520673186640733
153562,1.92614060341866
5884,2.0926224705166
9412,2.10083266944529
5352,1.74543364507438
55351,1.42017360464724
140767,0.0392489295621294
152789,0.0284494427319338
7545,0.016081724652309
166647,0.936150592398718
1360,0.946062118936939
285672,1.77602589967603
55203,0.920180597822036
10283,1.98239841700274
3140,1.99720599179812
6728,1.10632296778056
64946,1.93105516078439
9425,1.97946614043492
23589,1.9180154120305
146279,1.11713338513937
55024,0.508703696096892
51061,2.35941733249714
1601,1.95882311202413
130013,0.165147485552476
55289,0.697016965376996
10018,1.93368650940723
64682,0.873450477459314
60592,2.28175150839437
1047,2.22345112994383
1070,2.10154157515448
8467,2.31349897058523
221711,0.12867577671514
654,1.06254764195728
653489,0.0710306629776471
283349,2.10913786697563
3192,2.65982744334431
5903,2.15313180316109
25909,2.08906248606872
10461,1.15625933894311
84910,2.2996734111281
343170,0.0563619252247972
5801,0.122046224165508
4929,2.39413080963979
130940,0.949236731510467
22925,1.52158100584717
5937,1.88880282509789
6328,0.107160562124483
10225,0.719349224212058
9481,0.94719778395695
266977,0.498814995044631
221393,0.18836230244846
79981,0.153978341456371
51571,2.01569895970163
50807,1.89761188992819
22878,1.74572517031615
153643,0.545199145187132
84791,1.71811848519331
125476,1.31994424367529
79888,2.4194612367302
153478,0.619040978891732
57407,2.55147476281477
124402,2.04291857203234
146556,2.43368103244685
26175,1.83293900890919
3621,1.76130007719776
121793,0.586223585478309
113622,0.873641903641787
112616,1.51620022893908
25827,1.503201769119
7342,2.11800026014364
64795,2.11217076037296
925,1.34068526795781
22934,2.19739381440722
5789,0.553759063748244
286343,2.48719373062435
154043,0.643200906609782
2960,1.92348226905762
10428,2.1702719786039
55625,2.12667274133506
339145,0.135960022436348
136895,1.45329921799421
9407,0.0491265280900879
221895,1.48789637076668
80790,1.58442450497338
80309,0.0306605722017031
3773,0.0256268862991105
55022,0.857161734057758
9320,2.265274244026
130888,1.81535672165472
1054,2.27553811017585
79047,2.05958859723135
148103,1.01844728205045
255231,0.336893939560709
163175,0.816837722384831
23576,2.44077544029305
140890,1.86820770937548
1105,1.94950195717961
162282,0.0072538062085478
8526,1.38921768949581
9653,1.63125007192969
124540,2.12008577680441
781,1.59936009258371
221302,1.40480561347824
9955,0.391093342326679
284161,1.39056079162378
116150,1.67879419794867
223117,0.256669477556136
5529,2.14029939504992
10750,0.353198721418266
125206,0.0497155105434259
26289,0.650296840564848
26256,1.73175761346596
55364,2.10350242764399
147463,0.788927703535458
135154,2.11218999676631
83539,0.111909570608108
7070,2.32366396625113
123872,0.94844460765789
404550,1.77203472152262
219899,1.57484631641747
57338,0.106427514965708
56172,1.97781594570147
90268,1.33041699088265
84959,0.488229297071077
54538,1.66327990853927
64221,0.942871107631562
84897,1.66622531673879
4900,2.00049400588905
54463,1.93058120970984
2838,0.0398448655326076
9868,2.43544443574367
25890,1.19876391346103
284,0.472688847046456
26207,1.606867268441
200014,1.8366407484204
204219,0.0621829736100838
5578,0.472344837064028
79705,0.92059524250425
201134,0.709423625810316
64090,0.38621733232959
10350,0.781245299788168
23460,0.637216409745301
10349,0.670723311588201
23461,1.2751821570069
5169,0.884396121538468
55286,1.11000656500879
7345,0.97876676934502
375056,2.35513084809183
84976,1.20719635361024
23043,1.32771636469953
157739,0.0933066477599419
83648,0.605354290434633
252969,1.97745747336042
5239,0.850514902274773
89780,0.036063467897197
84033,0.945664142371837
91694,1.78225050464787
81559,1.75592552539613
55740,2.40050915233803
126731,1.4512904506799
57630,2.09843296758677
115362,0.841722803892712
9184,2.43040506736425
2849,0.0467664613262632
129881,0.938456416526535
118856,0.347531389386951
118611,0.0300581105554705
388650,1.88247116312184
518,2.64914036520323
728577,0.0366616595234452
728239,0.0113712320035829
135295,0.194145527518697
27295,1.70572223991375
8470,1.3855840543113
6921,2.19043374514846
23643,2.05770152382921
143471,0.0286506937617837
1525,0.706713587412271
10950,2.26235165662451
54149,1.33912075057073
140578,0.146853560983701
4685,2.12494100492194
91133,0.322478006015617
5137,0.284337749808737
27342,0.701924044692863
54148,2.44611564194452
58494,1.77886856398937
522,2.60843540798718
2551,1.87239838042591
9510,2.41875056134961
11096,0.930173350710137
80746,1.48521282941596
146857,2.10579063490691
7476,0.0240097576149657
7508,1.57066302205573
51244,1.98968312089988
152273,1.48038398848372
201163,1.22078218475715
285381,1.88530132766784
92106,1.45745075648227
23228,0.883077494473732
30827,2.13678296746895
220134,1.50297528857843
9989,2.08877023216107
147495,1.76181514653451
63895,1.36653429934451
65258,1.30240223088662
124739,1.08570179832134
51560,0.735862466791456
146956,1.29412320576376
2047,0.339224944693243
84532,2.09039261599346
91369,2.06739578308334
7566,1.76039722105765
81552,2.2841583596015
139322,1.46498405438429
27123,0.919587769988567
113612,1.07931575277891
222967,0.0637284429094406
80028,1.00378660928856
150696,2.35790969935369
221264,0.803672206211484
7071,2.3463248508751
5799,0.836199896597246
51582,2.56222383035987
528,2.2228659286921
55529,1.30526520969015
51633,1.51867884426522
23097,1.336149562629
112495,2.61191605783227
158219,1.32388860987486
55326,1.53898008214133
64210,2.23752102172226
55361,2.12077200872061
83742,2.2000693340598
118813,2.13443130615003
401647,0.702586687286265
27201,0.0254249141756302
152992,1.38417560296096
81894,2.37818535533095
6782,1.90677743739676
64092,1.19535482571162
29761,1.70413627290667
65983,1.56996516715709
54819,1.93850880738332
388272,0.936670151085801
4343,2.22837993960284
389,2.78219781220266
333926,1.6592241768991
1622,2.78293706106979
6566,1.43803261832598
55027,1.55593487212404
378108,0.137903364772905
84365,2.15660516751679
5018,2.6678846141057
9056,1.49636112467033
9947,0.0254249141756302
23367,2.47817283473448
9337,2.29647609855331
2890,0.0215782561623971
136332,1.15733414537024
133383,1.57619129782946
166968,1.77028326916464
23165,2.05451241978248
342357,1.21219500509565
138241,1.06851513492889
9502,0.159668001170828
118788,1.34504119715325
129831,1.70730254179457
7273,0.0573349127789155
11326,1.45368634309093
9601,2.95696724273456
79831,1.091706748673
255762,0.0786488237171767
146183,0.128497301456039
130535,1.6319558486529
285172,1.25698177195685
130540,0.351853156094388
151254,0.0696903035798559
65062,1.65796776651138
8324,2.16766889884303
200162,1.2979247333618
64798,1.94253439553392
56776,0.205750978783932
56254,2.14914290694541
133522,0.283308409771561
9844,1.35751012332511
1836,1.68036021704801
134353,1.01042046412637
9443,1.83622888922507
158297,0.0973945447953161
10670,2.71862215549071
25769,0.824941380179128
92370,0.846133896152526
114,0.0123974780415539
5922,1.80790602082014
55005,2.21881213115377
154064,0.0400434172142254
6503,1.10914194464136
51643,1.87574514151036
7411,2.39649157560202
116442,0.224991526000587
1193,1.80198532107894
2334,0.0740862832627668
286097,0.567768109865856
23426,0.639126174692956
137492,1.93657622760539
3798,0.270251444649095
10,0.316719997701522
4107,0.0453866897349848
23362,1.76449756822125
138199,1.49389160398742
90550,1.92782732061402
91748,1.94083365569359
118491,1.24759658645244
9630,0.797383500189571
145483,1.55484532747086
2776,2.212887200173
11197,0.0750388739578922
7363,0.0217811482126814
83873,0.112091680115918
4325,0.964593218549928
132,2.09252602395335
3778,0.58436023740196
10538,2.36644471595397
1633,1.81737345526077
9508,0.401887567769991
286148,1.63815113818778
137682,1.76000970276908
128338,2.45371432563271
157657,1.7776864179501
5470,0.0109603861112779
161502,0.0803533557144177
57188,0.395556741989347
419,0.0489301088118718
9154,0.185704654675442
123720,1.60221041279646
10563,1.28929383110948
29104,1.70972178221252
10069,2.19098064638098
10600,2.12373217648141
10694,2.7497072913192
56911,1.34997533840886
571,1.46078310097281
9073,1.23973029243326
7102,1.6005694203567
7074,1.31653551262349
57466,2.12147567936581
6103,1.007138373564
23552,1.48657773340367
84108,1.49294654000532
122416,1.8727666155673
119392,1.79856439388853
118980,2.11190615596102
9556,2.58988916020126
2528,0.0119871284396815
122402,0.188196455857058
8817,0.793711045537449
5097,2.03151700191974
153769,1.22010721160036
392255,0.53369499372642
7381,2.20809060803216
51001,2.27414103219485
9791,2.1915766319828
5521,0.0758001637739616
6156,2.7328659316748
3788,0.105143115389858
159091,0.807572114277408
6832,1.93974891298451
159090,2.18121983902809
1915,3.29205295154888
286151,0.824252705128805
80201,0.0130126308322217
3098,2.66083994202387
219743,2.12665888364249
84295,1.69144627589154
135228,1.89564825130738
57497,0.51153556662742
4838,0.391476954595088
9246,2.79007416085147
25921,2.54071391725843
219541,2.04642665308142
60685,2.57050343047351
27020,2.46637283960881
23522,1.33079339584766
142891,1.87949751680729
80223,1.75517769719136
137970,0.0152643844692303
219970,0.116993492216047
10813,1.95376171646464
9131,1.73187044667891
5603,2.33634462218664
9530,1.93193938752886
931,0.871533038671713
93594,0.944582626371893
55093,1.63406667864914
29028,2.14079701478578
114907,2.06844355522444
286053,2.11015005096038
115509,1.76598317992415
78994,2.43870980924626
64319,2.44606669061269
391059,1.16283535315055
5261,2.09381325764356
64645,0.121686341935808
163786,1.28901207253924
1339,0.205588681229591
3681,0.149293418032261
139378,0.0109603861112779
115416,1.91858471846979
23355,1.93379448480858
2585,1.23694495935445
375323,0.0103437444480222
93010,0.934415580266792
255027,2.19332787986769
701,1.68319611127688
5147,2.17187337977596
1974,2.83337883749429
7862,1.74155234547083
285367,1.89794104653217
9797,1.89691893832189
51738,0.470737326403716
6396,2.48193709240274
9941,1.17871819291097
123803,1.9369589112689
23057,0.307930635106638
9372,1.0201103117607
491,0.0520673186640733
131375,0.10183118094478
6529,0.107709920892978
23049,1.74156460531221
115548,1.86192300814006
11030,2.12354584080297
134285,0.229730058806874
7079,1.50435312922746
6854,1.1109130264759
3084,0.20054110135019
54953,2.45054246484353
1376,1.13283246636752
55707,2.14148453829503
7804,0.282277714016631
22976,1.31902752987582
261729,2.10478089124101
23648,2.38229389244512
9069,2.03335014681855
4323,2.76414798000285
8321,2.16974881730684
57798,2.29665611097741
203328,2.63499029733916
146456,0.269203435031164
10901,1.94592146421617
93190,0.0390501905320824
283971,0.0111658338983268
221481,1.09379838818848
11269,1.54100183412409
6483,1.26822927627575
197258,1.50623875133473
146433,1.39605136781323
115817,2.01759789828579
776,1.74934075639479
415,0.972755902101049
3815,2.25824622361372
54768,0.163439113617829
132949,1.49355579055093
7567,0.306075008779217
55799,0.187532728084775
54778,1.63261359431509
9133,2.09573058951396
145773,0.362020551307388
4643,1.64276606596045
26060,2.04022627504718
139221,0.730482490799653
134265,1.48999460688463
1831,2.60659825991762
10311,1.7376979388234
1859,1.72240484449904
3763,0.0298571944893556
3772,0.333039174419324
2078,1.47813585738691
2114,2.38374717722199
90139,1.72677658538078
150082,1.18032409559891
347734,2.44992167135355
84187,2.18850113783901
4599,2.25068631440995
90993,2.37861018234811
25966,1.33096703038705
257397,1.57619129782946
124565,2.38311689082123
257169,0.818369234243295
445815,1.66144758177206
114991,1.5106981173553
9162,0.294992270715603
203197,2.15222585657384
136306,0.526064200970411
79856,0.579531996013813
254048,1.72848534893584
673,1.45443696271271
10568,1.98338449701331
176,0.371266895575055
84262,2.63309031444215
9478,0.263791499393335
57728,1.77954260966994
84255,2.0443326993507
10239,1.53878890912846
114793,1.40513161610917
150946,1.01965721525574
121665,2.22628228716758
56896,0.0078726930921942
92749,0.405535213767082
9364,2.01882557871705
127281,2.4180727401033
8764,2.17472787820536
55229,1.84713143614047
84465,0.033066130062972
64897,1.64612090725546
5192,1.8552126127471
11079,2.518497831901
55698,0.965254658696162
6497,2.23781983553871
26100,2.22106901340117
26119,2.27813627142546
116987,1.74418028796487
200634,2.41646603859345
100310846,0.771682554148221
5051,2.04601801409727
2134,0.381180131167325
7780,0.0756099064785592
9577,2.22820735534319
84676,0.344545976070593
144406,0.300049450347013
63875,2.58266576134389
1844,2.10860885496141
57822,1.46163510526022
91544,2.21896116325889
338323,0.0693069482704467
138639,1.10575752076125
79623,1.26529198131514
4690,1.69213266546883
3242,0.587593443240793
114822,2.3070942213638
127262,2.46690344820645
254050,0.572576953672126
195827,1.65119740256634
7498,1.07465223037089
55113,1.48700348799134
26504,2.22112542080958
2140,1.88293547549745
199221,1.07552374298623
11013,1.11892268155227
2176,0.80324534824205
22808,1.60789213891532
10163,2.41211323333347
171586,1.81642803322243
83850,0.246095944964931
55179,1.69541268180423
115572,2.10650946285222
64084,1.59566229099499
81035,1.76832878398119
388591,1.2872869869588
8450,2.22108311612827
387509,1.91567352667372
64849,0.434094841115883
114928,1.601608272142
54933,1.20145417803505
26053,2.05998261228859
57477,1.1905018305536
3017,2.76840619714297
995,1.33692254835583
8365,1.49382865654239
129531,1.78879213550243
9669,2.59420958171292
158787,1.41545474883036
286527,0.0390501905320824
375307,0.710651880988152
55571,2.45583416633787
3745,0.18103260301996
340348,1.90223749393533
9542,0.191837218964394
23382,1.73686842196704
9334,2.09342857744626
912,0.534432585008871
909,0.0867613730983522
9825,1.86221789719332
911,0.887462273257445
55199,1.39331344748687
910,0.467396271955991
55567,0.0465694896604753
913,0.591298294251742
57824,0.13259244153535
1358,0.141073458890048
653361,0.667593176467311
93979,0.487667883891839
90121,2.31718172859722
55607,1.62497605822631
124245,1.66495910662299
130617,1.93963495561844
81544,1.04803214715069
1780,0.324852952603498
5207,0.882133933875824
212,0.0264342928541542
222068,2.78052905921716
84919,2.49598265627241
26958,2.46468496443102
56946,1.40515668458456
137964,1.85088892277213
168507,0.216390547537766
9753,0.985998302972632
8407,3.23814086538044
2005,1.90389508612798
56833,0.32527130384366
85414,1.94279075860435
54935,2.87423758458105
115992,1.31614879211968
4681,2.74117760335345
3362,0.0694986479199568
50848,2.66876743759693
7391,2.67084587830948
124044,1.86809875740213
4817,2.29601718203107
9191,2.33532801831234
92822,1.1514978075457
10361,0.190349804008641
1896,0.195625951238843
8822,0.0489301088118718
978,1.85478134383884
65018,1.33197875720292
8703,2.41550492327619
2039,2.04857184933517
9507,2.09376772459854
64760,2.02836734288272
4720,2.39689835316776
115584,0.390453555527392
2207,2.60546973778909
336,0.205750978783932
84134,1.78941776715204
4359,0.552425094838811
57805,2.32137606077201
7484,0.197923429313899
57685,1.10549635883806
56990,2.00187513012201
51735,1.19360514759679
2035,1.20741462605612
54069,2.21550252812236
79053,2.55881392198278
54461,2.42101248897505
56683,1.56577429948125
8867,1.42533081070519
94104,1.81557326481366
3455,0.191341719148878
124995,2.50344724140696
3460,2.56170388445683
2618,1.99599196106217
6651,2.35249303970079
29980,1.81252106035585
9900,1.79575356276034
3898,1.56710933871212
6781,2.71490347843057
7135,0.206561974091692
1465,2.79308661696057
10481,0.416867664353158
100132849,0.0824319443491516
714,2.62866864439298
9992,0.143004706485185
516,2.53431870788101
1827,2.25390103114543
65264,2.55995117186671
148523,1.90675267785558
11267,2.1458228183202
54102,3.08980323743982
149473,2.32032145344416
861,2.53039246449962
2695,0.141424934332517
873,2.25582788619828
874,1.80312304005357
70,0.112455778548313
23515,1.72892727484553
8208,1.82361892040575
23562,0.463343682474701
6493,0.0213753154909553
3141,1.71695279853988
80274,0.171945227830741
201176,1.80156987482489
83440,2.16384210331327
5763,3.16374145410917
283748,0.301775807171465
23569,0.0880745620036581
51094,2.91167521507927
51706,2.6877503887679
5710,2.90619978683992
23400,2.42797626168505
130951,1.23112244394623
5692,3.06326105638084
79190,0.36955818385473
7832,3.24633109540227
3099,2.35378641948604
715,2.64757311753393
11189,0.120966104722507
8659,2.25329580739362
57519,0.589935609583101
117145,1.83756105022575
7062,0.1377268877932
197131,1.67170019250949
267,2.67010407617085
112950,2.26661050285162
116179,0.0459782976541651
266747,0.178350675185314
114771,0.04578114125236
64843,0.025020825205399
89970,1.90896672396072
149483,0.466356303672171
60313,2.32483667697179
8883,1.91098080385061
51249,2.51307171265597
221188,0.214627081559606
84229,0.190515208049421
1636,1.05822086897152
374739,0.189853388024481
131669,0.015877463426456
9813,2.08152824206204
10417,2.02340341589992
84303,1.65823412118582
1487,2.29400218499861
55282,0.257430204361254
51673,1.94181720093518
29800,1.80102598154714
9114,2.01184711578697
181,0.279177461082441
57732,1.30151585425829
146206,0.375848280348245
388284,0.640758942409526
5304,3.22845976489232
9715,0.644643945479203
6002,1.64433981790013
5681,1.65191800854093
7791,2.78264162372581
29,1.77349450843596
284348,0.978281601202916
150275,1.97082831555211
7773,0.816628599760919
203260,1.00847388002563
7673,0.732940483349091
4882,1.12265374631213
7638,0.28829541884262
353355,0.695261785686511
9310,0.644463729974457
10020,1.39928211625929
115650,0.527341619208291
2909,2.07746161318708
5739,0.916972620034709
808,2.55808144060189
1676,2.01993203700588
79140,1.75781896951902
55721,1.79456330874462
56063,1.52385472932057
55108,2.353305557431
653121,1.15008972373957
83858,1.48064272824375
29101,2.40471958700005
118424,2.15553778249733
149076,2.34321853002557
252995,0.559883782719171
27151,1.4794773257411
2063,2.57405446810174
126549,0.295427031643893
131076,2.18028447728535
203547,2.22107959050118
8997,0.453643368845295
148113,1.70161907826916
9619,2.14764792465035
7033,3.05976231199166
7032,0.144581430654289
7031,3.42917949883526
64699,2.41929326872315
53347,0.273089015346331
89765,1.94251176724634
54020,1.81044951481776
5152,1.01434565958343
10785,1.42243182590241
4731,2.23066015027108
5316,1.55163608558624
875,0.0396462670429822
7307,0.283308409771561
1409,0.0296562306312831
11077,0.699433353201218
23076,2.0354410520927
8566,2.08564857836669
2539,2.51818966108984
1476,2.69443112296142
8568,1.97413272479328
56894,2.11193021892363
7109,1.15410359435596
139716,0.894476979492074
8209,0.122405948971871
23308,0.0402419221072167
326,0.0232000328901817
755,1.00908927071607
7617,0.72200910352934
81543,0.662958803753591
3689,1.95006471401486
85395,1.98865276474547
5900,1.10866585170354
10841,0.367977499352665
84221,1.99125011396384
4047,1.89913724536565
7410,2.0644921478881
8888,1.6050599706453
54058,1.46120928604813
5116,1.60886531897244
23181,1.65810096344232
6285,1.15832752204381
3275,2.17455847441776
125875,0.345361332761124
7757,0.473605420952212
11093,0.948218099679111
11094,2.18994774269925
11182,1.07561540584601
388561,1.69459494200263
2220,0.852562365082904
138162,2.08135031771272
148206,0.839976760758421
26086,1.63725351338758
126526,1.88508365287611
147746,0.29918483390446
286207,0.867680737076067
27433,1.85681185366515
30815,0.0792173887819751
92799,2.25823359106045
112724,1.33096703038705
10444,2.31420317295208
84885,2.19209871776097
29941,1.7225969425224
57731,1.03922700669335
84446,1.83766861183453
125965,1.29427826819304
147744,0.23631695103294
147945,0.0671953437318986
84814,0.67444345750293
57551,2.02638231946416
9442,1.64730444046237
162989,2.15102005680818
23387,1.65466977902405
196264,1.84829563290684
120425,0.814953191279632
284086,1.50480470464658
116238,2.5303714434781
9159,0.902268703154942
6294,2.27508508100742
917,0.346582745136319
6271,1.14303732567945
26097,2.47744791000252
643,0.0128076294222381
51043,2.33287293282257
80308,2.37956014365231
6464,2.53472535645002
55823,2.31392060864202
79671,1.67367725298824
103,2.75733554153331
3570,1.21158165922385
55585,2.57639568507803
1141,0.702503892370513
200186,2.47629792862026
55129,2.17593150328197
2224,2.03458708762249
23623,2.45696945385276
10712,2.25586287531475
79957,1.31958957533596
11243,2.14292181677338
9673,2.08918547043557
4000,2.93478670750292
1234,1.11043839066681
23218,2.06451954409785
151903,2.19715951972471
5745,1.03790956838282
56893,2.6236119353239
4634,0.673148024293986
221908,2.34228705837309
54865,2.01062824589117
149499,0.402517734729357
115352,0.148422877795907
563,3.23243255807423
2264,2.0842023778913
1576,0.0777003520403405
1551,0.102752494025378
112939,2.44150938527384
3101,0.430462621278168
54742,0.717003054100481
9592,2.83590081174553
84124,1.75573572341217
10898,2.01469898047841
4061,3.04328426071418
51160,2.60760530742103
4796,1.61488957612344
5731,0.236160753019845
84939,1.74270326203942
9401,2.1230235855815
9684,1.84050402038921
84449,1.07032138910073
136227,0.131348257581024
84988,1.90326284312201
8928,0.31431991064665
80228,2.38647867656153
54784,2.14885656772065
10603,1.90263794167799
51149,1.51150820524554
8878,2.54433729948399
11282,2.34692469210889
6132,3.37206348169717
9794,2.08667661718363
114770,2.50560008328143
222229,2.0741510396542
222235,0.612278254245819
222236,1.74748231388208
92304,1.60744610282834
5701,2.32992468501916
60680,1.13894437347585
126321,2.02016651207113
440792,0.231303322713205
373856,0.0666185243177208
150223,2.15274995718163
164592,0.105143115389858
1857,2.47188407501609
1173,2.90981905536152
55324,2.32814573772109
5130,2.01232601489167
126433,1.58317257835901
93099,1.79053502389312
199746,0.92041757137567
622,1.61636724151481
4868,0.0162859366995967
199745,2.00321903232194
1346,2.17132817774875
84911,0.749589462389155
115399,1.72149443799334
57125,1.65292194534115
93210,2.40940818885712
22806,0.626201635224405
2905,0.28050764386497
2232,2.21479939891717
29115,2.12849267029187
51,2.13082427991224
5635,2.06513815800302
114757,1.88869062360955
6427,2.70846289360731
84765,1.34869022938122
55260,1.62952025214299
317719,0.190018894008408
147872,0.1272468869287
126133,1.94950936711847
117159,0.621467086612936
3678,2.28509756237962
114132,0.0826206497668653
25946,2.55822928012744
400709,0.167022551389696
4356,1.60713196811726
146894,0.880179443967513
162417,1.6192923451147
124801,2.01479909706016
92591,1.25036190079342
284361,2.22941704741377
126119,2.36557224352512
50944,0.293250798934905
284069,0.681055026777911
80174,1.38800069520737
113026,2.25528986587171
91010,1.69125389711229
362,0.271895497979454
29127,2.03125952754699
113251,2.01836721409006
160622,1.75332034188509
125950,1.63719154319719
3890,0.0260306859239784
256126,1.17147308580644
147841,1.93438012306954
117283,0.0386525717956126
221496,2.07758855302935
246,0.120966104722507
340205,0.446313459382186
115950,1.2839465358085
400569,1.91274907240509
58191,2.41672991485966
388325,0.58827737766422
255877,1.80471282612233
433,0.324992428201703
8741,1.60693345752788
26168,1.25744680585877
2256,0.0526542428027862
1973,0.607923180264905
6154,1.86945857319878
51728,2.46911204580216
79622,2.56026376869395
197335,1.94214198767859
339123,2.08905736082148
124093,1.91060495702707
401827,0.340045967845073
90864,0.131526113772441
254528,0.346447128668864
80178,1.79661710584911
899,1.66021207045033
57465,1.54714781624316
51005,1.64262829516832
4917,0.239123273486571
146439,2.33132007306823
124222,2.05710949121046
114984,2.70196058002572
124220,2.85416381485613
7627,1.86318401414006
115,1.93579440119442
22941,1.33344950966912
81570,1.35877366767375
10825,1.24164769869179
220002,1.25194059167622
220004,1.08226834372227
80150,0.527554302624864
2785,0.222611650317663
51035,2.60569420129861
79081,0.857881495937304
283237,2.04725407129998
10629,1.47038373517958
10482,2.34955400140657
6811,2.38193220589376
283130,1.45781208987672
6159,3.2457041834079
3699,0.368636516782657
84447,2.50410094418506
7542,0.868388739651853
8986,2.06304273984671
4041,2.26326130474096
219931,0.792337595344886
9965,0.164293748875643
284541,0.119884565199712
10158,2.45256151891206
6886,0.724257757729959
51727,2.51681053346659
79656,1.53842546992865
1996,0.0510881989588056
65260,1.78000259618949
79699,1.77306165328609
6512,0.438069934493779
54987,2.06529675063759
4116,2.47146509209238
26027,0.251170500414145
338094,0.0786488237171767
25973,1.37929450386157
163747,0.263489742281565
7809,0.0056012358560772
23358,1.67832756727893
8613,1.77319839166489
79707,1.51000847699817
5563,0.66750602418801
9903,1.90385352177674
57643,0.810604966248881
10691,1.51356782130477
50651,1.63107738331213
57190,2.5265638178521
205,1.04687847717376
3716,2.34703297682384
55225,1.5882120108149
11330,0.0756099064785592
84328,2.12195338930587
116362,2.16647363085332
54751,2.20545480463261
388595,0.260162762328908
284723,0.509358185694938
22977,3.0525324577557
374946,0.318831560923826
10630,1.79600201182874
9249,2.47825135363144
4146,0.0906947274148189
7805,2.42572993223304
9672,2.32309415583931
553115,2.70970126415584
81493,0.918697471314977
5928,2.26514743765742
57648,2.63966872285473
81629,0.375848280348245
255104,2.1056976209527
127733,1.35050522148807
55450,2.52536715673446
249,1.76197890311174
54361,1.18511440051018
254173,0.127604342605156
6339,1.63264489199555
54587,2.88859096370877
199990,1.90570311897878
1953,1.86317482376275
148870,0.10953848174189
149233,0.0168982779780871
9077,2.16133737905521
4774,1.43088866428345
115209,1.84400435457861
114803,1.68673669997914
83941,1.8756025261748
7398,2.14741703118372
8880,2.32194110318159
91624,1.44449686182939
11080,1.78414251284543
64123,1.95642802706473
127255,0.368768251846518
127253,1.78137958807543
51375,1.94028027891821
8707,0.193321891338453
22854,0.0412337454202869
284611,2.00627681136302
113802,1.59277148845135
254268,0.244551755489812
148423,1.87383351572737
126820,0.853419035489914
2634,2.40103429645171
127002,0.898292863738122
115361,1.54379151086601
284695,1.54263586609942
164045,0.0725598717535938
2672,0.312904613849403
343450,0.160011553507071
178,1.48431504301881
7412,1.65181299138201
2135,1.50427097953579
148867,1.84585852008846
23528,1.93792163204449
10092,2.35346356791989
57863,0.224674619415423
114548,0.801891787587417
84838,1.81933966446044
25893,1.81313327922288
89886,0.633106284562375
3765,0.063149226365247
93185,2.73232079040004
4921,1.5597012549227
8682,2.93615099498008
5824,2.49627232915737
23385,2.73945841040708
57216,2.30680540638739
114836,0.760006375648981
25903,2.42872137769281
127943,0.708275238047374
2215,0.361887644665966
126823,2.31245586769855
148304,1.26871727760452
4009,0.0633423431029015
440699,0.353601930094877
28982,1.77334647564962
467,2.83449283395641
64783,1.35356242080906
79961,2.21092794523502
126859,0.118078834682481
163589,1.64160135771913
51278,2.38955246294893
25992,1.59620444361663
10380,2.36602577711131
128153,1.14714159205574
79762,2.50856981587482
148362,2.40963090691098
100288142,0.446432260608848
51205,1.80383388504375
128025,0.273238077537133
55083,1.30678181523892
64216,2.14028605637138
163882,1.97839431542117
129285,1.88111900670809
55220,0.458684727480093
148811,0.298030516495173
91461,1.28442050652889
165140,0.629340231127533
23498,1.04880001532603
148789,1.57751482288092
574431,0.0510881989588056
9261,2.80291270562798
50604,1.82205866199795
11009,0.487218442959853
9214,1.80168709336423
5284,1.46587329683215
824,2.54569071055538
128308,2.6069199931925
574407,0.856637761650149
80232,2.49329851568673
5966,0.936785549476237
150962,1.2901382183375
5194,2.10235288502629
84542,1.20486275681456
51127,1.2304600395799
130132,0.884521561921998
27185,0.719268457606973
92291,2.03839709158991
347730,0.0215782561623971
51072,0.551088634015461
84661,2.44941719784559
129450,1.04975845374156
79568,2.02234387885232
3754,2.75198517472964
130814,2.52325259131127
26225,1.76790221382438
151354,0.83287689325379
3760,0.484177476797089
130162,1.20777822272094
2487,1.93462644830706
142679,1.03452948071703
112942,2.42855286651148
129401,1.70040895905137
165055,0.868260070437324
150726,1.44347561331926
72,2.29562250671491
80304,1.48868161230619
79677,1.78833055363198
7447,0.856899801504429
90557,3.01577004701743
3020,2.53565047375029
56997,0.177678800610603
151473,1.24461324803395
150483,0.447737819949034
2019,0.75596622942911
6443,2.02706736461637
132671,1.80291061521473
115677,2.11610243974265
200373,0.505203093290223
151278,0.0280467968559265
130367,0.763493092048744
3625,1.97129108934288
129446,0.0082850342053478
129880,1.51909735394657
56916,1.93932330400578
27306,1.34091244523442
10611,2.1751188066282
285555,0.0942374869521354
93082,0.278881557975095
23248,2.2006985039799
200539,0.396573252905351
1520,2.22202667215408
4487,1.52919025406895
133015,1.17921574910269
149428,2.41626750036144
114905,0.483047980810696
79626,1.54701627176575
388695,2.06019886509951
79005,2.1932476007307
29765,0.431069221431126
6944,2.6351520982512
2071,2.02000609745573
284996,2.15658393636395
55677,2.3794776526025
388962,1.37471262331158
10602,1.47800584359933
6282,3.47493237509568
3713,0.0735142061810224
90957,1.76591365646425
57115,0.380920908401633
9938,1.37327406044734
6280,2.90563016792496
6283,0.106610837745808
7039,0.679172519007302
126668,0.500141276229882
151195,1.60942520755228
7855,1.09094834402137
54876,2.13104793732091
388701,1.01108495876052
4880,0.513489639156716
132789,1.58207439375543
2565,0.0080788886488122
2560,0.0542173700425294
152559,0.811378548892843
152519,0.0621829736100838
248,0.0933066477599419
118429,1.31235589843403
113510,1.61661035937607
51023,0.902756304316763
8545,2.36702126151702
84142,0.761448763700466
151556,0.958942002811088
92196,0.590325216553564
10654,2.91509124267232
57326,2.65052444843156
9076,1.90285468430451
90780,2.61427960543859
204851,1.98301756172222
55891,0.310918847596584
127579,0.887150080823678
149095,0.617168993163099
1293,2.77385123493006
55765,0.167703320633072
375295,2.12890604668025
55249,2.22081153610944
84541,0.368768251846518
285203,1.53554648847283
56203,0.242694746112255
128240,2.98269833845574
56983,1.56964273177518
55356,0.930115036389723
886,0.0310619747051902
91156,0.110633677154773
476,2.35173296888394
6565,0.595273939147767
317649,1.51479538035897
116064,1.90258790753538
11167,2.58711900172163
25802,1.89911201028713
1999,2.51856900706759
132954,0.0590834488965626
92703,2.15827417560396
92691,0.224991526000587
3490,3.02579889234942
80128,1.33551887919239
200185,1.17116270454768
3577,0.660409731996285
10109,2.55971649790405
128229,1.46727062191346
7203,2.96073410890912
84283,2.23663983094273
6746,2.68606388172371
64320,2.35509801038883
27148,2.21071359510594
134,2.26042449824866
152110,1.80147394454034
285025,0.0384536920503017
54738,0.0342663432615378
1412,0.201030966549971
57650,1.50632056919708
8320,0.330827756885505
57703,2.04050105291771
64343,1.37497858411983
7048,2.14589285203969
55139,1.85665314303428
79885,2.3187330653902
83417,0.0278454019696254
50852,0.501795739292288
2199,2.48873447035513
79411,1.83851834516395
201595,2.57507483344844
131474,1.96712030361244
23114,1.00816594880637
115350,0.164293748875643
151246,1.40949988777773
5274,1.48416525214914
23122,1.62800524262225
8802,2.37926698476859
81788,1.76477651176168
6708,0.0268377072511832
5584,2.05086397420968
4332,1.72058213981988
149628,0.518567244242672
3428,2.31828607380947
9447,0.442621158228576
151651,0.476576416424874
56648,0.875743794029242
200916,2.22817282796481
151742,0.797742438358233
130026,0.590422584710163
100507246,1.54130626328563
1493,0.603254149738806
29851,0.352391666129312
23429,2.17569432696442
151987,2.24013755587254
131450,0.396446263913841
29083,1.26342341248286
25871,1.98218045944711
152185,0.774811250252577
100287013,0.240678064244852
57577,1.6424139022673
8618,0.018529029376588
4825,0.271746180687016
1040,2.33816048607668
23001,1.66215207463068
285521,1.68972566119424
5783,2.06754797592705
213,0.56444307403971
132200,0.152766315216847
132989,0.144406389276897
80145,2.62301455663896
6314,1.45695349363554
9861,2.13958284492265
166336,1.53446721963791
56999,1.25063093759737
152926,1.35825214138707
131831,0.288587783888642
8833,2.20870528746806
25976,2.13547389730878
57018,2.41412555309584
5806,0.681738291428548
8820,1.08276654152598
85443,0.467742602086518
7871,1.76126493639046
6133,2.97558739091652
201895,2.77179807457468
11102,0.794577007021355
57406,1.34332013304913
1776,0.317283644693796
200844,0.724177577941386
54502,2.29250768817582
323,2.02621238128703
132014,1.90139357945468
84818,2.11334710161414
78987,1.1602299346724
285368,2.11472024022094
115795,0.0555827213422205
26577,1.20138064520687
23350,2.24337499769193
64419,2.04115503135049
151613,2.04914334766555
2921,0.307502806997814
441024,1.04093046713021
2919,0.778294913483054
25898,1.49363976554492
57047,0.214145460426475
339965,0.497042857665284
1359,2.30393059052042
2992,1.91882502627177
84343,1.6829161300242
116441,1.60496028164306
11073,1.91019602700585
6259,2.06220565087829
54861,1.89903629555485
150921,0.110816068496528
7349,1.58458076093372
130557,2.11086510200974
22950,1.97241766679153
151056,0.561710999092744
245711,0.354407710492645
57456,1.97162730579126
56992,1.52048977288354
7047,0.0101380977223869
23160,2.08841100374227
51304,1.79182387923278
64866,1.93833350885137
7123,1.6476982683666
54716,0.1159067175905
54585,1.93083767989115
79443,2.04925754231629
1230,1.47238254176415
79442,0.0837519842731955
54859,2.23578672497456
51725,0.0097266548872287
151636,2.24054726861385
7707,1.7496055986903
349565,1.08651203698969
113444,1.42933768431317
9204,1.30483978376901
131601,2.05919416318089
55689,1.52462338957456
2899,1.07119935174676
80149,2.29086328467413
64769,2.48609939909586
79753,1.67659821886849
7802,2.53700948105088
5437,2.50071153639655
28999,0.861858258964838
348807,0.016081724652309
94032,1.41390482368344
200879,1.98102732511613
90407,1.70381572429521
6184,2.96868856487088
59343,1.92168156555922
26508,1.96242426035324
55764,2.00209512999573
6010,0.0388514046163894
5984,2.1118435847511
116832,2.35954919865117
8314,2.40761269388796
7086,2.39961903903445
5580,2.51700461153672
91869,1.6614916447717
51460,1.62550085425813
26354,2.56046133206061
55193,1.88360909697295
57654,1.38425395170212
23272,2.16645711589097
50650,1.96995736685167
7884,2.68522931773853
4043,2.06986657841822
131540,0.0654636900743731
200931,1.3919518329566
26043,1.68309813777457
165918,1.71962927298657
54965,2.3216990631362
4241,1.17367961429919
6286,2.39967194829318
84448,0.984505474600816
64789,1.15661783426311
149461,0.127604342605156
79078,0.309355028478565
114625,1.19155066146817
51058,1.8989269046738
9255,2.02655824620812
166929,0.81809104608213
23173,2.00962115629629
79982,1.7171343305629
3015,2.81092715716302
51705,1.88980263181133
150159,0.294702295350584
133308,0.609630563067288
56898,1.85866515636672
10424,2.51630063313226
993,1.32902484997977
820,1.95090733813788
51385,1.61205092535546
285231,0.196283043717884
5364,2.44092663979093
79714,2.04121919982676
84126,1.8851446136059
51246,2.80570803412957
10252,2.39743579580277
8927,0.317283644693796
327,2.59053385890094
27152,1.28854214527641
63891,1.51251891497283
22824,1.01312496743016
256471,1.46221721336693
80167,1.48568244369421
79012,0.0300581105554705
84315,1.46462790975057
4486,2.21171516645704
23132,1.50095288802484
51368,2.42720141457483
2912,0.344001923210229
1849,1.53614289776777
25886,1.9891482155449
132160,2.1173134555987
64850,0.382216136813897
80335,2.47498000365287
5308,0.131881710470116
401152,2.58358127330195
8492,0.0824319443491516
9348,0.0544125563488178
3148,2.89705060664469
8819,2.24484739961274
11341,0.148074401441677
9464,0.429976985720234
4085,1.53028143751995
308,3.05846861066947
132332,0.0179178651438874
79884,0.823977029949646
2982,1.3194417265766
26269,2.18806675317317
80817,1.48974075351568
3248,1.11747463224206
140458,0.11008626111996
152940,0.104592046779187
55314,1.49035400730518
51313,2.22644544033324
4886,3.35244822084247
4889,2.09345896170149
80155,1.87512083028203
3600,0.5258510780052
729830,1.03585440833806
27236,2.16540267977836
23379,1.76074920822658
64399,0.0449920531388688
10393,0.966245482686036
6059,2.11922849867552
54726,1.71458604417438
11157,1.47739865816091
55751,2.10691470216761
90826,1.63060608347647
3673,2.08020220283014
4338,2.21284747461096
51151,0.0168982779780871
10085,1.57143125681659
153396,1.46822209044052
79993,1.11619391239117
91942,1.44989324150561
133923,0.511644264401718
92255,1.48819363721391
202151,0.61416335419935
25836,1.97902677683993
285671,0.954641195796915
84059,0.0398448655326076
91137,1.85401143703829
134429,0.875043936356203
5229,1.67624301954234
2151,2.30862122010605
153733,1.71627788035454
651746,0.386474749442783
134147,2.51341879088597
401207,1.17096862938444
133619,2.20904508360796
2150,1.68093727457974
55109,1.83000151008345
55255,1.79154023014882
4724,2.54752206543228
3360,0.0306605722017031
11082,1.59511950709108
134266,1.78991103688079
166979,1.26325919486248
153642,1.2109314928735
22836,1.6821733310467
493869,2.28645495854673
81789,1.56501489369649
256987,1.829373614744
133121,0.172114443173016
285782,0.04578114125236
836,2.20938089523433
201973,1.65516154206451
51752,1.77714491692028
64167,2.11728974929489
202333,1.55115189456665
133584,1.05836246093861
57587,1.92602265752792
253260,1.48240714745206
167153,2.15787247216387
1879,1.53330815886506
57763,2.11370644066732
134510,2.09138704282197
84135,1.61691812495296
7098,1.57118127125863
3818,0.139137639219655
10412,2.54091410129963
84340,1.77126862633416
7015,0.0540221383132408
133957,1.4778541174328
94234,0.824597134191611
23305,0.0833750437052461
3562,0.057723791780431
1437,0.0671953437318986
23176,2.28954985465601
134549,2.2815660896864
2661,0.787471295127667
27089,2.73799158563796
116842,0.889020926487593
10559,2.29809265830827
2898,0.0538268611423806
115004,0.991247304433465
2173,0.08431707500591
167838,1.57592614530783
10370,2.32304749044603
221301,0.0814877748095437
153222,1.5056041954042
285761,1.06231330517218
94081,1.92814816109753
154075,0.125815506185868
114801,0.897248871128165
168002,0.153805305216018
57107,1.58588087117761
134957,1.39372378970114
79722,0.0366616595234452
135250,0.36440891949239
221476,1.13783422594264
57057,0.211894052625716
221955,1.87671538105606
23366,1.64268953177125
9263,1.97259230805424
29896,2.667802975289
340286,0.238656241520586
55568,2.19412583464186
79685,1.80580101866907
6208,3.07006733821524
348980,0.0544125563488178
91977,0.371660669260836
10466,1.91075206957901
154743,1.51612006167528
54329,0.539470088253759
10569,2.16731486471353
6100,1.9224996354483
9232,2.32925650632406
819,2.06300973270841
168667,0.520395092354916
285613,0.803672206211484
8645,1.55412374582179
221458,0.472115407646522
7559,2.16901999488099
222962,1.07050633241749
219557,0.051479983874231
26872,2.23414189246529
55536,1.78549514590955
54468,1.95979148446101
222223,1.90840819407144
25862,0.740260813523705
94120,1.38292039502285
154865,0.178350675185314
23462,1.31495710761839
619279,1.45078699063595
2171,1.2404158523172
6469,0.0310619747051902
117289,1.14454430343337
1278,3.20027831697024
84624,1.62904734870976
92421,2.14802226213465
26266,0.200704422956811
25798,2.24251559743949
22853,1.86718969302966
1508,2.77510252689428
64321,1.53811920172425
10395,1.82337614613153
107,2.14189641509602
157773,1.49290449472435
256979,0.031262604438497
136288,0.266952984640683
3174,0.0662337567877756
5828,2.06379011340766
5885,2.71859707792412
169026,0.106977361309365
90390,1.80881842249936
4982,1.08254014061112
157869,1.15582086990639
5260,0.906946225349334
2020,0.90251255102729
27012,0.0078726930921942
23514,2.07480168815731
5001,1.96190056090915
54919,2.19059944723924
734,2.22683738204707
1672,1.23418004084324
23353,2.27440888614683
55074,1.94984266959297
157753,0.0219839916622789
115330,0.401383054238078
2852,0.959220238680341
202915,1.89779760109268
4846,1.27880082248636
79778,2.18510077950158
761,0.776444192006123
26173,2.29218858743254
1020,2.39011533913916
6522,1.95997188535669
157724,0.561812373993278
10922,2.59127035044991
83590,2.5362329570474
154791,0.775702446731765
51808,2.12210312824552
501,1.71406416905928
221937,1.50754618649173
1345,3.11837515298843
116039,2.63971049045886
7534,2.95087895347329
79870,0.24856040053746
8323,1.56707330612186
115908,2.55699412742243
81034,0.112819716306845
25879,1.82636054260098
81501,0.337168542464361
94241,2.31332802446672
55656,1.97504294026043
25962,1.90375374977197
158326,0.389941335908923
2669,2.44156617848929
54704,1.75982168960234
91147,1.24766420033638
9897,2.25186004152875
138716,2.30933876787719
203259,1.88126849208368
84688,0.318690969136861
6619,1.84384063512707
57462,1.58893489191767
318,2.44360366829184
157378,1.50903319494549
11168,1.81714757001671
203238,0.351314266974633
51271,2.3333503884412
54769,0.0481439722271771
6850,1.63486157770546
55335,0.675478043014761
19,1.25056369085577
4783,2.33568718782065
137994,1.01799292735104
55798,1.86220868512114
2395,0.572077547613224
79698,0.149989181900135
137835,0.464967392527259
256691,1.1675419232093
136242,0.0938652766473933
57094,0.156396996093326
116328,0.151899477025274
117531,0.101277900196796
216,1.9150838801917
221656,1.73626075919423
138050,2.21607901887344
158158,1.71073576626673
80318,1.32672557033481
55582,0.848925267461975
84267,1.99049742120599
3190,2.96235669224244
136263,0.0769407965432616
79987,1.01439646800673
55503,0.584556610638987
135927,0.161384312844955
203286,0.586027674629248
2203,2.45553781290356
84302,0.474863846938322
11244,1.90454293333588
286464,0.0912551171776534
1536,1.76567023573973
6990,2.28764497150061
155368,2.57499059949805
58526,1.97360367906737
158401,0.201846744967738
254158,0.357622367976233
158405,0.587886639062575
139411,0.0294552189612712
138065,1.28712988525799
140456,0.0346660352741282
57526,0.530737052339472
5277,1.50652505359837
2277,0.703083244542137
158131,0.0563619252247972
392392,0.055972413796195
55342,1.93458027401529
1365,3.07405563002644
26130,1.520946406862
84270,2.15397554793662
65268,1.14275177302064
538,1.18257227165975
195828,1.44117015095504
139324,0.810253033696577
4712,2.40914387190427
364,1.03717639646838
65083,1.98847853580957
360,1.60080420274838
158234,1.53123419482626
7415,2.53718147210161
84720,1.74449701092645
30968,2.64151367815084
254065,1.05052408978114
26050,0.0256268862991105
9833,1.76382270673485
219681,0.444052615159795
220213,1.84991241669977
94134,1.8828216367335
120114,0.141776258746249
159989,0.0506962311574882
143279,1.51225633316081
84889,0.350774998302549
254170,1.53666174699716
203522,0.952001181306798
9075,0.161212844662453
145581,0.246712778585597
474354,0.0964672461846826
171546,2.74698072379683
7486,1.29894006518244
220972,1.93071335145267
7253,0.109355807799742
1073,1.80162316001277
10910,1.61272137414023
2957,2.1105560644065
219654,2.03066006795486
283209,1.05590338222142
84457,0.1830382225432
220963,2.15134775206046
2350,1.36537081485735
3636,2.36299975233333
401,0.0302589788495971
2706,2.15673252760127
51084,1.66984417684859
221035,2.32415526699544
220296,0.169402748021536
221150,1.7277267218106
221154,2.34774913515765
220042,1.24065559542737
51585,1.86646098332614
63876,1.0545750120057
140801,0.0685397094214406
122769,1.82910422672701
6166,3.28344144686812
55172,1.92492013644189
11067,2.48749673960763
139081,0.0942374869521354
220979,0.847198707260804
7570,2.22366463556895
23588,1.84230623161578
161436,0.0581124904196997
9147,1.72902822383726
84881,1.75153884815511
382,2.78828485886496
123016,2.29896776427793
57156,2.20772787011238
58157,0.206237674414799
122945,0.595467300766155
83592,0.302206798555117
89890,1.54662142047459
158584,1.90180322465811
11164,2.17070870978433
51339,1.64209212379551
27199,0.233500677344822
222389,0.869802387574027
509,2.89925365592314
8559,1.55696670896135
83860,1.88650079227937
196740,1.25217532461695
7417,2.48667530623262
118881,2.01210554420825
6571,0.450105691037186
118987,1.46511754261324
84858,1.74714355753469
23172,2.06557549006198
169714,1.38730026200657
63877,1.94299422218036
64324,1.82994175129509
10935,2.73559977202051
10495,1.49445776638652
27069,2.84803506619572
6621,1.39485053570724
120939,0.467280792387416
23203,1.85704514035863
10807,1.95119518907022
158067,1.45115319383292
11092,1.5836250487592
7248,1.34983580594227
8328,0.133302556941214
3251,2.60930771139788
118426,1.29706172168167
138311,1.05367191535949
116225,2.10954501850221
219736,1.05765416133582
5979,2.29554351456755
9188,2.23449793509148
9790,1.9697463596095
282974,1.50713799090023
57608,1.73848884085631
65991,1.9863950901622
90809,2.16079232962169
64745,1.96458334998697
29986,0.869095955974594
57447,2.01524304603672
84659,0.50629884380715
55701,1.86766265881447
26012,2.05464186116624
51222,1.68834437186974
840,2.21672953544673
145376,0.937995937416451
153579,1.26095490615611
55088,1.51352752072719
340706,1.7173287460816
56339,1.99872303229422
6297,1.71240310781765
142940,2.08666114053892
220081,0.0366616595234452
53349,2.01097599047524
143379,2.17347557869704
259217,1.3354901937438
414241,0.11008626111996
10023,1.6905523853791
80019,2.35754214193887
26287,0.719672193847373
144455,0.76122122659607
143872,0.76846394361979
122961,2.25589150005319
283310,0.0479473231186116
120071,2.07061107034919
29763,2.46781714719836
145567,0.845334127774537
91252,2.27667544877233
5702,2.80752351103618
5913,0.0288518968796068
79841,0.896018424577955
123036,2.49656909530107
53981,2.05691939386284
341346,0.0797855659595778
64112,2.45314615975035
122509,1.55077910444825
3429,2.53678599558612
145264,0.184372539834336
79789,1.90727230730458
29951,0.163952002695106
120935,0.0326656794165476
9317,2.00420456504181
389941,0.560899480706287
783,0.332625016854769
9200,0.766058493581643
221079,1.95295459568388
56935,1.91237488473782
85459,1.08929427809877
3747,0.197267676699121
79101,1.86934995436569
25841,0.914167022220175
27291,1.71552386412648
154810,1.36620986894381
5654,2.97681960579898
3990,0.13259244153535
9702,1.78613669668985
255394,0.759398115160478
161742,1.99130334608946
11245,1.4264617199926
83700,1.14988828379409
64806,0.0769407965432616
116173,0.0187326529005272
112937,0.0183253569229505
170689,2.51427704037564
84706,1.46607315643306
81693,0.073704942137793
51762,1.92215037452306
121457,1.82815499309116
27079,1.72125048752995
55662,1.79917577689505
4714,1.2770745828388
84936,2.05294994710736
54866,0.597976184094896
6692,2.71027634577678
2200,2.15704224514426
552,0.975199877179804
120863,0.498483047257218
654429,0.0128076294222381
29117,1.94085638059034
1152,2.20443477239015
115708,1.97602717583844
8945,1.93053456092016
27343,1.86207047918645
9529,2.24577955123543
25911,2.38831180973091
55323,1.09676714638824
8539,2.40891092730967
374569,0.299040637766914
57567,1.32716291527319
79803,2.038614481066
123228,0.600764046592578
9221,2.61446192834155
221120,1.93288348228186
9318,2.27772252972665
2562,0.791613569427712
219793,0.119523735885593
8879,2.38287000396092
10818,2.04930891850231
10576,2.56007435721242
5092,2.79710246086743
25820,1.68606975907919
146562,1.56269296536879
79827,2.12388583060074
55800,0.169063147349782
1353,1.94687746928104
7753,1.48281507375806
196951,0.913388778540302
252983,0.948387988456049
116159,1.98841150366153
8065,1.84037776569567
196446,0.456226962145733
54838,2.35994908795744
119032,2.19692506593995
717,0.989078976506714
79156,1.36839583722003
55273,0.494932836298095
119504,2.55581850133659
6609,2.31720284925395
322,1.93263606870818
79933,1.30889781723642
25961,1.24536061314904
160140,0.432280943422661
54765,2.05723803132401
101927581,0.0658488120877697
3611,0.431796490909664
6881,0.699765974141291
1200,2.52016584881017
8642,1.23463029015466
81832,0.0540221383132408
118490,0.973843320451506
1528,2.21468446492234
159195,1.56367391879774
5896,0.0867613730983522
119710,0.99973977288265
126248,0.879294791739587
374868,1.22667954979166
8495,1.66077141057941
80168,0.242074774784915
51700,1.06151586260397
8710,0.235066506058863
9710,1.59713479727327
5271,1.06413866558804
7275,0.98509237996675
79608,1.37556321546862
4004,0.120245236362853
3419,1.26391576676163
256764,0.238656241520586
1381,1.71845466475683
122618,1.78356467229499
84460,2.14542862079635
143570,1.10265953168481
9866,1.11692000303514
254225,1.10723521695043
6157,2.97857850474308
6764,1.2153950028327
124359,1.35665686807468
222865,0.491812170434574
283659,0.317987626794701
55839,0.905188649276246
56672,2.03910754651634
23300,2.03979323719345
123775,0.0227948798627598
440026,2.28435984275906
114780,0.141249215496993
123169,2.37127973758312
7702,1.74916008922102
54495,2.00537359291498
4239,2.67195078300494
7465,2.04844028076876
5598,1.45275217543763
387745,0.631822605963728
5579,0.457047125565754
50810,1.28590290936741
8509,0.151378931219585
4176,2.5845958528252
10143,0.224040428020355
80323,0.264394666900614
26253,0.562926547642315
7551,2.18004230095262
338339,0.0264342928541542
7589,1.64394307263253
57494,1.80021417235652
144568,0.0946095302476571
146227,0.328193431299921
7084,1.41557755585889
23423,2.03693673282899
90701,2.08414524202399
2587,0.0099324012091867
65084,1.97754712259659
115811,1.46046883542698
81565,1.68783220875055
201161,0.728015461083612
6236,1.13449078507696
51647,2.5822632554471
146845,0.369952842642287
7184,3.11018292102788
4160,0.0619895891189751
10904,2.2430744568461
89832,0.0782695646180464
80063,1.27572811449891
4319,1.78902273856511
780776,0.246095944964931
27018,2.93317302298567
80975,0.248406596698026
9382,2.02732771906371
144100,1.54310982915313
80095,1.55517799591693
644353,0.13507515807804
567,3.15272904367176
9640,1.8408825537631
113201,2.37260959936989
4837,2.60428198501437
116285,0.983383444272543
164,2.02186519550883
162394,2.09744258846443
117155,0.799534180972762
100128252,1.25344782518165
89927,2.34574320496601
9665,2.00564926933555
113174,1.87338557848577
219539,0.431190482278659
5479,2.82682420090593
3948,0.051284114267885
84191,2.45985917479215
160287,0.13737381964589
63901,2.23100274741922
9768,1.64210745172951
374654,1.05595076884891
197257,1.46353562108846
5346,2.27332711469145
8800,2.20278747733961
124491,1.30523483340794
55897,1.23035537635236
290,1.83696406562672
6340,0.511100612641903
348093,1.18192541579208
89797,1.5318165843682
348094,0.872492480866108
92292,0.280802933544676
162681,0.85420879252922
84516,1.94558481541816
54386,2.33252066865027
5347,1.61280306973364
10845,2.03244961870954
11318,0.0471602662673416
9880,1.03063584891272
6866,0.0673875284399155
4640,0.071221967357895
23306,1.94459564603646
4665,2.4502080850489
23339,2.21848189975246
6778,2.47315826317832
219988,2.2360094819004
91419,1.65773087514434
114794,0.0368609624667365
6809,2.02134286256642
54948,2.41821647145624
79837,2.54631033912222
54893,1.45000791431408
7529,2.6386946936408
84419,1.06572540321897
6447,1.36409610211408
26585,1.11237762190246
222950,0.491141718066114
81628,2.4824530477652
245802,0.265449099272857
58475,2.13393828753624
84689,1.42785382038769
115752,1.98349315157163
23582,1.8038444856039
2038,0.018529029376588
4088,2.00030557893975
83661,0.437589234039205
374864,0.346582745136319
219995,1.05656644947533
4130,1.4111376437306
91433,1.46831050614256
64400,1.83604243765343
10982,1.70418967512043
59271,1.86378094679611
4141,2.22265543097093
114785,2.11719016576888
245812,2.18266154802183
2923,3.08935276298643
11051,2.20831758220046
4824,1.06828316197535
129049,0.39390198595508
150290,0.761600411752287
7008,1.70113542682346
150365,0.351449024819327
124872,0.01219232802879
5090,1.97257833964717
2793,0.731197029956103
5245,2.30273765083008
6632,2.15125292412737
158248,0.477943602513032
201191,0.551808576905564
138429,1.29863259293541
162461,0.425103172097019
399665,2.54440737451874
80221,2.51433120454463
2801,2.36544059675142
26995,1.81322659013261
51117,2.14523135765109
10999,2.15567830049104
55018,0.0581124904196997
81605,2.1538814225361
51148,2.34377805635681
57171,2.09318034451425
388389,0.041431969987866
2021,0.710979039153358
51450,1.97691914122253
56905,1.7185709747494
57611,0.445838064168215
6668,2.03271821365611
79170,2.56075919124892
10229,2.12801439554447
51704,1.60927706760102
1398,2.35307193527287
146378,0.323037474136418
26263,1.70011264920917
23102,1.59747264757731
64127,0.76530499448822
124460,0.742215060324811
125336,0.111909570608108
83473,1.15250144908981
84064,0.415506866858674
7644,1.68048695193448
3481,0.685653850984696
257160,1.6683856558649
51755,1.88597972231389
64174,0.696515947904612
54920,1.18854876371818
51367,2.19305638491968
64772,1.79303271408638
146713,0.0056012358560772
10632,2.08431143071026
915,1.66121250651702
125058,1.92129179540118
146705,1.31067477872285
4645,1.67473384355675
116969,0.329442391666016
10449,1.64166273236389
6786,2.04530326083614
6240,2.35355079376345
81285,0.272343279600248
55128,1.45564013834607
282763,0.0138321417599086
64122,2.07637554521753
112476,1.85669049222664
7571,0.11970417031913
126298,1.68457944260302
7769,1.58282422684198
7733,1.30663034925601
28227,1.00062408844083
79759,1.07202989693448
9726,1.68186463682938
79001,1.99927734283878
94235,0.989926075072905
4025,0.0252228938178094
762,0.362551946470696
55181,1.62586626718548
7171,2.64462931220747
4218,1.80725459462109
2879,3.18386156026168
90007,2.8116710362397
126306,0.200050937148015
199786,0.172283623174845
55295,1.71227204942134
54815,2.19584148798255
4597,1.52658872721876
81620,1.81596482083316
51693,1.99581445606633
29123,1.53272757690163
124045,1.11730403395223
124923,1.08538640155817
147011,0.835184467315448
6137,3.06164864115275
121274,1.4753765457326
784,2.01444231113847
147015,1.3379799779533
90313,2.0699637713095
8085,1.69299601263714
84940,0.364673832571996
121268,1.31775332138728
7846,2.88766542725486
84790,2.10479561645792
162963,1.59143910335391
84436,1.56552129972763
55762,1.27534279018061
29946,2.74882279597129
57701,1.76515976387152
53916,0.489350832341308
359,0.0126025784990239
2819,2.11267537624208
148137,1.56510536313191
29785,1.40087721157885
558,2.05191408960225
84807,1.56544898920807
147798,2.62709833642796
3903,1.45318530035265
57348,0.193816174198769
114823,2.35465906638562
148170,1.74172395180199
3904,0.305503153895021
284339,0.813483658082622
116115,1.47936927828991
83696,1.86315644238958
3811,0.0569458532680942
199713,0.0675796689626678
7705,2.44779962068289
284349,0.863675398958101
94274,1.4606259930818
10653,2.553777233026
90522,1.85277846770697
352909,1.4340236988273
8000,0.497597113447838
8581,0.036063467897197
1613,2.29262157758251
1938,3.29153078767427
126259,0.227838027674123
10036,1.84910481687647
80700,2.51370701102493
84717,2.27556509235762
729359,2.25148321973145
10501,1.86505455168237
55311,2.03581996949588
64359,1.82419494444759
79850,1.53177778036257
51031,2.06555363573787
113655,2.43985951647855
2875,0.908034663346276
90990,2.03421880982486
124935,1.30075055079702
83547,1.25324710182011
5345,1.10453775621362
124997,1.38255371430222
63826,1.18158266036716
55720,1.62523057960726
162514,0.20737214969269
374875,1.76015065883504
124936,2.23942353475001
124975,2.29499851439679
3816,0.437348767311412
9622,1.18188734219907
3817,0.0505001786277436
25818,1.21739903372721
5653,0.545614025312485
11012,0.0175101773978301
26085,0.0811098068644656
55769,2.1374917251717
144501,2.05068203195511
3848,0.382474917136123
125981,0.233970749975499
55611,2.38248103012041
283248,1.70211561519908
51129,1.84058169646512
51293,2.16867142615721
84926,2.33160044520016
3489,2.0647495922016
8435,0.566862820887877
148156,1.74240970056584
4723,2.31440561484708
10263,2.64600106040761
254552,1.35092317011087
7001,2.8619612962278
7775,1.43003025083826
79003,1.84430273506027
10871,0.828647617485277
11314,1.54227533948384
83659,0.527447968751493
283987,2.64832043816515
3396,2.55888885001918
10476,2.75654839009304
92162,1.51108307787777
2125,2.09685609431983
6730,2.32781635682617
146664,0.15587931748459
147138,1.36450326621911
7083,2.76519975892668
137695,1.47830915569982
1581,0.0374585887741673
100505501,0.143530619363282
284110,0.369426585434945
192666,0.0565566131007352
147184,2.26529588906897
84514,2.34831275780192
83986,2.5045608276968
90850,1.85152288612254
25837,2.04823425416224
64223,2.26346345762957
1877,2.08750623784616
1775,0.92059524250425
1632,2.53958240701601
57524,0.552116902274882
21,2.41377002137606
54442,2.26852680653137
23524,2.7390844136643
146434,1.19487142103232
197358,0.812291599190769
54949,2.04914334766555
1642,2.44423933855985
55048,2.37749132283546
220001,0.167192797265528
5866,1.88207651811314
7439,0.777185104071021
2495,2.41760850705059
26580,0.571577790288137
5436,2.68848004782424
6520,2.89141177167515
117245,1.2321667213871
144097,2.12122251666954
89849,1.89452672348757
26005,1.69675867266144
9881,1.50531734997606
199223,1.33090915857771
3921,2.96519322842181
956,1.15045213582413
1499,2.47052223439505
54986,1.26767567487171
8772,0.807642806280504
4054,2.26824496763068
10004,0.758256122408318
29901,2.14052607608869
116071,1.31250573954377
55867,0.0416301479021601
7536,2.62915590204631
5871,1.75533211701189
283129,0.484854339375359
283234,1.28366195234352
51435,2.31496965427417
286133,0.384541984258164
5368,0.15155248342787
10980,2.85699425996029
5049,2.32610274854539
124401,1.74058272424393
84309,2.62902469623188
57691,1.42675005655408
5867,2.32338695681876
4992,0.0565566131007352
55209,2.17374661734091
114990,2.00703105485946
222584,0.202824585977597
8290,0.100539616582576
79725,1.29777072647349
4993,0.205588681229591
149603,2.79897719058119
84376,1.58776395250267
93487,2.39273149304546
54541,2.06602321928041
3516,2.09520180882159
55788,1.74860557297945
29063,1.53938129708837
5729,0.287417666770059
125488,1.72420725385156
132158,0.661905160450731
2786,0.389428769018713
92181,2.26224245674148
123258399,1.22506141684926
28511,2.18414048481231
7266,1.94783115356092
169522,0.0491265280900879
359948,2.7952676082852
64943,1.96129707614486
2299,1.96947187867856
440957,1.57356856868642
388753,2.16220352637658
3800,1.82583779930514
4247,0.059471517423572
648,2.35924142547695
57215,2.12000578786635
27249,2.59966141936767
5162,2.37435344403388
54899,1.89438205730499
3008,0.638671945220488
115294,2.28792519964742
200845,2.35937336490393
136647,1.77972217558848
8309,2.80897841998518
11170,1.35814227963023
3660,2.32682106312566
4336,0.0060146795562324
1524,1.72814412944825
165904,0.31502659089811
123099,2.86713519453022
11280,0.114999975663909
378,2.98360982906438
4735,2.74236831000416
11259,2.22302371665488
84879,1.03241331383461
1841,2.26906531168663
6890,2.23025887184705
84289,1.65495298047432
23192,2.09434405652482
624,1.76784453668384
197259,1.30802221033005
55159,1.68130282849689
93107,0.0082850342053478
399,1.12623477221631
377007,0.121866302736131
91949,2.22690323938981
51362,1.42039258393307
10963,2.59251498148077
6338,1.32797832206709
55806,0.651635982494334
84203,0.148597060175241
11031,2.62234579752113
80346,2.31342953458392
7148,0.839909510579011
203190,0.01219232802879
649,1.87923252874869
11273,2.52473682035047
9796,0.626756533518657
256309,1.24106633926057
661,1.6410639770668
2237,2.37173403512275
8436,1.69305077184385
23255,1.12045195150805
148738,0.0865736051467432
124790,1.4567725473484
2339,1.80156987482489
347735,2.94357776059
60684,2.08396338676156
1128,0.0652710625303166
1281,3.28656276370246
2675,0.140194108785078
3622,2.16520798655196
55602,1.9494945471008
154007,1.46147826702841
79064,2.15569107207987
6575,2.0372139313094
83657,1.68116226616091
79089,2.4360685235133
11086,1.57255455418809
6774,2.59423265209695
90204,1.83275107488865
8754,1.0904124044676
2668,0.0234025367070836
135656,0.0471602662673416
8313,1.63159525411602
4725,3.21939139177274
200403,0.0197500372972908
90075,1.53564273372641
167127,0.096838290181438
157638,2.12566898300695
753,0.922959368086832
146212,0.16855347950014
9122,1.62599329926147
3575,0.971066571337814
29100,2.44169392428288
53353,0.156396996093326
128488,0.0683477895576427
10768,2.76554608485794
134218,1.88870788740297
11142,2.4195432785323
255743,2.40993220684765
766,0.0583067721494003
51252,0.529465637402776
54910,2.08573134162001
26505,1.98135519295059
2948,2.06834053849062
54790,1.40019421021252
80319,0.524036989021055
79867,1.89096309504606
6474,1.04697470209662
9677,1.76608744402745
10098,1.77437027001253
116236,2.1087982234208
9925,1.57672115491282
54921,0.175828262431046
161823,1.3663180350052
9836,1.61412453102818
6645,1.60996798231524
3592,0.784621978413693
22847,1.28678409935275
53407,2.04144661767142
27065,0.431796490909664
166793,1.21975163061601
85476,1.77005379141225
392309,0.0786488237171767
3354,0.257430204361254
56884,0.0103437444480222
55308,1.194983013156
84913,0.320236075349722
54851,1.93750168553047
6439,0.0645001083526856
10713,2.44490877936135
79155,2.29562814828251
388969,2.04212222457715
129303,2.15328614057852
51255,2.90484396445759
10791,2.38034489171876
10917,0.0223895328412295
123355,1.15302264248116
4144,2.65686939809385
255189,1.26907486533391
375704,0.868710298994077
57507,1.57340860617283
80723,0.918400422773792
3635,1.50787249610761
3954,2.10697813231225
1504,0.0248187083181388
92305,2.42481250155472
5480,2.53871711530871
10251,0.313187880033229
153241,1.37609412379657
29091,0.0719867467506061
56947,2.2128691436707
2915,0.0064279224007442
3965,2.01982709322588
8681,0.55119152734992
400984,1.11862485121103
10815,2.02828886674249
221749,2.21730039704489
27036,0.414143594685555
23620,0.0338664618273812
1876,1.69248917038852
10116,2.18785323997148
54951,1.89908677362595
521,2.14213977373903
7386,2.29733588978248
84179,2.63335878577566
1285,0.0811098068644656
5604,2.09419247858918
5650,0.775776658800412
5370,0.141776258746249
3187,2.67265288278312
3667,1.802761854181
4204,1.62247106660056
65110,2.00288995520383
79740,0.230517079620253
345651,0.0754196057556881
4920,1.48717368635042
367,2.14793089063395
207063,1.84404286738546
254778,0.176669940986125
79663,1.39653601056086
8623,1.89789042456526
293,3.03237784125677
113189,2.48076394341966
25849,1.54468002223824
53944,1.63915500587813
90362,1.65947504082777
55130,0.0506962311574882
84632,1.78206084104465
6940,1.84158047701034
22809,2.33357881335005
7336,2.01703854421107
23099,1.35932207755374
126129,1.00129945785857
255738,0.165829829028472
23214,2.32113098882215
4330,1.29887858491373
27301,2.30247809838001
197370,2.47958769414178
90693,1.58903806949315
3596,0.0372594270725486
440353,0.476690445879032
5865,0.116631393300044
10421,2.59834100910066
284654,0.594790302869137
10636,2.0510685531032
26000,2.29768085690401
10960,2.90612781467177
148823,0.34195828374075
53917,1.0693494805141
27166,2.20212858104433
7059,2.23025200825889
11238,1.33330550015994
55974,2.96029615409745
1942,2.86823802029722
3627,2.24525143013412
23117,0.760234329689262
79628,0.128497301456039
6373,1.44938836760239
8233,2.12851564817732
51068,2.08170085083341
154,0.949971365570828
8706,1.65644060451913
114787,1.15912097093607
7881,0.593628220154127
65008,2.24113930668477
126669,0.962493939678799
190,0.0272409292764164
55276,1.94198340436006
202374,0.134720944513396
64805,0.75596622942911
150248,0.164806098605392
390445,0.0064279224007442
23251,0.383121481613038
7369,0.501575361265198
2813,1.05281507644482
9197,1.4819558870941
10073,1.54071625565752
8738,1.03903201456557
25942,1.97780905513485
200894,1.48770517563528
6036,1.01531028589327
6037,0.0733234266047182
5747,2.1331498529865
5724,1.92954587070565
5780,1.84024175606127
6039,2.32429476344082
4881,1.43222106820424
51305,0.0775105280642577
3576,1.02676643260846
6335,0.0386525717956126
166824,0.467165294714699
169044,0.454818848047692
6383,2.12754469692692
1043,2.20435333512198
93380,1.79652004513167
6699,0.0846935889461878
6698,0.182704298338963
83877,2.04000396677432
203100,0.254840736075145
59339,1.61996845446724
25932,2.65209251092638
151258,0.458100286117919
1880,2.00363803362289
83987,1.62751495083159
196074,1.35300789941371
143662,0.114818507485862
9839,1.09579400067704
2705,0.366393526931308
5093,1.33419772322946
3094,2.51675958369128
285605,1.45156485099362
9022,2.17391237321458
283899,2.10208100150335
646,0.0113712320035829
1677,1.12146921187337
27247,2.4016374160307
84168,2.46648230378825
150468,1.30853567222825
123207,1.06043525033879
83640,1.54420761564867
10887,0.0128076294222381
200558,0.69467571710744
654483,0.517597688026669
727851,0.20347581868271
23119,0.583377552824228
7798,1.49623585673352
284004,1.99679955595126
699,1.74842459893255
83985,0.554783503099165
201255,2.25606637583269
1138,0.201683655587212
201254,2.683681975877
10555,2.46653620423661
79058,1.79488825526285
2194,2.8607488435578
7555,2.9577349442458
4493,2.73333450429406
64118,2.50203116727826
2873,2.49842261839284
5986,2.37856881426361
51181,2.9697653278481
7580,2.4717813904507
9079,1.61353768122623
5881,2.34389470350907
145957,0.122405948971871
3987,1.97523027636342
123591,0.524571017703657
22871,0.057723791780431
202018,1.8825412820686
7360,2.3329181959126
84894,1.49064978610361
3185,2.93237013776999
686,1.54588725687038
55454,1.97482773885597
6870,0.106244151498938
5099,1.39444109716305
6091,1.24096368222208
57099,1.51497623239759
5028,0.327359666175908
1501,0.482482579229991
81844,2.0682700367936
7480,0.0998006737938156
163688,1.01965721525574
9185,1.83386754006798
4584,0.121326302161832
94056,2.48037601638087
3684,1.64868134869809
260434,1.51376927390124
8460,1.89928862261064
163590,2.01539924254319
4071,2.96785592596457
23252,1.25005907544522
161725,0.141073458890048
2990,2.72030668561996
8019,1.68420259474458
51621,1.72266095651491
23414,0.852562365082904
92595,1.86901486433211
65988,2.09889721615457
79724,2.64228671274436
83756,1.42907473711897
131616,1.74701040224684
10746,1.89279584103082
126789,1.73410853936788
83443,2.89064623042107
7584,1.62607267648053
201798,0.300049450347013
126917,1.43622078131773
57555,1.97243862789613
4648,0.189687848035021
1107,2.24239311985894
201799,1.30334810802353
25924,1.31367304861348
214,2.48374749218407
7532,2.87180963933395
10477,1.93372507543497
116840,1.91906518922489
58485,2.69428556762175
131368,0.156396996093326
9196,0.677112946115925
327657,0.25712600164172
285596,0.0191397532419228
9283,0.882763130447093
375484,1.19861612525706
201931,1.79412965874827
51617,0.0947954893080635
442590,0.335657012091373
866,1.04490241944613
197320,0.619788371456864
123606,1.56550322313458
2298,0.684464534887844
2848,0.127783012098814
7324,1.62432320336098
220988,2.70857540428648
23235,1.53135072924283
57484,0.602967279905647
9720,0.0175101773978301
728673,0.462995279085499
245806,0.0244143296379668
3233,1.3651269636388
1140,1.8318002128804
3238,0.0211723261778742
84640,1.85177808841524
9121,2.04832583558966
140838,1.4005737683791
255239,0.834438801871472
147,0.395047972561119
56985,1.56481579999326
2172,0.221180308587003
114825,1.60517624742341
373509,0.439989636060549
55031,1.78971379772312
10015,2.43119385954964
7988,1.94265505777424
84140,1.08857755002429
8427,2.11763570643529
2720,2.38547287110986
84520,2.29428837347544
10826,2.13369378726117
10491,2.50092243743866
54714,0.0428182367483027
6588,0.454113784621702
23587,2.02193887855335
152189,1.15290240954443
11337,0.130636446855533
284194,0.334693580941397
9482,2.03094792770426
983,2.26548445063042
7314,2.87739691090154
4798,1.80067367704454
2167,2.84167644263221
143162,0.146329784130774
56980,1.12816346598458
10678,2.26622529727768
2353,3.39165295486462
10972,2.93397146955157
401428,0.874852932168357
6419,1.97510539569737
4086,1.66301651121156
1473,0.890140780573481
1470,0.661817283962807
2018,0.9083366722866
1469,2.26982263637304
285966,0.64238787423335
9723,1.43245862627692
10446,2.11910586336452
7779,2.10581021374844
166614,0.955481376661707
91752,0.0811098068644656
55890,2.19815229101316
130827,0.883768546433473
222008,0.0091091168566818
3856,3.38792217792294
196374,0.033066130062972
136,1.00893548196788
121214,0.114999975663909
4255,2.11818949304844
196410,1.39648501718496
3892,0.585831709480544
3035,1.84864806098854
152518,1.28919992805644
9119,0.181868883190801
160518,0.929998391335872
929,2.40769002846213
202052,1.17898616256861
286887,0.0723688738166034
79697,2.13290935126678
202051,1.8429631510167
57148,2.11449572856813
84305,2.46052312246697
51237,1.69206407409565
3851,0.0906947274148189
9963,1.07299738366858
121391,0.0181216355189445
4862,1.12904180552377
3814,0.61453976587874
164832,2.09370194459939
53343,2.44572205855877
345275,0.186369888167896
5036,2.57039498306009
79071,1.69203663458789
5209,2.5773218369467
79905,0.597783510061337
23204,2.9921281252511
5272,1.72407966712917
57228,1.54571767393058
79192,1.06553894999921
1000,0.354407710492645
153572,2.37582418280315
133418,2.06886616507367
10736,0.390069423354173
9229,0.0573349127789155
6773,2.35356493623778
134492,1.51059676113882
26145,2.38233907386386
3308,2.69334366848297
3171,0.26424391833909
375611,0.605354290434633
28991,2.25030493758779
6444,1.32133107323249
121355,0.211088440665768
7564,1.65761238295586
83787,2.33498093804631
80196,1.98834445983071
98,1.4700314588535
80305,2.00162909789999
11016,1.89551247458666
100271927,0.667854566954929
9306,1.79534276209477
347273,0.175828262431046
162979,1.48418665364367
3219,0.878725434325042
284076,0.129924017888448
5429,1.72441131542047
143425,0.892064774544877
3790,2.1607000069053
3799,2.59119509263675
2861,0.738850210084166
11214,1.61039517536883
55038,1.91444478678526
195814,1.25244346691296
143241,0.0846935889461878
79145,1.41096419266916
94031,2.67065824531721
3344,1.32826923302778
442721,0.0402419221072167
8419,0.0270393423001977
1057,0.0447946653885956
84669,1.72345395507902
1056,0.336619238595089
8493,1.69788399598061
2850,1.70067815996749
93622,2.06274556962649
25948,2.3341479131157
84864,1.06842235672933
51499,2.40361257793402
27258,2.2570915331935
9778,2.04707610136999
9788,1.39477379095832
79188,2.45265390617955
11236,2.46318411187523
6203,3.01998372352601
5319,0.459735558304164
54360,0.966355475426881
79042,2.36322616954322
7200,0.0666185243177208
2941,2.05457433215253
84437,1.53702652662438
4696,2.57786383551316
126014,1.27137725304334
85315,1.41834507842359
11162,0.844733647499848
26115,1.79509392589898
5314,0.0400434172142254
392517,0.288149195283638
120526,1.16929681805345
90338,1.72549380265825
55786,1.84618430059317
112464,1.26095490615611
1084,0.018529029376588
341019,0.585243487973028
3037,1.28822863124562
80310,1.95327764366146
10761,1.65073140268396
1901,1.82431611150285
90161,0.237877243663263
26108,0.534537893535107
80131,0.269353236274461
5569,0.553143694917851
286046,0.0831865093464727
203062,1.39146282338529
2358,0.0727508259833435
2357,1.23687600614088
9637,1.77100532236677
83595,1.60147435711061
53838,2.32240125962389
238,0.029254159459327
883,0.0735142061810224
4534,1.56103526466197
29989,1.72182804544532
55006,1.69901998141662
3643,2.24664374857098
55669,2.00644952424046
155038,1.47132923469908
100506164,0.0544125563488178
4902,0.552630482816748
27094,0.761600411752287
2525,0.25712600164172
170850,0.124202215877155
155066,2.14476625946643
5581,0.717165121337475
84522,2.46657213246475
10474,2.5519333363938
9655,1.67666922500027
29071,2.36395463418702
79095,2.49498286761836
118812,1.97003470745347
79894,2.30333604336406
55657,2.32686718576251
203245,1.55602709163653
64080,1.85449045086013
2897,0.19595456459155
4589,0.0384536920503017
58503,1.22106613707836
10879,0.178686403225395
84233,2.43815036706504
55863,2.36816669770154
81603,2.6615300324074
81831,0.69114866100384
1448,0.229099881290841
49861,0.445124399837998
55561,1.98999703107823
51282,2.48914034692075
3726,3.15609115468545
219738,2.22277823711669
140738,1.80504063598243
116844,2.80491212335641
79801,1.05906991183873
25928,0.894538709731293
4884,0.0532407567944813
283742,1.78360914940665
90594,1.36011624445454
126070,1.51195317723449
2548,2.50327998150291
124583,2.47923109034984
3777,0.276064893344208
84287,2.33120886684314
50515,1.57387057195062
51013,2.1957010561858
5223,2.11403671670564
55636,0.895463938588892
157570,0.952732530726349
3880,3.60555922757984
3866,3.23560841927509
541468,0.375848280348245
1184,0.651546787088026
11076,0.464503840048384
3752,0.764777034610885
8862,1.16730752419237
3860,1.62422758583485
3857,0.0908815660467812
27115,0.683017573480182
64979,2.25032757373116
51545,2.25317078379108
9,2.84790489732083
392465,0.997653915158749
283455,0.272194047426621
147807,2.01301180522588
4163,1.80565327387521
57684,1.48719495699089
8941,0.0217811482126814
92126,0.601722822572823
9533,1.67921798644301
171023,1.75336806621872
65989,0.925079442978106
54811,1.27752265839319
24149,1.67783212457858
93134,1.82098132418455
147179,2.17194655119244
84525,0.95620860678914
126206,0.0134224851965348
84230,1.20788725526032
26156,2.66970299276024
55144,2.05550178274276
138881,0.126173585315438
5481,2.05761222087921
138882,0.0479473231186116
255631,0.625461082981651
2110,1.9743552649786
59350,0.0563619252247972
23566,1.23563336204485
5734,1.37678348802538
6902,2.59129790456583
4761,0.051479983874231
4135,0.582393501824595
9427,0.366921883801782
598,2.62178266112818
2266,0.0733234266047182
5356,2.18028844598686
201514,1.47579034064229
1826,0.102568313484256
64446,0.0189362275154237
10316,0.141424934332517
22883,2.69803619201069
51523,2.76013182888285
10782,1.59203743875095
5293,1.4149140438368
171558,0.130458397610706
84275,1.66159444173104
8507,1.756162660615
80176,2.38587515695537
5031,1.24833987839067
2186,1.80995876140876
170591,0.199723994742729
284307,0.622676986803563
27197,0.336207003146281
2857,1.52881946768718
220070,0.121686341935808
57449,1.80510405362213
55729,2.00602719897607
198437,1.06353084021926
10287,2.22056092633969
6919,2.115564488812
203859,0.805731426770693
8841,2.08474731751857
284680,0.613786740004145
10243,1.82442715042801
57687,0.147377001960521
55092,1.93874495614019
23261,1.65502747777369
3960,0.136843931739014
151827,0.152419690580264
5053,0.501354916519017
79029,1.57972998988239
2628,1.77276523693007
93426,0.504105689283315
115861,0.163097007540298
115727,0.670028958879094
4807,0.13878517930746
200172,0.223088194046119
596,1.99630075522885
83695,2.57317965986134
1503,1.29409218787763
8433,0.0442022240997431
85442,0.980972106642446
83889,0.0352652184723042
92342,2.10817633472823
54777,0.57437191366728
1296,2.16111946058625
170394,2.20344511485529
163255,1.08308335555683
10218,0.272194047426621
144699,1.51114383318812
5394,2.11733716034155
148268,1.34955662895014
4815,1.46578444443252
4300,1.30328713438678
55138,1.5766858496715
6241,1.9609014308017
51112,1.99941416651959
6227,3.21153036204045
719,1.55578728364435
55178,1.6617852883448
5728,2.20086309694885
6201,2.86166433093708
23627,1.3432636086832
246243,1.7195519228735
5621,2.4006126295547
128209,0.404405076645997
146,0.290922772964898
84978,0.23522291936353
361,0.0962816618610842
554202,0.074848442848116
57834,1.95633337406308
83660,1.41854043659787
654346,0.0775105280642577
51030,1.62626312588112
10517,0.0123974780415539
7764,2.59202604056632
653464,0.870892605539864
7857,1.169335753757
91647,1.48691836664749
126410,1.72876318303761
27023,0.0150599263207783
10465,1.74635613724784
83450,1.18287641637912
126295,0.295861550239592
149840,1.26207535603028
221037,2.05960525422718
92483,0.0310619747051902
11346,2.06393830968097
80032,0.0723688738166034
4118,0.431554146556167
115196,1.27537491106906
83452,1.42845267895747
7064,1.85345658727793
2596,0.248714174483528
253152,0.92189662040146
3913,2.75027444522293
10869,2.22764066265931
5859,2.70444050370633
94103,2.67632354439217
8293,0.118982195114986
8462,1.48710986889051
131578,2.27554410640622
6606,1.42470410966521
9451,1.83455765448158
126308,2.30801073679703
51315,2.61509764980905
10201,1.81063731135194
54205,2.54869909228083
926,0.351449024819327
55106,1.46277628892076
794,1.36815340746953
285335,0.338814104012932
8383,0.015877463426456
6356,1.13490461489802
257019,0.554476325393124
6641,1.00893548196788
27085,0.866649508434225
79736,1.38981218828242
28998,2.05666204837901
10892,1.19891166244848
5617,0.0376577034343075
3669,1.22731143924308
154141,2.50045971090446
3400,1.71271748914201
2845,0.029254159459327
10663,0.570677340530803
1051,2.74435611415986
566,0.459852225060869
7177,2.51515492201104
10605,2.40232007135836
64581,1.07927021172928
375444,1.23615147293888
114900,0.236160753019845
257194,0.870700349812958
7690,1.63367651750967
140733,0.548201600935056
1798,2.24077688984317
682,3.07028424184773
25988,1.37974255448326
253782,1.82765452673105
55304,1.10627949145895
55352,2.74057107654458
112858,2.01953062424896
8708,0.120785946840467
219982,0.0064279224007442
160364,0.330273909508517
669,2.38024311558687
10248,2.74846696150695
199857,1.43371581236612
8801,2.43038481503597
80765,0.616418793197699
27254,1.07575287326873
10231,1.65920941586385
3603,1.02815833801899
64137,0.0596654842894622
2783,3.06967452495574
220136,1.68900792469264
84331,2.24263472211481
79849,0.318550351800255
9854,1.78574966970757
9915,1.14855698703789
55970,2.505466978265
83886,1.07726289075617
51778,0.0422244019181622
171024,1.26842452969518
150353,0.191176484768874
10978,1.70919411675879
10022,0.141600615410859
143941,1.45907469085802
221421,0.699599684048166
150678,2.69921322017528
54676,2.24522516646647
55277,0.999166878703499
53342,0.56079797595634
10690,0.076750799447613
9338,2.34680433259709
7572,2.3517045197504
79694,1.62481691078077
142684,0.481803521088127
79919,1.21179821182703
189,0.0132175827499873
4299,2.07193986203604
134526,0.0438070313509447
9158,2.46729630689756
57571,0.696181730890102
284433,0.0227948798627598
54971,1.14218023829752
5499,2.69406382110564
3054,2.01516804886919
170370,0.0746579682411712
1521,1.36287268683633
348938,0.256973856290608
118430,1.19602346414889
54221,0.176501675312953
5139,0.715948666704302
10125,1.25605050787691
89857,0.692326379034071
118487,2.58513372761141
122704,2.3396511078662
10924,1.79521295275119
27289,2.10816174637963
5883,1.77534627933726
30008,2.12596531476397
121275,0.444410048669815
729092,0.109355807799742
253725,2.0295846461752
80194,2.14284677997897
64393,1.37121581605333
93550,1.44156679463726
387357,0.279621106332293
148203,1.28976309952305
91607,1.93379448480858
161142,0.0927476423604853
6363,2.57860225038466
57175,2.60929182175513
84750,1.00440679967108
55222,1.63796556731432
80198,1.92366426501869
29942,0.206237674414799
221468,0.241143907822274
390199,0.0086971754034013
169270,0.850514902274773
256076,0.0058079828238362
1072,2.97603979590141
23023,1.91299291923034
79612,1.41866249714383
90288,1.1862867167574
80011,2.25470310744749
339122,0.238344734117321
283985,0.0191397532419228
55871,0.939606119183503
3222,0.3032115173749
326624,1.32006241357148
167227,1.78506321393281
254122,0.292233142029438
6169,2.97229154941081
9420,1.17046372087527
5017,1.18074393096756
5916,2.10067880785519
283848,0.902817227868098
23491,0.312762941932412
54961,2.58262203871709
8824,1.68341997014397
57546,1.10684442908217
6670,2.02413661380426
3849,0.10090884072198
1657,1.46547333537825
254042,1.13997036708492
285268,1.68636166830322
51162,2.18896981785369
55191,1.82165244543047
1717,2.29046522186303
206338,0.116269135132515
26960,1.10710498364804
84153,1.91800738781968
26579,1.97702962941195
338692,2.15431761080461
116535,1.10357756466184
4615,2.40945156251725
9943,2.07095583257084
9390,0.0181216355189445
23133,1.94586911555872
253558,1.30502215083609
130,0.0719867467506061
541471,0.783742775191711
10524,1.45765403885099
344558,0.996241885411379
727936,1.86991084094181
60495,0.178854214978051
79877,2.45524116685247
10777,0.131170362808316
93624,2.06261341738578
257236,1.78935195455599
156,2.32794917105625
5970,2.45332201341467
132884,0.841722803892712
340252,1.89014682027536
283450,1.59999874064033
55731,2.22338109894571
54796,0.933894129198039
50514,0.0244143296379668
339403,0.139666044552042
10855,0.695847349417455
27235,1.75301000525014
160762,0.0248187083181388
3310,1.65067123882303
51504,3.06637919689523
54674,0.510012085963278
22992,2.26489987149489
142827,0.0193432301006561
203054,1.71951324271105
78988,2.5503826837571
64318,1.86760811375916
2101,1.8801768628549
29984,2.73998680044599
80070,0.0288518968796068
150684,2.31169684582824
65059,0.383121481613038
4580,2.12123189624776
111,1.32614187838943
54625,2.10416680807379
10800,0.89718740585793
165631,0.462530485160077
1163,2.12541412702387
225,0.173466894741469
22885,1.96249594524273
126868,0.140018125250146
260334,0.434336360861674
91749,0.707618140131805
81839,1.69239321637095
2745,1.69945197421682
9657,1.97461241782143
91683,1.61871203251898
2804,2.42028828014011
134391,0.0177140457770852
10655,0.367977499352665
158399,0.756654026367098
153770,0.285805890005605
144195,0.208828404743795
56834,2.27848115650794
6623,2.26940448896762
79812,2.02916927675812
653784,2.50696911455848
8658,1.66465293641332
203523,0.992196811219387
49854,1.26411258318481
79660,2.33907443869756
286042,1.18963881560102
56977,0.436265704546873
4296,2.08067970975281
10221,2.94290377543972
128822,2.75310122710617
10089,0.314743996142066
713,2.55968329600983
712,2.6002469410727
79625,0.517166357086503
4973,1.97909546033502
256710,0.455640573686505
1605,2.56678915964385
3642,0.798889718930825
1600,0.165147485552476
64801,2.54173112368243
51126,2.67145615645149
339834,0.38776052329144
6288,2.46871670816688
440574,1.39061237912776
254102,1.92459667501743
83591,0.804098785258147
79102,2.1784021960556
26472,2.71877718659878
10534,2.21531612448696
155465,3.26209967826101
6599,2.33270942964508
147687,1.37084070680438
5797,1.65197800743962
2286,0.209313235408644
7423,2.78075565092004
79834,1.08172437059589
8793,0.863091882310022
4485,1.63137562280326
8794,1.41968664401707
29925,1.65553373492891
92597,1.64596894939413
90441,2.26185841333471
1464,1.59254968814592
257364,1.87841881973267
339778,0.22941503241767
64859,0.754051940077825
165082,0.0992460334971177
126204,0.0152643844692303
1106,1.92770987507363
2829,0.190018894008408
29903,2.22755073425756
10803,0.0193432301006561
51134,1.33852215458767
27284,0.164976810024047
11163,1.77154320594856
5091,1.67997979705644
286205,0.777036988236095
64802,1.31115564264686
78999,1.24274034783219
100128327,0.0193432301006561
403314,0.111180730269128
6573,1.38352223156074
27129,0.898967466915429
9986,1.890507903
7388,2.84460807251658
80835,0.057723791780431
1964,2.24557299384403
100310812,0.0516758077965697
256643,1.31016338278499
5707,2.00148658574975
10149,0.116450284130402
56667,0.0752292615879394
26032,0.659969281123268
57493,2.03531071088333
124857,0.470737326403716
79703,1.82515322236977
9804,2.88702979824668
200159,0.346582745136319
3267,1.99050408867476
6777,2.07827010438919
924,0.982098585944977
1267,2.36692863312496
3728,3.01119105141336
9001,0.404027986709688
91646,0.1761650389354
100874114,0.240678064244852
10209,3.15177611963704
284131,1.74614996053505
57674,2.01423559749063
220359,1.02924970876457
81033,0.0258288102084853
162333,0.579828550451351
1263,2.13976991021452
10276,2.81796364626792
23333,2.03555950485876
55025,0.226574171312462
162466,0.335932056757271
163049,1.92125996056742
80012,1.71913915886556
26996,2.09377784354465
84733,1.03502053811714
6712,1.77062725568989
27333,2.04867478367993
83759,1.83092667623787
84833,2.82317046784041
3212,2.86045410019633
114897,1.83825482107117
115123,1.16240194937831
126074,1.71968083216604
353189,0.227048352498339
5936,1.59559447755709
128344,1.96394830474351
152002,1.7894726031948
165324,1.50169678717768
101928879,0.149293418032261
220416,0.194968321469421
8557,0.434457091377568
9973,2.40364070331999
375387,1.36230077010829
84984,1.47137316739256
80311,1.35086746298715
200933,1.65208298643284
220082,0.206561974091692
2787,1.44505302825825
253512,1.6050101288208
138724,0.0282481437700031
947,2.16749192645488
8722,2.33637447355771
253827,1.80386568592507
23592,1.67656981326869
283951,2.29455733287368
81793,0.609346287775577
7096,1.27286371515119
10333,1.07115317588797
345757,2.49527797381546
285704,1.18097279973917
152877,0.78885495978658
57495,0.0548027927666294
284613,1.00031212475943
254359,1.82965279620775
105370792,0.175996668205466
54931,2.31636224076038
6403,1.71140608595669
348180,1.49631937226315
23269,1.39485053570724
144577,1.25354815909084
392509,0.322338075676856
169166,0.0510881989588056
54872,1.81576908852251
10594,2.34594122848053
112,1.98874654764748
387849,0.132770028068318
5306,2.22569846048609
9416,2.50395564319579
7634,0.0366616595234452
741,2.25841671637086
57659,2.37027304921806
8711,1.73962325172675
23051,1.47642125311752
23612,2.56396958827823
162515,0.595370626588994
201232,1.41503698203359
148979,0.619975094736801
55584,0.0340664262320136
127435,2.31119432639358
128439,1.51077918707807
219833,0.491365270550372
9156,1.58530926717875
253959,1.53993480338219
3981,1.65197800743962
7201,0.0148554188895284
389524,1.34065686386579
137735,0.0390501905320824
488,2.38068895306898
55055,1.66510482896136
6124,3.12567270867581
10302,2.11345733698457
147323,0.057140405596366
402117,0.0308612972995617
400073,1.38911422795011
170261,0.0947954893080635
26047,2.08105183900178
442117,0.106244151498938
158038,0.0156731530012164
582,0.247021015259454
10260,1.34315054161999
9543,0.712694025697157
257144,1.28552481279839
400986,0.406788933251355
115019,0.0288518968796068
148808,0.856899801504429
246330,1.73535389191551
148014,0.20737214969269
283446,0.0873244225138922
388730,1.57130628060544
65003,2.26250135834907
53833,0.515654672881294
127845,2.45708915203981
442171,0.277103789523305
79647,2.43482995017315
266743,0.076750799447613
55167,1.98560581739264
162968,0.701592480405006
133022,1.53170016294364
1240,1.05798480688063
90806,1.99041073358291
7368,0.352391666129312
339855,0.0816766944344988
124152,1.79943293707467
6578,2.00886567483956
10781,2.02808354417509
125958,0.0217811482126814
3177,1.65365476400193
9024,1.19994480883769
11041,2.34894952952037
153339,2.52231650801445
3952,1.01424402985094
285590,2.07355805542171
55196,2.15400976913655
51574,2.24502155352849
143282,0.487667883891839
9975,1.89506238728955
140886,0.875171240580488
25855,2.49031695302547
6138,2.97590253923837
132720,1.8827690849891
3265,2.51812798764055
151790,0.154842971653662
6731,2.33801450622647
126006,1.94851518631841
9610,1.27611316338188
152816,0.101646795135895
152815,1.56425426640031
9662,1.30221896362471
8322,1.87308069971745
57124,2.40007660857463
685,0.438910413659273
5174,2.76380913433713
2015,0.402643704855656
201627,1.99247258994692
201626,1.72926788437135
11146,1.69071754635282
201625,0.137550372755663
10897,2.57330964204794
254263,1.62836866945446
277,0.0459782976541651
171389,0.225466649734865
126328,1.21510811863154
51319,1.78047328838632
257062,0.0386525717956126
81876,2.61002873305123
81490,1.81043907921709
125988,2.59423579791018
285315,0.937880764154781
26470,2.63420160995818
253982,1.64987331448057
253980,2.0387201925527
9934,0.643561948290875
155185,1.49326176440222
29909,0.580421287233424
388611,0.962217183300129
2523,1.51312433040398
170506,1.85358831424435
26259,1.71590103366645
653808,0.0175101773978301
64837,2.08181065049289
6580,0.153805305216018
1488,1.90467569590711
9435,1.10797265246798
79683,1.10792929991913
545,1.24759658645244
125144,2.26273201693278
11065,2.60069500519995
147409,0.0115765804481612
256356,1.48576777982817
80124,1.7038290851214
1674,0.180697848393311
149420,1.80556882501837
92369,0.20493916231437
7189,1.42090316682004
55279,1.55471589347581
201158,0.659352176205487
56945,1.68455153884078
55690,2.26348522063035
65108,3.04669332054063
80851,2.04742048251787
200197,0.353601930094877
388403,1.48307253697892
253559,0.155706684763122
28,0.711796242343262
5708,2.64767667635247
22843,0.361222764002226
131408,1.53785105625276
1466,1.27975745662096
3626,0.237877243663263
55486,1.92153047550896
1649,2.41123836428809
5095,1.34880210376823
10540,2.2120121715367
4878,0.321778100846563
79797,1.8703264852618
10106,2.60266626750669
9793,2.37975759972518
392,2.59697691088279
10025,2.35039548120399
9776,2.14563453415188
89792,0.0150599263207783
148345,0.52510465189926
8534,1.21467751305054
23015,1.12324509968279
146177,0.194310153638863
9537,2.48033392146916
378708,1.10779922277547
22845,2.18334279752869
254295,2.44232476517992
117144,0.308785584733161
642460,0.0248187083181388
9134,1.08448432814151
85007,1.80666534227816
257629,0.0126025784990239
1474,2.39692298922009
196996,1.72480641463751
162655,0.406788933251355
27257,1.91656844608649
8815,2.94814067633654
319,0.950084308579779
1139,0.0179178651438874
56674,2.58928139721365
56675,1.01743713744913
5771,1.62159028665241
57758,2.99328190160148
84285,2.2078598191598
4087,1.48021141963948
8665,2.20660057344065
219749,1.73120556458459
285598,0.674529732680851
1212,2.72686569966813
5122,0.124202215877155
4023,2.16862218851557
317671,0.436265704546873
64770,1.91682606850654
374403,1.16789333924561
9092,2.3510566133127
55844,1.87243432044818
79772,1.1864755703291
57804,1.63887723255763
126364,1.2440010056066
23529,2.07898200435441
645529,0.0754196057556881
254187,0.168893293658576
390212,0.0376577034343075
143630,0.361222764002226
50613,0.0225922306114602
387787,1.07863226476428
10008,0.732148566395497
57010,1.90666187978493
144245,0.986211265315
10589,2.82837311817936
79836,0.304501394118264
7352,0.491923852706397
7351,2.87919443861309
83638,2.47519583373085
80227,1.63779539445088
51642,1.76972083041147
5870,2.59403964085956
5029,1.25897197568276
8061,1.33700836537828
2072,1.06516586630448
79783,1.20770552245219
11007,2.44117550981599
54968,1.9660350626193
100128782,0.418842604688001
6199,1.89558885461941
116028,1.82911420716796
146691,1.94233069411299
58492,1.52881946768718
165829,0.124022765722675
205251,2.01468020567899
126695,2.31902721695691
146712,0.993513109244656
22877,1.56114474245411
283171,0.0600532833173621
7025,1.42381092101637
400360,0.0687315852068485
54998,2.79381443511794
158135,0.853287314585905
253314,0.662783308566702
401505,0.292960175240493
151009,0.415011418263526
646383,0.499920396946577
400359,0.0256268862991105
55508,1.07712577711759
145270,0.869994914746534
169841,0.548511483131424
8607,2.17459478214485
2810,2.78213970912697
4482,1.53365617120106
23399,2.28918184211705
2118,1.95417197604439
375757,2.09263769658972
202309,1.46640607652184
10458,1.82710331897396
200407,0.0675796689626678
135886,1.8798593879116
3234,1.30526520969015
388474,0.76823880373688
340481,1.40949988777773
54084,0.01219232802879
79666,2.63310032999193
2,2.94465788735568
379,2.56197456363999
285489,2.35878036334733
57633,1.63641620621082
63893,2.09694137014941
93129,2.27934476247547
340359,0.726738600424437
285759,0.113910566782623
84747,1.51634048968685
163259,0.356284569791138
400224,1.1806676206255
84617,2.20393103291623
116068,1.81834747288245
126792,2.22724272210976
79898,1.36642617846931
56673,0.13631370066278
344805,0.0693069482704467
26471,1.19423864359497
9832,0.0408371562480633
54028,1.518339784988
153364,0.948784213827512
286262,2.10487904805234
23630,0.0366616595234452
257101,0.820936837574894
113829,2.51481406951963
55057,0.367449874460846
9807,2.11524991543648
8636,2.66163490831469
1479,1.96360537811492
7525,2.19443459547458
79643,2.08165378377049
10301,0.285952552552341
402682,1.20215225539197
4161,0.0826206497668653
55254,1.79199833831735
55346,1.24260388609869
2877,0.442621158228576
284001,1.92303087614218
124535,0.0264342928541542
8877,1.75537961969853
664,1.97471662036456
150350,0.101462368225262
339344,1.75518957759919
1149,1.37129616117912
80059,0.0101380977223869
79915,1.25913749703847
114926,2.00539283262177
342908,0.762130907040295
25914,0.8175343119302
221060,0.224199023174686
414149,1.35214722258228
29882,1.97294135479335
339487,2.02299342728788
159371,0.774067666128032
7694,1.3253821109749
1351,2.96242960058166
255061,0.483047980810696
54993,0.820313219971901
79369,0.325828753132641
246184,1.80626502250757
3291,1.13824564331951
51379,1.80628610145521
6051,2.71318744971541
163126,2.16414978655154
63951,0.0933066477599419
126272,0.836335166437484
349149,1.89896898160875
9699,0.0195466581122431
56888,2.03363595622071
84277,2.19434695067062
283377,1.17224829147687
155382,1.91041690112312
161198,2.27903044551403
161176,0.658116305211149
1196,2.47435384516454
254531,1.75453566951055
28232,1.68866244744348
284346,0.933778191666753
79446,1.78165892174704
112869,2.20144975462053
11145,2.4443255177469
148252,1.62510333653055
653583,1.84827657416315
222171,2.56601443147025
2788,1.60083773341594
205717,1.43031655145806
124817,1.22769723686935
138009,0.0166942133416963
100128398,0.676511067623234
9920,0.698850874047932
84002,0.660409731996285
80122,0.0588893471988714
84823,2.23730934201335
51115,1.98621309380369
51320,1.84157079168247
220441,1.94270029658182
4642,2.23602635144883
2300,0.269652753139376
9884,0.259707993057068
2303,0.769663397208521
627,0.11318349351592
79635,1.25036190079342
197322,1.08086204364298
666,2.32446259587672
283933,0.762358132318504
401466,1.78827557000308
375189,1.23327843182846
8851,0.770037780756817
644809,0.461483627233382
256536,0.0799748722352531
344148,1.00980643280555
80230,2.3435251745698
10409,2.15821077917824
374819,1.48003879021452
54621,1.7779343767593
284424,0.0217811482126814
10265,2.52485737304132
284207,2.24342781233817
157769,2.00984307161488
343326,0.461017880034522
55884,2.23025200825889
2902,0.191672086234452
6664,0.247175088598107
7298,1.4287398782495
5827,0.82569807776644
170082,0.732861333732337
9240,2.52413330198469
56892,3.09635903880697
284358,1.57278601284535
23141,1.8067600991624
733,1.02915057556679
2524,1.93960456142408
374786,0.0687315852068485
51301,0.924844235019596
200958,1.10810269062343
51078,2.5793320912331
84901,2.18993230288228
4062,0.580618756009607
387758,1.89899422565809
23625,1.48670549860541
6470,1.51223612866485
29952,2.72306525526389
107984399,0.0260306859239784
9632,1.90903238217257
158521,0.046963386855558
140775,1.3609365197997
4524,1.66488622779806
147685,1.41397873726292
10522,2.1516191642006
345778,1.68152763646295
283232,1.78058528146994
147912,1.42012492969396
3467,0.0280467968559265
23403,2.19744292055244
54503,1.63961758628369
153129,1.02267141037905
340485,1.27656203942263
84942,0.790090508458654
5426,1.73962325172675
150368,2.04255839114058
6330,1.27873698634268
57453,0.684379504365769
391,2.57917941365045
64787,2.41313564925127
283576,0.094423529467826
100129827,0.291214156259153
196527,2.22662585902575
403341,1.29141789427035
124903827,0.0931203544834532
125228,1.41579853348237
6888,2.78355910657702
8408,2.03776771462812
284716,0.264093140907162
157807,0.029254159459327
6197,1.52913172785623
374907,1.23935286799689
80324,1.6727184619072
80205,1.48197738508351
171169,0.396192221785501
391195,0.0132175827499873
347862,2.17304228970442
404216,0.240367349781293
493829,0.0750388739578922
11253,2.03158283917031
3738,0.197267676699121
8325,1.94922769101452
162517,0.772279640061684
3737,0.0203598820990786
7156,1.57037684749486
57513,2.14386064247758
253461,1.79529949673335
286122,0.88401965114755
79857,0.102752494025378
64925,2.33676477308917
144203,0.0374585887741673
221091,1.02721418424116
124871,0.0097266548872287
29928,1.90261292538572
3090,1.24017600407635
8541,1.38184580469731
64110,2.68234237773606
89766,0.0370602183099194
100049716,1.55278871032845
219285,2.11290102351591
441951,1.53365617120106
5074,1.79568872598121
7050,2.35139615752112
125170,1.94076547313911
266812,1.88389744971722
100131759,0.0893856781967923
167359,0.270550619446084
930,0.447144668733857
203111,0.190018894008408
343172,0.0438070313509447
7182,1.49906739601136
2828,1.66663207747945
122970,2.43296622477259
284119,2.84575582500113
10425,2.14509978792976
375316,0.23631695103294
10009,1.78400923458342
79413,0.158292338591208
79191,2.57338647285025
127623,0.0254249141756302
79751,2.08943643502347
79874,2.25296872402033
4808,0.0144462560950847
102724659,0.207857862197957
475,2.21691160116186
79718,2.41999316373749
401474,1.48657773340367
9332,1.29930879800863
497661,0.42973404933895
55367,1.86013068844926
126069,1.03398885001018
6181,3.35054076457941
83903,0.3482082744348
3725,3.16265662384979
23283,2.22446147307
79605,0.262281556301114
121273,0.135606191401068
2629,2.57998942510442
255082,0.696682994784311
28976,2.13461205969076
23765,1.31852414001024
57104,2.67555566940025
619373,0.124381626856512
57085,2.71184842758573
283316,1.054289972542
222183,0.759169873699816
168451,1.90232095347255
283229,2.33788331502863
387082,0.312195995237189
139422,0.0278454019696254
54943,1.06990505366594
254827,1.14892037720668
977,2.87954852141289
100129540,0.0561671921294347
5441,3.0837139555698
56975,1.94984266959297
25945,0.394538859946623
83650,0.0398448655326076
389289,1.01647592314976
9772,2.14127620383263
2314,2.43433601148512
6666,2.21332027079205
10949,2.42833977952386
648987,1.07556957620758
400728,0.222293796243955
105373159,1.48171934711309
58529,0.999010540599162
677790,0.025020825205399
3766,0.287564027265202
66005,2.35919048677825
56127,0.434577802329528
253639,1.10383959292924
9849,1.72953261964936
8269,2.16944191402225
374969,1.98220089819848
285267,1.22769723686935
387856,0.766886353432064
1176,2.54161996348882
2885,2.6301388595414
360023,2.0439391354809
7334,2.40159495279269
151188,1.6157345352434
30832,0.614445681934327
93661,0.0499117462968908
158056,0.996660608082942
113746,0.0177140457770852
51272,2.42807274742974
6232,3.39071103740427
60626,2.46299576808843
55272,2.14770018153537
140461,2.091218945566
440836,1.9347033934759
283417,0.360024517260745
129852,0.731355713135517
285601,0.0520673186640733
388886,1.8365819364053
55929,2.08005515253426
92949,0.742761226769922
254228,0.743073121494825
3615,2.76283873158815
259173,1.31890912831996
4291,2.09331714683587
25915,2.7118795829984
205327,1.81832699056875
54762,1.24671684223512
55620,2.50339390164827
83983,1.14519473704927
51027,2.44187835086608
9659,1.80220885370723
1662,1.82803493595051
727909,0.0740862832627668
286187,0.35292979754608
4729,0.662871061757072
55152,2.24613990328982
163071,0.277103789523305
85460,1.21331171284931
404203,0.164635351283272
167465,0.231303322713205
254251,0.76673591043888
84552,1.704056157507
285676,0.362286295155408
25970,2.23732614683442
340152,0.513164325750304
57191,0.878282247167268
143888,2.34218203659533
5339,2.45562929029714
387694,0.10183118094478
285498,0.471082088789575
146547,0.978227669797478
125919,1.28520952860147
441151,0.0199533676763937
63917,1.84197738050697
388882,0.129210969736922
11180,2.49094035501283
348654,1.28442050652889
360200,0.372316506026384
282679,0.827208824402563
8834,2.4490902215227
117608,1.37463280831515
26251,0.118620969890508
152573,0.15155248342787
810,0.3433213143432
51806,2.35622427698004
90637,2.10170497236031
389072,0.701758282812642
7766,0.123663747828285
3350,0.011781879253164
164127,0.232873481118325
84792,2.29287483979571
79962,1.58605394686113
100653515,0.146329784130774
57673,0.610766512926124
284241,0.0481439722271771
221294,1.82561644138634
439992,0.678400905715025
113218477,0.252395807572227
2731,0.0364623094604789
84987,2.41355222515598
157777,0.413150565167896
79861,1.02477236048446
284393,1.77865489417015
54681,2.27022197910217
196403,2.38433985743712
55175,0.523502565340831
404217,2.59630222928998
788,2.23083834397633
767,0.801463763992318
940,0.503886009678738
9852,2.17490123035731
2066,1.64340844637129
4094,1.59410008120272
56998,1.96398400891031
150681,0.180195456254561
8225,2.09969453823424
2081,1.62589802849663
2859,0.663923227635331
80034,0.254840736075145
349075,1.09835605974941
84875,2.34373187174976
284254,0.0740862832627668
23512,2.08533287165201
63899,1.32922810009474
115207,2.29561404418137
200895,1.60656930058124
441876,0.650028700421964
54913,1.39410818670509
2907,3.04572483969438
285668,0.0148554188895284
392305,0.32135785334959
7056,2.00087058140715
2814,0.0154687933557568
729420,0.0459782976541651
9377,2.79128322656602
415117,1.08493553902226
151176,0.128140234471237
57184,1.27095642272527
22882,2.0444310256169
1370,0.249943291111367
27132,0.89466215207798
389336,1.04364589270642
124599,0.598553890013179
220032,0.0338664618273812
284485,0.452466019754302
4351,1.87070561733592
646023,0.06565627325421
375593,0.057723791780431
26873,1.66533788683048
339456,1.69372102591669
135932,1.1640156772727
124989,0.590909224139139
9242,1.61974319486241
81575,2.10971452971358
144347,0.783596126989094
54512,2.2933097667963
147991,1.82207896246975
6879,2.80148430042608
285346,0.623977614661637
5198,1.38344377111384
79415,2.36117564858094
284355,0.0262325134658017
653499,0.0795962166369358
79818,2.70698202123348
399668,0.954865356179936
2580,2.08471101342984
51341,2.26888488726824
7284,2.98958324928757
127254,1.04750366031286
80010,1.60922767708628
80169,1.5551225673504
55030,2.26030211123646
284029,1.16804945391281
6415,2.7305612298302
27335,2.75233381624724
114932,2.77318221093876
112574,1.81638687950509
161829,0.0296562306312831
9212,1.72527751897776
317761,0.0314631865193807
93621,3.02469922508936
285237,2.01578633262241
127707,1.98876664100886
84314,1.49871435123401
23212,2.18355516891641
283849,1.35359013138106
205860,0.0179178651438874
55920,2.6172682394887
283284,0.405158690009232
375759,0.362551946470696
124904701,0.175828262431046
220388,0.259859611964358
286499,0.106977361309365
54344,2.68794560706725
374470,0.0548027927666294
1537,2.75539937917592
5187,1.67885072624259
3355,0.286099187594734
160335,0.925608336361061
84667,0.0288518968796068
2193,2.52290899305917
144108,1.90397820192172
442326,0.45352571816702
256815,0.242074774784915
55095,2.29091193552858
284034,0.0115765804481612
168537,2.07103120636092
59344,0.565149683219333
80153,1.92753755868865
285343,1.53543096865689
100132673,0.137020599151987
2517,2.70269257739286
222659,0.100170227649574
199720,0.515330329795808
128218,2.29503807858944
144348,2.55648728535758
811,3.21912042763324
197196,0.130102183141896
9500,2.75598423312358
100506127,0.641302345114946
143458,2.50037523540679
1002,0.0428182367483027
440087,0.0986910213962365
5886,2.62413463263261
388939,0.0358639763576893
90480,2.55612006921953
199699,0.278585543095568
256472,0.0213753154909553
5781,2.37065958770325
79730,1.11482466787154
203430,0.0406387916047836
727866,0.0244143296379668
23302,0.279325370744648
54734,0.250557133854143
1198,1.68819216856177
3119,2.33850661287822
2624,1.37649194646654
10620,0.864711445883549
203562,0.310208411430338
23241,1.983615351368
255520,2.12399753773291
1960,2.66857115209678
257044,0.66093790135437
2262,0.0602471155158791
64856,2.49228505339622
285908,1.50850409759899
50628,1.39892697210229
101060301,0.0314631865193807
541472,0.243469028961017
24147,1.87929437475276
100130264,0.215909987982621
54813,1.46720417203332
7681,0.332763094120654
10472,2.57243818002768
135924,0.051479983874231
122525,1.40999673571889
242,0.076750799447613
246213,0.0254249141756302
645212,1.5114474955852
81858,2.6225304133619
85474,1.38885548265799
144132,0.692662495908074
139065,0.54892445099598
3352,0.318550351800255
79571,1.99835086787797
132228,0.203638544304087
401967,0.0505001786277436
146310,0.105877302441966
4261,0.781171700976261
161882,1.06217265837105
247,2.5964572703251
201164,1.14042122072955
2918,0.0677717653179942
23580,2.39414530959237
400126,0.669333902712413
100128927,2.17664206697001
144811,1.42675005655408
84232,2.66254102812054
2205,1.66450706801823
80117,0.0814877748095437
340390,0.210443366795549
126205,0.0138321417599086
91523,1.97969934932448
729614,1.20336262613928
9582,1.28835405887599
51268,0.60735312790469
2307,1.71731578771946
220202,0.10238409192168
1003,2.15220006107461
116135,0.0183253569229505
9431,0.192002317835344
91663,2.49417909352778
117195,0.232873481118325
727957,1.68924269644869
9792,2.03323099540839
644997,0.058501008843608
9495,0.981991391924135
284353,0.353736285781017
126326,1.22902791350237
284023,1.36279102305971
163732,3.02300170813915
154664,0.0199533676763937
204801,0.0252228938178094
84948,1.33554756307299
23042,2.60556337028745
127003,1.08040767623114
7710,0.968441594000955
22864,2.00509129898285
10331,0.97166654567556
9378,0.018529029376588
22928,2.88108693607358
151306,0.290339679910652
147808,1.64391253945145
127665,1.06842235672933
55017,2.47732035402863
1237,0.167703320633072
29075,0.190018894008408
79738,1.88247992865291
84922,1.6576864442082
22827,2.558330577275
284297,1.76730199249564
79077,2.24925553386449
51333,1.02746279035627
10194,1.62379706081002
118672,1.00883293431951
122809,1.82143902365018
284273,1.91399924359879
197407,1.97470272831158
284418,0.0166942133416963
401097,1.00682975909211
284417,0.41834935757595
170393,0.598746353342536
253650,0.289902074182013
255043,0.986530569013731
4994,0.0639214260144302
1731,1.15629918295417
54952,1.79147474573438
11336,1.88773132615703
221400,0.0923747627007558
100132116,1.15121646981506
100128413,0.0666185243177208
66004,1.15029109231711
7054,0.212859717645121
9282,1.83297856314582
81889,2.35782366400413
157695,0.931105636554658
1104,2.30902486624746
29895,0.328054533004933
2147,0.140018125250146
646949,1.37484562086151
196472,0.136136880643432
8575,1.42010059045903
651144,0.083940390516352
223082,2.37571873047331
10692,0.121686341935808
125893,1.61060862416178
55785,1.53792768456764
347088,0.0195466581122431
124274,0.18919102391088
200150,0.0394476217259577
4947,2.24906733108526
285848,0.0696903035798559
8092,0.0790279102152443
124808,2.26449408413623
284071,0.0617961599388916
2535,1.70219608230881
166815,1.5202712299304
223075,0.0225922306114602
3059,1.90278800672192
222166,1.92906230547382
23060,1.88681311272348
5062,2.4732397151986
285331,1.4537091057818
90411,2.27272292210071
283860,0.0138321417599086
283254,1.42561979480862
54494,1.72629439492254
1582,0.051284114267885
2619,1.91974486568903
23526,1.94806177601775
51276,0.950479446310111
144321,0.760538146652979
374986,1.50383946587013
3753,0.0288518968796068
414235,0.171775977135072
8204,2.03702522267899
201516,0.0475538868142473
168620,0.39428417481785
221687,0.101277900196796
401563,0.246712778585597
85453,1.84509096303866
2529,0.254993293101234
8334,2.64880203902209
255308,0.482482579229991
387640,0.2349100619558
8347,1.40322278960637
151963,1.21064228489755
6752,0.728334297349669
84622,1.23258387676355
84333,1.78860536513287
146802,0.0322650387162132
5551,0.808631690092109
4081,0.658204655273234
319145,0.184205870750288
55432,0.969098894613042
644548,0.0274424681999785
169200,1.30117925617357
152065,0.025020825205399
728175,0.431069221431126
1132,0.276510303094256
387914,1.73818006565809
53637,0.819480796210141
119467,0.133125085756639
100271836,0.388017416081614
80045,1.4371157527962
166012,0.267853937799064
404201,0.583967327328942
120103,1.08987597151401
253832,2.25123176983557
374860,0.257278117661967
143503,0.636943156737057
124961,1.30550815750032
79642,1.33786576400714
3225,1.97500823844304
389840,0.0099324012091867
5464,2.56158140542936
3226,2.39275230052388
389362,1.26832691180387
27319,0.60811309483746
79929,0.0671953437318986
255193,0.114636999340892
10224,1.59063441680057
439927,0.0189362275154237
3579,0.170081522887999
64388,2.33620279020032
160298,0.172114443173016
6748,2.71754096232764
84698,0.905249337352445
126375,1.03727420489571
404093,2.4483970365868
23513,2.3116511943499
23510,2.27099187223236
728294,1.85940785194835
5021,1.25254398621764
55783,1.35139644040259
286077,2.54215137393417
118442,0.0505001786277436
137209,0.392881868914514
400410,0.946970817961571
23760,2.01260299668573
90843,2.72410946754701
255252,1.52257089875503
64928,2.81806863536267
283554,0.974820344910391
92346,0.0614091674392234
79473,0.0422244019181622
166379,1.40004230779524
284406,0.953463013034678
390075,0.0195466581122431
286006,0.370215834842969
1728,2.45363419907429
64782,1.87908229211556
79147,1.622631027517
126003,0.242384821057927
9501,1.17706928280455
284439,1.55064855890106
343413,0.642026220072679
124512,2.21768519005099
284129,1.99430563647111
25994,2.39618305535492
225689,0.960054191176478
79813,1.37497858411983
9370,2.13344005439849
2149,2.29669547550841
107985579,0.0223895328412295
286075,1.42761407740007
94025,0.100724249243411
4869,2.83070795386546
64219,2.09142268986234
55526,2.38109960011152
5179,0.0473570995805846
389197,0.0053944386314874
92815,1.88540577004486
155061,1.61869590229415
5430,2.49464439146232
92293,0.750592276753228
284427,0.231931758133455
219902,1.2916672306963
23401,1.9379826779648
284114,1.08574684109636
124842,0.37074154671332
79692,1.13992936272471
347736,0.20119418856018
374768,0.0524586470199822
341208,0.0899469520555108
388341,0.635757816233809
6357,0.411907427092843
255101,0.555908693274261
91351,1.4080064206731
163183,2.14373296700001
79701,1.90137685037009
100287171,1.52503677622486
2837,0.0727508259833435
9625,1.47713820643101
23109,0.0422244019181622
168544,2.28052227232236
6657,0.103120732107382
339500,1.45625195954822
55076,1.22134994328052
5912,1.83412400207777
57621,2.26725357214737
84282,2.58708350090288
219874,0.0491265280900879
79777,2.17766722218896
6448,2.138963045728
377381,1.85694251052961
10586,0.0213753154909553
2187,0.652438223159716
64184,0.162925900453821
29072,2.13562709531099
10876,0.057140405596366
221416,0.2165506698612
259236,0.41215621951155
399664,2.15910994111836
51649,2.21033179271107
390067,0.173635792485085
260436,1.06670331474128
64582,0.664536248387696
79008,0.0221867865316464
53829,1.19920704284723
9966,0.504544849584279
286128,1.2481034863183
7262,2.52697224169717
285973,0.632281334656783
54112,0.196118820927005
284459,2.08840586934837
5324,0.136136880643432
286451,2.1411520316314
26137,0.207695990740422
205428,1.56001225029627
90355,1.96233105028304
57463,1.19420139902949
2827,1.10762574107469
169693,0.0831865093464727
284451,0.293831721700902
6478,3.08464653571329
22820,2.93972073144031
575,0.883203196399178
151477,0.685484075560911
414196,0.0848817820027076
285195,1.03122892548565
84967,2.51455608625974
768211,2.12989620580375
64864,1.45003084571105
55343,1.84873374124367
201633,0.570877539081981
10193,2.09827308894951
6517,0.607448168799439
200205,0.726818475352794
1366,2.50094860766978
79673,1.67477662592264
94039,1.35978777099625
134553,1.97197722170163
100996455,0.260617269397896
84890,1.9705194928546
51287,2.5261254839374
5571,2.37177186364681
64785,1.39220901886177
91050,1.94532277799928
64963,1.62136581884699
6635,2.65609696166972
219790,1.01276846493056
55228,2.14203802585089
51363,2.27581682010121
124590,0.285365737248928
3418,2.89288234749509
374308,0.68429446324841
389090,0.036063467897197
91304,2.4240032534454
7485,1.64158601276757
84629,2.53197775314029
220382,0.220702623497971
161291,2.59537851690474
28955,0.416620430339446
55505,2.96887076135193
375061,1.18666436020059
30820,0.163097007540298
11022,1.61391269899087
7562,1.39161729794029
9798,2.25261884062072
375748,0.882385687515097
64975,2.76813066722188
64764,2.31418718531523
286530,0.897556107517406
11257,1.70890363181533
8633,1.10762574107469
283989,2.37827472576474
56963,0.621746480535767
401036,0.0099324012091867
7318,2.35562066446011
51021,2.5523315497377
348378,0.585145403469866
5890,1.24311544196187
23641,2.08744446764071
51329,0.14528122128287
2131,1.73183283884578
6472,2.301626201331
81532,1.88970792858531
84439,0.715867491674188
10159,2.37876472002443
124637,0.0272409292764164
25825,1.47548547282149
7325,1.60414535240604
23336,1.33795142679968
55137,0.454936293324108
284359,0.0771307503330335
338707,2.11896902847686
8905,1.89836264890821
65265,2.12050895135234
285429,0.0782695646180464
147650,1.05949397574489
342945,1.01246272308578
3770,0.445362364206307
26233,1.94925735065499
716,2.6128803825923
388323,0.416496782737414
100652824,0.0979504261429475
8513,0.0675796689626678
120066,0.203963896563133
143879,1.33994626034358
54059,2.06374619200259
157693,0.0422244019181622
2055,1.21568173824387
339059,0.0242120678044732
55344,1.33866473947641
11247,0.552219647880735
100271300,0.215268792123166
785,0.0886367224100169
122553,1.14446294698759
161779,0.640487081264804
9426,0.0225922306114602
55666,2.27684272671114
400629,0.0280467968559265
128553,0.946459839274306
147968,0.56585559208281
23265,2.01121606475837
3838,2.41485475622174
653440,0.873195152833015
402415,0.750438095853752
633,3.26897957721224
79598,1.32429901196942
340596,0.905795266168752
2242,1.40072551255769
51218,2.55431067890813
90736,1.86210733865929
859,0.0809207585101274
439921,1.95671184864882
3985,2.04396229776807
84975,2.44239025473448
338879,0.271746180687016
55256,2.29234817658255
201965,1.93103186497209
201305,0.456109721644382
339390,0.0314631865193807
6304,1.36292712220859
286453,0.158808484775876
11248,2.14572212061601
1436,1.92994320027954
2049,2.22169602074207
255324,0.219108271980465
114042,0.0461754078434364
389084,0.764399662635129
22906,2.20014804313448
83882,1.2036190329291
285659,0.0113712320035829
23236,0.609346287775577
348235,2.53950732312412
51289,0.0215782561623971
4692,2.05706477117537
100506380,1.09787101935292
50863,1.55353085949524
7267,2.3193132329281
9312,0.043016088629042
116729,0.171437369631719
283870,1.18249620969114
8811,0.076750799447613
492311,1.74147877916282
25987,2.60683283146233
302,2.76920499687749
9628,0.171945227830741
3214,2.40975303782616
340146,0.0232000328901817
164091,1.89206887662621
5069,0.227522251558552
389692,0.0565566131007352
51335,1.91251321229656
2894,0.566057151869953
6218,1.10875244321684
338442,1.01980828546119
55231,1.18632449256958
79098,0.603349746999323
645864,0.210604684000817
1397,2.88834316000598
55794,1.71747126287932
64746,2.39624066909036
29035,1.77764131906505
345557,0.223723143034567
284013,1.19746943496661
79087,1.32041676475559
3932,1.10527863388873
50614,0.051871586053616
80781,2.35127510292469
8241,2.44875249291599
100506504,1.42465586961589
222487,0.222611650317663
100128355,0.113910566782623
2747,0.892126741322647
6165,3.08548843029399
6000,0.155706684763122
83733,0.299617262155836
170960,1.88940645246986
56849,1.32876341300651
28970,1.45983970660978
80254,1.66193203859582
280664,0.15898046074352
6734,2.71802557659467
2130,2.38459626550771
161753,0.990824823927722
10473,2.56371600920091
221178,1.64809175556721
10052,1.12606675301256
25904,1.96891528372935
9112,2.23796746616741
389114,1.29604280595415
23705,1.60527589005018
162967,1.63992571307015
144608,1.01322678648369
5831,2.58440691752924
84316,2.46058810359369
124976,1.64634874897073
199675,0.269203435031164
161,2.05515355744741
6546,0.436867600635079
89874,1.19405239589804
92736,0.0181216355189445
5121,0.241143907822274
18,2.55361131020261
1468,1.92413074349555
57118,1.36861123497045
145748,1.17791351590023
164684,0.284043790811643
150084,0.462879108050634
125061,2.18107335929831
2621,2.38677363617892
166752,0.015877463426456
4703,0.130102183141896
57596,0.679686444569778
10082,0.92177842544675
389337,1.74894318911359
163933,0.690221879690245
64478,0.011781879253164
11251,0.0733234266047182
285753,0.707700312277421
53820,1.47594270384841
2842,0.983543861040855
125111,0.640487081264804
102723701,0.22941503241767
5877,2.03856161414375
338773,2.27807677211218
2188,2.03355857096141
83698,0.0324653828330247
643015,0.473376384576371
91689,2.49353717270497
126567,0.519320446782738
4166,0.203313060051116
3327,0.535590132315071
10856,2.61552226728803
390637,1.06716841631069
29119,0.119523735885593
51352,0.0195466581122431
80164,2.18234606768423
84536,1.47312727648897
754,3.00555254704859
51428,2.42481062642715
5343,0.344545976070593
9802,2.72923774310326
147372,0.286831950557591
9403,2.83409999716406
730029,0.428396483612593
120065,0.0501079362162316
27439,0.226890323464877
9831,1.83757082970625
284656,0.697934538767187
202243,1.96464751042209
54880,2.0527520550726
8690,1.5338880392752
219621,0.732465445425232
163351,0.130458397610706
158358,1.69303708267372
341277,0.188196455857058
646658,0.197595619879946
2275,2.2485606066752
440955,0.172283623174845
100128569,1.10379592977857
126075,2.03738486656469
54101,1.04093046713021
345193,0.37113559236768
9284,0.955033422917114
10946,2.39359591019077
51270,0.592852432959605
391712,0.333039174419324
389537,0.392498969506788
2903,0.0404403802309502
339039,0.512947369049581
728340,0.623513382995225
140460,1.72931832249357
646892,0.0733234266047182
11219,0.488117048898151
29933,1.70128326519653
4600,1.22755697813285
57634,1.6136192327143
84206,0.772876186794897
54855,2.12633538522382
493753,2.29260734356787
51118,2.16578760590965
8624,2.20155800891588
253143,1.4782225141705
378832,0.031262604438497
54988,0.41587823853973
253190,1.35981515172416
54039,0.127068100716179
145814,0.0332662841654657
84193,2.44682454591927
388121,1.18617337402253
84133,1.28668975538237
23194,1.86818047410533
128989,0.76175202513942
653604,0.207048177724133
119559,2.34591950019845
84734,1.9550350463347
116541,2.55187361728964
220929,1.3812157322955
56941,2.57923142186815
1232,0.154670119035868
8214,0.0812988122919001
24150,0.0181216355189445
94137,0.0302589788495971
399949,0.293831721700902
348327,0.877204644853122
4707,2.6760807662594
64410,1.16824453650852
55039,2.18851276566509
5678,0.40490756942491
2825,0.54416089380649
353500,1.32584978976301
10189,2.58709641081359
359845,1.84497570643559
80258,1.13386947855071
9241,0.288880039565164
7378,1.40478052769894
4978,0.0493229014588557
84851,1.38234406493444
10186,2.20964347521944
146223,1.37121581605333
23585,2.80595485825235
344018,0.260011201718364
430,0.736020049338238
29110,1.43174561494502
23466,1.7661801019955
346389,1.83016082494003
123876,0.0134224851965348
10607,2.17673830331774
390928,0.10219982932161
83999,1.31136588361132
10293,1.40530706950179
11200,1.43908846035587
150209,0.737672430579906
57528,0.041431969987866
10317,0.073704942137793
80139,2.92695966200078
148641,0.270401046286159
386617,0.0396462670429822
157983,0.617824758553771
51807,0.151899477025274
100288332,1.07465223037089
90187,0.0144462560950847
283298,1.68085287357667
221303,0.958942002811088
389677,1.45236432300818
1233,0.537794837755071
286826,1.40942531863365
114781,1.57746195334206
256281,2.12590051312461
339416,0.100724249243411
89876,1.12011246468249
29944,0.083940390516352
2863,1.46176949856407
54097,1.67050689060986
100129543,0.554476325393124
55243,1.8170140351202
128239,2.09632894728771
10766,2.41257803439103
6331,0.0481439722271771
340075,1.14152635359535
149563,2.04917760973271
131675794,0.0606346453732357
130502,1.69135009688686
219527,0.377152189604927
146754,0.203313060051116
4068,0.491588754660996
100288072,0.281540670997815
5613,0.999271081658754
387893,2.00667329488787
131096,0.0860100466169922
6525,1.74882264211858
283869,0.161555744857729
151649,0.309639593750988
28958,2.7577358520864
256435,0.429491033829353
8073,2.90034098100936
71,3.50453606984254
7113,0.785280610240887
23258,2.07332808395397
56616,0.422899538813124
26276,0.922605320083664
6899,0.740339093198482
55803,1.63060608347647
29796,2.39131957948783
54954,1.72011884110778
133039970,0.164122893763621
647076,0.200704422956811
8663,1.06315648190682
7122,1.7856832868683
8508,2.32588951160536
100271209,0.632006133747872
6900,0.173466894741469
120356739,1.75759455722275
3786,0.540723968516631
152,0.771084928200238
126382,2.18956926904258
388581,0.345904422851516
79174,2.03330249078579
152579,1.98587583623197
140739,1.80386568592507
3768,0.189025347776694
54328,0.817116447862282
5504,2.2979358426789
64061,1.99439144913251
643707,0.0442022240997431
283871,2.15154594652252
11066,1.92106889806714
347516,0.0316637209677261
3654,2.33115072100126
84319,1.65602456188277
5101,0.051871586053616
641371,2.02882579975978
220323,2.28908114192714
220,1.23247961764048
8338,1.54656498645134
56660,0.0422244019181622
317772,0.104224463503951
5463,1.38885548265799
124905040,0.0234025367070836
80213,1.58593280059977
10078,2.27032250122657
4070,3.19375934246803
5587,0.938513952361811
401145,0.660497788368322
254887,1.10814603017963
374977,0.0179178651438874
338324,0.684039276301499
26576,0.88483505414168
9573,0.231931758133455
6586,1.41597033831595
1946,2.42056029686921
116534,0.0645001083526856
3009,0.238811949383932
124783,0.286978420763493
11187,2.48249793827877
256714,0.0370602183099194
1435,2.25452113111495
10584,0.275767812929035
84517,0.723535795315619
8398,1.22379172613393
84441,1.41220182975653
26039,1.75770087233495
3751,1.41589671481155
116447,1.77592402545152
9276,2.38697082764578
64922,0.114636999340892
80764,2.1029355121599
9735,1.68938073976559
2826,0.406162334788127
400746,0.520395092354916
253769,1.01490431615037
10587,1.29437128405611
4303,1.88271652643634
5454,0.0546076972506679
11156,2.19681156338396
200350,0.123304573053134
348013,0.93701628184183
5627,1.59781025298758
256646,0.0130126308322217
374659,1.10493010362003
340542,1.93561021693556
162239,1.46647263367194
51286,0.259556344986669
1850,2.01224414071044
9021,2.88513408692881
201243,0.0326656794165476
84189,2.32880094347863
57121,1.17641605103634
11260,2.21246442828373
340061,2.21459105260868
5142,1.71692685927897
284467,0.474406486755383
400258,0.168383519006746
8303,2.24148805599762
90134,0.0635354152782802
4753,1.92902328255876
100101268,1.4090274314874
124751,0.825354233944788
9968,2.15198932734801
81931,1.3884412182761
10801,2.63885252069587
146852,0.18237023598199
157313,1.36194641006028
10819,1.51403103704433
138046,0.0119871284396815
139285,0.558153771476905
9923,1.63847570596585
8349,2.30523698300657
9074,0.432402007376466
5413,0.257582261749483
56478,1.63262924342261
389816,0.835726228559338
55328,1.34150831693969
55911,1.52401250320063
642273,1.92763939105423
25923,2.35830469691247
55967,2.52469394505762
644538,1.59413409798767
6991,1.00852518659899
7327,2.25656823848384
23762,0.986424153081821
114041,0.0142416006900836
286753,1.77680613001878
201501,2.01276028280122
79135,2.15633756155019
51334,0.790671139185844
54732,2.78170273261403
1812,0.0530452976713926
25880,1.68241172170379
93517,0.112455778548313
155435,1.81898192824551
9823,2.52780724526045
90135,2.69493162349814
8971,2.8732918127072
375287,1.77235447531509
6612,2.67460459553681
83943,1.54669665545305
140597,0.338128881273417
1188,0.449396123577067
3714,2.04970826959605
752,1.70703733934668
728118,0.312337770781671
391356,1.93055788600174
286256,1.84159984698645
7490,0.0266360241092229
146198,1.71334558008792
646851,0.719187681319322
4588,2.71392293377645
79050,2.3057597185263
11274,1.73969713245837
4700,2.60207054963082
1133,0.0616026860516921
57537,1.06296921352352
80757,1.9256135069449
113277,1.87139077181648
10572,2.37437992535482
140707,1.80992741727014
338376,0.137550372755663
387775,0.0951672823362936
8694,2.23755796807999
6092,0.459852225060869
26985,2.09815313381718
2157,1.45893956562196
93034,0.0792173887819751
377677,0.772652544900982
22888,1.59191783298504
23764,2.08988671444561
2972,1.76943358746607
389257,0.10090884072198
10509,2.26624071406378
339766,0.009520858735307
10519,2.94223173638519
56899,0.787398389855239
7469,2.04254676662744
57419,2.12527040104247
100130771,0.239745555489441
133491,0.146853560983701
105372860,0.451876642372601
23768,0.418225995021296
80789,2.02072126899943
51065,2.10135828471268
149175,1.77402927723077
122622,1.68318211637627
338440,1.81156462993983
11124,2.06280612364629
255275,0.453290360693051
131583,1.33692254835583
56160,1.78784645343662
3297,2.34785953981624
387263,2.12229956589665
5813,1.61607533097204
8340,0.284043790811643
27124,1.77361972698169
83881,0.365468019873058
162387,1.54992057769735
114659,1.21259151417395
317781,1.81922726601354
283820,0.936323826999742
59307,2.35104711035831
340371,2.0758658425258
400668,0.0491265280900879
10581,3.06744105234546
100128260,0.0506962311574882
7127,2.55509391247785
353274,1.2462086513
267002,1.60269490380427
51186,2.55378812967972
9230,2.68976759019402
10196,1.56425426640031
2811,0.392881868914514
55015,2.22022178057005
4110,0.0463724718392014
285755,0.8771411994583
7625,1.23604788994012
285600,0.713020196748892
283991,2.50863779673805
441549,1.18397755956647
147111,0.200867711352792
123103,0.13807980370917
54033,1.16621237297427
64409,0.250863876616529
84614,1.33966174873495
389493,1.93051123446495
3563,1.96849201992978
162540,0.408040565549656
339230,2.18174191379646
729238,0.0400434172142254
729857,0.157086722449401
54622,2.0273156135392
115749,0.010754888621307
6336,0.0080788886488122
8558,1.83548258006404
284186,0.525424643274929
8651,1.63898527559108
6948,1.73469429785642
10634,1.85373880774646
23545,1.05859837211729
5071,0.135252207441062
283643,1.50132497963619
266722,0.577948273333172
9146,1.9691196960518
126282,1.86321158403495
5892,1.39722392322038
26333,0.0144462560950847
5600,1.78860536513287
93349,1.25883952223342
51263,2.01235750026507
123283,1.49098760027233
64754,2.10471707505205
25840,2.27881974519731
163702,1.02312223488007
6450,0.849853033135487
400451,2.47629002583409
374920,1.33050387748168
402569,0.270251444649095
374395,2.47002870053507
285513,1.06572540321897
3854,1.81355819441168
55010,0.837348786533411
246329,1.21327572516661
4919,0.471656334005533
4582,2.99820382429548
80233,2.25452432453447
3665,2.62588193196552
26013,0.378973908345175
79184,2.22380456660779
9899,0.163781075656825
256329,1.66969997941312
149643,0.589350795738173
5148,1.05580859756675
5592,0.651457580161256
7026,2.76063363630632
727910,1.10453775621362
4045,0.220065264966587
113146,1.02900184492393
169611,1.97097562162525
6667,2.37078907243861
145946,0.0708393147493007
64976,2.3806651622568
440097,0.192167382859475
389119,1.26355475073522
64714,0.234753587043714
10336,2.09970449369709
89782,1.63179910328097
5034,2.964939515424
5719,2.65884504695062
5087,2.35474596445725
56901,1.85822819535662
399694,1.09592679833415
338785,0.101277900196796
677,3.00219620381062
7332,2.37046079194208
4908,0.3233170563686
54014,1.94231560092578
6490,1.15097521224754
8224,0.0921882600032804
5453,0.136843931739014
333929,0.72976718992915
79842,1.13478049738282
254773,0.165318125203912
254956,0.862183127906454
23532,0.0694986479199568
4603,1.42787778841034
730094,1.54263586609942
4733,2.35915343530401
51479,1.42715825108205
253943,2.15551222775852
79943,1.42291614821503
105,0.0652710625303166
10718,0.118620969890508
6345,0.323596537467463
3434,2.55300857252339
159013,1.61409194780331
100132463,0.0792173887819751
56479,0.292814822784535
339366,1.9210290818316
80333,0.0981356370534185
389730,0.140897664497433
10933,2.49594716648855
348793,1.94769718156192
1762,1.90727230730458
79581,2.34625732820307
51227,1.79276075440568
10320,0.912789470224287
5833,2.17109600571515
339983,0.798244621212186
10134,2.88804425424113
51326,0.581802413958065
100130717,0.227838027674123
54584,0.664536248387696
266920,0.757569982891722
127602,1.16777622488685
339512,0.0495192289370227
2124,1.89750211124188
100505993,0.426812627823855
440345,0.769813176065991
374899,1.01864910710502
79896,1.5079132693956
140691,1.85491264746767
527,0.142829326952615
8519,2.984453942604
339501,0.0424223934120883
3916,2.76120599528318
2865,0.161384312844955
84197,1.45839869667758
84856,0.0508922379282558
283897,0.961164369636956
200942,2.23369716130297
54093,1.52407165509259
5727,0.313471042738711
146760,1.83954157190225
255022,0.0972091680864421
439915,0.057140405596366
286183,0.0076664475141711
55599,1.07826741131591
10308,1.75852687446112
8660,1.85827470267846
402573,0.371004266492833
121006,0.15155248342787
6473,0.0368609624667365
23299,1.79332623477403
881,0.243623794793028
55217,1.3128352409658
6011,0.0440046509270564
84631,0.0227948798627598
126520,0.318409708905874
22821,1.92314971345051
84859,1.4819558870941
93273,0.051284114267885
126235,0.135429218543903
496,0.036063467897197
51079,0.609820015916462
84924,1.05916417459726
100379224,0.0790279102152443
57711,1.24451125529041
342909,0.882133933875824
220107,0.141600615410859
319101,0.0406387916047836
6887,0.277845016407765
100129196,1.01031816904923
64853,1.93610118425782
84529,0.791251256486235
146722,1.08538640155817
124626,0.0240097576149657
3852,2.40260238735073
119722,0.043016088629042
653149,1.82960295609694
54103,1.80267682432796
84871,0.450696478669464
503582,0.010754888621307
120227,1.81441707414784
100130733,0.455875184866259
157567,1.70124295052884
23396,2.33484599975993
8529,0.100539616582576
374973,0.228942258923759
10773,1.35502905188079
130355,1.96909150764265
10623,2.13227783097182
164153,0.13507515807804
51741,1.39333910352324
199974,1.82781474134541
152302,1.86131412868865
338657,1.93398722472574
283149,1.64759227131486
51082,1.9979456461462
146909,1.53098160656321
84937,1.42002756571986
338557,0.274727144634156
89958,1.42811740591282
128178,0.461017880034522
123264,0.725699361486419
66002,0.192497411415927
64757,0.907248758747797
345079,1.05033277352163
55330,2.18504206214575
388567,0.889207706765847
114792,0.124022765722675
644517,0.264394666900614
151174,0.0551928477150357
57496,1.8765286339689
151888,0.1272468869287
7565,1.31870186176146
55693,0.666633892552947
150763,0.291214156259153
64222,2.50267647500202
5501,2.43614983179471
148254,0.879989979519325
4675,1.06856151853927
153768,0.843330341324563
23621,1.82351778160285
388531,0.233500677344822
112267975,0.153112792461749
389177,0.0775105280642577
7058,1.95713356152766
6256,1.98583534547083
353322,1.42636557112812
200035,1.27053526406207
7626,1.5334241910231
260293,2.01255894490322
3858,2.43255152341468
101059918,0.1159067175905
342510,0.380661596988309
728621,0.888896375615517
55922,1.41383089932154
342035,0.280064500510198
2204,0.0637284429094406
3840,1.96146240889441
10345,0.0056012358560772
115560,0.556725902014354
10168,1.61620509177859
353324,0.200377746521085
653140,0.13383474003178
400830,0.120245236362853
4674,1.50215083340491
6228,2.33499592768622
54331,1.32380062500624
11118,1.97952102577861
158798,0.130636446855533
27445,0.916317118431473
401190,0.10090884072198
3638,2.23671391246224
23040,0.0016634701178795
252884,1.29185415678007
84065,2.21086982963148
219956,0.0217811482126814
1187,0.825973021393614
257106,1.63341101790146
151011,2.26832157793266
85002,0.659440367914087
11283,1.74327757945255
4051,0.085446105720894
114826,1.13258330365388
2306,0.350505221488065
23131,2.10408321233232
56971,0.658911048194593
4771,1.72404138387254
221491,2.54547763633439
375686,0.221657707886995
7328,2.64516195219839
84981,1.83693468355909
84842,0.730005708275315
100129075,0.929181262633912
11104,1.92700447071584
123722,0.033066130062972
116985,1.94948713688203
347240,1.15781118355931
5138,1.14968677243609
90668,0.388274221666362
55615,1.44931948153958
80829,2.19684561806824
284018,2.56898824335906
144233,1.38344377111384
139599,0.194310153638863
339761,0.109173093423369
90624,1.56723543113916
387885,0.118982195114986
493860,0.0138321417599086
11223,0.513489639156716
613,1.68991870069663
26539,0.071221967357895
758,0.0278454019696254
25794,1.2581436107329
399823,0.258949460877317
139886,1.01975793295384
654254,0.727696473384132
474343,0.973517298083986
2301,0.0886367224100169
8372,1.82547551610003
147645,0.899335127719212
2833,0.77711105031223
84307,1.80779051872548
100101467,1.57026948725607
53373,2.00290286553321
11006,1.34490033934175
408029,0.182537284435833
7293,1.16609490921919
3868,0.99697446013994
10614,2.7105671551175
3861,2.57605346459917
129293,0.257278117661967
83902,0.28829541884262
79955,0.534958973655404
23275,1.8682621744707
84109,0.0565566131007352
4137,2.36006918721319
54821,1.25113502361863
200728,0.917448916956119
8784,1.94786835989462
2248,0.0336664500279098
338761,0.123484180058323
349667,0.977039970872718
23390,1.76946806677712
256394,2.40730514670802
5030,0.127961642715893
55893,2.07521707454795
353174,0.0616026860516921
5465,0.645634293095566
642987,0.528935218860198
440585,1.47852569281698
64800,0.597494400117215
256949,0.88326603800513
129080,1.22892297710786
6007,0.123484180058323
388407,0.132947576137209
83715,1.94276060690648
5407,0.0940514026841421
138428,0.0524586470199822
353345,0.329581040263295
164656,1.32885057309497
1579,0.0938652766473933
51259,2.18273643258237
91582,2.20390879211707
339967,0.0668108416886656
100130348,0.0258288102084853
285382,1.12244240118063
7003,1.84473548524946
5333,1.92118036233953
885,0.0262325134658017
957,1.68932552756697
4286,1.32000333192708
399671,0.916078583657754
4673,2.49345515618729
353514,0.540723968516631
152100,1.3150167555925
6585,0.0639214260144302
130574,1.22720617472689
1645,0.814393760668445
27022,0.0211723261778742
374955,0.0242120678044732
55182,1.87275763817797
253935,0.0882619910836516
57698,2.11572643465133
341567,0.041431969987866
388282,0.074848442848116
730098,0.0858221088259321
339327,0.808490512812746
23270,1.88035313067041
4501,1.3116960939735
2650,0.975145672723977
91404,1.68902173821779
23048,1.99851414244424
79659,1.31695166502838
3859,0.042620338349058
81557,0.0219839916622789
4059,3.03732453113888
222194,2.03045003137261
387129,0.0201566492701331
349136,0.557032114446367
2057,2.02313421978871
63924,1.97912293031592
1630,0.0248187083181388
51616,2.44110975690511
56123,0.688956051085668
9863,0.726498918654593
338645,0.0829979322484961
375612,0.0573349127789155
11261,2.58592996244597
2359,1.53288246744012
387763,2.11619281283297
3767,2.13667518463109
389118,0.334831287816773
1282,2.51103950384841
388401,0.0708393147493007
440107,0.401383054238078
2701,2.22928973306001
5757,3.18571459713791
25763,0.33359103830158
51182,2.07896619933745
344905,0.0845053532862342
51547,1.85095520339051
9742,2.0195862298687
392636,0.153978341456371
646643,0.780803583464012
340665,0.0489301088118718
7100,1.61314603369289
7874,2.456608384423
342977,1.03639335028104
286380,0.0244143296379668
378884,1.55193380459086
84069,1.55900535021385
201181,1.09694390705
28986,2.04541863614981
200424,1.33119845394879
57335,0.534537893535107
9636,3.04810360168671
54932,1.25508429855689
124903372,0.0356644376201233
400566,1.45708916013047
387032,1.08425859192383
317749,2.14729062954433
148398,0.399488113374647
84808,0.610577315741786
400673,1.80369605351502
26059,0.0596654842894622
145173,1.44191651349011
81848,2.13849413551711
3266,0.154151340944846
399965,0.150684352667124
51393,1.40984773238455
84281,0.577055872230508
94107,2.45891577831783
166348,0.009520858735307
79875,2.16942553829225
374407,0.0942374869521354
2563,0.946232601868036
6917,2.30971180841968
79840,0.189522274027775
2175,0.728413982769462
79048,1.82837500807398
389766,0.018529029376588
124,0.177510744706426
10507,1.15061313370693
125704,0.120064920542551
8632,0.460202114795021
10445,2.32503515071568
57697,1.13573137738421
7621,0.889145452808996
64170,0.728812268086342
375033,1.47990927836698
65243,0.792120471499951
338949,0.0386525717956126
347454,0.627680383189634
339559,1.59147331460608
388335,0.659352176205487
3006,2.8093432281144
57048,0.0191397532419228
1978,2.67714949827325
26647,0.009315012732202
22953,0.300769231165453
121549,0.0473570995805846
550631,0.808561105275804
164118,0.0744674501196066
116224,1.60751220933699
342979,1.05395725277409
199920,1.00140329388533
729956,0.061215604083323
400891,0.0197500372972908
1755,0.0344662129356738
388512,0.561710999092744
414332,0.0128076294222381
401944,0.214948001224658
401027,0.56817009115838
341350,0.0408371562480633
100288637,0.772801647910514
441194,1.39172025508293
50626,1.9109481355326
7373,2.18865614347594
92737,0.0276439590910099
642843,0.299329003342691
339451,1.63068466709962
391013,0.179525113835239
222696,0.124560998675753
126432,1.55571347220098
100141515,0.0761805481519545
162998,0.0614091674392234
285386,2.4684863931759
284677,0.0097266548872287
729967,2.50452636150672
285093,0.0209692882026594
6274,0.970466007881839
29978,2.17165784170179
353116,1.22597659821085
646457,0.162754757317783
57474,0.999010540599162
1180,0.255145820657265
284434,0.117717212784645
10123,2.05200477143887
168433,0.0761805481519545
100130519,0.931862090285262
285852,0.0201566492701331
115273,1.14348576248313
7477,1.07189155429093
65998,1.60397886441233
123745,0.0278454019696254
51463,1.3052044553905
145873,1.45787981064117
642959,0.0286506937617837
346007,0.0916285002418245
647024,1.92771770585829
338755,0.0130126308322217
6300,0.717408149180954
401498,0.374411390074047
441457,0.106060747329644
1287,2.05374046462884
375790,2.5266024233135
4810,0.968277158525046
340990,0.0049806933258769
401565,0.140545962298171
643853,0.525744492928711
199777,1.44521512693446
253012,0.29571673761893
342527,0.247945005717645
376940,1.50000069398784
389541,2.69062834791093
5575,1.59025727829037
729262,0.0826206497668653
374383,0.804809131374277
123879,1.81524324965387
445582,0.0873244225138922
390927,0.991405658809655
10383,3.06124128257409
119016,0.966630370930606
25845,0.0942374869521354
170622,2.53353747113456
5320,1.11738933941088
400935,0.0436093653522559
123688,1.28656393759015
643338,0.85420879252922
285180,0.547271149445282
163087,1.0840779401225
57801,2.25644125579224
374918,0.243623794793028
79862,1.43243487552226
374872,0.224674619415423
344657,0.0860100466169922
401541,0.733019623622133
5359,2.1243045531111
375341,1.43480440998657
387712,0.348343579741724
84527,1.35923985298299
388228,2.28378134307694
10991,0.493819843253016
2963,1.99434524470073
137392,1.20042383280485
54914,1.67151349877848
284338,0.912489600729574
7784,2.08929816974341
440093,0.598265096314584
282973,0.280950536645067
5535,0.015877463426456
5133,0.85892697806851
2844,0.316579021814307
343521,0.244860834333613
390531,0.143180048388379
6402,2.0621339698408
1121,1.31662471569667
63915,1.83049916675446
153932,0.0540221383132408
375298,0.247945005717645
283652,0.0115765804481612
389792,1.98018589094063
3014,2.75145550787308
387755,0.0908815660467812
5104,2.36679529083767
284325,1.96396972763636
197021,0.130280309711069
342897,1.06236017998282
388533,0.218789019244341
348645,0.232873481118325
349198,0.293396070191022
84570,0.190845914273448
644815,0.960165299362953
389799,0.0497155105434259
10772,2.16242495099477
3040,1.70332109013467
285193,1.07822178864689
388115,0.778368834386543
4077,2.55984334077619
57186,2.01488042234154
27158,1.77499471860873
345630,0.789582034775702
154215,0.126173585315438
144535,0.476576416424874
100874381,1.48266482452942
1201,0.237721352310038
653820,0.518136490653734
56624,0.422163548739094
6613,2.76252592460216
340719,0.459151947951442
340784,0.0378567710724885
388555,0.329581040263295
7730,0.0197500372972908
84247,1.72175108160756
1806,1.61497088939447
140576,3.24704193820683
375743,1.3122959501292
387707,0.200214358457645
283726,1.01925417525971
102724398,0.0378567710724885
6006,1.71032781896574
169355,0.0244143296379668
29780,1.43057885062136
57835,0.420074302768543
7390,1.98359498742422
613126,0.171775977135072
51114,2.17503420973725
347148,0.205750978783932
338599,0.151725998691835
643155,2.56722596095836
344901,0.0168982779780871
375567,0.0334663908138561
340277,1.16125774466652
144404,1.3289086718025
401024,0.129745813935983
23029,0.660497788368322
10811,2.15774552326608
130612,1.3513129533413
440603,0.21751073054341
8326,0.310066246097769
399473,1.08637707529188
26254,0.108075957165901
349633,0.0687315852068485
390598,0.14563089186569
378807,0.0266360241092229
5549,1.88321555795991
147694,1.65600969614823
4520,1.36890726045562
127391,0.0627628591308276
388336,0.350370297435576
199953,1.46188146516855
387921,1.94548002140855
132203,0.232559697361703
79844,1.26385014538499
441168,0.397080995200599
1269,0.0986910213962365
84464,1.28363032264338
377841,1.36208273104198
9045,2.85145584023124
389206,0.0246165431357565
389672,0.263640635292044
149297,0.540619562034321
147837,1.22106613707836
342125,0.16974220649948
253986,0.534327261076284
85302,1.40553256355359
346689,1.06930315903648
431705,0.812010797050279
339287,2.39501820161093
400499,0.213181347148669
120892,0.590227834965801
2707,0.258493991100522
642938,1.68112008885187
79979,1.9084985973234
401494,1.37633285424818
257177,2.20392732621622
60506,0.0520673186640733
158293,2.19484584813811
257313,0.0687315852068485
401546,1.64087958647022
26155,2.31524599459103
345222,0.258797666843831
25920,2.44211581187899
729025,0.0721778321548017
149998,0.0899469520555108
339977,0.191672086234452
23036,1.5642361413098
135458,0.233030326569747
283219,1.77995774127279
374897,0.0538268611423806
134637,0.607733214268179
3805,0.0908815660467812
391104,0.0769407965432616
163081,1.31163607101733
4697,2.79484623202081
728780,0.336756601339477
121642,2.00273499719584
51136,1.67649879139968
5649,0.120245236362853
374393,2.04740327100439
347,3.32139930165329
3005,3.1287105126935
9516,2.59426725408627
83862,2.63768582324816
196528,1.76488106895157
23450,1.97549378114957
345062,0.152419690580264
26280,0.351853156094388
388552,1.86451444068397
80320,0.983597323901982
340120,0.0142416006900836
219348,1.90302132984735
222698,0.428518179604841
1364,2.96158284495625
100129583,0.803672206211484
51155,2.66358807161725
84503,0.97584995558521
646799,0.0668108416886656
6284,2.47842402209676
7581,1.93314618978307
374454,0.0136273381928503
54510,1.59348735456084
162966,1.26672998558027
284697,1.16964714261749
100287879,0.0254249141756302
4128,1.64469049708388
654433,0.0555827213422205
145853,0.844399804745992
389643,0.194639304860019
100507206,0.0362629122582597
7259,1.9416811641278
55629,2.70483670493907
51233,0.722732705100699
2709,0.407790405772922
2272,1.50295469421072
285016,0.104224463503951
80317,1.20912146144734
27341,1.74858144747271
132660,1.52487933741853
9679,1.67641355031359
389558,0.653150544290986
389384,0.0290530521054448
57402,3.33669693987843
23254,1.34824249179019
728661,1.81642803322243
125208,2.05539510320098
165186,0.054997842915243
100131211,0.93684324061823
23708,1.48619423792965
84933,1.03305387736736
284340,2.21841794708271
10821,0.243778530403275
3146,2.63615330022299
8510,0.0485371324516474
400745,0.16651159931817
139735,0.420812349975519
9437,0.0286506937617837
644943,0.266652437449185
284521,0.0268377072511832
282991,2.42386785670593
10388,2.26182404644211
440519,0.21751073054341
3556,0.804809131374277
11122,1.32029867410119
4604,0.572277352164526
5079,0.161898500427602
50859,0.10404061055807
163223,0.139137639219655
374879,0.634296153422543
255926,0.0191397532419228
23424,1.75031505906128
90835,0.655992498857985
653319,1.58890049433285
3123,3.13132924365149
4661,1.14968677243609
12,1.87488869925179
8644,1.8138584847147
26010,1.74361936549514
58500,1.37143004195448
151525,1.89719795245921
7633,1.30139347956239
6275,2.73645413235093
25894,1.52476122453991
79633,0.588960650612056
389649,0.111909570608108
399948,0.143004706485185
124602,0.306646443051693
148213,1.22541358976442
36,2.27794285950961
83931,2.00514905792389
92427,0.473834385992521
9725,2.14955898742232
1510,0.045189394581304
64218,2.24401152256712
646962,0.764475154228032
54737,2.1775632421859
441191,1.51788067873284
9687,2.53243207679351
284759,0.707618140131805
90321,1.57788474326144
6261,0.762130907040295
9901,0.766284376221224
63939,1.53666174699716
203068,3.16219873078305
84458,1.25840882510728
6829,2.39083844230621
63929,1.26614217308022
51427,1.68365769746118
389376,0.568370996672025
5478,2.88500047418203
57573,1.43619720785983
162962,1.13511141759268
284443,1.09344289482288
84163,1.10562695452392
2917,0.04578114125236
8464,1.5668390272743
441925,0.041431969987866
60491,2.24777301883616
487,0.719349224212058
3376,2.14671034734865
9883,1.41856485106418
29068,1.88112780148919
55340,0.172790951267048
56164,0.233030326569747
94027,0.106794119855082
54413,0.540410703537429
55888,0.983704235536119
100287226,0.132414816523682
1604,2.24441655678963
131034,0.72200910352934
147929,1.16291411815306
84628,0.161727140714153
11091,2.06867659228054
9361,2.36137578106883
158055,0.224040428020355
8295,1.80409881915907
55190,0.582295021443374
647135,0.484403167165935
2526,0.67427087453978
79754,2.70729306806317
222553,0.200214358457645
80778,1.58445923302325
7699,1.64287319224523
388324,1.33073550492447
342132,0.828784478610217
5770,2.56481282593745
51466,2.62984415981812
284486,1.62464178494402
2050,2.42941111662128
5657,0.217830494561375
91661,0.796808789302622
7678,0.880558203065921
2547,2.78173209417463
6276,0.467742602086518
284739,0.955817128134389
9858,1.86992892123595
148545,2.01718778602232
9819,1.88963042762356
1413,0.285365737248928
438,0.059471517423572
440348,1.70777950563288
148266,1.44163675796205
100131755,1.24691998612145
79693,2.17816270081702
27153,2.14392226248705
30849,2.04908623722417
285971,1.18484934392185
100289635,1.1862867167574
6399,1.70657285195364
731220,0.607923180264905
140465,2.3273613084135
90576,1.27515002462445
8823,0.229887525251903
6477,1.1215115587115
140680,2.1331498529865
2104,0.799677308543772
79711,0.115181403890476
9612,2.22555582668836
6817,2.10117490167439
132946,0.28653892778617
55660,2.23584074012564
54834,1.35706990842533
85012,2.61487487647253
51434,2.16568003465274
27010,0.736335103221437
6536,1.56651444928025
60312,0.758179919679698
4666,2.76920662118007
121360,0.0168982779780871
399687,1.57809599570444
165679,1.87725735130249
54785,1.62564387652629
4122,1.61410823970292
4311,1.06423212154073
729533,0.649402635196184
440184,1.4058831335029
8912,1.0483202142824
55959,2.90989352672207
3908,1.33660776574428
23654,2.66039425530677
55966,0.130102183141896
7516,1.37752485023436
4646,2.64984741774319
57591,1.812417205942
3066,1.68643114238313
158431,0.923902514176786
728378,0.0675796689626678
162993,1.35640888625126
4312,0.889767716452797
125,1.83823529410521
7366,0.0254249141756302
6925,1.41917482991973
65267,0.17295999003645
57001,1.99140978821409
3269,0.951832285032919
55684,1.89195757834634
7695,1.51979406529243
23660,1.82313323070332
91392,0.988973006040458
51399,2.17416691816097
150737,1.85632619274287
55532,0.0062213260747212
9895,1.86365245017604
51284,1.01975793295384
399888,0.0384536920503017
100287569,1.81321622327769
643836,2.04211640558747
112479,1.65368464983504
54543,2.9741132345026
84941,1.98117080155415
7442,1.19850525835721
7582,1.47520221229891
283970,0.579334224087644
57473,1.93002106134069
51321,2.5072580884597
170959,1.24188690241193
4763,1.90408622673109
154807,2.2974032289946
147686,1.38139958318414
1612,1.10935822099751
3117,2.35018353311526
85301,1.54840505190269
2760,2.47969240412427
8329,1.02691572040486
389383,2.13458947050543
6273,1.7910488505825
388796,1.24898099769683
90592,1.87481724769305
284532,0.0394476217259577
961,2.1821961142616
7088,1.63731547517765
55534,1.57275041122081
8969,1.00020810107773
29966,2.15459529310837
8187,1.9089338908169
92070,1.79498569064192
80345,1.86437701063346
89853,1.24372867737549
64771,2.52746902127233
653269,0.289172185943837
100,1.47463520242727
10865,2.21625785560529
399967,0.0324653828330247
160760,1.62067569721343
390792,0.053631538511365
387990,0.300193459771032
285190,0.146853560983701
374354,1.73604973933827
140612,1.3090184773693
343990,2.03934797409006
445571,0.221180308587003
6334,0.129567571269748
3914,2.04390438935968
128312,0.627865006205672
3841,0.991247304433465
57730,0.417608877295231
23365,2.1656179593134
27198,2.01150016735397
9260,2.40768011485679
2316,2.70680391635481
219623,0.709915195675223
57522,0.59061728074284
10447,2.02099218778817
161424,1.60805722859984
57181,1.87944453301746
100129858,0.243933235802101
837,2.00998249502909
160,2.27460437311443
199704,0.719995008724101
170384,1.76010367860239
644596,0.718298502523995
307,1.95953156059757
8270,2.86951193552521
401554,0.0332662841654657
54554,1.687333323009
642968,0.0181216355189445
100507607,0.0256268862991105
11152,1.82821500869634
51108,2.30383707621819
7697,2.16991238917584
353088,1.68748581949586
388566,0.936727852965719
29950,2.32603596660297
163227,1.3442519039849
541578,2.17663805654625
57541,1.81190794784704
221785,1.64907398643624
309,2.90885513451606
126068,1.66561448673082
2764,2.18641345384411
284266,1.90437691833264
147923,1.54022084867067
284390,1.12332952909679
79830,1.52513514935629
401124,0.137550372755663
8364,0.331657782425756
7741,1.84560922038568
4097,1.62862131852453
92714,2.31608155256937
85379,1.45532260111553
3886,0.192992200703362
3482,1.60467771313644
404744,0.0951672823362936
79690,1.65194800898159
1778,1.87938270986326
388662,0.0639214260144302
282617,0.0685397094214406
5094,2.5736247408931
84619,0.992565662798562
123096,2.24396209480831
80055,1.23300071529256
6714,2.0322107065167
91120,1.17085215218823
400720,1.14344501007658
113835,0.629616488188417
399909,2.05828146997801
203102,0.0633423431029015
51703,1.5087890678399
23507,1.66692239630766
91561,1.74375356504413
11194,1.96648938807233
8356,0.0619895891189751
27044,2.65778093357778
146540,1.71928109021996
6799,0.871212902700746
341676,1.23303543754781
5718,2.37688989613293
158960,2.34446032340715
55124,0.372054239185769
400931,1.069627332741
140688,1.85923158338321
375791,1.54292030035085
6583,1.12816346598458
342933,0.0264342928541542
9583,2.04317977664086
10438,1.57073453857335
23061,2.27255355075069
8363,0.430219843018291
155184,0.132237153018681
79927,1.30992255522292
5265,2.5878945892908
401253,0.372054239185769
64499,2.38388849551901
25959,2.23421991478853
135398,1.80921632290415
2961,2.30592922220693
246778,0.258949460877317
2980,0.0876995769262763
25788,0.644824114089851
7718,1.56094401383908
8831,1.68005026958604
100190938,0.981884179030944
128486,1.77168042981084
641,0.933662232477911
100129940,0.445838064168215
124411,1.61657795105854
399717,2.04639789031863
84301,1.77317560496713
340268,0.0526542428027862
6840,1.86442282577643
400591,0.0136273381928503
51592,1.82440696372853
26020,2.59428612608484
57162,1.99043074015476
401898,0.353333147920761
79027,2.24584837553195
219927,2.19779024145484
137797,0.0882619910836516
91373,1.74773620756834
148198,0.25712600164172
283807,0.700430727325006
136051,1.79123454973131
340385,1.7346320204893
171392,1.45003084571105
6584,1.64548234309711
147906,1.21248340349808
104,1.2750214759289
344787,0.67934387045349
3064,1.80505120625157
728,1.56145479220491
1735,0.494376551906965
1555,1.08588194857362
54798,0.0356644376201233
79674,1.68249582926414
23729,1.02477236048446
3652,1.62857395741583
441933,0.0211723261778742
4217,1.71987412522916
373156,2.74857446881893
3182,2.87063137117642
50861,2.38268309903902
5154,1.92551115338877
2996,0.351987819124078
1305,0.349425163005487
6693,0.920832058674874
57116,0.362020551307388
56125,0.524997956594621
89887,1.22064015376044
81031,2.49539948922275
79788,0.748894320993056
84154,1.76111262641856
64078,1.43371581236612
400823,0.171775977135072
142678,1.49765368074739
4644,1.51096154441256
3004,0.959498348631007
10533,1.49431104652385
26037,1.86531062637224
92104,2.02314646013651
23145,0.729051125921464
1991,0.23240275903509
57799,2.24980007852306
23556,1.28712988525799
1288,0.7678634002686
57547,0.89927386583467
11147,2.38132846395083
6219,0.12527809465136
10210,1.82096097035658
83875,0.441784866032663
10242,0.0154687933557568
955,2.1201751551483
127343,0.10238409192168
5167,1.88780919181716
645811,0.486656253322227
84188,2.11889823137946
65250,1.06399845385069
284371,1.63788822386873
8076,2.16552689562135
4624,0.0223895328412295
317705,0.0434116529118274
284370,1.35701485533747
91966,1.80107933539481
56882,2.64298117674931
219972,1.77054701684814
5055,0.112819716306845
1803,0.481010490780328
80380,0.645904142172599
163059,1.66071256525085
196385,0.0590834488965626
283238,0.103856716718738
401661,0.0372594270725486
6709,2.25099949485625
4828,1.50281050922938
55742,2.08521376396313
57565,0.468780616461494
92689,2.53672431381226
6120,2.26208015087258
10794,0.512296109310634
1379,0.0940514026841421
5253,2.21148680460416
6231,2.73690945109378
283579,0.0752292615879394
5660,3.14899402616478
6281,3.04766005896085
80217,1.11259269064829
222662,1.00280333626269
6168,2.9938053327894
3223,2.09534792978575
114112,1.38898487163484
1675,2.45282491884534
441476,0.28639237520262
440738,0.64913414783227
79892,2.27232052385273
197342,1.64794045462265
122773,1.39125678476994
347344,0.991616733700466
6884,2.43327824800401
284323,1.03024013701879
55210,1.90411115140523
79607,1.67407733638159
92283,1.2901382183375
100499483,0.163097007540298
23315,1.63688156616928
100506658,1.33238290328924
255119,0.115181403890476
121504,1.00342453708345
1553,0.330827756885505
339318,1.30977198247971
55924,0.853682396061095
51710,1.66722702994301
8733,2.60854895352575
9719,1.56092576156525
54557,0.949180184946388
388536,1.25724755437941
5544,0.837888732829624
81553,0.972211466526616
4641,2.61661624998011
259283,0.0738956344925407
28512,1.5178407358309
644890,0.492258797116807
23303,1.7024776021842
4892,0.0380557917082188
128,2.37064172355744
85236,2.6486516310663
7004,2.02746085419209
6687,1.28321896687062
388697,0.0225922306114602
388585,0.116450284130402
100418881,1.10736542094794
342926,0.45681288598164
30001,2.24304141402627
55552,1.76395077910327
100996571,0.029254159459327
282890,1.34989162340956
84671,1.26085593164806
5336,1.14454430343337
89848,1.58955361612663
58491,0.977957941212474
344752,0.010754888621307
6277,3.34739140386482
6136,3.19801153800405
26052,0.779181417569889
7675,1.79988259129781
9019,2.56725713521974
23230,1.04803214715069
4155,0.642207070744891
8227,2.03710779438276
54898,2.4587498754502
440295,0.360424141867441
389170,0.713264721701053
127687,2.44475955750062
85028,1.51389010524382
283420,0.459151947951442
3792,0.583180852044404
55035,1.74304549998243
51135,1.73420829848731
115948,2.09899198973576
9228,0.0286506937617837
28977,1.62491240585842
57089,1.4233758243226
63925,1.82721361883167
6191,3.32390075332951
10793,1.05224316043882
7637,1.73892075863936
84549,1.62261503392671
63934,0.981401487309751
140885,2.02182220710201
2870,2.05823131812683
5557,1.11461042945544
54708,2.25243251518063
23784,0.0910683626288553
613037,0.154324303695133
57016,1.05238619126099
27233,1.04291976237807
1549,0.119162748298756
7541,1.50619783723682
23607,2.09830307154987
54830,0.765229597407517
9814,1.56476148716052
389208,0.051479983874231
65251,1.4389946977632
127,0.0648856742777243
57209,1.49900511256528
337876,0.993039571098741
54863,0.92443240728083
1902,1.81307106042802
4151,2.16995327020986
391192,0.0368609624667365
26275,1.68225748343049
27300,1.81424130208967
161145,1.97982961065887
65124,1.89358120049696
54989,1.44895192842624
100130108,0.0344662129356738
728741,0.163610112635495
79366,1.61897003940613
57708,1.90945070034391
10905,1.90761835300628
258010,2.13200943767539
90987,1.89896056657371
65992,2.59395358183221
7027,2.45275139530991
170482,0.0675796689626678
84775,1.28106211022289
55713,1.67974010748516
51170,2.0246916749517
23334,1.17425884492413
6819,0.233187141084176
7789,0.86438786195527
83694,1.23355600785742
777,0.0324653828330247
54870,2.34607398026806
26238,0.297163654394491
1438,1.35646400354582
642489,0.315309082604939
11325,2.45732503687384
6147,2.82329632232738
55315,1.92259483522184
6815,2.13433637387228
59286,2.93931325123326
9931,1.63689707001349
89894,1.5346022611544
54963,2.07394814353217
84433,0.96706994736047
220992,1.3419618595203
5178,0.186369888167896
55153,2.2738488547445
653458,0.0600532833173621
7745,1.87685760704772
144717,1.78169242949536
100288797,0.0140368959186701
219844,1.82989194575344
4635,0.490134884780781
79973,0.933662232477911
126017,1.18756966607064
3221,1.80472340461312
340578,0.309355028478565
415116,2.68988399356156
439,2.86519315255024
444,2.17379109614524
200734,2.43696352098741
11060,1.67016124867616
2673,2.2549806702877
7405,1.85968601669048
7574,1.0951295570489
50618,1.64120222112979
4914,0.38878757142678
10724,2.56108387924337
4494,1.88062619469754
9747,1.93794452537127
7620,1.43753912985618
7296,2.0756266760189
441478,1.89154636493428
147949,0.616231117405089
127617,0.0532407567944813
374900,1.10252826535075
158586,1.25887263862703
147657,1.89282147469702
84914,2.18123962886048
7169,2.65886160148707
642946,1.20665029651732
83699,1.78597087108355
388558,0.917270348156566
148741,0.618105612677935
192134,0.0799748722352531
101929106,0.0402419221072167
51441,2.49121399415647
10230,1.94303188908209
55319,2.32003109400263
3127,2.55739369097501
51062,0.932675703944642
1259,0.153805305216018
7975,1.8615356440395
339541,1.03951937512827
7594,1.89148636131624
11321,2.03127749659259
5350,1.32611267681139
145741,0.55498821492949
7576,1.5066477029423
9358,1.47811419080697
118472,1.69927652785467
284805,0.018529029376588
199692,2.0690285785907
283518,0.2349100619558
11169,1.65954879786511
285989,1.48467863063568
1500,1.42960049418735
7919,2.26431426456917
142680,0.298030516495173
343035,0.277548609742516
117157,0.0754196057556881
23237,2.25259635856129
131870,2.09799813317743
9874,2.09495478147385
987,2.02277295107359
339883,0.45774939930934
9745,0.0126025784990239
4326,1.33462890041977
11177,2.21678666454645
1109,0.0822431961241168
10920,2.40086205004857
26112,1.62178260058094
4194,2.04896627682213
6262,0.104408275572339
55958,1.95641346655592
131177,0.0960960359655527
23054,1.97918473063533
27347,2.27656786829466
6898,0.56545230127155
221477,2.34257508046041
801,2.7217711488873
4018,0.0084911297831118
338811,0.142127432245064
9652,1.87153486837901
286319,2.15027730790275
4100,0.31700187249262
9060,2.73564054977844
10479,0.774365200303124
22909,1.15045213582413
24,0.629984660482487
4541,3.67535034267864
55705,2.17169851942635
80184,1.27790642649616
619518,0.430462621278168
4513,3.86855989030245
112770,2.20774619940174
23116,1.55072316074025
28514,1.29322295537707
124930,1.20650459049285
10455,2.00210806722011
10497,1.35273041710365
374877,1.0859720028567
4519,3.77327849182758
8861,2.65267924763252
81706,0.847198707260804
9646,2.33429065645892
64093,0.294122020913587
2153,0.238656241520586
51734,2.56863919356793
347731,0.0256268862991105
22834,1.93355535677453
57154,1.87780746739246
6526,1.2524769754112
107075270,1.83111543600375
63906,1.8357969790039
9578,2.13199578516997
5365,1.37396720258955
64064,0.0860100466169922
4736,3.21700010325397
23127,0.221816777530107
79574,0.0156731530012164
25975,0.768764010993997
4536,3.75180744599108
164284,0.47257419493165
92241,1.21122054992787
9182,0.549852759058585
26049,0.440947631587311
91603,2.15728389039777
116443,0.0646929135332517
4540,3.6853000564259
4583,0.0173062599854029
29883,2.08312568779839
25829,2.14854393337598
2475,1.9631333605455
192683,1.51722119840989
25925,1.45979473830498
115701,0.221339473426536
57795,0.0477506279872771
9860,1.39213187666119
4512,3.89050108282383
4860,1.9279369050851
5083,1.32147839420771
2710,1.55327123903043
22887,2.07476971592862
140467,2.43640626193086
113402,2.34186431882817
919,0.640033742375187
2913,0.01219232802879
283489,1.60172541615641
22876,1.63481485713486
9824,1.38239648529444
56670,0.550573945369122
3151,2.89405434654173
140606,2.5261001494991
51465,2.49214726419879
57165,0.707207129667968
4976,2.07309796879994
9909,1.98461186932454
6263,0.113728858571093
11179,1.87066050102793
4537,3.744373497148
112970,1.35322977884771
92235,0.120064920542551
51714,2.70289593664121
22899,1.64164738947686
9760,0.469241486936169
1066,1.14527598905122
916,1.51782076314202
9853,2.12147567936581
11153,1.32882152133592
58505,2.71828472512224
91300,2.6801727506054
116461,1.95116567562318
26046,1.64887770995848
146923,2.3689063101931
100129792,0.289902074182013
107075244,0.694424390125009
169436,0.619601598255761
2869,1.10883902176573
55253,2.16511267178577
25853,2.1222855381991
57713,0.966630370930606
142689,0.121326302161832
114824,0.0619895891189751
150771,0.521039114322444
4538,3.86805833422186
23137,1.65371453369902
4535,3.78954727800329
55170,1.59677979054066
149345,2.27778804850651
85457,2.11851096077167
830,2.17997080690373
4508,3.79883570956104
7150,2.55107290459339
9055,0.0671953437318986
80823,0.0197500372972908
4215,1.8184498694286
3897,0.218789019244341
6721,2.07660362066028
339448,1.75855045129411
5455,0.0447946653885956
221002,1.00471665603369
51490,0.035464851664874
6170,2.84252625045823
9666,1.61407565532933
9851,1.46937026296633
9937,1.90546307018761
79065,1.36591229568955
9722,0.695345468539379
353,2.66539787317931
9737,1.41353509399407
9755,2.04495114594854
57692,1.41257253275512
154467,2.33605093555163
4514,3.88510243469437
80108,0.894291752498464
134548,1.72778999098378
84456,1.10588805756175
1756,0.668028772012665
9848,0.751362646263935
4668,2.25853664064338
23381,2.43941302543942
26128,1.97169031395222
7052,2.33046481818132
54470,2.09384866830129
9867,2.49055653153468
6096,0.122405948971871
259230,1.75110731757411
554210,2.00122733650582
442910,0.427665890731847
406901,0.493708450560847
442907,1.18150646404009
406896,0.507611567951372
406992,0.390837492591835
442898,0.484854339375359
442891,0.431069221431126
442909,1.03531497849681
442892,0.424369349249134
406893,0.82432160559558
406890,0.480556945227672
406913,0.96497914534748
442903,0.717813001024525
124900488,0.411534083767005
106479935,0.390837492591835
106479952,1.00456174773981
106479658,0.660057393841329
106479945,0.399488113374647
106481198,0.548821231346858
106479575,0.766284376221224
106481241,0.399488113374647
124901859,0.223564453181093
26828,0.805376852050952
106481957,0.658646235722508
692053,0.672456123899368
677814,1.10567047987451
106479676,0.399488113374647
106481243,0.408415649146717
100873579,0.61453976587874
106479707,0.660057393841329
106478920,0.660057393841329
106481452,0.399488113374647
106479816,0.660057393841329
100873394,0.390837492591835
106481929,1.36469316668175
106480121,0.399488113374647
106480118,1.12231555680342
106481178,0.350774998302549
106480040,0.835319950294767
692227,2.01200471499717
106481918,0.848858947118641
100873638,1.42281932092344
106480194,0.28065530262104
100873733,0.369689759524626
106480161,0.283602645126917
106481955,0.681055026777911
106481477,0.848858947118641
100873697,0.367185924879962
106481627,0.669681518805912
106480312,0.975687500865164
106480856,0.168213522886445
106480397,0.40239174352277
124904362,0.233030326569747
106481378,1.22003611373279
106480578,0.672456123899368
124900265,0.906885701157623
26768,1.45329921799421
106480559,0.848858947118641
100873393,0.367185924879962
106479662,0.672456123899368
100873861,0.28065530262104
106481253,0.66409843220395
100873863,0.291068478207352
100873459,0.367185924879962
124900430,0.319955376407141
106480071,0.399488113374647
106481348,1.12740953155662
106481333,0.399488113374647
106481948,0.668289996747333
106481444,1.62118937450224
100873888,0.369689759524626
100147752,0.975687500865164
106479792,0.660057393841329
100124536,0.339772390902612
106481526,0.660057393841329
100873558,0.362286295155408
106480095,1.11224854219214
594839,2.07901888008221
100379287,0.434457091377568
124904151,0.396573252905351
106481220,1.68967049169432
106479694,0.408415649146717
106479749,0.408415649146717
106480612,0.408415649146717
106481710,0.38260427417016
106479166,0.273685094362212
106479007,0.835319950294767
100873360,0.61453976587874
124900239,0.851176088958786
100873303,0.367185924879962
106479957,0.399488113374647
106480465,0.168723404379721
26835,0.546028665558539
677820,0.887462273257445
100873652,0.372185383912457
85391,0.96497914534748
106481911,0.408415649146717
106479983,0.399488113374647
94161,0.672456123899368
106480589,0.434457091377568
106480027,1.20988239488392
106481339,0.421058204050361
100873838,0.38001293027313
100873735,0.452583838956771
124900361,0.369689759524626
100873712,0.651992648967017
106479685,0.399488113374647
106481897,0.399488113374647
106479581,0.548821231346858
100873647,0.367185924879962
109617023,0.560188643971399
106479723,0.655992498857985
106479151,0.164635351283272
124900460,0.84433301538189
106479943,0.994721584094221
101954272,0.495933080864247
26783,1.37997959990908
106479181,0.163097007540298
106481540,0.399488113374647
106480123,0.399488113374647
106479715,0.38260427417016
100873566,0.369689759524626
109616970,0.758941553741589
100873635,0.38260427417016
100873312,1.24017600407635
106480917,0.758941553741589
106479706,1.48384411771335
100873564,0.369689759524626
106481321,0.399488113374647
692157,1.23959307730416
106480459,0.15898046074352
106479719,1.22516709238025
106479828,0.826522558536935
100873317,0.660057393841329
100431173,0.717813001024525
106480750,0.67676908036713
106480907,1.40997190486674
100873721,0.372185383912457
100873426,0.364806254598206
106481978,0.66409843220395
106479119,0.162754757317783
677796,1.29511482854646
124900516,0.546028665558539
124900226,0.33359103830158
767579,0.522325440330299
106480761,0.644103158197186
106480310,1.22003611373279
106480768,0.399488113374647
100873622,0.628971717781152
124900423,1.46917173155902
677808,0.258190198389683
106481783,0.28065530262104
106479130,0.544680207329999
106481584,0.660057393841329
100873452,0.369689759524626
106480183,0.487106039578701
106479745,0.672456123899368
106479691,0.411534083767005
106480641,0.40239174352277
100873762,0.40239174352277
106481303,0.405409726788792
106480141,0.411534083767005
100873369,1.00955040150948
692075,1.4974454354094
101954278,1.62118937450224
124901526,1.74670762446467
100873860,0.489238756182592
106481388,1.11224854219214
106479225,0.290339679910652
100873362,0.377412702975602
106479895,0.399488113374647
106479580,0.732703006459961
100379592,1.42281932092344
106481905,0.414639616844737
100873417,0.372185383912457
124900557,0.33359103830158
100128531,0.585831709480544
109729141,0.610766512926124
170958,1.2664035019544
105378716,0.148945313407985
100422622,0.0677717653179942
101928716,0.116087946291009
64423,2.28263302840855
100419972,0.0604409028617613
642574,2.19299517353472
100873978,0.0465694896604753
100507175,0.13737381964589
100820709,0.0771307503330335
101928287,0.120425512675816
84288,1.06221954436682
116228,0.702503892370513
1122,1.68766597546287
375057,1.13432516929306
441178,0.0400434172142254
388743,1.96782090797108
128387,2.00374754274835
1378,0.0510881989588056
100130967,0.935977309394071
554279,0.417732341520364
353091,0.466471928213088
388722,1.51284189735368
389432,0.775702446731765
388719,0.0714132279076869
127670,0.17481709113341
345930,0.0901339590533384
9293,0.0985059346638177
101928673,0.421303977372247
149281,0.110998419529435
2214,2.26107647229898
253582,0.459268706914879
391114,0.0288518968796068
387103,2.2934886869321
503542,0.0344662129356738
619208,1.82694283072216
92565,1.99538679172295
4014,0.0432138940104846
6704,0.0717956175864252
399818,1.10453775621362
8528,1.67470531971474
221262,0.293541314398181
387111,0.0485371324516474
196051,1.30705434526368
154442,0.0242120678044732
126961,0.0641143646112851
440689,0.787835700154806
3284,0.0471602662673416
84852,0.806156662181163
282996,0.295571898089951
100132963,0.0438070313509447
206412,0.323596537467463
387066,2.16140021507693
100505933,0.0240097576149657
2664,2.64719306169163
55251,2.30228744441362
54345,1.93221820718901
54923,0.772279640061684
642864,0.455875184866259
388649,0.0959103684817372
343477,0.0994309548859968
286411,0.0463724718392014
414157,0.0442022240997431
148418,0.120425512675816
26071,2.59762613341324
347475,1.87365439990779
84455,1.35134078384795
388633,0.464155984355703
85026,1.63103027512435
440590,0.959776332763089
284751,0.896879989488326
643418,0.0288518968796068
643414,0.611050212971705
142910,0.113728858571093
109729184,0.0706479226552025
221424,1.30151585425829
124900275,1.55858364804282
100132074,1.79472581315387
340543,0.66994211535417
90196,2.00283830952093
158931,0.076560759028747
3633,1.3862348086128
29935,0.0677717653179942
732253,0.0362629122582597
129807,0.280950536645067
9935,2.23365299580225
26146,2.07378788336546
347359,0.1250988793227
53344,1.43626792491069
26058,1.79427064367453
257407,1.48262188773547
55680,1.41560211369103
340527,1.03502053811714
2681,1.15298256766493
65979,2.05688583717001
340204,2.10323633421785
653308,1.169335753757
414189,0.444648242112615
100652748,0.953855991135871
84243,2.03656484743858
170371,1.38976052011351
642517,1.23018089331366
9721,0.339361842805132
83849,0.0946095302476571
55219,2.55297336327988
26095,0.0358639763576893
57683,0.438790403331249
158833,0.0368609624667365
1616,2.7847217301301
659,2.12845590260652
6920,2.49871868484033
10471,2.43331289750003
6015,2.61574160649337
7923,2.54717655915135
6257,2.16352582360413
339229,2.51829105116422
100128239,0.469356659492535
1302,0.363878817028336
3111,1.74168718471793
6046,2.5328817773963
3108,2.40359047762091
100507463,1.29110606024112
1290,2.72502912197182
5696,2.53145072842848
6891,1.55310426526956
169981,1.08254014061112
550643,2.37464461581282
100996291,0.0890112847364733
400624,0.0801641354811421
3122,3.19913277865711
56244,0.0719867467506061
1306,2.32526182839483
338661,0.046963386855558
4855,1.57139555270797
5089,2.36547237858782
177,1.40097831918392
6048,2.7192812213392
10554,2.13663924977342
494513,1.01753822844182
80863,1.74949727368617
63943,2.15197642120148
64978,0.795801829458009
643008,0.469241486936169
285141,1.99459600187049
389058,1.13424234341988
8859,1.76570501857172
388419,0.031262604438497
1797,1.99097718348022
6499,2.25009467190218
7936,2.59194675763362
120406,0.057140405596366
400743,0.0232000328901817
221527,1.67715176885199
6392,2.43364642487529
10919,1.98313311604203
100129029,0.449632721557448
143903,1.44865309196149
653067,0.0380557917082188
80736,2.65429126136668
4758,2.58233986363717
50854,2.10660226852401
3304,2.54237197924096
3303,2.77302974171773
3305,1.10366492058295
57819,2.63157189162126
7407,2.26038056961085
80737,0.722893399845346
114769,1.57328415331636
100506742,0.167363007422608
55777,0.895895247631726
4439,0.6874339460387
80739,1.13787538101623
80740,1.34972415307994
7920,0.500141276229882
80741,1.1760314421278
1460,1.694362975437
7918,1.87435250679595
57827,2.15960287209036
728215,0.644373604630121
55937,1.75333227346238
401535,0.0495192289370227
7917,2.6407623319638
727684,0.385959827647068
7916,2.60722734431927
199,2.27865643429204
259197,0.385057870896272
7940,1.68516501948625
4795,2.1538814225361
401250,0.142478454942661
730051,1.71040680593844
4277,2.0020627850178
90233,0.974277746485901
100507436,1.77644446111128
390980,0.999947963536138
3107,3.16303400550944
5460,0.107526841900486
649137,0.0286506937617837
54535,2.01568023431451
170680,0.118259586088365
1041,0.0420263638480368
170679,0.954697243545128
29113,0.375848280348245
394263,0.0286506937617837
8449,2.14189198885063
221545,2.01209924316616
28973,2.7136075965071
5514,2.30858326787343
387273,0.276955460020722
23,2.30107737743961
80742,1.89509637367755
11025,0.508376230008648
780,2.78376560061042
400997,0.401887567769991
100507055,0.316719997701522
440894,0.370478736181664
2794,2.01722508729644
3133,3.05179961250604
56658,1.63364529025061
116437,0.0128076294222381
90333,1.52070821694396
90317,1.49005804966505
135644,0.0432138940104846
11074,0.472918097662443
80352,1.91752563934379
6992,2.66824288919592
80862,0.674788493028754
57540,0.533378651745917
10255,0.0752292615879394
10399,3.0999039528504
3135,1.38932113015492
11138,1.69294124669307
3134,2.11911529833471
346171,0.167192797265528
147081,1.05061972474304
554235,0.227995868787177
4340,0.0171022935190702
106480788,1.03820258454557
646019,0.395175197076066
285679,0.124560998675753
400710,0.102015525667996
84335,2.22244831462387
653316,0.0619895891189751
2550,1.93803608539951
399726,0.762433856777909
116511,0.15898046074352
100507244,0.0850699324727219
387778,0.152246322955713
138255,0.043016088629042
5987,2.17490123035731
340895,1.1015647364788
102724642,0.690474763353833
100268168,0.375195485287181
64901,0.711306039029122
100131897,0.157775864700324
653510,1.08358085944975
728877,0.131881710470116
102724515,1.41973536119944
83538,1.45979473830498
100128098,1.64426354756038
642475,1.67294761294144
6311,1.59272031311866
1639,2.00791761718685
647060,0.025020825205399
57469,0.65838132141755
79600,1.90383689483117
29902,1.3673175009091
3104,1.8993474761622
147920,0.0442022240997431
444882,0.0845053532862342
728224,0.0461754078434364
2843,0.130280309711069
125115,0.0481439722271771
440145,2.15660092138847
100505591,0.0606346453732357
7711,0.682761908703445
790955,1.56427239079637
554251,0.84646683931694
105369167,0.116631393300044
392307,0.16446456804444
401431,1.21410285023802
57126,0.214787557493613
5673,0.286099187594734
100289678,1.56781142540395
155054,1.32602506236638
100131726,0.0424223934120883
390205,1.22941250896178
494188,0.0465694896604753
728568,1.31085515378009
56114,0.287564027265202
56140,0.0099324012091867
56143,0.0076664475141711
56146,0.0091091168566818
10206,1.64290379513215
100170765,0.0561671921294347
84501,1.10540927868143
441376,2.07658241030699
390748,0.0410354741801234
93035,0.0442022240997431
100506736,0.215108412764069
400952,0.0652710625303166
84912,1.50907387085977
3963,0.570577220108189
100130958,0.32763768800991
79583,1.10195910090604
346653,0.688026279780042
400950,0.025020825205399
645121,0.252089658826228
339453,0.539260895329029
259308,0.0128076294222381
344387,0.0262325134658017
441054,1.05229084122011
286144,1.88083747308386
644096,2.23454537916115
138715,0.209313235408644
55851,2.60728837337837
100131378,0.0596654842894622
149837,0.764173136235698
65986,1.44170671150732
201725,1.46431607296723
284402,0.551397269653807
55366,1.36341678350474
5699,1.94201361563029
5212,0.789363996829396
441273,0.540828359826662
1874,2.15055818121575
646409,0.0710306629776471
5150,1.54803010474421
100113407,0.826179152503462
6962,0.230044960544958
10071,0.0254249141756302
613212,0.0258288102084853
100505477,0.0134224851965348
6643,2.14491550832091
100316904,0.0366616595234452
56953,1.54037333624845
84324,0.0780798702999492
100129995,0.1250988793227
9289,2.317746232309
10527,2.44163538081879
54458,2.52930260917355
25851,1.55565810608931
4496,0.20217282435688
4489,1.80282561533058
388135,1.55416077667397
4499,1.66790808368571
3426,0.777851213889452
54809,1.89076562185104
3853,0.461600018133076
255919,1.37932087058144
3887,1.77709976084648
91828,0.221180308587003
497048,0.133479989705537
729264,0.0893856781967923
317762,0.915959282127664
100505767,0.905795266168752
100129724,0.0211723261778742
388125,1.43976771485601
57139,2.34551363364263
4676,2.6921524050844
7114,3.43375738824452
254863,2.1450690813069
100144603,0.83836081497552
1375,0.24300455003093
100506731,0.0633423431029015
6607,1.08294759914215
728492,0.234597081311967
3150,2.74548696882555
283463,0.033066130062972
414918,1.44037591949344
728689,0.261222871409679
107985433,0.0183253569229505
51451,2.60541938462528
400932,0.053631538511365
388931,0.277103789523305
425054,0.0455839386189831
150383,1.61626995850763
100270910,0.0610219959658159
91750,1.9754521870499
347527,0.543745172187932
641372,0.296585210024417
54065,0.0207662015448037
8110,0.875934530523565
100287284,0.122765516475702
105377203,0.327081544131642
339674,0.194474746081945
144363,2.0783070516567
100130311,0.484177476797089
6453,1.3354901937438
162073,1.85922230399304
79958,1.59525526232138
353512,0.255908016735438
64109,0.104408275572339
9946,1.69908750801628
285636,2.14412465296501
645432,0.323875917497059
100128682,0.0132175827499873
100131094,0.310492663971103
503693,1.00749822421056
192668,1.32579135260513
403313,1.84466819829562
3822,0.036063467897197
342346,0.0284494427319338
400941,0.116631393300044
153657,0.513814806691338
10737,0.0979504261429475
360030,0.15155248342787
542767,0.0769407965432616
440023,0.32135785334959
387264,1.40550751359465
146053,1.03531497849681
283314,0.912309610055482
100128770,1.1585656734574
100131017,1.95814961807869
100128788,1.08673690382018
653650,0.357756019075858
390874,0.0076664475141711
56245,0.051871586053616
54067,0.169572495028208
10921,2.48898745154719
391634,0.247021015259454
57523,1.65886977905115
131118,2.26786471941122
389626,0.0992460334971177
220164,0.358824386982076
90861,2.680975398595
255349,0.0477506279872771
5268,1.57886977656626
653082,0.286831950557591
402160,1.10362124426843
728047,0.0302589788495971
645426,0.152072918441974
648294,0.444410048669815
3039,0.122585752379058
51224,0.0179178651438874
57194,0.73625635364716
503637,0.407665294652756
389161,0.0082850342053478
401089,0.010754888621307
10866,1.38833759984257
3136,2.42153414951963
253018,1.01113604336095
131873,0.182704298338963
201475,2.20509296565129
645369,0.237253494497252
100192204,0.0999854713451175
3105,3.14593068644757
201562,2.3090898362698
55779,1.17162821232496
348801,1.16762003458046
389136,0.994459077102676
131405,0.025020825205399
152098,0.453878614110438
23243,1.782183574187
8292,1.04552968700142
131965,1.62639004830782
55831,1.50709715246608
440944,1.22421528169638
114786,0.002701491548138
26864,0.781466046871811
106481219,0.399488113374647
109616964,0.554476325393124
106481478,0.399488113374647
677793,0.989926075072905
106481389,0.399488113374647
677807,0.993776026236027
124906144,0.331657782425756
106479984,0.994721584094221
106480708,0.399488113374647
100873741,0.994721584094221
106481514,0.399488113374647
106479900,0.660057393841329
124906143,0.348478861165003
106481924,0.660057393841329
106479781,0.399488113374647
106479628,0.660057393841329
594837,1.88257633699826
106481310,0.660057393841329
100873745,0.399488113374647
109617022,0.331657782425756
106479925,1.42778190947442
106479780,0.396573252905351
106480171,0.272343279600248
106480618,0.848858947118641
100337591,0.563128937714642
106481236,0.414639616844737
100887744,0.399488113374647
100302742,0.399488113374647
109616977,0.569073719501765
124900530,0.741199565169881
109617003,0.339772390902612
124902824,1.48422945383357
106478990,0.399488113374647
106479870,1.29288108408151
106481504,0.848858947118641
106481188,0.727696473384132
100124537,0.563128937714642
106480144,0.399488113374647
106478913,0.848858947118641
106479835,0.660057393841329
106479820,0.994721584094221
26870,0.282130360912648
677833,0.357622367976233
124900443,0.597494400117215
26789,0.82432160559558
106478919,0.660057393841329
106480102,0.848858947118641
26798,0.498261664719046
106481297,0.399488113374647
106479980,0.66409843220395
106481230,0.848858947118641
677797,0.724337927960819
124903594,0.406914190304122
106481410,0.660057393841329
106480311,1.10727862153846
106479810,0.848858947118641
106480707,0.399488113374647
124900181,0.575168219444326
106480169,0.650654198969461
106481936,0.399488113374647
106479747,0.399488113374647
677802,0.331657782425756
100873392,1.35970562014696
100873759,0.994721584094221
101954267,0.778516651326373
106481507,0.848858947118641
106481430,0.405409726788792
109616999,0.331657782425756
106479621,0.399488113374647
106479615,0.408415649146717
106481497,0.660057393841329
106479718,1.44296420578041
106479955,0.660057393841329
100873750,0.660057393841329
100873537,0.618105612677935
100873747,1.20988239488392
106480073,0.399488113374647
106479954,0.390837492591835
106479755,0.396573252905351
106481921,0.660057393841329
106480653,0.40239174352277
106479858,0.853484885785484
101954273,0.282130360912648
106479806,0.685484075560911
103625684,0.399488113374647
106479975,1.37997959990908
106481392,0.399488113374647
106481416,0.848858947118641
106479626,0.660057393841329
106480011,0.660057393841329
106481438,1.72694142347574
114599,0.532534393222761
106479777,0.660057393841329
641451,0.346311488214088
677823,0.32763768800991
677827,0.563128937714642
26782,1.31106551385908
100873748,0.399488113374647
407014,2.16056567607003
693232,1.95480118142695
693163,0.434457091377568
693220,2.10765078319116
407011,0.431069221431126
574457,0.557338195661349
693178,0.689884555336453
693139,0.902939057252561
406983,1.30304316996567
574444,1.12231555680342
406941,0.74299516146701
406968,0.7481984537414
693166,0.434457091377568
693155,1.85965820869917
724029,0.703579438297136
693158,1.40635852080977
406933,1.35687719710263
406962,1.98501110892453
407007,0.648059154468411
406984,1.35687719710263
724027,0.427665890731847
693175,1.53562348622149
693138,0.872556392237636
107985532,0.180697848393311
664617,0.431069221431126
407016,0.480556945227672
406963,0.839774989144232
407019,0.897740377418345
407006,0.390837492591835
693144,0.708275238047374
693152,1.15916061421221
693209,0.703579438297136
693164,0.427665890731847
693214,0.431069221431126
693174,0.887462273257445
406955,0.648059154468411
693198,1.05703961378911
693228,1.16468343487982
693230,0.441545752420264
693201,1.34568865445499
693194,0.437949788491541
406900,0.489238756182592
407037,0.489238756182592
692225,1.92815598323358
4567,1.92896083790321
116937,0.713020196748892
26810,0.858208392800552
4558,1.64304148270584
4550,3.80733010951001
4569,0.872556392237636
4511,2.12249122285825
4579,2.30712417806509
4563,0.560188643971399
4556,0.554476325393124
4576,1.86232842591189
4571,3.53101706956047
100151685,0.590909224139139
2878,2.64159928771479
1734,1.61819558527846
280636,1.74732506706107
1733,0.31700187249262
246181,1.51997305729605
23012,1.8024854445045
22908,1.98037075310374
4549,3.50105512879399
7247,2.44055829254326
768218,0.388145829771427
768220,0.38001293027313
55652,2.17859766188235
3514,3.53510268304201
28948,0.817951907289646
28950,1.9979456461462
28908,2.45074394762252
28907,0.560188643971399
28906,0.683273142565699
28874,1.48906316706805
28876,1.00718979395312
28892,0.252854808413677
28784,1.34145159647051
28774,1.9585770230971
28785,0.259404667743331
28778,1.62255105400755
28772,0.964703508137194
28821,0.563128937714642
28780,0.137550372755663
28822,1.93773843760454
28775,1.80221949516652
28781,0.843062697282961
28823,2.26301855935301
28776,1.26686052386186
28825,2.84397957135007
28783,0.135783126027054
28791,0.771309101270333
28793,1.53326947524362
28813,2.04613316891102
28796,2.2208926800739
28797,2.67155010359168
28814,0.882008019524656
28799,0.132237153018681
28815,2.5294199532159
28802,0.367977499352665
28816,1.74492300425756
28803,1.61659415550173
28804,0.62804958030199
28786,0.236473118332489
3538,3.04588109808143
3539,2.49859853547164
28834,1.46795674843545
6972,0.611050212971705
445347,0.34195828374075
6984,0.346311488214088
6983,0.031262604438497
6982,0.372185383912457
6977,0.146679006037627
6976,0.096838290181438
28606,0.1272468869287
28597,0.13383474003178
28617,0.252854808413677
28595,0.964538066316775
28586,0.755354256289025
28602,0.32833230458971
28610,0.144406389276897
28592,0.427665890731847
28614,0.34113930261603
28616,0.380661596988309
28568,0.325689428539876
28567,0.618105612677935
28563,0.133479989705537
28639,1.86965763272256
28560,0.244860834333613
28629,0.689884555336453
28638,2.2672627937641
28691,0.374803538826287
28690,0.269652753139376
28689,0.129032610840784
28688,0.143530619363282
6956,0.126352566356986
28684,0.175154288632534
28683,0.47532092263285
28671,0.364806254598206
28673,0.306789235962717
28682,0.371529434014789
28670,0.870123233846596
28669,0.401635353251182
28677,0.425958388930797
28672,0.127961642715893
28680,0.092934019355804
28667,0.981937787836948
28666,0.495266403521917
28665,1.07036763038823
28664,0.845334127774537
28663,0.2349100619558
28662,0.379103863932154
28660,0.233500677344822
28518,0.257582261749483
28659,0.47326183962547
28658,0.418596021741581
28657,0.096838290181438
28656,0.153632232210088
28644,0.143180048388379
28643,0.129032610840784
28642,0.279916730332413
28640,0.276361861281503
28732,0.590909224139139
28733,0.590909224139139
28737,0.572077547613224
28753,0.572077547613224
3494,2.4332636575614
3497,1.16208653784513
3503,2.89622498418164
3501,2.79928411107882
3493,3.19275771157415
3500,3.19666672834909
3502,2.47644014282703
3495,0.633197885277003
3507,2.7186307341016
28475,2.17418307348713
28483,1.74118438941356
28385,1.91338276490165
28474,2.03079802821904
28473,2.33600362186832
28457,1.62203889426949
28452,1.98082910330071
28450,1.56930214411656
28449,1.16066500522897
28448,1.70853364722052
28468,2.18367309700288
28445,0.821421459268692
28444,2.27072124373608
28442,2.01101390701899
28467,1.57862371174756
28455,0.985785266008824
28400,0.71570511230649
28434,1.7681674289059
28395,1.81189754839445
28394,1.70630721137283
28466,0.232559697361703
28465,1.85094573538331
28424,2.06838391746062
28423,2.25285641593842
28388,1.93924725403942
28420,0.848593597177822
28464,0.325689428539876
28391,0.683017573480182
28412,0.889829909112462
28461,0.231931758133455
28409,1.04543322743535
28387,0.618105612677935
28378,0.235535653620173
163154,1.14625010986338
259294,0.352391666129312
266657,0.723696298386228
259296,0.15085805279077
50840,0.699682834187864
50838,0.033066130062972
692108,0.830902129192156
124900537,0.527341619208291
100873467,0.660057393841329
124906194,0.222611650317663
106481273,0.434457091377568
124904154,0.242229813078949
124900396,1.07781102461458
106481597,0.399488113374647
692086,0.616324961595887
106480622,0.421058204050361
100873479,0.38260427417016
692205,1.25874016092449
619564,0.498261664719046
106481457,1.71364622347836
106481279,0.399488113374647
106481427,0.408415649146717
106480645,0.408415649146717
124900533,0.33359103830158
100873589,0.744708183030237
106480111,0.584556610638987
677841,0.23694143605566
106480313,0.708275238047374
677832,0.484854339375359
692109,1.16882937976819
106479769,0.655992498857985
677800,0.834235288908172
124900185,0.600859983032453
692089,1.53485295170604
106481524,0.399488113374647
100873709,0.393647085859411
106481436,0.396573252905351
100873716,0.73782958768216
124900395,0.346311488214088
106481576,0.408415649146717
677826,1.51555851852908
124900447,0.360024517260745
100533177,0.191176484768874
645296,0.685823584165688
338799,1.45826338735251
100127999,0.56987598208091
339263,0.414143594685555
441518,2.05836504134075
283673,0.817395053779018
653232,1.81562480623424
402317,0.124022765722675
727800,2.25835989511414
83896,0.307788051926711
4539,3.67918165290874
54627,1.69960037466986
5462,0.239590030737812
26255,0.236004524282617
100271650,0.765078777494046
51157,2.22824533140575
81856,1.15522241063416
84258,0.881062863371873
23636,2.20517792125282
730255,0.094423529467826
163486,1.22678491511531
100996501,0.0561671921294347
730213,0.115181403890476
100421756,0.432523051671675
400798,0.571677769875203
375035,1.76356644754824
100422263,0.28050764386497
11116,1.0197075762189
391130,0.123304573053134
729952,0.0875120208953502
22828,2.11776831414798
25790,1.77661403151159
2532,2.3495110334088
100420110,0.0390501905320824
9534,1.61247620072883
139060,0.195625951238843
645257,0.041431969987866
255758,1.3401737584021
1427,1.15346327883139
1396,1.39339041173531
100271538,0.186037339999593
151230,1.32520662438927
402150,0.43710822285803
339398,0.134543780282725
100132645,0.0960960359655527
646175,0.292669443244294
442237,0.0899469520555108
196792,1.35855414147543
286827,1.2401417314551
10962,1.62854238062809
9311,1.32265548436687
170575,0.929589961216032
107133513,0.125815506185868
84960,0.486318732131295
445328,1.81494394898274
728489,0.308073192108112
100422473,1.7283463657039
643276,0.11318349351592
9623,0.029254159459327
387845,0.484177476797089
6827,0.051479983874231
100422300,0.036063467897197
647030,0.877711979798209
392497,0.133657384064197
401725,0.0617961599388916
390218,0.635940308043519
654029,0.902939057252561
4893,2.19364499140026
5233,0.517921017713405
641790,0.135429218543903
729279,0.326942445510891
392781,0.0610219959658159
646189,0.745563048146837
100421794,0.171098620559228
390612,0.185704654675442
389404,0.459618873116311
441154,0.0662337567877756
326320,1.32710462359126
4056,1.61826017281936
644315,1.80709683999192
51239,1.1578509186173
81890,2.25187291684435
1147,1.68448177181225
729484,0.107709920892978
83463,1.41212765662768
100271012,0.401383054238078
645000,0.23631695103294
2946,1.42864416335663
100130335,0.591881497521309
388387,0.025020825205399
84342,0.681225907009648
128770,0.347395940622977
646476,0.796808789302622
84986,1.57084179301974
652624,0.116450284130402
55559,0.163610112635495
3931,1.50844301077481
400963,0.797455303576408
728643,0.176501675312953
79037,0.260162762328908
221914,0.571177731225722
125113,0.113728858571093
643863,0.552322378734142
390354,2.24244277829591
6494,2.2699964551913
2086,2.03690723157466
55333,2.1285340294236
402,2.13157229853728
286467,0.331381206565716
100418710,0.112819716306845
449,0.0436093653522559
344978,0.139666044552042
388646,0.0223895328412295
494115,1.63352035991349
100271010,0.906461868250208
10011,2.34601847260696
375346,0.241454318250322
283102,0.555499738144888
644236,1.06591179739751
23234,1.69086889015463
220717,1.89212023471856
392382,0.13383474003178
414919,2.05873253193871
7416,2.92510765930878
221504,1.82956307971388
51075,2.62438479706607
729646,1.09473052615817
100526830,0.0236049920866109
87688,0.66409843220395
100271271,1.05651911219549
3073,1.34207518377171
4722,2.40358444998853
642641,0.871469024365885
54741,2.52855655690317
81606,2.094586450121
113179,0.789727353175701
5500,2.65345563825584
442325,0.530842902444561
652985,0.132414816523682
445329,0.0278454019696254
63940,2.3180281155437
27040,0.147900107438903
100129374,0.092934019355804
100271173,0.108441831261244
654170,0.118982195114986
51517,2.16887650856972
1388,2.62280946762262
729799,0.361887644665966
1903,1.91188628687055
646108,0.623141775122261
54978,2.44740126542071
729046,1.36704756527818
392489,0.173804655004492
388799,0.324155196521377
1192,3.09917040071628
23564,2.90222325988923
402069,0.116812462656807
111082967,0.103120732107382
6235,2.58983590061577
102724826,0.89694148476813
286150,0.21974639475227
100271626,1.31573200762564
643932,1.12971011473277
534,1.19461095254775
7693,1.81180394173657
100287325,0.439150376240363
124905951,0.15898046074352
730066,0.142127432245064
2968,0.131170362808316
51202,0.532323173895546
340443,0.085446105720894
388559,1.8845781966013
91664,1.23928421739377
22914,0.0694986479199568
128500,0.338128881273417
728706,0.318690969136861
285260,0.136843931739014
441013,0.491253502857235
2013,2.69493595893413
147040,1.75566452615552
728501,1.18790877847032
644029,0.866262367025113
1934,0.148945313407985
326299,0.120605749496627
111082970,0.0998006737938156
728486,0.0792173887819751
147699,1.17460609728194
643220,0.0869490986322006
388551,0.0921882600032804
442195,0.125815506185868
151295,0.271596835002738
1241,1.88647475469836
100996307,0.57357471371803
56413,0.892746074601381
100130523,0.0650783906040881
1773,1.36995544165222
1454,2.09730231693348
10379,1.21822001654932
2592,1.27902418935254
100270959,0.252854808413677
9080,1.0904570849312
729399,0.308500706125973
728244,0.958106538690068
390283,0.351449024819327
344866,0.564241056902976
3672,1.47172448827575
140758,0.648865556148542
138864,0.106427514965708
729050,0.320376386626327
100130691,0.380402196874269
390916,1.9107684120793
730087,0.845200736198425
100271361,0.152072918441974
7652,0.0205630661837875
30851,0.0390501905320824
140756,0.184372539834336
8906,2.0153680083854
7643,0.45821721137524
124902371,0.117355432003351
55739,2.40648816314694
53345,0.344681929037881
100271849,0.0996158349795007
441133,0.287564027265202
2595,1.24198938625685
644464,0.621467086612936
643167,0.239278889746858
26140,1.52393362271651
29803,2.5789402731198
6150,2.27164472892423
101060200,0.498372364392432
100190940,0.0203598820990786
79086,2.23858413262796
642687,0.110816068496528
124900418,0.230359737718341
157574,1.53516131412401
100270851,0.201846744967738
7106,2.35780273295393
8904,2.54366571148699
339231,2.27212671452114
100128535,0.892931756085158
494551,0.0691152046135907
100421420,0.468895861127418
57128,1.97235477667928
26292,2.31722660834658
155006,0.0869490986322006
768206,0.249943291111367
100289264,0.0717956175864252
647323,0.309355028478565
10195,2.350690544444
644903,0.379623463796317
170559,0.147202558931156
79729,1.69064873671942
401397,2.62282459464089
253724,0.302206798555117
400064,0.241454318250322
360019,0.775479760428126
255809,1.20970131499223
339210,1.07483581438094
647288,0.0455839386189831
401393,0.865293483518354
51024,2.83419951490318
342808,0.059471517423572
401863,0.0792173887819751
400141,1.86574923908164
283,2.08014444009753
619207,0.636852048497301
347333,0.434094841115883
120376,0.378973908345175
100505854,1.53313405800777
441272,0.179525113835239
255374,1.56808118108567
344167,0.190018894008408
100130894,0.0296562306312831
54492,1.81198073680884
100271286,0.657585966819417
643981,0.29571673761893
79441,1.25147082186652
387804,0.0542173700425294
644972,1.41180611432671
399942,0.581210832260567
644246,1.6400489055788
401562,0.0398448655326076
92482,1.25311324508329
392371,0.472230131301452
101926911,0.224199023174686
440503,1.99174222984948
643971,0.0725598717535938
6174,1.17151187144154
730005,0.341002720827532
344022,0.0223895328412295
51400,2.12812942379164
343851,0.132237153018681
10809,3.13523682175444
92682,1.68680611573288
128580,0.326385800185718
401375,0.116450284130402
55384,0.716759880192
728130,0.308215722939551
64506,0.35855743505391
400954,0.18153447501312
85486,0.799820404789529
100422384,0.0455839386189831
414254,0.0602471155158791
647155,0.13099242943963
105370047,0.472803481288428
442319,0.421918057687285
643689,0.284337749808737
100288842,0.591589956137514
23053,1.96784211870887
100270907,0.0627628591308276
727835,0.493708450560847
100271715,0.171606691073052
7866,2.04366687108214
105371730,0.0975798800301689
440854,0.438550324572902
9189,2.15400121414743
392516,0.123124926797672
644924,0.0822431961241168
221092,2.26272890098807
751071,0.868967429601257
6145,0.501354916519017
402287,0.591978651219414
643680,0.232245789728658
391819,0.0428182367483027
654463,0.0181216355189445
4515,0.476804457629873
729475,0.097765173807287
100128646,0.527341619208291
253128,0.233500677344822
441204,1.0346768404144
219537,0.703579438297136
100287272,0.171606691073052
401247,0.695847349417455
388122,0.0606346453732357
283551,1.08507083433771
326317,0.13099242943963
8489,0.207534086575862
390848,0.131170362808316
285830,0.422654289255789
207032,0.447025981547705
392552,0.0867613730983522
125150,1.93134236317254
102724637,0.0555827213422205
2856,0.0434116529118274
64283,0.879800458432254
100130742,0.335932056757271
729920,0.355212642920498
402425,0.076750799447613
728128,0.0652710625303166
646672,0.0875120208953502
341392,0.264545386601418
79680,1.38373140084947
100270963,0.113728858571093
340267,0.853814035747782
11331,2.70977569374181
100130357,0.282130360912648
388344,2.27384584126422
80060,0.0951672823362936
678655,1.9880828771926
84461,1.24161351818561
392862,0.845000596898725
140715,0.107526841900486
153684,1.34380034363053
442459,0.0302589788495971
54022,0.0850699324727219
3876,0.583574198947213
137886,1.95604199025513
644019,0.595950472802396
360226,0.0449920531388688
391179,0.119523735885593
124906495,0.24948259616947
81428,0.0262325134658017
286430,0.0503040803202519
55889,0.0479473231186116
730112,0.299905414275566
55670,1.28734981474778
285696,0.0045667467349953
100418829,0.154842971653662
134121,1.05614027737237
134111,0.547788216083081
286348,0.071221967357895
101927905,0.807784167291185
399715,0.309355028478565
100506688,0.301632090300192
60493,1.85471567630436
440270,1.40825563698294
55449,2.16238318343549
157855,0.22941503241767
648947,0.21574973723169
100507650,1.04039561934162
100270869,0.0901339590533384
1654,2.3290351680563
64601,2.25423359860633
139452,0.118982195114986
642448,0.119884565199712
266623,0.20217282435688
100132103,0.0829979322484961
4636,1.73101720658621
388815,0.246095944964931
407975,0.489126662843219
55628,0.764777034610885
114044,0.673061574935142
79716,0.985998302972632
100419570,0.299040637766914
100271252,0.0616026860516921
100132995,0.08431707500591
284837,0.753361444782175
283514,0.0154687933557568
646982,0.0410354741801234
388795,0.0586952005206574
193629,0.0493229014588557
100133163,0.329581040263295
170527,0.041828279182458
128954,0.0134224851965348
400831,0.23694143605566
391584,0.259101225698498
3166,0.0731326033913595
118126072,0.867423086355671
2642,0.169063147349782
51032,0.171437369631719
729515,1.73001125747183
56900,2.44307615772365
109286553,0.361089718328664
106479025,0.111545230931358
728833,0.647521030446272
8718,1.53982033736124
100131465,0.796089690348278
442249,0.286831950557591
339535,1.85326833274394
643136,0.0641143646112851
284685,0.281982980067927
124902709,0.46681869302201
100131187,2.94831128498506
126638,0.0152643844692303
100996702,0.11318349351592
643329,0.159668001170828
391053,0.0828093123943021
606495,0.94833136405953
400750,0.17683817166592
441880,0.246866911925363
284498,0.726738600424437
100287898,0.641935777035929
219293,2.09460664230897
100126331,0.758941553741589
100126336,0.512404693212427
100126327,0.775702446731765
100271020,0.17295999003645
728179,0.0660413065929845
643954,0.083940390516352
10437,0.188693893295454
147710,0.0746579682411712
100129061,0.140545962298171
100271210,0.0706479226552025
100271198,0.133479989705537
100131229,0.118078834682481
100129784,0.178854214978051
285780,0.009315012732202
286444,1.21514398729829
100506302,1.07216820698782
493821,0.284484687896737
100270935,0.0882619910836516
285095,0.594499961729146
79741,0.749126115376867
644016,0.0633423431029015
100288252,0.448804298002788
643627,0.12114622315791
100421093,0.0340664262320136
96459,1.82192668489863
646785,0.734995099381319
100129422,0.0780798702999492
100131031,1.25331401783799
100271176,0.288441615041299
100128379,0.0443997508881444
100131390,0.101462368225262
100133294,0.264394666900614
394255,0.690811795552354
646674,0.314461298270953
81694,0.058501008843608
645157,0.110633677154773
442153,0.0408371562480633
644186,1.50980545484925
105375130,0.0908815660467812
51192,0.0899469520555108
127545,0.0986910213962365
10340,0.273685094362212
100131471,0.962881189058232
158104,0.85420879252922
442267,0.0334663908138561
107075303,0.57387376859633
340598,0.318128346411239
51025,1.30853567222825
441160,1.20577548603512
642935,0.0485371324516474
442252,0.0400434172142254
100289319,0.361089718328664
728590,0.692914474647678
442162,0.188859637575647
387323,0.566057151869953
55714,1.54814261986802
100271131,0.0621829736100838
101927722,1.82070646390987
106480263,0.18153447501312
100130449,2.09658508550952
100996944,0.171775977135072
389435,2.28576387961487
100271103,0.136843931739014
29092,0.55047096321897
132542983,0.20217282435688
100420839,0.71407916593738
100131913,0.059471517423572
139748,0.041828279182458
100505876,2.1088370559784
124901233,0.0761805481519545
100289381,0.0927476423604853
56903,0.0252228938178094
100421246,0.0461754078434364
100271057,0.148945313407985
163033,1.76704779991829
106478982,0.424369349249134
646819,0.802889419970863
641293,0.106977361309365
646269,0.132059451005708
440400,0.627495711231176
100128985,0.0614091674392234
107075112,0.539992804306397
100420052,0.0816766944344988
100420051,0.777185104071021
25817,0.574969226732718
222901,1.08498064094356
646294,1.22639847690954
55672,1.67935916025252
729852,2.09985876849612
648791,0.307217457254006
375190,0.977039970872718
100421515,0.184872340656819
101928464,0.485079821290848
100421511,0.0438070313509447
728562,0.220384007852123
100271180,0.203638544304087
442217,0.372185383912457
645161,0.245169792620687
645191,0.176669940986125
643906,0.0733234266047182
400579,0.334280312453075
100125288,0.505641591671544
6844,2.26114848745232
100271098,0.503776144997596
100132803,0.338403043655793
337874,0.885398949038715
100270862,0.759626278170834
442167,0.161555744857729
442155,0.0880745620036581
442179,0.109173093423369
100131205,1.39202900230074
106480323,0.584556610638987
653737,0.793205372342153
729402,1.72537931282998
106481677,0.179692751574496
100289545,0.861728265086576
100131761,0.365600304005698
100302229,1.33537543626655
106479559,0.770037780756817
100302150,0.448804298002788
692214,0.717813001024525
124900452,1.03004218270377
109617000,1.26826182341178
100302112,0.364806254598206
100422849,0.527341619208291
100313770,0.374803538826287
106479551,0.41785578539967
109616985,0.248867918546407
106481160,0.910867818931424
100302246,0.489238756182592
100302214,0.507611567951372
100302217,0.572077547613224
594838,1.92274552160398
100313829,0.38001293027313
106479550,0.727696473384132
100302218,0.971066571337814
692212,1.84290522946884
106481173,0.713020196748892
100302149,0.887462273257445
124903100,1.19894859356992
100302121,0.484854339375359
124900180,1.12657066316674
677843,0.773769997795727
677799,1.52776409030504
100302204,0.305646157078073
100302161,0.590909224139139
100313771,0.698934115962481
106479557,0.362286295155408
101929145,0.772279640061684
64641,0.94719778395695
750,0.318128346411239
441150,2.21549894439517
5534,2.21731109159479
2189,0.275619230518917
9179,2.03341566400146
84226,0.533167679869532
401335,0.106610837745808
346525,0.0130126308322217
91584,0.69743419786237
1052,2.80590999950021
63920,1.32462124685116
284293,0.0187326529005272
23467,1.73899475868655
221786,1.84408137660611
5520,1.85054788256058
55150,1.27547126224545
400713,1.578324745417
10626,1.04020100992127
392138,0.029254159459327
135941,0.0244143296379668
200765,1.09857639881916
53822,0.114636999340892
389668,0.418472699814094
283416,0.606782612068246
388759,0.412653557047847
84561,1.68253787711529
3809,0.0970237498872507
80830,1.76245811793964
3995,1.84904775003768
346528,0.0685397094214406
81669,2.52876406062706
7311,2.93414156158127
343263,0.219108271980465
9374,1.78529584714889
57232,1.34877413742053
388948,0.0782695646180464
149478,1.30148526321996
222234,1.76114777965447
105375614,0.0614091674392234
84084,1.05542930687356
101928111,0.716354395399818
440925,1.00036412988836
729224,0.594306334510612
641455,0.0234025367070836
3542,0.290339679910652
653781,0.0629560650472485
112597,1.21521571765194
149069,0.372709736759833
414236,0.261222871409679
106480079,0.660057393841329
106479586,0.578245490968259
106479006,0.953013587978437
106480837,1.07396327810241
106479106,0.310066246097769
106479826,0.858208392800552
106480204,0.248867918546407
106479611,0.408415649146717
106480868,0.177342653872607
106479901,0.421058204050361
100873676,0.385315682482522
106480211,0.584556610638987
106479825,0.908215886165331
106481510,0.424369349249134
106480403,0.421058204050361
106481512,0.399488113374647
109616991,2.04098580718543
100873283,0.335657012091373
100873464,0.872556392237636
106480670,0.439749944177408
106479812,0.40239174352277
106480223,0.247637128743701
26852,0.260617269397896
109616976,0.830902129192156
106479143,0.158464423713218
100873607,0.396573252905351
124900296,0.58130946353461
106481305,0.411534083767005
107080629,0.248867918546407
106480092,0.648059154468411
106480415,0.425958388930797
106481580,0.399488113374647
100873824,0.263187869494212
106479579,0.961940302076947
106481962,0.436265704546873
106481934,0.689884555336453
106479594,1.02586992250383
106480463,0.568471428157961
106479817,1.00955040150948
124900245,0.590909224139139
100873835,0.374803538826287
106481751,0.278437493718119
106481218,0.411534083767005
100873421,0.758941553741589
100873503,0.668289996747333
100873469,0.703579438297136
100873371,0.793205372342153
106480091,0.408415649146717
106481271,0.66409843220395
106660611,0.66409843220395
106480029,0.408415649146717
106481891,0.858208392800552
106480770,0.611050212971705
106479132,0.157603633849999
106479108,0.150684352667124
106480135,0.66409843220395
106481407,1.67379159889351
100873381,0.41785578539967
124909376,0.641392870836523
28773,0.233500677344822
105378622,0.207048177724133
105374219,0.0294552189612712
106480801,0.0852580403731478
100507257,0.131348257581024
100873332,0.20217282435688
101927761,0.456109721644382
377630,0.0284494427319338
100270846,0.0627628591308276
124908063,0.0322650387162132
728190,0.799748860581556
124905179,0.246404421848082
118460,1.79031618548536
100419645,0.230988918716259
6293,2.14909086248783
146822,0.243623794793028
100505716,0.357354995624045
389179,0.375587229639349
106480429,0.833556448445869
105377935,0.129032610840784
414230,0.131170362808316
284391,1.56110825266771
100505755,0.0664261626900539
7118,1.21521571765194
102724297,0.983543861040855
645280,0.0406387916047836
646588,0.0442022240997431
107133497,0.729449033558267
27320,0.0201566492701331
548596,1.33373741028498
257000,1.75320100799903
729301,0.566862820887877
100421599,0.0820544050747075
102723831,0.0621829736100838
342931,0.0516758077965697
100270977,0.151031715914848
100996249,0.0818655711838594
105374449,0.229099881290841
28414,1.1832563653643
643172,0.0240097576149657
105379152,1.49848577420449
100129320,0.24809889929831
728819,1.12311843230456
100874190,0.121866302736131
645715,0.51457296430215
100130718,0.142829326952615
100874188,0.362684737446192
100862692,0.119884565199712
105377199,0.101646795135895
155400,1.65852988708537
402694,0.2349100619558
100271420,0.26650212078422
100130782,0.299040637766914
100420247,0.0784592157513684
100130417,0.230517079620253
642852,1.68378350194792
101927356,0.264696077451182
100287902,0.452348181800843
107984010,0.960609531246172
100507127,0.0132175827499873
101928516,0.0786488237171767
282697,0.0933066477599419
10715,0.043016088629042
400866,0.0219839916622789
102723377,0.134543780282725
254099,0.126173585315438
124906892,0.0643072587180317
100312792,0.0565566131007352
441307,0.17042069729137
729374,1.06099929505831
3115,2.57905765459036
105378785,0.0089031710875008
100131785,1.14486961308028
100505783,1.09760628105356
731642,0.190515208049421
100271236,0.215589454345671
447,0.19956047362333
105373878,0.750052487387956
402429,1.03078417329412
441907,0.171268012798103
101927034,0.181868883190801
101927027,1.09157298429582
128266846,0.0677717653179942
645560,0.114999975663909
729621,0.157603633849999
100379345,0.746804536353913
399821,0.160354960735192
110806285,0.324852952603498
28875,0.694424390125009
101927420,0.660761889924698
80772,2.42827860531778
100270888,0.239590030737812
100113397,0.152939572256387
107075264,0.0352652184723042
646685,0.211410782764714
100129175,0.15155248342787
100861514,0.0985059346638177
100271063,0.222134821697511
285954,0.0908815660467812
105373953,0.373102764223959
102724714,0.198414892898551
105374250,0.0526542428027862
729723,0.410412938455383
100874055,0.025020825205399
100506457,0.0629560650472485
100996485,0.45223032509117
401022,1.22811779857069
199899,0.0786488237171767
286423,0.0633423431029015
118732296,0.0801641354811421
100421692,0.352391666129312
100505633,0.0717956175864252
388707,0.461832744887897
284930,0.0130126308322217
124905349,0.648955098305255
107985210,0.237565430338323
100303728,0.783522790625936
728523,0.314461298270953
284688,0.0300581105554705
101927635,0.394156800025889
644896,0.320656932830608
100420546,0.492705150889222
100270877,0.275767812929035
28392,2.21345729568973
92340,1.07064500170751
721,2.13999247883449
100506115,0.174479753097548
643507,0.599707881296675
220974,0.0282481437700031
100861573,0.172621877208929
390418,0.118620969890508
199800,0.915123533364731
100506637,1.19824648305442
100652865,0.484515986277298
100422342,0.102568313484256
401638,0.0606346453732357
100422523,0.0916285002418245
727859,0.0286506937617837
100420567,0.135960022436348
110841583,0.499036209608406
342371,1.6156858296001
897,0.245169792620687
102724691,0.0816766944344988
100874146,0.16974220649948
285375,0.0510881989588056
149501,1.92467559233614
140913,0.112455778548313
221710,1.5542348297236
100507404,0.0294552189612712
105372907,0.797024365031357
107985246,1.97324128386734
100271200,0.138256204616383
100128771,0.689884555336453
3116,1.06193817244052
101927994,2.11671558027538
122965331,0.209797772750175
102724224,1.81227176661202
642659,1.253514716511
105378653,0.328054533004933
283050,0.897371783673169
100130240,0.0820544050747075
127099,0.266952984640683
729467,0.0629560650472485
105373175,0.0641143646112851
101928436,0.0388514046163894
149935,0.19348668602542
643358,1.69854700735494
28408,1.64020284947761
401109,1.58817756002235
100505696,1.54952812635574
100418819,0.0681558255976688
100128299,0.113728858571093
100271510,0.156224473136085
100302401,0.324573925812795
100874262,0.120605749496627
101410535,0.19348668602542
100874268,0.238033104408532
101928887,0.0195466581122431
339685,0.467049778932872
100129845,0.318128346411239
124904039,0.43602480978355
100507064,0.0650783906040881
107075260,0.289464223096241
286494,0.0778901327798074
286512,0.0875120208953502
122455337,0.317565314370426
344462,0.189025347776694
124905119,0.0869490986322006
6163,0.489238756182592
100271202,0.185704654675442
100271144,0.385315682482522
100874253,1.50256323555302
220980,0.0920017153720052
653659,0.469126296359818
105376277,1.34526649070466
100133205,0.424246975361254
105374888,0.0368609624667365
100873941,0.196775510943119
148413,2.07514787603776
102723824,0.0563619252247972
284184,2.37426515683334
107985793,0.131348257581024
220433,0.734521516070061
100421729,0.0700734830017112
401398,0.0938652766473933
101927858,0.302063161290344
105377134,0.45693001505071
439994,0.680028847110074
101927300,0.343457484404704
100302691,0.0920017153720052
401399,0.566258654615797
101927215,0.009315012732202
572558,0.0455839386189831
100873974,0.353736285781017
100506195,0.0538268611423806
8552,1.35970562014696
105371620,0.38621733232959
387890,0.552938454260694
5512,0.229257472451869
100271016,0.170251127831315
102723566,1.09681134159434
387494,0.49671010188374
729595,0.887462273257445
148645,0.7162732691812
100462772,0.408415649146717
100874068,0.254382888076708
101927839,0.142478454942661
642741,0.564140026850237
101927293,0.0936791088254262
390035,0.380791263779241
338099,1.66708199198847
100420030,0.154324303695133
728532,0.256060367680391
101930421,0.302924587275316
100533626,0.165829829028472
440577,0.395429581783856
102724849,0.124560998675753
100873912,0.955257440541713
100533663,0.0400434172142254
124900217,0.763719850988942
100874179,0.157259062738087
388428,0.190349804008641
9842,1.59236192861886
100188953,0.0442022240997431
192133,1.59198618288827
3311,0.59643331371419
100130446,0.510012085963278
100506159,0.0436093653522559
100874118,0.336344439506165
140755,0.180530419052839
100271204,0.0683477895576427
100130871,0.119343261883879
100506161,1.47802751494884
102724312,1.40034606738893
646567,0.30736014523199
340274,0.0861979419229091
728134,0.507611567951372
107985190,0.113001624972295
100506599,0.675391887230187
196993,1.76846704006856
100507459,1.06273504432776
207107,0.128318787379677
100294720,0.0775105280642577
391656,0.130636446855533
128760,0.203638544304087
101928233,0.349019748169241
100507540,0.496821037347392
8686,1.28910600853472
100507171,1.01910296542006
124902324,0.113001624972295
343332,0.0499117462968908
102723305,0.171775977135072
554203,0.198578647323509
123706550,0.152419690580264
101060691,0.607923180264905
151171,0.0274424681999785
387491,0.202498771328752
100873219,0.0784592157513684
105373113,1.29020071259238
28870,0.490134884780781
100129480,1.05133649512926
112268293,0.116631393300044
102724386,0.34671833762388
133039969,0.242229813078949
105372791,0.186203631222028
100191040,0.894600433926248
441246,2.37564181580319
100874001,0.680285536509023
401242,0.100539616582576
729083,0.114636999340892
84627,1.08547653230559
646624,0.485981055230601
100874313,0.271895497979454
100652939,3.10727181825214
106480234,0.101093391034403
100048922,0.414639616844737
100506474,0.0362629122582597
100462886,0.173466894741469
348262,2.39897118589599
100271456,0.114092234949886
105372988,0.218150130624384
100128385,0.110816068496528
65010,1.57622664021001
28410,1.07036763038823
101929407,0.237409477737577
100129487,0.108990338597057
101928284,0.21974639475227
100505641,2.57494004701413
138948,0.904095259611814
105378715,0.276807102454556
101927523,0.313187880033229
219731,0.282572337038963
346517,0.0520673186640733
440823,0.304787742977905
401264,1.00020810107773
105375304,0.265449099272857
100506804,0.196611388713941
100129216,0.851176088958786
100874034,0.344817857921
100128071,0.650296840564848
2074,0.984932371019988
128676,0.112455778548313
104798195,0.0908815660467812
643205,0.15898046074352
7686,0.238656241520586
284618,1.43364473483206
100289650,0.0569458532680942
105373144,1.52844839519087
124903883,0.703579438297136
100270866,0.200377746521085
441581,0.0258288102084853
100884155,0.110816068496528
100271119,0.419458707027026
392501,0.117717212784645
414764,0.160526609967295
51406,2.44607018739955
100130400,0.108441831261244
105378049,0.0394476217259577
105373100,0.0526542428027862
100421606,0.0784592157513684
105378500,0.0710306629776471
50652,0.0039454490619983
107986593,0.322478006015617
4909,1.01414238293302
107080620,0.330273909508517
150538,0.0534361704016004
392617,0.854340324062626
100887749,1.42281932092344
101928527,1.97163430720339
107986756,0.595853864897818
101929329,0.0553878071845259
100527945,0.125815506185868
106481735,1.10475575980372
101927904,0.0826206497668653
100289509,0.197923429313899
644131,1.41469267986304
100874243,0.294122020913587
101928118,0.0897599029245919
107984921,0.749821015115741
646202,0.185205369304919
253264,0.0700734830017112
645054,1.84006682090304
645441,2.60649093217881
340947,0.0645001083526856
105374588,1.09322060114153
102724548,0.43506045060897
389634,0.134543780282725
140857,0.0738956344925407
101928205,0.0759903776592968
100271612,0.313612585307758
348751,1.35259162048458
151475,0.274727144634156
440465,2.36309125356957
117369447,0.143180048388379
100287722,0.221975815463252
647310,0.806723211788357
100129215,0.153805305216018
105378147,0.13259244153535
105375977,0.474978142520643
100288778,1.60752873449127
100271053,0.136843931739014
441073,1.26085593164806
340460,0.0463724718392014
284576,0.0386525717956126
100506834,0.347802215138303
414197,0.987487474886079
442406,0.0822431961241168
101929541,0.525744492928711
100874239,0.648059154468411
392872,0.484854339375359
105374901,0.133125085756639
112268270,0.254993293101234
65072,0.0960960359655527
651302,0.242384821057927
100271594,0.299617262155836
101928114,0.0138321417599086
728763,0.0875120208953502
401537,0.0600532833173621
100506714,1.17479892267601
127566426,0.566057151869953
100418799,0.173466894741469
441783,0.39198813486556
100128936,1.39933283096089
101929378,0.213663549058408
3463,0.0985059346638177
100128341,0.0635354152782802
102723341,0.0338664618273812
282791,0.112273749424129
100133545,0.0567512557756906
100506392,0.147202558931156
442525,0.059277505632032
100131338,0.0814877748095437
392197,0.0320646470462866
348840,0.015877463426456
100506811,0.684379504365769
727997,0.419458707027026
1568,0.253160660906882
102724168,0.0903209239347336
729662,0.516302923831799
100420505,0.37061015279494
105378763,0.0070474104382352
79134,2.07458315588388
100874095,0.015877463426456
100271471,0.393009458927658
284835,0.224199023174686
729079,0.0600532833173621
100151645,0.0986910213962365
105373984,0.276213391367927
79024,0.009520858735307
100128060,1.43072186525809
101929425,0.385315682482522
100128662,0.123304573053134
100422284,0.0738956344925407
106478958,0.0134224851965348
107986806,0.0424223934120883
122455334,0.204614205474604
100129553,0.682506148172746
100874198,0.0534361704016004
728990,0.0481439722271771
100418921,0.278437493718119
122455333,0.122226106239053
101927117,0.25254883747966
285643,0.0123974780415539
28620,0.227680155268206
102216342,0.0148554188895284
401014,0.0362629122582597
105378385,0.146853560983701
101927667,0.43710822285803
728558,0.097765173807287
102725191,0.0432138940104846
104355426,1.54371581648141
100128930,0.216870818283273
101928525,0.253160660906882
440078,0.486093631506343
101929428,0.0191397532419228
100507657,0.0340664262320136
440498,2.252094938271
140771,0.0918151287903754
100507564,0.725539335853522
104472714,0.0694986479199568
101926890,0.0126025784990239
259292,0.0573349127789155
124902537,0.0234025367070836
100170229,0.775405514955528
100506682,0.0557775902066152
9834,0.170929192902111
441531,0.0320646470462866
101927070,0.408415649146717
105371856,0.356016728939658
404665,0.24732913195155
100507600,0.13631370066278
389690,0.0449920531388688
100506835,0.123663747828285
105372629,0.259101225698498
100996437,1.41274543478627
339529,0.10293663356108
112267877,0.252701837756793
107985092,0.864582032012513
651628,0.041828279182458
124901728,0.264696077451182
100270873,0.116450284130402
124907879,0.269802468780043
123464518,1.02447267572771
101928089,0.293105500621005
124900638,0.0643072587180317
100288413,1.11802872807722
101927084,0.558051875426888
100820735,0.147900107438903
100132677,0.13737381964589
646710,0.532534393222761
100874178,0.0380557917082188
100289237,0.0126025784990239
647415,0.0685397094214406
92507,0.139137639219655
57291,1.33416896548928
101928161,0.0891985025665453
107075164,0.241919706165435
105378591,0.09665278895269
4049,0.33441809326727
1061,0.0211723261778742
100133123,0.0232000328901817
124904542,0.249636190968934
400619,0.140897664497433
100505746,1.02181892627175
56967,1.70574884631376
102724094,0.23444054474992
9277,2.36719966391501
100506757,0.476462369262588
117779438,0.16974220649948
105378720,0.437348767311412
107985194,0.0453866897349848
105373757,0.0906947274148189
144,0.0356644376201233
101927394,0.317142771412861
100287225,0.0029089440711514
100131827,0.935803977962064
100996941,0.0276439590910099
124902108,0.216390547537766
644909,0.052263005646635
283089,0.0322650387162132
125177374,0.629524414681423
104502417,0.10404061055807
105374344,0.161555744857729
6967,0.613975072428142
93653,0.692494458224433
101928222,0.796665032694089
100874231,0.118620969890508
414761,0.739163934739285
124902280,0.729449033558267
105373951,0.36440891949239
100874202,0.617075262166872
101929212,0.428396483612593
101928015,0.085634128532859
100130488,0.337305807162102
100420050,0.171098620559228
100144748,0.5999000293249
105376174,0.219427397119987
100270985,0.140370054462992
388621,0.202824585977597
100873240,0.146504413757989
100271039,0.184705774775147
100874169,0.481463755983178
389101,0.292669443244294
8505,1.62519877213971
389053,0.399741047677634
100505538,0.755889763591017
102723324,0.235691974593381
123464517,0.970138179145526
102724601,0.0477506279872771
100507086,0.723134370029457
100128675,0.275321981246924
650059,0.106977361309365
140696,0.714567361279053
441218,0.236785360833274
105371673,0.0489301088118718
102723483,0.213342113419943
646119,0.0835635353418218
114036,0.180697848393311
338098,0.153632232210088
101928555,0.233814089985744
441282,0.322617911022926
648630,0.164976810024047
100505826,0.211088440665768
102723834,0.307788051926711
113178,2.4916059676393
285758,0.545302887720435
4050,1.37505834562136
643371,0.0540221383132408
100271085,0.508812818661687
90193,0.565553145387826
440584,0.515654672881294
100132415,0.317424492343596
122152331,0.381050530862117
100506725,0.142829326952615
28593,0.146329784130774
100271607,0.243314232896899
104355293,0.0719867467506061
389740,0.104408275572339
100271593,0.196775510943119
101930114,0.559375391021774
100861402,0.0733234266047182
105376292,0.781686719961145
645015,0.841722803892712
100506810,1.32044628329487
100507533,0.0113712320035829
100874100,0.608302958010201
144766,0.0193432301006561
103724388,0.10238409192168
100131051,0.264394666900614
100188954,0.119523735885593
106478951,0.101093391034403
647286,0.0370602183099194
101927468,0.124202215877155
107985228,0.473147276826093
729867,0.465546423576251
100131085,0.0704564866776887
100271036,0.0846935889461878
107075190,0.245787347854087
730187,0.926723416048778
283955,0.0219839916622789
101929410,0.601914420994478
105375387,0.0532407567944813
729059,0.152246322955713
100507027,0.0364623094604789
642395,0.713020196748892
450,0.0434116529118274
124901333,0.776147593973412
100506990,0.125457270894805
122152326,0.673925578117107
441072,0.247945005717645
100129958,0.0398448655326076
100288831,0.125457270894805
101926948,0.0908815660467812
116935,0.688787096089774
100130719,0.167703320633072
100420226,0.0923747627007558
440600,0.252854808413677
101927678,0.0683477895576427
100131425,0.66409843220395
399774,0.0473570995805846
100873206,0.271148627504242
100271543,0.0706479226552025
101928101,0.116993492216047
91149,0.0209692882026594
283038,0.14405619395913
105375013,0.214948001224658
105369165,0.0633423431029015
112840934,0.0207662015448037
100312801,0.205750978783932
101927787,0.673061574935142
246721,0.344001923210229
100131672,0.289026126412256
100420341,0.770785912445814
101927532,0.451758710585796
101929516,0.265750106382509
643723,0.241299128225038
107075185,0.0679638175237219
146110,0.500913826727922
107075311,0.0784592157513684
105374582,0.0424223934120883
100507057,1.28182434297597
100131961,0.0927476423604853
100874054,0.635757816233809
101928995,0.0223895328412295
124903852,0.109721115265514
8488,0.0863857947605423
102724624,0.161384312844955
344697,0.584065575305349
100421400,0.0914418297097786
647201,0.121686341935808
122152325,0.727217707621586
386597,0.579433116949755
440991,1.10905541144104
440714,0.0432138940104846
23738,0.0530452976713926
100505566,0.24732913195155
493812,1.27279917146209
83955,0.217190838480678
4509,3.55636213191444
105374289,0.0221867865316464
5005,0.395302400148203
641515,2.08877536143784
102724201,0.167873423712719
55009,2.39548260526914
392313,0.110998419529435
91316,0.343185120122647
105376199,0.113728858571093
729259,0.16974220649948
81439,0.0111658338983268
100133024,0.376761251866168
284757,0.0195466581122431
100271339,0.17683817166592
105374845,0.378973908345175
104355143,0.242694746112255
100506443,0.0610219959658159
101929270,0.500251690763293
101928043,0.0340664262320136
100270900,0.379103863932154
101928612,0.355748794215813
100506885,0.0687315852068485
127566425,0.630260661961293
400957,0.0134224851965348
107985688,0.508376230008648
100419458,0.129567571269748
106480778,0.245478630433412
105378663,0.352391666129312
728509,0.501905903297214
728481,0.0949814066654706
100128731,3.08023951598819
101927692,0.0179178651438874
728537,0.996817554451544
100507254,0.0923747627007558
728088,0.358957827966194
100419679,0.181199928331334
106614088,1.01930457007109
100131193,0.919231802851466
392713,0.595273939147767
112267871,0.327220617684011
101929309,0.0882619910836516
124902438,0.105510290447963
100128605,0.283602645126917
283008,0.15259302132939
643988,2.18279948076497
100874041,0.498814995044631
646912,0.197595619879946
100287049,0.378713930379379
644672,0.0700734830017112
169834,0.0658488120877697
101927768,0.0782695646180464
100124700,1.64017206485091
109729180,0.378323796350898
100127907,1.14539784532324
441442,0.0420263638480368
104266960,0.092934019355804
105376527,0.424980918317437
100129421,0.191837218964394
3879,0.21751073054341
389333,1.07069121753115
100874006,0.180195456254561
394214,0.0778901327798074
107987423,0.0820544050747075
100506084,0.203150268397566
1719,1.79407542128665
101927416,0.41215621951155
401251,0.406538356524215
111082972,0.738693292561677
100418874,0.0646929135332517
221178,0.0617961599388916
100129337,0.0302589788495971
106182118,0.366657751170762
402152,0.071221967357895
442078,0.231617602490273
285962,0.896449354332146
400946,0.314037057979326
285834,0.361621761912996
100507336,0.0382547653609949
643837,0.902878145513029
102724330,1.48991000371933
101928158,0.1761650389354
266783,0.113547110299803
392543,0.0831865093464727
170529,0.0604409028617613
553121,0.114818507485862
101060091,0.708931698356457
391282,0.291651027359481
9430,0.0342663432615378
101928545,0.643742398586918
100271312,0.28653892778617
126037,1.33168989103671
100289373,0.57387376859633
81175,0.531794854511342
389199,0.041431969987866
729236,1.47726844951616
100130766,0.0714132279076869
122965338,0.217350800523257
643615,0.272790806034582
100996635,0.185038872162597
645018,0.915362432739834
28523,1.37997959990908
389976,0.0491265280900879
391181,0.174311031346234
643115,0.900253340870177
100420502,0.294122020913587
101927159,0.0254249141756302
101927244,0.0852580403731478
101927482,0.802960621147463
729171,0.0336664500279098
100287551,0.0278454019696254
101927524,0.552527796198444
102723989,0.210282017079342
100873965,0.259859611964358
6171,3.03663730674961
100507347,0.720801369698578
100421533,0.36095664945832
149224,1.02372280684321
137196,0.0010400494263418
643309,0.0936791088254262
441654,0.033066130062972
285965,0.106977361309365
392451,0.478739953439896
399706,0.009315012732202
401288,0.224357586784645
391256,0.223881801310651
147468,0.132059451005708
102723727,0.129032610840784
101928103,0.787033742071556
125177373,0.175491345697567
105375009,0.242384821057927
644357,0.136490482508856
100418937,0.311912366357065
100129776,0.0497155105434259
124902178,0.116269135132515
5004,0.260314293805805
90133,1.70836176327863
100128117,0.0960960359655527
107075310,1.47765897219392
101927000,0.173466894741469
100130731,0.152766315216847
26134,0.661905160450731
105369302,0.136667226196118
100873882,0.248867918546407
101928992,0.0168982779780871
646424,2.14483650204061
100533695,0.063149226365247
197135,0.3212177200697
105376744,0.117355432003351
100129141,0.436626900598539
105373884,0.676339005076266
339244,0.0700734830017112
101928696,0.154497229720915
105373615,0.426446645063395
100506680,0.0710306629776471
101927528,0.0168982779780871
100421125,0.0985059346638177
391077,0.0530452976713926
100128640,0.830697498257039
106479042,1.2409294589261
653665,0.19956047362333
401093,0.469702069091038
100421629,0.157775864700324
104266963,0.483499988183941
100421273,0.413398945816145
126811,0.167022551389696
360205,0.0820544050747075
647276,1.44240570961825
646309,1.09628077718402
101929475,0.058501008843608
100271276,0.251936539967536
100131526,0.837551319413866
115482686,0.0788383885327216
57615,0.0863857947605423
100270940,0.689040512875197
100506025,0.0195466581122431
100419920,0.548201600935056
100421122,0.0463724718392014
101929460,0.334831287816773
100506274,0.0650783906040881
102724919,0.321918132591504
646538,0.0714132279076869
100270986,0.140721832304895
100271038,0.0671953437318986
442160,0.107160562124483
101927098,0.122765516475702
100874097,0.655992498857985
107075231,0.0493229014588557
100418770,0.224833088458217
729789,0.802034399823586
7503,1.27902418935254
100422526,0.355346715993304
146542,2.07137019787406
100129284,0.244860834333613
100131801,0.988920013871814
124906013,0.187532728084775
196047,0.571777735397784
122539212,0.67694103483976
654382,0.0897599029245919
100874111,0.191506919633341
101927762,0.330273909508517
100271422,0.720720777032762
101409261,0.216710760105948
106480335,0.132770028068318
102723775,0.791396205681587
105375210,0.045189394581304
2713,0.057140405596366
100130564,0.041431969987866
101929901,1.0042001403431
729780,0.19595456459155
100271132,0.0668108416886656
105373764,0.0294552189612712
106660610,1.04020100992127
403150,0.35292979754608
126568844,1.71642073784833
56168,0.0563619252247972
100852410,0.133302556941214
391168,0.341548902334423
400604,0.369821312451518
729955,0.186702299279471
643343,0.745096893838918
100874291,0.678143507709941
107987106,0.0322650387162132
100506929,0.118078834682481
100419075,0.217830494561375
100289360,0.156224473136085
105376230,0.380531908022198
100271033,0.0412337454202869
285176,0.906098354897628
100874032,0.870956677874064
28611,0.329581040263295
285389,0.337717454330837
101927344,0.783082600680451
100874027,0.753054327792683
100270904,0.0700734830017112
84320,2.08158055633009
100862850,0.195625951238843
100874362,1.6335359780698
100129813,0.213342113419943
646366,0.0510881989588056
100289099,0.119523735885593
100271290,0.351449024819327
100128305,0.109721115265514
728228,0.0563619252247972
100271186,0.109173093423369
122149301,0.242074774784915
158345,0.838091096105154
100874079,0.0914418297097786
643342,0.0219839916622789
6315,0.0150599263207783
100289414,0.926312829527674
115482711,0.529465637402776
58160,0.183872429292585
158257,0.0604409028617613
400055,0.312621244120987
100862679,0.121326302161832
100506409,1.4470870240645
154860,0.122046224165508
100506679,0.0758001637739616
107075291,0.119884565199712
442572,0.884772368120756
100312788,0.0588893471988714
442097,0.398348857443461
391135,0.187532728084775
257203,0.0284494427319338
100271465,0.203638544304087
100133220,0.130636446855533
646483,0.780877223432198
100505664,0.151725998691835
103695431,0.34685390613897
101928336,0.054997842915243
100420889,0.160354960735192
100874511,0.18836230244846
402120,0.40465636498684
101927795,0.0606346453732357
414243,0.0782695646180464
101929692,0.106060747329644
101927895,0.726738600424437
104169671,0.0268377072511832
387646,0.340182719802318
100499171,0.0818655711838594
100133037,0.257582261749483
106144568,0.208181507038274
105369301,1.01940534699483
100130286,0.373888210079549
114796,1.49817390549124
100873946,0.355748794215813
100286962,0.6874339460387
340749,0.0658488120877697
392557,0.574172697577225
105379829,0.154151340944846
100874264,0.0910683626288553
101929441,0.369294964258384
728586,0.501905903297214
170548,0.0364623094604789
646532,0.422408959246514
100418910,0.700928865153105
107985876,0.204451677668282
100302692,1.2443752353219
643617,0.307074743055427
100874042,0.549646572340467
107984948,0.840312906327112
100130756,0.180195456254561
653658,1.70239718618252
100418723,1.19813554253322
442041,0.497042857665284
252968,0.0203598820990786
646817,0.11336532195325
100505975,0.300625328244844
106660616,0.337717454330837
26226,0.270550619446084
729203,0.455405888063801
284191,0.0246165431357565
100421638,0.0221867865316464
729838,0.214787557493613
729131,0.949067076268438
388132,0.447025981547705
284798,0.009520858735307
619445,0.84433301538189
339666,0.18919102391088
101929746,0.316296993015621
101290500,0.357622367976233
100312850,0.0639214260144302
105374593,0.0068409645610921
391102,0.0575293748341413
729779,0.137020599151987
400129,0.19923333149162
3138,0.876379359650652
404281,0.352526234460745
100996301,0.49582201026835
100270860,0.36586480340449
133039963,0.197759541309304
103283057,0.0497155105434259
100873347,0.0662337567877756
101927354,0.0332662841654657
202122,0.123124926797672
100874098,0.0960960359655527
140753,0.440708248419444
105373869,1.82436658740178
391175,0.112273749424129
401588,0.995141358842306
107986618,0.0236049920866109
100128030,0.162241111479031
54099,0.845000596898725
401236,1.40810612186683
285045,0.0386525717956126
388339,1.41932111540464
107075285,0.883140348555741
642587,2.64965905157017
101927686,0.237253494497252
54064,1.73914272105744
285053,0.852562365082904
326294,0.11008626111996
3281,2.04651292807999
100873198,0.0960960359655527
100130892,0.355346715993304
157956,0.463227566292495
107105282,0.0986910213962365
100131814,0.340319447427017
644456,0.518782524958
81270,0.0154687933557568
105378949,0.635483988591599
91548,0.696181730890102
100270845,0.0633423431029015
105371450,0.964758645492872
414777,1.45307135663796
347422,0.029254159459327
100288420,0.243314232896899
100506801,0.506846100368448
100996609,1.43887746984301
101927873,0.403524906009934
102723314,0.203313060051116
101927377,0.213824218448348
105378305,0.28124565941285
768097,0.0314631865193807
100420044,0.085634128532859
84657,0.589350795738173
642740,0.596722859486688
101926975,0.772503408226002
100874080,0.397461577743857
344320,0.55498821492949
100093698,0.0475538868142473
104533120,0.556623802027325
100505869,0.239278889746858
140713,0.201357377395245
392100,0.0408371562480633
105378909,0.21574973723169
100996539,0.631179877144196
105373006,0.0270393423001977
284067,0.0288518968796068
100130827,0.13383474003178
403275,0.418596021741581
149773,0.142302962436914
387043,0.100170227649574
100874028,0.0951672823362936
140761,0.372709736759833
728730,0.916793915046287
105376348,0.083940390516352
100133985,1.07794797797116
100270998,0.146329784130774
100131264,0.127068100716179
100271193,1.85206146123018
105375358,0.0579181636361618
101929147,0.873578101320349
101929596,0.325410703903337
100420939,0.101462368225262
3113,2.56278153370773
387122,0.40866560090341
101928650,0.159496170553545
100270995,0.488117048898151
154822,0.128140234471237
643355,0.0302589788495971
100132169,1.4298631668686
100271068,0.209474780431935
285084,0.076560759028747
100862704,0.299617262155836
28398,1.86627860283088
100270955,0.111545230931358
6222,3.46340247955935
100506775,0.290631280872457
100132948,0.0390501905320824
286333,0.292233142029438
727982,0.0144462560950847
102724550,0.473719912386878
692093,1.48137508558305
101928484,0.0280467968559265
8847,1.2107869077594
100132215,0.218309900700823
646870,0.0786488237171767
100506895,0.0187326529005272
107985781,0.204289116922066
100873930,0.49671010188374
101928489,0.175659821599347
101927765,1.17116270454768
646268,0.123484180058323
729582,0.112273749424129
107984366,0.105143115389858
105373934,0.09665278895269
80069,0.100539616582576
102724220,0.0901339590533384
378805,1.12354054838832
100312803,0.106427514965708
643960,0.0602471155158791
101927541,0.295571898089951
104355297,0.0183253569229505
100271374,0.34086611475192
100506795,0.154670119035868
105377880,0.197759541309304
341356,0.168213522886445
101929074,1.11370975833383
101928099,0.1761650389354
101927888,0.0845053532862342
102723854,0.400120290022012
4523,0.057723791780431
100873899,0.238344734117321
101927492,0.340729484381632
1589,1.50035280860728
105373805,0.188859637575647
102724087,0.0778901327798074
729682,0.042620338349058
100873949,0.225941490360051
105377043,0.17397348231257
104413892,0.122765516475702
5554,0.267403590225932
643749,0.378063595534051
101928243,0.355480765561983
101929753,0.0177140457770852
100507475,1.15242122300874
5669,0.0219839916622789
6892,2.81881604827155
440732,0.374803538826287
124906859,0.0223895328412295
100874343,0.238033104408532
102724323,0.678229317807757
101929231,0.052263005646635
101928231,0.0156731530012164
127525790,0.28065530262104
153743,0.0933066477599419
101927279,0.451050725252014
643630,0.165829829028472
400761,0.203313060051116
100419056,0.225941490360051
399748,0.293250798934905
641518,0.149119384289228
100129573,0.151725998691835
440575,0.28653892778617
114821,0.0459782976541651
338091,0.114818507485862
643382,0.202987443710311
359743,0.585341558874908
101929184,0.0268377072511832
284825,0.293831721700902
100874353,0.0901339590533384
654391,0.249943291111367
100505666,1.64206146638192
51372,2.26869824373252
28985,1.80762245909292
105372832,0.387375020482567
100129243,1.34568865445499
100506126,1.38061118760804
553112,0.42387973344585
101928578,0.807854836301682
100874124,0.422163548739094
729348,0.0322650387162132
642306,0.169911882448397
100270865,0.317424492343596
100873254,0.926606133244364
646127,0.233343924672305
111216275,0.0654636900743731
646620,0.128497301456039
28426,1.04908770964118
105616982,0.0563619252247972
643529,0.608872239372883
647219,0.0268377072511832
100289178,0.487106039578701
101927721,0.11844029781928
100422581,0.0544125563488178
101928304,0.184205870750288
105377957,0.307074743055427
140752,0.110816068496528
646688,0.287564027265202
100419436,0.360290956906896
402057,1.30038281430742
100873204,0.0471602662673416
101928386,0.267853937799064
442659,0.411534083767005
645968,0.12867577671514
388789,2.23722194347304
646784,0.0600532833173621
122149303,0.0685397094214406
100381178,0.429126362100656
9207,1.65119740256634
54089,0.0288518968796068
100270969,0.160354960735192
107986809,1.63197152024171
388532,0.106977361309365
389813,1.01036931876043
100133038,0.0990610707966686
100505771,1.62480099300605
100270827,0.894785570255921
105378753,0.738222319033004
101928744,0.0166942133416963
115482710,0.355346715993304
644820,1.3573175751851
100887068,0.0811098068644656
100507554,0.756654026367098
100874206,0.090507846716347
100421402,0.44321793393712
100996732,0.266201401267784
110806283,0.06565627325421
100421788,0.0510881989588056
100507507,2.29296300884449
107075142,0.0346660352741282
101927257,0.0280467968559265
326307,2.44607368414591
100533629,0.0268377072511832
107075168,0.38260427417016
103344928,0.140721832304895
100421865,0.447619227650367
105376388,0.053631538511365
102723508,1.36672345654662
100271199,0.134720944513396
102724233,0.250096796474622
100271460,0.443695009505906
100420423,0.160183275252927
101927143,0.366129211027781
3120,1.78580498083168
105374328,0.12867577671514
100505683,0.36440891949239
389247,0.340182719802318
105378934,0.133125085756639
643699,0.204776700352736
101927526,0.228153678618241
55853,0.386474749442783
100507670,0.5724771005409
100131291,0.103672781969985
100506930,1.77462015881786
105372950,0.1822031529649
100874205,0.0489301088118718
101929591,0.0394476217259577
106480328,0.330412408664205
101926943,0.372578682443251
101927687,0.0314631865193807
730070,0.158464423713218
100506178,0.14528122128287
400221,0.275916367201021
728106,0.11318349351592
101929947,0.09665278895269
100873886,0.0505001786277436
100131656,0.115362792180997
100127888,0.0352652184723042
7124,1.64374457037441
105372893,0.0324653828330247
100874203,0.331657782425756
256355,0.5863215205487
100303755,0.561913734484044
100422686,0.0604409028617613
389791,0.0752292615879394
651249,0.267553734738871
201229,1.25324710182011
284649,0.12114622315791
100128093,0.122405948971871
28558,0.33359103830158
220112,0.237721352310038
124901405,0.240678064244852
100873932,0.104959466672018
643779,0.335106627682737
105372738,0.167533181874078
727826,1.54711023580959
101928404,0.203313060051116
107080627,0.19956047362333
101927590,0.0410354741801234
100533634,0.123484180058323
101926987,0.38001293027313
101927049,0.109355807799742
100271044,0.380920908401633
105378421,0.0510881989588056
414765,0.549955830158681
401957,0.0598594062479726
285958,1.83490228235217
285154,0.0846935889461878
100506697,0.031262604438497
100287067,0.0505001786277436
127814295,1.03707857197497
553103,1.13324749672406
101927587,0.0803533557144177
100885778,0.0378567710724885
106480773,0.631822605963728
84973,1.67578795372628
105372710,0.107526841900486
105376752,0.0179178651438874
124904411,0.369426585434945
100287498,0.196283043717884
644844,0.37061015279494
101929486,0.0179178651438874
90625,0.161212844662453
647167,0.402895581892084
100874314,0.0187326529005272
101927586,0.0475538868142473
653789,0.375456670633888
150786,0.0863857947605423
100128420,0.132414816523682
440416,0.52339563316007
404266,2.05543440975218
125177376,0.385831042451011
127460871,0.21398485556725
441331,0.0483405753318879
119437,0.2349100619558
100462767,1.06888610139045
101929700,0.130458397610706
100127924,0.426812627823855
101929023,0.116812462656807
100128637,0.0394476217259577
107985040,0.932791847509734
105376070,0.103488806295834
102606465,0.702503892370513
100131939,0.148771205374627
643596,0.523716382245354
440072,0.205588681229591
121853076,0.0276439590910099
100996842,2.06223872975621
100506235,0.9439556194619
106481663,0.302924587275316
79940,1.27806624913974
100129434,0.302924587275316
728782,0.554476325393124
100873894,0.604209537560386
2876,3.14230315934206
442723,0.562116412250606
101928401,0.0221867865316464
728430,0.0386525717956126
105373354,0.0187326529005272
100874528,0.118982195114986
6974,0.0957246593932778
100270867,0.362286295155408
101927880,0.0725598717535938
100132358,0.0828093123943021
124904553,0.0314631865193807
101927944,0.194639304860019
106480360,0.789582034775702
100506915,0.0058079828238362
101927051,0.0278454019696254
100287074,0.135429218543903
645173,0.350774998302549
102723817,0.112091680115918
100131536,0.0616026860516921
200772,0.0792173887819751
283033,0.0938652766473933
101929406,0.713264721701053
440589,0.468204122436946
100271101,0.251630213228408
100132147,0.168383519006746
100631239,0.121506341749418
339799,1.5587303695928
111082980,0.282130360912648
100506311,0.675994750174174
80713,0.0683477895576427
643376,0.113001624972295
729178,0.0846935889461878
122526782,0.965530048280925
100874524,0.353601930094877
388564,1.96439793820756
100874300,0.0873244225138922
121853075,0.515438460288136
105372978,0.545406615249898
106478939,0.298030516495173
101927599,1.21750618767534
728192,0.0983208065549586
105378013,0.041828279182458
730338,0.0573349127789155
100874284,0.240056513557371
101929639,0.356016728939658
100506860,0.644553843589928
100418781,0.740025919492917
100996597,0.0152643844692303
645834,0.171098620559228
100420869,0.217990328581639
105378853,0.291505430826337
100270946,0.84433301538189
100874278,0.510556553340737
104355291,0.0923747627007558
117581,1.48482826492485
100129597,0.107526841900486
100287266,0.0557775902066152
728431,1.77981193022783
100420660,0.0773206608342586
105373352,0.0152643844692303
100506421,0.0060146795562324
105376748,0.650475542870707
643193,0.225308306627946
100130750,0.34413797258896
100132498,0.0390501905320824
664721,0.732940483349091
101929122,0.620161768118921
100422254,0.903852025379836
100505795,0.153459122424876
339807,0.0268377072511832
101927285,0.219905845781098
121838,0.0105493414072734
100129234,0.123843276378059
100420257,0.0422244019181622
344065,0.191506919633341
100506289,0.284631598389815
401019,2.28403565736184
105373148,0.0782695646180464
730227,0.355614791633749
101927289,1.05381460127206
8341,0.547581434193601
117751736,0.0086971754034013
143341,0.285952552552341
85487,0.32833230458971
390413,0.254077508544383
107075268,0.0777003520403405
100421582,0.807784167291185
101409257,0.140018125250146
100506119,1.22477951623436
389342,1.6053589092317
100048907,0.403147374681407
100128083,0.428518179604841
105372840,0.0152643844692303
3923,0.0608283430685188
6234,2.95753662519796
338651,1.11237762190246
107986822,0.0973945447953161
440567,0.839774989144232
100499261,0.19595456459155
101928834,0.733810512873015
100420259,0.235379301880427
107075204,0.354810282605138
390421,0.123843276378059
106478957,0.338265974684118
388907,0.668986110442428
101928403,0.844399804745992
100873880,0.214306033037378
646527,0.0670031148207685
645422,0.796233573345809
100873247,0.0775105280642577
203569,0.0807316672117631
105374363,1.00862778664029
343184,0.465314865728239
644790,0.761372926670959
111644132,0.951550688351973
100271218,0.0773206608342586
286754,0.303068065558585
644511,0.466471928213088
7726,2.54028012808917
121847985,0.0606346453732357
401602,0.0384536920503017
100131846,0.109173093423369
730174,0.133125085756639
246717,0.367185924879962
102724167,0.475549353893711
105373530,0.120785946840467
100506054,1.04750366031286
3314,0.163439113617829
121847984,0.120605749496627
105375261,0.454466400315985
101927412,0.287564027265202
107985711,0.129745813935983
100873934,0.0931203544834532
440900,0.0717956175864252
101927914,0.0134224851965348
100507468,0.403524906009934
105371260,0.0332662841654657
105373974,0.224040428020355
149844,0.121686341935808
130728,0.197759541309304
105374780,0.300625328244844
101928461,0.285072164390269
101927220,0.123124926797672
107985463,0.0201566492701331
345462,0.794360623930103
102725079,0.0171022935190702
729004,0.553759063748244
100270896,0.638126477068414
441550,0.432765081308646
101926913,0.200867711352792
100271215,0.068923416931643
101929723,0.18203603537202
391598,0.0455839386189831
100874222,0.018529029376588
100506385,1.88138276730319
158572,0.939203965933335
388849,0.312054193765089
100419824,0.0683477895576427
100129484,1.16605574920238
390594,0.0336664500279098
728927,1.35882853472892
100129517,0.755736805519913
100505881,0.83028804187059
389144,0.0553878071845259
390940,0.726179209923146
100288814,0.317846881587821
730190,0.16258357811886
647112,0.125815506185868
285456,0.0694986479199568
387841,1.63500171080396
101927015,0.338814104012932
133874,0.19923333149162
102724357,0.0683477895576427
100380272,0.464155984355703
257415,1.53278566671089
102724571,0.751439634217602
111082985,0.747037058366427
100271399,0.0714132279076869
105376762,0.448093483096859
345643,0.96794815504006
51275,1.84383100255254
8629,0.884145166159893
100270823,0.219586911868952
106479026,0.20119418856018
107984574,0.053631538511365
403297,0.10219982932161
403323,0.0262325134658017
389120,0.116812462656807
100507495,0.641211807570448
101927043,0.804596108711019
100506175,0.933546251624412
105378687,1.38158336835885
100996654,0.0372594270725486
101927870,0.381180131167325
729978,0.318690969136861
100271372,0.141424934332517
729211,0.255298318753209
60674,2.68481066999726
100129657,1.43141252989077
3106,3.17142310843429
729274,0.273982964216867
100127949,0.297741669629291
105755953,0.138608892401161
101060264,0.160698222962661
400804,0.0119871284396815
143678,0.394920726597034
111216284,0.399488113374647
642357,0.220543331574443
100507428,0.054997842915243
145767,1.22674979558278
100131788,0.219905845781098
101926907,1.30389655661767
100507506,0.13401205762286
389901,0.139137639219655
441389,0.501354916519017
107075148,0.148771205374627
647099,0.206237674414799
101409253,0.108990338597057
100505782,0.0266360241092229
122149302,1.35117377850902
114614,0.742683230326806
400618,0.107709920892978
344,0.042620338349058
654434,0.795801829458009
101929374,0.0960960359655527
100505624,0.178518556632045
101927700,0.0109603861112779
105373958,1.91192702617444
100507406,0.0985059346638177
440829,0.0382547653609949
117981788,0.478739953439896
2497,1.56590074859902
100271037,0.186369888167896
100271211,0.382216136813897
392979,0.473834385992521
100271257,0.130458397610706
359792,0.330412408664205
100129060,0.634844637377767
100271416,0.0985059346638177
126568849,1.53123419482626
100505635,0.140370054462992
342918,1.31914590491567
100271702,0.630352638137477
100133029,0.0588893471988714
140760,1.35687719710263
102723413,0.0254249141756302
100132857,0.0534361704016004
100421313,0.159324303618878
100874312,0.190184365999048
343301,0.0816766944344988
107985535,0.0542173700425294
100506299,0.223881801310651
441869,1.48362991132583
266655,1.63428502373242
64288,1.17606991486193
106480261,0.168213522886445
100506492,3.01365026597416
392479,0.231146136247595
100130548,0.165318125203912
100422737,0.0039454490619983
400748,0.0310619747051902
100270872,0.180530419052839
387882,1.78984530067157
392265,0.0606346453732357
388588,2.0127980217822
51236,2.36644924198358
441533,0.392243595364258
101101772,0.0893856781967923
105378614,0.554476325393124
100874085,0.118620969890508
90673,1.67642775828597
613206,0.412529253561472
442308,0.0790279102152443
103689913,0.0893856781967923
653773,0.910867818931424
642776,0.180362955010794
128385376,0.424369349249134
392377,0.0187326529005272
101928153,0.448685876167393
107075097,0.138608892401161
100131535,0.0759903776592968
105370503,0.132059451005708
353267,0.174311031346234
391827,0.397080995200599
124907998,0.0792173887819751
100192420,0.045189394581304
359752,0.662783308566702
105371807,0.129924017888448
267017,0.522325440330299
286442,0.0459782976541651
100132672,0.204776700352736
255031,1.83778591997439
100271482,0.153112792461749
105616981,0.0396462670429822
102723924,0.0475538868142473
729020,0.0254249141756302
158376,0.525317995235342
100874018,0.167363007422608
652549,0.213342113419943
100288868,0.153805305216018
112268431,0.145805671023461
92249,1.53189418297407
100270858,0.233030326569747
646193,0.0503040803202519
101929467,0.177678800610603
100129250,0.674874724757417
645979,0.145106329829701
341784,0.0440046509270564
100996342,0.0546076972506679
105373496,0.219108271980465
101929688,0.182537284435833
100506681,0.518136490653734
729970,1.33480127218728
86781,1.21392314560228
101928846,0.0846935889461878
100506749,1.12870735858409
107984969,0.618105612677935
100132891,0.343593630314661
100507612,0.0324653828330247
124901499,0.0177140457770852
121832810,0.233343924672305
645387,1.87403045223645
107984875,0.975579173697089
150372,1.08965231197181
101929531,0.605925967851718
100129017,0.109355807799742
100873977,0.0940514026841421
642559,0.457047125565754
100271066,0.593725133572711
100420557,0.0627628591308276
284749,0.213502847386064
100874412,0.495266403521917
100129347,0.0616026860516921
286544,0.195625951238843
100422338,0.0754196057556881
105370208,0.0801641354811421
101060391,0.332072460166234
360155,0.29571673761893
100272228,0.663660337046835
400242,1.16597742101909
100128334,0.282866849208038
83552,0.0134224851965348
101929512,0.181367218991527
101927896,0.414019537867964
105370737,0.0499117462968908
9674,2.88201406447159
646324,0.111180730269128
728139,0.689293835437384
105373346,0.0449920531388688
111082993,0.40125687303068
100873990,0.266952984640683
340198,0.321778100846563
90271,1.27608108648659
729909,0.853484885785484
101927440,0.92783650182373
100507582,0.700845867578375
101928389,0.100170227649574
100419880,0.163439113617829
8705,1.91647179476525
57000,0.239590030737812
100271104,0.482708792210457
100874238,0.0434116529118274
101927661,0.0132175827499873
54082,0.0888240246898696
100874214,0.184539174505137
100509894,0.0171022935190702
100873979,0.0540221383132408
100422287,0.255755636380194
645676,1.50229521390233
100421595,0.0546076972506679
374987,0.192497411415927
283025,0.0119871284396815
100126791,2.09329181694573
284900,0.629063864404629
100134015,0.313046259880248
84968,0.21574973723169
401640,0.12867577671514
100048903,0.282130360912648
124906209,2.15467642055098
150291,0.0773206608342586
107075175,0.0362629122582597
100507477,0.0306605722017031
101929437,0.119523735885593
100507114,0.0675796689626678
101927630,0.14405619395913
100271277,0.529359584896968
389465,0.0449920531388688
100874212,0.0266360241092229
729340,0.73016467342493
101928335,0.0274424681999785
101929086,0.0181216355189445
101927125,0.319393672737791
100874058,0.672369587219053
124905716,0.24083337584261
9278,2.22636908051363
101929680,0.0286506937617837
440587,0.329165019660446
100130881,0.129924017888448
101928228,0.556113083105224
101928337,0.0238073990491231
133395146,0.289464223096241
101929099,0.618386354005074
100996350,0.0835635353418218
100506469,0.95419263003478
130773,0.18002792277152
100419562,0.0964672461846826
105373863,0.0735142061810224
105375405,0.0782695646180464
100873937,0.193321891338453
400945,0.571177731225722
107075263,0.0350655380227658
105374464,0.196283043717884
100421238,0.0619895891189751
392505,0.118620969890508
100653489,0.0398448655326076
10824,0.0236049920866109
100287361,0.106977361309365
653147,0.505093427368581
105373051,0.185371832096218
100873919,0.1822031529649
154790,0.114455451213547
58486,1.97318550067614
105375430,1.07253687456937
100312806,2.06743383717283
100271120,0.98172332429274
100418888,0.0477506279872771
105378078,0.25346639503959
112935969,0.60706792796221
153910,0.0420263638480368
100874261,1.00440679967108
150135,0.143530619363282
101927476,0.0164900995891271
401491,0.0702650067990862
100133612,0.273387111430441
654841,0.162412362843722
171222,0.0792173887819751
101929328,0.0530452976713926
100421840,0.216870818283273
121832815,0.525637892117546
404024,0.0702650067990862
107075280,0.405033140195727
6244,0.0805425329522405
100271004,0.166681952429176
124901612,0.0921882600032804
105376429,0.19595456459155
392281,0.799963469722042
150197,0.503776144997596
100506108,0.0465694896604753
100271391,0.204451677668282
134756,0.451050725252014
100289584,0.0719867467506061
121832811,0.187864660276894
84214,0.662256554213531
101927973,0.0205630661837875
100287087,0.565048781955661
121832807,0.334693580941397
7955,0.061215604083323
728658,2.40929972798657
100423061,0.0805425329522405
105372589,0.595273939147767
100130391,0.210443366795549
387933,0.32401556963088
131185,0.0438070313509447
100874434,0.650028700421964
100874241,0.201683655587212
54753,1.35740010455205
100306951,0.69643240906119
105377860,0.0380557917082188
104326193,0.437949788491541
100271298,0.11008626111996
728300,0.255298318753209
100506939,0.0342663432615378
4581,2.03244364775378
5703,0.0846935889461878
100506922,0.802818211030117
54848,1.86167403038239
154092,0.0485371324516474
100270970,0.603062916195066
127379693,0.205913243491814
100271392,0.35292979754608
100506881,0.912309610055482
414245,0.27144746091716
643854,0.37192307183949
729349,0.180530419052839
100507398,0.236004524282617
644838,0.107343722316254
118568799,0.100170227649574
339789,0.0733234266047182
100270964,1.05812645545968
100270895,0.239278889746858
100419028,0.614069219643855
100506963,0.502346392695769
101060544,0.106794119855082
618,2.41580245712087
729480,0.651635982494334
100506428,0.712286090259483
101929532,0.220065264966587
100129808,0.108990338597057
124904522,0.783009207046863
392132,0.0565566131007352
100271832,0.0738956344925407
254128,1.13008569656552
100271292,0.505203093290223
112840933,0.683954192779875
751580,1.2966296919119
111082961,0.154497229720915
107075301,0.151899477025274
202299,0.0702650067990862
728428,0.395175197076066
81571,0.595273939147767
100129090,0.203313060051116
107984773,0.71253088108432
105378828,0.112819716306845
102723878,0.0782695646180464
100421271,0.0534361704016004
105373158,0.0671953437318986
285900,0.0614091674392234
101927547,0.0972091680864421
101927983,0.239123273486571
85824,0.59333739995614
100129180,0.287271278860725
100418769,0.274727144634156
84850,0.0719867467506061
100129456,0.0850699324727219
100270953,0.106794119855082
654506,0.116087946291009
220930,1.14823377851793
100132273,0.536220737904714
442720,0.155706684763122
105375166,0.043016088629042
107986588,0.345089643464605
101927164,0.571177731225722
28478,0.689884555336453
100421775,0.30048139871132
79804,0.114092234949886
100421371,0.131703931397248
646603,0.0489301088118718
100131213,0.951043489924403
84752,2.11480618639213
115482683,0.129389289874984
101926963,1.0073954316589
441094,0.342231083494408
91368,2.25676179434149
267009,1.00052011843558
100507391,0.0053944386314874
730993,0.131348257581024
150142,0.051871586053616
101928781,0.0616026860516921
728611,0.676855063004191
100499405,0.602393188728104
28557,0.386088590937754
103689911,0.262734843251438
1159,1.20519151220114
101928973,0.0788383885327216
641298,0.0455839386189831
100506866,0.0380557917082188
100289098,1.21918222404557
100861516,0.201846744967738
401934,1.15398359021667
105374943,0.459385447426768
399968,0.0553878071845259
103908605,0.1377268877932
100129066,0.136490482508856
100507034,0.190845914273448
266625,0.0471602662673416
646960,0.0436093653522559
84793,0.937880764154781
105376892,0.788127078668831
645326,0.390581556219058
100129842,1.39328779016346
5863,2.6753277529397
101060039,1.94941302699557
388553,0.0211723261778742
400794,0.0126025784990239
102723446,0.0949814066654706
101928891,1.06067033452364
105372751,0.0828093123943021
100312798,0.499699450678349
387723,0.88895865412092
105378580,0.19233241404895
81462,0.0583067721494003
101927891,0.029254159459327
220885,0.471885906640057
128966744,0.0242120678044732
728978,0.504983744907689
729993,0.372185383912457
123706537,0.12114622315791
439990,0.27740036437491
3118,2.03126551732418
386731,0.0336664500279098
101927924,0.147202558931156
100270999,0.157603633849999
150051,0.909060900745745
101927512,0.112637767504033
105372876,0.371529434014789
192217,0.246712778585597
107075223,0.0875120208953502
400958,0.692998446826949
100270971,0.330273909508517
3833,2.27835335312461
403227,0.206075475364887
339804,0.685484075560911
339822,0.529783701376297
101929705,1.40229089584725
28619,0.130280309711069
442709,0.207534086575862
107075153,0.0683477895576427
100421428,0.0725598717535938
100189589,0.0959103684817372
100874342,0.275767812929035
105377986,0.0392489295621294
285550,1.42260139157774
121328,0.135429218543903
114515520,0.0666185243177208
101927609,0.0771307503330335
100271282,0.350774998302549
100289061,1.42840479647541
401974,0.0614091674392234
100421569,0.0641143646112851
347544,0.264394666900614
101929559,0.0144462560950847
100507516,1.56006711065768
107986838,0.0742768884659622
100271437,0.108624707531728
730861,0.132414816523682
101927497,0.15085805279077
100128863,0.127604342605156
100288690,0.407415009918487
645030,0.227680155268206
645682,0.363480998192729
101928483,1.04759978386839
107075143,0.0380557917082188
347717,0.27099916815796
100271017,0.864517315228025
100996570,0.244242556006821
439949,0.16258357811886
100506334,0.875362149087915
102724768,0.0227948798627598
101929609,0.71473001462568
442673,0.273982964216867
107075141,2.95723475789306
101927886,0.356150661095844
442197,0.604400459318411
101928399,0.409539777773582
440737,1.42569201495685
644160,0.0479473231186116
257093,1.24379677216479
391151,0.297452715618942
101927851,0.465546423576251
100130630,0.120966104722507
100420920,0.0516758077965697
107985628,0.16974220649948
100303491,0.0173062599854029
348761,0.041828279182458
101929730,0.433853243047727
474170,1.14710110041644
100418740,0.0588893471988714
100421336,0.057723791780431
101929337,0.321077561385925
645434,0.0304597993916931
6126,0.741746562014761
124904403,0.0820544050747075
100419643,0.208990047576105
100271060,0.112637767504033
103352539,0.575466603940043
392508,0.0288518968796068
100422608,2.25484670315749
100506737,0.180195456254561
100188949,0.145106329829701
339751,0.506736682012796
100874093,0.425347619667936
105376805,0.461250790364105
100533627,0.204126523224255
100271652,0.130280309711069
102723741,0.0534361704016004
100130980,0.457515382188499
100270954,0.106610837745808
101927682,0.245787347854087
100506215,0.612372629856043
100996251,0.124381626856512
124907878,0.0635354152782802
440142,0.385573406316676
101927641,0.0201566492701331
90120,2.00607201323594
392752,0.876506396463237
343171,1.04644527176235
127379695,0.204451677668282
389860,0.182704298338963
101927760,0.477146386710582
400609,0.0318642078034075
101928795,0.0453866897349848
107075295,0.145456075290178
124906145,0.672456123899368
692058,0.770037780756817
124901197,0.408415649146717
654322,0.997653915158749
106480830,0.590909224139139
100873374,0.369689759524626
124900469,0.618105612677935
106480358,1.16652549021363
100151658,0.597494400117215
106479961,0.421058204050361
106480094,0.399488113374647
106479067,0.927250915370791
100862665,0.434457091377568
100302243,1.016273366043
677767,0.28065530262104
106480754,0.357622367976233
106480822,0.597494400117215
100151677,0.927250915370791
101340251,1.12740953155662
26860,0.285072164390269
100147832,0.590909224139139
124901856,1.57123485075141
100113379,0.489238756182592
124901827,0.405409726788792
124900457,0.758941553741589
677828,0.325689428539876
106480764,0.839774989144232
106481622,0.288002944355383
109616990,0.408415649146717
692084,0.408415649146717
124902828,0.408415649146717
106481637,1.23563336204485
677885,1.02312223488007
389644,0.0602471155158791
101927597,0.607163007489128
100128164,0.0068409645610921
729536,0.356016728939658
100271548,1.13992936272471
106479438,0.74517460884029
81567,0.191176484768874
145259,0.263640635292044
319143,0.742527210113274
652968,0.130102183141896
644388,0.378063595534051
7844,2.07140246653046
10432,2.08590715140796
100271319,0.367185924879962
103625681,0.863740201211815
100131467,0.0706479226552025
100271575,0.974169168936601
106479397,0.711387764281051
728693,0.107709920892978
105375564,0.321778100846563
84964,0.66409843220395
142686,0.47532092263285
56136,0.0101380977223869
106481036,0.169232965466414
106479417,0.168213522886445
106481127,0.315309082604939
105377180,0.032865928486596
106481077,0.434457091377568
387753,0.608492769807471
106480982,1.25073179214178
10324,0.326246576104268
105374042,0.121686341935808
100271358,0.676166899266262
646583,0.0693069482704467
106481014,1.38357453186849
100874035,0.0410354741801234
100873940,0.399361614382434
727821,0.289026126412256
140921,0.385573406316676
723809,1.81323695673158
106481683,0.625368458613354
106479365,0.561406787896669
285051,0.0336664500279098
100271306,0.128854213171788
100419008,0.0493229014588557
100270923,0.107892959309522
105378645,0.4428599260494
100507062,0.386346051829094
100271505,0.146329784130774
4830,2.11882269911376
100271500,0.551088634015461
8742,2.23980075278633
284040,0.435422231668888
107987127,0.165318125203912
60489,1.58926154283399
106479474,0.450105691037186
101928856,0.320376386626327
23559,1.42214100931209
51373,1.82129668192871
106481101,0.16974220649948
389156,0.106977361309365
28904,0.615761707512778
106480979,0.40339908327294
106479497,0.185205369304919
402134,0.230044960544958
100131614,1.33321907549901
100129707,0.0923747627007558
28943,1.9979456461462
106479304,0.524784518691775
51608,0.140897664497433
106481824,0.456344184062156
106480521,0.641845322195157
400793,2.05071046628925
158,0.449987476964204
107063539,0.442740551732152
101930094,0.457164217531915
106479443,0.16974220649948
104413890,0.111180730269128
106479357,1.07207600390606
28912,3.06526044782685
100421813,0.10953848174189
23547,0.393264574308047
28896,0.107892959309522
100128733,0.0886367224100169
11027,0.790598588439294
100127893,0.195132779324874
84066,0.0402419221072167
122589,0.158292338591208
280,1.00202593557561
28477,1.29119962953433
326293,0.373495588602649
58496,0.581408081074408
102723430,0.193321891338453
5698,2.22633783746156
100128710,0.0908815660467812
102724019,0.0168982779780871
387867,0.830902129192156
326289,0.395429581783856
106481827,0.306503623886289
728207,0.303354942732811
151825,0.0818655711838594
317753,0.0394476217259577
100129403,0.0803533557144177
100270870,0.0914418297097786
100873983,0.307788051926711
5098,1.18184926602101
100287482,2.07814339982558
100287290,0.137903364772905
326309,0.0662337567877756
101927632,0.685484075560911
90639,1.37314065707112
106479437,0.1761650389354
106481069,0.318972127169278
100288897,0.0432138940104846
100874201,0.179021991902692
100129801,0.28065530262104
100126793,0.474063279736173
84129,0.0833750437052461
100271035,0.0633423431029015
390671,0.174479753097548
106481054,0.825973021393614
100130562,2.69066506986646
53938,2.12818462422444
441727,0.40239174352277
283345,0.668812148192396
390183,0.539365499402674
106481060,0.164635351283272
728553,1.51199360898342
28937,1.27675430038526
133790,0.211894052625716
641616,0.0908815660467812
100270840,0.653951027889952
100271515,0.974386304739042
3812,0.135252207441062
101927152,0.0173062599854029
106480795,0.674615996992866
729679,0.216230393124375
100271315,0.156224473136085
2310,0.424124581435243
105375563,1.32406453559306
107075225,0.172283623174845
102724479,0.0388514046163894
100048912,0.132059451005708
23495,0.168043491126138
100271003,0.618105612677935
161406,0.666372036976177
100271448,0.330273909508517
100128963,0.368899964119121
100874091,0.602105967216146
100874039,0.14964137415928
54596,0.0691152046135907
101243545,0.0191397532419228
358,2.75795898049381
100874083,0.09665278895269
729389,0.628695204723652
326288,0.0970237498872507
106481034,0.516086904619479
133569,0.107160562124483
338872,0.0563619252247972
106479336,0.1761650389354
100873967,0.569073719501765
100418748,0.996346593230991
28942,0.239123273486571
100271169,0.434457091377568
57461,1.89461179700878
10687,0.521360910398127
399829,0.0091091168566818
106480537,0.164635351283272
401387,0.0481439722271771
100271175,0.367185924879962
106479407,0.171268012798103
100506243,0.17042069729137
106481849,0.167703320633072
56097,0.23694143605566
246312,0.0534361704016004
115557,1.17741480422852
728791,0.424369349249134
100271332,0.0818655711838594
127379749,0.122765516475702
107075236,0.169232965466414
100271309,0.535169421379914
401076,0.345632925870224
106480482,0.801820469792644
387521,1.74275216967909
106481837,0.303928379751277
729674,0.633014671777977
57665,2.25708202604754
100507642,1.37622676547739
28938,2.3627388283508
645918,0.224040428020355
106479413,0.424369349249134
442087,0.085446105720894
100134713,0.588472665954989
257068,0.16651159931817
100129685,0.658646235722508
100271563,0.15155248342787
100270854,0.701758282812642
650808,0.191837218964394
106479495,0.174479753097548
100129670,0.190515208049421
221883,0.0344662129356738
100271622,0.438670373637615
100271359,0.247175088598107
100418720,0.248252762955039
106481116,0.166170785768819
124904880,0.222134821697511
221078,1.76512493688552
647436,0.458684727480093
326292,0.353736285781017
100129584,0.179692751574496
3112,0.791251256486235
100652759,0.025020825205399
100874431,0.708275238047374
57002,2.01209924316616
388761,0.0493229014588557
100498859,0.0132175827499873
105374158,0.0901339590533384
100874246,0.507611567951372
100271488,0.140721832304895
101929335,0.439270328504358
285286,0.0503040803202519
100271479,0.882888894785415
106481057,0.164122893763621
100271447,0.103672781969985
6997,0.0639214260144302
100271172,0.111180730269128
106479281,0.31177051300481
100271077,0.113910566782623
106479516,0.765229597407517
649024,0.272343279600248
57830,0.307217457254006
28901,0.770037780756817
27297,2.40244311215087
100421816,0.394793459177479
101927056,0.783742775191711
100289640,0.0348658102965977
28923,1.13449078507696
100271041,0.0871367817651098
100128025,0.296874485886237
101927111,0.484854339375359
374286,0.0477506279872771
106481840,0.325689428539876
6173,0.95031013256829
100310850,0.678915411299983
28914,2.42832680420255
440086,0.554476325393124
100874016,1.1107404767438
57026,0.0717956175864252
79897,0.399235094154757
283460,0.011781879253164
9936,0.856113359730307
100270988,0.259404667743331
80864,0.468319457350998
646612,0.429491033829353
100270853,0.161727140714153
106479287,0.166170785768819
9551,2.4603364316121
100506994,0.660409731996285
105374205,0.399488113374647
23779,0.925373328081886
283603,0.465777908708804
151645,0.464155984355703
648729,0.424369349249134
100996435,0.0588893471988714
124906201,0.057140405596366
127379691,0.145106329829701
10093,2.55441700655219
100131117,0.0278454019696254
1325,0.340729484381632
106480513,0.305646157078073
100133054,0.375326089185417
645174,0.106977361309365
106479337,0.18153447501312
100270928,0.274131856763766
54658,0.0123974780415539
11185,1.06749376876409
100271288,0.0899469520555108
100270950,0.168893293658576
100129882,0.522325440330299
100507098,0.195790274699503
10552,2.31595701864557
106481115,0.451286795562577
7451,0.106794119855082
441034,0.841856918888491
402342,0.228784605339793
28941,1.74965373444197
101927974,0.572576953672126
100131434,0.447381986147104
100130326,0.058501008843608
100271427,1.03113012029343
106479366,0.174479753097548
6700,0.0777003520403405
105370757,0.135429218543903
100271168,0.374803538826287
539,2.15397127005348
80301,2.09098959717385
541565,1.6359969769478
100271194,0.13099242943963
23761,2.15619730592984
730747,0.460784896204061
112817,0.492258797116807
106481064,0.163610112635495
100271491,0.236473118332489
5822,0.0916285002418245
106481102,0.167192797265528
5297,1.69085513375114
100271166,0.209474780431935
106481850,0.61670021249876
107080632,0.161212844662453
25764,0.154842971653662
644090,0.0449920531388688
442086,0.083940390516352
400652,0.382992212843125
729146,0.0901339590533384
326310,1.45573082604092
28933,0.3212177200697
110806273,0.273387111430441
728315,0.238500503101886
100271564,1.37540383628912
727956,1.08821885534652
100271644,0.514789435208118
727865,0.597494400117215
23600,0.347260467923601
106480955,0.317142771412861
51537,0.237565430338323
8420,1.4668274540205
100270834,0.0742768884659622
643499,0.0973945447953161
105376382,0.420689392641226
106479343,0.304787742977905
398,0.527766923378269
106481858,0.825973021393614
100271112,0.384412957671774
100874351,0.0786488237171767
390158,0.262130402670551
140290,0.0685397094214406
729150,0.130636446855533
106479439,0.17295999003645
26286,2.25045689384605
632,0.555295172787881
285972,0.313187880033229
128977,1.3891918260678
23089,3.00261961250099
400385,0.217030844404432
100127963,0.0677717653179942
101929754,0.029254159459327
649299,0.157603633849999
100128250,0.381827800596131
100131863,2.32786999993625
100271165,0.108990338597057
100271462,0.130636446855533
645630,0.113728858571093
106481109,0.331657782425756
28930,1.24898099769683
3692,2.51991394120971
100271430,0.191837218964394
56098,0.151725998691835
101929238,0.0138321417599086
107080637,0.274131856763766
646013,0.323177277898179
728992,0.461134344384387
100420527,0.158464423713218
28476,1.62523057960726
102723672,1.08131605841335
728979,0.492035517907667
55052,2.54901813971751
348110,2.06136666594173
54575,0.0173062599854029
401074,0.76152459206033
81430,0.0526542428027862
28883,0.33359103830158
5273,0.0201566492701331
100009668,0.104592046779187
106480960,0.168723404379721
100129009,0.217670628552373
157206,0.36295025006811
3109,1.83859639422818
28891,0.40125687303068
100271260,0.24300455003093
101929756,1.20606724275624
26063,2.26593841482236
100271415,1.18356013921321
107986119,0.788927703535458
106479535,0.305646157078073
106479434,0.161727140714153
727970,0.130458397610706
401817,0.196283043717884
106479338,0.152766315216847
1270,0.367581814957147
103911,0.10953848174189
106480483,0.272343279600248
100270833,0.318409708905874
728591,0.163781075656825
641924,0.120245236362853
340526,1.57972998988239
100271627,0.110451245488528
28900,0.662519981807475
100874131,0.275321981246924
9907,1.94569706372269
347689,0.0374585887741673
100418747,0.411782999949919
163051,0.13383474003178
100271278,0.472230131301452
106480970,0.529995666112158
161497,0.126173585315438
106479518,0.177342653872607
28479,1.25714790121474
326326,0.181868883190801
106481045,0.631179877144196
106479374,0.167703320633072
729677,0.0716044446446561
30816,0.0773206608342586
158674,0.307645442559911
100271512,0.291068478207352
106480985,0.447619227650367
106479309,0.303928379751277
101927668,0.217190838480678
106479454,0.30736014523199
100270982,0.149467414650981
100271485,0.518244203081176
8637,0.512404693212427
28915,0.216870818283273
100507524,0.704653279973887
653079,0.288002944355383
201617,0.0837519842731955
202789,0.0959103684817372
645957,0.201357377395245
106479387,0.774885562612155
5680,0.0109603861112779
5672,0.328748774506696
100271620,0.203313060051116
105375392,0.116450284130402
9553,2.3124317564854
57553,0.536955746537548
645654,0.135783126027054
100128888,0.121866302736131
100133273,0.756959485538119
100874112,0.175154288632534
642828,1.73042649200501
101929054,0.218948661567567
56134,0.0931203544834532
646820,0.303068065558585
28919,1.04335554707409
11037,0.925725807252887
107075194,0.989926075072905
106481074,0.691401200751576
28882,1.24627643744907
11230,2.31120239434032
28940,1.48103058274625
100271487,0.251170500414145
643974,0.119162748298756
100271055,0.135783126027054
647087,2.4330155128843
283480,0.0227948798627598
107986046,0.129567571269748
106479285,0.171775977135072
154881,1.40322278960637
106480695,0.306503623886289
1945,2.20466417372561
391560,0.127068100716179
106480959,0.185205369304919
353376,0.0775105280642577
391706,0.244087910999839
653236,0.13401205762286
26644,0.213342113419943
645160,1.2517057574518
441744,0.480556945227672
106480999,0.179692751574496
401115,1.82765452673105
100271364,0.453290360693051
28299,2.60834174756755
100271226,0.0706479226552025
24142,1.87119255590794
344454,0.317987626794701
279,0.486993618929007
93948,0.118801602317322
100421437,0.204614205474604
441632,0.819550205661323
84086,0.152246322955713
392271,0.329581040263295
106480967,0.164635351283272
106480950,0.167703320633072
644063,0.532851106141679
101928022,0.508703696096892
110440226,0.216070206609754
106479356,0.560188643971399
106479527,0.308215722939551
105375355,0.632831409988732
727984,0.448211999581087
100270924,0.106427514965708
100271630,0.399488113374647
339894,0.0485371324516474
106479415,0.157086722449401
3588,0.327359666175908
391833,0.422408959246514
629,1.49197858266703
106481148,1.42653381960316
642819,1.19902244846428
729097,0.428883148572786
116143,1.34672853526238
4831,0.563331270333872
100271313,0.279916730332413
401865,0.0666185243177208
344595,0.696515947904612
100137049,0.0598594062479726
10637,0.158808484775876
149465,1.01500583430182
100271444,0.201683655587212
100132247,0.631455405067105
100271452,0.108258914477887
7268,0.383896631422106
106480492,0.178518556632045
100421829,0.511318122220868
100422603,0.553348876698464
100131339,0.125815506185868
106479247,0.15898046074352
100271453,0.203963896563133
3804,0.18553826054892
120318,0.135960022436348
284230,0.497153742528501
100137047,0.282572337038963
101929717,0.0217811482126814
100270852,0.309497324157816
140564,0.158464423713218
106479524,0.288587783888642
440176,0.10404061055807
388556,0.532534393222761
646085,0.117174481993116
646909,0.178518556632045
106479444,0.170759729813761
100874029,0.0404403802309502
106479422,0.167192797265528
100270839,0.170081522887999
106480986,0.318128346411239
106481055,0.378193707093387
401427,1.1403392738263
319129,0.308500706125973
80086,0.227364316534282
100270835,0.0606346453732357
100271247,0.17042069729137
339881,0.0296562306312831
730091,1.12269600601747
64968,1.94248913765818
84450,1.98355425631023
106479492,0.305646157078073
2938,0.042620338349058
440027,1.06483922402756
115482685,0.0746579682411712
57529,0.154324303695133
100128548,0.25346639503959
100419069,0.0438070313509447
100216341,0.478057419844406
95,0.0884493778801894
100131161,0.0602471155158791
728700,0.0677717653179942
9054,1.74834011850755
106480382,0.305646157078073
100270912,0.0610219959658159
653156,0.107526841900486
692099,1.31896833241305
1650,2.8750535822702
101928376,0.0459782976541651
401232,1.13857456399979
147007,1.81115852865361
100270841,0.116087946291009
326278,0.336756601339477
107080636,0.462879108050634
2939,0.163439113617829
391777,0.461949080753147
106479399,0.17397348231257
100128140,0.250557133854143
106481061,0.164635351283272
100130392,0.169232965466414
28921,0.34195828374075
103695433,0.0035309985040075
100271549,0.588765497202038
107985359,0.215429139313264
105377105,0.91625749327147
5032,0.926078087025321
390206,0.318128346411239
101559451,0.369689759524626
85014,2.46363301514513
133629,0.263942334595142
104502416,0.321778100846563
106479253,0.67081005627704
100289187,1.6120345607991
100421506,0.207857862197957
106481113,0.519750496554486
64396,0.0189362275154237
402778,1.06539907131882
100131246,0.0925612234809782
106479269,0.752747068984622
100132547,0.118078834682481
55861,0.573275532849502
106481031,0.170759729813761
106481753,0.42546981347072
648000,0.748817038278525
106481097,0.309070358828313
80052,0.0453866897349848
105377108,0.503886009678738
106479354,0.172283623174845
100129227,0.13948994736026
729362,2.50868310851572
106481836,2.20605948032943
2119,1.35386715600125
440050,0.110268773482143
106479319,1.15193962835429
28913,2.48256294005911
100271495,0.17295999003645
10137,2.17068015523313
128193290,0.896510891668543
405754,0.155188566852407
79168,0.465430653744176
91179,1.53953405244301
100874101,0.190515208049421
100421817,0.0402419221072167
27350,2.35467081075864
106480929,0.885774599937318
391589,0.289902074182013
124902803,0.145456075290178
105374313,0.4174853927184
79015,0.627310990307586
28935,1.62770480331205
731688,0.103120732107382
100874008,0.35292979754608
392206,0.155706684763122
152206,0.0816766944344988
151516,1.4612989625835
81392,0.0499117462968908
102724827,0.510665397829941
106480498,0.314461298270953
652670,0.0677717653179942
7335,0.566560801843905
319135,0.0816766944344988
442213,0.206399840653189
122149298,1.44407933047874
390578,0.0567512557756906
100270962,0.124202215877155
100132742,1.20777822272094
389141,0.118078834682481
720,1.89445014197231
3043,1.85124860377886
391581,0.13507515807804
106480490,0.429976985720234
1415,0.0992460334971177
10443,1.82495166234884
101927657,0.0719867467506061
107075130,0.629248121074996
100507300,0.207695990740422
101928445,0.458801560300788
100506495,0.279325370744648
105375790,0.0763706752693144
101929538,0.059471517423572
643770,0.246866911925363
729678,0.87242856306969
105375650,0.388145829771427
144571,0.820521159131256
124900193,0.945208997891609
100506020,0.188528114923824
101927612,1.19920704284723
100130231,0.219905845781098
100421854,0.507392945189094
101930370,0.539992804306397
100499227,0.102015525667996
386627,0.61190062460477
101929595,0.046963386855558
101928646,0.0658488120877697
100996419,0.814603603565726
101929468,0.010754888621307
101928075,0.199069710455529
101929765,0.13507515807804
100507283,0.576062996811702
440028,0.45352571816702
283131,2.79700655873711
101928784,0.280802933544676
101929295,0.360424141867441
728769,1.0773085881722
101927204,1.60301205523806
497258,0.598842565275749
100506068,0.13878517930746
100506660,0.514031504064384
101928100,0.11970417031913
283387,0.0278454019696254
92285,1.51270061905572
728339,0.131170362808316
101927480,2.01795172936931
101056700,0.956599836512343
100129931,0.0735142061810224
145837,0.663660337046835
101927740,0.210927220924453
1050,1.62443473202154
100505648,1.63366090414635
100652791,0.0219839916622789
400512,0.464503840048384
101928809,0.121686341935808
644873,1.67105361453056
100996286,0.0729417365234151
101928725,0.895710437048657
100862662,0.0197500372972908
100506233,1.32453338413757
101929241,0.0412337454202869
100287015,1.24921700955224
100507053,0.403776488397155
286059,0.0985059346638177
100505676,0.0126025784990239
100289388,0.949745417490297
101929524,0.168893293658576
388011,0.569274370006293
727677,0.0891985025665453
283104,0.834642250663094
101928053,0.269053605234598
101929402,0.591881497521309
728084,0.025020825205399
286190,0.0394476217259577
105369192,0.137020599151987
283856,0.0744674501196066
101928597,0.11844029781928
100505658,0.0219839916622789
100507632,0.0320646470462866
124903670,0.637307470186854
101929290,0.0975798800301689
100506368,0.766660676119162
339988,0.380531908022198
121233925,0.0276439590910099
101929210,0.0996158349795007
283575,0.138608892401161
389641,0.545199145187132
284080,0.175996668205466
642924,0.041431969987866
100506451,0.530101625118166
55766,2.68333261063495
85001,0.325828753132641
101928388,0.262432680934953
503569,0.61847990939515
106699570,0.107160562124483
105369536,0.054997842915243
124906712,0.0242120678044732
100505678,0.547891584656302
100505534,0.0223895328412295
390595,0.879610880676599
144481,0.226732263073221
192111,2.27096451532924
105369147,0.165318125203912
283596,1.02161816539869
100506211,1.51021141421036
101928002,0.0195466581122431
338739,0.0270393423001977
338817,0.197431665013872
102546294,0.106794119855082
440288,0.690559037043901
729013,1.46395944751629
121233923,0.476462369262588
85364,2.09781804948136
100507250,0.108807543305086
100289274,0.9412121255047
100852407,0.132770028068318
100506314,1.19345598513153
100505738,0.647341562692245
729082,2.12488994463627
100131067,0.94719778395695
100506540,0.980273716976999
11344,1.95942320788416
441009,0.190680578133617
92935,1.38490639339406
100293090,1.50523536304064
100507401,0.0646929135332517
100507266,0.390069423354173
102725021,0.201030966549971
158880,1.11499600133164
100233209,1.01057387415918
257396,0.4537610008247
100505894,0.582590421497882
121232371,0.130636446855533
106480725,0.429369496387338
100533182,0.529783701376297
283663,1.01647592314976
100506668,2.15292591501555
100128386,0.057140405596366
550112,1.05944687257741
100507466,0.0191397532419228
593,0.0704564866776887
3640,0.057723791780431
101928569,0.0625696085978943
126,0.978227669797478
101929505,0.0256268862991105
101928509,0.186868453469932
124900778,0.0652710625303166
101927849,0.0334663908138561
104472519,0.259859611964358
105374105,0.262885880953559
100861517,1.09552831433093
100130514,0.0936791088254262
100507602,1.85776283224741
101929423,0.0865736051467432
402191,0.0154687933557568
107075184,0.100724249243411
100506013,1.11845459326422
984,2.23574283131255
124900787,0.127068100716179
201853,1.91371545711402
124901151,1.44280137547141
56135,0.0078726930921942
441864,0.0420263638480368
105377555,0.132770028068318
100127911,0.0951672823362936
553158,0.18153447501312
285505,1.08853272525341
400456,0.12114622315791
101927233,0.51500584148527
101927075,0.350100378003441
105374114,0.149119384289228
102577426,0.055972413796195
643784,0.0499117462968908
134187,0.0195466581122431
654790,0.655371820956658
25864,1.73590072262858
100289230,0.476804457629873
100873955,0.263942334595142
100131089,1.02342259614511
106480796,3.42852495185817
102724880,0.16855347950014
283731,0.0946095302476571
100309464,0.0156731530012164
100419878,0.464155984355703
102724030,0.332901146639584
100288510,0.0266360241092229
101929745,0.0049806933258769
100526772,0.107160562124483
441374,0.051284114267885
645433,0.17683817166592
100420028,0.224991526000587
105370027,0.228311457178178
100526737,0.398348857443461
107986374,0.921068784994668
124900192,0.3482082744348
100874002,0.1159067175905
100505625,0.156051913604374
594842,0.109721115265514
285412,0.0290530521054448
106481669,0.100354942723344
391741,0.0938652766473933
283152,1.77393829992143
285556,0.0109603861112779
102724596,0.12867577671514
100852408,0.0670031148207685
101929237,0.236785360833274
89,0.031262604438497
100873199,0.0308612972995617
100505989,0.238656241520586
286189,0.0461754078434364
100505545,0.0154687933557568
100507639,0.0296562306312831
345576,0.0252228938178094
105374524,0.0211723261778742
101928443,0.0272409292764164
441369,0.166681952429176
643783,1.30404880318475
105377441,0.0473570995805846
100418707,0.120966104722507
646576,0.279768932276183
102723313,0.124740331349873
125775243,0.205588681229591
342184,1.02761190442348
100506169,0.711224303892482
100507291,0.834099577930849
100418744,0.459735558304164
338095,0.539470088253759
124901165,0.301200780335942
109729131,0.305646157078073
101927096,0.258645843588186
121232370,0.492035517907667
391647,0.225308306627946
101927953,0.0629560650472485
148898,1.28375683026345
23354,1.85528756989633
106478943,1.08104369184114
101929696,0.0428182367483027
646616,0.0940514026841421
56138,0.0173062599854029
105379132,0.119162748298756
107075297,0.563128937714642
345041,0.119343261883879
101928857,0.0604409028617613
267020,0.238344734117321
643714,0.032865928486596
105378976,0.0459782976541651
100422562,0.057140405596366
101060498,0.157086722449401
441027,1.3027075362111
101929095,0.778812185783026
107133524,0.157948059098281
400084,0.361222764002226
100419185,0.236785360833274
105378992,0.0362629122582597
101928924,0.224833088458217
101928176,1.47535475742546
101929081,0.033066130062972
100506444,0.0348658102965977
100507584,2.47896492220497
100885776,1.05996480074427
101928858,0.374411390074047
100270680,0.0105493414072734
105375095,0.651457580161256
440101,0.0942374869521354
100131553,0.179692751574496
4671,0.159324303618878
391803,0.0404403802309502
107075166,0.0346660352741282
285419,0.0979504261429475
388569,1.07867785546466
285638,0.207048177724133
391269,0.105143115389858
101928151,0.025020825205399
121232375,0.47589186766071
100130760,0.0461754078434364
100420926,0.106794119855082
105377372,0.055972413796195
109864269,0.0710306629776471
101928776,0.0211723261778742
100421090,0.051284114267885
442497,0.262130402670551
100129917,1.3193825754893
100292680,0.1377268877932
107986178,0.01219232802879
101929577,0.0890112847364733
121232368,0.458100286117919
124901073,0.102752494025378
100874366,1.67233150442514
340073,0.0221867865316464
106479027,0.0946095302476571
442114,0.0641143646112851
574538,0.0199533676763937
107075269,0.0677717653179942
100506462,0.473032696173374
163050,0.248252762955039
101929109,0.0668108416886656
90342,0.204289116922066
285626,0.0041525986866217
101926904,0.44321793393712
641700,1.23873470232339
100421805,0.373233728239497
105379100,0.0716044446446561
124901051,0.089572811643912
157381,0.0045667467349953
101929215,0.399993897113593
105379054,0.352391666129312
105374104,0.678400905715025
646723,0.119162748298756
222537,0.0264342928541542
100421796,2.14200262845166
100131940,0.051284114267885
5820,0.826865782446896
100526767,0.0358639763576893
100874374,1.25874016092449
106480789,0.303928379751277
121232372,0.0863857947605423
100288866,0.163439113617829
10016,0.840178469160166
100859921,0.184372539834336
653125,0.0497155105434259
646241,0.0136273381928503
283847,0.0619895891189751
6981,0.264997372636285
25907,1.17641605103634
85003,0.059471517423572
124902629,0.157431366533768
101929064,0.0487336436053482
374887,0.900375668085735
255187,0.165318125203912
101927237,0.0807316672117631
642797,0.756959485538119
253962,0.266351775393626
100506142,0.164293748875643
56139,0.0175101773978301
285500,0.1272468869287
100874364,0.447619227650367
728488,0.245633004187615
389223,0.239901049759138
728167,0.395683880770997
107986412,0.387117909451876
100874441,0.168723404379721
440119,0.377412702975602
102724832,1.02237067211551
100289133,0.42973404933895
101927495,0.75878929680299
124901067,1.00955040150948
353511,0.775850862522184
10744,0.138608892401161
101928223,0.0723688738166034
100128059,0.134189336852005
105371824,0.094423529467826
101926926,0.0424223934120883
107986281,0.042620338349058
283140,0.519750496554486
57604,1.19761752772182
255403,1.27153902352445
389203,2.22227972024664
729212,1.44333619039443
105379057,0.11970417031913
105377623,0.563533545528541
105377595,0.269802468780043
153163,0.0227948798627598
100506035,0.115544140550898
643401,0.0195466581122431
100419356,0.04578114125236
2994,0.0284494427319338
132391,0.120966104722507
101927124,0.218469638822162
100507043,0.0298571944893556
391714,0.0579181636361618
107986453,0.335794546712778
402229,0.0282481437700031
729249,0.407790405772922
57481,0.317565314370426
101927808,0.059277505632032
402226,0.0334663908138561
100874363,1.37359408791398
339978,0.0244143296379668
728564,0.375326089185417
400916,2.41027253774087
137012,0.0471602662673416
111082983,0.0983208065549586
152756,0.872811973497505
401172,0.0368609624667365
101929227,0.0086971754034013
391703,0.252854808413677
100422637,0.0706479226552025
1018,0.190515208049421
27239,1.36815340746953
391739,0.0338664618273812
100418737,1.42917037017679
101927780,0.0999854713451175
90423,1.23573702341677
100420307,1.10090686599437
2738,1.70657285195364
101929176,0.0621829736100838
100506791,0.0477506279872771
100506272,0.253924774488216
339874,0.805447782413971
101928595,1.37604105756455
111082989,0.172114443173016
105377617,0.168213522886445
359819,0.493708450560847
345051,0.21398485556725
654780,0.0376577034343075
728535,0.218309900700823
101928478,0.0276439590910099
6414,1.49181004651782
100420512,0.0797855659595778
100507249,0.0388514046163894
400043,1.59532312511654
100288073,0.0264342928541542
105369187,0.0128076294222381
101928877,0.0078726930921942
100505806,1.4972162628276
100874443,0.168723404379721
58510,0.0199533676763937
728723,0.211249627942036
100505841,0.0336664500279098
389322,0.534748464384304
121952,0.0459782976541651
100288172,0.108624707531728
100508120,0.489126662843219
100873939,0.146155117141967
105374088,0.0272409292764164
100421806,0.550676912707344
105374642,0.0138321417599086
100505616,0.547684832596769
105370401,0.275916367201021
100128961,0.0538268611423806
643014,0.0777003520403405
100499177,2.21907112141929
102467213,0.117898043586341
28878,0.640305781269777
340074,0.0254249141756302
100130995,0.0232000328901817
100421363,0.0404403802309502
100422445,0.0916285002418245
100750326,0.1761650389354
101927023,0.142302962436914
100132066,0.0691152046135907
105377329,0.436145266908444
102723828,0.0270393423001977
101929709,0.976715651304317
100506674,2.91963542025586
100128494,0.292960175240493
101927934,1.14495091147254
101929529,0.675650322067501
103752589,0.559171932894913
641339,0.74166844701593
105378209,0.0207662015448037
123706549,0.192497411415927
91948,0.0066344685557293
645853,0.991722243611021
103689917,0.219108271980465
729305,0.0986910213962365
106481968,0.171775977135072
25850,0.919409811791805
100873235,0.162241111479031
442247,0.0286506937617837
100874023,0.0814877748095437
644974,0.812361780796393
121009647,0.246095944964931
85358,1.59034301831912
101928865,0.198087283905678
338096,0.0742768884659622
109729150,0.349965382609122
100506827,0.036063467897197
152641,0.520931817139425
100506258,0.363348345783893
109729133,0.225624961385223
162972,1.23880342188776
105377489,0.0382547653609949
100506305,0.239123273486571
107075126,0.13507515807804
541,0.068923416931643
100287591,0.055972413796195
646890,0.259707993057068
100507487,0.814603603565726
100421429,0.184705774775147
101928893,0.806723211788357
100422204,0.461716390682893
107075171,0.105143115389858
6952,0.0346660352741282
2297,0.0910683626288553
100507091,0.0467664613262632
100526739,0.0242120678044732
100131366,0.658204655273234
100873257,0.230988918716259
28893,0.954360880494579
442131,0.0481439722271771
105379109,0.0109603861112779
101927565,0.046963386855558
28566,0.145106329829701
100420298,0.0992460334971177
3031,0.332901146639584
106481666,0.179021991902692
441046,0.0794068242501354
100507437,1.74549439565089
101410545,0.0264342928541542
105374676,0.011781879253164
105377443,0.0240097576149657
105369360,0.0274424681999785
56137,0.0197500372972908
100421311,0.290339679910652
100422022,0.265298552533264
390667,0.0629560650472485
106481495,0.41785578539967
106480203,0.636487495946675
106479071,1.51959510744436
677776,0.575168219444326
106481513,1.14303732567945
106479072,0.597494400117215
106481158,0.590909224139139
106481181,0.468204122436946
100873477,0.452583838956771
100873275,0.480556945227672
677772,0.945208997891609
106481453,0.862962139447441
106480131,0.787252555030797
107105253,1.80426828970047
106479824,1.29119962953433
100616437,0.480556945227672
107397391,0.321778100846563
100151672,1.13083612265708
106481980,0.519750496554486
106480069,0.408415649146717
106480124,0.399488113374647
106481601,0.445124399837998
106479620,0.681055026777911
106481866,1.39671444729077
100147836,1.40528200843589
100873485,0.38260427417016
677775,0.646443524870288
106481643,0.319955376407141
106480409,0.434457091377568
106481163,0.732703006459961
106480314,0.434457091377568
124903808,0.337717454330837
100873708,0.396573252905351
106481309,1.47999562338812
106481327,0.685484075560911
106480836,0.316296993015621
106480476,0.299761351548054
106480025,0.660057393841329
106480686,0.877458363024962
106481561,0.411534083767005
106481224,0.421058204050361
106481331,0.668289996747333
100147827,0.902939057252561
106481652,0.450696478669464
106479069,0.648059154468411
100147746,1.50229521390233
100873325,0.390837492591835
100873296,0.421058204050361
106481865,0.636487495946675
124904115,0.982259341603346
106479953,0.9996356506676
106481623,0.594209500954196
106481602,0.713020196748892
106481960,0.362286295155408
106480921,0.744708183030237
106479618,1.3186426278157
100147830,0.584556610638987
106481383,0.408415649146717
106481208,0.9996356506676
100873433,0.385315682482522
106479614,0.414639616844737
107057644,0.73609882670747
106481351,0.67676908036713
106479654,0.421058204050361
106480630,2.15085609526618
106479802,0.672456123899368
100873316,1.07396327810241
106481804,0.578245490968259
100873706,0.385315682482522
100873710,0.396573252905351
677681,0.339772390902612
106479625,0.41785578539967
106481935,0.434457091377568
106480072,0.424369349249134
106479923,0.660057393841329
106479554,1.08561170234459
106479766,0.764475154228032
106479865,0.393647085859411
106480066,1.00955040150948
106480044,0.408415649146717
124900411,0.273685094362212
100873694,1.00955040150948
106480815,0.918994378619338
106481919,1.71364622347836
100873623,0.805376852050952
106479822,0.698934115962481
106481451,0.698934115962481
106479647,0.405409726788792
106481287,1.05147974515312
106479737,0.668289996747333
106481943,0.408415649146717
677763,0.323736240111919
124900437,0.396573252905351
100873372,0.655992498857985
100873849,0.18153447501312
106480575,0.421058204050361
106479001,0.858208392800552
106480863,0.294122020913587
106480894,0.306503623886289
106479756,0.660057393841329
106481354,1.49613144222477
106480700,0.414639616844737
106479903,1.3186426278157
106481566,1.00955040150948
100873732,0.872556392237636
106480388,0.584556610638987
100873655,0.390837492591835
106479939,0.414639616844737
124902337,0.507611567951372
106481950,0.424369349249134
106479644,0.405409726788792
106480107,0.414639616844737
106479093,0.527341619208291
106479585,0.331657782425756
106480819,0.597494400117215
124900348,0.982259341603346
106479881,0.40239174352277
124900564,0.572077547613224
100507403,1.39910457508647
105379224,0.26559961721939
28380,0.266351775393626
28416,0.148248658222698
100505659,0.103488806295834
105375822,0.0646929135332517
124901995,0.107526841900486
26025,0.225624961385223
100507420,0.917984317313724
107986494,0.083940390516352
106479020,0.864905517462773
100286997,0.135429218543903
101926956,0.0754196057556881
28897,0.157603633849999
101927963,1.35480793830844
105375924,0.0390501905320824
100288001,0.169572495028208
157627,0.0103437444480222
100127983,0.525531275567641
112441434,1.1425068997132
28463,0.141776258746249
168455,1.63470582391734
28591,0.145456075290178
3206,0.604305004925666
101928093,0.0633423431029015
285627,0.0199533676763937
100507651,0.0602471155158791
100128126,0.0238073990491231
399474,1.5081374612958
56100,0.407415009918487
647174,0.0996158349795007
149466,2.19806558456588
644660,0.296440531814099
100422265,0.618105612677935
392266,0.073704942137793
107986474,0.0449920531388688
619344,0.0447946653885956
55000,2.2458614833258
388610,1.82115429174505
105379194,0.371266895575055
28594,0.145456075290178
285629,0.0234025367070836
101927845,0.0999854713451175
105375706,0.0322650387162132
100750225,0.160183275252927
28441,0.143881039990532
28812,1.1758390389558
100505739,0.0951672823362936
56110,0.322198119998608
101929450,0.0388514046163894
28939,0.145456075290178
100128541,0.145805671023461
342538,0.498704362578854
124901121,0.057723791780431
93668,0.0175101773978301
107075116,0.337580263087689
56108,0.514356428733581
101928016,0.30736014523199
101409258,0.397968722553168
105375781,0.0947954893080635
101927822,0.0897599029245919
347051,0.262432680934953
124902013,0.160011553507071
143244,0.277845016407765
105379350,0.622676986803563
101929191,0.300337442556257
100131520,0.0623763134303502
346702,0.149293418032261
100505718,0.0113712320035829
107986952,0.0803533557144177
101928136,0.0495192289370227
3498,0.341548902334423
105375623,0.277845016407765
101926977,0.343865849709929
28470,0.363613627531734
440138,0.582688860796615
100507316,1.53983941693331
552889,2.3281431856762
5591,2.10320675622516
373861,0.650386197494973
56109,0.47532092263285
100874051,0.216390547537766
105377730,0.0912551171776534
106481281,0.660057393841329
100288181,0.218789019244341
28453,0.375587229639349
101928058,0.108624707531728
9708,0.107343722316254
100616530,0.377542926144533
101927413,0.0276439590910099
112543493,0.219586911868952
124901990,0.13948994736026
440695,0.0508922379282558
100287016,0.242694746112255
100507156,0.127604342605156
56106,1.16867348085777
105375645,0.264846739459581
56105,0.43710822285803
101927459,0.0041525986866217
105377797,0.0908815660467812
56103,0.506736682012796
28415,0.380920908401633
101930275,0.101646795135895
105375666,0.52071717501191
8641,0.362153434801517
285593,1.2443752353219
137075,1.58769498235264
101926892,0.0671953437318986
105375726,0.127604342605156
105376541,1.02181892627175
101927752,2.23201139700587
105379327,0.073704942137793
100630920,0.161727140714153
28920,0.959887491209098
339324,1.84702630605707
105375878,0.0606346453732357
644937,0.407415009918487
106479037,0.886337658316883
3499,0.159324303618878
105375787,0.0893856781967923
107986962,1.17910096757063
3540,0.197103654923728
101927392,0.190349804008641
28469,0.150684352667124
28411,0.141073458890048
4067,1.60442824505438
54984,1.14758681002803
28922,0.271596835002738
107986980,0.0338664618273812
401463,0.0449920531388688
100128750,0.497818697850131
101929628,0.0173062599854029
56099,0.612561342937439
927,0.155706684763122
106478942,0.259859611964358
124901122,0.0225922306114602
123466212,1.76916915397653
103164619,0.0505001786277436
28471,0.413026343999771
391850,0.0888240246898696
728888,0.3433213143432
101928154,0.158464423713218
56104,0.366393526931308
101927039,0.0348658102965977
101927115,0.0960960359655527
105375624,1.09910487172531
56112,0.1822031529649
101929415,0.0070474104382352
107075249,0.0610219959658159
728638,2.27341764870877
105375903,0.198414892898551
105377728,0.0244143296379668
101926978,0.0324653828330247
359731,0.190184365999048
101927815,0.0262325134658017
28383,0.28065530262104
107986951,1.32893771875131
104326051,1.20097604078916
124901882,0.498814995044631
441355,0.105877302441966
100133311,0.0362629122582597
106481788,0.0990610707966686
78998,1.4233758243226
28393,1.07396327810241
100419574,0.095353116336939
105376550,0.194803829985156
386593,0.0109603861112779
100049587,0.982366488468831
59351,0.122585752379058
111082977,0.434457091377568
390197,0.0219839916622789
100133315,0.516950595244897
91056,1.70183386520677
403255,0.0829979322484961
105376114,0.924785419150714
127460872,0.248867918546407
100420015,0.431796490909664
29082,1.03737199726161
100127938,0.186702299279471
105376619,0.131881710470116
89858,0.225466649734865
123706543,0.383638336262925
90024,1.63192450386733
105376607,0.124740331349873
132430,0.36095664945832
100874013,0.422163548739094
4975,0.282130360912648
103695435,0.114999975663909
100873349,0.051871586053616
54551,0.544368664326315
101929517,0.111545230931358
100133309,0.0985059346638177
644169,0.981508785200761
283106,0.0410354741801234
123466203,0.548408203957746
387820,1.97321339327513
728975,1.25394930972426
100422558,0.283896769884373
105376567,0.0871367817651098
124902723,0.178518556632045
348156,0.10090884072198
129810502,0.872556392237636
8790,1.77691908882629
109729147,0.13507515807804
100507392,0.618105612677935
100423062,0.0786488237171767
100129933,0.0461754078434364
101927702,0.200867711352792
92312,1.80899647709113
105376654,0.0134224851965348
100131842,0.115725449015596
729561,0.569474963919045
100289518,0.632097879483689
767557,0.0752292615879394
692247,1.12163858052351
5003,1.37338075832409
644030,0.0931203544834532
100287896,1.3664532108055
387751,0.384025745983262
642799,0.437348767311412
106479051,0.208990047576105
84769,2.16913474164121
105376671,0.098876066768446
503838,0.708275238047374
101927503,0.416991250776614
100499484,0.286685452901488
100422398,0.551088634015461
103695364,0.0891985025665453
128071540,0.114636999340892
729991,1.74631976024126
619383,0.264997372636285
105369549,0.0814877748095437
101410541,0.0459782976541651
643381,0.0308612972995617
81324,0.0485371324516474
105376569,0.0807316672117631
392194,0.11318349351592
283299,0.0567512557756906
101928823,0.0179178651438874
10072,2.11813273362484
100534593,0.325968052585667
404734,0.174142274422195
3846,0.549130845682699
55845,3.03882004953876
100128233,0.251783391438288
105369317,0.094423529467826
57653,0.0076664475141711
100874012,0.0154687933557568
100132923,0.256212689225001
105369557,1.58305068476253
105376647,0.0671953437318986
101928837,1.24017600407635
57132,2.22375209920809
101927828,0.557338195661349
105376620,0.0338664618273812
124902718,1.56436300236157
493861,1.3150167555925
100287520,0.212859717645121
100532732,0.13507515807804
255512,1.57816639209062
109703458,0.0288518968796068
100874358,0.393647085859411
101928944,0.241764607210111
100130274,0.0408371562480633
109731405,0.165659296928695
100129032,0.210927220924453
388112,0.0833750437052461
127138868,1.22804772728667
8587,0.168043491126138
283194,0.206399840653189
399959,0.644824114089851
253665,0.616981518605273
105376662,0.0272409292764164
100526771,0.122226106239053
171391,1.54409416848114
23741,2.96058449920938
81210,0.0199533676763937
101928894,0.0957246593932778
124902694,1.90764305912478
101928424,0.784841595673977
79400,0.107160562124483
107075265,0.035464851664874
341230,0.0432138940104846
100500938,0.0548027927666294
107984359,0.580322532200385
101928813,0.116631393300044
101927708,0.146504413757989
105369413,0.126889275567633
8843,0.34522550014002
255480,0.610955659049949
56145,0.0290530521054448
55096,1.12261148350034
101929089,0.409914113804984
401677,0.113001624972295
105374419,0.272790806034582
124902632,0.525317995235342
102724064,0.680713138064038
101929549,0.043016088629042
101928008,0.0891985025665453
105375743,0.155188566852407
115482722,0.13719722844947
123466204,1.04663784655587
100507144,0.176501675312953
728734,0.0459782976541651
81488,1.49993852969306
283177,0.0062213260747212
107133511,0.0573349127789155
286103,0.126352566356986
91893,1.30362240297511
100420899,0.418472699814094
28693,0.130102183141896
254559,0.851968613874001
26534,0.0942374869521354
401258,0.318128346411239
731157,0.38621733232959
101928317,0.0501079362162316
84983,1.00857648880366
123706542,0.09665278895269
100873980,0.563735763327164
9865,2.18213690432864
400046,0.041431969987866
23642,2.19332023503814
100885789,0.0698819152678692
100130776,1.00326929678341
124902897,0.0215782561623971
101928554,0.255145820657265
105369723,0.388530940097496
101927922,0.141600615410859
105379407,1.90990133841374
196475,0.0869490986322006
79549,0.0132175827499873
105370016,0.0780798702999492
347265,1.91950511228874
497189,0.04578114125236
100419928,0.979951113116966
259295,0.298319256286158
100421201,0.0660413065929845
100506649,0.667418860846234
100874249,0.0803533557144177
283487,1.11267869571978
103752584,0.148945313407985
101927901,0.0344662129356738
1548,0.621746480535767
102724265,0.424369349249134
101927540,0.227680155268206
390306,0.0660413065929845
643668,0.184539174505137
101928300,0.0240097576149657
105369595,0.136136880643432
100422582,0.110451245488528
100874234,0.0302589788495971
645328,0.686925821443614
101060038,0.186369888167896
1519,2.37510068306097
84334,1.80449061648866
10597,1.74573731295234
161582,0.576956647201406
9668,1.48057805606757
112268105,0.337443047367327
102606463,0.229887525251903
100996671,0.0201566492701331
105375015,1.26016260375263
259293,0.0629560650472485
7556,1.52140260921751
90649,1.11576637264193
85027,2.18849726181035
400011,0.0675796689626678
105369807,0.0290530521054448
3145,1.96450491731658
338412,0.146853560983701
7768,0.953069784045392
22970,1.16255958919241
105370635,0.0918151287903754
259290,0.101646795135895
27164,0.029254159459327
28675,0.148597060175241
11232,1.5338880392752
100422382,0.0505001786277436
100129361,1.988418207402
100506691,0.112455778548313
28692,0.127068100716179
79290,0.0400434172142254
100996246,1.18196348680034
400087,0.0234025367070836
100996333,0.389685095898542
124902904,0.15328597584667
100009676,1.31793130236201
105369378,0.15155248342787
100420583,0.111727420885117
387837,0.0142416006900836
105369804,0.192992200703362
266656,0.223564453181093
59348,1.58841866230432
123466205,0.173297961760755
101928943,0.183872429292585
101928290,1.31620830597867
246744,0.787835700154806
56242,1.67829927101303
100130111,0.0769407965432616
388327,1.00631505034206
160728,1.76425334410109
105370024,0.090507846716347
390297,0.041431969987866
100419929,0.240678064244852
105369323,0.235535653620173
338414,0.301200780335942
124902683,0.19595456459155
350383,0.0336664500279098
3240,0.456226962145733
105369691,0.118982195114986
100287837,0.853814035747782
643037,0.0782695646180464
102724165,0.076750799447613
105369635,2.34970672954789
57189,2.07824898999638
26065,2.65700195022193
283948,1.14936420561392
105369739,0.104959466672018
574028,0.016081724652309
100128191,1.26358758032176
100506606,0.3032115173749
101928685,0.202498771328752
283459,1.84781890008606
105369848,0.186702299279471
256021,0.531371919930558
100422296,0.260162762328908
101927653,0.025020825205399
100288798,0.620628233424361
100506551,0.0754196057556881
105369911,0.260617269397896
101926933,1.02920014422169
644584,0.416867664353158
100381270,0.0260306859239784
8972,0.141073458890048
283335,1.52554809725956
105369759,0.0633423431029015
120766144,0.758560845910358
2342,1.73819242087015
729747,0.464967392527259
127525795,0.343048901735536
100420981,1.19680253000457
644998,0.170759729813761
100287944,0.06565627325421
100873924,0.0925612234809782
124903398,1.20457036633242
105369865,0.427665890731847
90589,0.179021991902692
8693,0.0101380977223869
105369984,0.523288685154847
112935960,0.946005280836093
379025,1.99801103351184
100506125,0.95025368432276
109729127,1.99225362776016
120766146,0.817951907289646
100506844,1.5852572685715
151534,1.9849164115249
255783,2.37807197079134
10330,1.19931777010358
93432,0.0266360241092229
105369908,0.0183253569229505
100420011,0.266050998397071
121054,0.0820544050747075
101927292,0.0062213260747212
728698,0.235848264810662
120766150,0.456344184062156
101928062,0.294267130008184
105370000,0.231931758133455
100421413,0.13401205762286
101929110,0.0664261626900539
401717,0.347395940622977
105369758,0.234597081311967
1523,1.96158456632596
100134934,0.0818655711838594
100533970,0.0716044446446561
100422374,0.152766315216847
106480680,0.660057393841329
120766140,0.0949814066654706
102724178,0.0685397094214406
102724917,0.0101380977223869
101928937,0.051479983874231
105369779,1.75230495262394
100286844,0.439270328504358
130075,0.0264342928541542
102723757,0.0835635353418218
102723619,0.606782612068246
105369897,0.305360124389833
643246,1.35748262081531
101929162,0.225941490360051
102724933,0.13099242943963
23601,1.37723372802117
100506869,0.031262604438497
390345,0.164635351283272
101928731,0.0548027927666294
283404,0.214306033037378
91612,2.18255904828573
105369920,0.129745813935983
124944,0.338951075304752
283440,0.133657384064197
105369740,0.670376223087932
101927267,0.0388514046163894
105369921,0.119523735885593
51750,0.210604684000817
100532746,0.0579181636361618
100506999,0.0187326529005272
147660,0.148248658222698
105370509,0.285218964594388
64146,0.0376577034343075
283624,1.22237751795686
116435281,0.21173299509511
79334,0.0493229014588557
105370404,0.154324303695133
124903387,0.0334663908138561
101929718,0.106794119855082
101927129,0.0130126308322217
283553,0.063149226365247
246777,0.468895861127418
64150,0.347666814222926
105370540,0.0240097576149657
100422225,0.104775777140435
145200,1.28242701123181
105370460,0.0455839386189831
100874185,0.112455778548313
101928969,0.446907275368108
101926928,0.161555744857729
105370524,0.173466894741469
101730217,0.0089031710875008
100652792,0.0986910213962365
101929107,0.423389796756607
102723742,0.016081724652309
283592,0.0146508621545966
100506498,0.04578114125236
145370,0.201683655587212
105370479,0.408415649146717
101929080,0.0671953437318986
101927351,0.0759903776592968
641613,0.44010945303285
100529063,0.168043491126138
105370458,0.103672781969985
53840,0.0786488237171767
105370455,0.605830720600693
105370526,0.39390198595508
727914,0.0467664613262632
196872,1.46704908759148
105370645,0.227206350184508
100129794,1.50457896935458
100507118,0.123124926797672
102724814,0.23522291936353
319085,0.169232965466414
101927620,0.0497155105434259
101928767,0.143881039990532
145216,0.0520673186640733
112268124,1.29095007504905
122592,0.0424223934120883
100131369,0.48033006722531
105370625,0.41785578539967
390441,0.109173093423369
6038,1.05295796912743
102724190,0.290339679910652
4157,0.57147779663312
319112,0.0729417365234151
283587,0.0406387916047836
2227,0.0526542428027862
100420096,0.0890112847364733
105370623,0.501575361265198
90799,1.84937102445539
124905956,0.0483405753318879
145195,0.0232000328901817
400236,0.93707395151849
105370525,0.237721352310038
100288846,0.580026184481176
10381,0.245941661443102
100418877,0.234753587043714
100128939,0.0882619910836516
101928559,0.0440046509270564
106479036,0.123843276378059
100533179,0.0171022935190702
388021,0.360557303595763
101929422,0.107526841900486
100526835,0.528191977024764
503630,0.11136300073123
161159,0.442979281185715
100506476,1.29104367162074
283547,0.205750978783932
112268136,0.08431707500591
100528030,0.0946095302476571
123466206,0.618947498585252
400208,0.112455778548313
102723809,0.763870980523966
100506321,0.449632721557448
100130933,0.0465694896604753
105751187,0.116993492216047
145820,0.211894052625716
102724015,1.40877859362643
100506411,1.65975525360246
101928909,0.2083432804442
319099,0.238811949383932
120766138,0.118801602317322
100289091,0.15898046074352
124903564,0.587691188699409
359755,0.0706479226552025
102724587,0.0366616595234452
105370802,0.186037339999593
101928499,0.0171022935190702
3690,1.00770375673765
645405,0.105510290447963
105371022,0.408290642082022
101928227,0.114818507485862
105370681,0.0660413065929845
100507480,0.0485371324516474
100130855,0.416373114730743
106480806,0.689884555336453
105370781,0.27293992484862
102723481,0.0733234266047182
109729181,1.32359526988783
101928694,0.0479473231186116
728121,0.0600532833173621
100533106,0.116450284130402
100505573,1.97989815162
645204,0.0306605722017031
105370921,0.305646157078073
101928988,0.429491033829353
101929457,0.055972413796195
107984761,0.630260661961293
100287243,0.108441831261244
105371006,0.20217282435688
100130660,0.0497155105434259
100996492,0.132770028068318
105370906,0.440947631587311
101929439,0.0888240246898696
145694,0.963489230455234
79178,1.4202222749124
107985879,0.131526113772441
102725022,0.227838027674123
101927631,1.22941250896178
390601,0.92177842544675
105370880,0.203638544304087
105371009,0.0276439590910099
100996876,0.10090884072198
107984757,0.332486914834159
26589,0.445956941528477
101929560,0.210282017079342
100419668,0.893921135175922
723972,0.223723143034567
101929690,0.0201566492701331
101928414,0.28975615109389
145978,0.176333374633635
122409,0.100724249243411
102723335,0.158464423713218
649133,0.0209692882026594
101927751,0.412653557047847
645693,0.592755399531425
100289303,0.1761650389354
105376713,0.421058204050361
107075160,0.153112792461749
100420100,0.175154288632534
253044,0.0394476217259577
100506686,0.928830735654646
390714,0.144756434529493
400347,0.0567512557756906
105370969,0.114273863088368
105370809,0.054997842915243
7190,0.185871014488197
100131623,0.345497141335375
100131315,0.118078834682481
101926895,0.468204122436946
105371027,0.288441615041299
401822,0.0495192289370227
283710,0.428761512079279
102723640,0.225941490360051
101929977,1.37757776387275
146429,0.169232965466414
100505942,0.553553999632085
101928188,0.536220737904714
120017342,0.0300581105554705
101927650,0.263942334595142
123706547,0.845334127774537
101927793,0.133125085756639
101928363,0.598938764058845
115409980,1.57654460219771
105369971,0.120064920542551
729652,0.351718469371899
100418951,0.517705480631316
791114,0.0045667467349953
100509620,0.051284114267885
105371049,0.553861573758997
283888,0.0610219959658159
29890,2.19681534740362
350297,0.206724074741936
100507588,1.18390168808182
105447648,0.716922005873436
105371708,0.016081724652309
100288911,1.55297435624021
3217,2.52187303865159
647979,2.86947203778739
100506655,0.1159067175905
100194426,0.335657012091373
105371143,0.0084911297831118
101928736,0.875807379226691
105371240,0.229887525251903
101929224,0.880621307584286
729597,0.675391887230187
101928698,0.0193432301006561
101929440,0.438910413659273
105371279,0.966850198569381
124903667,1.26019563947609
100302666,0.107343722316254
646665,0.336344439506165
101929180,0.0756099064785592
105376323,0.387632044178117
399693,0.0324653828330247
102724163,0.385831042451011
729313,0.196775510943119
23732,0.0516758077965697
100134229,1.12682245245425
119863865,0.930056716598602
119746555,1.94787580073833
100288763,0.0406387916047836
105371416,1.26751274296527
100507303,2.47785697895682
729739,0.0714132279076869
105371129,0.109721115265514
119863864,0.0234025367070836
105371414,0.825147839966429
100526831,0.0268377072511832
650474,1.92464402728983
101060321,0.0262325134658017
101929408,0.0918151287903754
100418960,0.0960960359655527
4360,0.77183187622142
124903619,0.0342663432615378
94086,0.391476954595088
119863870,0.881630126240324
80072,0.51500584148527
147429,0.141951864352912
100861549,0.0645001083526856
105371184,0.289172185943837
101930452,0.192497411415927
642658,0.937535115896132
101928167,0.0754196057556881
101929387,0.140018125250146
100289092,1.06665678435658
102723510,0.72976718992915
100506581,0.175491345697567
100134444,0.0248187083181388
124903753,0.268304027618806
106144584,0.731276376238013
111082973,0.278733564511476
102723322,0.219108271980465
100127965,0.454936293324108
105371335,0.116812462656807
106478983,0.732703006459961
105371423,0.0152643844692303
101927809,0.516734769110937
123706523,0.580124980827621
282566,0.500251690763293
102723166,0.18919102391088
124903659,0.0828093123943021
101929124,0.0322650387162132
102723647,0.505203093290223
123706528,0.464851531725865
388248,0.157431366533768
197187,0.501795739292288
105377342,0.279029523495669
388254,0.0179178651438874
100653233,0.130280309711069
100421431,0.207857862197957
84210,0.0729417365234151
119863861,1.45225019125401
124903624,1.79610998771305
342419,0.109355807799742
100505915,0.0809207585101274
101928276,0.0348658102965977
102577425,0.0260306859239784
101929634,0.055972413796195
150967,1.26069093397205
115804232,0.428883148572786
107984643,0.45693001505071
100996478,0.016081724652309
283932,1.69541268180423
123706545,1.13262483830365
101928446,0.0136273381928503
100128905,0.183205132869345
129810500,0.799677308543772
100287559,0.0320646470462866
152274,0.0142416006900836
343702,0.0142416006900836
101927350,0.0168982779780871
9236,1.36289990523692
103344931,0.761145363547214
105370791,0.0388514046163894
101927273,0.0199533676763937
644242,0.55866303370483
101752400,0.938226219744862
105371264,0.0166942133416963
101927957,0.0795962166369358
101927629,0.0154687933557568
119545627,0.168213522886445
6818,0.101277900196796
100996255,0.549234020727793
101927087,0.0805425329522405
115830329,0.878028858281216
101927155,0.475435147141453
100507421,0.34113930261603
101927863,0.188196455857058
107986266,0.518244203081176
100506070,0.144931400916602
105370941,0.382992212843125
400406,0.0288518968796068
83481,1.64385146695066
107984827,0.111180730269128
119545626,0.100539616582576
102724344,0.0635354152782802
102724362,2.11870464818884
129810495,0.255145820657265
100507599,1.29715425400792
101928076,1.00718979395312
105371115,0.104224463503951
100861545,0.0199533676763937
728276,0.0918151287903754
100507290,1.94513550142981
23246,2.23194652347251
102724940,0.0168982779780871
653075,0.076560759028747
105373058,0.373364669696793
100287036,0.0773206608342586
105371374,0.036063467897197
105371286,0.0344662129356738
401720,0.0336664500279098
105370868,0.375848280348245
105371401,0.71277558322871
100128079,0.1250988793227
111082974,0.197759541309304
105274304,0.247945005717645
100421528,0.0302589788495971
728178,0.3482082744348
101927288,0.396573252905351
5175,2.41166338764994
100128881,1.44049279728498
102467146,0.0412337454202869
101928035,0.0706479226552025
100529145,0.0548027927666294
119545629,0.254840736075145
102723692,0.156396996093326
100128822,1.90624890190023
347688,0.140897664497433
105370887,0.114455451213547
102723385,0.116993492216047
112806053,1.68961531536657
284648,0.713509158141329
284215,0.0374585887741673
100420066,0.0731326033913595
100419017,0.312337770781671
105375538,0.0908815660467812
340393,0.0933066477599419
100507050,0.460901397309438
124906033,0.403650707715955
8139,0.595563961682435
101929144,0.0171022935190702
128193289,0.32009573861269
102723548,0.0442022240997431
102724907,0.106244151498938
728310,0.0183253569229505
145788,1.78095465020246
101927726,0.14598041277754
123706507,1.47185616917636
102724097,1.48751390588158
390581,0.106610837745808
3250,0.0282481437700031
727701,0.231931758133455
337873,1.23870033930554
645355,0.0033236975274522
653061,0.0126025784990239
283867,0.932385249968795
100128882,0.45022388625431
119139906,0.144231310383213
342374,0.288149195283638
100506083,0.370478736181664
100129654,0.0616026860516921
728498,0.349425163005487
101929536,0.127961642715893
100287616,1.4306503630231
100996345,0.0211723261778742
197331,0.143530619363282
728138,0.653239532773462
148189,0.627218611476764
105371361,0.104408275572339
730183,0.670983512748251
8190,0.0461754078434364
101927367,0.0156731530012164
100130950,0.578344535831634
105371798,0.573076008896696
400627,0.0384536920503017
56107,0.330273909508517
106481699,0.594209500954196
100507003,0.0501079362162316
124900372,1.63420705530061
101927727,0.590422584710163
100506388,0.491141718066114
26102,0.0109603861112779
400500,0.0404403802309502
107075169,0.247637128743701
283875,0.256212689225001
283887,0.943270885933376
119139905,0.942699694939784
101929726,0.713509158141329
102724927,0.487330829077103
101928738,0.219586911868952
105370109,0.0893856781967923
56102,0.239123273486571
100130370,0.335381869087057
79585,1.10059960427398
106479052,0.195625951238843
107075232,0.0777003520403405
4321,0.321497961233659
100129781,0.756730404325453
100507501,1.36669643832134
105371055,0.681055026777911
643669,0.707864626638478
100421621,0.204614205474604
100128007,0.97676971653721
127460882,0.106977361309365
56111,0.515546574648561
101928766,0.0506962311574882
10418,2.02155802820452
101926896,1.17898616256861
119139902,0.358824386982076
100421173,0.476576416424874
101927788,0.113547110299803
6182,1.80612798363691
101928855,0.0662337567877756
101927911,0.304358180120254
107075172,1.6415706672998
100533619,0.27144746091716
92002,2.24026418690095
101928266,0.213181347148669
2969,1.52363770587446
10780,1.33047491687689
119139901,1.35461438681967
124903629,1.49819470294448
100294362,0.764701577410054
100507458,1.25455048132629
105371083,0.543953063103867
105371062,1.83345292072157
644397,0.0627628591308276
100820829,0.707207129667968
100287461,0.290485494004677
645443,0.0700734830017112
388363,2.39395675740513
101929566,1.01444727213558
102724508,0.873258993605439
202020,1.30826390129892
653505,0.219108271980465
106479271,0.164635351283272
100616306,0.775702446731765
105372035,0.0366616595234452
101101775,0.181701696408689
116435298,0.594790302869137
220158,0.109721115265514
106481111,1.07753702179816
102724651,0.0144462560950847
10929,2.29488827467125
101927539,0.292814822784535
554282,0.629524414681423
9641,1.77479045391803
102723641,0.560696456760713
4477,1.14486961308028
100616317,0.758941553741589
100379141,0.331657782425756
106481126,0.204451677668282
100847010,1.42281932092344
400655,0.0058079828238362
100616269,0.865293483518354
105371907,0.563735763327164
201477,0.0105493414072734
6030,0.426568659244427
105371956,0.0082850342053478
339290,1.42650978754591
112268184,0.461367217978747
100616479,0.502896629876967
100287042,0.60991472314654
100616420,0.489238756182592
100505576,0.726179209923146
105371887,0.0598594062479726
100846995,0.411534083767005
106479532,0.31177051300481
200030,1.68537396824358
440712,0.85644116129682
106479362,1.27899228547833
340811,0.0459782976541651
100616469,0.837551319413866
106479493,0.184539174505137
100847075,1.90450143602313
100422851,0.54332920959396
105371722,1.1124636590144
106481134,0.147377001960521
107985126,0.0168982779780871
100422928,0.817951907289646
100422943,2.42324086559112
100616262,1.75676676653752
653268,0.378583907987207
100422878,0.489238756182592
728113,0.276064893344208
104968399,0.517705480631316
100418959,0.0797855659595778
400657,1.304930975119
100129878,0.531371919930558
128667226,0.0824319443491516
106479496,0.312621244120987
100131655,1.41323911592483
106481853,0.189522274027775
100847030,0.953013587978437
107075224,0.130458397610706
100616435,0.489238756182592
106481843,0.168723404379721
388677,0.104959466672018
100423020,1.19894859356992
100422947,0.532534393222761
140735,2.50458523879055
100422986,0.805376852050952
106480978,0.168213522886445
4622,0.0445972313113895
100616117,1.93358622013063
114515521,0.158292338591208
121725015,0.0294552189612712
106480526,0.304787742977905
100422879,0.879989979519325
56957,1.97570168465156
100421525,0.0805425329522405
100847035,0.632739760978314
106479373,0.171775977135072
100422997,0.758941553741589
113523640,1.02337254639389
100423041,0.947141050278638
106479230,0.419951224113042
100616482,0.554476325393124
101927688,0.684974495648655
100422858,0.476348304387361
101927150,0.329026296236443
100422871,0.507611567951372
100616158,0.532534393222761
503645,0.851176088958786
102724246,0.181199928331334
100423025,0.793205372342153
128385369,0.38376749485085
100846993,0.421058204050361
100847050,0.364806254598206
100616493,0.421058204050361
100652770,0.299040637766914
100500908,0.468204122436946
106479306,0.164635351283272
100423011,0.781466046871811
100422972,0.532534393222761
400612,0.215909987982621
100616359,0.817951907289646
102724397,0.0816766944344988
101928251,0.0113712320035829
101927877,0.0298571944893556
106479317,0.698934115962481
124904048,1.14912216033932
100616327,0.484854339375359
106480989,0.30736014523199
100500904,1.19990794375502
2702,1.83103596864101
100422936,0.489238756182592
106480976,0.172283623174845
102723167,0.0370602183099194
100506779,0.37113559236768
100616247,0.708275238047374
100421589,0.482256296407949
100847029,0.424369349249134
100616132,1.24359246232266
653145,0.449750992229604
100422971,0.817951907289646
100616343,1.36637210956139
123466215,0.809196093513537
105371734,0.0575293748341413
9939,2.29398801076176
124903956,0.465314865728239
106479477,0.445124399837998
342705,0.0374585887741673
390834,0.0272409292764164
100422965,1.75012277786108
106481035,0.166170785768819
100287932,2.83442546434267
728606,1.01515807937957
100616322,0.498261664719046
106479302,0.76681113620928
100422824,0.572077547613224
100422979,0.537899655352364
100422929,0.625368458613354
106479517,0.167192797265528
100500850,2.16056567607003
105371941,1.51136653754253
100616249,2.09128008080099
441263,0.0203598820990786
729950,0.0262325134658017
27246,2.1211568527647
100847048,0.532534393222761
100132417,0.615855614692879
106479460,0.303928379751277
100422934,0.910867818931424
110091775,0.131703931397248
100616374,0.611050212971705
645668,0.0780798702999492
100500894,1.03004218270377
100616318,0.851176088958786
101929693,1.10814603017963
6139,0.976499342461939
100132972,0.673061574935142
92659,2.2611954454862
101929511,0.189853388024481
105371855,0.209474780431935
100421100,0.157431366533768
100422948,0.493708450560847
106479459,0.933952089844317
101927521,0.148422877795907
107985181,0.0232000328901817
106479384,0.421058204050361
118738,0.446907275368108
101927989,0.911228578034116
106480935,0.692914474647678
100422860,1.67270413608756
9554,2.08395818956995
100861412,0.602393188728104
100423012,0.489238756182592
101927018,0.514248136690256
100616181,0.961940302076947
100422841,0.468204122436946
100616284,0.597494400117215
100500802,1.76471841344527
100422967,0.502896629876967
646595,1.06981249460666
10628,2.95582068940301
100422864,0.507611567951372
101927496,0.224357586784645
100500854,1.31513603138672
100128893,0.186037339999593
100616194,1.94496312817044
23380,1.45480049230513
101927275,1.26525925493695
284167,0.0440046509270564
57597,1.29496000876496
106481079,1.07753702179816
105371773,0.413150565167896
83593,1.40480561347824
100847087,0.448804298002788
101927557,0.175996668205466
100616196,0.522325440330299
100847028,0.66409843220395
100419893,0.17042069729137
100462813,0.579433116949755
100847080,0.793205372342153
92335,0.739085517369515
100422944,0.764475154228032
5408,0.187366710728405
100422974,0.480556945227672
100423037,0.73782958768216
100847023,0.445124399837998
100616430,1.12231555680342
400660,0.472344837064028
101927481,0.408415649146717
136259,0.0750388739578922
106480489,1.32687139233092
101927666,0.0089031710875008
100126313,0.427665890731847
100616405,0.484854339375359
100847022,0.421058204050361
106479410,0.187034573433335
124903957,0.357354995624045
100616114,1.51959510744436
100847066,0.554476325393124
284565,1.72857376983284
100500889,0.372185383912457
101928235,0.23694143605566
100616294,1.27675430038526
105376843,1.15218047673445
8031,2.6356757088472
106480952,0.418842604688001
106479303,0.166170785768819
54460,2.82903187136709
106481828,0.170251127831315
100616463,0.54332920959396
2662,0.757035828394097
100500828,0.977256088191051
400644,0.0378567710724885
100423001,0.489238756182592
106481690,0.372185383912457
106479360,0.178014807680926
100616149,0.81158936652802
100616468,0.96497914534748
106479295,0.187698711263493
100500812,1.42281932092344
100423030,0.830902129192156
84815,0.179525113835239
80022,2.04383488742967
100616285,0.512404693212427
100847001,0.480556945227672
124904242,0.0310619747051902
105371712,0.0681558255976688
100505592,1.26260182603269
101927571,0.641302345114946
100616323,1.06637752475422
107985305,0.909965011163158
101927720,0.704075269016922
101928063,0.176333374633635
108783654,1.47600798794492
5348,0.108258914477887
80755,0.815581975758524
101928674,1.01302313113491
106144598,0.609346287775577
100128568,0.763341876310079
112268408,0.0197500372972908
101927229,0.221816777530107
124904695,0.218150130624384
102724684,0.0113712320035829
100505549,0.590422584710163
342892,0.519857969075371
102724339,0.142829326952615
729654,1.2634890855907
100505715,0.0248187083181388
100885848,0.470047316687143
100133957,0.310918847596584
101928514,0.0848817820027076
339201,1.87756799215817
100418865,0.0809207585101274
401914,0.382474917136123
147727,2.0592163959691
284385,1.00703551962593
100505495,1.00512955049885
100129975,0.504105689283315
124904611,0.0199533676763937
101928710,0.0238073990491231
100507218,0.631822605963728
100507373,0.727776234512774
101928602,0.446075799847334
158062,0.0635354152782802
400684,0.679686444569778
108903150,0.143530619363282
110806298,1.05977651582259
101927322,0.0865736051467432
100288123,0.805944079129217
100996660,0.297452715618942
101927433,0.0062213260747212
100128016,0.0979504261429475
284408,0.733573344071651
126170,0.205913243491814
112267992,0.723535795315619
728485,0.206237674414799
100130522,0.517813257192169
339524,0.246712778585597
118827812,0.0660413065929845
103689912,0.496488180324565
114108587,0.0400434172142254
105372126,0.0205630661837875
105371795,0.906946225349334
100996288,0.135429218543903
105372397,0.100539616582576
100422497,0.248252762955039
80054,1.28988816833508
728538,0.11136300073123
101927755,0.0973945447953161
728752,0.768013587215584
641516,0.0105493414072734
103091864,0.137020599151987
642290,0.130102183141896
148145,0.0080788886488122
400617,0.144756434529493
645744,0.585341558874908
647946,0.263338820352192
118827811,1.44347561331926
101926967,0.62053496528303
101927943,1.1094879479862
101928982,0.503226572627941
105372281,0.0714132279076869
105371828,0.0146508621545966
386758,0.848792619919802
100507433,0.349290048561239
105372363,0.0076664475141711
148046,1.43219730621983
26974,0.571977624263334
100131036,0.36678982893385
101928886,0.0324653828330247
100506713,0.068923416931643
9294,1.73808121134221
283994,0.0388514046163894
100873202,1.30304316996567
117751740,0.411534083767005
112268243,0.0666185243177208
100996351,0.0685397094214406
342732,0.623048842221693
101927151,0.377021899389757
101930593,0.124560998675753
284260,0.112819716306845
100128144,0.406914190304122
105372147,0.0811098068644656
123706506,0.0499117462968908
105371789,0.678572450586893
106480418,0.184539174505137
101928104,0.0852580403731478
400622,0.323736240111919
390860,0.136667226196118
1986,0.228784605339793
7767,1.36455753059776
100288122,0.392243595364258
124904256,0.279177461082441
101927572,0.496599149544295
100506374,0.541975663969047
100505474,0.0111658338983268
105372143,0.0918151287903754
100129556,0.104408275572339
400685,0.148771205374627
106480240,0.445124399837998
124904642,0.668289996747333
100132174,0.0238073990491231
440335,2.40820905599255
55957,0.474520853488853
4730,1.40422832745152
4701,0.570376936951535
100131691,1.01088057699046
105372476,0.752823896988401
100131496,0.135252207441062
646698,0.0362629122582597
56936,0.0386525717956126
105372266,0.719995008724101
100505812,1.04475757121995
100506033,0.769663397208521
390937,0.209959220068151
149013,1.37961081537871
124904710,0.094423529467826
100421702,0.446432260608848
111644147,0.953013587978437
100126270,0.0227948798627598
55879,0.0084911297831118
11254,0.0356644376201233
105372321,0.972755902101049
100132796,0.0627628591308276
100421706,0.0936791088254262
100287834,0.0187326529005272
147670,0.333866822009224
100132268,0.0790279102152443
100271873,0.0126025784990239
110806301,1.10099462517715
29057,0.0871367817651098
400550,0.0078726930921942
644656,0.996189524710549
100101266,0.302493993538219
93429,0.0302589788495971
54553,1.10002854334021
100132686,0.0921882600032804
105372267,0.0627628591308276
105372482,1.13071111986574
100312828,0.941383950750962
100418834,0.216230393124375
100312849,1.00703551962593
100133225,0.0610219959658159
100073347,0.0266360241092229
101059948,0.116993492216047
400680,0.399235094154757
101928295,1.0042001403431
100421699,0.254993293101234
106481695,0.174311031346234
729449,0.13931381225424
100312832,0.106244151498938
100312835,0.0727508259833435
91370,0.423512311032106
106480283,0.0940514026841421
100419847,0.245633004187615
100128054,0.385315682482522
503538,0.835184467315448
79160,1.41220182975653
100289341,1.17841178521291
100421698,0.445719167761211
105372316,0.025020825205399
388523,0.161898500427602
123497957,0.132059451005708
100130490,0.0694986479199568
388630,0.855982192066706
100129976,0.0671953437318986
441179,0.579828550451351
115290,1.41427428381248
105372435,0.469471814033847
200298,0.314461298270953
122394733,0.0179178651438874
107985274,0.112455778548313
101669766,0.184372539834336
100505851,0.0891985025665453
100129195,1.10309687158885
79917,1.19583781167436
8517,1.01444727213558
100293516,1.89972561498932
100312830,0.120425512675816
732229,0.0820544050747075
100507567,1.32983737980239
6689,0.290193838581475
104472717,0.808702267263113
106144526,0.31177051300481
100421710,0.0931203544834532
100507551,0.661553587145561
391769,0.0544125563488178
63947,0.029254159459327
147664,0.0719867467506061
84548,1.52690243815018
646557,0.113728858571093
100505761,1.5605788347007
112268241,0.611239282549968
23619,0.085446105720894
400818,1.27924746350232
110806280,0.550367966253157
401612,0.483838810808196
100422106,0.15898046074352
100887072,0.0442022240997431
10984,0.394793459177479
122539214,0.873960819203271
102724105,1.207850913462
646862,0.0538268611423806
112398,1.36303597580873
112903833,1.04422615852364
102606466,0.0449920531388688
124904535,0.479762565005363
100507423,0.290922772964898
102238594,0.373364669696793
101928601,1.1329985146197
101927972,1.23279233560745
440173,0.0211723261778742
101928659,0.237565430338323
100529215,0.0501079362162316
100133265,0.372447605534375
101927837,0.639216984912439
105372097,0.0103437444480222
101927931,1.37810660147252
152217,2.28256552849214
101927950,0.183538850032236
152048,1.27072968581265
100289404,0.273238077537133
107075261,0.34141239336192
728841,0.939031534579516
105371745,0.351044680111883
729565,0.699765974141291
100421695,0.376370112746811
127379697,0.215589454345671
100419046,0.16446456804444
100533676,0.0990610707966686
100287745,0.330412408664205
106480280,0.0942374869521354
117751734,0.245478630433412
101928550,0.0070474104382352
105371242,0.0795962166369358
100288198,0.755430783748374
256957,0.154151340944846
100289371,0.242229813078949
105369515,0.13507515807804
100420898,0.0408371562480633
645862,0.123843276378059
28307,0.309070358828313
106480285,0.0590834488965626
124903031,0.681823651482598
390597,0.0497155105434259
100505694,0.143180048388379
127379698,0.329581040263295
401492,0.519427983187211
28439,2.24448895060265
107984970,0.140370054462992
100422200,0.0487336436053482
105374811,0.436265704546873
100418968,0.151205342053182
111082965,0.105143115389858
401913,0.634204697328347
107985644,0.0771307503330335
25832,0.851770574493997
9383,0.0043596979037672
8148,2.43621305652012
106481692,0.165659296928695
124904619,0.282130360912648
246176,0.0778901327798074
100132534,0.0499117462968908
146853,0.33331515579228
338005,0.011781879253164
105377633,0.946403037759692
100130664,0.0918151287903754
101929053,0.220384007852123
319140,0.0831865093464727
8370,0.594015793931083
91608,1.22885300838016
100422452,0.0893856781967923
100421415,0.242384821057927
107075117,0.681738291428548
448990,0.280359957267272
100631247,1.24708921491635
100421537,0.150684352667124
100418814,0.188030575137308
339929,1.24904844008678
118732298,0.750360992017596
2753,0.136490482508856
106050037,0.101646795135895
105376412,0.17683817166592
107984508,0.268903746875228
100420975,0.0645001083526856
441294,0.471311840665523
100996569,0.0201566492701331
100527978,0.199069710455529
106481966,0.0449920531388688
106481715,0.385315682482522
101930085,1.67253219062763
111082968,0.106794119855082
101927811,1.37274023992239
100289034,0.213181347148669
107075165,0.356150661095844
442205,0.154497229720915
106480417,0.178014807680926
107985049,0.108990338597057
100507032,0.321778100846563
107126287,0.131170362808316
503643,0.115362792180997
340307,0.0209692882026594
100130714,0.0666185243177208
101926940,0.34195828374075
439957,0.13099242943963
101060226,0.0238073990491231
118827814,0.971066571337814
100128397,0.305646157078073
100419851,0.125994565263373
118568802,0.754051940077825
100132406,0.598168805414569
79148,1.4291464636159
6352,2.29455450287086
100421704,0.57137778890669
106480286,1.65463995805051
115308161,0.160183275252927
100132562,0.141073458890048
100418892,0.726498918654593
105369490,0.0400434172142254
100130316,0.142478454942661
128077,1.78746097970596
643447,0.577650931059534
284021,1.38495855293
127379685,0.294992270715603
338758,0.5863215205487
100131953,0.200704422956811
100421550,0.0816766944344988
105377023,1.34653195979597
117134601,1.35852669417592
339966,0.107160562124483
643031,0.0588893471988714
100421705,0.0903209239347336
326286,0.098876066768446
106480925,0.419951224113042
729096,0.55835751996162
124900922,0.914346479515997
106481206,0.848858947118641
389332,0.274280721069564
105370158,1.20606724275624
101929623,0.137020599151987
101928965,0.42056641510127
118597835,1.02611908789252
105374758,0.618573452263964
105378083,0.302063161290344
100873378,0.621746480535767
118597843,0.418472699814094
101929733,0.434819165563841
102724708,0.87656990533782
124901355,0.146679006037627
106481204,0.396573252905351
284615,0.789145886430045
26822,2.06812899300563
404672,2.07737696226056
118597831,0.914167022220175
101927067,0.351718469371899
100129461,0.60735312790469
283481,1.30602405330553
105374971,0.367977499352665
124902769,0.78579242362483
123706512,1.52678482050947
107986571,0.40866560090341
105375022,0.914705239723266
105377858,0.0364623094604789
102723944,0.50629884380715
101929243,1.83649370275561
101929704,1.48290090982887
105374652,0.351449024819327
11165,0.10953848174189
9757,1.82744415157282
339822,1.33735149309681
106481200,0.335657012091373
101929352,0.0412337454202869
100101267,1.84199673192317
100133941,2.83331909670797
100631383,0.0168982779780871
106479606,0.399488113374647
642361,0.559985417609879
105377750,0.934705086101236
123706533,0.863286447156955
101928450,0.435663321434888
106479605,1.46382564675596
154313,0.0727508259833435
677811,0.590909224139139
100506497,0.837483815525561
389125,0.143881039990532
152687,1.54583073592076
127138863,0.72729752561457
151877,0.240678064244852
84740,0.0569458532680942
8447,1.19883779285567
123706540,1.27053526406207
105373098,0.791613569427712
124904434,1.45119895031634
57717,0.855128946309636
116435299,1.78259614472063
107986100,0.0983208065549586
100506394,0.935919537632059
317751,0.0645001083526856
118568819,1.63700558220377
118568811,0.263187869494212
105377466,0.198251105096584
101752399,0.0955389086838045
102723582,0.496488180324565
84989,0.660849901265313
105369201,0.449869244030099
117981787,1.60404546677363
105377321,0.198906056090084
105377540,0.293686531565202
55802,1.74659857270078
100130705,0.414019537867964
100506286,0.919409811791805
127138865,1.38163586634468
107986163,0.850911696100852
100128560,0.0471602662673416
101927824,0.536535833563214
107985209,1.03443122067975
118568825,0.439989636060549
80039,0.0573349127789155
644619,0.256364981379205
26220,0.137020599151987
100129550,0.931396689298222
150590,1.6810075965964
101929351,0.898844865563654
101927259,0.518567244242672
2904,0.0053944386314874
107985565,0.146329784130774
124905013,0.168383519006746
147719,0.025020825205399
105375591,0.895463938588892
101929607,0.0290530521054448
124901427,0.160354960735192
101060684,0.499257357044862
105378482,0.271596835002738
124905134,1.26512832962836
100270804,0.707371563809147
107984262,0.910627197377335
124903889,0.045189394581304
8926,0.399993897113593
440686,0.502016050635614
112441426,0.0225922306114602
107984036,0.82638521798785
123706513,0.753284678824023
728116,0.0128076294222381
100534612,0.0619895891189751
105375519,0.0614091674392234
25786,0.623420499580613
389458,0.10090884072198
81356,0.0575293748341413
81352,0.184872340656819
202781,2.02698861741216
101929497,0.598650128256063
105372990,0.37139817612181
118568803,0.483838810808196
102465137,0.651992648967017
105370169,0.0171022935190702
101929657,0.076750799447613
123624,0.0039454490619983
8362,0.855654155230667
54883,2.01985178849745
102723708,0.141073458890048
100170841,1.73539119761753
9326,1.8405622788115
128667224,1.49698698255775
441711,0.0294552189612712
127379696,0.58130946353461
116435302,0.678315117141998
102465525,0.611050212971705
23191,2.32251814410403
124904613,0.282130360912648
101928504,1.06165666616124
127379681,0.254535533572867
8339,1.39783462400377
100421859,0.0485371324516474
389856,1.27886465105581
124904917,0.348884562206765
6880,2.40198297134626
102465909,0.560188643971399
79159,0.619508192927471
106479489,0.152766315216847
28916,0.288002944355383
8355,0.668986110442428
105370532,0.106427514965708
388685,0.971011999018981
100133121,0.264394666900614
102466741,0.640305781269777
729438,1.45179340252959
102466518,0.431069221431126
256302,1.51304365204863
195977,0.0175101773978301
124904621,0.648059154468411
30837,1.34580117386377
729877,0.0262325134658017
101928796,0.374149845098182
283683,0.0304597993916931
102724560,0.0662337567877756
102464824,0.502896629876967
151,0.455757888579168
8344,0.648059154468411
100271251,0.125636408067992
26149,0.642839676666925
390660,0.0652710625303166
100129924,0.248714174483528
101060389,0.631271731909856
124904634,0.288002944355383
100130301,0.219586911868952
105372253,1.82469957539703
105378516,0.0970237498872507
101060376,0.942871107631562
81554,2.41591057980335
115891964,0.160354960735192
107985020,0.560899480706287
643862,0.0477506279872771
28454,0.679857667277522
440804,0.0089031710875008
106481454,0.360024517260745
440434,0.253772010892037
102465136,1.35475264522947
8348,0.294702295350584
107984539,0.324155196521377
6368,0.136843931739014
8353,1.49973125808887
28577,0.328887547854481
729842,0.504983744907689
414059,0.0740862832627668
100532724,0.0070474104382352
102465689,0.655992498857985
112577464,1.24369462679691
102724862,0.0467664613262632
106481086,1.21732758621211
85235,0.379363708347648
127379733,0.095353116336939
140883,0.0792173887819751
106479282,0.17683817166592
102465451,0.489238756182592
4302,2.19301430325578
100132441,0.0248187083181388
57223,2.2593151011286
11276,1.77131440182148
79873,1.99340013391967
102465251,1.13951915704107
7549,1.16212597390918
105370947,0.112455778548313
106481103,0.884145166159893
6360,0.170759729813761
28575,0.32763768800991
100132678,1.27102118721138
94059,1.53305665957123
102465443,0.38260427417016
105370057,0.0534361704016004
6351,1.52688283720589
100419515,0.699599684048166
100861430,0.287417666770059
107987142,0.431069221431126
157285,2.33441081215321
124904882,0.405409726788792
102466906,0.96497914534748
8354,0.103120732107382
6362,0.507392945189094
8857,1.0983119819021
6928,0.0278454019696254
102724745,0.595853864897818
105370997,0.219586911868952
102464834,0.648059154468411
102724159,0.730482490799653
28419,0.143180048388379
100419830,0.183205132869345
101929125,0.275619230518917
115482720,0.259404667743331
100129722,0.493708450560847
100418753,0.0846935889461878
389610,0.0544125563488178
100420890,0.237721352310038
100192386,0.0890112847364733
106481008,1.13328898321443
105371762,0.0925612234809782
100421769,0.112637767504033
26574,2.34103922312449
8345,1.28169737925061
8350,0.192992200703362
6359,0.0497155105434259
28573,0.416249426313536
400658,0.726339083300941
100652758,1.64287319224523
440563,0.0903209239347336
102465866,0.456344184062156
28583,0.255755636380194
107080652,0.183205132869345
101927646,0.0370602183099194
57636,1.78363138622132
114791,1.68935313452085
105374989,0.0276439590910099
378825,0.138432567508923
127138861,0.462414240917755
246210,0.0970237498872507
102724594,0.20542635081713
5645,0.292087654063609
84218,0.0981356370534185
727830,0.0128076294222381
102724428,1.83856712755056
11072,2.3079048031443
29128,1.94075789657144
9560,1.86028806086842
414062,1.66925267357835
100132834,0.357354995624045
653590,0.0534361704016004
6029,2.84027819032784
101929494,0.381439265338426
8294,2.00520039186296
102466874,0.865293483518354
146850,0.849124187371358
6871,1.81888988950689
100506571,0.186203631222028
102465479,0.554476325393124
102723475,0.0583067721494003
8396,2.53686307918273
100422969,0.554476325393124
406937,1.53142840314964
8331,0.290047970008234
102465502,1.26826182341178
28574,0.252242748024437
102724877,0.0412337454202869
6358,0.167363007422608
100506622,0.100539616582576
102465977,0.566057151869953
105371254,0.802248259816727
105370185,0.123304573053134
100419047,0.249636190968934
84055,0.172790951267048
56101,0.996608283583494
28569,0.224357586784645
28902,1.60179234234076
102465539,0.507611567951372
102465861,0.703579438297136
338382,1.27896037971175
102466731,0.532534393222761
1602,1.72467900217827
390627,0.315309082604939
102465668,1.20486275681456
353238,0.0227948798627598
106480974,0.884145166159893
28401,2.93533491657981
100271604,0.406036952412946
28572,0.40465636498684
102466722,0.879989979519325
653145,0.122945241276883
8332,0.20217282435688
127379741,0.227206350184508
28576,0.49281669672436
107984588,0.514464704602803
102466865,0.41785578539967
8367,0.544368664326315
105370103,0.129567571269748
442215,0.0790279102152443
112436692,0.369689759524626
3012,1.64683443040668
102724850,0.0621829736100838
102723996,0.444290923284619
102465254,0.476348304387361
441250,0.932210912361473
474384,0.0916285002418245
8360,0.565048781955661
284098,1.78304171814946
100287808,1.5300283477677
101928991,0.0673875284399155
619455,0.08431707500591
8343,0.448804298002788
150384,0.349560253625047
7703,2.37791490906318
102465500,0.604209537560386
105372703,0.0126025784990239
127138862,1.23921555817718
101929698,0.16855347950014
80725,1.98083594022987
128667229,0.373757358787233
102467004,0.522325440330299
440435,0.209636292875274
4082,2.72511472958881
101927559,0.485981055230601
106479396,1.24806970765258
93474,1.23804703178262
102465141,0.770037780756817
342372,0.0209692882026594
338328,1.48899959524547
102466878,0.480556945227672
110806277,0.291651027359481
4747,0.0799748722352531
102465835,0.424369349249134
101929127,0.0346660352741282
6348,0.645454335244289
105371267,0.610482697994384
440311,0.0493229014588557
102466724,1.03004218270377
100506076,0.0113712320035829
115482688,0.242229813078949
28755,2.31336542662493
124903525,0.085634128532859
102724488,0.0942374869521354
5691,3.08141705508219
102465486,0.625368458613354
101930023,0.223723143034567
105377155,0.233030326569747
102465446,0.590909224139139
6716,0.134898070440325
284106,2.3756593979613
100420803,0.0750388739578922
105371011,0.0234025367070836
102723360,0.0070474104382352
100462836,0.739242342916195
201299,1.17610838496337
28589,0.268903746875228
11056,1.73986947207397
101928230,0.377803305483126
104564224,0.154842971653662
102466193,1.07396327810241
7554,1.06846874765908
388996,0.0598594062479726
641467,0.303498341640863
389741,0.144756434529493
28817,1.61446651624989
29964,0.193980867709362
123706541,0.550882802962905
80179,1.70479000655915
102465842,1.63584160927791
79893,2.12540485611855
100420930,0.120425512675816
7772,0.520609830059145
100507240,0.242849663208363
124902860,1.21882604640973
124902105,0.348478861165003
101929140,0.27099916815796
102465255,0.81158936652802
100420263,0.0294552189612712
100420607,0.0708393147493007
284099,0.246558615229919
102465522,0.895155679860231
79154,1.56897925523266
31,1.95689367723622
728229,0.123843276378059
10002,0.436506521386408
8346,0.107160562124483
106480951,0.523609481701227
102723859,0.0761805481519545
101928238,0.550985725887697
102288414,0.0604409028617613
79922,1.79130007121465
100419815,0.0805425329522405
8359,0.23694143605566
102465496,0.427665890731847
647042,0.0886367224100169
8336,0.200214358457645
392843,0.0193432301006561
105370349,0.0799748722352531
105416157,1.48313688170033
101929225,0.198742368383381
100379571,1.11297961261093
378707,0.884145166159893
100289211,0.381180131167325
100422013,0.0635354152782802
8357,1.63041742781621
84311,2.51112937713114
28903,0.356016728939658
100133319,0.0520673186640733
645967,0.646982487437353
124905527,0.016081724652309
144486,0.436386122704357
54508,0.75220902447439
101930100,0.158120217057401
100859930,1.97089846827411
390093,0.0089031710875008
147276,0.0828093123943021
27099,0.179357441318622
83880,0.059277505632032
124902453,1.84116380321605
105369784,0.0175101773978301
401561,0.106244151498938
100130890,0.640668333870715
727919,0.904945838287368
55472,0.812712575319053
64433,0.465893624019269
144125,0.0078726930921942
105372295,0.644553843589928
100132249,0.414515642059746
55451,0.413523105308181
100130148,0.879800458432254
112267859,0.051284114267885
105377031,0.276361861281503
100130386,0.0211723261778742
728945,0.0673875284399155
731605,0.118078834682481
112268198,0.568471428157961
100129726,0.304644581734644
401105,0.695763728336104
651430,0.124740331349873
100507462,0.44321793393712
728484,0.110633677154773
106479105,0.641392870836523
641384,0.140370054462992
102724023,0.56454406113081
642757,0.0807316672117631
285097,1.43283848576111
102724701,0.0072538062085478
84322,0.096838290181438
100113386,0.364541387539058
84931,0.10953848174189
102723169,1.79860732680956
730668,0.0759903776592968
102724200,0.641935777035929
100507117,0.447619227650367
731656,0.453996208707706
110806272,0.518136490653734
100861563,0.681055026777911
124900476,0.0221867865316464
101929151,0.0660413065929845
126661,1.74335084195877
100505839,0.13737381964589
101928173,0.426568659244427
440952,0.229887525251903
101241891,0.0769407965432616
79447,1.90977029602316
283267,1.32362461122833
399972,1.17599296676068
101928469,0.0130126308322217
644021,0.198414892898551
127841,0.190349804008641
285463,0.637853582135533
101927381,0.0338664618273812
100874531,0.0436093653522559
101805488,0.0893856781967923
283876,0.895525572244327
116828,0.576956647201406
100506901,0.418719323364267
101929557,0.627033817062853
100506776,0.248714174483528
283521,0.051479983874231
101243555,0.0113712320035829
101669767,0.0374585887741673
101241892,0.721767730029328
102723099,1.0352659152002
100507178,0.407415009918487
124901020,0.0782695646180464
105369885,0.879168312035251
100129716,0.216390547537766
100846978,0.0442022240997431
724102,0.831788115012435
100506516,1.50427097953579
101669762,0.121686341935808
101234261,0.134366577733776
100506710,1.82140852593096
100775107,0.209797772750175
285796,0.01219232802879
100507173,0.344001923210229
101929741,0.298030516495173
102060414,0.192992200703362
352990,0.15898046074352
441501,0.0132175827499873
107987295,0.0863857947605423
400752,1.24311544196187
57289,1.2867212052173
28633,0.689884555336453
359809,0.285805890005605
7851,0.057140405596366
503644,0.0910683626288553
28634,0.708275238047374
28637,1.97445953670481
28562,0.133479989705537
107161230,0.0544125563488178
101927825,0.0227948798627598
28402,0.266952984640683
140,1.14835500323686
359732,0.18836230244846
102723170,2.11891711196796
100033411,0.322617911022926
28630,0.66409843220395
100289097,1.28191954608346
124900414,0.0822431961241168
105221694,1.58499718891994
110806296,0.0869490986322006
122526780,0.09665278895269
28596,1.99047075017398
101867536,0.0256268862991105
102157401,0.426568659244427
100506319,0.0524586470199822
729998,2.18064940866858
124904498,0.203313060051116
28604,0.40239174352277
107984640,0.0721778321548017
105372705,0.659175758902307
102723525,0.0495192289370227
105372480,0.736571296384881
57061,0.0479473231186116
100505385,0.13807980370917
100873232,0.051284114267885
101929130,0.0274424681999785
100289206,0.0681558255976688
105374338,0.0181216355189445
100507747,0.982687815976914
114515518,0.0432138940104846
107986818,0.233970749975499
111216277,0.36175471487019
111064649,0.154842971653662
101929469,0.777629252051123
102465518,0.572077547613224
124900824,0.0986910213962365
100887080,0.151378931219585
100500880,0.713020196748892
124906339,0.464155984355703
100422872,2.15554630033238
112441442,0.367185924879962
100996481,0.134720944513396
109729170,0.337717454330837
101927879,0.0860100466169922
101930276,0.0082850342053478
103504734,2.46242671279108
100422885,2.63850732206032
105372079,0.0043596979037672
124906340,0.421058204050361
642515,0.392754257344239
124904687,0.708275238047374
109729157,0.10404061055807
101059915,0.059471517423572
113391335,0.217350800523257
90332,1.47986610017107
124905221,0.0142416006900836
105377068,0.241454318250322
105372165,0.398728800764553
729732,0.159496170553545
100847044,0.517274213908147
338667,0.963875852358229
105371346,0.113728858571093
102724536,0.507939378810907
102466658,1.83254325948348
102724474,0.618854005772164
105373780,0.132237153018681
112163686,0.29571673761893
28390,0.156224473136085
100847046,0.793205372342153
101927245,0.556113083105224
101929563,0.0973945447953161
100421372,1.58534392971035
100616115,0.502896629876967
112436690,0.219108271980465
100500853,1.14835500323686
100500837,0.910867818931424
9997,0.0761805481519545
105372883,0.280212242818749
100616146,0.611050212971705
388963,0.767938498003166
105373244,0.19233241404895
105371045,0.245941661443102
102465665,0.498261664719046
112268164,0.161212844662453
406988,2.02895840693417
111188157,0.116812462656807
105375421,0.306217906758513
122455342,0.955761182275124
105378736,0.031262604438497
105374988,0.0374585887741673
105374312,0.2165506698612
374443,0.203638544304087
645656,0.133479989705537
107985740,0.0780798702999492
100420941,0.0794068242501354
100130520,0.164635351283272
728743,1.14177164821745
100506022,0.944753517934527
107984345,0.0727508259833435
130932201,0.22086188363383
112163659,0.104959466672018
101928059,0.320376386626327
110599564,1.92896083790321
6905,0.282425039389023
101928718,0.107526841900486
339829,0.0981356370534185
220074,0.145106329829701
254896,0.674615996992866
100507547,0.40239174352277
122513141,2.21258733888043
105376244,0.0217811482126814
107983993,0.0530452976713926
112694756,1.23704837290291
101928583,0.0193432301006561
89839,0.445005389038281
101927525,0.257582261749483
101928292,1.62243906774548
112268208,0.009315012732202
100506207,0.118801602317322
101926888,0.639580106964454
112577461,0.0625696085978943
108783646,0.055972413796195
109729173,1.06320328970513
102724954,0.0215782561623971
145783,0.678229317807757
101928882,0.0845053532862342
105371256,0.0459782976541651
100505984,0.73080015771239
55056,1.27063248368954
128966558,0.046963386855558
116435296,0.0598594062479726
100129518,0.0910683626288553
548644,0.127604342605156
132989,0.122945241276883
728635,0.351583758949313
112267968,0.0128076294222381
645485,0.0725598717535938
124903342,0.615104004097364
105378855,0.0526542428027862
105369347,0.982044991293235
105373429,0.011781879253164
124903183,0.0306605722017031
107984273,0.277103789523305
105376479,0.058501008843608
102724643,0.0422244019181622
105370500,0.211249627942036
105371729,0.275024619310281
105376124,0.0729417365234151
124902229,0.0280467968559265
107987443,0.229572561199067
105375622,0.123304573053134
100505502,0.043016088629042
285074,0.0244143296379668
105369547,0.726978196728984
124902388,0.468204122436946
101929691,1.03810492851496
105378268,0.985305659767651
124901671,0.167192797265528
102723663,1.42068440876445
122526776,0.892312605150499
124904288,0.0763706752693144
646719,1.15912097093607
128125822,0.0563619252247972
105375754,0.0119871284396815
105375440,0.18103260301996
105372432,0.532534393222761
728196,0.0912551171776534
80078,0.01219232802879
440905,0.699849103910634
100750325,0.348478861165003
105379003,0.106244151498938
105373170,0.0390501905320824
105373682,0.0449920531388688
100996693,0.0569458532680942
883,0.0156731530012164
101929059,0.0197500372972908
124905014,1.8121262769114
124902114,0.74299516146701
105372401,0.815232726149391
728392,0.82432160559558
105374727,0.035464851664874
100130535,0.0103437444480222
100996717,0.493931218952012
112268419,0.398475526494279
105372668,0.184039167240528
114841035,0.123663747828285
102723654,0.0140368959186701
100289473,0.0621829736100838
107984270,0.437949788491541
101928373,0.20542635081713
124901628,0.140018125250146
105376020,0.103120732107382
107986524,0.0586952005206574
124901902,0.0256268862991105
124902473,0.0797855659595778
107985694,0.334142506977157
105369363,0.955425400269918
105375501,0.110451245488528
105373085,0.858600448533929
105373289,0.307645442559911
107985206,0.256212689225001
124909397,0.0168982779780871
105375840,0.0258288102084853
124902301,0.125457270894805
105376419,0.196611388713941
8358,0.532534393222761
100630918,1.38748194769217
124902026,0.433611566612738
124900957,0.0388514046163894
613266,0.0467664613262632
101927857,0.0193432301006561
107984265,0.600092124890819
105379087,0.136136880643432
105374174,0.997183604476149
105370728,0.0824319443491516
105379199,0.489126662843219
101929918,0.13099242943963
124904784,0.172114443173016
124900989,0.0390501905320824
124901107,0.0848817820027076
107985953,0.002701491548138
116435278,0.10219982932161
105379839,0.284337749808737
101927505,0.110268773482143
102724497,0.0733234266047182
101929200,0.599611787601361
100289495,1.08709651061463
285768,0.0097266548872287
124903658,0.041431969987866
105378842,0.0754196057556881
105375216,0.0936791088254262
124900848,0.0101380977223869
105377451,0.025020825205399
113523636,0.0886367224100169
105375423,0.533167679869532
124905237,0.0366616595234452
102725068,0.605449602332871
124909384,0.264997372636285
105379242,0.201683655587212
107986482,0.107526841900486
124909475,0.0940514026841421
124902546,0.367977499352665
105373334,1.31665444671295
105372980,0.0619895891189751
117314529,0.586223585478309
8352,0.361089718328664
124901407,0.141424934332517
107986639,0.640305781269777
112268234,0.131881710470116
123706524,0.635392688719125
101929510,0.0171022935190702
124907726,0.62006843766363
107986443,1.33706556892567
29798,1.36360708248963
124903317,0.148771205374627
124900656,0.524143826341031
107986669,0.221180308587003
124902947,0.233814089985744
124902027,0.0352652184723042
107984000,0.226416048171687
124909426,0.0142416006900836
100129223,0.0084911297831118
100131289,1.32488474717844
101929667,0.38001293027313
124901391,0.964372579849833
101928868,0.244860834333613
101927278,0.0983208065549586
102723575,0.466356303672171
105376387,0.0039454490619983
107985177,0.0782695646180464
105373422,0.0548027927666294
101927401,1.27402418248064
124901656,0.101277900196796
124902031,0.0563619252247972
728158,0.0538268611423806
105371841,1.13939603783674
105375118,0.0579181636361618
124904503,1.71279604946258
124903824,0.797024365031357
101928463,0.445124399837998
105377663,1.39421064378367
105376473,0.221498606522835
124904076,0.0445972313113895
119545628,0.341002720827532
105372906,0.172452767849171
105377779,0.166852269781964
105372802,0.437949788491541
105375082,0.015877463426456
105377557,0.0086971754034013
124902771,0.467742602086518
105376380,1.09117150673704
101927712,0.340729484381632
124901447,0.0260306859239784
124901813,0.0380557917082188
124909396,1.06586520438619
105377918,0.0232000328901817
105377035,0.671416962085146
124906232,0.0219839916622789
105372180,0.0822431961241168
105369591,0.0191397532419228
105374852,1.08691673491911
112267986,0.561406787896669
105372984,0.0142416006900836
101928105,1.17437461952755
105371622,0.157603633849999
105377953,0.0461754078434364
105377503,0.0483405753318879
100302522,0.110268773482143
124901872,0.215108412764069
124902202,1.72998607906409
124902204,0.883077494473732
124904219,0.0221867865316464
105377727,0.369952842642287
107986742,0.47326183962547
124901351,0.0332662841654657
101928007,0.367845627396129
124902005,0.590227834965801
107986763,0.57147779663312
124901616,0.0465694896604753
105369344,0.674960945629751
105379825,0.0394476217259577
107986954,0.0262325134658017
124902606,0.0489301088118718
124907871,0.0211723261778742
105372268,0.0396462670429822
101929004,0.194803829985156
283045,0.0368609624667365
101929174,0.256364981379205
124909423,0.0282481437700031
105377144,0.10293663356108
101929748,0.0548027927666294
124906237,0.185371832096218
105369250,0.350235349609813
105370117,0.0290530521054448
101928045,0.196118820927005
105379427,0.0396462670429822
124903386,0.0975798800301689
100419917,0.0717956175864252
100528016,0.043016088629042
80111,0.567768109865856
115253422,1.16090217552657
101928737,0.097765173807287
56260,1.26286486930557
105370174,0.255603226604713
2831,0.0258288102084853
122319436,0.0183253569229505
5664,0.0608283430685188
101927423,0.6258314574435
