genes,expVal
7105,2.07999211293849
64102,0.448804298002788
8813,2.49262924451852
57147,1.66260647640005
55732,1.37420691960623
2268,1.34298089517921
3075,1.61594553368564
2519,2.31014918022634
2729,2.07937690885182
4800,2.28435108518204
90529,0.901963760209228
57185,1.68095133986678
81887,1.88693450564017
22875,2.34637789437326
6405,2.52038489851826
1080,0.0510881989588056
54467,2.18851664152049
1595,0.947254512422975
889,0.95766049314131
5893,0.926136780948651
84176,0.0189362275154237
572,2.07140784436528
51056,2.64203485943303
4267,2.44578856642573
9957,0.658734517857916
26,0.0614091674392234
51384,0.01219232802879
23072,0.0284494427319338
8379,0.0845053532862342
3927,2.9479848135641
29916,2.13006096617834
55365,1.5456611328872
4074,2.3183150154811
90293,1.63416026786625
56603,0.831243036788972
3382,2.40913203151195
79007,1.75308164116854
57679,1.42248027905063
843,1.09018895074457
8837,1.64129436057273
7035,0.879484464008939
55471,1.56416363400229
10181,1.58948490941308
9108,0.162925900453821
6542,0.741824667882718
381,2.75181067467974
23098,0.485981055230601
26073,2.82023706450192
23129,2.34444577065361
204,2.31447484229027
952,1.08700662969042
2288,2.78968479894698
23028,2.11773043121517
10180,1.80171905641045
84254,1.03683394042191
5965,1.69199547215588
55610,1.68590286810145
126393,1.05944687257741
115703,0.695261785686511
4706,2.80624670818224
5166,2.14698097304139
85413,0.0101380977223869
51364,1.73335961826344
340273,0.0298571944893556
170302,0.0128076294222381
10165,1.93735650919815
7982,1.91787095151552
996,2.08048563354167
799,0.179357441318622
3052,2.17780714634119
1856,2.16682439015312
64063,2.35078091228824
5976,2.42750452679182
8935,1.7661106103928
292,2.98787601830547
55013,2.00920868420937
3207,0.256973856290608
5439,2.49647463512842
56919,1.8718768938612
4222,0.656612618586367
221981,0.556215256100082
3980,1.81807087710105
79657,2.02426477725986
6296,1.00677830798447
81691,1.42422150140697
57019,2.10089717264942
56928,1.77374490891245
80256,1.90396989111674
51226,2.33215541590987
5577,2.50389232117841
10943,1.32541135306002
1387,2.21218590876032
9256,0.946800538703644
4353,0.0113712320035829
5444,0.0150599263207783
6936,1.60152457976826
84058,2.27516613172569
54677,2.13249149158734
5244,0.272343279600248
55904,2.03767351135007
57414,2.76639340239234
30812,0.155534015426354
25998,1.94088667841416
7748,1.3239472583012
23077,1.50392168846831
26224,2.0101725355662
3683,1.53660412481786
5164,1.89159778951311
3675,2.1953896254028
7543,1.96802589663573
3920,2.62767014975496
3674,0.0934928992017695
51573,2.62891931630572
55049,1.84812407252025
9244,1.06221954436682
114881,0.518674892603458
26022,1.72335171319213
51087,1.90571139396136
3883,0.476006003435872
9020,1.27624145186177
6833,0.423634805234977
54972,2.21904274851116
163,2.76873296436621
6863,0.811800115900924
10127,2.12097856164856
6376,1.76878946450426
64847,2.48846610355327
8913,0.112091680115918
51330,2.86358656368613
4293,0.896510891668543
5898,2.40659562757135
55971,1.49752874421172
80853,1.86555740387132
2115,0.948897374364521
55750,1.42092746742417
221,1.91070303807217
55001,1.76268001233347
57157,1.93048013038768
10344,0.326246576104268
9855,1.13279094677813
79017,2.37890395629539
10926,1.62554853329254
6915,1.19390335296128
3475,0.59807250134239
56891,0.410537592862025
1352,1.54432103586766
9569,1.8262299181652
54623,2.74588378445815
27072,2.21233062249477
9912,0.329581040263295
60528,2.1661183877579
85477,0.490358745399931
414,2.03043202278371
8228,2.39063949446459
8735,0.057140405596366
79602,2.40513969234747
51265,0.251323767726425
151531,0.0268377072511832
10942,1.99936204898289
57787,1.83847931512246
8842,0.634113229197716
115098,2.6391224862955
90273,0.551602952829111
5048,2.12041965598116
4843,0.23694143605566
1770,0.0348658102965977
9703,2.60198592508508
9058,0.411907427092843
8522,1.58097363236108
79090,2.63721181771829
4145,0.59061728074284
1087,0.235848264810662
974,0.716597715527094
6329,0.481803521088127
54879,1.47557259716096
8277,0.0113712320035829
5080,0.0018711756515813
113000,2.18612087599186
64285,2.39229629779014
55692,1.81215745751777
9254,1.89342766342278
8938,0.940696363385363
115939,2.6802751242353
9091,2.15758042131649
57585,1.52106545775479
7005,2.41196857212225
6401,0.485981055230601
55735,1.62855816929351
2328,0.426812627823855
29116,2.50028927844817
27035,0.645274330594903
1870,0.942471070769918
5689,2.75343451387126
6853,0.264997372636285
3720,2.17721107972176
6792,0.973734665657313
57172,0.0694986479199568
728642,0.417608877295231
65220,2.27832065130044
7021,2.54374222174944
9940,0.0284494427319338
9265,1.70538952484128
53616,1.08884642631221
6856,2.77932645610457
1534,2.68765755375807
9043,2.1034433126439
1951,0.263791499393335
10157,0.796449338566851
55200,1.90711566460037
51188,1.64307207429758
84954,2.04409545308182
4257,2.37661394755835
1407,1.67337695644671
8993,0.054997842915243
4784,2.28383982349676
6482,2.00749053894667
64386,1.87962994606419
9235,1.99835086787797
5310,1.28810317424367
23542,1.79780160846972
9862,2.24311080020593
23221,1.8907570338703
54497,1.95507157510239
7095,2.66452489448732
6224,2.88395217106949
7812,2.97586764539911
9690,2.24005755389334
5980,0.870508035975652
10178,0.0366616595234452
5081,0.0062213260747212
10747,0.20054110135019
389434,0.0115765804481612
199870,1.48842707724881
80342,0.688787096089774
29954,1.5851012381082
51534,1.75401182959358
51085,0.636943156737057
9031,2.45151934479626
10048,2.38677151516299
51513,1.32006241357148
83932,1.25844196779359
51603,2.36771398133515
8798,0.923843609340695
7756,1.99723219866027
7384,2.71335989972994
83930,1.95134272298299
928,2.85416189856579
57467,0.0138321417599086
9918,2.0216502045933
25900,1.02572037344579
2696,0.705725422123437
51533,1.02572037344579
56920,2.24893098045559
11188,2.04812547201143
23166,1.46963484750303
80199,2.32535966270307
3423,0.827414562308212
7752,1.24985709830526
920,2.17936251446345
10233,1.64449232028266
695,1.33643598647649
3077,2.30380956690907
22955,2.1124063355797
2534,1.36626395479969
3097,0.87287585276157
2326,0.487892500867173
6924,2.00598237944776
11313,2.48390774491167
1185,1.20606724275624
9902,2.64608265830394
6534,0.0276439590910099
10867,2.07588709424702
55727,1.75032707380167
9546,1.53558498889306
54903,1.253514716511
51099,1.55602709163653
3730,1.49675759450994
26993,1.85782801483323
54799,1.53170016294364
51096,2.46072301937798
54476,2.06221116422975
54902,2.33000842702403
5725,2.59488098578017
8193,0.338540088196072
9066,2.17610827571354
23395,1.3324983165343
5286,2.15146840539539
5329,1.82789482556899
54443,1.69711149031498
58525,1.8798593879116
23637,2.20706736322671
1634,2.42882873184531
54814,1.84758987260812
5536,2.02674621515449
23177,1.80204919962174
8491,2.08814391956378
27033,0.729608130594416
7305,2.75492662888393
57146,2.48705354088094
672,1.42061146835741
2067,2.13270048254189
933,1.23313959113172
7869,2.16847853920561
51360,1.98782111658542
4007,1.70941845161773
4057,2.31319173728624
2137,1.64514749934019
60481,3.010699476528
240,1.71034098444273
57658,2.03563647912549
55148,2.46609000761248
11183,1.58595010912754
30845,1.47402384623083
5704,2.69146287479397
23324,2.26868600114988
57709,0.0037382490083226
5010,1.22227130590405
51629,2.64744188598423
9961,2.78576850175045
51667,2.26207390676174
5238,1.63554626523684
112611,1.29427826819304
1195,2.19763172526605
55703,1.60978712807247
23357,1.98843161453246
9604,2.32389678089417
1774,1.43271981051662
1663,1.45575349538067
50865,2.2666936487321
9052,2.50138298272423
10046,0.588765497202038
923,0.966135470199084
10460,1.79756497303867
23376,2.16428690981268
23649,0.853287314585905
23144,2.2186807870323
823,2.60265202596737
55,0.879421246222639
4190,2.65042026906839
10463,2.22198799547489
10903,1.77530093289448
1355,1.97012609012593
440193,1.1114303666746
10138,1.19057681238303
10771,2.55686839991071
7454,1.69567131953488
1800,0.843129618737396
637,1.86321158403495
9782,0.377673126978139
29881,0.0445972313113895
64132,2.27865049419343
81551,0.0358639763576893
23386,2.3228244404275
3670,0.0551928477150357
55349,1.71751012308533
53832,2.03750859866797
22802,0.0671953437318986
55830,2.233537458793
27032,2.33077378210342
3479,0.313471042738711
92745,1.28163388613496
10928,2.03380257807352
22902,1.60103886666274
1272,0.437589234039205
6556,0.744085774508146
25937,2.13371190413748
8540,2.3731062969018
63932,2.1957276287417
477,0.761676222778072
55622,2.06302623664537
147948,1.06670331474128
23584,0.544056985979935
23187,1.39531076234828
8685,0.248714174483528
1591,0.0861979419229091
56981,1.00368318224415
57586,2.30122437524557
6591,1.48450756413321
972,3.20345713443782
3082,0.622397965152442
54764,1.62355770601789
23154,2.67104049696743
25960,1.52048977288354
155100,0.0236049920866109
55734,1.65070132174968
4331,1.94082608043677
23034,0.56545230127155
864,1.5266475635941
4361,1.796757265386
58473,2.18624964061872
1992,2.61922454932035
11136,0.228626920528103
6683,1.45970478947139
9369,0.203313060051116
114879,1.89799166213518
9716,1.98952941181734
1373,0.247483145330008
2273,1.68030387891694
51507,2.38542388028358
55655,0.360157748707031
57210,1.32652135170363
9921,2.60451650848463
55778,1.45616136686256
64429,2.12537240606172
57476,0.206237674414799
6050,2.49689946687468
4719,2.0966503468205
9821,2.12756312809275
23071,2.12126472284323
211,2.36107898755424
330,1.4307933573289
11215,1.71466427214923
51022,1.66240131930364
6617,1.13378658668604
51071,1.97430659523408
11171,2.5967442320849
1244,0.14563089186569
50619,2.53140622067122
51177,1.84579141573253
2730,1.94006781848586
23304,2.25618396814368
30846,2.45825161551931
55635,1.34728977199982
25901,2.17433651184679
58528,1.04951898942436
3298,1.68106384625757
51230,2.19788456177625
8630,1.38740409028028
10062,1.96810362268492
1890,2.3897773153934
29781,2.06640499860608
10953,2.25877005395947
11231,2.13794405413978
23633,2.3290453478678
7431,3.11840650037496
100533107,0.19956047362333
355,0.963157646212925
8635,1.20233581438908
960,2.42348767319048
3755,0.0505001786277436
56895,0.444886359154383
57823,1.92420975340407
11119,2.18166286187055
4285,1.90510687114088
5583,1.60145761501893
3645,0.0524586470199822
3459,2.36160336408791
11285,2.01211814597903
9047,0.617731115432665
7444,1.82233263522574
7133,1.98802919722521
55591,1.8668437178358
5452,0.940982950949646
65980,1.57666819605693
6642,2.46173212556458
9519,0.952451345203427
56938,0.47748815663447
9774,2.19667152549916
55334,2.64667307423633
286,1.36618282389666
3381,0.688449060366973
51106,1.0584568367224
9135,2.69427542643691
3149,2.38114495436051
23279,2.00384414236217
578,2.45124792503013
4593,0.0043596979037672
22807,1.49960685280094
2896,3.01410286231585
51306,1.86551171556147
57514,1.46253037335255
55166,1.9844832125525
6301,2.80659181266129
8498,2.08689837715728
5926,1.64510181974519
7260,1.85171194003536
10908,2.09460664230897
8100,1.31555328519004
56052,2.19718976023269
55596,1.66016788253244
10061,1.67479088580547
54480,2.50509883492388
57554,0.0314631865193807
2530,2.40374715481707
55236,2.09527739595117
9846,1.98258902892156
535,2.10618201075985
8554,1.78534014382729
9497,1.92663559382137
321,0.308785584733161
5606,2.14046386430506
79645,0.109903708386309
9168,3.51419918590814
28990,1.65185800171078
25897,2.30451033056615
8504,1.51130581013665
11345,2.44289069306287
26751,1.44738679958082
84908,2.13915935793637
7414,2.31664533057032
55789,1.16263839262079
23604,1.19602346414889
8439,1.78162541136558
159,2.32049658934271
26228,0.764852483217985
7077,2.56966902457313
5981,2.23424704877374
55773,2.14685878056867
8452,1.80710735880585
9172,0.141249215496993
10858,0.0818655711838594
26009,1.79633664748381
6570,0.0878870906234544
9099,0.251170500414145
27175,1.97423705642034
51121,2.43196779230133
2324,1.173447755004
54888,2.22513453396555
54455,1.55718752536294
4238,1.69829003881807
84245,1.58454604188961
4234,1.98970316538053
3224,0.805447782413971
175,2.18757353304489
55300,2.08378144116537
259282,1.76962893359508
27430,2.18253539021149
7092,0.201683655587212
23644,1.72973421521828
7204,1.72237922507497
1462,2.29521888267391
23274,1.75591366521591
4481,1.92350601238741
999,2.91455490860791
23517,2.17317192774893
1767,1.02616890851952
9765,1.6093264528496
79567,1.9147199650507
729,0.964868905332232
26064,2.22765449568554
11063,0.0227948798627598
11284,2.06890948233244
23035,1.20952017591553
54908,1.24372867737549
27067,1.85307999208348
54896,2.14667977985186
1497,2.17669820806449
65078,1.03172270628873
79142,2.55095309252135
3631,1.01950610699071
5874,2.01206773638868
5685,2.40334123745347
23026,0.114818507485862
55341,2.19664881130106
10039,2.01746124349659
3371,2.05044309784977
90326,1.5844765960831
140876,1.05590338222142
55775,1.66041822365181
84883,1.43913533507304
55812,1.11065418255017
9440,0.340045967845073
54884,2.69498797858943
822,3.1109787307617
1175,2.89382067416706
7399,0.0473570995805846
7038,0.0284494427319338
10863,0.894970652224585
8538,2.07613140082403
54165,1.7265609342147
23338,2.17334200477031
7546,0.455523240183105
3937,1.56492440694943
54802,1.57726804748479
153,0.483387012479414
9820,2.32821463528803
1495,2.7713872486945
5256,1.65104713226369
54875,1.32727947928613
2042,0.599034949694972
3309,3.26933794894039
1829,2.20823339961623
54960,2.15577194807615
8481,2.05139224010249
2824,0.52071717501191
51438,0.587104513046425
80243,0.786376865594097
22884,1.77053555293051
64848,1.89848061849162
56474,2.60861566464113
51606,2.31791749904662
5431,2.43592030575145
56204,1.93035568964916
116984,1.26421096457187
7175,2.15351323692994
1356,0.856310060822891
23247,1.8483623315792
84062,2.10033113846836
7504,0.648059154468411
57101,0.52435745359763
57102,1.46237381808654
6322,0.733652409664479
55841,1.86886081182895
395,0.506846100368448
27146,0.280950536645067
4134,2.17539259890693
57120,1.92620349356807
6098,0.0134224851965348
57646,1.50582945526064
9734,0.78183379426754
26262,2.11761202134469
51491,1.51152844010947
57545,0.534327261076284
50484,2.40074446217083
168850,1.73745048715554
608,1.94429540586068
92017,1.6770240871666
55885,0.251170500414145
55173,2.70671067350146
2978,0.0123974780415539
51773,1.75968062588316
55187,1.73657089706955
10659,1.24972240526121
23196,2.69567698931992
23518,1.79600201182874
1298,2.38146440751938
4254,2.55071698872434
1161,0.708111023386433
11174,0.252854808413677
9563,1.9061001256672
9341,2.51432287225205
8863,1.51885824995371
3604,0.281540670997815
55040,2.17722309111483
4052,2.14321739577627
5954,1.60853565637182
2006,2.07480701659206
5982,2.38829070330533
57492,1.24185273685988
81037,2.54641844976207
23327,1.4149140438368
50943,0.994091376151193
89801,0.919884254288574
3074,2.67172133370872
79810,1.02171855424197
340533,0.628695204723652
51528,2.38017380226007
27122,1.69247546393774
7984,1.56447171333283
9603,1.37298052748775
63933,1.97746437019321
51474,2.75756639257615
25875,1.94540515143817
9498,1.42131611818289
10319,0.121326302161832
5733,2.14899542777663
79931,0.11970417031913
5601,1.69102018256845
91522,0.215108412764069
9564,1.93575603655434
84067,1.89401590519339
9709,2.65061663919891
9454,1.53915207259171
5888,1.74835218814796
10721,0.640758942409526
5291,2.30098859201324
1535,2.32959712057755
84321,1.55613773141628
23593,1.94022717454494
10198,1.2496213636187
54477,0.970247474909738
5652,3.02575300320581
80143,1.93456488138603
23223,2.07173037097155
57600,1.6156858296001
6307,2.39577327789452
55761,2.23855399576448
60529,0.302206798555117
23105,1.0285058085857
1112,1.45896208904848
728464,0.14528122128287
8574,2.76004650687053
51154,2.30820350189537
4826,1.37926813579086
55850,2.07552032986053
23101,0.0232000328901817
83714,1.03226539376848
3909,2.00210806722011
55745,1.69689440491864
29945,1.59501766472331
3784,1.33778008721397
27095,2.55314936596589
9967,2.73272850493524
29085,2.37332556957238
954,1.38862250014587
4065,0.453408048784674
51742,1.90037182915213
23596,0.549130845682699
10806,1.78255156174698
5798,0.096838290181438
55733,1.81987059439905
23095,1.44803185905421
2296,1.01677963077021
25771,1.79428148672653
23224,1.72071074723716
57475,1.58769498235264
10079,2.30698526466845
140689,0.419212326923973
25884,0.106794119855082
23201,2.14458619938549
84957,0.630260661961293
2581,2.08780978964855
51602,2.27636755593626
26099,2.30369675448224
3757,0.122226106239053
8454,2.23672738008571
10827,1.89686818770849
26999,1.68499779009459
23118,2.26959378875317
116254,2.33555254638938
5610,2.03397507287437
57602,1.80867173271356
58508,1.85527820099976
55283,1.84503333875428
114800,0.13507515807804
23369,2.4786452048089
84545,2.48192778765859
3697,0.0089031710875008
54969,2.19691371736308
51663,2.44909368344675
55609,0.7399476031409
10886,0.0168982779780871
112885,0.0132175827499873
7185,1.26881482500483
54542,1.92648637600168
55540,1.57169895147678
10758,1.28201473232264
8908,1.91992857893306
131566,1.38095297409281
6646,2.21606470789199
5318,1.72086502644754
4438,0.0706479226552025
2155,1.11568082663471
2665,2.90023405335425
639,1.42605296056361
9474,1.75072337330498
57458,0.855982192066706
57095,2.27530717272345
57504,2.01088118257289
8975,1.63481485713486
23200,1.38435839809925
3918,1.56951728070908
5218,1.97302507927477
29927,2.94790555941956
4659,1.84793336619148
5923,0.140721832304895
816,0.156741932338775
9696,1.24542850471839
55718,1.82444733615166
493,2.14937701238071
9877,0.0062213260747212
55781,1.91039236557452
54432,2.88151064185514
55706,2.39996685352155
1608,0.125636408067992
84256,1.96229519432028
64718,1.2730572998863
6916,1.35209164617651
64761,2.15978806945717
5832,2.68700455900659
6894,1.94181720093518
5188,1.46053619480294
4084,1.9624027523153
5128,2.1824131311945
548645,1.80583267153006
6515,1.2293426025301
5662,0.24809889929831
9150,1.58788462580629
8531,1.76271503783542
55359,0.504654598245846
65125,2.09805814126329
55749,2.24755464104214
11054,2.10400943537054
2769,1.2004606637271
84699,0.0727508259833435
55650,1.86414785798538
10076,2.59325257466243
9410,2.32280627841048
23504,0.0326656794165476
1301,2.09941567446535
79832,1.67618616154623
51660,2.2661173597763
30,1.54468002223824
586,0.991036100951747
51564,1.99584075829139
11178,1.23649660824899
93166,0.349425163005487
6676,1.18070577709386
10787,2.05440545595116
60488,2.6538876868626
2983,1.73450743907981
6433,1.61371707551136
10188,1.82808496396157
23041,1.77472234401101
1001,2.40171019659787
65056,2.4000136057997
84649,1.76949105144497
7771,1.23320901587191
1431,2.57658562763194
4058,0.194310153638863
64951,0.059471517423572
63916,2.02819829704289
23063,2.30865916791242
81671,2.47646541822524
10513,1.99075070372264
5424,1.6299139663123
124925,0.0396462670429822
1975,2.8419906837844
28968,0.153112792461749
29998,1.46058109597387
56848,1.57168110989445
6141,2.96687823807026
770,2.51159655218606
79763,2.27951365847481
11338,2.69522915743227
29924,2.10812770461135
55588,2.70549339521707
57491,0.0252228938178094
10838,1.36197367712324
8776,2.01388455293596
2817,2.12296758456465
57143,1.44373112109029
3029,2.31032989671775
6047,2.17510269451425
841,1.87388723512453
22998,1.42701422018898
55726,2.21038636194952
51768,2.26337328148667
1747,1.14507283730818
53340,0.500582833983821
10077,0.320516672450594
8839,1.31893873119538
58524,0.162069824011441
10402,0.894600433926248
9914,1.88498783891082
4804,1.6795002895928
50937,1.62529418794071
6873,2.09663026766369
28996,1.87912648512595
23534,2.372689478716
8625,2.29293172576473
54929,2.18098623402061
9170,2.30103576227525
5476,2.32272064371118
10147,1.95763466246792
6558,2.45599661326643
28966,2.07270161979444
2139,1.05476496201245
1265,2.51217072543423
10347,1.483801283912
9627,0.317424492343596
11218,1.83655252727261
53339,2.30697709144655
55711,1.90843285152756
8537,1.99251902042014
1117,0.933604244759688
22904,2.25573880648386
5378,1.43699808459186
10362,2.62831120075874
10203,1.89748521955676
6882,2.37339641287674
23294,2.01813162196635
8943,2.48651349353
7629,1.90681044773954
9351,2.83444875471907
4913,2.48775686593304
54887,2.18910139914072
2773,2.30999535722285
3843,2.25542365583479
4942,2.70451784143738
10885,1.78043968472821
5586,2.14113428920491
57418,2.49776639763772
9697,2.24972881933039
9423,2.21465931796245
9340,0.0807316672117631
55388,1.25946838833328
1606,1.76464868510145
2065,2.93097424491238
54763,0.0683477895576427
91526,0.760082369029467
3735,2.48141557596873
23536,1.7908412082925
10954,1.91034328996332
55633,2.09308404542955
4710,2.97004249300412
23013,1.7864460650144
4638,1.67691056181403
55854,2.55739608187881
6416,2.46232072255394
55248,1.67900614229417
9892,0.0179178651438874
9748,2.26083526494112
51167,1.1755695638533
1308,1.76287845249854
119391,0.504435084361618
55176,1.36137347037634
5588,0.454936293324108
7089,2.2681530119611
51665,1.47470065993792
83641,2.43033325757802
4199,0.832060481721145
23216,1.71995141865308
8621,1.55018203236306
10797,2.03780303475897
84679,2.2726805873703
55810,1.69377569599286
4904,2.88681341980158
5141,1.68935313452085
5525,2.46448769731625
1496,0.0105493414072734
1994,2.31664004143983
7075,1.67883659483756
57609,2.28771143893882
6602,2.30322306706242
9682,1.87211074616273
4802,2.04572420853542
84217,0.88401965114755
6550,0.0861979419229091
25791,1.03236401122001
259266,1.2311572852122
8832,1.19326947596596
64834,2.67862930959679
6688,2.21299912923875
30834,1.76586730124121
744,1.5835728629172
51208,0.0213753154909553
27107,1.86884268418493
4287,1.37995326692075
9950,2.56062684802437
2263,1.9125294829802
55631,1.79461748380593
51015,2.79729221838136
2009,0.747734138331298
60487,1.07529452311852
55623,2.34188387981406
91283,0.931163858010641
26153,0.806298345731682
55102,1.64429405722855
10565,2.17493347243166
348158,0.0049806933258769
57623,1.42857236524197
9650,1.97738849826856
10734,0.327915609696862
2235,1.31561286603988
4649,1.60073713415923
5214,0.9439556194619
3422,2.25886463455417
6672,1.71105133767141
1316,2.22282033189048
8611,2.37864283750446
4756,1.77165756221848
23471,2.75310122710617
5255,1.94962049941026
7132,2.49235542082493
782,0.520072866239727
7813,1.53024250930927
9399,1.10658375715736
5315,3.10051081781591
54505,2.29049674081634
30836,2.24069371179728
79091,0.968222336885044
7158,1.9855450370608
7216,0.827140230559658
51018,1.53821493158482
387,2.85860988636286
1659,2.11167025401434
5590,1.42626940391464
55699,2.69964650520609
6857,2.68768057988539
89795,0.191341719148878
3421,2.28048978440938
79641,2.14954599230678
57595,0.246558615229919
492,0.0053944386314874
6093,1.91549591668265
865,1.8571477445606
5165,2.05906629878666
8692,2.08564857836669
9759,0.544264786587346
11186,1.60617171207223
2261,2.20605948032943
3430,2.74366908452748
63897,1.69129512813087
80347,2.51562950960101
79990,2.07814339982558
4205,1.92800733625994
55593,2.56658555057701
7030,2.28319596777423
4943,1.90480012093735
2182,1.67280440723733
3632,1.74069329658169
27238,2.46677292431471
56850,2.07112809288594
24140,2.25352649773507
55771,1.07396327810241
65055,1.87551336621448
23250,0.740573877242671
25885,1.80448003215619
9741,3.24803727482985
57217,1.76628431833029
51447,1.97039308544804
286749,0.009315012732202
55133,1.96189338205738
3796,1.39890159519936
10235,0.371004266492833
23198,2.08847261084293
57560,1.17799020149284
22933,2.08426469776408
27248,2.68940700312845
5526,1.69133635533373
5837,0.294557267217888
5307,2.17169038425973
375449,2.04594314442576
221395,1.73374672128085
54549,0.265147976990959
55746,2.18532772662542
64710,2.78836763290053
55737,2.24008088976293
10294,2.21709000282932
602,2.3821023367946
8514,0.728015461083612
10060,0.910266091662041
51083,0.424246975361254
29121,0.722491591010752
139341,2.42897304509153
4129,2.77775041483795
6095,0.879421246222639
1815,0.252089658826228
7049,2.29671515599956
8399,0.378453863313275
54626,1.22297899995649
483,2.58359979268824
4734,1.64414148845206
9488,1.48105212124877
5597,1.96686522507856
10681,1.14368948081845
5873,2.02136131013199
27440,1.67034850434705
7353,1.54492548904102
4040,1.48827853736925
2984,0.172790951267048
6343,1.11692000303514
57661,2.17713499796171
8518,1.54025897512259
4925,2.82058685113501
5217,1.95801913016781
5774,0.741512189618172
6710,0.155706684763122
27071,0.916436351690336
2255,2.00244428135016
23446,2.28859446943847
54916,1.1537034818262
23293,1.69402162824256
10640,1.91500303882418
8218,0.250096796474622
27006,0.133479989705537
10272,2.2782284742123
9993,2.4211984917882
55658,1.90329614390165
4335,1.57021579797228
79364,1.7563996656633
23210,1.59039445478649
5423,1.97230585509584
55808,0.410038851033195
55062,2.20236324801381
22844,0.10238409192168
57704,2.22830746489556
3340,2.58436455245066
440,0.202987443710311
10947,1.84463935767693
1258,0.0270393423001977
10610,2.19812967404023
26986,2.98628685982541
10420,1.92550327894543
29105,1.89658048007227
1459,1.29365774833247
11099,1.6925302872093
8891,2.17549722749247
815,0.0565566131007352
6949,1.63776444712065
998,2.33635954821966
26031,1.09313165989009
2046,0.603732006037936
6559,0.103856716718738
56852,1.66815416895115
490,1.7468529841795
8440,2.00778380835727
9448,1.74703461534037
11320,2.41717048671017
6160,2.87825235265475
9948,2.80917956943294
23161,1.66826992727944
54860,0.0215782561623971
79658,0.62490515211178
6196,1.46888482310689
54556,1.56130891171899
22846,1.52833115489752
29995,2.15271132056198
114049,2.27421328379402
6400,2.82013697055222
9319,1.58938183040627
537,2.92632678591463
6929,2.19571624075369
28951,1.70799132445972
26528,2.1272911721528
53615,1.86809875740213
51052,0.535695271631406
6596,2.17945800313237
9130,2.60370595287497
60343,2.1595986619271
29894,2.31031641388063
140469,0.0144462560950847
79901,3.14464342649481
5134,1.7684209596544
55117,0.074848442848116
51109,2.38838356088818
5566,2.23300684196673
22859,2.12603010468826
87,2.5425672306933
23503,2.02080133337877
27330,0.469126296359818
22905,1.6473802030824
26469,2.52054533921763
55679,1.32989536965853
55515,0.0447946653885956
10290,0.80530591397546
84708,1.59166143171249
224,2.26303412525762
7037,2.68557993108836
6720,2.76927753885001
27125,2.36753812506068
7321,1.81303994757316
64398,1.14495091147254
9886,1.53047603128517
8243,2.4365488300583
3028,2.92779314072273
2011,1.98971652778701
3161,1.5105562127199
55743,1.00223334027942
29953,0.166000325304114
8974,1.65194800898159
2213,1.06791181480071
4775,1.3090184773693
51095,1.63765611495797
37,2.75177181618972
6793,1.82128651280882
23291,2.16096012707953
9744,0.984612226795105
1400,0.955481376661707
2121,1.18556849157064
51009,2.22080095069026
54847,1.98360856350622
54820,1.91648790494513
10335,1.1392318375865
79041,1.69511301845164
8907,2.04972537508765
5817,1.6716858342047
7515,2.26000694266386
949,2.27104961829269
54905,0.0557775902066152
4171,2.17405785017056
54456,0.0673875284399155
56666,1.13630940070801
83642,1.8981687666508
8626,1.19846829781822
80216,1.69558966071626
3993,2.27856137990612
5151,1.91560087759467
1183,0.458684727480093
54475,1.67749207574295
6389,0.763114987999816
6605,1.14397456420175
54752,0.161727140714153
55876,0.40490756942491
5927,1.74517839975661
4185,0.186369888167896
5523,1.90999140517482
10979,1.70215585058027
8647,0.0051875911285856
10170,0.207695990740422
5743,0.220065264966587
10644,0.279029523495669
9175,1.79502898806306
6480,1.74425339838516
30009,0.293396070191022
10129,1.05585599179421
8301,2.4725042423099
4905,2.3921399786359
2736,0.463343682474701
23332,1.84284729981209
65993,2.95095768286385
4854,2.28103279869218
1207,2.38642984339196
5522,1.10944470889106
8463,2.05550178274276
8726,1.40830546557851
54825,0.0788383885327216
6620,0.0197500372972908
7251,2.59390529316044
55421,1.48204187340868
489,2.63877584783
771,3.14328274595125
11343,1.97457767741057
59277,2.73211543798911
617,1.91385332144637
9891,1.4004472803845
54878,1.80409881915907
9187,1.37140326857557
55205,1.29724677029279
8578,1.31334406784891
3998,2.53992194789696
51495,2.73956612254491
26034,0.255298318753209
23140,1.69370735734805
2023,2.97422214782298
56005,2.8307020411462
57719,1.59258381813002
51175,0.881504111706158
55160,1.65817494480312
7294,0.222611650317663
9671,0.116812462656807
6865,1.22944745884321
64431,2.13617626458258
54962,1.55920690137565
6717,2.32728966921018
8672,1.88401971925889
79023,1.89744298724396
10371,0.25254883747966
51512,1.17975108617557
10512,2.39202738017652
55020,2.26312750542688
38,2.16484731184468
23151,1.71431213681796
9620,2.27492292005665
7479,0.0888240246898696
27332,2.19026796377449
55972,1.77758493876379
29090,1.39617894996804
119,0.354944426233637
9462,1.2563500169149
9605,1.42189853412452
7587,1.60239424471837
4140,1.44382400064352
5250,2.67788118629587
64778,1.9687178180014
2355,2.32804108729059
27092,2.68171333433969
285527,1.71190487858644
23505,2.04065297114863
6624,2.1482397185228
60,3.47476476242434
55034,0.978281601202916
5337,1.26525925493695
284403,1.45311693725329
1739,1.6863894592323
7879,2.76259985529909
55973,0.335657012091373
25956,0.369031653607366
9733,1.98656352864806
55843,1.00770375673765
113457,0.634753253443996
5076,0.361355786486085
23016,1.65629206172329
22920,2.15886954511898
23609,1.52721594474364
4175,2.48537984888521
25996,1.81497492102542
10179,1.11828428497167
5939,1.84196770445965
11176,2.32519744752758
25930,2.06567381853964
4292,1.69205035455311
7374,2.46131692518225
2329,1.88041480633858
27252,1.66099201235783
8786,0.333039174419324
113235,1.59013721581693
5362,1.03389050083299
10615,1.85603639086385
88455,1.79547253167013
7163,2.40079312464114
32,1.72148160187374
9618,2.17873322686042
55824,0.74065212027028
55094,1.66698043763988
3385,0.675391887230187
22978,0.800463950567304
4162,2.24600563536543
2239,2.55357496382248
55796,0.503336520311691
57662,2.12103956593433
5909,1.54677187856497
56949,2.36883220244284
9138,1.94749613782575
6813,2.15880625573796
5609,1.98785468559091
8527,1.63646276352536
83992,0.347531389386951
5915,0.841454490007516
7155,2.65036987279766
56889,2.75375700532301
4791,2.10791852058047
29089,2.22856968104323
4660,1.35566423039048
54431,2.2569932796516
2975,2.47426314949565
3566,2.14684568601951
23032,2.24932689354748
5063,0.118259586088365
827,0.227680155268206
6626,2.31180423577052
9576,0.0404403802309502
56915,2.41416438410244
1781,2.743966485854
54518,1.75411903033602
4034,0.95832944017176
143684,1.34495668702258
51548,1.87976233217322
7299,0.0152643844692303
10714,1.80269808339725
88,0.051479983874231
832,2.15632481334338
7107,1.80264493371615
10003,0.16258357811886
79960,1.89735006056379
203427,1.9981875236294
7319,2.3459508850196
2260,2.06052577725381
27127,0.114636999340892
2192,2.14316888475363
8516,0.900253340870177
8530,1.48762017607156
4133,1.04499896530019
9063,0.864646742230631
273,0.543225181264408
369,2.60869728914129
56922,1.5604692260561
27074,1.03605044363666
2191,1.63955593596498
10529,2.0321868069495
55331,1.62615203999047
3093,2.5045134356381
5289,1.17933050717324
55728,1.50958203230811
57103,0.404530731307331
7289,1.86254018933684
8871,1.40445429997954
108,0.0721778321548017
5527,2.04803384138378
54715,0.0024939884663487
2782,2.84635042530848
3205,0.32443437460435
1906,0.946459839274306
8028,1.49590165166519
55063,1.20112320372329
117,0.142478454942661
26281,0.276064893344208
27334,0.888834090970325
9452,1.99664867162391
4898,2.50913866700968
7419,2.58533299901782
5108,2.63921241516343
57690,1.67602976489833
9139,1.70974814894154
1620,0.097765173807287
83737,1.98771367608408
27039,0.097765173807287
58476,2.07552564789865
51150,2.68337715583557
57644,0.151205342053182
80341,1.22727635330925
7161,1.07341153313264
54472,2.29302840928411
51619,1.76434639821622
27098,0.52595764735108
862,0.324713451809853
1015,0.13383474003178
9984,1.22689026026384
51661,1.74368037042989
114880,1.25297935539983
6507,1.34658813176634
7520,2.91611924465904
56925,2.04165641929758
11262,0.885461573014664
8569,1.50964297593322
7145,2.15545685280865
57455,1.64791018839244
56681,2.56413890394673
8556,1.0105227418251
10411,1.21629055758422
634,2.43548970261612
29843,1.93742528359033
51207,0.813133279222878
23152,2.13199123421888
3991,2.20767287637249
2222,2.62114608126238
5050,2.65450754365947
4983,1.82561644138634
3835,2.38748759831019
10590,0.19282730473099
55604,1.99183526196137
5236,2.34820730430998
1653,2.27086114668058
1785,2.12122720648926
2037,1.48482826492485
22999,0.0187326529005272
26002,0.981508785200761
8417,1.42806949153351
11158,1.25197413115271
9817,2.61346988151171
55510,0.0290530521054448
5794,0.0710306629776471
1638,0.0209692882026594
51006,2.02506938173919
131544,0.607923180264905
285220,0.53852824025592
6344,0.120425512675816
5991,0.925079442978106
55183,1.69351595328869
23011,1.89568218834273
8671,0.188030575137308
6595,2.03505582238489
50700,0.0199533676763937
27244,1.8612402636363
11043,2.02785997776863
139212,0.0203598820990786
50509,1.51096154441256
10847,0.41215621951155
9933,2.14475308743581
1361,0.0119871284396815
1136,0.0084911297831118
3781,0.182537284435833
4850,1.7028125118487
5663,2.33648141814838
1371,1.4449140446693
56650,1.73101720658621
5891,0.906401297313646
3320,3.09753352332737
5933,1.30847529070686
22839,2.00392784225533
22997,0.685484075560911
114819,0.18237023598199
10403,1.1490818094408
23431,1.44438091587935
54665,1.88050289819281
260425,1.94283598182146
2920,0.107892959309522
174,0.106060747329644
1286,0.16974220649948
6932,0.472344837064028
28962,1.94476068049255
1005,0.267253417044983
50939,0.0693069482704467
57092,2.58371850552517
55218,2.19964174238585
384,1.3845933248459
4208,1.35383946017259
5788,1.56624379720959
779,0.0066344685557293
5317,0.662256554213531
79876,1.99547236277511
9262,1.71968083216604
8555,0.630996131224793
22869,1.278321866677
4036,1.31151600471972
440515,1.59792835708353
65094,1.38448892622789
11266,1.90547962988977
65985,1.55328978805153
9812,2.09546377714705
93664,1.98342524606019
56131,0.749743839815339
56142,0.0508922379282558
56113,0.259859611964358
51668,2.14420821537248
23239,1.36357990119784
5205,2.17951369277546
3595,0.0938652766473933
6604,0.891382738083292
55100,1.80035314508641
2533,1.38532352136279
58538,0.0080788886488122
55437,2.09007587080446
9689,2.45804502285065
5241,2.1105560644065
114899,0.866068708098934
4200,1.06623784524091
55322,2.08750623784616
905,1.64094105828196
57579,0.476348304387361
1310,0.0037382490083226
23136,1.00662392831296
22837,1.32177291289986
1741,2.29561122328829
3776,2.55352891840951
56256,1.99380357788002
7188,1.63370774263915
29093,1.91226093197049
25929,2.12040555468381
4779,2.8771697780654
54437,0.398981989968045
2932,1.72799239090513
3693,2.80871381526249
23085,1.60139064062216
7514,1.84552288928073
11342,2.49043752001479
80036,0.0080788886488122
79728,1.81509878633538
23033,1.35849924542603
57226,1.6749619690842
594,1.63230049985536
7994,1.68944974540126
79670,1.70858652113715
9706,1.75472599941907
79977,2.35951218913517
3842,2.24849233536955
5351,2.60510900674116
5026,0.146155117141967
3682,1.48755641672278
22894,1.61858297491917
10464,1.42890733553088
81550,1.07239865135732
26747,1.2284680211039
23047,1.47308349966705
5019,1.81045995015942
10325,2.21588577005417
1833,0.411658552176636
1540,1.63998731348004
10998,1.31564265395031
25799,1.32165512513719
79891,1.84117349806739
55659,1.75682594712841
54807,1.87096719361338
55663,1.27137725304334
9422,1.58339886814368
6193,2.98520209314511
2195,1.51796055463505
91746,2.29877225680757
25978,2.04371902216549
64744,2.47337382287631
10450,1.52905368182262
10269,2.76268043182061
56910,2.69400509218825
84273,2.26278186808872
5978,1.91937718477319
3034,0.0530452976713926
54434,1.39902846709278
2950,2.51841568501025
334,3.08862667009691
57613,2.04241887314308
51729,2.62698103651267
8668,2.5478597372903
79570,2.05666764474223
1307,1.93010669083882
200081,2.55252862368432
338,0.0240097576149657
8648,2.15577194807615
60509,2.05129005353746
22979,0.434457091377568
3797,1.88190099706484
10890,2.80325635779648
2646,0.0126025784990239
3030,2.80596046502295
22924,1.30681210325581
790,2.22327952840829
966,2.60916566524257
3732,2.70336796197688
63035,1.72493379007438
546,1.77714491692028
102157402,1.96195798696522
2219,0.136667226196118
55892,1.62569154072746
2122,1.08529625689587
9522,2.38068462760128
5550,1.5222939334446
57531,0.781539612787699
81929,1.364448996156
22911,1.8885697564204
57590,2.13350350452415
5016,0.714567361279053
29957,2.41984454594188
4216,1.45674992442988
29992,1.50811708449127
57549,1.63330164977521
5243,0.420812349975519
7760,1.98364928888469
231,2.05804737001071
8895,2.62935443871296
54700,2.60273237934571
2017,2.46498554636371
7481,0.594015793931083
4528,2.35275308247524
23259,1.72652286710178
22996,2.80041675526516
2060,2.41133242924109
4998,1.34422369288706
4258,2.3214802903649
10523,1.83336401989113
55054,2.02551969897636
55230,1.53742938121451
55624,2.56509567424603
8438,0.929064442257711
23139,2.35358614876853
3301,2.95844838532657
2683,2.98393964166136
51510,2.70365887659043
4799,2.14563015426092
363,0.0604409028617613
27292,1.26926981347074
51194,1.83033998132493
2346,1.09672294782097
27102,2.73006990105853
51314,0.254077508544383
54749,1.1237093080547
29887,2.27037122827658
22929,2.16121167333415
10573,2.60710524573025
3049,0.0729417365234151
80271,2.25995667521027
4680,3.06547286873159
2196,0.402265731229719
55696,2.35298693914494
10959,2.98466773900656
56605,0.687857094085278
54469,2.34154383726579
3294,0.0290530521054448
55787,2.2696365189436
5475,0.81109735245986
7462,1.8497890038238
10075,2.49609944654106
9183,1.84324299091738
79796,0.807501414607198
4606,0.0723688738166034
50507,1.06572540321897
8310,1.71362008871426
8898,1.40115520924608
23645,2.2552962380349
51171,3.00350200683321
7205,2.61462562346848
43,0.161041340296834
2512,3.55879626872971
51593,2.47738807575355
581,2.37488925598942
51701,2.038614481066
94005,2.51927843482763
9509,1.61278673176958
28983,0.349290048561239
56970,2.15901295896665
9489,1.61088760107364
5705,2.62481781160335
51720,1.62043471367047
1071,0.388915854444393
4313,2.68162063474602
54947,1.47055977917759
2775,0.189522274027775
55239,1.8307278892285
6452,1.5008908451113
8602,2.07811699754033
118,2.40002376840457
79944,1.43157910000356
57544,2.2025791493105
51637,2.32308637874215
22795,1.36033511134143
64395,2.06272905317518
10992,2.564493554418
57542,1.84558044535459
2778,2.84563236079921
10059,2.09175861941359
5744,0.319112667881342
116154,0.0386525717956126
51290,2.20976375723229
7022,2.33392239955064
6790,1.94059875499185
57091,0.432644076313874
8544,1.73555281879434
28971,1.85420874556226
5990,0.978712880832072
339175,1.68020527013031
6820,2.09527739595117
29929,2.06408644663531
4849,2.00229560775279
51206,0.327081544131642
5775,1.16843955165561
8886,2.21151581137234
8570,2.59568015558526
2767,2.14606350131758
55616,2.24705869020703
55741,2.48786936419001
1789,0.505751174962362
28954,0.438550324572902
22974,2.34385825585191
80307,0.263791499393335
81572,2.22322698003304
2036,2.46124711500324
6564,0.009520858735307
23348,1.74901550121528
55608,2.1224024189369
23483,1.43577269610525
1795,0.0721778321548017
51161,1.87571840494014
57017,2.00013006344034
55287,2.24863211411944
64147,0.962549275981887
79822,0.320376386626327
54675,0.204776700352736
23368,1.9306278530062
8455,2.02099218778817
54498,1.38895899645286
6614,1.33637871421699
2280,2.29597773588876
55968,1.99567633976108
83959,0.577750059005121
25943,1.01591872665057
79175,1.23918122533824
57593,2.11055123359566
56265,1.69910101210342
57506,1.88777458670679
9762,0.592949453040546
22803,2.40860071933181
55857,1.28460997766985
8655,2.80888424774425
54997,0.591687149983584
27131,2.10833190718082
6128,2.89612482738663
55423,0.474749533575478
8550,1.24844115790515
5027,1.07931575277891
51575,1.66718352345776
10741,2.09457635360727
51433,2.18249595651254
9962,1.36914933712892
80024,2.11438581019252
29058,2.52489486807516
55184,0.65838132141755
84678,1.30295165447204
26074,0.213824218448348
55617,1.22941250896178
4938,2.17495362221702
10985,2.30432910081243
6175,3.20656194983606
5829,1.91983273911873
23409,1.19267222746412
22895,0.0115765804481612
55614,2.38411104925027
51605,1.69494948055519
1114,0.035464851664874
5037,3.18132387959814
6910,0.521253660947665
8315,2.03113971198024
10961,2.86147407926122
4842,0.0211723261778742
2521,2.76192589823265
3476,2.79068216103059
53827,2.5852864428713
55900,1.97472356620422
57655,2.29767244739601
5349,0.748662445958655
9843,1.29952377445218
29965,2.13220961450211
113540,0.566359384607059
23415,0.031262604438497
23193,3.03679343675414
51291,1.96621259665418
55285,1.29746257926859
332,2.06603413273467
3902,0.747037058366427
8079,2.68954495458032
78990,1.05732333057229
57062,2.46062142178222
7597,1.12091841911685
25977,1.45733778588566
393,1.32567445884661
170961,0.954136536330215
55760,2.31536814695361
23186,2.11287222533659
55668,1.22815283086439
8425,1.92938994637467
645,3.06820447012625
6548,2.24698358125219
10558,2.06409193205055
10914,2.26260112218018
8812,0.837821264278917
57060,1.60709888892053
5996,2.02281583152183
83719,2.41657778032794
51650,2.29414106010748
4708,2.24962514259244
10726,2.64082871107378
10296,1.91720414999051
3383,2.36784242966617
29888,2.12114747122711
11213,0.59701228628292
4069,2.23153992766004
79594,2.38280127031466
7023,1.41081547312574
10081,1.9993685640633
51324,2.47639906571677
51726,1.93721892445689
55214,1.21298773942068
7066,1.06981249460666
8646,1.32038724456675
2323,0.041431969987866
9727,2.3963887695983
84572,2.57064377939082
10795,1.51110333049383
2802,2.160485892872
8761,2.06631231701553
30835,0.157259062738087
79603,2.69647843850293
57192,2.06628505330097
84196,1.77258272484235
1947,1.85135266340226
55066,1.37947904253958
16,2.30132972919906
2734,2.25131883151316
24137,2.45000106627397
27327,1.74069329658169
64857,1.52959973819253
10683,0.0152643844692303
57106,2.21127643207028
57605,0.452466019754302
55763,1.90069873669802
54439,1.76037374501885
5459,0.0154687933557568
114882,2.55521440405084
113878,1.53875066536187
58484,0.775108449497622
54517,1.68224345913228
22798,0.0282481437700031
4897,0.418472699814094
3912,1.89604683111954
5172,0.509249145046031
1811,0.0575293748341413
1738,2.30360042031654
23335,1.45641045703543
9352,1.79933652033759
3568,0.0240097576149657
368,1.28866749953095
54918,2.71797993436016
3655,2.46671906658234
11069,1.43437871803177
51776,2.10820064733516
23676,0.0586952005206574
2271,2.68509809275172
23231,1.76502043899537
7018,0.599707881296675
55573,2.74835117890782
51168,0.270251444649095
54890,2.69327678013307
22861,0.653595372017959
83394,0.362551946470696
9552,2.45058552804175
23594,0.890140780573481
79776,0.485079821290848
1357,0.154842971653662
51530,1.96459047944635
2099,2.73526279894163
26575,0.177510744706426
285,0.759702315082381
84336,2.68230751216951
4345,1.46653918187114
151887,1.90900776160483
5720,3.10547801903115
55012,1.34529464556967
54930,1.87354689261568
84502,0.126531508402931
1053,0.12527809465136
23428,2.83273344447459
55644,1.95033839579157
51310,2.32099794644822
55072,0.031262604438497
23256,1.38124200073304
55632,1.46611755872
25831,2.32361997128845
3183,2.81773438239989
57096,0.343457484404704
11198,2.55736499855922
9878,2.3605399061777
8487,1.60366237267436
7051,0.366921883801782
26277,2.59678891322144
57556,0.646623225712197
54822,1.63487715016907
7301,1.2351839360822
79968,1.88537966197455
825,0.1830382225432
8773,1.5962213757283
6913,0.95699081758173
26227,2.06674281701178
1299,0.630996131224793
7430,2.96935138664376
4637,3.04307107528118
26523,1.82586797538039
27285,0.6838690986514
63967,1.14706060589588
117584,1.50262506575056
201294,1.5814631784587
79157,1.95757659673027
1808,2.3343482366764
7042,2.05926085754882
55105,1.63333290047665
10762,1.7134371019607
8318,1.0929092472823
1312,2.19076892086856
51816,1.89943994292446
55862,2.1604228933598
9209,1.83849883060238
9117,1.86413868921133
9942,0.915601240872968
10013,1.74416810169809
126370,0.0066344685557293
2568,1.32739601750623
3881,0.255145820657265
990,1.730162297479
139596,1.84792382856167
8697,2.03177430024545
8086,2.16239989105457
23468,2.29531771773331
2327,1.24185273685988
51430,2.24816378897063
4436,1.7190359072697
4214,2.41945742029777
1725,0.380920908401633
29911,2.0381736954621
372,2.70778749663299
54566,0.822458716215059
55151,1.5090535333288
5711,2.45059758463423
5742,1.8677626391817
23511,2.24146481725919
1384,2.99681192519982
10044,1.52570531766246
54187,1.9743552649786
55357,1.69185823656497
25861,1.36947192980487
5146,0.228626920528103
55280,1.86039911094657
57715,1.06688939949211
9044,1.95151969040884
64376,1.98616589551903
29760,2.08823639386925
7093,0.219586911868952
1592,0.0777003520403405
56165,0.0076664475141711
10580,1.988290816352
55118,0.208990047576105
25805,1.92978743224115
3589,0.085634128532859
53904,0.0234025367070836
51322,2.28354146486299
1390,1.54618858889668
10101,2.36495893733167
23430,0.716029831968003
284422,0.254993293101234
3096,1.32555753915594
54209,2.53901561080347
10321,2.18888852210755
2289,2.29920500919813
6732,1.88621428676766
27154,2.4548491451108
55168,2.24646389045216
28978,2.7606213132883
114327,1.24881235519658
9436,0.061215604083323
3326,3.37041358983681
988,2.27052954183153
3710,2.32266613707625
7738,1.93263606870818
1832,2.90859777768568
23411,2.20689468818071
3189,2.27821360453362
80173,1.61418969058655
3717,1.77785549638378
3594,0.851968613874001
25,2.24854760368645
11332,1.92816380521535
51100,2.38079490835699
8317,1.78897882381976
84144,1.40128152171325
5125,0.615291982451897
6319,3.13626191441271
11018,1.94189275664152
3983,1.88983706384838
79956,2.81409954680794
22931,2.47065434981581
8829,1.88689115520539
56952,0.868710298994077
54873,1.46733706286828
23555,2.89536261950562
55506,0.498372364392432
387680,2.12775199286393
23031,1.51583937157871
7593,1.73120556458459
79629,2.44339559675094
4650,1.97925338606872
9424,2.48477990650694
57828,0.987965363338449
5714,2.86511042529082
54620,1.95033839579157
112755,0.924961850100416
80270,2.31579796960127
9739,2.13530710702243
9274,2.06588677391271
4113,0.0485371324516474
1943,0.0324653828330247
1153,2.8290573850758
513,2.48962575608331
255057,0.0673875284399155
3483,1.58313775485043
4670,2.75471973866144
51257,2.45520894193493
4713,3.02569788728108
9524,2.51537640039957
26517,2.62121741375659
997,2.41601673467306
4507,1.26783855768268
126353,2.70650818735107
283638,2.03494907349642
5434,2.54420961868831
5442,2.07431114185315
610,0.130458397610706
113177,0.7625095725902
8045,2.10958377093131
4616,2.33714715344144
5064,2.16206140695084
8174,0.332486914834159
51214,0.0276439590910099
2872,2.70133655756098
421,1.8335023018585
27037,1.54035427795944
5902,1.97043522582388
29801,1.08416827300618
84861,1.76863979757
51586,1.72216139956878
3053,0.0171022935190702
9342,2.25796187563212
1399,2.24825815695507
8216,1.02151775973699
4320,2.67114644898183
27443,0.0111658338983268
6598,1.59532312511654
9127,0.0168982779780871
91319,1.34475944355325
6545,0.063149226365247
23786,1.99516290015511
100037417,0.536220737904714
2953,0.0960960359655527
5008,0.552322378734142
23523,2.00040305274883
83874,1.31712991590506
56241,2.64941826509011
10291,2.43187986115416
2687,1.67034850434705
200312,1.28505181698715
23541,2.44366183218327
23384,1.86013994732161
23759,1.80058822562927
51733,0.0949814066654706
29799,0.702421087342396
6634,2.11519745983346
23481,2.15518837413322
5594,2.31431772796394
2678,0.0181216355189445
5625,0.934241811917519
9647,1.32009195191631
339665,0.877458363024962
8940,0.0119871284396815
1417,0.04578114125236
27128,1.52003270655577
8220,1.3272212005044
4242,1.52460369564594
29775,1.62248706519397
6576,2.48202392258439
157,1.75417857481649
50487,1.30602405330553
3957,0.960942494431187
26088,1.74332642249603
7290,1.02825763593795
23616,0.686162923872878
23544,0.212055077748509
3956,3.09886080773055
89781,1.36666941868555
113791,2.20473074546151
402055,1.42976766539551
23598,2.27265336933296
11078,1.78995485536848
24144,1.81075203461901
23464,2.36696026539167
1414,0.652170913148252
129138,1.64568008963616
51386,2.45218654618616
4809,2.5391150403315
85377,1.65987318600752
5435,1.41758735198153
6663,0.829399995426087
79879,1.17174452918236
9681,0.556317414486066
9463,1.60150783948524
23331,1.16480119256776
23539,0.208828404743795
79019,1.81081459775358
55964,0.979413060265097
6523,0.244860834333613
6527,0.143881039990532
11015,2.50148748525316
1565,0.389428769018713
10521,2.58877070657549
11144,0.510447692528484
6942,1.65486356755025
150274,1.75916299692603
25776,1.77107402595343
56993,2.52717822998374
27156,0.0501079362162316
7494,3.35222184868792
51493,2.46630093085262
9929,2.14154657177638
25793,1.93258192635993
9567,1.8622455321676
84271,2.44745000084276
9609,1.09548402146753
7078,3.048572399087
9701,2.04886342290056
6305,1.55672737521107
25777,2.08411407324817
1727,2.49279969454348
10126,2.07230484393554
25770,0.0771307503330335
91289,2.40134814627306
25807,1.85122968102381
11252,2.29928591222229
25809,1.60737998689148
10633,0.304787742977905
162,2.43879399481375
10042,1.91705135169939
10043,2.0870530138258
4744,0.592949453040546
1120,0.0276439590910099
638,1.83155223547381
3162,2.42948129740388
27349,1.86288981975735
8563,1.46261981131157
4174,1.94521791411028
164668,0.711551185139147
410,2.30694984589201
706,2.582641714744
23551,1.48893601517034
23170,2.04364948577142
23492,1.77585609581609
5155,2.20237441864316
49,0.0193432301006561
164633,0.046963386855558
6122,3.22662387008698
55954,1.57102049624128
23543,1.88209406604354
9145,2.10431428295493
10454,1.98498405489917
84164,2.1273603330746
8897,0.750823481197486
54471,1.83368989669994
80832,1.50064259440594
8542,2.4771344336102
80339,0.180530419052839
4627,2.95544084915603
8911,0.111545230931358
25813,1.90614145793611
25828,2.68401958396204
80020,1.83030017545616
9402,0.491141718066114
8664,2.58480310048996
23112,1.16181040837024
27352,0.0491265280900879
11020,1.31813887115322
23313,2.14739524101371
4689,1.5397440114635
1439,1.31337398363283
10478,2.13968529762081
7380,0.167533181874078
55007,1.10090686599437
79734,1.31620830597867
6767,2.70778612069477
3560,1.23164483095202
9978,2.27165686293603
2033,1.9643266024697
83746,1.65405805667765
150356,0.240367349781293
5905,2.477091876124
23264,2.14145351749456
84844,2.30623519906703
50,1.85789318707662
171568,1.45035177456378
55687,0.883454525408925
5372,1.51006936707731
27351,1.72162277855343
64781,1.71492493177622
23774,1.70438987607241
9889,1.47454791222489
23209,1.27729866723749
83933,0.113728858571093
54207,0.0332662841654657
63874,2.31965402258672
23351,2.21451917962176
2287,2.63580374961944
56948,0.67401191854082
1511,0.537060686491088
2999,1.38362682685189
3002,0.53967922030375
55147,1.87058830456008
10419,2.0236051872073
1690,0.0294552189612712
11154,0.857227200439342
5427,1.72033768194298
79609,1.55944498779981
6655,2.06805845090538
8814,0.520824504037292
51199,1.44004851647427
5836,1.83531545876793
114088,0.052263005646635
5706,2.11371122943715
64841,2.12132099002954
80821,0.852694235113698
1033,1.81854200491987
10175,2.40005425421837
10668,1.59705029639551
51382,2.50000646248205
55195,0.0097266548872287
26499,2.337030501314
5283,2.13104337428257
145497,0.0173062599854029
5684,2.53740208588574
10490,1.96733982057332
26520,2.25833148086297
2954,1.79499651541205
9786,1.05968235082693
283578,2.3621337549892
161394,1.78681038910196
10598,2.62887308419648
23002,1.80732819322926
145501,0.0288518968796068
9517,2.50755246223103
79890,1.23577157285084
5641,2.46251114689743
8846,2.12770133160508
22938,2.61611679462036
1113,0.0390501905320824
3705,2.50386929159152
51635,2.93064579860594
5494,2.24473891862656
51804,1.96601375309009
57452,1.57383505220488
51676,0.640940123972402
145508,0.734521516070061
2079,2.99339271865763
3091,1.94389723432476
9766,2.54437859577827
6430,2.55338103802735
6554,0.0197500372972908
1983,2.5635370817376
5267,0.865487378057667
6547,0.0187326529005272
23405,2.10393072339093
79038,1.64816738716681
4522,2.03869083124046
79882,1.64558883267484
9894,2.2707486206901
22990,1.54945333704067
623,0.736020049338238
51527,1.96506073533549
7443,1.74949727368617
5700,1.54677187856497
89932,0.75220902447439
9252,0.759322043392624
55671,2.30329195970489
60686,1.6232223999699
5693,2.90724456430259
7528,2.30803517812919
22985,2.31348294821119
57820,1.71578401562385
9321,2.16320509175823
328,2.90671002772236
8106,1.117900907101
10278,2.19367554101256
394,1.44950315656585
51550,2.04679462090822
10202,2.51232178288936
6729,2.28964753877592
9362,0.0066344685557293
57680,1.92720054221098
5106,2.55292236286093
9692,0.841991005933346
80344,2.49767820252146
5687,0.668464091364432
4792,2.65016306404136
51016,1.95151969040884
5721,2.7302295752947
84312,1.30240223088662
9985,0.611806185379465
10548,1.55319703570887
10484,1.75837359362169
51292,2.5932557315743
5411,2.35010490972659
5875,2.09001964536506
4776,2.34715084502115
5360,1.97176731003235
63935,2.31378723812415
2937,2.16785811931313
4318,2.63989792111646
26133,2.67428368834046
5834,2.70863301291894
26090,2.47453356360731
10544,1.92229329106357
9837,1.7329221535294
22981,1.221739938467
958,1.57060937754991
55245,1.99153614993602
23613,2.40715423726984
10110,0.242539798732235
51098,2.18423859570934
4605,1.63060608347647
140902,0.0865736051467432
57446,2.26367170237221
84174,0.620721489111637
55969,0.769063942311524
4773,1.11529571247207
140730,0.15536130946066
80336,1.09455309118419
6789,1.81415856034639
57167,0.275767812929035
23394,2.43467023431473
5203,2.19864948971828
55816,0.61416335419935
1477,2.20945750182908
655,0.573076008896696
8480,2.04505508321349
7165,2.42142988850499
80331,2.38770971583347
51497,2.3108149067651
1522,2.94471226675238
24148,2.83221899869033
81027,0.0696903035798559
51012,2.46344165348296
26164,1.94260981376769
5688,2.81294461359526
28231,0.264997372636285
4923,0.147551407712286
55257,1.81275982810133
10732,1.77620694950118
11083,1.92639996108975
54994,2.4735094655656
63910,0.932385249968795
79444,0.0256268862991105
128414,0.0154687933557568
55738,2.22080095069026
1917,0.256060367680391
5753,2.19140755319697
26205,1.98524099148129
54976,2.34493534880742
25876,1.32115423379111
994,1.97543138832445
140862,0.952620071915434
11237,1.5696068920166
10139,1.85218419560405
79133,0.874852932168357
80343,0.0788383885327216
57761,2.22269754092311
9770,1.67464826659442
1457,1.37580219188681
113278,2.26650885188841
93144,0.971011999018981
51378,0.104592046779187
343637,0.0144462560950847
8760,1.81273907107629
81502,2.54558481632103
9751,0.336344439506165
85366,0.17042069729137
10326,0.175659821599347
10483,2.3245168000089
55612,0.480216601901003
5173,0.0334663908138561
140706,0.776370055000184
5332,1.32672557033481
10398,2.97397410456659
3055,1.69978917621866
9777,2.58043707608191
140711,0.17042069729137
51340,2.27574491741185
23509,2.41676456787684
25939,2.07447650767183
57144,0.0771307503330335
9371,2.43338583090571
140699,0.335794546712778
10528,2.16483901611455
63905,2.51352882163253
3420,2.33423557006017
22919,2.773885782066
182,1.88478742738602
51654,1.9347033934759
6640,2.54173617539379
5020,0.265900566771856
9675,2.08376584162264
1869,2.2191881347381
58490,2.06460719833896
11264,2.14838316664949
128866,3.07202562708013
671,0.147900107438903
128821,0.248406596698026
1471,3.21761444838172
434,0.300049450347013
1472,0.473032696173374
79913,1.79010818448231
10406,1.56079797595634
191,2.72900456093377
26051,1.06413866558804
81610,1.8204110423281
60625,1.6050101288208
116092,2.26262294154053
84557,2.13970756604365
79953,1.64288849394548
128869,2.25939064442311
7125,0.374411390074047
10005,1.51334612661618
57136,3.08017160020183
56853,0.0671953437318986
9658,1.65248767810941
28316,0.161898500427602
22850,1.88913062032084
79863,0.909663785925579
9097,2.2887932570491
9218,2.16338840293826
64863,1.18473570983097
9663,1.63528184831923
23347,1.36085455058519
8736,0.554885866342581
10627,2.6505833517257
79959,0.803672206211484
29906,0.0152643844692303
55125,1.14054411902521
8731,1.74607716888399
4092,1.7606319111199
9388,0.196118820927005
284217,0.238500503101886
54941,0.941097548833858
23253,1.49067090632228
8715,0.0140368959186701
11201,1.33629279410151
57534,1.80682325857838
5932,2.38733731483657
8780,2.04616770843307
1478,2.28567666582252
25878,2.45635841862639
340547,0.0716044446446561
5716,2.50533954140961
115201,1.97289948577162
412,1.74469180259946
6907,1.48412244636058
4935,0.510774226000379
10857,2.98394313837978
5422,1.30895815073062
4281,0.419581866679791
79576,1.50546079384878
158800,0.380531908022198
55916,1.78484154024113
79868,1.74050899373547
5634,2.14838751265571
51311,0.259556344986669
56180,1.94482817463252
9949,1.853484818034
91851,1.61155973667316
64743,2.10201176224788
6839,1.83256305590131
9506,0.722089542132372
8406,1.85174974041008
331,2.12141006172172
10735,2.43145083265984
286410,1.44298746292635
4168,0.0156731530012164
215,1.72695410075959
28952,2.44441870431872
778,0.829468350023732
6855,0.81892525318359
5355,2.81781498308105
660,0.587202326149724
5358,2.34919097809285
8260,1.45282058863604
5973,1.52762711244494
2000,1.80233653351797
6594,1.24634421517699
55613,0.202661695187666
140462,1.03132771432767
340554,0.114999975663909
5931,2.62909585087779
3750,0.729449033558267
9016,1.45174770061
2332,1.75619821966749
11040,2.4550562506165
10389,0.0540221383132408
7355,2.44028040123181
10084,2.39380541850113
6247,0.010754888621307
27344,0.794577007021355
2010,2.5970132493463
6901,1.55515952044667
5230,2.86181471574929
2623,0.052263005646635
84061,2.50863921283763
6611,3.08686580212809
5251,0.197431665013872
8266,2.59801949110041
83692,2.33041414002432
8411,1.7938149848196
6102,1.9433632024748
9767,1.80709683999192
5127,2.36181241218462
8237,2.45931591344198
9468,0.149119384289228
27336,2.50233952978789
51442,0.235379301880427
959,0.512621812268888
7076,3.241459169296
56062,0.160011553507071
2564,0.156051913604374
27328,0.0171022935190702
2245,1.38103181565132
5303,1.9523959753596
64840,1.73228391929898
347365,1.77326674448333
10916,3.43900681536928
5935,2.62388706450223
11279,0.908940254090495
27286,1.39801260752407
94121,2.10269862418645
158866,0.150684352667124
2491,1.16570318677121
1821,0.135783126027054
54457,0.0146508621545966
51260,2.59290298835484
2717,2.4813394447033
51566,2.54848701794243
56271,2.47587087701615
80183,0.263791499393335
259232,0.142302962436914
2259,0.195461594197541
3356,0.0142416006900836
54602,1.76673563054101
10673,1.72915437732755
22862,1.79712361721158
2862,0.0318642078034075
81602,1.37003598300185
81617,2.10289110744776
688,1.5844765960831
8428,1.66866039213136
54,2.76122946626095
5611,2.42820443830886
55757,1.2986941015684
8874,1.52876089632455
2254,0.0561671921294347
6445,1.48572511361697
143,1.56874592025731
55578,1.29681489034971
10240,1.88554498467905
10166,1.25341437643169
3839,2.08169039200814
2321,1.65965203751448
28984,2.15497515036545
23078,1.53057329862474
160851,0.461134344384387
84056,1.29937022869545
26512,0.98242005483173
79758,0.808772836790267
84935,1.18689082401543
8848,2.3731794047942
1203,0.588863080647008
10562,0.177678800610603
10232,0.55119152734992
23295,2.22016875856648
23361,2.22899362860193
8717,1.99903615341563
3299,0.810464216052511
11151,2.0611897952126
5595,2.67586261975027
79153,1.17841178521291
79767,2.04528595146597
5257,1.71560192571641
57149,2.3460522610296
10204,2.34419098999921
9688,1.54575536423757
80152,1.09787101935292
55815,0.615667787725936
10725,1.42136467850724
83752,2.23446065294269
9683,1.86721699439613
869,0.38686071103408
23568,0.272492483419826
51090,1.02736336031371
23090,0.745407699556901
6367,1.55515952044667
1723,0.946346231021005
6361,0.662344374619542
10664,2.08486139265353
65057,1.5662076985527
5432,2.30956048123352
50855,1.89478189023152
55565,0.896756980912698
4324,2.01920300318975
79650,1.72838427459957
80777,2.16224949389671
29070,1.29520769888053
4832,2.73613307824411
65009,0.451758710585796
5713,1.91039236557452
79918,1.05840965071625
55238,1.67136983545827
55697,1.85583060100805
3038,0.54166294456757
79613,1.20719635361024
25839,2.09512620599941
55512,1.25133652742197
84138,0.767938498003166
9057,1.10095074724518
23659,1.9880828771926
80004,2.08445678397197
79152,1.26822927627575
79726,1.24867740361237
22879,1.76737129163889
56942,0.727058043180767
8312,1.9939489782213
54985,2.91536337920642
8131,2.2821073381757
23417,0.776666553037956
4350,2.42044238921171
54550,0.104775777140435
83693,2.04373061030753
9013,1.4183695023228
51172,1.68508141261411
58189,0.256060367680391
9717,0.121326302161832
23406,2.25761717449321
9100,2.21475271163918
83716,1.81768128448683
7249,1.89959960820163
26048,1.60224384219181
4833,2.63673608503101
4363,2.00162909789999
408050,1.26270048222863
64788,1.70493663048861
2294,0.165318125203912
64428,1.77913830997376
64779,1.13988835541869
1186,2.46295940738999
84264,1.77678353467463
65990,2.35907237008567
8140,1.96065664917584
79006,2.58263515622198
79791,1.58860801266423
10273,2.35476475010174
9028,1.54031615910322
4682,2.04040168844264
7329,1.91334217372044
7783,0.022997480615535
4210,0.151899477025274
1428,0.143530619363282
29904,2.16231216719664
6650,1.60524267821845
9780,1.7574291260717
2935,2.70611382195528
7727,1.90629021883666
23059,1.12568852992869
56061,2.29446676066472
260429,0.139842103843901
124454,2.23834296240158
6923,3.16697684382285
23062,2.43601430589455
343,0.157948059098281
55313,2.26332351868773
57478,1.45441423329136
3163,2.468844764205
9093,2.27176301661926
51283,2.52447679128956
6299,0.30521706855402
27324,0.804383016489814
653390,0.0175101773978301
5934,2.12261270843044
23475,2.43414512166514
64131,1.11662113529904
29108,2.42240665261785
23322,0.908819584210531
4150,1.81086672658756
6810,2.28900631610196
10423,2.75693061979693
10295,2.61099079097728
84148,2.14149340088372
23420,2.46156445391374
50615,0.434819165563841
51760,1.39074132515492
79838,1.95072270708524
9738,1.85270305209991
57020,2.26883594172561
6530,0.0288518968796068
9810,2.47077996624002
400506,1.66260647640005
366,0.21751073054341
79719,2.5589768354666
64799,0.854603306097214
114294,2.06654670198422
10391,0.890016450352305
1445,2.4159453254378
8925,1.92584173907805
9325,2.24175021080358
123263,1.61869590229415
51285,1.40623346196779
8120,0.115181403890476
23205,0.0290530521054448
57722,0.65492813737261
8766,2.67176077205354
1512,2.15687257059196
64927,1.2943092752799
80381,2.53996515647072
2184,2.42799110763264
57214,1.29157374315429
26015,1.97380563700314
9455,0.564038982469843
30844,2.22030306497002
25963,2.45694415939538
64397,2.05376866635892
22995,0.707782474445604
79895,0.542079873512267
4948,0.01219232802879
56986,1.20138064520687
9333,0.157775864700324
23359,0.0828093123943021
2553,1.73052709555835
7082,2.07628002975727
90427,1.50243955159037
23312,1.08974178608821
29106,0.0126025784990239
55192,1.74400964910464
8669,2.54874099530258
80208,2.13608629478376
171177,2.46584456060058
57617,2.42730186547812
11339,1.23073904406075
7782,1.31558307645317
26258,2.20258287055961
50804,1.2440350370893
23678,2.11391230037554
5157,1.52928778192808
79848,0.648686437035559
51201,1.1128936523608
55290,1.59823191584999
23087,1.89988516694521
79752,1.90774186836731
6101,0.14964137415928
760,2.49421777252334
7976,1.36074523815357
55756,1.89945675278007
8767,2.27329391269058
2138,0.13878517930746
4683,2.48862684971553
8989,0.0432138940104846
10404,2.07078887861798
1666,2.53080206831989
793,0.0384536920503017
54928,2.46159600327629
6422,1.98933551708053
55353,2.71089639244082
55284,1.82026835032177
10940,1.37330073698484
79815,2.26536699859166
3551,1.79293482869112
5327,2.16627126898427
56704,1.05100211024059
6788,1.77725778623499
54332,0.62128076186307
5862,2.60885250815103
3646,2.08755770504659
9694,2.05449553280163
54845,2.56310391322626
8840,1.49867279974299
10397,1.85791180581837
51101,2.09980403332415
3574,0.303928379751277
11075,0.518890141310461
55156,2.3167907478304
7227,2.56704577560038
6674,2.39233171921132
54108,2.26200209108522
83988,1.29471220374599
64089,1.68643114238313
51366,2.28388367700595
79792,2.46260052176008
7264,2.6364475469491
65263,2.2933637371153
1936,2.12392772485142
312,0.0412337454202869
6713,2.57096984926096
63898,2.18625744300115
55174,1.94852261491294
90459,1.65387885976284
23516,2.35245046697898
66036,1.36931065862985
23484,2.52872177898028
10671,2.34343272547559
203069,2.33997349086829
2936,2.57088779726162
8797,2.13708817526009
7993,1.76306513616227
5516,2.41484313357965
157697,0.884333392021886
4741,0.187366710728405
7991,2.11986458748625
9639,0.158292338591208
54758,1.25581744219241
4173,2.26737036040814
54793,1.91663286729271
2267,0.113728858571093
427,3.2028747914577
665,2.77103757237433
4125,2.39864062596705
3783,1.43775068439982
4924,2.85572128503429
27294,1.00847388002563
2997,2.24835575112881
11184,0.954921383524312
1891,2.70817590893317
3191,2.4543188481899
4793,2.12691747222221
10382,0.0246165431357565
54938,0.550779865237362
6625,2.5185731127946
1209,2.72942198521818
5971,1.89047352806487
11129,1.74682876094318
64130,1.26019563947609
284352,2.32538540364108
2217,2.72152590591227
55011,2.36984350200787
1158,0.120245236362853
23370,1.80663375191273
10848,2.11309774958223
92960,2.04906339059853
2068,2.00406944642384
84444,1.1547032346223
55111,2.07811699754033
57030,0.147377001960521
10535,0.0567512557756906
147700,0.517705480631316
951,1.59024012839678
8175,2.34181051994315
268,0.610198768095034
27120,0.301632090300192
4066,1.11263569478553
4946,2.91930288241671
55621,1.90181158041801
8677,2.40189611363678
56729,0.618386354005074
2208,0.107709920892978
1760,1.49424815309249
81492,0.0310619747051902
79735,2.17278692426432
259307,1.5360659834175
79816,1.33365105667014
81576,1.69408991863771
53635,1.90685170684552
166,2.69535254961786
4858,0.513489639156716
6449,2.22860071955143
10859,1.17220955652649
81857,2.18507729374994
11024,0.574272312609685
6618,2.42262202944375
28974,2.89165374471791
10469,1.90183664665527
729440,1.65559325743012
9466,1.83826458420939
55723,2.37416580405688
7138,3.03912005195902
51231,1.81290509855842
26017,2.81005238681946
22870,2.22053620835693
84167,1.39546407916779
9441,1.03142648682423
93145,1.66320675802684
64926,1.27250862924374
10270,1.98865946428259
79852,0.1761650389354
10994,2.19273107532985
79744,1.09628077718402
85360,1.33563360530839
23581,0.0234025367070836
6795,0.557338195661349
10775,2.14174146370074
898,0.785426883304981
8725,2.24890175526152
9141,2.31332535271905
84079,1.3642318590378
6217,3.06858788666488
92609,2.06484814047067
2091,2.81369917485816
9149,2.2704808380063
79935,2.72649469060076
2821,2.50692923363905
208,2.43907504109609
23646,2.77244406207039
57716,1.82429591943484
51588,2.11911529833471
9253,1.32549906958287
10148,1.23397210872457
55702,2.14091243414292
1155,2.50689504565874
79187,0.0254249141756302
5438,1.74561587129828
728361,0.101277900196796
25999,1.68537396824358
23217,0.0130126308322217
6510,2.93419741362578
25865,2.20288415822785
27134,2.3363023279852
333,0.755430783748374
58509,1.49193645407367
26093,2.24265457213473
11100,2.6906746167367
51343,2.12965808451997
27113,1.77003083688171
7040,2.57293196246723
22898,1.09941292559617
55101,2.2663054567686
1089,0.0290530521054448
10226,2.58328806802577
79784,2.24166063651281
51073,2.01718156878643
27181,1.31970782456799
973,2.37677823190884
6223,2.98840464832262
29997,2.7435205535824
4818,1.64276606596045
7087,0.253313542763282
2109,1.54733567399465
945,0.59701228628292
1048,2.82503335315722
29086,2.09437941563748
7297,2.16350500574493
11140,2.64156928331802
8775,2.33152469306367
10567,2.05638212267343
478,0.0394476217259577
56917,1.57283941023876
5802,1.92004036290455
84518,2.63310852425857
1954,1.96181440596268
10945,3.01026053684066
9266,2.1375634195461
83743,2.23529005674703
2906,0.388530940097496
23546,0.333866822009224
6320,2.20505232728948
93233,0.526064200970411
22900,1.46208294136809
3978,1.92157819435502
946,0.316014861463316
7728,1.1828003956676
8605,1.58378157143729
3036,0.13259244153535
9545,2.49969417343654
1628,1.79982908610986
374882,2.66003024923837
828,1.35530531175608
64748,2.45400056103977
54854,1.35153555578679
54922,1.37473922556565
51298,0.0376577034343075
587,2.29085756057045
54531,1.36672345654662
57664,1.6129827492486
5518,2.72912371295788
30000,2.22159042612908
59284,0.0142416006900836
2639,2.2020577770665
10990,0.137020599151987
10661,0.0716044446446561
1777,2.79744314615388
22983,0.0985059346638177
79165,2.14101006742401
26121,2.26693680816026
29844,2.46338719201478
3718,0.883768546433473
6142,2.74465927844466
6528,0.010754888621307
3780,0.0771307503330335
27106,1.75018287490878
5296,0.0154687933557568
5864,1.7141294372636
51477,2.83680529103574
8178,1.82158131693903
23373,1.51963490557199
1311,2.90628372626112
11045,0.160183275252927
11316,2.58734373551571
54555,2.23173132761479
2116,0.896264706245613
93436,2.08292769035113
10430,2.68705742388367
4099,0.974766106754684
25789,0.271596835002738
57817,0.252395807572227
7392,2.6401366852861
51599,2.779718792631
79036,1.93835637829485
23770,2.96074744045217
57794,1.95098116622065
3249,2.45457901454174
7561,1.92232504332232
6324,1.80127135346372
80714,0.441545752420264
2077,2.25548734655285
2931,2.05040326060058
57130,2.29310800961969
64763,1.92922615977872
2901,0.398222167107179
23094,2.28605152139496
7639,1.42441460012993
23474,2.41937153799972
199731,2.49030489361347
56006,1.86926847127861
23080,1.84996936403361
154661,0.517382054669266
79846,0.465662175229462
85865,1.34644769050974
10156,0.182537284435833
1021,0.874980274674898
9512,2.10546743112296
27000,1.51814022716212
7980,0.444886359154383
10282,1.91076024091261
10135,1.89427139520287
221830,1.75310551717097
5294,1.25641655205925
5446,0.101093391034403
5445,2.41682038950841
3696,1.52181876546135
26959,2.30304112057311
11062,0.864128876561904
6671,1.09344289482288
29062,1.50200641007556
8701,0.0074601518934053
79872,1.97122801631247
1749,0.166681952429176
136319,2.73264976382047
256227,0.0364623094604789
5764,1.85448106379032
51678,0.246866911925363
1687,0.835996938612545
50617,1.44037591949344
56829,2.07505204122698
79989,1.70791190429622
4967,2.61855030847569
11033,1.10160856799329
22797,0.861598244736078
94239,2.58093680624527
858,1.6392629832265
857,2.38229604408929
4233,1.24597133343512
140545,0.426812627823855
64327,1.76188533555132
7472,1.3634983487683
3198,0.170929192902111
10049,1.92305464644562
3199,0.184705774775147
3200,0.213020548560858
3955,2.19969052963674
3202,0.884207914333679
3203,0.169402748021536
221927,2.1343680207713
23288,1.94766740379841
56311,0.0132175827499873
7434,0.742527210113274
23554,2.81258511075946
6742,2.39727589112737
3209,0.0156731530012164
79974,1.02076418068642
11112,2.43697072799363
8887,2.40586452939585
54504,1.67644196580844
2887,1.82341661830895
83451,2.61767121540765
23242,1.63027588512087
55033,1.43350254958165
84725,1.20533756325308
6804,0.69743419786237
10392,0.833284712210455
2617,1.88402845138677
1395,0.0994309548859968
2051,0.398348857443461
84182,0.0735142061810224
2692,0.0128076294222381
835,2.16293828653391
51142,3.11906462253043
3315,3.24152758459321
4885,0.351044680111883
11333,2.62774444404259
8896,2.17947391536709
26024,0.654750584002324
1577,0.68284714093192
7586,2.24621847429038
8662,2.47729830176066
29886,2.11732767863171
4521,2.14336729705947
5803,0.0829979322484961
6878,1.97187228006545
8976,2.48453097985945
7965,1.90415268908965
7036,0.118259586088365
64598,2.25859027704723
5118,2.23957046622158
26261,0.163952002695106
55131,1.44219611270062
84132,1.61626995850763
3614,2.84900498464823
3268,1.76532225250844
23658,2.13523495732726
5054,2.19419065916141
1174,2.37150028745997
56913,1.21643371178067
8985,2.13439966486373
6119,2.30478198648433
10467,2.25500299293275
24146,1.01439646800673
113263,2.06383402960125
9678,1.88532744078623
4899,1.808199883233
54664,1.89852274210816
2146,1.60491042911107
95681,1.06553894999921
643641,1.2052280285658
6424,2.32636203951273
4232,1.75360660889568
4223,0.91476501308954
57037,1.84315616430491
653857,0.634296153422543
11281,0.0047737452018541
27075,3.33961614798623
5919,2.46513818534948
10551,3.30702217924078
196,2.20463088302434
54927,2.30728480790199
26157,1.45806035422582
28959,2.2681806013324
2737,1.84185157424818
5683,0.132947576137209
64983,2.2428992929693
55744,1.76733664346519
644,3.04896052370865
55665,2.05409001506419
55069,2.58246458071068
6009,2.28455828545512
51422,1.16507586507345
165,3.01365790606181
5425,2.51541099116011
58498,0.857161734057758
2645,0.0520673186640733
9275,2.28630989418245
10652,2.34926266023064
26608,2.36424874063221
7461,1.58962231274379
7458,2.69995505034044
3984,1.92106889806714
55064,0.679001124610636
6505,2.6916282926491
9355,0.119884565199712
2218,1.37300721920209
83856,0.602297461262712
79937,0.076560759028747
10927,2.45464869408478
54981,1.8483337477539
23731,2.19583010374679
158471,0.709915195675223
1955,2.43854674519139
9830,1.84599269611414
7464,1.1568169004022
7046,2.29928591222229
10952,2.64804140469743
727,1.36175550047194
4969,0.87523488312571
54829,2.22935855755947
1842,1.50200641007556
7091,0.774811250252577
26468,0.413523105308181
22949,2.36145855748155
64420,1.96424098233082
259,1.21768473140779
80709,1.3711622456921
944,0.936323826999742
1759,0.771533198322873
2022,2.56319294249251
203,1.69189941168281
55664,2.0574782261689
6019,1.77849738481402
6013,0.849057887587091
55848,2.59413301627547
54662,2.27092803595154
57589,1.65783453037241
23081,1.41616661533409
81704,1.61523099571524
23189,1.27166840500304
1993,1.07666849977699
23413,1.21500049866839
7016,2.34469792449482
57582,0.0024939884663487
768,0.0485371324516474
8939,2.13718237779856
7306,0.174142274422195
10488,2.91136172050082
9827,2.1619903256951
8777,2.0284518373802
23586,2.32353714096949
8721,3.08162315009956
8395,1.0200096532271
169792,0.529147433089322
573,2.55358707979831
2889,2.24731980815495
56654,2.47659649984273
320,0.267703850593388
23064,2.11803338308607
6456,0.357354995624045
5730,0.123843276378059
20,2.06958025058565
6461,1.59726996680239
54926,2.50521061615592
51104,1.59588261655967
51010,1.45742816441764
7763,2.32414751542434
1855,2.29008962719204
9124,2.2728861626066
54619,1.32908292945199
1791,0.0203598820990786
2625,3.15396550429081
26033,2.2592615809575
3257,2.18591787721492
5264,2.31424047437421
83937,1.1911014036106
23268,2.02793250032006
22841,1.23883777843476
6387,2.58892251563704
10613,2.37830523666182
8661,2.69298430748784
9033,0.770112632035052
8029,0.147028078610212
1787,0.348749352390147
79009,2.40096135673459
5599,1.39783462400377
11196,2.26543809293245
11101,2.10211067142605
54780,2.03927762100619
59338,1.10671410779544
27143,1.8388694503212
219699,2.1456082539949
64072,0.224040428020355
64115,1.83235514650522
9806,1.49305163739054
10367,2.47375824898757
5532,2.11391230037554
54462,1.8923854808481
657,1.60876644482017
9562,2.42561400133265
59,2.6455918314554
3988,2.53142585729404
3195,0.0152643844692303
56652,1.73173253546073
84445,2.32639796437924
81855,2.35478588262282
81621,2.48881326620509
6468,2.38216907174427
10360,2.65057481581394
80351,2.49122301090096
8729,1.8941862498449
57584,1.62325434440894
22849,1.22562478542263
79176,1.82401312792535
79004,2.73397265955059
51684,1.92645495457412
22852,1.10909867966004
91452,1.71038047851793
64077,2.07517981542881
23185,1.87354689261568
23560,2.0354884376827
26098,1.38420172053619
56647,2.34663093502113
55149,1.65670785885381
9148,1.29281890217066
9644,1.93521085624757
10531,1.90204547117989
79991,1.90781595931091
1326,1.61415711195583
22943,0.287564027265202
253738,0.344409999011661
10539,2.05385889753158
114815,0.254993293101234
54906,2.06047592792551
7511,1.87148083813217
9126,2.36740955263091
8036,2.40635278432081
7019,2.19445364575335
8030,2.5378172008902
8453,2.10730486534813
219771,2.21945392497619
27338,2.00420456504181
6158,2.85461716205754
57178,2.44349436041538
56521,2.5332657476463
10105,2.61071922373864
64081,1.23411073889587
81619,2.06632867427908
23232,1.59726996680239
1562,0.0173062599854029
25984,2.28186329791409
1411,0.0951672823362936
57532,2.31442159172233
28964,2.13259145904103
6143,3.18399457005896
84961,1.50527635823675
10900,0.100354942723344
7343,2.55157483383644
5709,2.6095459462732
22794,2.44505792757258
51195,1.46989929044154
8787,1.1321677913649
54894,1.68358779078126
7473,0.638399264738808
443,0.297163654394491
5889,1.72076217966222
5414,0.856834301603333
9110,2.12669583629823
4591,2.12420224384485
5023,0.605640187325666
79665,2.25269591052377
8688,0.653417475327616
51174,1.63287955646371
3837,2.4844910091452
9570,1.74616209128965
55163,2.07093967903976
6198,1.77328952633159
80279,0.532111892626249
10951,2.64870750666618
9400,1.76759066517236
9487,0.76492792323307
2584,2.20314803317652
57508,1.59106261411073
23125,2.04631158873614
9969,2.10379785815918
3216,0.533273173532636
2027,0.720640174720867
5216,3.16048356535229
26001,2.8777283492797
8402,2.69105840806109
51655,2.05624208068933
1145,0.370347296866629
10743,2.05828704198765
4927,1.90307131002926
708,2.64011095502001
6532,0.0338664618273812
642,1.37802731044442
1362,2.73460551303795
9527,2.00149306472795
57003,2.59841539107739
51003,1.24519084726985
1819,1.88390618447883
117246,2.35560895518993
11216,2.03799723604994
218,0.0600532833173621
6603,2.62530167549272
3384,1.03917826465125
9144,3.00606705100493
27077,1.28615482573844
55813,1.88181320806689
1655,2.76332578402525
64149,1.61379859535704
9267,1.86773537423414
5717,2.38611968054844
3959,3.1418875204866
40,0.0068409645610921
6354,0.0884493778801894
6347,1.97255040132344
6355,1.14746542148806
6346,0.125457270894805
5193,2.03470580995105
3882,1.25930296791291
79132,2.01604209475457
2648,2.19510833698622
5878,2.47848992355533
4669,2.49024458915126
3292,2.57714130962737
6945,2.18879558933992
8506,0.995927653268649
51225,1.82751428842052
2145,1.94833685786218
1748,0.542913005780022
84687,2.30720586415526
1277,3.20986843530289
6442,0.310918847596584
51264,2.37923004900376
10493,2.93417180511047
55379,2.638505536947
8153,1.21327572516661
239,0.951775975988044
10014,2.2006947623168
8714,1.82662166883408
51747,2.29033051590216
5539,0.0394476217259577
4355,0.356953761605919
64750,1.59573009456911
1845,2.57027621383209
786,2.06543341386278
9343,2.14840489614735
3131,0.488229297071077
9120,2.03086998742152
5573,2.67524680724494
1949,0.918103232877865
54757,0.872044921305071
7531,3.11157969432302
23531,1.63650931610011
29098,0.734916192074824
1801,1.72501019757378
5608,0.430341242025187
25979,2.44840224140844
26118,2.01572392544678
5957,0.0455839386189831
4619,0.0197500372972908
9368,3.26227440160917
4621,0.153459122424876
26151,2.21208819241496
54868,2.12192998695571
7448,0.188196455857058
7126,2.32721289523704
90410,1.70859973862765
27346,2.25912301833481
30850,2.39640110811733
5376,2.1593417467397
8456,0.72537927211717
9094,2.16137927098332
230,1.95202802708914
6830,2.36943130188313
83871,2.64903564964585
57649,1.91076024091261
55161,2.20961795542933
2798,0.229887525251903
57606,2.30882716930227
54940,2.59378138388694
7365,0.0698819152678692
80157,0.460901397309438
23142,1.44775550707964
64854,1.64233730893778
54959,0.0499117462968908
26511,1.88475256308872
10874,0.0402419221072167
57482,1.42713424879282
8649,2.27775231259892
4790,2.18816376120534
374,2.05791353228646
4126,2.25474778826698
7323,2.61086935943053
5602,0.410662226578312
1998,1.88398478886651
4717,2.51938080997013
23158,3.02439489256212
27309,2.18740637825422
8821,1.91893712033263
2549,1.7750287532443
11275,1.35959606545657
3558,0.27293992484862
1363,2.27918467608777
6164,2.92179667979305
7466,2.56329248153834
11199,0.042620338349058
80273,2.21399404890746
54433,2.19327436251291
2483,2.37074219618787
1182,2.40216065067154
51166,0.339088022195652
51809,2.33950087968248
1665,2.55164437469785
6649,2.34231391886578
51091,1.52905368182262
8532,0.0884493778801894
23321,0.473147276826093
56606,0.909965011163158
55294,1.18700402156562
55247,0.866068708098934
55296,1.21797028138178
116449,0.0754196057556881
7468,1.73798233458533
152503,1.88256757354979
57620,1.47904499348098
579,0.217990328581639
10227,2.34071545898962
2743,1.32015102365205
683,0.746727010997836
9693,1.35475264522947
3083,0.0286506937617837
83891,1.21158165922385
55805,0.227838027674123
55325,2.01421053364071
51274,2.08964629337529
51088,1.84670118921598
25854,0.570577220108189
64151,1.36477453128875
7358,2.90607735937673
10891,0.14563089186569
29118,0.0320646470462866
1410,1.77558426932183
10553,1.49363976554492
1075,1.89837107645369
91057,2.0475065281821
7704,0.826110449427039
26610,0.68378399391376
8882,1.77601458151622
23788,2.709792761752
23360,1.842035432042
7007,0.0959103684817372
6309,2.2131687583816
56253,0.498925610719662
79864,0.461949080753147
27087,0.0203598820990786
3312,3.04303471764415
5024,0.0091091168566818
4013,1.66228404482458
3338,2.43215456167593
54414,1.28634368538217
29907,0.108075957165901
9404,1.87137275616713
23220,1.92720838305582
23130,1.93382532950904
10938,2.32373382828001
5007,2.51166523247478
81622,2.30040255832916
83480,2.03371332555219
28960,1.5455291777251
51111,1.98152584723475
55572,1.79157296856718
55291,2.21709713695873
9379,0.312337770781671
64231,1.84856236293811
51338,1.29638266066812
6484,1.90738768907855
1374,2.29715063549316
595,2.93395428977796
79080,1.79445493783937
27339,2.87530169328035
79073,2.92175038553599
3263,2.59864667427398
10612,2.30934688200563
26973,1.17783681983757
2348,0.710897264456931
25906,1.1101361465888
2352,0.132947576137209
24145,2.14343340986988
9828,2.0724496630174
116519,0.0197500372972908
22897,1.02979464751382
50862,2.16081330867994
57562,1.86584055757754
1982,2.9344775580911
3587,1.38105809348506
374378,1.42366593047114
329,2.3057651877634
9354,1.88779188963188
1656,2.30845582442177
7379,0.162069824011441
867,1.37386062592774
5818,1.86317482376275
10114,2.32024038830501
25758,0.678743952442252
26273,1.76980122397787
8050,2.08477843244409
6506,1.93182315467762
29099,2.01832382654727
51296,1.79093957782756
921,0.977310105561548
84680,0.416620430339446
4250,3.80201099967818
4192,2.85638102275856
55626,2.05769036213504
8567,2.20880762709062
114971,1.046252634442
79829,1.85122968102381
833,2.01095071067894
5002,1.61011590144439
975,2.91235095755696
54733,1.10701814516023
29125,0.253160660906882
55531,0.0270393423001977
796,0.0187326529005272
55553,0.059277505632032
10944,2.43050078741891
9600,1.72659899801938
6207,3.07068061350126
9049,2.68173536471689
4928,2.32264277427321
4728,2.48622170139431
10312,2.2635784745429
1119,1.80160184674445
23086,1.20314275468749
11234,1.82062498913449
2965,1.85732490967276
5450,1.47576857062345
84867,0.189025347776694
7450,2.26877168976085
5715,0.57147779663312
10536,1.58013322080418
8496,1.58322480877303
25766,0.682932362523391
969,0.937880764154781
11108,1.9798021908694
9976,1.52434760129784
84274,2.31200549626524
6404,2.15726270007099
23603,2.19374808552973
41,1.41503698203359
65981,1.15450342494565
441631,0.54488782752618
83892,2.04518207840318
4891,2.14793959369696
9761,2.75084790693896
4598,1.69309183682837
81566,2.12845130638027
10645,2.2755950699816
51411,1.31707050561912
51561,1
506,3.19194794759293
10728,2.96076537619412
341359,0.0756099064785592
605,1.97312273498976
65117,1.97799505735512
1594,0.175996668205466
8825,2.40370096338741
3875,3.27228722939809
79611,1.68142929687095
23371,2.23911276448525
2735,0.222929377772849
57460,2.3510993730938
10988,2.38152696486778
4048,2.42494935479238
2004,2.2107426673866
6539,0.275916367201021
81029,0.703992655754667
55110,1.28650101761986
59341,1.7110250486717
55846,1.42821322099504
2305,1.49187325437923
11272,0.114636999340892
57097,1.39454348754957
10094,2.7890893599675
51184,2.22812793712489
51699,2.34723020108584
2251,0.0326656794165476
4633,0.106427514965708
10635,1.36235526555376
23316,0.041828279182458
10019,1.73829124995081
10566,0.131526113772441
54682,2.06115662255148
3736,0.0248187083181388
80824,2.23244470676084
1389,2.46071635829603
80724,1.6265803662305
217,2.20424225321853
1027,2.33169889629122
55507,0.616137260622346
80018,1.44521512693446
83445,0.0132175827499873
6337,2.5294515883825
4055,2.2214636693948
79676,0.227522251558552
8099,2.50436402858562
4940,2.15454404511711
4939,2.40002580088552
420,0.0447946653885956
4256,3.20149111376088
8437,0.116812462656807
397,3.08072409146735
2967,1.94072001154789
1967,2.29065142638176
57696,1.61394529485559
81539,2.77996842468304
79785,1.13200150199256
8909,0.222452739113652
79794,2.06480434448109
7421,1.8643678469896
11211,0.156051913604374
5985,1.99151620084886
2054,1.06203197800516
283383,0.142829326952615
22818,2.88620027047793
23329,1.22629303755213
55832,2.33571710046323
55801,0.0368609624667365
3458,0.20493916231437
5869,2.75100619725843
56890,1.32447480086057
57122,1.88003579350958
4848,1.78692072876428
8914,2.24398845718236
11052,2.1590382612328
11103,1.49740377567306
51258,2.78475786375202
2597,3.17246188937581
4839,0.0336664500279098
1108,1.3999916635985
84519,1.72746089138264
23074,1.98770024391193
50813,2.46788544005645
51147,2.06346607046143
2784,0.14964137415928
83461,1.20679596429412
56994,2.11413717549149
8078,2.51953907905936
7167,2.89346989085096
79158,2.05383070264097
84727,1.42245605305786
2026,2.55445807704551
1822,2.54480872371235
113246,2.20184154851798
5777,2.02200640873427
10162,1.29288108408151
51559,1.06661025029205
64426,2.31919255977584
51026,2.02301179450179
3945,0.578641587424155
5564,2.14601975291963
55907,2.37411501160916
29915,1.48167632760804
6489,0.128497301456039
50856,0.219427397119987
9847,2.12636774821258
57379,0.0128076294222381
11021,2.33202684892762
1911,0.90129236454792
1337,2.55540467672329
55188,1.43309947267154
8683,2.30041645754737
26127,1.92072634820293
3820,0.908215886165331
1303,2.38547500097138
10384,2.23765871034922
51567,2.45746816227332
2444,1.37939996263714
29940,0.978712880832072
51389,1.95971208164294
345895,0.0679638175237219
4117,0.530101625118166
51522,2.98653994641393
55003,2.34790752991026
2651,2.06467292539373
57150,0.49582201026835
4739,1.66213740889556
387119,0.306360778458049
84830,0.357622367976233
25842,1.8709852271779
254394,1.13204307886262
79632,0.361089718328664
8732,1.50041492007582
4121,2.40624523528615
2570,0.0771307503330335
57515,2.90092962536389
51020,1.80740177897649
7164,2.05256537474275
135114,2.09431374598231
135112,1.53901830758292
9750,0.323596537467463
23328,1.56975023472044
10090,1.48895720944579
80329,0.138256204616383
26271,1.04354912659682
54516,0.716516618570711
5467,2.38917383989765
2178,1.78006986972637
7287,0.195790274699503
116369,0.0132175827499873
1432,2.34143122548843
6005,0.0150599263207783
222658,2.43127648170607
11329,2.42683467418006
6428,2.61836203097667
29074,2.47236173421039
4172,2.78422397953886
9025,1.25217532461695
221692,0.188196455857058
266727,0.41587823853973
22858,2.20744547542446
26268,2.13563610490886
9308,1.91086645306342
23195,1.188172390502
2740,0.138432567508923
55776,2.19263916781961
653,0.122226106239053
60468,0.34671833762388
221662,0.875680202464293
10486,2.15743218703451
79865,0.0809207585101274
26036,1.50830044495002
9532,0.827962877058383
51715,1.49598522438344
222642,0.1377268877932
9457,1.20606724275624
81491,0.052263005646635
202559,0.0164900995891271
26235,1.70608129136739
892,1.80958247748795
1871,1.6575383095853
7803,0.188196455857058
6492,0.0380557917082188
10973,1.49349279983561
154150,0.0189362275154237
11149,0.478626241911106
1297,0.0128076294222381
9439,1.82033970240762
8936,0.579531996013813
2822,0.227522251558552
7915,1.72475545409757
202,1.99291013998262
8876,0.351179485407922
8875,0.451640760016628
55856,2.15304603101232
60682,0.882448610293135
6206,3.3405164322132
81688,2.89347508666027
135152,0.0758001637739616
51053,2.02857251095535
2070,0.0350655380227658
55084,0.402013643359512
8724,2.74129668183632
10767,1.68651449701306
10475,1.71771731955948
5191,1.60648649774365
9841,1.38527139889988
9896,0.895648821473176
64065,2.72382568824356
57221,2.16393360485791
117247,0.045189394581304
51696,1.82097114739437
57211,0.29918483390446
9749,1.00867908010953
7957,0.424002167465357
7922,3.06980093423287
1235,0.0091091168566818
6582,0.0199533676763937
5252,2.51360400859016
51596,3.01413202378166
135138,0.166852269781964
9444,1.58371201225476
10846,0.195790274699503
4188,1.46578444443252
7942,1.61615643574996
64094,2.04558586709678
896,2.21487839364279
705,2.34625973997332
84498,1.85955622993989
6908,1.64441607547295
2979,0.997549433254739
5961,0.0888240246898696
23506,1.97292042084767
5528,2.26440108613275
51069,0.821974869490086
5754,1.69550798689566
6722,2.31540265993381
23113,1.7500867156286
10591,2.66323489771112
56940,1.53641200082631
55770,2.61430691281799
1347,2.673157846796
55754,2.68558292577976
2762,2.07178409798098
26054,1.73795761188863
3617,0.229572561199067
7422,1.81942138983483
8899,2.19999435632484
7272,1.1381633835454
2030,2.82059257396158
8838,0.152939572256387
11120,1.84563799341322
3910,1.80994831362211
55603,1.19769155933861
53405,0.694424390125009
57666,1.70282590297091
59084,2.48960460224658
9450,2.12633076170109
10279,1.5793615199098
4224,0.0394476217259577
9096,0.399741047677634
55914,2.05498494416445
56133,0.251936539967536
23438,2.2036417903217
83594,2.26086346700672
55722,0.78513430462282
4124,1.68761055060329
9037,1.04759978386839
730,1.60072036550046
11044,1.63610570292264
2690,1.44263849213762
3157,2.07454583252456
1611,2.80860151480795
8382,0.558764842571377
10902,2.16672126205101
10112,1.84709321011597
23530,2.05611319542993
10884,2.67483859009961
3313,2.67023657902147
23107,2.30049428224706
5201,2.52329837360842
1839,0.747346961654872
4015,1.64055672353247
3003,0.669073075035018
10307,1.22787251000143
55374,1.51947569337979
6678,3.20363334985271
3550,2.63740904718202
3156,2.18535510677267
10087,1.87476365079683
23197,2.43505667507002
56132,0.255755636380194
26167,0.42961255147801
56130,0.270550619446084
56129,0.393392099688031
8622,0.283308409771561
57396,1.35322977884771
56121,0.430219843018291
26762,0.018529029376588
2916,0.0047737452018541
3702,0.370347296866629
55819,1.51280153632958
54974,1.7922163113428
411,1.35918502936837
9685,2.28253617639471
7060,1.72734691462516
57472,1.91121756939707
3593,0.0809207585101274
7265,2.57032646845766
4437,1.80234717175926
5924,0.782788977012378
2566,0.01219232802879
900,2.66758354731724
10622,0.534643186658938
29102,2.07420441479079
1004,0.623606254045554
4001,2.41023714511383
57561,2.24336179273664
64083,2.78774087683028
10923,2.86721794778215
4883,0.362153434801517
83989,1.71161617264819
28965,0.421303977372247
6897,2.32897917333658
50805,0.356284569791138
4012,2.40341160785962
5144,0.32009573861269
5810,1.93466492276376
55299,1.91762203562286
64902,0.113910566782623
5618,2.64131234496161
10723,2.23684183323091
3565,0.0927476423604853
10111,0.5258510780052
7903,1.2216690507651
10007,2.44788826579623
51294,1.61477571349326
6500,2.39835058565292
9631,1.91293603494507
5515,2.63235453038666
2246,1.40070022499783
2908,1.52660834014292
56951,2.65094843558882
23398,1.84983647468561
3977,1.46398174413014
373,1.83995015642121
80006,1.63546851141808
10802,2.02599377682608
79770,2.37798254251161
23548,1.55390150010055
5917,2.48945497107567
23286,1.69202291419996
9555,2.20144228755289
10915,1.69346125128988
1809,2.2128908113592
4090,1.99974624898963
1452,2.40023507500935
22993,2.13678745771318
57222,2.85954220244299
5159,2.42858620578336
1044,0.14528122128287
8992,3.10129764517679
662,1.92995877371588
8614,3.18631609560922
80315,1.9309619693115
3274,0.413150565167896
1627,2.28746573150236
23567,1.55354939839031
90249,1.72513751381489
1962,1.69717930775256
5067,0.0606346453732357
10051,2.0753075452752
58515,2.24168386176188
93973,1.78798954042719
55171,1.69810059836614
51300,2.47993137939954
51185,1.72319830566749
604,2.08444121316753
3081,2.0571933267652
10686,0.10219982932161
84100,1.06628440876242
27031,0.407039426491137
942,1.67903439396797
51421,2.52015768226715
56954,1.9924062509564
26355,2.77584399271313
4968,1.28637515552327
3836,2.09904186064327
5096,2.27299796621534
7337,1.83980427961635
25852,1.75317713726901
80321,2.00307066010496
5948,0.131881710470116
5947,2.39010904391391
55186,1.69580738424154
131890,0.0244143296379668
9616,2.4769184306941
7029,1.70899607956624
54464,1.64089495519954
8850,1.76321675702714
590,0.294122020913587
11235,2.19725023330349
79782,1.65499768032322
7474,0.808208066463946
5210,1.38973468407467
1294,0.896080004021422
2257,0.145106329829701
5576,2.06638319326365
3280,2.07080503875592
7375,2.05947753147266
23527,1.81895125091386
1894,2.25601551230299
2771,2.64120278512414
10342,2.064640063326
3373,1.81843963090048
11334,2.2754391566982
10641,1.97301810292518
6152,3.03848998954039
11068,2.26816220867257
57415,1.78836354039557
8087,2.19260086581882
868,1.49077649374588
56987,1.60199306309331
55081,2.18477575228405
59345,1.34213183669483
11148,0.0109603861112779
84223,1.336149562629
2632,2.34003005895653
7372,2.00433320497452
22916,2.46894846550666
8723,2.35713920030753
79669,2.20356387575266
23150,1.08358085944975
54946,1.80514632674915
152015,0.137550372755663
5361,1.51156890730346
523,2.51637648578208
80325,1.75316520140979
50512,0.856965294699216
10675,0.135783126027054
23276,1.39058658602539
22937,2.07243357481871
79825,1.77052408870636
57501,0.842861891125729
79858,1.85280674499906
11222,2.65015964438167
57088,1.59569619401486
51409,0.957046651738117
1154,2.1854567855739
7867,2.39926064622405
93,0.788418327951571
57599,1.80651790030051
51122,1.92975627128395
64689,1.99764472033502
51555,0.0532407567944813
9136,2.03280173742049
10057,2.05802506707394
84836,2.2859498585607
10289,2.28766231212676
100526760,0.025020825205399
26084,1.12163858052351
54800,1.99731080848778
23007,0.148422877795907
7433,1.44342914333015
25981,0.290339679910652
6747,2.70300106048199
92999,1.32380062500624
7134,0.34113930261603
4820,1.27173308411142
1181,0.622211888728564
27086,1.4581054798709
1981,2.63706559618309
28972,2.42455925518911
6787,1.60588988054243
6508,0.285512482362944
54891,1.26571724420487
1933,2.98639193332122
8745,0.317987626794701
1716,2.37896702736237
55233,2.47566504042945
55683,2.28860023308944
81562,2.66754749262736
6242,2.11696718849381
150465,1.50371610590907
3552,0.210282017079342
6364,0.180697848393311
200576,1.52654949897303
30818,0.298030516495173
51011,1.3599520337059
4691,2.73278285973931
10120,2.47030621230951
80255,2.15280575817609
7535,0.517597688026669
10096,2.35136767823253
55240,2.05556353059163
57669,1.96127550583531
29842,0.399361614382434
51639,2.79306397669449
9540,2.18207768431977
51277,1.23604788994012
5443,0.355212642920498
10254,2.15856987487315
9381,0.0673875284399155
2820,2.35104473457534
1058,1.59888894829191
9595,1.40067493618349
90,2.05692498635024
85461,1.98946256260834
4358,2.30039977841458
2976,2.16810066574372
8890,2.11435235012136
29959,2.4362509850371
3694,1.90999959205719
64838,1.44791673099579
3676,1.06203197800516
10213,2.17457864584306
9784,2.73185224727989
51130,1.42240759758419
5496,2.74611102219959
5136,0.714241936951459
92840,2.72812633666731
54760,1.37460620057117
10297,0.662958803753591
64135,2.12860754496987
6209,2.94288148470734
25801,1.58438977434968
83444,0.175322834712901
7841,2.5818316694666
64427,1.98524099148129
374291,1.19917012886698
84759,1.9926052335453
2888,0.43710822285803
79745,0.72976718992915
3196,0.0687315852068485
6711,2.22193876426062
550,2.81618446663607
57142,2.7829826791206
27429,2.18881107986415
84695,1.43570190921463
1796,1.921641810582
2591,0.830697498257039
56655,2.64683151255016
6869,0.351718469371899
55704,0.52435745359763
33,0.230202364696839
84141,1.04190168679347
9801,1.98495023469627
10314,2.5013815310377
84128,2.41346272841505
2202,2.28709827353341
55120,1.82897445923319
2335,3.07360111291608
6772,2.57646720793435
2744,1.53675776856599
64895,1.57811359578952
1768,0.0320646470462866
55825,1.04102766052142
25972,2.32031622404845
3485,2.51870036152581
84173,1.80102598154714
3488,2.75410322795963
9736,1.72405414532944
80303,2.87240227018594
3769,0.043016088629042
10575,2.6496941661521
2677,1.98738445282604
23301,1.81221981178862
5013,0.971775568704355
10190,2.26276005912501
80219,2.35080706661007
10578,0.904642192437406
23451,2.61385208680786
8869,0.870764441510451
9486,0.757417411141587
79031,2.3290733406892
25843,1.90363731775195
3336,1.99597881536326
55818,1.83965835144501
84812,1.19739537382359
51652,2.22649749401448
7701,1.65852988708537
7850,0.137550372755663
150572,0.294122020913587
3554,1.37252655702886
7475,0.129745813935983
8808,0.179525113835239
9173,0.175996668205466
8809,0.427909501144602
8807,0.113910566782623
6549,0.0130126308322217
2274,2.54279758211559
79083,2.73346039293013
27013,2.61035144107289
80146,1.78520723996092
10058,0.0524586470199822
8576,2.17569030563807
3069,2.70440496248269
5510,2.26266034283717
23178,0.78183379426754
10494,1.86433119036298
7173,0.238188934556376
5624,0.87523488312571
3398,2.39415773758455
9014,1.66200539584954
3241,1.7007185260151
4953,2.152646916808
57448,1.98279995375702
79954,2.04836017282991
55041,2.40699729258923
26003,2.64252602045661
6801,1.75364237894729
10153,2.22207589067022
23683,1.0737794207583
80067,1.58908964974476
25797,1.51969459661454
22930,2.22748154236308
8604,2.02180378200308
151393,0.571177731225722
1746,0.31177051300481
3938,0.01219232802879
1615,2.21124377647843
6432,2.41420126901458
6382,3.03301863590023
5334,1.11285066743523
6509,2.39643606459047
6654,1.86414785798538
8942,0.370215834842969
7456,1.72499746391545
4999,1.76022111958181
9167,2.46399395933532
56902,2.19184928968483
5000,1.74438740219557
5341,1.85638225983799
390,1.7914201676693
1386,2.1137351723326
63892,1.86174781733591
22848,1.37535069894498
66008,2.40407030165829
54980,1.92915594479902
7072,1.90315459651202
51449,2.76651765570233
84634,0.133302556941214
2034,2.18622233089955
1820,1.38469770224118
7341,2.80307631907566
50489,1.60451141597874
116444,0.01219232802879
25806,0.954248718629818
525,0.833692273674532
4780,2.61090293122506
2956,2.1234060255174
65977,1.3830512890365
6697,2.90105384154127
2043,0.818647303247309
117583,1.23870033930554
10056,2.00226974556667
7840,1.52385472932057
607,2.20923858044103
5396,1.74745812577497
1718,3.01535633724209
23341,1.64392780629774
4139,0.25254883747966
7143,0.0428182367483027
79906,1.07092224212416
2882,1.4986935759311
27101,2.27418619129009
6342,2.39127986154866
25823,1.41753842740772
60676,0.0072538062085478
55103,2.20595263336756
9068,0.814813378752797
9731,1.34518201700584
9917,2.31109480524249
127428,1.27857736283576
9528,2.82502254581596
115353,2.47801573458009
49856,1.20712357704054
51253,2.65565923719692
23463,2.35079755619642
6146,2.30038587848698
26038,0.0197500372972908
5768,2.72275694801526
6814,2.22360164783266
148479,2.04693251540628
54206,1.96285417205193
11315,2.8349788377936
57535,2.91301816774275
4985,0.152939572256387
271,1.44814696055688
6429,2.20977468986929
51102,2.07517981542881
3749,0.620255086105593
80267,2.29150661028757
79084,2.03981665744471
515,2.73693772804618
5906,2.23874147035406
3065,2.68589568409828
829,2.79480078027702
64766,1.57626197993546
127544,2.34211851830662
10067,2.68998341143139
55223,2.16723659964538
55870,1.94797251887702
58512,0.0388514046163894
6421,2.64994754072833
58480,1.01174872057874
54856,1.69583459218586
9181,2.10255542936667
28956,2.71662155188738
4209,2.32263239026263
85440,1.28391492287329
6723,2.43304654204283
26232,1.41321444328275
26270,2.28787321657994
81563,2.193549506468
54823,1.40665853659354
10459,2.2048638502826
9829,0.775850862522184
3953,0.692998446826949
10625,1.74838839505255
90231,2.35514022966858
9927,2.25491369342223
10216,1.10309687158885
60672,1.64163204607374
9887,2.29484303738945
4688,1.7076470672959
23169,2.1329275079924
5321,0.799534180972762
1647,1.80182558242748
79971,1.54443442914949
7799,1.70163250550229
5997,1.72795444804826
6738,1.81791713382186
270,1.00780649672358
51377,1.77333508639197
10286,2.6432874051731
9295,2.28000503986102
1491,1.86232842591189
79814,1.18922559779108
56944,2.49415528854042
10878,0.009315012732202
23207,2.18177748130658
1429,2.32644671315084
10745,1.56694717040922
7709,1.73245921375048
965,1.88667433337839
339488,0.44010945303285
914,1.93247361943373
8458,1.36499144111253
2494,0.833420594628027
23046,0.490358745399931
252839,2.63758464012384
54936,2.55384744858631
55700,2.42840650102812
10352,1.67595865748983
127700,2.05305167919836
64960,2.62639378020845
149371,1.69831709514281
8443,2.37373933423859
7257,2.03818545647138
54955,1.77142881915443
64121,1.91145419486718
4811,2.37114599569282
3964,1.93357078875364
51440,0.0166942133416963
4548,1.64710739858186
656,0.695429141091446
4610,1.57458040477941
57568,1.81130435375504
57829,0.0473570995805846
6018,2.03502024279265
8564,0.398602174265891
127396,0.843798450496689
9132,0.439989636060549
9783,0.559171932894913
10000,1.05675576067771
2117,1.94834428983216
34,2.241468137177
81849,0.473719912386878
6504,0.697851174209975
962,1.19416415197736
23266,0.822458716215059
11240,1.95757659673027
6390,2.53464251930323
4237,1.99718633547453
80135,2.45679066065334
10765,1.78643502001839
6675,2.45648511648836
1486,1.13882113025702
5999,0.743852221625174
59349,2.34648636495878
84966,1.12218868443921
117178,1.70410956938416
54680,2.07062723828007
26279,0.498593713317871
5929,2.12464382493865
2635,2.13812750902788
2633,1.98082910330071
100861548,0.769813176065991
57576,0.397968722553168
653519,1.207850913462
5129,1.68545752039102
8934,1.85477196340426
11126,0.0679638175237219
1889,2.68288220764116
3155,2.04715074425152
2582,1.79762952310075
3399,2.26321152522262
1380,0.0933066477599419
4179,2.70132386447982
9129,1.77737062574699
51107,2.91173918447226
64175,1.88522297821338
6513,2.61161585913031
10969,2.50878078809693
991,2.2079660745799
4352,0.238033104408532
9048,1.45909720815589
9670,2.17103895743922
533,2.7917581868277
8704,2.12514981222663
79033,2.43754853296768
8643,0.535695271631406
10327,2.8541756955147
5052,3.09206338983261
8503,2.47424723512211
10103,3.13013343163098
8548,2.08140265736428
57821,0.165318125203912
10560,2.47194181952573
2166,2.38561766859744
387338,1.65850031919274
50999,2.20384206109143
1810,2.01652819096973
1266,2.6705972559435
23215,2.27225088665588
2152,1.67786045034418
5825,2.61789943452685
8674,1.74551869350066
51611,2.0463000803515
356,0.746106483550639
58155,0.79197568231611
7292,0.968222336885044
9588,2.90589790839494
55157,2.06001034405653
3290,0.984558853039593
3664,2.33234942941866
27042,1.55014469048466
163404,0.190349804008641
9890,0.506079825773687
462,0.0865736051467432
11123,1.70994584923824
25949,2.14900410472241
57035,1.20624951286329
23443,1.44275484278808
55758,1.92413864519338
3925,2.39624684135623
56181,1.63397307029499
57134,2.00294804824893
4751,1.8970457868891
6195,2.1867564311438
79947,1.94527783975725
29937,2.81916344205682
25936,1.41582308059961
5629,0.052263005646635
8289,2.09900695172656
1063,1.91714786269467
6118,2.49452107746015
5511,2.19023711197532
23673,2.20805032274112
54996,2.09319047978036
200010,0.123484180058323
114883,2.36856482051333
51060,1.40407762334111
57488,2.53718403835227
10849,1.30989244409173
23184,2.32107621330037
5955,1.93630046555357
1143,0.0080788886488122
727897,0.0256268862991105
1509,3.48945125281811
78989,0.12114622315791
10274,2.04124836368113
51146,0.0223895328412295
6794,1.98653658344129
4297,1.26731715983473
11181,0.117717212784645
56912,2.11768780814917
335,0.277845016407765
84215,0.0742768884659622
6543,0.0300581105554705
11133,1.74985825172439
6230,3.07747485214211
9928,0.925843255989319
83479,1.60277838570104
23271,1.94987968572655
22926,2.22047617151025
55686,2.34857863315653
22868,1.74655009644839
8828,1.42720625222976
1385,1.86760811375916
8609,1.06413866558804
9331,0.258342109370977
79630,1.87607474824136
23632,0.586713125212736
55259,1.09526250652757
4033,0.474292102222012
23120,0.0516758077965697
9789,2.41183753638531
57558,1.13116933016629
6785,0.280212242818749
27145,0.426568659244427
9994,1.17495313541191
9324,2.36428064269026
90025,0.927543777478987
1268,0.123304573053134
81573,1.89803383694409
84251,0.338951075304752
23469,2.10973873911245
79747,0.0203598820990786
5325,0.592949453040546
84085,1.15645853099947
7128,1.54343185564468
9465,0.661025890194388
10981,2.50600760860708
4602,2.11666808730588
64577,0.141951864352912
6446,1.58083366820886
81847,1.90954906465682
1490,2.76497631919367
83449,0.0555827213422205
26234,2.64915066289875
80306,1.92394896106749
9194,0.516950595244897
10329,1.41141008993904
80264,1.16263839262079
8673,3.18592546764652
64858,1.61604288507114
103910,3.09430103713262
2309,2.05758430930188
84071,0.537794837755071
6185,3.06807502697443
60436,2.11940765970996
845,1.18681534625909
118427,0.0091091168566818
5311,1.55286297739
9429,0.446788550189748
6696,2.97932965887347
8987,0.92472659772829
10983,3.06383516504297
5918,1.43003025083826
64747,2.26090733215094
25782,1.79009723423842
196483,1.82324458447236
5493,1.9724875327347
29855,2.26822351358241
11278,1.06479254604985
7347,0.394156800025889
27253,0.673925578117107
64342,1.93126476144562
60526,1.40395200248801
57539,1.7719433194455
894,1.6079086505303
8074,0.0084911297831118
22936,1.78715234892388
56171,0.346582745136319
57404,1.51519718203901
4709,2.76391254977438
9330,1.81296734194599
23314,0.218150130624384
7320,2.47469887224595
140803,0.0300581105554705
687,1.83691509435827
9414,0.162412362843722
84417,0.701675386675835
9270,1.93687475267953
51692,2.37996793786674
80235,1.42799761141464
205564,1.80780102022542
80212,1.75734638670538
84886,2.44514387368974
55127,1.5051943643872
9991,2.58493648239859
5887,2.78262468705071
23307,1.97728501256545
8727,1.64491905553302
54942,2.15408247817834
89891,2.87893724990274
6418,2.92393104631409
5524,2.83838578108604
2733,2.43281283288659
51552,2.71835343538289
11064,1.4847427652038
22954,2.06068082120206
26190,2.26873802901234
26147,1.84974152749684
10783,1.63461234619396
54836,2.69278404551192
5537,2.57861444844851
4702,2.93002855360225
81932,2.44682628993481
92400,2.40598816079621
57864,0.016081724652309
84263,2.44619254943794
79109,2.2836058395622
8013,0.227048352498339
27130,0.938916553672644
79695,0.379363708347648
57706,1.59297613369342
85365,2.22663973342125
1441,1.34560424899108
2531,1.94323522808698
9525,2.21666882531115
9480,0.0495192289370227
148223,1.988927350119
84878,2.05921083789696
56252,2.00078620879884
26094,1.84886698628527
283571,0.0641143646112851
338917,0.0132175827499873
51077,2.13106162608645
5228,1.17085215218823
83982,2.25292701398221
80127,1.79122362850064
91754,2.19820882696099
97,1.39339041173531
112752,1.97664969401262
10577,2.63208232478992
83544,1.73685602915053
64207,2.48564031403899
10965,2.58788493454898
4053,2.38539831679991
9870,1.89759500284728
27030,1.65221792375704
23093,1.86634244525535
55640,1.10779922277547
5826,1.34574491718887
1743,2.46335087886009
57718,2.11211304504136
7043,2.65417589581079
79696,0.754511872376034
81892,2.40650806678991
58517,1.93400263986139
4329,2.28718800585409
8111,1.91222836806965
2103,0.0396462670429822
8892,1.84658638096271
55051,1.054289972542
51004,1.16058592636695
57862,0.126173585315438
23433,2.25871960002765
10936,0.468088769458425
9913,2.05950530103021
114818,0.322338075676856
1788,1.4700975298025
54867,2.68110563763576
54454,1.23559880389684
2281,1.22244831462387
64225,2.08412446313484
51646,2.53924755945286
25940,2.25770891867326
84272,1.86165558156872
54812,2.39849768226698
29094,1.77047822874415
25927,1.20431439833345
53335,0.0677717653179942
9419,1.87892315747908
4072,3.04795726884994
26503,2.144537875037
79627,1.95208692203793
55719,1.79043656056682
3416,1.84277970496111
83401,0.80317417810721
3437,2.44237255625244
3433,2.00038355997489
57678,1.91444478678526
51076,1.93812762418816
5507,2.1090214536955
84795,1.61073992836036
26507,0.0567512557756906
4601,1.62585038570672
10285,2.03125353767447
80007,1.71880350247048
3070,1.25771236080455
26123,2.57767253043989
404636,1.62165440021988
60370,2.17654981556235
55717,1.83310708843587
79591,2.19583769327898
30819,0.726498918654593
159686,0.873322827966545
2805,2.45246054483252
79946,0.0268377072511832
6425,0.0211723261778742
10672,2.32081263936162
3218,0.124202215877155
284058,1.54003017081688
3215,0.223246978697894
3213,1.70340133861762
3211,0.590130439943632
1843,2.79237788545202
79646,2.08524483927087
4488,1.63692807612471
7010,1.52140260921751
10171,1.97793995491188
79886,1.87096719361338
54586,0.0551928477150357
79817,0.636943156737057
11172,0.12867577671514
2315,0.396192221785501
29126,1.29647531078152
2891,0.0177140457770852
348995,1.89930543878956
25902,1.51750108782949
84918,0.184705774775147
80129,1.65103210249812
5110,2.46856913240685
57480,1.05229084122011
80177,1.46956871464894
80231,1.40213961715008
84418,2.40515168696482
54853,1.70040895905137
64411,1.31495710761839
56128,0.159324303618878
56126,0.448093483096859
56122,0.586713125212736
56124,0.549337180912371
83884,0.0811098068644656
63923,0.720640174720867
63931,2.29258172078568
91687,1.30276857627196
8995,0.129567571269748
89866,0.0528497930137067
92344,1.33171878479829
2853,0.304071672945281
39,1.92768638179206
6950,2.41208391561081
399979,2.14045497601906
3762,0.715380236283551
79684,0.881062863371873
63970,0.214787557493613
56159,0.0691152046135907
407,0.338265974684118
51248,3.05555146749308
84068,1.38047967076879
84955,1.45699871991564
56943,2.14966726150373
84930,1.49159929463877
56243,2.16899130231865
84569,0.0348658102965977
84898,2.50415271719362
80314,1.3572075156393
440073,0.0893856781967923
84318,0.977418125956841
6883,2.04784478211996
55068,0.947311235677554
8600,0.522432530940295
9617,0.942699694939784
100507135,0.015877463426456
54937,0.011781879253164
29103,1.48476414153068
80209,1.70157879412929
51569,2.15739829615951
11193,1.75508264216407
1997,2.32468451700512
4093,0.40465636498684
10808,2.10625045806496
84078,1.75298612397321
29880,2.36031617124009
11340,1.6394788613591
2107,2.62744249766639
7045,2.20609263297768
51307,1.84993140001824
64374,2.63926849431417
51247,2.42710465281098
9499,0.0812988122919001
51780,2.36927434481276
1958,2.30488619837234
27230,2.88682177142412
5357,2.16599438109592
22835,1.22470901852439
7181,1.13552479878824
27340,1.69856052789549
7112,2.25988125984026
400,2.71546919481794
83468,1.64523884478628
80298,1.81272869217905
8835,1.56532241918061
4801,1.98248011935598
51019,2.27179030779325
317,1.4367155682099
1846,2.81057936458508
1191,3.44864675257465
8795,2.1186810333544
10174,2.32741758518385
2185,1.79091771990071
148,0.0685397094214406
5533,1.8330972032854
64236,1.0898312464713
2053,2.29311369461904
81790,1.76466030727737
29914,1.77785549638378
23435,2.33362397705228
943,0.268003996365478
51123,2.08823125702162
10434,2.41030989221279
83690,0.683187963499013
10987,1.90709092594418
157506,1.92614060341866
8288,0.0432138940104846
8165,2.2985402892843
8161,2.18083173106958
7706,1.77560692812971
59342,2.52463900179724
8405,2.32404414334546
6909,1.4289312534525
10237,2.21902501424569
9496,0.0099324012091867
389240,1.38503678229857
56155,0.543849125174471
81558,1.61041159800142
23397,1.24978975594619
9227,0.0416301479021601
23240,2.01946883064764
117854,1.70295979193514
85320,1.47828749674732
64282,1.36782999094607
113,0.4924820080985
84902,1.68927030853108
57616,1.01586804678379
55268,1.7086261724224
79887,2.64033623373582
79912,0.832944880973432
3764,1.16921893857874
79370,0.367713732599931
55269,2.0506763448279
256051,1.32159622140006
1,0.130102183141896
65982,1.97765743160208
10520,1.79419473454191
23024,1.69734202737333
89884,0.291942138969249
6045,2.25334708563917
81627,2.26718286459193
26984,1.76358975014687
1475,1.20970131499223
64091,0.98929086197494
8702,1.49523255446451
80218,2.52180537692932
941,0.382733609128277
81930,1.38506285610582
51029,1.97633164315359
9479,1.20391192444994
1408,2.18497158821868
9409,2.22149888432755
91614,0.275916367201021
847,2.04919473958591
29990,0.319674575558101
7750,1.79419473454191
10804,0.0477506279872771
2700,0.052263005646635
64786,2.03856748861434
576,2.51621234329426
3061,0.0308612972995617
51538,2.45496120351444
2170,1.59870372532466
10657,2.80940497523856
55116,1.79622872939226
9034,0.809196093513537
729230,0.853616566069854
84265,2.33559244604047
2693,0.0130126308322217
8743,2.84346605362953
51193,1.52684363292248
5290,1.19891166244848
23244,2.29236527081885
80008,0.788709448103409
11019,1.21219500509565
119587,1.75302194539404
113452,2.63661207817371
7579,0.85591659815072
114784,0.155188566852407
3208,1.17302243139306
55791,1.98819692226146
57413,0.599803961870143
23155,1.63585714842001
29899,0.986104793468626
79712,0.755201174938141
7852,2.33876349364898
84083,0.915959282127664
92,1.22717108207786
51426,1.49069202562954
22987,0.0068409645610921
2322,0.0914418297097786
6144,2.75512819906946
219402,2.31459994672326
2971,2.5743889976772
387496,1.62591390832908
5412,1.938013197384
84248,2.17374257353257
130916,1.48484963752766
7512,0.117717212784645
54440,1.739241334707
4952,1.91796726434237
5047,0.103856716718738
29991,0.142478454942661
51116,2.10545273318713
2331,2.82831938551532
4656,0.0262325134658017
54900,1.14197597984838
57179,2.4346175822844
1314,2.80270448572057
51744,0.218948661567567
4063,0.499920396946577
9956,0.31502659089811
5930,1.93471108716904
29066,2.08582959867825
84947,0.787908556904239
311,2.54645199302435
11155,0.573275532849502
94233,0.0627628591308276
54537,2.24241960526903
84293,2.69158365470277
7755,2.02322601273518
79903,2.22136152551118
6125,3.08837509928895
57489,1.01965721525574
5737,0.158464423713218
100505741,0.146155117141967
54482,1.32274366039796
127495,0.258038258146766
25950,0.917567934474304
84146,1.91207365330603
343099,0.571977624263334
79871,1.27883273771776
80148,1.73257186589962
27241,1.55445691966358
5395,1.50621829471639
83637,2.22822807008553
654231,0.0914418297097786
989,2.01990734696899
80820,1.12002756167721
9808,0.50618934303826
55975,1.26865223621892
64224,2.0446102599007
11335,2.77573217374988
3181,2.77113591757918
644150,0.505422375533211
30010,2.44777354363332
84668,0.66750602418801
3204,0.291942138969249
3624,1.85179698600173
11328,2.51009274820323
51251,2.06717281609606
10124,2.16845801306876
51622,1.18828532906463
27434,1.71796323867418
10268,2.53854859614864
29960,0.0408371562480633
7291,0.982580725649793
55234,2.33632720760302
152007,1.82255573998105
92014,1.64350014114226
1211,2.82126780725935
8434,1.1638191276919
27290,2.02069663039713
48,2.06104602556599
23349,0.0404403802309502
27019,0.397334738233834
79269,2.39097030604397
1271,0.987221818801142
57670,1.53570047160468
8805,2.02868108414648
78996,1.49619409360999
800,2.30288942097262
170685,0.505093427368581
50674,0.0254249141756302
5328,2.19943150297214
5552,2.68803240684332
9469,1.38333913854044
80114,0.998645594460412
55847,2.07954527225215
1959,1.14213939246002
11319,2.31466381123086
5033,2.72783738718403
8034,1.54367796478967
11130,2.45087647390723
9559,2.36839393675279
9904,1.92632924398374
11113,0.831788115012435
28981,1.42148605889486
35,1.86187691255539
84329,0.841186064195976
79039,2.31569719815751
23389,1.88838838789519
1031,1.92643924292749
26994,2.76477417265675
11228,1.36118234977741
79365,2.0196912404292
8082,1.26913985586342
3709,2.01541798180376
55297,1.70869224999049
64168,0.185205369304919
11059,2.60029413983233
23597,1.92441510567172
10549,2.74771903190781
10212,2.3730531168408
5585,2.7538059191792
79002,2.88201031410248
976,1.98015164749595
84292,1.20599431795098
10755,2.51801968476662
83446,0.0671953437318986
57213,1.66523593882933
84650,2.17735919134374
540,1.91932920136036
23091,2.06597956224139
57486,1.53070943982938
64105,1.01123819955583
10133,2.18169843745895
80760,1.12163858052351
466,1.95393759465098
10102,0.413523105308181
64333,1.08235895672624
3071,1.49533716135445
4327,1.12568852992869
5204,0.295282138271995
65244,2.03959410593611
29095,2.12266876483235
3164,1.23247961764048
5153,0.709423625810316
3229,0.932210912361473
1017,2.03310584577472
4035,2.32793895652156
60673,2.23159120610153
4778,1.54799259379967
64375,1.31430053610317
23583,2.00647510467899
10376,2.51350514764306
25895,1.62692907777933
55709,1.67520422552022
1757,1.8981266059751
1621,0.09665278895269
64756,2.39447034513023
6491,1.38202943045407
55355,1.11692000303514
3598,0.339498716538923
1300,2.51943403076731
262,1.79951862238386
29078,1.47146102105376
85015,0.906825171126266
5354,0.0696903035798559
9643,2.99630177398445
51209,0.146329784130774
203447,0.239123273486571
139231,2.03783246566098
9367,2.3655949356946
79828,1.45598013195394
79809,1.38047967076879
9111,2.10699764704368
7130,1.71056473749404
130399,0.539156276028947
29994,1.3065394489412
206358,0.839640439599598
9926,2.18628474995913
55509,0.50629884380715
50486,2.51352464400964
3759,0.678315117141998
57826,2.27338747344955
5393,1.89492641308339
81579,1.98938901505108
80776,1.96526718341487
79934,1.64204613690226
5208,1.29998414654631
722,0.0318642078034075
23682,1.27383094462611
10888,0.0276439590910099
27161,1.38838941167764
10608,2.14000582852513
1164,2.5204052984498
2181,2.52245832891438
79586,2.66866771707579
23549,2.39421987008921
3623,0.595370626588994
116255,0.096838290181438
23363,1.63728449533253
79843,0.815791435470241
6560,1.93291439810282
84080,1.62928386135292
140687,0.159152400353361
116151,2.67929867500143
5266,0.302063161290344
90203,1.85420874556226
6590,1.84411025616852
140686,0.268903746875228
79183,1.65278721722391
57580,2.37830523666182
3787,0.0348658102965977
57468,0.0179178651438874
343578,1.78419803314809
6385,2.97552952768563
8202,2.17924311682367
51604,2.18016936526833
57727,2.45319055969641
9217,1.98018589094063
84612,2.34775873708173
514,2.72882572958929
84181,1.99612996367981
5335,1.92063867179504
84969,0.670896789996248
6431,2.26481008329883
78997,0.0459782976541651
10564,2.21163181389553
57169,2.22331105354156
128611,0.101093391034403
1908,0.0814877748095437
1434,2.64833593156925
57403,1.92733381550396
5740,1.46197102025298
6780,2.66911178498213
60437,0.123304573053134
6615,1.13960122176226
27304,1.71765258114453
8675,1.91486557091708
56937,2.54595465241474
55905,2.47074615164322
55661,2.0511537611645
55653,2.3662228609029
60598,2.12736955352178
27296,0.283014063745433
5105,0.629432328995401
81030,0.741434047215503
140825,0.284778481297049
4552,1.71185240065008
79072,1.47783243844811
5184,2.19245144750043
64377,0.0510881989588056
23096,1.46580665902773
6845,2.47074776194914
3581,0.326942445510891
7499,0.73191080881785
10617,2.10140783179752
55577,2.15537164360797
84693,2.11517361385338
400961,1.1371753412811
11017,2.27729335880846
10199,2.11705260036247
402175,0.0972091680864421
10396,1.48341561144292
23326,2.64115682748938
79983,2.42009791500934
64344,0.0236049920866109
79177,1.77561825708349
7596,1.80665481241957
27076,2.75839108709912
4693,0.123124926797672
8239,2.3326314218829
7180,0.051284114267885
2162,1.83320592701703
2914,0.242074774784915
55809,1.85105933711678
29993,1.98215320609457
10385,1.99681267351919
23408,1.46167990707502
57380,2.06449762729234
56897,2.39806436448351
88745,2.61228274193808
696,0.0138321417599086
6631,2.89302554841656
10786,0.0111658338983268
5269,2.51029839786231
57510,2.15025569302594
89845,1.46859774802534
3007,0.617262711596904
5190,2.59718138262284
4835,2.2857086468943
221443,2.00957041461891
222643,1.46724847294522
57505,1.81232371501059
346157,0.554169015646188
6204,0.315450289835461
4337,2.0104257753664
8970,1.08772528968027
9477,2.32005726319955
26212,0.872684195710556
6903,2.53935327599929
25803,3.16062727873863
6954,0.0258288102084853
9587,2.48828857444369
10930,0.15863647243694
116138,2.88140880299536
27232,2.35357436420414
1769,0.0078726930921942
54210,0.814323797982684
4201,2.66517160934631
401265,0.771084928200238
81578,0.42522540587861
1026,2.57052511495113
6659,2.58010195637969
2739,2.92374894618063
57699,1.1153385156375
89822,0.54166294456757
6239,1.77486990177531
6745,2.55025400046657
83732,2.08910348545826
51299,1.65534023278749
51000,1.94987968572655
10799,1.71771731955948
6310,1.6806699501362
9972,2.32049136277888
7913,2.35410894315016
9521,1.68755511885932
167,0.0581124904196997
860,1.12138450884352
9208,2.13581174658148
93463,0.0524586470199822
64284,2.34561514871088
2069,0.0140368959186701
745,0.754128617551476
10647,3.55807061948512
4246,3.92183010203095
79026,2.94593716824004
55831,2.65791885095123
51066,0.0376577034343075
7471,0.0483405753318879
54436,1.45138193424365
23019,2.14495939309942
583,1.55317848306894
4495,2.30168435587261
4502,2.81088640059583
80262,1.65728636943352
2806,2.43534301346403
55715,1.27457131384483
2841,0.56323011120411
171425,0.235691974593381
84899,1.38118946251601
5911,1.74737345677239
10257,0.686756362392828
1948,1.65067123882303
11166,0.0136273381928503
9375,2.6247051623057
78995,1.40959929627093
3834,0.0148554188895284
3659,1.76088992260987
65109,1.64919472984884
7737,2.277567615553
23157,2.12577087468536
55026,0.781318890373656
4694,3.14403227242659
27109,1.46642826323321
652,0.856965294699216
5732,1.22516709238025
8603,1.82446752089958
2868,1.03854425454531
6662,2.06179743499816
64518,0.882637341128402
4620,0.0062213260747212
9953,1.29773991976033
399512,2.18196711333384
51081,2.44653839096615
23163,1.85126752566502
79637,2.20127050031013
79902,1.95992138151082
60386,1.4215346028827
57409,2.21748572186361
30833,1.92453352987354
55154,1.34977998249944
10485,0.0201566492701331
7270,1.78512969353915
9329,2.03385017075382
64794,1.70653301603695
54776,1.88310179778339
79143,2.58137526199886
6725,1.95382768004467
4987,0.083940390516352
56731,2.43586786995367
79025,0.737515236562364
79144,3.21475299528878
3553,1.45758628730228
84269,2.22913138373404
7849,1.22874803858656
51141,2.32317969154594
84172,1.95624598171847
645694,0.0175101773978301
54520,1.90135175543761
23550,2.08133984888607
79085,2.29012978757523
5623,1.24161351818561
2962,2.67866927327534
84266,2.7349551184394
8192,2.37277820974301
8744,0.176669940986125
2892,0.0598594062479726
57187,1.97236176497318
5469,2.07286235322366
9349,2.86046268646961
84938,1.78500780632961
970,0.247945005717645
718,2.71979084751407
10045,1.73843945153407
9322,1.92098129709041
56927,2.6114355827728
8740,0.433127978464219
2354,0.779624222765706
80207,1.66692239630766
6633,2.96709113085462
6253,1.83991126096058
24139,2.26866763643045
7408,2.52940017947466
8189,2.28286183839406
56261,1.24386485846516
27111,0.321778100846563
80025,1.48608765816358
2797,0.0923747627007558
22918,2.29485151985535
64412,2.0573218378698
63908,1.8191557240141
10047,0.043016088629042
1059,2.64876251133868
9491,2.11933694891111
92675,1.03609944238514
128817,0.137903364772905
10616,2.18789983587837
56255,2.09172300518167
140880,0.0660413065929845
140901,1.64744080409493
6628,2.62775465792635
80023,2.41633305145336
55317,1.29113725182365
6238,2.68122211305893
650,0.410163567546985
7692,1.16812749504756
23767,0.274280721069564
58495,1.87970938290574
8195,1.30756874312728
631,1.41695096322341
11034,3.01325184772486
24141,1.90876147262952
6629,2.33849672873148
92667,2.06657939504992
164312,0.276807102454556
128637,1.94637735048487
3704,2.23152283312256
6939,0.529783701376297
56914,0.451286795562577
84515,0.760386255559116
55321,0.0863857947605423
83541,2.03662980636725
128646,0.25101720338088
64949,2.54897381469699
8698,0.93557279401354
56926,2.50853865268512
4435,0.0658488120877697
10236,2.35451810000455
80818,1.92051110799251
4149,2.25906946738151
64860,1.83908386831174
8200,0.0445972313113895
10893,0.217190838480678
63941,2.38173396205346
3397,2.09968458249859
22913,2.43754493634072
83658,1.6360901722229
8894,2.58232344936042
51614,2.71276257359096
140823,2.87736979163569
402016,0.0246165431357565
92747,1.93190064703732
11190,1.68586113561109
5326,1.75023094654233
101410538,2.24426513759607
2925,0.0326656794165476
8242,2.33203693447196
154796,1.94285859148194
11070,2.45978401268921
5690,2.52636538426819
192669,0.962604607295936
7389,2.52877463007073
6487,0.0901339590533384
79639,1.90729703476724
79654,2.37125299375355
3831,0.767412634801151
7517,1.11883760288574
10426,1.41289358961235
23263,1.29095007504905
2159,0.68971583048924
55795,1.5605788347007
8858,0.0691152046135907
57152,0.313471042738711
79414,1.81582060588351
79713,0.640758942409526
826,3.03478001314748
84306,1.42014926775667
79171,2.65818700533146
84063,0.0788383885327216
10054,2.37435785774244
2867,0.983490393482723
10870,0.878092214991101
1340,3.00481720641646
8689,0.0420263638480368
7067,1.89742609307871
1236,1.10658375715736
9572,2.11036278157145
83786,2.2472806533881
25824,3.1983018409823
83596,2.0154117354864
3661,2.09198748506414
3276,2.41882705717179
6237,2.77008437664565
5639,2.37379903066552
58506,2.50018143237958
57479,2.09070398441296
60385,0.0168982779780871
23769,0.0777003520403405
435,1.72830845352404
51119,2.72227330198291
1446,0.180530419052839
6776,1.74482567119762
65266,2.48784048359362
8678,2.24708807610138
5582,0.011781879253164
10131,2.193610619861
84662,1.84604060556527
84081,2.04940594310012
22826,2.53895440626976
27245,1.56856635329783
2537,3.12400965649565
117154,0.116993492216047
171017,1.43174561494502
10436,1.70642676937963
8409,2.50884588965386
5199,0.0070474104382352
2002,2.23654889052516
10245,2.45788199978644
64430,1.75609153372307
22863,1.86261382053695
3895,2.3133066498695
6495,2.15603573035095
57381,1.40480561347824
9787,1.74653797653877
112849,1.4397443076134
3306,2.36022847935788
22890,1.95862770114296
57570,1.75587808272062
81537,1.93795215618507
26030,1.91386953765173
5858,0.0314631865193807
55288,1.81680851370363
2123,1.26115280097984
4974,0.0986910213962365
55112,1.69853348640259
83543,2.31609479804335
286336,1.07616508221898
8021,1.94922769101452
554,0.529889691532871
8273,2.32496814726366
5605,2.45381317579642
3188,2.96034083773722
51309,2.5917553285
59353,0.179189734011994
1678,1.43454430779593
55906,0.465893624019269
821,3.02088544592538
54973,2.18210926957858
6003,0.0899469520555108
64768,1.24617475506696
83744,1.01485355064285
4958,1.28869883351145
89846,2.48013739945542
59269,1.60404546677363
79717,2.54725585202593
1907,1.00975523525373
64919,0.43506045060897
1350,3.02358447340029
7186,2.14576590573923
79575,2.17905597824642
5648,0.0733234266047182
84239,0.528404409982386
57110,0.211894052625716
92797,0.460668376713313
5908,1.44361499738013
7103,0.0164900995891271
117177,0.477146386710582
5787,1.25026097771742
8445,1.56503298896832
8089,2.10373879131137
50832,0.0910683626288553
54429,0.214306033037378
155051,0.0491265280900879
65999,2.27809759808941
3425,1.72568455259202
53834,2.29471011675844
84286,1.96242426035324
79000,0.940008011468908
5300,2.27663959249802
54850,1.91719610943467
23065,1.97632472610091
5322,0.282572337038963
23352,1.82208911233601
50809,2.32887988602059
30817,0.362551946470696
23309,1.91183739422588
79939,2.42688868901687
58513,2.17607212499715
10365,1.8029955979823
26664,0.0386525717956126
9002,1.34419548026667
10975,2.03926589420823
2671,1.75346349908461
9143,1.0350696216157
9088,1.75923361930265
117166,0.431190482278659
84219,2.1886793883474
146330,2.38944943892192
63922,1.47598622754055
51764,0.672888643494807
23499,2.06135008789636
6597,2.26803649826013
23030,2.30117723221106
148022,2.14034385369967
84190,1.20178495549822
27190,0.610482697994384
83460,0.837483815525561
79066,1.9394829612123
7277,1.41427428381248
7429,0.0884493778801894
14,2.79721091151274
25953,2.5965997485347
55504,1.00435514147288
6049,1.86878829642584
1892,2.95436905498513
90485,1.04485414063065
10142,2.61145332010485
2791,1.95628239756928
7979,2.03337397256979
2792,0.0508922379282558
3092,2.30329471510808
5782,2.3056557855776
5447,2.49898518214854
10875,1.76500882655057
51657,2.66574820403883
79689,0.723134370029457
2770,0.45681288598164
5189,1.7034815725632
7978,1.52660834014292
8910,0.546960730309563
84060,1.38417560296096
64921,2.53005857467747
163131,1.25113502361863
57622,1.28432574586588
7538,2.50044077885805
79644,2.06160420312866
6691,0.143180048388379
65997,0.190349804008641
10606,2.51767256921271
3791,1.86215340833947
5471,1.85837700025012
85378,1.45611606432857
79924,1.66750247351498
85359,2.54003376847325
54487,1.68597241358788
57168,0.734679414374099
29802,0.430462621278168
23753,2.51515353724038
9514,0.0505001786277436
7533,2.74429878284814
10739,0.0400434172142254
25775,0.0166942133416963
2781,1.07826741131591
4248,0.698934115962481
135,0.0557775902066152
468,2.75103063037788
53947,2.15517984765511
10738,0.0264342928541542
11135,2.30964426034121
80833,2.07083197074561
8459,1.81520197949638
80115,0.198742368383381
4357,1.36156452059257
7263,1.78328658510143
80831,0.104959466672018
3543,0.297452715618942
23780,2.23732614683442
5880,2.23311235124968
3976,0.650207472077716
84645,0.363746233807929
200315,0.365203382706399
200316,1.35797744342358
26150,1.25611707971259
3872,2.65340327275073
51234,2.2248452460611
7732,0.122765516475702
92521,1.47626903785833
51200,0.0298571944893556
9732,1.07465223037089
25913,1.62075599705765
9296,2.87789771085583
51691,1.70695774758163
222256,0.76175202513942
79706,2.00448108730238
7425,0.0294552189612712
5420,2.31125079781434
93986,0.119162748298756
57464,1.51310416207488
64792,1.86755356142429
4289,1.66263577695066
4189,2.61590648089487
2318,0.692158258319034
64101,0.500803512525438
813,2.64876680810652
64753,0.224516118861227
6608,1.03098188183807
3663,1.44384721783605
10234,1.63312973278867
23008,2.27739772240742
4698,2.00914518727089
6183,2.3994887623444
4430,2.5297967134347
3231,0.0616026860516921
3232,0.217990328581639
10651,2.35162627150383
50940,0.212859717645121
1123,0.597590783288638
2571,0.0097266548872287
64172,1.7471798655185
94101,2.0011106169451
8520,2.2982158178892
3235,1.43321805828097
3236,0.66837704957485
3239,0.0485371324516474
8924,1.60612198953695
6638,0.962051069553888
56984,2.24233352007663
57045,1.92367217599656
58504,0.716192133204396
57705,0.611617268729783
440275,2.12790853690465
55930,2.01826183572261
84952,2.08714061225511
29767,0.643381450972314
146057,1.05205239889539
80237,0.0912551171776534
90416,1.06823675640076
54617,1.92524333468109
79664,1.58847031091433
54567,1.46046883542698
8854,0.271746180687016
54629,1.80996920893587
3712,2.63388585674668
90417,1.86528319746131
1854,2.17563802418075
79094,1.52102577738675
54982,1.75035110228233
10776,2.56518407904391
54832,1.89737540633037
91860,0.015877463426456
3671,2.74989375615073
56906,2.06211191134609
4016,2.23279231857639
51554,0.151205342053182
25847,2.66964496442287
8930,2.3975464507615
1315,2.72721830341098
5682,1.57742670367949
25870,2.85182184580959
23022,2.36325360303113
60559,2.85424466836266
8424,0.749512260259744
26297,1.65020469850973
3746,0.138432567508923
7166,0.0553878071845259
8048,0.0242120678044732
79733,1.21179821182703
1635,2.4509556176407
6665,0.965695222665696
54478,1.39426186462419
84268,1.58485842071197
9098,0.115544140550898
6462,0.30378506014156
5338,2.1829688661567
968,0.0540221383132408
84817,2.27312483276078
482,0.555397462785465
9513,2.29435067844366
10749,2.39345892742613
9526,2.65240808320317
51105,1.38859660666114
23639,1.52825297882286
904,1.92545602900604
83448,1.36104579194701
65095,2.1311300620515
3609,2.47701620330523
57153,2.78521341114085
10053,2.84213496063633
1032,1.9534537393876
57509,1.97006282748965
43847,0.208181507038274
27180,1.02146755059767
5655,0.229730058806874
11202,0.101462368225262
25983,1.97615867974145
11035,1.54309087965614
196883,0.740025919492917
84932,1.88841430266347
599,2.22474411155142
84962,1.90079927018689
112487,1.29253899404848
10038,1.86489899955714
25938,1.46698260794492
3169,2.92565258393047
58533,2.31853331015796
55837,2.58452203123302
112399,1.71145861700914
55320,1.66049182702009
4901,0.873514292593234
6035,2.82283744650759
4738,2.07828066113052
1603,3.16217140418159
7011,1.50584992825339
64097,1.45846633751898
1036,1.3148974529245
7905,2.95316486664765
81533,1.96635456557321
84074,0.648059154468411
2302,0.738771755924074
6397,1.8858406570274
79651,1.77808083025514
15,0.0542173700425294
9459,1.81354783574145
79649,0.780877223432198
2258,1.08022583041884
9070,2.11893599156547
80185,1.76308846592684
417,0.0270393423001977
57053,0.232088789431688
1028,1.61596176034205
151648,0.859514311175389
1013,0.0171022935190702
83855,2.05504115708919
58986,2.41334400775787
83475,2.07600395676993
23383,1.92584173907805
25759,2.01420426741968
79948,1.40407762334111
81926,1.99425942169935
3929,1.20090244471975
6861,0.733731465930958
7137,1.8395318387883
863,0.952057469780592
2593,2.61125617447162
8226,2.10683173827959
55780,1.55089097214373
55274,1.55948160587106
79057,0.136136880643432
26290,0.0179178651438874
3741,0.362551946470696
84766,1.29465023452655
158046,1.61474317615798
9754,1.13262483830365
27112,0.776147593973412
54857,0.190018894008408
6303,3.00466522592034
54552,1.61919567705908
23677,2.19497521538051
158747,1.42233490565186
57572,1.51712119862039
51295,2.40807245025813
3949,2.32564012811598
84337,2.37029540541598
26526,0.0254249141756302
55908,0.365335712775618
5589,2.8454126685292
1264,1.87936504437722
8881,2.1804550906321
84891,0.01219232802879
51337,2.66388717226811
5819,2.92841641277937
348,2.97680110272163
10452,2.3563341138106
341,2.24386651390173
10912,1.82385144676692
57631,0.36678982893385
1804,0.0146508621545966
23039,2.32765026197433
59272,0.0082850342053478
147965,1.91354508839813
9667,2.18025669510862
25873,2.89091427317961
148229,0.440468788138026
1463,0.0173062599854029
547,0.0352652184723042
84705,1.82795487864195
83483,2.64942083689987
684,3.23574411932073
376497,1.85953768562438
55695,2.04554550785898
83878,0.489686957779588
79709,2.53064853508949
79016,2.0610183711623
64981,2.66381242844758
25796,2.42570375813437
51690,2.37618201705463
56995,1.52037057990088
51429,2.16632496820182
84816,1.46102988432557
55278,1.62489649138944
51250,1.7179114776542
83861,1.46478375454454
81616,0.187200659182042
4298,2.42420811500688
4301,1.50558371205772
81,2.98549266356034
65975,0.051284114267885
4705,1.74387552866547
2056,0.0696903035798559
10095,0.265147976990959
59285,0.0213753154909553
57688,1.72273776098139
23149,1.1464528420905
23025,0.0555827213422205
55201,2.00351560388038
113730,1.21521571765194
7837,2.18995160254602
170463,2.22268701392309
9518,2.3918876179952
54858,2.20752251519339
80726,0.834845635318495
25804,2.66434087381445
3727,2.96234875030555
3270,0.577849173095204
54795,2.15427487106147
79230,1.18272436464551
92359,2.4261988161392
10439,0.455171127956797
157922,1.62577097007968
10422,2.19198745666756
6295,0.0199533676763937
140685,0.976985929580327
85441,1.83397606254007
140700,1.63591929970985
4046,2.01114658515727
7140,0.173128993530049
7136,0.83815853640912
283120,2.03155889968466
1289,2.44419360084945
25814,2.45003212815838
10844,2.24702930174438
50632,0.555601998869815
1571,0.1830382225432
375775,1.11994264614589
10298,2.35187517637535
3110,0.0731326033913595
26152,0.523288685154847
64793,1.4954835733665
6874,1.37813302910229
140628,0.0152643844692303
140893,1.50453791531347
3911,2.21321566224606
9885,1.5916272342376
11047,2.28606023389214
445,2.01670876027252
59335,0.449041084937185
23404,1.8717869149555
10585,1.84418725847647
83549,2.34227729036135
84929,0.704818335422109
27243,2.94674178411488
9040,2.70897428872175
10155,2.87377664313542
84326,2.57969133005273
78992,2.5278403831576
84971,2.04432691464722
1968,2.84712674440811
54958,2.36842092456213
23211,2.12873156822133
4861,1.78330883875739
9535,2.07216533471165
4294,1.82216015450071
27237,1.34686890101581
57470,2.05718214978461
83667,1.92500687398177
27293,1.92113259575972
93974,2.69113172709713
54797,1.87978880421951
9473,1.52568566791876
6249,2.00085760221797
84660,0.17717452809641
9026,1.63408227818076
57693,2.06251427224913
56342,0.821559856113472
8666,2.5907940818128
83854,0.224833088458217
55337,1.1905393227261
1786,1.91163361049621
79088,1.69384402414344
6535,1.66616717809062
139728,0.053631538511365
1736,2.29035918137032
55558,1.74873823926297
1852,0.0284494427319338
4354,1.2994316523049
55422,1.42359341957025
7776,0.956711570750015
56301,0.549234020727793
4037,2.08990205509858
91574,1.64744080409493
25926,2.23111915165683
10277,1.75739366828592
54897,1.28919992805644
10343,0.0051875911285856
22927,1.02954700970283
11046,0.672888643494807
5638,0.49024682365998
7317,2.85542180813293
9104,0.416496782737414
353497,0.0455839386189831
85313,2.06304824075037
80328,0.320376386626327
9590,1.48546903838673
23345,0.648776002392853
79465,0.272790806034582
9113,1.49336679404592
54869,2.15242355955606
10288,0.91320904629926
25980,2.49779138143708
164395,0.0981356370534185
9584,2.2847274510399
84701,1.36008887960361
84905,1.08628708348571
2686,2.20922033068425
55902,2.20511882392629
60401,1.23808143583249
23229,1.1541835830179
10882,0.859644756370587
2670,0.277252090971602
5697,1.56626184550411
51751,0.998228243379194
529,2.60572539032163
7770,1.42443873227309
126299,2.27267756325422
83639,0.0489301088118718
7700,1.0707374297191
1327,2.57297382618816
10328,1.69310552431466
23199,1.91875294914746
51659,2.04663367960044
5119,2.28296152643804
6451,2.65520989147224
1349,2.6184379338746
6569,0.0598594062479726
2161,1.7577126835082
80758,1.48935972651212
4772,1.10853594011785
3620,0.884270656287316
81025,0.0322650387162132
10487,2.9454597711995
5538,3.3530175170725
84440,1.78536229043797
51132,2.02325660542999
22,1.99496524012418
7187,1.52342058467606
93323,1.20167471820315
84658,0.16651159931817
64432,1.7468529841795
9467,1.28090317555561
26061,1.75600853753765
9779,1.69081386199224
23473,2.00899910410217
23180,1.6648424948513
64145,1.87571840494014
117248,0.781245299788168
6533,1.98496376313362
3748,1.41215238220934
9476,0.216230393124375
7376,2.31232457387197
94030,0.254382888076708
8572,1.89033599907825
11127,1.77786676590059
4245,2.28427225651724
9945,1.31831672243271
7283,2.53688106237925
10197,2.58477706733296
6155,3.04381389100516
29893,1.05400479563051
8639,2.24936581062127
47,2.69629088551161
84313,2.67638091000411
10266,2.58006114143042
314,0.423634805234977
4695,2.51740612013313
54882,0.184205870750288
1729,2.44975245587296
80762,2.50507016618346
7322,2.49729277307758
60412,2.19349220285452
116983,1.43662136070777
54991,1.20530105409149
55107,2.5096908903613
8500,1.75213748315447
79652,2.06249774547897
79412,0.715623907964788
79228,2.47066562524811
84231,2.54234803602955
56033,0.364011377199974
4814,2.81053533996848
261734,0.465546423576251
4131,1.52794014741195
84528,0.0278454019696254
3597,2.78821058966911
54521,1.88500526131692
1160,0.957995057635703
84240,1.6250078811059
84951,2.42777391362192
7153,2.43722646589808
10948,2.16702643333145
5914,2.50111865722132
84152,1.88219056609967
10656,0.749203362257609
9557,0.113547110299803
8799,2.63296827723987
2330,1.71534166658204
10401,2.30397733762028
5565,1.59574704392172
5160,2.12204698345956
10742,2.04022627504718
64087,2.47020943522257
57343,1.85477196340426
79149,0.358824386982076
7691,1.625564425205
57663,0.0203598820990786
55829,2.39971060703696
22856,2.23274462825991
6627,1.95658087967575
3996,1.95651537873158
8431,0.0338664618273812
55145,1.70259819882885
85415,1.9659285033002
83636,1.69740980962676
91442,1.6670384714983
341883,0.233343924672305
55860,2.35259944655907
145447,0.0920017153720052
2643,1.92214243320942
3958,2.99099032547196
79883,1.52462338957456
3337,2.58396448372877
65249,0.76424865364068
84261,1.68520681705618
5989,1.69772147483024
7568,0.222611650317663
79173,0.965419907292443
90379,1.99560397325561
54862,2.17764322955452
83546,0.319814988724978
4148,1.8220079065054
6737,2.28367312695024
54558,1.4901003402847
10489,2.26173030055603
10693,1.1131085289899
22907,2.04433848396466
5894,1.97248054670677
6538,0.0467664613262632
5468,1.40900255318689
23225,2.63163323074106
84824,0.804738131546063
51478,1.3424716254712
55556,1.05490738448326
84034,0.946459839274306
23647,2.59581469149097
85363,1.71674524162662
1262,0.0526542428027862
10346,1.84820033038565
23378,1.65979948185845
26515,2.45149702202463
23167,2.34782834237799
55037,1.75737002814325
10989,2.53912905967231
51318,2.30576245315633
79781,1.63132854525544
80895,1.57946682654458
8864,1.48223528761392
10267,2.72557382309581
51540,0.15051061553008
5791,1.38870017275193
5901,2.69092638235354
5562,2.24497884486889
84674,1.07009012805756
23108,1.80753840411427
23277,2.29407871529277
51763,2.34442394027907
10514,2.24395220838604
6117,2.52538988205295
5176,2.75918888594817
7326,2.39983265561325
60678,2.27396033426029
57533,1.70258480082246
85013,2.26328619171297
51805,1.92890619075939
25957,1.60344570135082
64208,0.115181403890476
23480,2.43669133126325
55915,1.80836771254899
63979,1.39589822715478
1644,0.0130126308322217
2926,2.26841655019692
3512,3.41920960143272
26057,2.22961996345574
57050,2.54664944572916
3691,2.61425814773873
23558,2.70538857446268
3021,3.01614577693949
85451,1.90255454797762
91107,2.36882546450996
9406,2.19742025704572
1984,2.8836987595392
23135,1.91093180037305
10462,0.352122458468267
55065,2.05240124501361
3000,1.34433652814448
2874,0.109721115265514
54739,0.828579176058802
1742,1.26692578118749
10247,2.35391593915074
157680,2.05088671074596
26166,0.514681207835847
4147,1.19898552224175
51308,1.78202736223657
84105,1.84168700066701
6388,2.58157064274143
2319,2.73002633636114
26284,2.55346832098758
54496,1.76635378184539
51388,1.70267857836027
7014,1.78983434364747
27183,1.84602144245149
92154,1.40395200248801
116835,1.60205995075222
63926,1.47233869881694
64773,2.02312809946614
6616,0.281540670997815
22903,1.4031724605438
5111,2.74209013008551
29107,2.48215412013122
10621,1.46963484750303
54453,1.87700866771021
5786,2.35488682969562
6754,0.0101380977223869
7818,2.52997964657694
57127,0.564645033908469
22889,1.76878946450426
480,0.830014926744587
10763,2.35848344564097
63827,0.756042686471261
9826,2.01479284054744
57111,2.81937633154773
60484,1.26858718700307
79368,0.111545230931358
50717,1.83575769215122
23208,1.50866695822287
3508,1.53968675904877
91703,1.25200766856241
222,2.69576127806773
9633,1.66093319574356
25974,1.76442780405303
1802,2.00381194520735
114034,2.08511534141428
4678,2.27578386663989
4595,0.10404061055807
56259,2.13423237143789
64900,1.48817240987617
140831,1.25933605603245
55544,1.81007366993469
128434,0.167363007422608
51526,2.41433518226428
10955,2.67165111900306
5509,1.97155728471991
29958,0.285952552552341
23743,1.04557791090636
8546,2.34599674958746
84327,1.2769144654285
10207,2.13039025937382
163782,0.820105214137604
27329,0.0236049920866109
8170,0.278437493718119
93611,1.55364208202299
79363,1.55301147672733
842,1.39633200650223
56923,0.0171022935190702
51164,2.35290900604616
5145,0.0266360241092229
51761,0.117536342262086
23281,0.0047737452018541
9205,1.56772147259054
10208,1.43038810115981
64328,1.29291217232522
93492,0.0835635353418218
51371,2.68540093665966
1024,1.26610949809161
241,2.4963609474605
10810,0.373495588602649
2835,0.0443997508881444
1131,0.0878870906234544
4626,0.0326656794165476
4628,1.2744426270104
10400,2.18886141928958
6341,1.75773630488469
23164,1.86061187293703
1116,1.78058528146994
4608,0.339361842805132
5287,1.81501621352579
25778,1.58867684833864
1118,0.340045967845073
254428,1.86768992861284
59352,0.732307024628736
9911,0.233343924672305
9201,0.571777735397784
8900,0.218629344999603
57511,1.49840262871298
23111,1.3751115131022
94240,1.5264317950523
7223,0.156914345654153
10631,2.94393698006417
5994,0.933314224895027
7178,2.99837916689557
55425,1.04601174980883
9365,0.227680155268206
5983,1.87884356679077
90627,1.64210745172951
8471,0.0201566492701331
79710,1.8735020895393
84707,1.56192859371674
79589,0.251630213228408
347687,0.318269040445582
54885,1.06334369079433
79921,3.06795930632846
55859,0.0955389086838045
84923,1.92426505099407
201266,2.37039375382526
2048,0.944468672409098
10250,1.94513550142981
55643,2.35434180395022
84106,0.81892525318359
84787,1.44881402614954
84330,1.73212108286255
5158,1.52936578997362
23640,2.46211857464319
1455,2.24934635264807
84250,1.37781580799668
55748,2.15353037035412
28992,2.35985205143163
54663,1.76085474832298
85329,1.55860199071897
10313,2.84912555875949
5920,3.21447445398522
54979,1.83922025840717
4629,1.75369006774571
123811,2.3941701650796
84246,2.07067573782055
23037,1.33617821205221
22880,1.80121802386702
9215,1.6277838853506
653689,0.517489879374046
84700,0.242384821057927
66035,0.809125569819037
114904,1.85895311038639
113828,0.592367132282
284904,0.0300581105554705
474344,1.83272139333066
55303,2.27422532419604
90956,2.43712923884743
23608,2.632559874625
116988,1.93911793542998
84626,1.40329827387404
57180,1.24887981845931
4922,0.0254249141756302
694,2.78536575263558
84125,0.0091091168566818
91298,1.49119861576256
79572,2.03567792027307
6441,0.13948994736026
84332,0.504764330350689
80195,2.3927481391396
83857,0.636122751917546
3845,2.06023766636068
10526,2.21145779538028
51520,1.82223118459468
11005,0.0264342928541542
3612,1.61420597904065
85444,2.00702466923299
1875,1.24239912958101
29080,1.86123102956911
23075,2.30527532718531
406,1.50564515950771
10894,0.294992270715603
272,1.30823369594208
81846,1.42516216011457
9645,1.6805714219363
22800,1.52082732659602
3295,2.4476605170343
196441,1.43662136070777
56154,0.0033236975274522
51669,3.25501716994927
79845,1.65947504082777
78986,0.260465796158866
5977,2.09906679353102
4221,2.19436600577882
11161,2.69779829307978
145258,2.30170373841888
80017,2.03121759643725
57578,0.0795962166369358
8650,1.96572240583049
79820,0.800178008434739
51241,1.26069093397205
23508,2.26085720008694
10001,1.72689071067004
1965,2.34827441511715
8748,0.0555827213422205
4017,1.92051110799251
55140,2.34167842972953
157310,0.211571905145257
27299,0.850316413246961
9811,1.57551928765543
83876,0.115362792180997
8932,2.21226189109447
51124,2.14062381548277
92259,2.46457155174592
891,2.37000241329668
1022,2.30624612149931
4064,1.08956282411837
3656,1.17668512077859
8536,0.617450110789026
25917,2.26113909505264
7428,1.91615751615061
8553,3.14332420709455
55207,2.75027619554556
9695,2.34328426436253
27255,0.076750799447613
10752,0.395556741989347
4212,0.681311331102405
89978,1.04049290017843
79768,1.34757016427145
56851,2.81152719091199
4308,0.016081724652309
2780,0.26424391833909
55119,1.97672571094207
83998,0.0346660352741282
10100,1.36637210956139
2949,0.0575293748341413
2947,3.02295925091082
148281,0.395047972561119
10451,2.80082782140309
84722,1.84117349806739
3158,2.10308842012485
26191,0.77696291784098
6272,2.52608281412987
7482,0.276361861281503
5738,2.58702001849509
10542,2.44553645918033
4853,2.45295653239423
80263,1.76107747031339
10390,1.66722702994301
9398,0.466240660987315
79679,1.58359025884335
4803,0.651100637197448
10717,1.23604788994012
8774,1.5708239189725
56907,1.6863894592323
51535,1.63771802219541
51303,1.90846572577454
377,2.89252363634147
79022,2.57952890055481
54407,2.71894860245457
10971,2.95226952243644
57498,2.06524753951106
29841,1.2173633111248
9475,1.65740494696911
91543,1.85111612624294
4613,0.685229333179726
23175,1.22615242030803
129607,1.65338570285441
285148,1.88722916555106
3939,2.98408907735556
6289,1.53739102870456
63982,0.0051875911285856
3572,3.16622225095266
10468,1.90038021471766
89796,1.79231436267852
79577,1.85306115327776
10440,2.41713203402106
23418,0.009520858735307
81494,0.0142416006900836
6210,1.95623141442844
4677,2.53435369707899
2922,1.08081662277861
57614,1.29909373484976
84893,2.06973694805716
84991,2.05465874150377
3559,0.349965382609122
54522,1.52881946768718
79746,2.20036908202441
3601,1.19554063906077
902,1.87910880849843
59340,0.0322650387162132
85019,1.8428376440808
284252,1.62656450941448
91768,1.71220650561504
1794,1.10775585722712
2012,2.30735012618673
6660,0.179189734011994
85004,2.3518064506975
3824,0.170590231281182
3821,0.043016088629042
80763,0.114092234949886
5555,0.0822431961241168
4038,0.37074154671332
4607,0.04578114125236
1643,2.26008232965979
53,2.6623164196584
8933,2.80992368431782
9363,0.691317031244572
6658,0.0376577034343075
51634,2.05688024409312
51765,2.42591308813389
143689,0.154670119035868
9698,2.34704019449695
90853,1.05433748866113
8565,2.20120325589003
1912,2.49456119732898
55143,2.13872643491256
29889,2.29685850674412
192670,1.5453783271309
51361,2.28738475239504
1573,1.84274107437405
91408,2.31732690530436
23318,0.47589186766071
84950,2.16169330153692
1824,1.65633662967694
1830,0.898599591185365
51444,1.49904663574676
55250,2.27349005812836
1828,0.10219982932161
1825,1.0751110826816
1823,0.009315012732202
1837,0.535274622172036
80206,0.780729935259732
25941,1.58659007527386
747,1.66492995650581
29015,1.29523865207052
26519,2.71360490541844
9704,1.76817895628018
187,2.10207605628036
9415,2.73361175161112
746,2.28485572565582
6947,0.843129618737396
27202,2.20828830364332
55858,2.15315753074617
9575,1.75791342399525
5156,1.37081390286099
87769,0.842661022250912
1284,2.38816403472784
9071,0.0899469520555108
22873,0.546546628905413
337867,2.25541728609646
55082,1.78108888685045
54841,0.906280137896851
2073,0.359891262560934
7174,1.70585525591528
79070,1.44449686182939
79587,1.29678402840543
9743,2.18906270394527
3703,2.64564747432763
11095,0.638581063631901
56,0.183205132869345
2113,2.12133036703719
219855,1.57051995647923
152831,0.628603009299373
51014,2.69994654361979
324,1.60097183191337
9315,0.157086722449401
134430,1.93645369046512
26578,2.57194466578347
55312,2.14105443732781
29979,2.28795407558079
60560,1.57392384654644
55071,1.41550387521576
301,2.29465636758454
1514,2.36542016388046
23670,2.30504519442826
23287,1.05670843856359
51280,2.80592168225235
9413,1.40967383987034
29968,0.915959282127664
81689,2.10616245201018
8728,0.976120617416311
84868,1.92265828907912
79616,0.246866911925363
51347,1.90332111767416
84749,1.83781524182696
10993,1.63076323725707
4440,0.303068065558585
23014,2.25453390461033
6926,2.28269758062677
8638,1.70907530509856
8739,0.109903708386309
84900,1.01864910710502
5025,2.4010849389221
92558,1.59227655841039
1840,0.752593386362777
10906,2.49349243925683
9988,1.60782608657248
79161,1.81134600877832
57639,1.11649300167043
85025,2.53811535436945
948,2.00278665685217
54490,0.319112667881342
50640,2.07570641546712
29923,2.58202344583745
84691,0.185205369304919
60561,1.86555740387132
6733,2.19250509226762
375616,0.0824319443491516
26136,1.87887894235406
29969,2.016932795703
25821,1.13357930448093
577,0.0534361704016004
22881,0.57107768126425
3351,0.320236075349722
80759,0.0801641354811421
22832,1.11336627540286
10492,2.1587091899319
57231,1.82268751865422
4907,1.19968670196353
112609,0.371660669260836
2045,0.13401205762286
55122,2.1614672277988
23595,1.94356637041862
167691,0.760993611417988
6885,1.76088992260987
1081,0.0199533676763937
79899,0.945038232244703
4005,1.79283692069727
51317,1.63032307087349
55226,2.37101888821013
26298,0.710570066698401
2001,0.0400434172142254
79056,1.95809162883282
4076,2.70243710263013
517,2.90606505154858
85406,1.99004376173207
967,3.23032005165079
5630,0.0126025784990239
10677,1.24681842363547
269,0.195132779324874
10220,0.836605621005971
27165,0.150684352667124
3679,1.45686302872664
9840,0.466009321165851
84070,0.0727508259833435
5959,0.233500677344822
116986,0.584065575305349
2647,1.44156679463726
3891,0.0146508621545966
1019,2.41725890960993
5502,1.1011262390644
10024,1.15406359579606
6302,2.19606909395639
2583,0.226257893639977
7024,2.27735598091795
93058,1.26197658593054
23017,0.459035170531353
9924,1.33009828382787
9700,1.30880730413801
3855,2.96627879282183
84872,1.12803787903297
3178,2.91734034419399
91,1.8498269809504
10956,2.85123247739926
4284,0.0111658338983268
23416,0.0350655380227658
84946,1.692681016406
9053,2.29321600776611
8763,2.78450991253184
246269,0.611333798212496
57224,0.784109252717802
54806,1.37876688562217
23493,1.11130107505299
5570,1.46188146516855
6610,1.7613703502117
64780,1.49656983315159
85021,1.57271480690603
8676,0.901109132133398
7006,0.901231293009353
84279,2.41639087902905
10505,1.93343187926015
10574,2.82962352613107
1961,0.0166942133416963
26056,2.24945011548025
10322,2.30554361020944
8291,1.35712495568277
84865,1.42187428020013
2016,0.845667485605382
27345,0.560188643971399
9958,1.40370066774002
2799,2.91882458359152
1368,1.65014446484363
4193,2.05456307612461
79786,1.42201978627407
53630,0.150163030160434
10200,2.0543941948107
23563,0.058501008843608
9764,1.70537621103298
1783,2.01130447498366
55336,0.898844865563654
29109,1.7561863669754
92922,1.21492874038788
6553,0.301200780335942
183,1.88081106929618
100533111,0.0606346453732357
80003,0.946062118936939
3775,1.27486074692138
9816,1.65950454508605
54583,0.700181521190817
10753,1.56271114966118
22796,1.70670561243185
23456,1.77412023520668
84284,1.62037043009915
27097,1.55048066200631
2752,3.13205173050914
10228,1.9433330945977
85397,0.0060146795562324
6041,1.44528458170025
1660,2.62600157359855
57710,0.247637128743701
9857,1.86273344302547
80896,1.13552479878824
116496,2.50023536037359
5279,2.05765129356281
3915,2.17743522423522
149041,1.42214100931209
9290,0.142302962436914
3431,1.6284160517492
65080,2.46631890966488
55619,1.49162037391307
9654,1.75799605470042
57695,1.34899782623444
3357,0.693585962036692
81618,2.49968979318774
80704,1.03722530269002
5270,1.62112519615954
3300,2.50176742631286
80326,0.64922365520783
64114,2.77919588748529
1593,2.15001351616502
9470,1.92308633797306
80210,1.67152786258672
51719,2.26908976847528
1329,2.92979041009836
51455,1.41934549220382
80705,0.636487495946675
84804,1.53000887380364
55654,2.68791444120843
10913,0.0091091168566818
9392,2.16819928070628
9648,1.80202790784798
64965,1.99098384262885
11250,0.187200659182042
79074,1.71551085251594
375248,0.27099916815796
26122,1.81272869217905
50649,0.241609477908543
23479,2.42114346191102
160428,0.867551924741754
55576,0.0213753154909553
84101,0.0508922379282558
55681,2.28169559943421
10970,2.61610516857128
10154,1.4313887296547
55198,2.16502147692273
11137,2.37919310888271
55332,2.18803182363992
23325,1.76715180597675
84102,0.925960682577688
50853,1.04000633680807
2317,2.83807214575839
4752,0.829878325889023
5100,0.0154687933557568
51028,1.85011169796897
79621,0.78579242362483
26586,1.82075737758795
9882,1.19880085438372
55901,1.08844306537355
79866,0.751131628976486
23143,1.13058608979882
8803,1.62285487944511
55213,1.92035957286775
29079,2.0110770928584
51131,1.75660101770324
100287887,1.55049932014118
83548,1.63370774263915
4008,1.13125260177227
8796,0.0189362275154237
9445,2.65589534546408
10253,1.13783422594264
55270,1.94990189373013
1910,1.31480795828116
1102,1.39341606391123
3936,2.35795851983745
83852,1.34501302862824
9805,2.55914321981965
79020,0.147202558931156
64759,2.30285907258939
285955,0.0538268611423806
55501,1.23192323425988
10643,0.0232000328901817
10457,2.43992910980362
9771,1.45028302148616
5879,2.93977816199863
11014,2.92687361656579
11097,0.90159763328707
3569,0.0920017153720052
55146,2.13281401330815
313,1.30203563326551
28969,2.56674752427087
1607,0.0084911297831118
9238,2.00993813857517
54606,2.3462090889669
3364,1.57189516432682
23148,0.37074154671332
28988,2.15049338408366
83605,1.82394240011937
64005,0.83984225337471
80727,2.10890500292084
91875,1.4299109108081
26257,0.042620338349058
85446,0.640668333870715
10588,0.506079825773687
11173,0.914167022220175
58489,2.10881278611861
3658,1.93660685595031
57538,0.853221443975024
53346,0.755430783748374
10518,1.06390496081421
10241,2.45834898386134
55316,2.23028975627554
4836,2.40553726551051
84073,0.109721115265514
6426,2.16546065264129
7716,2.54786591803398
1101,2.85199864555073
51204,2.15486422308424
55852,2.32331961020048
10238,2.34898539979928
80774,1.22251910219874
83990,1.57021579797228
11143,1.9340797065264
64108,1.50182065996477
86,2.28465454548628
4711,2.33251311590273
57129,2.57174247246025
6434,2.069780163238
6326,0.0422244019181622
64844,2.31529379882275
57471,0.259556344986669
11227,0.559070182078184
6332,0.226416048171687
10010,1.7959156112932
640,0.156569482489693
2626,0.789073166855627
6498,1.99055075771715
2058,2.683681975877
3142,0.432886066661575
11311,2.10199692354556
3586,0.0565566131007352
51133,2.97146688625104
26750,1.81097096486654
150472,1.41093940910525
3557,1.55012601844722
55627,2.12013752486995
55339,1.83358129947873
84317,2.46019466891161
79595,2.20041402174511
274,1.22432111971492
92856,2.51303823745241
9394,2.56600167527436
56886,2.24708154612456
2995,1.86928658003626
8027,2.08559166777071
10006,2.34884428671642
10730,2.56210510329143
64215,3.01304662016114
25934,1.8588881061629
56262,2.37852744071654
1025,2.46408124569321
7295,3.04430392002176
4957,2.14626030234954
23392,2.36510669408089
27348,2.36609601649204
51759,2.26306525488683
10592,1.74267880615543
9314,1.83049916675446
1861,2.35013350229766
9649,1.18127781293342
64855,2.68437556473189
27090,2.11269938797918
7111,0.357756019075858
153090,2.2481182225265
6812,1.28675265320736
29988,2.0803806847269
23452,2.29631569164258
55755,2.29303693881525
7539,0.69417297021521
1318,0.213824218448348
1317,2.33472100627659
7099,1.09848827322284
7743,1.77103967553658
229,0.0691152046135907
55014,1.68629218341256
9128,2.31830712255456
2356,2.34206964949191
10868,1.9615270852426
113220,2.13165885811817
9550,2.81659691679657
54881,1.27640176949876
84253,0.696766502825009
54534,1.84154173433951
8818,2.51958136048833
401551,0.0284494427319338
158427,1.16648636005582
55363,0.0358639763576893
5695,2.82557742408262
51531,1.49107201738887
10244,2.25456583621759
2800,2.1243045531111
7507,1.90286301822407
4686,1.85511889709536
10541,2.7583826104136
5082,2.11726129966957
11224,3.05223738415727
1515,0.592270032069386
4010,2.47601645986078
81873,2.2691631280442
5168,1.58579430934197
79075,1.55672737521107
79139,2.45919877433855
4609,1.45747334751973
4856,1.29172954664895
90865,1.3557746170832
90871,2.46082791188681
26953,2.22919679784469
64425,2.08034919422865
9373,2.12388117538201
3590,1.01693142699954
55833,1.86293580155761
54840,1.53913296559352
152006,2.10439291169608
7094,2.616364699901
6366,0.914047355415671
27240,0.946914063425701
1761,0.452466019754302
25822,1.25979907792035
26206,1.50781132975521
11258,2.3674343689383
971,0.988814015659953
51754,1.7033745907388
9380,2.39725948598537
219,2.30925491002825
84681,0.124560998675753
84904,0.939548684703562
347252,0.085634128532859
55667,1.93815050556768
6194,3.29815629223837
10695,2.83789016580756
116113,2.25637457058154
51645,2.63543388997407
89953,1.9231655557415
63971,1.74464311287349
7746,1.89278729611367
5292,1.71773026609919
2766,2.01357712250053
23070,2.35242208199558
7020,2.40141290145613
10864,0.0113712320035829
25844,2.8819765580998
81853,2.09608268378538
55362,2.62927688809652
10817,1.49349279983561
93643,1.91964099026852
11131,0.368109348476464
3062,0.0201566492701331
3662,1.14940453647693
63027,2.08172176758912
7280,2.0629932280358
55227,2.28656806440077
8521,0.0955389086838045
2295,0.714567361279053
670,1.93195488266387
8737,2.12962143640194
347733,0.288441615041299
84300,2.41797879922165
3159,2.75586326060276
6941,2.13792615104135
10211,3.07807506408697
8870,2.86569731427018
9656,2.05868244100767
84547,1.44892894736086
79969,1.54709144448206
7172,2.47118061845497
1208,0.522753707618305
255488,1.47848239301473
11270,2.56493973527146
23787,2.9088101328353
57176,0.0771307503330335
129685,1.69984310476503
51439,2.40664536694886
347744,1.01373562330477
9982,0.029254159459327
83888,0.259556344986669
132864,2.10521258244431
85462,1.26427654223212
7097,1.5449443658753
84709,0.228311457178178
4647,0.738536338222409
9873,1.94329545651201
408,2.057277143399
11309,1.58251048908158
5612,1.71740648824006
338699,1.79762952310075
10068,1.45295738683955
4926,2.54805251347915
60492,1.96844966818004
54843,1.94391978309909
27314,2.44027149024158
58487,2.04612165502716
2615,2.07618979792608
5547,2.75428018292166
79731,1.69038716317177
55298,2.24324952971608
29088,2.51133569992537
51050,0.44010945303285
7274,0.0579181636361618
8836,0.920358336422941
81796,0.0994309548859968
23213,2.36869966329946
96764,1.89629256683864
6386,2.55078551566902
4750,1.37558977387547
55601,2.13256874162205
54827,0.151031715914848
6653,2.36083720567882
56649,0.688533585019737
84811,1.94495563196656
7225,0.616418793197699
4316,1.74784497364782
9313,0.0156731530012164
64066,0.0211723261778742
85016,1.78099940044565
84259,1.68041654809235
10413,2.40637867015877
23650,1.34972415307994
2542,1.51569896543354
54766,0.0219839916622789
25833,0.707289351732581
5962,1.69612017509675
5519,1.826260065896
2230,1.5877122258433
64776,1.7646021932561
53826,0.839303942689801
57569,0.238656241520586
486,0.0211723261778742
4322,1.81026163436776
84000,1.36912244531735
834,1.59350438561512
838,0.117717212784645
91801,1.35596773743511
5607,1.89563976660208
440279,0.002701491548138
58472,2.3543347500712
51496,1.89569915578897
79811,2.18993616290101
7057,2.84881264573973
23005,1.34991952990274
51203,0.0643072587180317
51103,2.08734149410228
9493,1.5912508966631
22801,2.10952564072953
57082,1.07387135663277
55142,1.84686377962983
23168,2.46271633835215
56965,1.7241179470439
6176,3.25650893477583
54852,0.350235349609813
54839,1.7002204211458
27229,1.18363605695436
55177,2.25533128276459
3706,1.96307610741657
55075,1.8709852271779
4091,0.86081756618641
5330,1.1179861242364
80021,2.0769799009529
56924,0.608208032847285
102,2.17677438510751
53905,0.397841968322907
9153,0.0526542428027862
64220,1.27053526406207
1588,0.0280467968559265
54816,1.01536101283101
80031,0.551294405894795
10017,0.0588893471988714
51187,2.3230293409714
51332,0.54364120414043
145781,0.440947631587311
2644,0.600572134447465
8412,2.15509457154359
79739,0.776370055000184
54874,2.35331027530038
56267,2.31575289151232
2959,2.21475989471211
676,0.0710306629776471
5876,2.14567395073708
10964,1.55777586728927
54810,0.487667883891839
9411,2.11723758993097
10561,1.96536680882722
204962,1.08579188039643
653702,1.61514972822301
9635,0.44010945303285
58511,0.10238409192168
1629,1.78793451266847
8634,2.07716524960748
26160,1.37635937302887
85465,2.12126472284323
10669,1.09424244968669
3032,2.656714254046
3795,1.53053439405162
109,1.30224951254908
5495,1.69962735123888
87178,1.88360035580922
51626,2.05060809253027
80745,1.46742563692791
1545,2.14329235432644
5861,2.83837023172466
10097,2.88109823107177
10113,2.55499627686192
8884,2.33441081215321
64240,0.148248658222698
9581,2.07737167093022
6519,0.0062213260747212
11117,2.31619279772848
80204,1.62240706666583
6496,0.0434116529118274
51374,2.87541601065702
79172,1.39625548396809
10128,2.5279874694991
57159,0.0290530521054448
1838,1.4763995109599
10121,2.69018507767785
79847,0.915839957825254
1558,0.0455839386189831
26509,2.74063651980314
84171,0.494376551906965
57559,0.866649508434225
9023,0.459968873391518
84896,2.23050243930633
3832,2.11991636739837
50624,0.0140368959186701
10579,2.14803096295346
1847,2.32211796399881
51063,2.17723910566237
403,2.53668832666027
55165,1.7749266412138
9585,1.63465908744227
953,1.37067986228003
54536,2.18892723674465
51196,1.21811300102089
5950,2.11453873098584
51163,2.00475098547881
23317,2.05358813833524
53836,0.0252228938178094
310,2.81988986753605
317662,1.43793865796752
51008,2.0239778749681
22891,0.386732079038766
170392,0.0809207585101274
140766,0.559375391021774
6229,2.93184643430817
80312,0.256973856290608
1763,1.15362342545662
316,1.53783189725798
471,2.80336970071351
50485,1.9933405734719
580,1.79842483178806
6775,1.66027098095735
2660,0.131703931397248
79800,0.640940123972402
54529,2.05939976565008
29081,2.08325068371957
6741,2.37589446467363
4664,1.35494614530315
65061,0.154324303695133
9360,2.12144755898599
79675,1.55942667770354
130752,0.516194922276868
57520,0.830083216347224
3417,2.40723367249256
29789,2.41344132315987
9541,2.41751250348331
6744,2.80976455179173
1134,0.44321793393712
150864,1.6632652793849
55759,1.56826093263277
10152,1.34748606240322
3685,2.4608095999681
30061,3.0768115981893
55032,1.80004306623177
84925,2.23035494750417
57337,1.49682016558047
84692,0.032865928486596
10063,2.4695359649606
83666,2.35986822625203
55329,1.29703087400731
9101,1.39806344856054
9728,1.97876566819565
29766,1.88038837505613
84888,2.11634496891007
26035,1.81349603855616
90525,0.874152091744152
83464,2.17050877900227
81556,2.33547273219182
8483,2.27372527958462
54956,1.82833501398756
60490,1.80773800729623
8482,1.18696629159306
84993,2.63325779881989
83478,1.45486862454061
10144,0.782568673243688
8916,0.0338664618273812
55008,1.93409511805705
51191,1.71504217830197
57575,0.0645001083526856
55345,0.628879558961714
55435,2.0846435819992
51138,2.43267581045383
3184,2.6054405340711
5593,0.411036003645149
153020,0.679772061284224
22872,2.58520522173368
2250,0.0066344685557293
84803,1.6647404348197
2247,0.709341662746203
55212,1.55634050407988
84162,1.74883469832739
658,3.04467600617278
5910,2.32782912980575
55132,1.77808083025514
22915,0.92783650182373
8654,1.54022084867067
11107,0.488902424604063
7222,0.063149226365247
27163,2.31490053238177
53371,1.95686459034551
4283,2.32901989773527
55589,0.842326101327179
9908,2.33209492020906
55752,2.29631287678491
80144,0.211410782764714
950,2.43317792457201
901,2.36719514864392
246175,1.96663125602622
8615,2.53857668954856
8999,0.0658488120877697
57619,1.9800763012309
306,1.98205098887749
27068,2.18062958526374
1062,1.11043839066681
79807,1.77786676590059
57117,1.79102699828174
2028,0.816907414967927
839,2.30840700307
51176,2.17991519027639
3033,2.27925583516569
1950,0.839976760758421
9061,2.29641701041021
10427,2.26577789959468
5530,2.226899773532
64116,2.23936674864226
2201,0.113547110299803
23162,1.77149745489463
5998,1.81708594381301
83606,2.67135190740385
164714,0.0146508621545966
91445,2.25484351281058
85352,0.32135785334959
64098,0.98177694725957
283358,2.24889526042865
5149,0.053631538511365
121506,2.26090106605469
2120,1.92261863160483
23710,1.94078820196811
55605,1.42463174786068
144402,0.75527772001954
51067,2.17443338558157
121512,1.40420321319837
84920,1.28574540152169
5288,0.229257472451869
58516,1.1480316798914
121536,1.45142766972731
53919,0.150336841365798
254013,1.17618531726947
55500,2.0247343381916
85437,2.0796714941516
84216,1.43610290294994
144165,0.588667900273885
51279,1.95487427922768
4704,0.754205286186502
9746,2.03484229426403
10219,0.328054533004933
6843,1.34966831768265
55080,2.05472062951967
939,1.47939088967876
83758,0.462879108050634
5830,1.855381247125
196500,0.0242120678044732
55089,0.0829979322484961
347902,2.33642421966614
9169,2.15122705755057
1280,0.197923429313899
8499,0.0544125563488178
84298,1.26394857446775
144581,1.49237862341723
121227,1.01149351420502
92979,1.94645203550848
83729,0.188196455857058
11010,1.30142407587219
22822,1.15773170508165
55266,1.91251321229656
8549,0.321077561385925
374462,0.0348658102965977
1848,1.98950267352854
282809,1.62719835550514
160418,2.04763842635089
4060,3.18048420905911
11081,0.302206798555117
6636,2.38702805343816
144193,0.809266609574332
121441,1.97606870821333
50511,0.161727140714153
283431,0.77115966100612
114795,0.0546076972506679
121260,1.7710969247021
6996,1.58230121392234
84934,2.33960186049456
113675,2.06065867603615
326625,1.91012237519921
51228,2.509398667076
9815,1.02845618229941
84260,1.24198938625685
84915,1.88590150396521
9818,1.45722478959926
9107,1.2400731797701
283537,1.66567269667887
6541,1.34656004653644
222484,1.81772231130117
6821,2.42694083220338
85478,0.544576374693833
283375,0.0666185243177208
6895,1.95835251267102
8608,0.508267041833569
50846,0.383638336262925
94,1.66094790061469
53831,0.986104793468626
79035,2.57299192749099
90634,1.23646210449957
1990,0.117898043586341
6601,2.1878415900169
675,0.517274213908147
54934,2.05959970197835
91012,2.21632578903657
7786,1.53618135031457
3695,0.482256296407949
11226,2.81049405973598
51380,1.9485077575833
55716,1.36820729056853
60314,0.046963386855558
23344,2.71809898421462
7009,3.18326604502569
283373,1.96829433892901
112802,0.0175101773978301
283337,2.069796367626
115825,0.860035932249875
144983,1.16480119256776
10161,1.75181432312926
2098,2.36134588426109
5925,2.05340752267636
55206,1.98776740008455
283385,1.35325750713006
23067,2.06352650676594
65082,1.53493006090294
79720,1.60688381659849
54509,0.132059451005708
8562,2.49651301323726
81624,0.968825105119765
122060,0.282425039389023
64062,1.70449661290569
10150,2.10951595145362
84945,1.63035452534492
55647,2.12835477199253
79774,1.80914305372967
8451,2.16578760590965
319089,1.52485965394954
6751,0.158120217057401
64403,1.68910461038466
161253,1.41660796057159
643866,1.74303328183897
283629,0.562015080568626
4857,0.264394666900614
161247,0.355614791633749
81542,2.27419221203791
122786,1.72987275828476
57161,0.751901375073229
6252,2.16997779654
145407,0.639761596733006
145389,1.39849539299782
122830,1.85219363519513
8747,0.322617911022926
145226,0.457515382188499
8816,2.20457909108266
376267,1.87911764690829
112840,1.74561587129828
2100,0.149467414650981
85439,0.998019459823104
90141,1.12320288032474
8477,1.16828354493251
145482,0.290922772964898
122953,1.56004882457607
122481,0.147551407712286
123041,0.0346660352741282
10516,2.12477851513342
51156,0.51511402039859
122616,1.75709807337784
7453,2.49229254009236
283600,0.063149226365247
91833,1.79884337999701
81614,2.0278478893203
9990,1.47885031995038
90527,0.120605749496627
4236,2.64412534683449
6938,2.14768276342997
6652,2.09646457233211
10169,2.65433672032983
146050,1.8021982119797
50506,0.0205630661837875
256586,1.25605050787691
11001,1.89411812061595
2252,0.654750584002324
3067,0.192662374972558
9245,0.0304597993916931
663,1.73334712535227
2958,2.31771460392561
6727,3.05125486650332
22893,2.27473363190865
85455,0.0370602183099194
146059,1.73711620431892
7090,2.16333425276736
8125,1.98960961552789
54939,2.29652955006971
92912,2.39006707249258
9051,0.826522558536935
2108,2.49503775903492
597,1.22713598718992
10363,1.66335304720162
49855,1.00497474818362
10099,2.00077322674448
80349,2.11682004276569
10499,1.91705135169939
79661,0.99953151051978
4123,1.74922031998441
55466,2.19263533781028
59274,2.00415309692369
7168,2.50482349889875
3480,2.59413406525943
91947,1.61758155217225
80119,0.212216070474919
9960,1.54532174586186
1583,0.287124863528203
585,2.00073427793592
5371,1.76936462052906
1543,0.011781879253164
170691,1.07589030846295
55180,1.29526960346679
25989,2.28718221741027
5046,1.16964714261749
80125,0.0336664500279098
60677,0.0219839916622789
10066,2.65708028361325
145864,1.39714753423068
5428,1.90579413439793
6017,0.0213753154909553
55215,1.64792532175932
11057,2.85969467672409
56964,0.417608877295231
90381,0.616887762475355
4916,0.225149932053508
55070,0.1250988793227
4240,2.26931285356573
374655,1.7684209596544
55898,2.28000503986102
8128,0.0336664500279098
55784,0.110816068496528
5045,2.26994462400834
8826,2.72844800074783
64784,1.77998016932043
79631,2.06870909738804
6457,0.011781879253164
23478,2.51378632588467
124404,0.057140405596366
84656,2.66614802061939
5373,1.37505834562136
6524,0.0691152046135907
3687,1.40563275105471
7041,1.63245707383155
64755,2.46592148902885
79798,1.60134040349197
5073,2.31079067344402
79068,1.36303597580873
7385,2.70817453504162
1039,2.25322849278756
10261,1.53119534373723
55114,1.93093866801625
91807,0.0074601518934053
94160,0.0666185243177208
85407,0.136490482508856
9785,1.76912314890128
54957,1.38893311996431
91862,1.81779409856038
10164,0.04578114125236
463,0.963323460735082
497190,0.0735142061810224
221184,1.29204101756377
84166,1.13997036708492
10300,1.55871203188111
3801,1.2436605740954
170692,0.0530452976713926
283927,0.606211632095657
2653,0.346311488214088
123920,2.35204100474961
146225,0.24083337584261
1009,1.91731670075174
8996,2.13150394721195
81631,2.29190911959208
8720,2.31011140587961
1012,0.718298502523995
23174,1.55003264727564
57707,1.46295506000749
161931,0.0475538868142473
29948,1.04726328323978
3394,1.6103130534659
89941,2.32376228625315
6123,0.301775807171465
54925,1.83394646831227
6187,3.22040365171362
4716,3.0488480561922
5170,1.8019001346521
91151,0.921423706134842
54849,1.22836297776624
22980,2.01803238144002
2588,1.0814068190928
2622,1.28239530870182
55090,1.87100325994552
9611,2.12663578629695
8533,2.47298250640324
79018,1.91031056954496
57336,1.38153086501201
93649,0.318972127169278
8844,0.647162048362993
84916,1.8628070395103
57610,1.61513347300859
64180,0.0876995769262763
81577,1.58504921640277
28987,2.04791354202659
5636,1.92306256956431
146862,0.0278454019696254
58488,1.79974346371815
26689,0.0080788886488122
10040,2.21021170980673
55028,1.87971820826286
10140,2.93043155774606
55275,1.48557575264541
84690,0.0412337454202869
9905,1.87433462155325
9520,2.24571071285877
8631,2.39063111492296
90506,1.78457537937703
90507,2.05340187702408
85464,1.45602544687493
162494,0.111180730269128
124912,0.0314631865193807
22901,1.75687328575945
10351,0.502456473412168
92579,2.62176178197473
1213,2.81181023491955
54828,1.43029269929567
51651,1.90278800672192
6760,2.22925875748192
6875,0.508048616239018
10939,1.7596218357049
10650,0.462646711092966
3613,1.61116640992815
2774,0.382345538019569
25800,3.25457154648419
55197,1.95822933923795
83608,1.89664819447354
2589,2.44821307521409
80816,0.0086971754034013
116,0.0404403802309502
147407,0.0598594062479726
64762,1.34136650423961
114799,1.59684743173063
114876,1.81755817993374
2627,0.714404668726496
80000,1.29095007504905
29919,1.71603101724484
27043,2.37889960609852
4864,1.70840143473904
6563,0.228626920528103
409,2.09728728463214
284111,0.0091091168566818
84225,0.83028804187059
55135,1.72546836305899
50488,2.14079701478578
112483,2.74551312535841
432,0.359091245639845
23533,0.938513952361811
7157,2.29759955594096
55036,1.18184926602101
396,2.68755874144217
11322,1.73517975643554
9123,1.81102307431441
79092,1.00796057387022
94015,0.815651803164084
10966,1.28800906220979
9775,2.48968165534721
1453,2.03294487787116
51529,2.36133208478116
6904,1.82921399842953
79672,2.47585821426624
26502,1.75135909603604
57521,1.81992160988025
3607,1.89776384179647
201292,2.08609321092394
57332,1.68081066710778
6398,2.44231237366974
114804,1.08425859192383
22994,1.74731296878942
79755,1.42301295693379
56270,2.53681811626524
8535,2.50167317552246
494470,0.130102183141896
54808,1.6575383095853
5596,0.0903209239347336
55520,0.964648365823141
4152,1.8589345388014
4089,1.67622880571875
8792,0.552733154697423
54877,1.04740752117458
201456,0.174311031346234
5366,1.97850438306455
10609,2.47425519241535
115024,2.32898680955387
162427,2.73401804829822
2064,2.7420214417477
2886,1.91358565896893
84299,2.56671166667101
5409,2.10149204632356
342667,0.939663548337633
3487,3.37821450202839
60681,2.82883021902584
10907,1.93427230749576
773,0.231774695823229
113230,2.08416082541726
90378,2.44762920987351
23476,1.97796750711491
29985,1.83020064413217
4782,2.51137358007094
91978,0.955369418786532
8612,2.277546756181
63977,1.01520881916818
5211,2.40388769496461
55527,0.143004706485185
7409,1.32038724456675
93343,2.38197743959562
117286,2.08682619099659
6455,2.39078819380237
56931,1.54774870067883
91039,2.14224591439836
90324,2.41221680025048
641649,0.786157760759688
57677,1.32315495383851
23410,2.0959368574748
10410,3.30831883479654
80162,1.92589680994292
30811,0.172790951267048
1291,2.79955996676658
3454,2.41921306970695
6647,3.00022915663598
1292,2.882167096903
150094,0.400499341583719
7226,1.64504090649021
57410,2.54642093458321
757,2.44996309740001
351,3.12355379478226
9980,2.16502147692273
9875,1.74901550121528
207,2.37437109849595
2014,2.53395690341909
10055,2.76657401478742
126147,0.163610112635495
114783,1.67157095125897
79760,0.367317911104096
23624,2.42836016819908
126374,0.519427983187211
81794,0.732861333732337
6531,0.132947576137209
57140,2.07879757015243
11132,0.582590421497882
4542,1.35375636384379
105372481,0.954080437515304
91662,0.226099707706408
59283,0.0788383885327216
126208,1.97094756763579
90580,2.08749594353661
84467,0.514897646423186
10498,2.18639005668583
115704,1.82402323092
55244,0.840178469160166
5694,2.92499058000849
89790,1.20405831232881
93650,0.0294552189612712
25888,1.19300825837822
112703,1.45602544687493
6205,3.38930369616999
23521,3.22711120682991
90353,0.985199029216436
51070,2.27213277277672
402665,0.0302589788495971
57333,2.26927924758577
80110,1.58226632564977
6518,0.566862820887877
473,1.97037903763951
79258,1.01688083252
85452,0.0076664475141711
63976,0.231931758133455
63036,0.0260306859239784
51702,0.60602120218251
114827,0.266201401267784
29943,0.0080788886488122
1969,1.27447480159974
128272,1.78169242949536
79180,2.32522835194792
5195,2.00772007334146
5226,2.50740317929388
127294,0.247175088598107
83442,2.86037232849277
10256,1.90022924777856
6135,3.01208069458698
58985,0.457047125565754
127703,2.30686809554965
79932,2.65917346353267
84970,0.0119871284396815
63950,0.0126025784990239
10733,1.28775801594186
9064,1.9509221048667
8547,0.544264786587346
54707,1.68657005812272
84958,1.97464020790712
23038,2.27271989837058
84224,0.973245479833286
3339,2.23541851706792
23421,1.61234538841105
26135,2.54449869656433
8915,1.96481142795786
3491,2.67405311455036
5567,2.21534839392693
10026,2.29545885898674
64129,2.33534548724566
113451,1.07840425800079
6202,3.15526635462663
11004,1.95293255997858
5792,2.85773585699118
266675,0.146504413757989
148932,1.73285962277165
1580,2.40230796634092
199964,0.709751378757596
8543,1.49759121647902
284612,0.21751073054341
343472,0.0193432301006561
22823,1.77358558010126
126969,1.64336259206689
3321,2.55360161828845
90874,1.29020071259238
55917,1.7661801019955
85369,1.88112780148919
5686,2.445736061432
163479,0.0128076294222381
128346,1.8801768628549
963,2.33417045575964
84432,0.0557775902066152
1952,2.50592614899491
8515,0.813063180796959
23432,0.69735077186513
223,2.65811480434846
481,2.82383862685968
261726,2.25674910558448
29922,1.60822225949627
57645,2.261689669157
25874,2.30430712672432
8804,2.6120793072909
55827,2.3290097171187
10223,0.126531508402931
6258,0.149989181900135
9095,0.545510327779316
7371,1.41195454379594
54499,2.50160790720414
6375,0.4977079140667
6846,0.433369811766415
5451,1.35596773743511
84944,0.0374585887741673
387597,0.178350675185314
1805,1.54418870965915
4259,2.10141278613406
55811,0.0320646470462866
64326,2.14651379601043
81607,2.37790181703245
51506,2.72272512277476
5498,1.63273877220912
2212,1.84166763476777
83540,1.29359565670234
8490,2.42895824687668
6391,2.77006926881437
5202,2.74369423042047
9970,0.289464223096241
27005,2.05765687503912
5546,2.35872007446192
83416,0.822251397553419
51093,2.17327722327924
79590,2.75878127280767
93183,2.17173512533577
844,0.380661596988309
81875,2.26977382877347
1382,3.20781973186737
3068,2.89637032794068
27,1.51650073789369
9213,2.19428215544682
6004,1.93613951539337
26092,2.51025474465357
148753,0.0916285002418245
83872,0.798101179726588
23179,1.26858718700307
127018,2.03151700191974
58497,2.50703462139107
6097,1.94934631612703
7286,2.31785954198503
10262,2.78505589388629
1893,3.07833645739335
57592,2.1288647305223
80222,2.32195411095205
57530,2.43042715927766
81609,1.82405353843769
9869,1.69421281493878
54507,1.70434984312409
4170,2.78712413544702
1513,2.43939157731652
5993,2.19553018380066
5298,2.34911688958984
8394,2.21778844031053
81611,2.5258893875685
55793,2.56969306255216
8416,2.97038318563178
8991,2.68731117681696
29956,2.69032629936676
2029,2.84732279994671
10500,1.24297907388963
65005,2.26581494844016
405,2.25712005301002
23126,2.11322724234056
54964,2.09935090761314
51686,0.623234695647014
84072,0.0164900995891271
55204,2.61448434474032
126626,1.26653411905691
255928,0.0447946653885956
3756,0.557032114446367
51514,2.03121759643725
8444,1.23241010055351
1939,1.82143902365018
25896,2.0872693953666
79805,0.406287696260999
9015,1.08502573938189
56950,1.16224426560309
55061,1.48689708400197
11221,2.05540071867706
79802,0.508594557135995
7159,2.01457379760388
57198,2.08730029656555
8751,2.55318212686528
10899,2.14136487171797
5872,2.26721053455564
6279,1.05248152594325
7170,2.56404199772275
91181,0.0201566492701331
23557,2.56536080576124
11000,2.21942558387913
6278,0.437228504803167
9898,2.46171054932908
27173,0.431796490909664
10456,2.75163431390002
148327,2.83065895842432
1944,1.1391086564024
3782,0.697100432378315
25912,3.03589030604756
57459,1.88502268297401
3608,2.92728611683707
6016,2.08913423198103
65123,2.09409644660332
57657,0.857750690382397
2312,0.0031163460570424
58,0.902451597928862
128061,1.24342214572313
2590,1.68350388833578
79573,1.56354687281397
51097,2.74456621900777
1130,0.719187681319322
84451,0.342094695730943
9859,1.26913985586342
52,2.39353365278238
116841,1.9266277416504
6726,2.99687151390374
4931,1.92915594479902
163859,2.00213394035452
8560,2.556385328468
23219,2.12671431119685
375,3.08359562697494
7044,0.293105500621005
29097,2.24248911957103
3707,1.37768357484432
2987,2.57412658891313
8476,0.908578174745082
149111,0.968057842510136
79169,1.84265414236593
129642,2.52313945104899
142,2.30816821541475
5664,0.043016088629042
29920,2.12193466754774
3930,1.76634220537277
7483,1.74065644225846
2052,3.02074718975141
5972,0.255145820657265
9580,2.19289568193338
55224,2.22477898891604
8497,0.651546787088026
22874,2.24600891083047
5778,1.07680572045363
127833,0.0499117462968908
127829,2.64440059162093
130497,0.382345538019569
151449,0.0213753154909553
10130,2.6664257664708
388,3.0949954311961
245973,0.237877243663263
92906,1.9195131063944
130589,1.42294035213567
79823,1.37447314125689
64241,0.0234025367070836
27436,1.79263015178882
805,2.85587202493839
494143,1.46859774802534
6233,3.01108710436588
51057,0.706466681273531
51542,1.80228333828977
55252,1.79119086312247
54465,1.54547261434041
6637,2.5086604535065
84696,0.717570119092487
4211,0.789218597949437
9391,2.4873780093248
84874,1.28201473232264
23020,2.62424563606549
64969,1.81780435287905
79998,0.25788628863235
51002,2.24590408012958
9027,0.0710306629776471
23233,1.76489268484768
94097,1.65672270169395
113419,2.60065094861913
165545,2.09534289210778
8446,2.05937198819063
84620,1.02031157815409
4867,0.618947498585252
7851,0.465314865728239
55258,2.22291502611445
5899,2.63611638441241
165257,0.0207662015448037
80775,1.90285468430451
284958,0.0280467968559265
11159,1.14588500982609
6574,2.59074205666037
129804,1.78624721120214
84524,1.0915283893419
51601,1.54503873884999
1261,0.0183253569229505
151313,2.27344178693906
129530,0.347802215138303
3899,2.54762848134353
23190,2.66338061808529
339745,2.40195671461047
80731,0.279768932276183
2840,0.0992460334971177
5433,1.93750932491119
83607,2.0572436190155
114805,0.041431969987866
8502,2.43876533852122
57282,0.100354942723344
79634,1.93438012306954
80856,1.81426198497687
151126,0.0434116529118274
83879,0.17464843968899
1745,0.0544125563488178
130507,2.01065987217714
493911,1.70135044816404
51454,1.0656321839913
165215,1.80664428229777
3329,2.67982637358274
284992,0.205101591371193
151194,1.25079901812868
5746,0.202335814389082
130749,0.147725776200425
65065,0.796305502988002
151050,0.647251811350844
79582,1.9851125446062
26154,1.38307746383827
285362,2.45920881662658
57624,0.0217811482126814
84236,1.76478813048295
57007,1.80423651916064
55502,1.71851928521771
339768,0.022997480615535
51281,0.73151435878508
64708,1.52915123738537
129563,1.01915337293482
151835,0.0505001786277436
2177,1.44273157482298
132001,1.24021027455041
9686,1.74320430459022
5868,2.35521996187422
79137,2.71604567918283
58190,2.71095620909358
9125,2.25626657586394
57574,0.063149226365247
114790,1.6475619819055
29926,2.25137041295946
80852,0.137020599151987
85403,1.96537392395239
152330,0.320797167774451
51143,2.25329580739362
27303,0.621560230344574
339896,0.0053944386314874
114884,1.09844420540934
84892,2.3234879504087
1238,2.1272404456537
729085,1.8887855653562
64651,1.84236423705384
54977,2.2398507943014
3680,1.21334769819166
9389,0.0109603861112779
2803,2.18444649927538
10217,1.95035318396173
6769,0.216230393124375
9922,2.09256155986556
23066,0.720640174720867
6161,3.02753570797806
5793,1.33508843274005
54756,1.16322906846246
55164,2.17070055157878
115286,1.55064855890106
9039,2.1540140465534
10550,2.89898008092704
7110,1.97615867974145
26018,2.48743738043525
8994,1.06212576864587
285349,0.216230393124375
64332,1.31825744531941
1295,2.00998883124325
91775,2.22056092633969
22989,0.0358639763576893
90102,1.32494328492699
55347,2.35044071026527
51365,0.858339104761413
285282,1.93093090061316
141,1.31202609883909
152404,0.0555827213422205
64422,2.07342436855547
8856,0.0294552189612712
91653,0.687857094085278
58477,2.56347156365714
66000,0.921837525724014
185,2.85468562570842
116931,0.501134405018386
83939,2.4060878274837
10840,0.399993897113593
114885,1.9024878205498
7220,0.560391812463764
57552,2.25609498317121
653333,0.160183275252927
4026,1.75427382892419
93109,1.56658659699367
9711,1.13079445808994
275,0.0346660352741282
6988,2.34508546483876
90226,0.0520673186640733
9730,1.82771461442693
7873,2.48921903443283
285150,0.0432138940104846
55840,1.66476959718468
286676,2.18951516762663
116211,0.061215604083323
4585,0.0282481437700031
9353,0.926664777408677
8893,2.1636298944052
90113,0.0865736051467432
1609,1.93799793796945
81608,1.50420935815977
10861,1.27276689672086
55646,1.73282210001836
1060,1.64899850551254
10699,0.374149845098182
57205,0.941727458192697
132299,2.53802197478427
201780,0.0308612972995617
345274,0.157603633849999
79966,2.21669739613031
51316,0.786449884307301
58478,2.6125184202341
93587,1.31504657706005
57563,1.85543744322135
6622,0.381568799217567
93627,1.81306068973253
817,1.47330234494066
493856,1.8652283341235
115265,1.82658150620527
287,0.444648242112615
92610,2.16166400387699
166378,1.59360655888886
890,1.87368127230009
57721,1.86624211697096
54532,1.91819190381115
80854,2.20955232439191
92345,1.67390591570072
55016,1.00708694878848
6423,3.04436592391839
6189,2.84730663238739
285533,0.374803538826287
56034,1.74693775485412
84869,2.12551145705698
8001,0.240211946894603
285440,1.55658003290398
83853,0.929765035550849
4726,2.86859186875207
10299,2.34124998413456
85409,0.950423013561136
170690,1.22421528169638
6715,1.29635177372336
4651,0.882322758485436
54491,1.66487165062018
6167,2.6611724904254
6502,0.637762593309037
9180,2.22994987283938
10769,2.71440092503273
3001,1.69954641661104
5295,2.32065073497597
1404,0.0380557917082188
10184,2.17626890028687
23635,1.54309087965614
635,0.0875120208953502
256006,0.342640101499751
10788,2.0806115325106
1393,0.341548902334423
5921,2.07514787603776
54826,1.4885119369636
23262,1.621349781245
5066,2.13902998250884
55814,1.44856110625271
2966,0.553451445519302
64924,2.20559131832706
689,3.03469455575836
64839,1.75720451087175
83890,0.115362792180997
85480,0.154497229720915
25816,1.43155530765175
56929,2.14544614999118
51397,2.17166597762501
9140,1.65996161513267
84466,0.234753587043714
171019,0.915780287132047
81555,2.41078527423724
23092,0.762282399210253
9547,2.4755287932001
3950,0.0187326529005272
9879,2.16043549416434
91937,0.189025347776694
153830,1.6207399382085
114898,0.314885306405355
2561,0.0696903035798559
81545,1.87105735346753
84651,0.0256268862991105
78991,1.55332688392295
10318,2.52690310302544
10146,2.0246733892304
91975,1.04726328323978
23138,1.76031504932529
55651,2.44865890115424
64777,1.99016390018786
91272,2.54413573808719
57451,0.430826640569851
3779,1.13150234398862
26240,2.05448990363761
340156,0.261525497986006
222826,0.0252228938178094
51256,1.64100252181349
10667,1.96248160931951
54438,1.19282159951131
54901,1.98776068499466
84249,0.0923747627007558
26045,0.0510881989588056
153527,2.90366899023386
2676,0.147900107438903
26249,0.413895460527376
51473,2.89464833523144
353219,1.17683881710259
81786,0.168213522886445
90933,1.59550969688488
192286,2.75442774266057
54540,1.46320076501202
7941,0.977039970872718
27242,2.60163491616132
22838,1.80989607079532
4594,2.54799321159249
255426,0.0132175827499873
79930,1.37918902347236
29777,2.3015015495767
170954,2.30300527066701
23500,0.675564187959735
5558,1.70019348061626
90523,0.0109603861112779
54511,0.962106445797734
51557,0.0272409292764164
221472,0.552425094838811
222663,1.72466625889538
50636,0.654128787112938
401262,0.0471602662673416
84630,0.153978341456371
202500,0.0256268862991105
285855,2.35973880453917
4794,2.08943643502347
51302,0.516410909288474
7162,2.62556575131451
134728,0.836875962161317
55023,1.67997979705644
167681,0.150163030160434
253714,0.49281669672436
84553,1.03678500205188
10957,2.25239395215852
135293,0.544056985979935
57038,2.01362733222759
256380,0.16446456804444
221322,0.49058253748045
154214,0.470967185942118
84870,0.610009417584312
93663,1.91957705346417
58527,2.15917739121754
116843,1.56103526466197
113115,0.770112632035052
154091,0.169232965466414
257218,0.458100286117919
51390,1.78812157799348
6993,2.2793210508655
26230,0.360823557384113
57583,1.83229572472752
154197,0.0530452976713926
9589,2.04000981868232
9202,2.25422400993726
79624,2.43046213486396
6581,0.332901146639584
221806,0.0408371562480633
2768,2.21496813823683
84310,2.33362146812439
221935,0.235535653620173
221960,0.630720421333419
79034,2.22207940600649
57786,1.54737323666459
9586,0.370215834842969
1956,0.951494353574685
84847,0.259404667743331
113130,2.05307993317817
3486,2.34854990057378
5814,2.1417547478961
644907,2.27582281128732
3484,0.0242120678044732
136853,1.60216026419415
4191,2.82546870691233
22932,2.03445051055065
2631,2.09747263961326
908,2.76387605503972
5723,1.95714809523863
168374,2.75311161287131
222255,1.05047626650904
64418,1.97419532714063
55262,1.51435301291272
56996,1.78954936176467
64599,2.12150848369365
89122,2.32469999417891
56257,2.48677448717021
7455,0.211088440665768
84928,2.10928333088242
340351,0.117898043586341
346673,0.170929192902111
92092,1.53637356678276
55281,2.11249283480996
11011,1.60904653346108
2041,1.78714132225232
64434,1.36338959223093
54892,1.76428824175385
57502,0.378323796350898
357,0.798746418855929
401409,2.0203946772544
51631,1.84686377962983
27147,0.407415009918487
57393,0.181701696408689
30011,1.81429300739656
83604,1.62038650183282
347404,0.0530452976713926
94122,2.02124446035328
8573,1.2071599665187
7403,1.4206600964655
54466,0.0921882600032804
4478,2.62099289143598
85417,0.479194623432501
55869,0.601339469029926
6567,2.31556986311691
79742,1.33663639015352
7712,0.235066506058863
7569,1.67825682326481
56548,1.28546177078238
55634,1.38587048788026
54539,3.0151435919215
7592,1.67834171474209
347517,0.679429530076042
9203,1.93360165090553
6872,1.66452165697998
84636,0.428274767776111
4841,2.59711185836209
90060,1.68726398919589
2846,0.120064920542551
10682,2.15892860495101
158835,0.215429139313264
8473,2.13184102030234
29934,2.64675273790077
26548,0.151031715914848
3561,1.57420787597699
93953,0.188030575137308
7552,0.665673267099181
1730,1.19330678278589
56000,0.0111658338983268
92129,0.032865928486596
5631,2.36445376907117
55086,0.254840736075145
84443,0.0173062599854029
139818,1.49640287350647
3547,1.67781796102469
158763,0.457983342357912
2719,1.12966836822344
27316,2.50830765804414
79648,1.44482136746333
9258,1.81171031422064
26260,1.43333661590407
89885,0.0717956175864252
50814,2.42585329420384
7739,2.16943782016151
1069,2.74084425192698
6134,3.10743483758479
55790,1.13133586127592
526,2.37629828019838
55246,2.42626227495431
79618,1.41289358961235
8973,0.994459077102676
2796,0.564947866396284
55909,1.47146102105376
9046,1.02562065330328
51312,1.55683785193695
91782,2.59884476371759
80005,1.30572064581398
6770,0.0266360241092229
11212,2.43926106852697
11160,2.27208430363446
137902,0.345632925870224
9705,0.0436093653522559
8601,0.0123974780415539
6867,2.12995113436279
51125,1.78581604219391
84513,2.46942276310758
84296,1.29437128405611
54904,1.93783004545429
85479,0.432402007376466
84675,0.154497229720915
137872,0.810323435425327
28957,1.21861222946815
51110,1.91182924487047
7013,1.39287709785731
6129,3.03632023343373
115111,0.055972413796195
85481,0.0406387916047836
245972,0.571577790288137
55638,2.18787653870716
92140,2.46726046571433
29967,0.59701228628292
9166,2.19556816274472
5440,2.75550056843338
114569,2.72461419930109
8667,2.77496021515538
84294,1.9836425016203
4715,2.15778361273653
83940,1.77733677702184
84985,0.483612946470448
56169,0.188030575137308
51059,0.181701696408689
7553,1.37995326692075
80728,1.92266622009943
55630,1.32227321790259
93100,2.09346402549778
7436,0.518674892603458
50808,2.03149904430664
115426,1.60386228728781
4781,1.97698129471129
123,1.86677084363596
54801,1.53698814184548
1030,2.1288830938481
1029,1.56602716389891
203228,0.842125065037487
84186,2.04896627682213
26267,0.738614819995086
10280,2.75432497664606
220869,0.684124349218587
84131,1.02512180316243
4915,0.881819101058956
414328,1.13366222637233
53358,0.280802933544676
549,1.50000069398784
84641,2.16985105867647
84909,0.902999963087697
54886,0.0324653828330247
58499,0.418842604688001
58493,2.16391281114469
7357,2.69954215608203
10880,0.0282481437700031
401548,1.73936457036243
2040,3.05203148563763
2934,2.73772576919285
92399,1.59508556210665
2649,0.0908815660467812
286204,0.186536110849583
210,2.18614819369066
23245,2.05959970197835
114987,1.55094689613397
54107,2.67380433976422
6836,2.94946426722311
26301,0.616231117405089
6834,2.71022523332709
6835,2.31276379791997
6838,2.12305624880687
6837,2.0218344900026
57109,2.25551281944745
6130,3.23661218019187
9328,2.34912884051467
140459,1.9494352614314
80142,1.96289713714968
28989,1.93698186049846
25792,2.17127523978785
114789,1.92306256956431
56904,2.27258985189246
84895,1.57148480791025
9536,2.72116414009709
3934,0.275916367201021
90678,1.71276986424431
256158,0.0717956175864252
57720,2.47127868807899
286257,2.48929013777885
56623,1.19382881656005
9919,2.70337985665679
92715,1.5193363396442
4851,1.64408044663311
774,0.016081724652309
138151,1.71851928521771
254427,1.77012264763281
9712,1.37239296028931
23412,2.02621238128703
22921,2.32642105682181
23590,1.11409593241385
221061,1.31238587004447
80013,1.83473492737637
6251,2.22344062621229
338596,2.27909867175853
56288,2.11574072049609
91074,0.573973425573981
6935,1.55918858208247
220965,0.214145460426475
29982,2.1017792195063
29974,0.0041525986866217
92211,0.0698819152678692
11128,1.80159118970688
26091,1.50439419887031
83938,0.513055855512418
818,1.70159222258268
2746,2.80433196243893
27063,0.105326723309871
3363,0.290047970008234
10556,1.86263222626988
118924,1.72945699734759
120,1.50852445816551
3026,0.0432138940104846
54788,2.54338458016428
1979,2.5351469382236
64106,0.0546076972506679
79949,2.28009080866669
6934,1.46976708666365
4288,1.88556238314519
1586,0.0234025367070836
9118,0.0244143296379668
282969,1.3117861156708
80313,1.07272112156881
92170,0.444052615159795
196743,0.483274019352167
9446,2.83603306303117
6877,1.35478029250345
23082,2.0728355691883
85450,1.73951240710941
54805,1.57795517129266
22984,2.09650976945065
8038,1.76887003277572
6001,2.61688785884102
84280,2.17556964430809
133,1.09787101935292
2620,0.25788628863235
159963,0.0262325134658017
55327,2.09725721816573
57689,1.0105227418251
196294,1.11233459853843
6291,0.118801602317322
27315,2.3308016249211
64852,1.76448594164584
90019,0.952057469780592
7761,0.80424091634605
7762,0.212859717645121
51144,1.16133672969107
51074,1.60046876303672
25891,1.20251931280006
8525,2.19368317799406
10480,2.28393921641246
85456,2.6501066341092
10249,0.152939572256387
710,2.42830085190353
6749,2.5619933838776
8501,1.94899775275732
5795,2.32368466768811
79096,1.84058169646512
84364,2.50727800715715
10658,2.21304966585778
51501,2.06615961430767
60494,0.0759903776592968
143686,1.17906270184481
23052,2.74943699665989
79780,0.381050530862117
283212,1.51106282441567
26011,0.835455404821541
871,2.46182339243737
726,1.04601174980883
92105,1.94581675992829
5058,2.36410742133421
6188,2.97667627974816
85463,0.431190482278659
54970,1.62814748738813
4684,0.125815506185868
1813,0.126710411468181
91894,0.0645001083526856
4863,1.53932400125666
472,1.24198938625685
60496,1.85805141948466
89944,0.238344734117321
128710,1.29854031668295
55004,2.82346605783445
283208,1.35400561304379
2900,0.672283039612697
6768,2.72186435854468
10525,2.37746073260322
80332,0.258342109370977
57325,1.6187281621796
26007,2.15958182077066
9219,2.58837797203447
51524,1.83858663889848
3992,1.96767240039158
117532,0.0304597993916931
6094,1.34941698438922
256364,2.1168342853031
3619,1.93255098454871
22917,0.0481439722271771
9651,0.2349100619558
79869,2.28471578723503
2206,0.689378255363549
26229,2.4437781264143
9538,2.83233565155259
80071,0.908578174745082
1111,1.78681038910196
9638,0.540932735968273
90952,2.15935859938054
84623,0.108441831261244
10205,1.84617472247942
6327,0.157086722449401
51092,2.18488543400412
84866,2.13656736918652
6876,2.52278088151878
57158,0.516734769110937
128853,0.14563089186569
149951,2.43212527209806
128864,0.469932252147166
85449,0.726738600424437
128497,0.470162363241625
128506,0.0187326529005272
79980,2.18242890896568
140710,2.17527586080051
140894,0.173466894741469
64405,0.275470619961327
149986,2.31907971589537
54915,2.46258893763532
81928,1.57872918387813
220064,1.13461496545973
83707,2.19196827010589
84304,1.98597704451621
83706,1.88352167685558
5331,2.0161667942168
740,2.68186371219379
10435,0.0183253569229505
2197,3.00333890432514
7108,2.57170497123009
738,2.36997332286232
6911,0.956152696514222
5531,2.79867085175434
226,1.04480585788877
83723,0.162925900453821
8448,0.857227200439342
8479,2.29894542648077
9344,2.33473100754747
124446,2.83385581855085
8091,0.0236049920866109
4314,1.89569915578897
22866,0.0211723261778742
53942,0.0086971754034013
51348,0.118801602317322
51267,0.56079797595634
283078,0.159839795484187
143098,2.18573820241483
3688,2.44021445369678
121981,0.073704942137793
1489,2.24667970865607
51503,2.45671472567179
2209,1.34627911113256
84159,2.1256736150753
1006,0.100724249243411
55208,1.09197418528826
55002,2.00013006344034
219854,1.28665830370238
114609,1.55527036249145
221143,1.7041629748187
26524,1.62770480331205
10284,2.55082588990512
23284,0.0846935889461878
57536,0.712286090259483
220108,0.220224652319882
4253,1.85919446456377
3176,2.06489193127568
116372,0.095353116336939
130576,2.37888002946501
27250,2.94500605500556
150,1.38108436997612
2823,2.60200224026218
116966,0.0304597993916931
132851,0.649760456195339
7424,1.40495610218723
79839,0.450696478669464
10666,0.322338075676856
161835,1.91417752052587
1740,0.352526234460745
220047,0.0334663908138561
64407,0.556827987410772
11098,2.71004455567534
54545,2.28252443482459
151242,0.253313542763282
341032,0.0294552189612712
22948,2.55300735848403
134145,2.04611589795213
1793,2.30565031450411
85458,1.96322637894094
1737,1.94246650676928
120379,0.954473021931032
55216,1.74606503575474
26521,2.36209934102186
3606,1.46961280420175
56158,0.0342663432615378
5805,1.86013994732161
5305,2.24595322358754
130813,0.720720777032762
341640,0.0314631865193807
2308,1.47726844951616
51232,1.79051314512714
9871,1.96464038200696
23457,1.27994857941402
196383,1.97811900915283
57647,1.7332346730612
7316,3.18785722150597
3708,1.69911451577969
84076,0.0150599263207783
339105,0.0072538062085478
23657,0.403021488814551
25819,1.67413446207382
219670,0.0386525717956126
57512,0.0996158349795007
119180,0.0477506279872771
93589,0.73080015771239
196513,1.45636517719533
775,0.400373012250853
3742,0.0187326529005272
7068,1.35921244189918
55768,1.83763927961585
54995,1.96469027817232
55293,2.15895813115428
144110,2.32584324883194
121053,0.691232851329412
90488,2.62386257791474
121551,0.255755636380194
89910,2.00897369260996
288,1.16797140197971
253430,1.44952611118814
144715,0.19233241404895
196463,2.41014077790636
9231,2.14372416010217
4143,2.36665058457181
114134,1.00497474818362
283464,1.82339638271032
5756,2.52234082510235
22982,1.76711714008914
1977,1.59989795973747
9223,1.87372605568322
93081,1.18945102718871
1456,2.28776633669738
153443,1.73790816228528
9472,0.398475526494279
64067,0.160354960735192
283635,2.07983446656436
51562,1.06856151853927
145282,0.849786808638966
2132,2.18967358364837
129787,1.46881858980699
65987,0.597494400117215
7069,2.0783967652671
4718,2.07701168164603
10873,1.63283263318644
81792,1.37081390286099
80224,1.50377778979985
140609,2.18218032593117
2241,1.01531028589327
63894,2.07875540075528
57182,2.43095688503437
26019,2.03570159887559
8872,2.40815560878254
132320,0.851374312069577
83643,1.54861114716426
132321,1.48736508889375
55691,0.89466215207798
5800,0.390325533156975
2059,1.79471498146529
27034,1.58296359850397
29087,2.30491087525724
112936,2.25604730291498
23310,1.60406211587134
143187,1.6777046364839
5860,2.21560643987496
57700,2.12791774324642
374618,1.02227039247151
79691,1.63975626907235
166785,1.42895517023761
152485,0.993513109244656
1909,1.69459494200263
4306,0.588667900273885
1646,0.747424414978202
10570,0.174311031346234
27287,0.227522251558552
101,1.7167322660685
3698,0.133657384064197
22944,1.35632619935244
5281,1.34759819521652
150709,0.476804457629873
3628,1.09782690468056
54842,1.35122945290229
9781,1.23742738895479
8853,1.52428848326862
6868,1.56303834752819
2313,1.19203695001722
3758,0.0086971754034013
120224,2.69321496599777
80014,1.37228605799984
79682,2.21707930135587
2180,2.37608546396594
291,1.12117269668733
196394,1.22481476170502
636,0.992671007768822
60485,1.67544635129625
160857,0.729210317279649
387923,1.26604414219253
51594,2.11573595861077
79750,0.17042069729137
6999,0.329165019660446
60558,1.96963377551503
2555,0.011781879253164
26278,0.697517613614101
729665,0.366393526931308
5042,0.227048352498339
55835,0.682761908703445
26272,1.78818758140023
64417,2.20765087640996
56477,3.00988446219239
79668,0.768764010993997
2674,0.494265244135316
143384,2.0713002727613
667,1.99085063772049
221336,0.377803305483126
7073,2.14901711974242
9531,2.92735180130134
144423,0.0773206608342586
121256,0.0422244019181622
29970,0.06565627325421
23704,1.94689984777595
130340,1.02492214661523
9910,1.85115398131334
91409,2.40782680368191
148534,1.1187525116475
80097,2.27737983384246
112714,0.167533181874078
460,0.0508922379282558
130074,2.46415862926684
5784,1.55412374582179
4249,1.94739930227127
81615,0.365732565180517
253635,1.77703201778875
26353,1.02626853732765
79833,1.95982757131168
130733,0.684634564155379
79596,1.30871677560695
57105,0.250096796474622
115761,0.769513584417813
26040,1.13436657773378
120534,2.10710983633471
57724,1.59986436125097
9050,1.8692775257578
498,2.67764291451831
115106,2.37067745083494
147339,1.40375094461784
57405,1.81932944766673
5163,1.16042773548232
5140,0.582688860796615
83439,1.93597083056657
10618,2.78010273894814
284948,0.552425094838811
56659,0.814393760668445
127933,2.42439781836729
83734,1.08425859192383
134359,1.54130626328563
6695,2.0454993776766
167555,0.586908846220241
117143,1.9385392861351
2977,0.49102991617243
143884,1.86618738207809
133746,1.59765836083834
9456,0.949349809093
7518,1.72813148657877
284306,0.763946532369108
374928,0.908940254090495
284309,1.81720918715951
10172,1.73514243264306
79723,1.42233490565186
64421,1.22671467380831
55301,0.0336664500279098
10557,1.78420913634017
9397,1.16898523559029
284312,1.17917749119925
116412,1.37794800720555
219333,1.74486217365245
152137,1.47939088967876
814,0.273982964216867
55521,0.82294220203082
678,2.35931781816234
255967,1.92770987507363
130271,0.693082408642988
5213,2.30122160231421
114908,2.90056697664298
2893,0.0614091674392234
285313,0.0970237498872507
79925,1.0346277245623
8404,2.74579354525218
1834,0.0183253569229505
1758,0.124022765722675
56955,0.0921882600032804
4154,2.14206899568336
133690,0.159839795484187
133686,1.81958479273275
23171,2.41449037098216
2697,2.2307286973909
10309,0.828031383733431
54514,0.0103437444480222
165530,0.274131856763766
55676,2.17809880763099
53918,1.94066696639538
25780,1.02327243434175
51128,2.21020443070314
347732,0.589155750115416
160897,1.17065797000264
200132,0.210282017079342
79819,0.904824397568542
118932,1.73953704168623
10160,1.46839890603649
24138,2.19069574924426
387700,0.071221967357895
53354,1.2213854087884
56978,0.166341210435776
651,0.239278889746858
9987,2.48476301071098
3087,2.0193328492163
7402,1.89401590519339
2911,0.0677717653179942
5796,1.27608108648659
9453,1.92060678467643
85445,0.0099324012091867
51351,1.42320651867806
25859,0.0126025784990239
115827,0.0873244225138922
153562,2.27862970300785
5884,2.06132798268218
9412,2.26623146407781
5352,1.87360960864922
55351,1.94798739647631
140767,0.134898070440325
152789,0.0310619747051902
7545,0.0058079828238362
166647,1.5700188849706
1360,0.40339908327294
285672,1.57767339583267
55203,0.40239174352277
10283,2.05189708429919
3140,2.01740532506055
6728,0.909965011163158
64946,1.79729590840317
9425,2.19537442647536
23589,1.96721237420071
146279,1.51668095368072
55024,0.247175088598107
51061,2.47514030420079
1601,1.77853114170955
130013,0.0710306629776471
55289,0.56323011120411
10018,1.88424669348071
64682,1.20926648171235
60592,2.31032180708259
1047,2.73290090130845
1070,2.02323213147227
8467,2.38762088781158
221711,0.0681558255976688
654,0.911769327339601
653489,0.0723688738166034
283349,2.38550694715037
3192,2.50355100983221
5903,2.24665028705426
25909,1.8336504100838
10461,1.17425884492413
84910,2.43338036150698
5801,0.185371832096218
4929,1.47557259716096
130940,0.710324564399292
22925,1.68834437186974
5937,1.23618599625438
6328,0.0406387916047836
10225,0.915660928656858
9481,0.658999296400935
266977,1.48253600288659
221393,0.011781879253164
79981,0.0400434172142254
51571,2.19852902247605
50807,1.89976760848226
22878,1.66443411613333
153643,0.016081724652309
84791,1.21807732456891
125476,1.04630079963593
79888,2.34430020661181
153478,0.0805425329522405
57407,2.46934834990904
124402,2.05774058711653
146556,0.730482490799653
26175,2.10124430074615
3621,1.395029561986
121793,0.251936539967536
113622,0.249328971537643
112616,1.56985771317777
25827,0.976120617416311
7342,2.10254555177804
64795,2.23420295494337
925,1.60678451879415
22934,2.10809852340275
100132565,0.0070474104382352
5789,0.308073192108112
286343,2.82750640716013
154043,0.202498771328752
2960,2.02954854527132
10428,2.11795766902323
90316,0.115362792180997
55625,2.3515954411485
339145,0.224991526000587
136895,1.00533589181912
9407,0.036063467897197
221895,1.23334783900333
80790,1.49336679404592
80309,0.0113712320035829
3773,0.08431707500591
55022,0.426934582233641
9320,2.15929961160923
130888,1.19717313130515
1054,2.20362695081157
79047,1.66455083348846
148103,1.03438208458765
255231,0.692746499190481
163175,0.616793993774167
23576,2.55839848570644
140890,1.68927030853108
1105,2.0094244945986
8526,1.22562478542263
9653,2.09777801876876
124540,1.72485736925386
781,2.04879483785835
221302,1.37388727215734
9955,0.249175317063297
284161,1.61167439402019
116150,1.82939356248373
223117,0.1377268877932
5529,2.11448139328901
10750,0.491253502857235
125206,0.178854214978051
26289,0.632373044099645
26256,1.00456174773981
55364,1.98861926530938
147463,0.880621307584286
135154,1.44644074169992
83539,0.132237153018681
7070,2.05147737416424
123872,0.378063595534051
404550,0.807359992259609
219899,1.1959863385999
57338,0.0434116529118274
56172,1.76069056366532
90268,1.42218949037885
84959,0.487106039578701
54538,1.3381797924963
64221,0.304644581734644
84897,1.14115821377192
4900,1.14083077882408
54463,2.23942019465511
2838,0.591978651219414
9868,2.64179599892327
25890,0.768163740080748
284,0.512621812268888
26207,1.84541734898798
200014,1.64622724758258
204219,0.0382547653609949
5578,0.426934582233641
79705,0.934762971063936
201134,0.367185924879962
64090,0.0792173887819751
10350,0.204451677668282
23460,0.271148627504242
10349,0.0863857947605423
23461,1.07566123190202
5169,0.394538859946623
55286,0.132770028068318
7345,1.19479701387669
375056,2.32297229312258
84976,1.03903201456557
23043,0.285218964594388
157739,0.0177140457770852
83648,0.280802933544676
252969,2.00551466156261
5239,1.049423176594
89780,0.112819716306845
84033,0.697601019122525
91694,1.32338983479656
81559,1.7835313114138
55740,2.2000880759458
126731,1.31513603138672
57630,2.00194632041637
115362,1.02810868287284
9184,2.58028610132016
129881,0.984612226795105
118856,0.139666044552042
118611,0.0074601518934053
388650,2.64695438975282
518,2.43150220126298
728577,0.0298571944893556
135295,0.0761805481519545
27295,1.05466999463644
8470,0.992565662798562
6921,2.12599771119026
23643,2.12390910578841
1525,0.812852840185587
10950,1.15852598850859
54149,1.21114829980558
140578,0.120785946840467
4685,2.36055143461996
91133,0.325410703903337
5137,0.221021111993137
27342,0.535064205209014
54148,2.49570453817503
58494,1.38903661807952
522,2.57006710412736
2551,1.91133181986216
9510,1.65761238295586
11096,0.871533038671713
80746,1.23549511637728
146857,0.453643368845295
7508,1.98943581966986
51244,2.0094244945986
152273,1.39951029271795
201163,1.58006311855523
285381,1.93491107064345
92106,1.39808886717968
23228,0.825147839966429
30827,1.88377514329276
220134,0.925784534390069
9989,2.09608268378538
147495,1.00600601408198
63895,0.639761596733006
65258,1.08592697745169
124739,1.32928615714
51560,0.630812336769254
146956,0.873131305648142
2047,0.381050530862117
84532,2.3640823419485
91369,2.26024560978904
7566,1.9773609047878
81552,2.27293149293668
139322,1.56906896874935
27123,0.96794815504006
113612,1.27421735109075
222967,0.0316637209677261
80028,0.877204644853122
150696,2.44689604229569
221264,0.65011809203096
7071,2.28873853041874
5799,2.3163913548604
51582,2.66588530533789
528,2.48012959827415
55529,1.8556902306628
51633,1.68264998540025
23097,1.39801260752407
112495,2.60713727681206
158219,1.93577138285746
55326,1.48307253697892
64210,2.23255720843445
55361,2.11427107701881
83742,2.16250012010095
118813,2.05803621870982
401647,0.268154026302202
27201,0.0370602183099194
152992,1.1578509186173
81894,2.42832309686648
6782,2.28142180310137
64092,1.02929926919602
29761,1.88790434061465
65983,2.12201890777455
54819,2.18540594989324
388272,0.853419035489914
4343,2.25999751809264
389,2.91301906364169
333926,1.9044765355756
1622,2.77812066510309
6566,1.72883892536575
55027,1.48240714745206
378108,0.0268377072511832
84365,2.14000582852513
5018,2.54558980045881
9056,1.63674200790729
9947,0.0979504261429475
23367,2.53016114891799
9337,2.57387070186957
2890,0.0105493414072734
136332,0.451050725252014
133383,2.02653398532706
166968,1.9934133683193
23165,2.18041542056646
342357,1.37503175982502
138241,1.0924641669615
118788,1.60927706760102
129831,1.64084884745865
7273,0.0510881989588056
11326,1.40112994299559
9601,2.95034916180967
79831,1.20012909762849
255762,0.0294552189612712
146183,0.105143115389858
130535,1.93783767848202
285172,1.36987488774886
130540,0.303068065558585
151254,0.0569458532680942
65062,1.54620741583006
8324,1.67710921232869
200162,0.0162859366995967
64798,2.12885095740951
56254,2.1421220805466
133522,0.419705006074494
9844,1.25551763933785
1836,1.93769262570454
134353,1.23390278049673
9443,1.88308429338554
158297,0.156914345654153
10670,2.85490389044288
25769,0.51153556662742
92370,1.08090746098093
114,0.0089031710875008
5922,1.55005132297472
55005,1.70372218722276
6503,1.40633351150185
51643,1.18374991428527
7411,2.51248534008083
116442,0.364806254598206
1193,1.47062577950375
2334,0.0625696085978943
286097,0.26650212078422
23426,0.214627081559606
137492,1.79055690153176
3798,0.057140405596366
10,0.987806108949932
4107,0.0811098068644656
23362,1.39405695046522
138199,1.61840546172519
90550,1.84250921509372
91748,1.81987059439905
118491,0.485530576930441
9630,1.32596664464236
145483,1.90448483589645
2776,2.13538375008397
7363,0.799247831806903
83873,0.0759903776592968
4325,0.44226286254589
132,2.28998346540524
3778,1.04769589184561
10538,2.54198738563532
1633,1.99683890730745
9508,0.202661695187666
286148,1.76996196591735
137682,1.67853973235525
128338,2.30271004867514
157657,1.11964534309657
161502,0.114818507485862
57188,1.6540879159469
419,0.0242120678044732
9154,0.158808484775876
123720,1.52521383339953
10563,0.675564187959735
29104,1.29480514409932
10069,2.02200640873427
10600,2.10546743112296
10694,2.77692374883396
56911,0.899825008174955
571,1.84876229737535
9073,0.646713058634343
7102,1.00631505034206
7074,1.23390278049673
57466,2.0110707747469
6103,0.849919250795099
23552,1.19330678278589
84108,1.45044343058533
122416,1.89869961317298
119392,1.95144596369143
118980,2.45088851886045
9556,2.40320849537306
122402,0.141249215496993
8817,0.595757243745085
5097,2.51955271890352
153769,0.76530499448822
392255,0.10183118094478
7381,2.14282029261977
51001,2.03602111394689
9791,2.11491597668732
5521,0.0416301479021601
6156,2.74057228860874
3788,0.0074601518934053
159091,0.549027655773344
6832,1.9701823149282
159090,2.14329676316029
1915,3.28121415330032
286151,0.759702315082381
80201,0.107160562124483
3098,2.80747150689974
219743,2.36930798505736
84295,1.69187196202723
135228,1.93029345461738
57497,1.44088997782151
4838,0.141600615410859
9246,2.88607563920612
25921,2.54376730262891
219541,2.21133085114257
60685,2.65324188913559
27020,2.42063063949339
23522,1.73263443787313
142891,1.82972256234486
80223,2.05315338348865
137970,0.0074601518934053
219970,0.774959866605088
10813,1.9157300223708
9131,1.80297435389475
5603,2.72923964317843
9530,2.01906073977182
931,0.117717212784645
3532,0.364806254598206
93594,1.21718466345324
55093,1.76100714949359
29028,2.1573686389711
114907,2.07997109733359
286053,2.36283727235382
115509,2.44110264762705
78994,2.33963140982704
64319,2.34076698885151
391059,1.2965988192575
5261,1.86566703500481
64645,0.54416089380649
163786,1.32611267681139
3681,0.187864660276894
139378,0.015877463426456
7547,0.373757358787233
115416,1.89739230262197
23355,1.78695382508213
2585,1.43160289122942
375323,0.0440046509270564
93010,0.838563030050852
255027,2.27064822748821
701,1.516160146968
5147,1.82564663347186
1974,2.6819783369296
7862,1.66102141779501
285367,2.0410266613999
9797,1.63093604422447
51738,0.317846881587821
6396,2.51233996044829
9941,0.687264613248243
123803,1.88488328874151
23057,0.167363007422608
9372,2.12554852821478
491,0.0344662129356738
6529,0.11318349351592
23049,1.62963052617567
115548,1.94890128692538
11030,2.06723808865604
134285,0.19923333149162
7079,1.18097279973917
6854,0.26424391833909
3084,0.0440046509270564
54953,2.1659695745047
1376,1.28385169141669
55707,2.06760231532199
7804,0.331934259048962
22976,1.38448892622789
261729,0.504435084361618
23648,2.10302923759198
9069,2.06099624615366
4323,2.75827012622512
8321,2.22915892805384
57798,2.25208207147625
203328,2.90495622096477
146456,0.310492663971103
348174,0.0064279224007442
10901,1.93005998613413
283971,0.0080788886488122
221481,0.655903864780726
11269,1.41212765662768
6483,1.14904145567863
197258,1.84473548524946
146433,1.26721934172967
115817,1.68722238373776
776,1.37180472359503
415,0.438670373637615
3815,1.23715176693089
54768,0.0041525986866217
132949,1.7002204211458
7567,0.570677340530803
55799,0.140897664497433
54778,1.95764192007843
9133,2.11702887687569
145773,0.289318218168851
4643,1.68206110324262
26060,2.15816428121642
139221,0.614257476097609
134265,1.19909629356253
1831,2.57230666076003
10311,2.02338506771008
1859,1.70397602760833
3763,0.0238073990491231
3772,0.294412212106685
2078,1.31825744531941
2114,1.72619281346826
90139,1.45209036284678
150082,1.31799061604514
347734,2.7720878234138
84187,2.86774029869996
4599,2.5233670334777
90993,2.55846042308873
25966,1.98286796943356
257397,1.68971186945929
124565,2.45950156881386
257169,0.967783586989296
445815,1.76771761969262
114991,1.54977111055499
9162,0.205263987534888
203197,2.48765953555274
136306,0.589740725446006
79856,0.871340976423956
254048,1.43730396451238
673,1.30474857678138
10568,0.627865006205672
176,0.608682530253595
84262,2.27444498472946
9478,0.0660413065929845
57728,1.59445713378108
84255,2.15485995595416
10239,1.64189281376009
114793,1.37027753176302
150946,0.653417475327616
121665,2.22298865898
92749,0.0130126308322217
9364,1.98555179090459
127281,2.46453373795413
8764,2.00456464761903
55229,1.72209731266466
84465,0.0398448655326076
64897,1.69981614131124
5192,1.97214506928847
11079,2.59859300070749
55698,1.43260110723654
6497,2.24248249977892
26100,2.11471546483277
26119,2.18859802448019
116987,1.57450946963439
200634,2.68196543463626
100310846,0.341821847516293
5051,2.11903981164224
2134,0.484741572377329
7780,0.281098111931399
9577,2.17670622748366
84676,0.0888240246898696
144406,0.0604409028617613
63875,2.62903671065605
1844,1.14734400704596
57822,0.487555549538459
91544,1.65196300845842
338323,0.0310619747051902
138639,1.0673543540323
79623,0.520287699595173
4690,1.75206569067345
3242,0.148771205374627
114822,2.01164529340368
127262,2.5217986098877
254050,0.0959103684817372
195827,1.45354974508036
7498,0.40866560090341
55113,1.29322295537707
26504,2.40053553216794
2140,1.78493022356855
199221,0.452466019754302
11013,0.899825008174955
2176,0.797455303576408
22808,1.56519581526156
10163,2.44064552633029
171586,1.82752430700716
83850,0.103856716718738
55179,1.85448106379032
115572,2.11782039667084
64084,2.35001434963082
81035,2.11480618639213
388591,0.281540670997815
8450,2.23007693983061
387509,1.37043850156529
64849,1.14168989506384
114928,1.7444117620825
54933,0.669420823246229
26053,1.37151035376473
57477,0.932094660099293
3017,2.97192814896666
995,1.453481432015
8365,2.22694482692696
129531,1.34692503675327
9669,2.55807189992352
158787,1.61638345335639
375307,0.686671617072303
55571,2.46275272859721
3745,0.0590834488965626
340348,1.46183668156044
9542,0.0752292615879394
23382,2.18582414543754
9334,2.24264795559132
912,0.560696456760713
909,1.10801600176802
9825,1.95555343543863
911,0.416373114730743
55199,1.59089138227791
910,0.132947576137209
55567,0.0264342928541542
913,0.538318773010721
57824,0.266351775393626
1358,0.0852580403731478
653361,0.913029262423705
90121,2.48282898899551
55607,1.72687803155095
124245,1.61037875215363
130617,1.86609614097766
94026,0.0119871284396815
81544,1.66835672650618
1780,0.242539798732235
5207,1.24212600149932
212,0.0193432301006561
222068,2.72388971123506
84919,2.33393994517833
26958,2.25937805506028
56946,1.58738449080881
90737,0.146679006037627
137964,2.32622856922439
168507,0.0714132279076869
9753,1.19371699328553
8407,3.21755760302411
2005,1.79556983276689
56833,0.704323048383895
85414,1.76182684549858
54935,2.6372692083378
115992,1.17263549449284
4681,2.49032147517776
3362,0.0105493414072734
50848,2.5329065231209
7391,2.45579354087506
124044,1.60045198469856
4817,1.97032986630616
9191,2.16296330812831
92822,0.662080879764895
10361,0.278585543095568
1896,0.242229813078949
8822,0.0475538868142473
978,1.29607371077831
65018,1.64846978783433
8703,2.33663058355373
2039,1.26214119276295
9507,1.17433603064021
64760,1.95193966806471
4720,2.41454660754166
115584,0.169911882448397
2207,2.62913742617151
84134,1.85089839208451
4359,0.282425039389023
57805,2.36568568805636
7484,0.186868453469932
57685,0.811378548892843
56990,2.17651371054693
51735,1.32224380131906
2035,1.0762108653243
54069,2.23717823572712
79053,2.6142825313589
54461,2.56393571298262
56683,1.14193511937821
8867,1.39403133041974
94104,1.41584762652682
3455,0.113910566782623
124995,2.42641340312396
3460,2.39452413986243
2618,2.16863860183139
6651,2.49463993523041
29980,1.7592453885741
9900,0.760158353708979
3898,0.73609882670747
6781,2.77324455807026
7135,0.0814877748095437
1465,2.49562756539759
714,2.75471515192791
9992,0.0370602183099194
516,2.29107500641716
1827,2.59825523847032
65264,2.58437107057268
148523,1.79283692069727
11267,1.9508261111861
54102,3.00513574579778
149473,1.81121061485522
861,2.51806355915457
10642,0.0082850342053478
2695,0.105326723309871
873,2.60155526503912
874,1.61095321826972
70,0.437469010388259
23515,1.82677224426046
8208,1.94078062583744
23562,0.139666044552042
6493,0.0051875911285856
3141,1.91755777402656
80274,0.514356428733581
201176,1.62387681807379
83440,2.03577262572555
5763,3.12932579515043
23569,0.0266360241092229
51094,2.84476235195998
51706,2.85252710784524
5710,2.76037472691248
23400,2.53368947234463
130951,1.81243797887907
5692,2.97029794482253
79190,0.235535653620173
7832,2.90179023274049
3099,2.72351763901582
715,2.44774398691895
11189,0.011781879253164
8659,2.22567411260855
57519,0.317283644693796
117145,1.64270483963694
7062,0.0610219959658159
197131,1.83884020291079
267,2.67379025121305
112950,2.23200456879755
266747,0.133657384064197
64843,0.0183253569229505
89970,1.88007988294272
149483,0.33359103830158
60313,2.3889022100206
8883,1.81612957720777
51249,2.4951816149207
221188,0.602393188728104
1636,0.906522433340202
374739,0.0380557917082188
9813,2.2946903154565
10417,1.96453344011569
84303,1.70480333801464
1487,2.10243688054923
55282,0.226416048171687
51673,1.17664669012935
29800,1.87390514001661
9114,2.30781785746749
181,0.21253795878428
57732,0.568672248605575
146206,0.252395807572227
388284,0.559171932894913
5304,1.08222303195324
9715,0.287564027265202
6002,1.50882976421955
5681,1.88844021577177
7791,2.65212306634613
29,2.04609286876456
284348,1.11619391239117
150275,2.22430435019945
7773,0.967893303936665
203260,1.47533296815502
7673,1.09875260990156
4882,1.59993155579765
7638,0.649671018311185
353355,1.11922035793008
9310,0.846200498593806
10020,1.91425042906504
115650,0.391476954595088
2909,2.39620980591942
5739,0.683102773804615
808,2.68192976031806
1676,1.82370992439734
79140,1.54295821212695
55721,1.60800770786893
56063,1.30723595432436
55108,2.46331291039376
653121,1.06395170918729
83858,0.723375253942241
29101,2.44758746193894
118424,2.19627760111275
149076,2.35202442580466
252995,0.190184365999048
27151,0.840111240047713
2063,2.48063469082597
126549,0.153978341456371
131076,2.05551301038738
203547,2.12577087468536
8997,0.848062567913615
148113,1.74562801699311
9619,2.52381225396795
7033,3.41154638194141
7032,0.0555827213422205
7031,3.6204932388009
64699,2.74147428993281
53347,0.491923852706397
89765,1.65956354782935
54020,2.15503913102109
5152,0.587593443240793
10785,1.65378923474548
4731,2.16006568299216
5316,1.57879948548093
7307,0.0072538062085478
11077,1.03152524298009
23076,2.26764680072739
8566,2.2541345024546
2539,2.4250224430497
1476,2.58773578001415
8568,1.98954278026442
56894,2.1636423808304
7109,1.4166569751851
139716,0.656346921279831
8209,0.0863857947605423
23308,0.428396483612593
326,0.0084911297831118
755,0.848659944950635
7617,0.529995666112158
81543,0.747811546693663
3689,2.13152217551042
85395,2.04521670596585
5900,0.698934115962481
10841,0.0696903035798559
84221,1.42761407740007
4047,2.07645512248676
7410,2.13739760440315
8888,1.98433418788346
54058,1.14629066208506
5116,1.53735267312345
23181,1.49393356444661
6285,1.24413711881475
3275,2.08181587822813
125875,0.604400459318411
7757,0.90269537485802
11093,0.673925578117107
11094,2.54279254909249
11182,0.98605155055219
388561,1.68565241465124
2220,0.60640201036466
138162,2.17600784781244
148206,1.12341394611068
26086,1.63661792034689
126526,2.00279957067438
147746,0.34413797258896
286207,0.746339248995589
27433,2.03728467258462
30815,0.051479983874231
92799,2.41713011126009
112724,1.06688939949211
10444,2.51597907390393
84885,2.25883941567968
29941,1.59464405229627
57731,1.04417782468761
84446,0.766058493581643
125965,0.250096796474622
147744,0.123304573053134
84814,0.470507395041283
57551,1.96980263941937
9442,1.75528460910048
162989,2.28610669665149
23387,1.80840965942379
196264,1.49571356072878
120425,0.45352571816702
284086,1.12028223312787
116238,2.49403176923811
9159,0.577849173095204
6294,2.31607890340961
917,0.709997089252401
6271,1.32774547751036
26097,2.23052644353154
643,0.009315012732202
51043,2.33549518194263
80308,2.17374661734091
6464,2.51822665886988
55823,2.13529358006633
79671,1.51997305729605
103,2.71289213316424
3570,0.995088902903234
55585,2.36130908430984
1141,0.0400434172142254
200186,2.27314295259167
55129,2.05832047228898
2224,2.09952525361531
23623,2.33826189052811
10712,2.17058631673556
79957,1.12467871548265
11243,1.84897164863741
9673,2.13141279176997
4000,2.75200835510049
1234,1.50200641007556
23218,1.69133635533373
151903,1.80846208713899
5745,0.40239174352277
56893,2.51301312852295
4634,0.355212642920498
221908,2.04977098589522
54865,2.16232470051631
149499,0.0999854713451175
115352,0.1377268877932
563,3.06881754458206
2264,1.81201192821826
1576,0.0234025367070836
1551,0.0334663908138561
112939,2.47953923372301
3101,0.447144668733857
54742,0.120064920542551
9592,2.22561149577542
84124,1.40740780235154
10898,1.93613951539337
4061,2.89547533804184
51160,2.70776066452896
4796,1.41746503167497
84939,1.47426411228793
9401,1.79839261860841
9684,1.97217303682602
84449,0.861923245979833
136227,0.185205369304919
84988,1.81087715157869
8928,0.0942374869521354
80228,1.84517738440529
54784,1.9471831984221
10603,1.08457459820798
51149,1.00760099923506
8878,2.64358365179052
11282,2.17282341646063
6132,3.35536410898774
9794,2.1171047865318
114770,0.953350687508001
222229,1.71449476064291
222235,0.249328971537643
222236,1.62011320609328
92304,0.179525113835239
5701,2.18914782767563
60680,0.940696363385363
126321,1.92171336668116
440792,0.250096796474622
150223,1.73843945153407
164592,0.0654636900743731
1857,2.35564876494536
1173,2.85387351414219
55324,2.34307240526449
5130,2.17689463080393
126433,1.74239746453376
93099,1.20478967362414
199746,0.525424643274929
622,1.50509185262444
4868,0.0350655380227658
199745,1.93773080265714
1346,1.8428376440808
84911,0.8138338482899
115399,1.77946402582159
57125,1.26062492083969
93210,2.32372347930397
22806,0.733810512873015
2905,0.324713451809853
2232,2.21834687450754
29115,2.07936638357533
51,2.3248805063569
5635,2.03827953126974
114757,1.46266452424054
6427,2.50203551266756
84765,1.42085456210459
55260,1.25940222621789
317719,0.142829326952615
147872,0.0142416006900836
126133,2.18983964953324
3678,2.13604580096528
114132,0.0491265280900879
25946,2.81273788418035
400709,0.201683655587212
4356,1.12002756167721
146894,0.352122458468267
162417,1.68683387901258
124801,1.9392320422861
92591,0.709751378757596
284361,2.16124100868653
126119,2.40173647426262
50944,0.0837519842731955
284069,0.407915496069866
80174,0.810604966248881
113026,2.07912948505252
91010,1.59655988882871
362,0.0211723261778742
29127,2.19872099724509
113251,2.19855537827993
160622,1.04063879160478
125950,1.92299918019349
256126,0.806652419999008
147841,1.7470588270821
117283,0.0282481437700031
221496,2.38083382169999
246,0.217990328581639
340205,0.365732565180517
115950,1.18234405479015
400569,2.05340187702408
58191,2.52971244619258
388325,0.816907414967927
255877,1.58957079122735
433,0.174311031346234
8741,2.38122053016884
26168,1.58681472072547
2256,0.183872429292585
1973,0.198578647323509
6154,2.12096917545447
51728,2.52913639998201
79622,2.55430947041105
197335,1.37212566305023
339123,2.1963685466255
124093,1.42634153104521
6755,0.0290530521054448
90864,0.131703931397248
254528,0.114092234949886
64711,0.201357377395245
80178,1.63038597765908
899,1.71208850221161
57465,1.69033207548818
51005,1.89397330778896
4917,0.251630213228408
146439,1.83597372385686
124222,1.82063517434919
114984,2.70356380548049
124220,2.97719587849925
7627,2.01992586464763
115,2.37351371197463
22941,1.48810872234444
81570,1.20839579054656
10825,1.64403465990144
220002,1.45945734610081
220004,0.619788371456864
80150,1.96852730952886
2785,0.338540088196072
51035,2.73323162872526
79081,0.601051816662456
283237,2.1427452343755
10629,1.72327501613558
10482,2.08282865149794
6811,2.53468523518663
283130,1.41827179964815
6159,2.93701907164729
3699,0.274875896069334
84447,2.50955540292846
7542,1.04774393999373
8986,2.14002807689642
4041,2.15881469497907
219931,0.497375461685908
9965,0.122945241276883
10158,2.43509837402841
6886,0.484290330674094
51727,2.53351018036549
79656,0.428031276547784
1996,0.0822431961241168
65260,1.97993241754121
79699,1.88807728112826
6512,0.356016728939658
54987,1.95301335150407
4116,2.36891753711918
26027,0.167192797265528
338094,0.0581124904196997
25973,1.75890394919478
163747,0.2349100619558
23358,1.95246216936479
8613,2.04041922526538
79707,1.28766384326014
5563,1.77570887791205
9903,1.99496524012418
57643,1.93132684404385
10691,1.35442076330915
50651,1.09406486575641
57190,2.47844912914048
205,1.77380179769114
3716,2.62768686773234
55225,1.83587554156001
11330,0.0227948798627598
84328,2.02152115135816
116362,2.17323267904023
54751,1.96806829458945
284723,0.153632232210088
22977,3.04010752819523
374946,0.488790279695056
10630,1.78835254509216
9249,2.37966865141134
4146,0.106427514965708
7805,2.59011486791829
9672,2.28920773146729
553115,2.76268098743164
81493,1.69968129945702
5928,2.45015806854256
57648,2.81347495308286
81629,0.275024619310281
255104,1.98660394292295
127733,0.846932669963899
55450,2.62895722079067
249,1.03815375853274
54361,2.36315071516659
254173,0.0489301088118718
6339,0.817116447862282
54587,2.52525082860189
199990,1.85054788256058
1953,1.56160062777574
149233,0.0366616595234452
9077,0.486431256489818
4774,0.715461469955379
115209,1.82259629169064
114803,1.42578829239482
83941,1.95959655779202
7398,2.33350603624079
8880,2.31701271374398
91624,1.21287970611788
11080,1.81078331735013
64123,1.67746372669647
127255,0.415383035402473
127253,1.95648626367782
51375,1.50748497902049
8707,0.0758001637739616
22854,0.0260306859239784
284611,2.04489916647408
113802,0.963157646212925
254268,0.14598041277754
148423,1.56973231926372
126820,0.661993025717257
2634,2.62965243407491
127002,0.591395528274822
115361,1.74138067138801
284695,1.3649372221717
164045,0.085446105720894
339479,0.977796046788541
2672,0.404405076645997
343450,0.074848442848116
178,1.65630691819506
7412,1.6339418632564
2135,1.60479408570854
148867,1.94561475143349
23528,1.94394233058118
10092,2.17082290470478
57863,0.265900566771856
114548,0.796305502988002
84838,1.68723625265472
25893,0.38878757142678
89886,0.188693893295454
3765,0.0189362275154237
93185,2.70653860484808
4921,1.44816997767168
8682,2.92719682325585
5824,2.50353371765006
23385,2.77731409438048
57216,0.633381050508079
114836,1.17263549449284
25903,2.13010671948135
127943,0.387888980590445
2215,0.0142416006900836
126823,2.14785255344523
148304,0.965695222665696
4009,0.009520858735307
28982,1.6110024250623
467,1.20001853167766
64783,1.67612929634455
79961,2.33531803563753
126859,0.105326723309871
163589,1.46091772529266
51278,1.93369422291366
25992,1.32286120552548
10380,2.19639127926262
128153,0.660057393841329
79762,2.06966130930981
148362,2.36188818669969
100288142,0.193651446974822
51205,1.18165884634411
128025,0.016081724652309
55083,1.12201947773279
64216,2.16241659787981
163882,1.95476462740501
129285,1.90301299921226
55220,0.337168542464361
148811,0.179525113835239
91461,0.933256204661166
165140,0.374019038847603
23498,0.890699963819427
148789,1.2797893151377
574431,0.0189362275154237
9261,2.85082049591218
50604,0.349830363419514
11009,0.148597060175241
9214,1.1568169004022
5284,0.73704343286608
824,2.58277722315046
128308,2.3791148683597
574407,0.463111431831107
80232,2.38364650248459
5966,1.10654030042013
150962,1.13643318685209
5194,2.02344010960704
84542,1.1464528420905
51127,1.55683785193695
130132,0.604686744692285
27185,0.39428417481785
92291,2.3453419513339
51072,0.395302400148203
84661,2.46204895114019
129450,0.879863638422986
79568,2.11403671670564
3754,0.159324303618878
130814,2.5261988079507
26225,1.76020937692408
151354,0.710242710482638
3760,2.11845425203996
130162,0.814533663458547
2487,1.80972885012775
142679,0.923372170115897
112942,2.51900252460136
129401,1.72614201390649
165055,0.709423625810316
150726,1.07239865135732
72,1.82406364045488
80304,1.81192874598006
79677,1.65852988708537
7447,0.369426585434945
90557,2.96713283703879
3020,2.24187623802743
56997,0.025020825205399
151473,0.711796242343262
150483,0.149293418032261
2019,0.252854808413677
6443,1.7349682127043
132671,1.22713598718992
115677,1.68123255284618
200373,0.215268792123166
151278,0.0205630661837875
130367,0.272492483419826
3625,2.52240431009499
129880,1.30871677560695
56916,1.97527883019356
27306,1.05319604694291
10611,2.49369815682506
285555,0.0818655711838594
93082,0.389941335908923
23248,2.22596964753959
200539,0.175996668205466
1520,2.26399158626131
4487,1.11653571604494
133015,0.918816251178542
149428,2.58245145521289
114905,0.459035170531353
79626,1.74466745841901
388695,1.88009751737622
79005,1.96617709632774
29765,0.140194108785078
6944,2.51025756118689
2071,2.03462864470508
284996,2.15732626723091
55677,2.27685168564382
388962,1.13129423303669
10602,1.58902087481147
6282,3.36785642984436
90957,1.74984622396906
9938,1.46163510526022
6280,1.9850178721341
6283,0.0790279102152443
7039,0.438190061097554
126668,0.0846935889461878
151195,1.42691817671092
7855,1.51565884190658
54876,2.25453071128216
388701,0.297308198412834
4880,0.168723404379721
132789,1.73547823184773
152559,0.835455404821541
152519,0.451994555382277
118429,1.25691530602103
113510,1.84491806608058
51023,1.05902277481363
8545,2.4521728397038
84142,1.03093246083935
151556,0.607448168799439
92196,2.73762034632916
10654,2.97847572576751
57326,2.88232445664991
9076,2.04589706332167
90780,2.55864377377676
204851,2.1616556326688
55891,0.0534361704016004
127579,0.683358311006992
149095,0.170251127831315
1293,2.53712115860881
55765,0.245787347854087
375295,2.26322085944852
55249,2.04678312740084
84541,0.519750496554486
151647,0.0244143296379668
285203,1.34170679018635
56203,0.0899469520555108
128240,2.95312801767322
56983,1.61137950341629
55356,1.4038766150925
91156,0.0197500372972908
476,2.67716495557031
6565,0.396700220523486
317649,1.90890105498063
60675,0.0483405753318879
116064,2.16814586771175
11167,2.36011074941624
25802,2.18153634143524
1999,2.20532192844138
92703,2.07233166657843
92691,0.213824218448348
3490,2.85431094025445
80128,0.773248755079492
200185,0.512838866357547
3577,1.33826540398776
10109,2.59770174275267
128229,0.551602952829111
7203,2.85569729494497
84283,1.78029403828783
6746,2.65324188913559
64320,2.31000615419426
27148,1.9831263196873
134,2.77435409125061
152110,1.47295214588992
285025,0.0282481437700031
54738,0.0252228938178094
1412,0.0534361704016004
57650,1.25598392788275
8320,0.407039426491137
57703,2.04644390967579
64343,1.45828594146671
7048,2.1125697056143
55139,1.62486466079883
79885,2.5188029408366
83417,0.0790279102152443
50852,0.310066246097769
2199,2.30988736778484
79411,1.71235068913282
201595,2.66065665880206
131474,2.05203310498465
23114,0.47520668036307
115350,0.0101380977223869
151246,1.46793463017336
5274,1.40455470001609
23122,1.64313325132269
8802,2.35874790152746
81788,1.34156503126243
6708,0.104592046779187
5584,2.06249223639169
4332,1.88460435635705
149628,0.343865849709929
3428,2.04555703951468
9447,0.720559562760871
151651,0.157948059098281
56648,0.656878213532647
200916,2.3791692041297
151742,1.27363763748332
130026,0.92783650182373
100507246,1.72517570147674
1493,0.449987476964204
29851,0.402265731229719
23429,2.23658931150812
151987,2.30316242950344
131450,0.334968970061315
29083,1.31100541949138
25871,1.89575005384263
152185,0.487106039578701
100287013,0.0777003520403405
57577,1.37771002419101
8618,0.0215782561623971
4825,0.519427983187211
1040,2.5599215520253
23001,1.78489696948545
285521,1.6829161300242
5783,1.94384461549185
213,0.292960175240493
132200,0.0240097576149657
132989,0.107709920892978
80145,2.51748168465879
6314,1.238390975032
9861,2.10130873086403
166336,1.26437489383008
56999,0.711060803956694
152926,1.98607822621251
131831,0.0916285002418245
7401,0.0908815660467812
8833,2.27541516352342
25976,2.14759130432708
57018,1.72474271303689
5806,0.528404409982386
8820,0.782054344129547
85443,0.198087283905678
7871,1.89789886200174
6133,2.75686013261627
201895,2.83137474579181
11102,0.737358005614346
57406,0.92029909584705
1776,0.291359807129187
200844,0.484403167165935
54502,2.34938925923944
323,1.80542099879133
132014,2.29060560121391
84818,2.39914448688842
78987,1.06395170918729
285368,2.51001101148458
26577,1.03334929025467
23350,2.0031093714598
64419,2.10948688206742
151613,1.58612315922658
2921,0.035464851664874
441024,0.970138179145526
25898,1.74193223990277
57047,0.0434116529118274
339965,0.178518556632045
1359,2.03254514111261
2992,2.17780314928714
84343,2.06817239683223
116441,1.29854031668295
11073,2.00332221377999
6259,2.03333823337667
54861,1.70853364722052
150921,0.0308612972995617
7349,1.12320288032474
130557,1.74913599457081
22950,2.06754254154789
151056,0.393009458927658
245711,0.128140234471237
57456,1.75355891088898
56992,1.02701522490278
23160,2.16967518503723
51304,1.78963706886404
64866,2.28518201772467
7123,1.47865556936973
54716,0.107709920892978
54585,1.64138648141091
79443,2.18208558090323
1230,1.66597817569272
83597,0.0467664613262632
79442,0.0880745620036581
54859,1.90247113696082
51725,0.0070474104382352
151636,2.48895413708958
7707,1.95238126406164
349565,0.490806261059054
113444,1.7696404217739
9204,1.13766957599538
131601,1.87535282906788
55689,1.47476610875846
2899,1.3426980287774
80149,1.58149812650381
64769,2.62474553363865
79753,1.91929720920701
7802,2.54543026493188
5437,2.37199651580337
28999,0.815302591086775
348807,0.0575293748341413
94032,1.19698786146547
200879,2.51561291902727
90407,1.80776951493971
6184,3.02353391568077
59343,1.98090430286461
26508,1.68609756817994
55764,2.14870462716266
5984,1.88006224774368
116832,2.48606728635083
8314,2.2357462079503
7086,2.28932852148686
5580,2.28646075979219
91869,1.45336755606844
51460,1.81795813754711
26354,2.28166028363251
55193,1.79734973501871
57654,1.23094820445113
23272,2.15767779848749
50650,2.00234732687239
7884,2.61342096785311
4043,2.46810322236946
131540,0.0324653828330247
200931,1.18310441667486
26043,1.88438630678697
165918,1.85114451787173
54965,2.37659860996091
4241,1.4063085009638
6286,2.67887591239016
84448,0.873195152833015
64789,1.18500082018927
149461,0.296874485886237
79078,0.848328137469355
114625,1.35786752355885
51058,2.24167059038685
9255,1.98042551009138
166929,0.84633368276126
23173,2.13215503194535
79982,1.80236844743759
3015,2.91439465658943
51705,1.46939231708927
150159,0.214627081559606
133308,1.25046280517083
56898,1.79547253167013
10424,2.76025302653318
993,1.05632972514315
820,0.44560025230212
51385,1.44768639516821
285231,0.0875120208953502
5364,1.98442225487884
79714,1.89294107695337
84126,1.78286354467515
51246,2.71856803771217
10252,2.03204337765176
8927,0.147202558931156
327,2.52910341057928
27152,0.901963760209228
63891,1.51736116337523
22824,1.2524769754112
256471,1.35742761142892
80167,1.3011486457987
79012,0.0109603861112779
84315,1.23876906318405
4486,1.91183739422588
23132,1.20995481027643
51368,2.20579045727242
2912,0.0168982779780871
1849,1.45878187302332
25886,2.01394726327216
132160,1.7704438305532
80335,2.29182922792159
5308,0.0920017153720052
401152,2.80185369645633
8492,0.0276439590910099
9348,0.1250988793227
3148,2.80788306076912
8819,2.42579909583934
11341,0.0308612972995617
9464,0.114636999340892
4085,1.64466001395665
308,2.9541560323706
132332,0.0388514046163894
79884,1.22234211621315
2982,1.17371824822953
26269,2.34809222430443
80817,1.61531224891101
3248,3.06093256618919
140458,0.0280467968559265
152940,0.0266360241092229
55314,1.67346277594141
51313,2.12300958614638
4886,0.592658352752789
4889,0.035464851664874
80155,1.94996851019778
3600,0.464967392527259
729830,1.32751252994357
27236,2.43965599814909
23379,1.9181999243082
64399,0.0298571944893556
10393,0.879674079560161
6059,2.05244086916013
54726,1.80778001696358
11157,1.43418940569259
55751,2.14293505691543
90826,1.49168360628661
3673,1.82148984824024
4338,2.00163557446226
51151,0.127068100716179
10085,1.61560464211035
153396,1.44671782229634
79993,1.93281391285054
91942,1.55918858208247
133923,0.157775864700324
92255,1.8778340670497
202151,0.339224944693243
25836,2.05932198352154
285671,0.536010597441367
84059,0.851770574493997
91137,2.02145353446718
134429,0.437829623085357
5229,1.73210855446812
2151,1.9983965917782
153733,1.78117835448571
651746,0.365335712775618
134147,2.63321047672419
401207,0.97676971653721
133619,2.35823270465101
2150,1.4570439420804
55109,1.73428310286354
55255,1.75796064347914
4724,2.61588321050353
6690,0.0290530521054448
3360,0.0056012358560772
11082,1.54714781624316
134266,1.79635822780162
166979,0.116087946291009
153642,1.57802558877272
22836,1.63175206921307
493869,1.88974236868892
81789,1.59924235121973
256987,2.09280006848797
133121,0.227206350184508
285782,0.0660413065929845
836,2.19047228759091
201973,1.55358647401177
51752,2.35913027593073
64167,2.59284503255218
202333,1.2047531284221
133584,1.57481087020997
57587,2.02582974033645
253260,1.43300458402595
167153,1.99134326534298
1879,1.17224829147687
57763,1.84657681216761
134510,2.00667968640484
340069,0.0286506937617837
84135,1.68824752122738
7098,1.03448035272268
3818,0.297741669629291
10412,2.55393337853655
84340,2.04318557911664
7015,0.0201566492701331
133957,1.74678031041156
94234,0.20054110135019
154386,0.0378567710724885
23305,0.011781879253164
23176,2.34122058396061
134549,2.44116484815167
2661,0.547374592621626
27089,2.74758404163585
116842,0.288149195283638
10559,1.96933808689391
2898,0.0298571944893556
115004,1.19809855744805
2173,0.29571673761893
167838,0.958050800689682
10370,2.33821242895341
221301,0.0205630661837875
153222,1.60387894295473
285761,1.14892037720668
94081,1.53758276055151
154075,0.0778901327798074
114801,0.997706149346814
116379,0.0138321417599086
168002,0.009315012732202
57107,1.80186818531051
134957,1.32701717397046
133396,0.0062213260747212
79722,0.0528497930137067
135250,0.0264342928541542
221476,0.445362364206307
221955,1.80085520393499
23366,1.40625847619687
9263,2.08352136202255
29896,2.26610810636161
340286,0.138961428242175
55568,2.23372433721003
79685,1.97493882547923
6208,2.92937542860489
348980,0.0029089440711514
91977,0.324573925812795
10466,2.08580891517414
154743,1.483801283912
54329,0.20119418856018
10569,2.21533046683623
6100,1.77815966903783
9232,2.12305624880687
819,2.13330405185723
168667,0.147202558931156
285613,0.444410048669815
8645,0.42815303208973
221458,0.0650783906040881
7559,1.91984072665095
222962,0.854603306097214
26872,0.973734665657313
55536,0.699100569175882
54468,2.11771622408733
222223,2.07901888008221
25862,0.949632412405413
94120,0.842928833478398
154865,0.272641658894794
23462,0.944183695562241
619279,1.69369368835952
2171,1.085431468671
117289,1.26450600150375
1278,3.09043059483571
84624,1.76406717544679
92421,2.24231365114066
26266,0.289026126412256
25798,2.23364620059857
22853,1.83466599690473
1508,2.80555083558968
64321,1.11108552469036
10395,1.32972138090973
107,2.22855933424333
157773,0.360690442098956
3174,0.304787742977905
5828,2.19300665149426
5885,2.87603293297812
169026,0.0675796689626678
90390,1.94879737412032
4982,0.636669796145803
157869,0.764173136235698
5260,0.510991833402081
2020,0.011781879253164
114788,0.0018711756515813
23514,2.10428479277868
5001,1.93400263986139
54919,1.86501795650058
734,2.31420050840065
1672,1.44892894736086
23353,2.17836628225441
55074,2.10193756266781
115330,0.293831721700902
2852,0.637671592553544
202915,1.61167439402019
4846,1.17329312905684
79778,1.38147835630319
761,0.834031711737705
26173,2.24096978396888
1020,2.21446526497061
6522,2.07851283271845
157724,0.820035864036375
10922,2.41089125113107
83590,2.36991289567658
154791,0.469356659492535
2636,0.0270393423001977
51808,2.26177092700749
501,1.65026492419078
221937,1.35189708205061
1345,3.20021013294833
116039,2.65091092640253
7534,2.90019145791687
79870,0.257582261749483
8323,1.15466327831668
115908,2.45845303232356
81034,0.0324653828330247
25879,2.02144123918825
81501,0.574073068566468
94241,2.54533050999844
55656,1.68828903122013
25962,2.37945159828231
158326,0.274578364995382
2669,1.82495166234884
54704,1.88288293849906
91147,1.33264254745136
9897,2.6916853596586
138716,2.62289927204467
203259,1.60952394120231
84688,0.222770529867046
6619,2.05713743849818
57462,1.85920374458333
318,2.6155183836016
157378,1.40019421021252
11168,2.0152305475381
203238,0.515546574648561
51271,2.48246852802164
54769,0.141249215496993
6850,1.61763005819604
55335,0.385702235343055
19,1.0239728675042
4783,1.32587900591216
137994,0.982312917392946
55798,1.70734230844376
2395,0.97887453208525
79698,0.0215782561623971
157848,0.0308612972995617
137835,0.386474749442783
256691,0.757112162478895
136242,0.0860100466169922
57094,0.250557133854143
116328,0.0382547653609949
117531,0.0272409292764164
216,1.48825731370962
221656,1.81059558603733
138050,2.26835834460821
158158,1.98978333285314
80318,1.02272151874863
55582,0.722250390505048
84267,2.15623556299343
3190,2.92844071635272
136263,0.0288518968796068
79987,1.147222566692
55503,0.25651724415294
135927,0.0422244019181622
203286,0.463923989374142
2203,2.6179485201763
84302,0.581506684883307
11244,1.96555887156373
1536,2.13453976926275
6990,2.33940972329577
155368,2.3364018348727
58526,2.22065625035067
158401,0.119162748298756
254158,0.140194108785078
158405,1.32794922212811
139411,0.0123974780415539
138065,0.221339473426536
57526,0.274578364995382
5277,1.23597882372829
2277,0.181199928331334
55342,2.19011367730334
1365,3.02025296464745
26130,1.97840119556696
84270,1.90480012093735
65268,0.747888946069319
538,1.69939799810839
195828,1.36469316668175
139324,0.354407710492645
4712,2.66970935126237
364,1.19102649215914
65083,2.28702589093569
360,1.26289774073543
158234,1.5380234527208
7415,2.78149504286839
84720,2.38635339351765
30968,2.8034612815884
254065,1.08592697745169
26050,0.0746579682411712
9833,1.66673371034127
219681,0.35387061787622
220213,1.8676444779381
94134,2.10003784414666
120114,0.0777003520403405
159989,0.0727508259833435
143279,1.41019533882237
84889,0.08431707500591
254170,1.720517821988
203522,0.804738131546063
9075,0.011781879253164
145581,0.0750388739578922
171546,2.47718328838735
7486,1.45234149874965
220972,1.93114833033129
7253,0.073704942137793
1073,1.7126782037321
10910,1.44294094755295
2957,2.31129919407871
219654,1.9848216908489
283209,1.47124135758328
84457,0.057723791780431
220963,2.24084341751818
2350,1.3998397008229
3636,2.31236477149801
401,0.0438070313509447
4153,0.0434116529118274
2706,2.12532140718002
51084,1.36998229016345
221035,2.42686633920938
220296,0.187864660276894
221150,1.17986573487075
221154,2.23488745733289
220042,1.42361759102846
51585,2.01521179901825
63876,0.186536110849583
140801,0.0505001786277436
122769,1.82091008145327
6166,3.26040049582031
55172,1.99741559649525
11067,2.40412245518567
220979,0.677026995876214
7570,1.91388575319876
23588,1.92463613563637
161436,0.0668108416886656
9147,1.67882246298692
84881,1.89407553400402
382,2.7618919024005
123016,1.93712717464924
57156,2.38066299936601
58157,0.0211723261778742
122945,0.67444345750293
83592,0.20542635081713
89890,1.65155784852241
158584,2.3814169418744
644168,0.0138321417599086
11164,2.14056162079433
51339,1.18892488379237
27199,0.0150599263207783
222389,0.226890323464877
509,2.85542066437449
8559,1.50724007196578
83860,1.89535967109158
196740,0.976120617416311
7417,2.54337704606205
118881,2.0495371715009
6571,0.351449024819327
118987,2.18492068149191
84858,2.05030080240189
23172,2.18375562287295
169714,1.66083024824839
63877,1.64592335214226
64324,2.02715820634961
10935,2.75568226485543
10495,1.46375873282255
27069,2.93781978990978
6621,1.58579430934197
120939,0.401509214309513
23203,2.0450031181944
10807,2.18855927307151
90167,0.035464851664874
158067,1.34916552991919
11092,1.42019794036578
7248,1.46868609657749
8328,0.0195466581122431
3251,2.67508795751973
118426,1.22103065103181
138311,0.629340231127533
116225,2.08178973880661
219736,2.19924368083649
5979,2.87154858362181
9188,2.44876115735075
9790,2.10207111098998
282974,1.3066606459063
57608,1.66907940354136
65991,2.26095119153132
90809,2.05261629684524
64745,1.62019360402064
29986,0.140721832304895
57447,1.57965982740898
84659,0.344545976070593
55701,1.58905526354256
26012,1.92568435164716
51222,1.53568122641795
840,2.57497824306337
145376,0.500141276229882
153579,0.837551319413866
55088,1.74032461277854
340706,2.02304852625204
56339,1.77558426932183
6297,2.43255335153315
142940,2.45063202938269
220081,0.0268377072511832
53349,2.21246081259831
143379,1.66682080598729
259217,1.12053679193181
414241,0.0314631865193807
10023,1.97913666457426
80019,2.03215095475147
26287,0.485305233796748
144455,0.40866560090341
143872,0.776147593973412
122961,2.01044476155704
283310,0.041431969987866
120071,1.70373555087138
29763,2.57097782526476
145567,0.849057887587091
91252,2.1379037709027
5702,2.82207948437264
5913,0.041828279182458
79841,0.769962921003683
123036,2.54886420383248
53981,2.06561373202149
341346,0.0777003520403405
64112,2.64367999350805
122509,1.69896595273883
3429,2.93353038695782
145264,0.989502673528539
79789,2.03027591225619
29951,0.0861979419229091
9152,0.0058079828238362
120935,0.0396462670429822
9317,2.01747366869545
389941,0.0650783906040881
783,0.27099916815796
9200,1.40254292721564
221079,1.91429092805824
56935,2.04703590286651
85459,0.992038663270546
79101,1.51579925969512
25841,0.601051816662456
27291,1.56116298629337
154810,1.33666501300067
5654,2.86490164932936
3990,0.112819716306845
9702,1.72934353937383
255394,0.917865379106376
161742,1.47240446177723
11245,1.68597241358788
83700,1.18435676295161
64806,0.083940390516352
116173,0.0404403802309502
112937,0.0394476217259577
170689,1.83670935190752
55530,0.0111658338983268
84706,1.31166608334466
81693,0.0717956175864252
51762,2.05410128541784
121457,1.82226162236931
27079,1.97808458208307
55662,2.11326080695145
4714,1.17856500995924
84936,2.14113428920491
54866,0.9654749802604
6692,3.05130478180032
2200,2.15827417560396
552,0.674960945629751
120863,0.474292102222012
29117,1.71258652416165
1152,2.10114515515333
115708,1.94955382381289
8945,1.94626529632774
27343,1.86433119036298
9529,2.24931067676902
25911,2.38617493759624
55323,2.02569602823905
8539,2.42365712028469
374569,0.0633423431029015
57567,1.32896676409702
79803,2.34554505842583
123228,1.05214778735185
9221,2.61784937737615
221120,1.97395877629721
9318,2.20599316543623
2562,0.031262604438497
121599,0.0324653828330247
219793,0.022997480615535
8879,2.60781506359846
10818,2.09108135382794
10576,2.63274409628992
5092,2.77738380993636
25820,1.71324096038791
146562,1.21103990694755
79827,1.91104613248366
55800,0.116087946291009
1353,1.99237307716174
7753,1.0125646543023
196951,1.07867785546466
252983,1.24756277636612
116159,1.68562457781952
8065,1.79146383068286
196446,0.189025347776694
54838,2.59591372670295
119032,2.25532172547484
717,0.880368851806493
79156,1.35874623197247
55273,0.86315674385075
119504,2.52402990700116
6609,2.46713987741584
322,2.0809837308842
79933,1.21197860765682
25961,0.943442140412995
160140,0.322478006015617
54765,2.18540986059433
101927581,0.094423529467826
3611,0.157259062738087
6881,0.321778100846563
1200,2.65810567410525
8642,1.19617194162394
81832,0.0266360241092229
118490,0.959387119754568
1528,2.12721277362561
159195,2.03918966107723
5896,0.105877302441966
119710,0.89373574479084
126248,0.889643312757546
374868,1.24202354326886
8495,2.07440716976001
80168,0.228942258923759
51700,1.7468893164975
8710,0.0729417365234151
9710,1.7076470672959
5271,0.938629008006287
7275,0.424246975361254
79608,0.116812462656807
3419,1.67076594792316
256764,0.331381206565716
122618,1.96624809374141
84460,1.39673993316343
143570,1.06642407722552
9866,0.83028804187059
254225,1.40700833139041
6157,2.85771357826212
6764,1.2340414281903
124359,1.66748798068181
222865,0.342231083494408
283659,0.0985059346638177
55839,0.944753517934527
56672,2.17116933983882
23300,2.24484082600249
123775,0.0332662841654657
440026,2.35800268427027
114780,0.401004447183193
123169,2.41601673467306
7702,1.85410540527733
54495,1.70227653481032
4239,2.06519285280067
7465,2.03631671897835
5598,1.42034393007003
387745,0.588375028557721
5579,0.518567244242672
50810,0.701592480405006
8509,0.0742768884659622
4176,2.50100820891666
10143,1.66248925518478
80323,0.325689428539876
26253,0.792988535766911
7551,2.05586089925132
338339,0.0382547653609949
7589,1.4924417578434
57494,1.03053694551932
144568,0.0166942133416963
146227,0.294702295350584
7084,1.48585310111813
23423,2.07419374038255
146167,0.130636446855533
90701,2.21678666454645
2587,0.0109603861112779
65084,2.11813746391877
115811,1.80881842249936
81565,1.75514205400725
201161,0.700347668783148
6236,0.544264786587346
51647,2.49334178663676
146845,0.155188566852407
7184,3.04488859752547
4160,0.109721115265514
10904,2.12849267029187
89832,0.0294552189612712
80063,1.53303730801166
4319,1.33612091164114
780776,0.202987443710311
27018,2.98518318639759
80975,0.0721778321548017
9382,2.04843455934356
144100,1.63430061582526
80095,1.64377511481222
644353,0.0683477895576427
567,3.26358378549302
9640,1.93087652452537
113201,2.47955174039582
3359,0.0144462560950847
4837,2.3521215187554
116285,0.819758389478768
164,2.23207967152453
162394,1.17560806820442
117155,0.449869244030099
100128252,1.36398747096019
89927,2.72124189054747
9665,2.1963609687473
113174,1.67021887410564
219539,0.12527809465136
5479,2.78405869255849
84191,2.4295533082478
160287,0.0453866897349848
63901,2.14611599227243
9768,1.39004463057071
374654,0.467049778932872
197257,1.69527649622512
5346,2.29749860250466
8800,2.23373792434579
124491,1.28214162107774
55897,0.195790274699503
290,1.58036098085775
6340,0.289610200734943
348093,0.849588094115574
89797,1.07299738366858
348094,0.538423514262075
92292,0.17295999003645
162681,0.868517382874558
84516,2.06102390220811
54386,2.19411820742882
5347,1.62248706519397
10845,1.99942068071244
11318,0.33441809326727
9880,1.08839823026363
6866,0.0252228938178094
4640,0.035464851664874
23306,1.88537095891057
4665,2.11058021749181
23339,2.27879896465249
6778,2.43767618561024
219988,2.15878515675066
91419,1.57184165983073
114794,0.0270393423001977
6809,2.07895566228156
54948,2.40152012243004
79837,2.64349165723428
54893,1.50954139897134
7529,2.70394109008813
84419,0.936208342642734
6447,0.948897374364521
26585,0.927485216082064
222950,0.153112792461749
81628,2.26973721836747
58475,1.85048153640749
84689,0.873897048893312
115752,2.0703307135471
23582,2.15978386150764
4088,2.05828704198765
83661,0.419089106462009
374864,0.068923416931643
4130,1.33041699088265
91433,1.43600858031037
64400,1.74348512447433
10982,1.47613853019209
59271,1.87925903533149
4141,2.34128183127238
114785,1.95287379203585
245812,1.92475449398102
2923,3.10171369544271
11051,2.30877840364136
4824,1.993347191756
129049,0.827825841937226
150290,0.648507271505627
7008,2.10541843568406
150365,0.901963760209228
124872,0.068923416931643
5090,2.12242111632467
2793,0.871725042942292
5245,2.35366862847756
6632,1.90064008055209
158248,0.186536110849583
201191,0.323875917497059
138429,1.43093631098821
128859,0.0691152046135907
162461,0.0990610707966686
399665,2.72213076608246
80221,2.16512096105353
2801,2.51786881595851
26995,2.25037930775604
51117,2.40819322074807
10999,2.49206036394478
55018,0.0835635353418218
81605,2.34212096155119
51148,2.32594090690156
57171,2.31732690530436
2021,1.65065619661249
51450,1.8919318897711
56905,2.1339790213029
57611,0.543537221028148
6668,2.21988937325568
79170,2.68095406680307
10229,2.11882742034504
51704,1.38312980944183
1398,2.53561951240418
26263,1.61767855912056
23102,1.65320624005094
64127,1.26731715983473
124460,1.0056452715284
125336,0.110268773482143
83473,0.545925027972436
84064,0.0818655711838594
7644,1.96793401853376
3481,0.553246293165877
257160,1.38244890030843
51755,1.98381893167889
64174,0.492370411133804
54920,1.32424040264805
51367,2.05163623903476
64772,1.36747939471884
10632,1.81519166132254
915,1.6126069760568
125058,2.06655215102934
146705,0.750052487387956
4645,1.71028832017867
116969,0.5031166083305
10449,1.5552334180168
6786,2.3779454550084
6240,2.54925442359337
81285,0.380272463537879
55128,1.62719835550514
64122,2.11230058613797
112476,1.29946236145607
7571,0.0738956344925407
126298,1.73124322644425
7769,1.47293025019335
7733,1.45080988622115
28227,1.01819490524082
79759,1.33646462026144
9726,1.92968615016954
79001,1.8939647877683
94235,0.42522540587861
4025,0.0062213260747212
762,0.0326656794165476
55181,1.98182601565679
7171,2.77064111511984
4218,2.04205821071416
2879,3.08658140678745
90007,2.54433229346743
126306,1.78465302681665
199786,0.129032610840784
55295,1.79520213351012
54815,2.18156797585543
4597,1.67279008415691
81620,1.74694986359802
51693,2.10452555902707
29123,1.42201978627407
124045,1.12337173915355
124923,0.208019700960049
147011,0.84486713606053
6137,2.96678221709904
121274,1.35056096733714
784,1.72532841885936
147015,1.50400389717068
90313,1.95653721359905
8085,1.85291983475229
84940,0.104775777140435
121268,0.798244621212186
7846,2.77964401029226
84790,2.14270549123693
162963,1.69063497351763
84436,1.7886273423784
55762,1.18230600961231
29946,2.59882413599688
57701,1.59972994303563
53916,0.166170785768819
2819,2.24163409141219
148137,1.3430091734076
29785,1.44800883556734
558,2.13707920229067
84807,0.53852824025592
147798,2.69788261827472
341405,0.0213753154909553
3903,1.52351928825293
57348,0.136136880643432
114823,1.96786332828932
148170,1.52690243815018
3904,0.108258914477887
284339,0.384412957671774
116115,1.68294413603791
83696,2.1882840135023
3811,0.041828279182458
199713,0.132770028068318
7705,2.52064047395414
284349,1.07611929553714
94274,1.06170359320931
10653,2.74382111957517
90522,1.83763927961585
352909,1.78574966970757
8000,1.07341153313264
85300,0.0074601518934053
8581,0.0264342928541542
1613,2.38205712115537
1938,3.35135909808744
126259,0.118620969890508
10036,1.91129918020234
80700,2.54787827911992
84717,2.27684869935987
729359,2.29035344847675
10501,1.46813365892533
55311,1.98545047081325
64359,1.32136054071593
79850,1.98130739622941
51031,2.29520193652759
113655,2.45477951202714
2875,0.67444345750293
90990,1.48672678956916
124935,1.96594981749886
83547,2.03437329284879
5345,1.45754111446988
124997,1.95940875858309
63826,1.3255867715103
55720,2.16435337455555
162514,0.127961642715893
374875,1.62295078266534
124936,2.29030758172695
124975,2.22239212576775
3816,0.373364669696793
9622,0.872300708197658
3817,0.0126025784990239
25818,1.40880348289938
5653,0.627865006205672
11012,0.0740862832627668
55769,1.89359825656618
144501,2.36347526964635
3848,0.106060747329644
125981,0.0276439590910099
55611,2.38644045994861
283248,0.198578647323509
51129,1.56915866521677
51293,2.42836202164742
84926,2.50304623430162
3489,2.05392655655182
8435,0.356284569791138
148156,1.52694163764424
4723,2.3658671145069
10263,2.51616680836114
254552,1.99125676838299
347853,0.120785946840467
7001,2.96992291880622
7775,1.79723130742588
79003,2.10743645053925
10871,1.26574994289403
11314,1.78786846995463
283987,2.67537444116835
3396,2.4797455263914
10476,2.65378480072228
92162,0.948953946851872
2125,2.05642132497173
6730,2.3286557405138
146664,0.0660413065929845
147138,1.28096675506273
7083,2.63659859575607
137695,1.47321481848079
1581,0.0274424681999785
100505501,0.0792173887819751
284110,0.147551407712286
192666,0.285952552552341
147184,2.34304073608603
84514,2.47371042217865
83986,2.65682186347252
90850,1.84447588949219
25837,1.72184087143989
64223,2.46421624232565
1877,1.90326284312201
1775,0.530631186689103
1632,2.65588279173572
57524,0.363878817028336
21,2.6850448343176
54442,2.19998685765437
23524,2.74681163350107
146434,1.19750646184634
197358,0.661465665746951
54949,1.9780776963013
1642,2.63003390928253
55048,2.38998101338806
220001,0.103120732107382
5866,1.60977068327452
7439,0.99314483376859
2495,2.71305399196559
26580,1.1183694454128
5436,2.59135724264026
6520,2.8712729709024
117245,2.25990954259979
144097,1.93077552055055
89849,1.06674984144667
26005,1.757086245369
9881,1.43442603496594
199223,1.03981159996537
3921,2.83619744998883
956,0.357756019075858
1499,2.47686795481142
54986,0.673580107571268
8772,1.68135904107465
4054,2.44659773806411
10004,0.532428791299927
29901,2.21051002007748
116071,1.16742473587271
55867,0.0154687933557568
7536,2.6188555045858
5871,1.42612511867646
283234,0.915780287132047
51435,2.72012763683684
286133,0.0445972313113895
5368,0.355212642920498
10980,2.76130824577315
5049,2.29660549248356
124401,1.21782752484969
84309,2.52324989800942
57691,1.0096528270903
5867,2.21738594407065
81406,0.041828279182458
55209,2.10410288365307
114990,1.67300488244847
222584,0.13081445746027
8290,0.0744674501196066
79725,1.22720617472689
4993,0.551911366791006
149603,2.80406750205868
84376,1.23883777843476
93487,2.31449347792388
54541,2.38268309903902
3516,2.14290857613783
55788,1.72639595282598
29063,1.54435883662072
5729,0.229099881290841
125488,1.91960103096862
132158,0.506408328084703
2786,0.0740862832627668
92181,2.27011228389371
123258399,0.558153771476905
28511,2.02858457618803
7266,1.80097262095957
169522,0.0183253569229505
359948,2.46941144055795
64943,1.81562480623424
2299,1.19315754054105
440957,1.48891481997774
388753,2.039412452818
3800,1.67417730157551
4247,0.1250988793227
648,2.64130174433257
57215,2.22184379825726
27249,2.7511376430828
5162,2.40310185818262
54899,1.75993920744313
3008,0.331796033138066
115294,2.17356864550387
200845,2.35807008127453
136647,1.62939419221208
8309,2.09174844427353
11170,0.687010535178456
3660,2.31151688810141
4336,0.0086971754034013
1524,1.96692901039927
165904,0.0542173700425294
123099,2.55707911164196
11280,0.0438070313509447
378,3.04001739094841
4735,2.64999544968832
11259,1.7037890014334
84879,0.639761596733006
1841,1.97646995825314
6890,2.39535883219578
84289,1.06819034716369
23192,1.70265178680334
624,1.6405259627651
197259,0.809830463420994
55159,1.80488205013442
93107,0.0060146795562324
399,1.22850303109024
377007,0.10953848174189
91949,2.28253324104135
51362,1.45661416529108
10963,2.65026648825056
6338,1.52239286788581
55806,1.10983374436425
84203,0.0683477895576427
11031,2.71100174210949
80346,2.49171550678296
7148,0.642930001811577
203190,0.0434116529118274
6440,0.0126025784990239
649,1.81723999233382
11273,2.40167987344203
9796,0.409539777773582
256309,0.991405658809655
661,1.91627036260282
2237,2.56045778423217
8436,1.23268811608366
23255,0.47589186766071
2637,0.0338664618273812
148738,0.0164900995891271
10648,1.09308718416707
124790,1.34388504091154
2339,1.55377180875837
347735,2.91563844440733
60684,2.14478382141346
1128,0.0244143296379668
1281,3.1534702619425
2675,0.110633677154773
3622,1.93083767989115
55602,2.03140325589488
154007,1.63043315208598
79064,2.29067433656891
6575,1.99078401794346
83657,1.08480021235578
79089,2.26591681151076
11086,0.613692554789897
6774,2.5526793783096
90204,1.91078475391199
8754,1.7617332448846
8749,0.0103437444480222
135656,0.0209692882026594
8313,0.89163083663404
4725,3.27829570173958
200403,0.0424223934120883
90075,1.51340659886896
167127,0.0579181636361618
157638,2.60935835352695
753,0.626479139598149
146212,0.0975798800301689
9122,2.09772296934327
3575,1.00046812672576
29100,2.40115784952536
53353,1.91274907240509
10768,2.88041511142414
134218,1.92497533524961
11142,1.71215406355575
255743,2.31176665332911
140834,0.022997480615535
51252,0.780803583464012
54910,2.18334673151099
26505,2.30134358903212
2948,2.08819015964123
54790,1.25361503808195
80319,0.421672486044806
79867,1.89481590026862
6474,0.408165614218354
9677,1.5069337643857
10098,1.53723758794884
116236,1.84295349798842
9925,1.79372813709389
54921,0.254077508544383
161823,1.5474295751212
9836,1.7078986662146
6645,1.5081374612958
3592,0.132770028068318
22847,1.37108187973168
53407,1.87194886269725
27065,0.500030844959123
166793,1.04165903058695
85476,1.99697660522503
392309,0.112273749424129
56884,0.0223895328412295
55308,0.926136780948651
84913,0.229099881290841
54851,1.78183759931954
6439,0.074848442848116
10713,2.35516602757456
79155,2.2389555996807
388969,2.08921621005889
129303,2.09146342507308
51255,2.87633764991614
10791,2.36493619938362
10917,0.0162859366995967
123355,1.22145633296208
4144,2.58665390629072
255189,1.19917012886698
375704,1.05386215559541
57507,0.578146432266314
80723,0.589935609583101
3635,1.52515482157209
3954,2.23076296575667
1504,0.0532407567944813
92305,2.58058907070107
5480,2.43035167195765
10251,0.201846744967738
153241,1.57744432884114
29091,0.0670031148207685
56947,1.84095045905007
2915,0.0045667467349953
3965,2.07307655542857
8681,0.355480765561983
400984,0.209151657793877
10815,1.98502463522496
221749,2.47949076538241
27036,0.750669353820167
23620,0.0248187083181388
1876,1.72699213040927
10116,2.39671557469038
54951,1.75069936547725
521,2.21974428557334
7386,2.52210432234604
84179,2.54905137896444
1285,0.0175101773978301
5604,2.27940699735936
5650,0.827003021054209
3187,2.31433903606171
3667,1.0718454328318
4204,1.70015306675384
65110,1.56167352872569
345651,0.0420263638480368
4920,1.09681134159434
367,2.31345624249644
207063,2.01458005772823
254778,0.283161250596901
79663,1.13337194717545
8623,2.20350078912946
293,3.17574962973484
113189,2.56059848072157
25849,2.02376408268568
53944,1.85922230399304
90362,1.87680427812652
55130,0.0493229014588557
84632,1.31689223472093
6940,1.50895183288754
22809,2.0437248162814
7336,2.02754555207976
23099,1.55783098696326
126129,0.722893399845346
255738,0.242539798732235
23214,2.28769699063781
146395,0.0362629122582597
4330,1.05466999463644
27301,2.59657895334997
197370,2.63214994486422
90693,2.21722196011371
3596,0.0138321417599086
440353,0.045189394581304
5865,0.0951672823362936
10421,2.66145216826596
284654,0.177006367365097
10636,1.64859069181066
26000,2.32538540364108
10960,3.05028264973424
148823,0.1272468869287
53917,1.10693129363942
27166,2.23159120610153
7059,1.85588673573049
11238,1.24847491356183
55974,2.69735907842357
1942,2.65214258604947
3627,2.4106439149437
23117,0.3032115173749
79628,0.0918151287903754
6373,1.79051314512714
8233,2.16867963175834
51068,2.2199141381577
154,0.826934405388962
8706,1.15346327883139
114787,0.934299740106726
7881,0.541037096945321
65008,2.25064755011453
126669,0.703414080739027
55276,2.33213777250708
202374,0.213824218448348
64805,0.81600082768825
150248,0.0187326529005272
23251,0.267853937799064
2813,0.209797772750175
9197,1.29427826819304
10073,1.50615691969373
8738,1.35433775974542
25942,2.09605754548561
200894,1.5233021137021
6036,0.967234707239854
6037,0.152766315216847
5747,2.17430825194774
728194,0.0080788886488122
5724,1.67197291322483
5780,1.8556153468798
6039,2.51848961825828
4881,1.29381294585658
51305,0.0290530521054448
3576,0.310492663971103
6335,0.130636446855533
166824,0.922014792960622
169044,0.300769231165453
6383,2.04806820550621
1043,2.03644671148524
93380,2.24271742281969
83877,2.19289568193338
203100,0.282277714016631
59339,1.74567659637341
25932,2.63834214936789
151258,0.31502659089811
1880,1.41004639377975
83987,1.59952824287017
196074,1.48077204708037
143662,0.258038258146766
9839,0.907490680453692
2705,0.21237703081637
5093,1.69594340731249
3094,2.61778775604378
285605,1.73927830906704
9022,1.78658962387417
283899,1.98876664100886
646,0.0489301088118718
1677,0.891196600149769
27247,2.6241703844178
84168,2.31517427502513
150468,1.44100673568436
123207,0.955201443778654
83640,1.53980125702828
10887,0.009315012732202
200558,0.536010597441367
654483,0.814673536149549
727851,0.304930877856553
23119,0.529147433089322
7798,1.51587948013674
284004,1.66506111720232
699,1.72202039602644
83985,0.276807102454556
201255,2.11726604142992
1138,0.104224463503951
201254,2.51564333435575
10555,2.66434411756563
79058,1.54140135766161
2194,2.71895057966872
7555,2.96144177171029
4493,1.74359496112216
64118,2.20508188293806
2873,2.35385000846825
5986,2.00836330739089
51181,2.60924017409459
7580,2.63209420520782
9079,1.18032409559891
5881,1.92191206612282
145957,0.0314631865193807
3987,1.963962586803
123591,0.345768686373122
22871,0.0685397094214406
202018,1.95666819719966
7360,2.27922915230666
84894,0.566258654615797
3185,3.02861096574974
686,1.79110347641316
55454,2.04913763701497
6870,0.0148554188895284
5099,0.877585184081968
6091,1.08249484990408
57099,1.46031162798038
5028,0.689800198137261
1501,1.01975793295384
81844,1.99112365809247
7480,0.2165506698612
163688,0.144406389276897
9185,2.42009410649972
4584,0.0579181636361618
94056,2.75186170368404
3684,1.43662136070777
8460,1.91147866537521
163590,1.88972514900385
795,0.083940390516352
4071,2.9030541842875
23252,0.947424666555732
161725,0.139137639219655
2990,2.80372780585451
8019,1.93870687719133
51621,1.89603835480085
9758,0.0039454490619983
23414,0.670636555927301
92595,1.93446481468356
65988,2.09117308741731
79724,2.5856781387829
83756,0.720559562760871
131616,1.54269276649732
10746,1.8588881061629
126789,1.67164275653934
83443,2.84589231631385
7584,1.4233032717162
201798,0.517382054669266
126917,1.42277090031086
57555,2.14853090095406
4648,0.176501675312953
1107,2.5011055799899
201799,0.500030844959123
25924,0.653061544334794
214,2.88784776605138
7532,2.8357908229444
10477,1.99015055332487
116840,2.08647020805968
58485,2.8098565484555
131368,0.0532407567944813
9196,0.114636999340892
327657,1.25465061199645
285596,0.0047737452018541
9283,2.02230094483434
375484,0.421426833765337
201931,1.84374429928518
51617,0.0604409028617613
442590,0.113001624972295
866,3.04202408631589
197320,1.0514319989959
123606,1.85279731945079
2298,0.303354942732811
2848,0.281688135119667
7324,1.83101609942939
220988,2.66486989581486
23235,1.65205299491219
57484,0.62804958030199
9720,0.146504413757989
728673,0.450578358823158
3233,0.243623794793028
1140,1.61638345335639
84640,2.05987166447468
9121,1.71048577877971
140838,1.48452895070723
255239,0.273238077537133
147,0.279177461082441
56985,1.67233150442514
2172,0.0708393147493007
114825,1.64337787734762
373509,0.0773206608342586
55031,1.98306514710526
10015,2.43217103582469
7988,1.81956437085851
56246,0.085446105720894
84140,0.959943062890977
8427,2.10523709491721
2720,2.41643713324669
84520,2.27294357997838
10826,2.72857693513048
10491,2.6588781550021
202865,0.158292338591208
54714,0.0078726930921942
6588,0.230988918716259
23587,2.26538245517439
152189,1.65947504082777
11337,0.133125085756639
284194,0.892250656624411
9482,2.13958284492265
983,2.12627065047597
7314,3.01406206785643
4798,2.06399866893163
2167,2.6245671036533
143162,0.08431707500591
56980,1.37386062592774
10678,2.36576053910913
2353,2.14327912749651
10972,2.98002291604854
401428,0.245478630433412
6419,2.09964475682763
4086,1.69931702163372
1473,0.865164187726404
1470,1.81035558508644
2018,0.0822431961241168
1469,0.691485359852675
285966,1.42475234510041
9723,1.49214706076229
10446,1.47157081615083
7779,2.28405318904944
166614,0.61142830112797
91752,0.224357586784645
55890,2.36463362881773
130827,0.964207048715211
222008,0.0199533676763937
3856,3.17586391029734
136,0.739399131698985
4255,2.00745226976443
196410,0.457515382188499
3892,0.637671592553544
3035,1.83731648826797
152518,1.4727550496317
9119,0.197103654923728
160518,1.55898702313224
929,2.40254392876792
202052,1.11048155549081
286887,0.0270393423001977
79697,2.37839893013258
202051,1.56741550481222
57148,2.17857373317805
84305,2.37846428108367
51237,3.06839767208481
3851,0.39198813486556
9963,1.07958892469399
4862,0.267103215186432
3814,0.283308409771561
164832,1.80608580886214
53343,2.43576839787633
345275,0.0493229014588557
5036,2.57381656377767
170712,0.0477506279872771
79071,1.07561540584601
3889,0.0211723261778742
5209,2.47948920175563
79905,0.782568673243688
23204,2.98013787919643
5272,1.84925695652906
57228,1.95532718101917
79192,1.04774393999373
1000,0.227995868787177
153572,1.54483109366998
133418,1.45329921799421
10736,0.385315682482522
9229,0.0516758077965697
6773,2.35088076267556
134492,1.63859929020533
26145,2.49473795673475
3308,2.79280740702692
3171,1.10349019557077
28991,2.4003447350551
6444,1.00275154066992
121355,0.3032115173749
7564,1.78998771626766
83787,2.21221847468174
80196,2.07407096243681
98,1.20178495549822
80305,1.95636250050432
11016,1.7741657069469
100271927,0.377021899389757
9306,1.72557011259617
347273,0.0979504261429475
26496,0.0150599263207783
162979,1.48534095062666
3219,0.217670628552373
284076,0.0156731530012164
5429,1.76047937712195
143425,1.89164920754542
3790,1.86973903820413
3799,2.71348445069062
2861,0.999323176404128
11214,1.70233016169798
55038,1.7734148048341
195814,1.35638132541273
143241,0.0921882600032804
341276,0.0148554188895284
79145,1.56400045191656
94031,2.26555243024816
3344,1.62608855027911
8419,0.629800598676598
84669,1.82423533737228
1056,0.453054928361145
8493,1.72682731140332
2850,2.25618396814368
93622,2.15897921978436
25948,2.15012597603249
84864,0.641664377090753
51499,2.43432874168804
27258,2.41353666237684
9778,2.32112577250573
9788,2.18224347495541
79188,2.3671251536712
11236,2.65768451550739
6203,2.9487109192794
5319,0.632373044099645
54360,0.654039913225377
79042,2.43564717876627
7200,0.713427689159095
2941,2.50244079872125
84437,1.32233204615178
4696,2.52298044118226
126014,1.65251764091996
85315,1.03551119130275
11162,0.703331386828122
26115,2.09949039110662
390882,0.0130126308322217
5314,0.0493229014588557
392517,0.426690653496015
120526,1.19535482571162
90338,1.63661792034689
55786,1.81558357360451
112464,1.34891395416915
1084,0.0532407567944813
341019,0.434577802329528
3037,0.453172653886944
80310,1.79674648553063
10761,1.70935248260492
1901,1.68675058399336
90161,0.112637767504033
26108,0.395683880770997
80131,0.741590322884357
5569,2.05349219718296
286046,0.0679638175237219
203062,1.38849301963887
2358,0.08431707500591
2357,1.46691611936383
9637,1.80704424198116
83595,0.969591407297829
53838,2.21092068132342
238,0.016081724652309
883,0.0750388739578922
4534,1.41888213190491
29989,0.0679638175237219
55006,1.73491842279573
3643,2.25378903511663
55669,2.05296690438705
155038,1.40897767366764
100506164,0.059277505632032
4902,0.553759063748244
27094,0.212216070474919
2525,0.0501079362162316
170850,0.304644581734644
155066,2.51320836312613
5581,0.646713058634343
84522,2.67784958325138
10474,2.60551001371805
9655,1.64895321094134
29071,2.51292941644466
79095,2.52203130534125
118812,1.78173710239773
79894,2.25743361058222
55657,1.66294331801045
203245,1.61508470393276
64080,1.62871602608278
2897,0.0639214260144302
4589,0.483161008797495
58503,1.13440798317774
84233,2.45761290206858
55863,2.3033966486724
81603,2.79593117902705
81831,0.707782474445604
49861,0.178854214978051
55561,1.71123531682886
51282,2.69475670128616
3726,2.63211796448906
219738,2.18029638325424
140738,1.8268625634312
7364,0.0175101773978301
116844,2.67419070126977
79801,1.170230533502
25928,0.494932836298095
4884,0.0501079362162316
283742,2.00719704359705
90594,1.51885824995371
126070,1.86125873114686
2548,2.65325034094067
124583,2.7691096861297
3777,0.516410909288474
84287,2.44445386159836
50515,1.60092154950856
51013,2.06263544603436
5223,2.401356241412
55636,0.307930635106638
157570,1.18783343792272
3880,3.51068461047094
3866,3.12146325883565
541468,0.454231341857618
8687,0.0148554188895284
1184,0.942756837781866
11076,0.314743996142066
3752,1.26519379624224
8862,1.38299893543236
3860,1.09295373660331
3857,0.0173062599854029
27115,0.302493993538219
64979,2.31773832550279
51545,2.28829462032398
9,2.85539435642446
54474,0.0410354741801234
283455,0.514789435208118
147807,2.07103658961356
4163,1.6507765203502
57684,1.78080917948247
8941,0.0316637209677261
92126,0.935052314905102
9533,1.79519131399271
171023,1.83674854880971
65989,0.414019537867964
54811,1.48549038309568
24149,1.88931165638951
93134,2.07638615651515
147179,2.2098876400496
84525,0.83876518167004
126206,0.702503892370513
84230,1.10353388176277
26156,2.69780686976105
55144,1.78190458411091
133558,0.0066344685557293
138881,0.0938652766473933
5481,2.21469164942849
255631,0.361222764002226
2110,2.01436715556201
59350,0.0070474104382352
23566,0.845467491663456
5734,1.11905027598725
6902,2.57678995179296
4761,0.0064279224007442
4135,0.37061015279494
9427,0.292524036610928
598,2.70396343062247
341152,0.0045667467349953
5356,2.1171569651381
201514,1.65158787277293
1826,0.0716044446446561
64446,0.0276439590910099
10316,0.0485371324516474
22883,2.65791552847405
51523,2.74927245633758
10782,1.99306912549653
5293,1.25445033220989
171558,0.356418455032734
84275,1.33076445118271
8507,1.83437045100349
80176,2.02075822389503
5031,1.18154456349754
2186,1.89514734788866
170591,0.231931758133455
284307,1.69425377282904
27197,0.266952984640683
2857,1.79943293707467
57449,1.37295383439295
55729,1.96296157591544
10287,2.09084681873138
6919,1.99430563647111
203859,1.11828428497167
8841,2.17920728955414
284680,0.210282017079342
10243,1.07817616242337
57687,0.0750388739578922
55092,1.71710840200171
23261,0.990983288592089
151827,0.962272544560261
79029,1.707382071516
2628,0.75527772001954
115727,0.595177238439291
4807,0.0752292615879394
200172,0.13737381964589
596,1.72087788060251
83695,2.13869070640814
1503,1.54382935355971
8433,0.0324653828330247
85442,0.0242120678044732
83889,0.0300581105554705
92342,2.20554704955546
54777,0.0074601518934053
1296,2.32272064371118
170394,2.28133932530349
29930,0.0049806933258769
163255,1.16980277256976
10218,0.0179178651438874
144699,1.75565265880482
5394,1.85329657641287
148268,1.40395200248801
4815,1.48895720944579
4300,1.41205347264923
55138,0.279621106332293
6241,1.7626683365327
51112,1.84897164863741
6227,3.11123069224959
719,1.84840044026677
55178,1.99966813787244
5728,2.31324251763057
6201,2.64957081671271
23627,1.04812818508038
246243,1.49562994149353
5621,2.20767654289587
146,0.051871586053616
84978,0.117536342262086
361,0.495155231387668
554202,0.041828279182458
57834,2.40193449563177
83660,1.62035435780487
654346,0.444648242112615
51030,1.82917408479327
10517,0.0270393423001977
7764,2.2159036680534
653464,0.722089542132372
7857,0.340045967845073
91647,1.77227455923877
126410,1.31025366495032
27023,0.0111658338983268
10465,1.74358275842152
83450,0.918519259146229
126295,0.11318349351592
149840,0.980649872419603
221037,1.80868221225133
92483,0.0227948798627598
11346,2.01586744660497
80032,0.0060146795562324
4118,0.469702069091038
115196,1.28416777423537
83452,1.83736541219302
7064,1.82854494013652
2596,0.0996158349795007
253152,0.40125687303068
3913,2.80164505787683
10869,2.05572627122054
5859,2.60440634765125
94103,2.64518894853832
8293,0.0132175827499873
8462,1.49300960114763
131578,2.46784316536819
6606,1.10567047987451
9451,2.17807883860946
126308,2.34011858023674
51315,2.45132525304774
10201,1.67387733922614
54205,2.37230764963376
926,0.580520028502045
55106,0.721284723238957
794,1.64534539131972
285335,0.345768686373122
6356,0.728334297349669
257019,0.635392688719125
6641,1.99409432346999
27085,0.911589129449296
79736,1.33437023660127
28998,2.28138645799661
10892,1.10305315244352
5617,0.340182719802318
3669,1.35618835862664
154141,2.57939955267694
3400,1.13502870548713
2845,0.010754888621307
10663,0.713101714904397
1051,2.36087406056794
566,0.125457270894805
7177,1.99051742326525
10605,2.55028587031119
64581,1.25445033220989
375444,1.23900952882747
114900,0.463923989374142
257194,0.660673867330008
7690,1.69961386315939
140733,0.223881801310651
1798,2.15387714351274
682,2.99294219187477
25988,0.958385152916238
253782,2.50603761431956
55304,0.539365499402674
55352,2.82657303534917
112858,2.33477350947096
8708,0.0386525717956126
160364,0.562217729533566
669,2.26496178028938
10248,2.65970123055763
199857,1.45261532083605
8801,2.62748804327024
80765,0.461483627233382
27254,1.00166280591012
10231,1.43122209644926
3603,0.997288149550168
64137,0.0191397532419228
2783,2.99660932709756
220136,0.833760175571216
84331,2.17468755142002
79849,0.144406389276897
9854,1.48916910177182
9915,1.18024772813655
55970,2.49052941921322
83886,0.507392945189094
171024,1.01307405143808
150353,0.0154687933557568
10978,2.02221506216946
10022,0.105510290447963
146779,0.0258288102084853
143941,0.934357662889522
221421,0.36295025006811
150678,2.40706087473887
54676,2.17620867473257
55277,1.12100319079466
53342,0.248714174483528
10690,0.0702650067990862
9338,2.65360085697822
7572,2.33242750568397
79694,1.76305347080565
142684,0.154842971653662
79919,0.0561671921294347
189,0.0097266548872287
4299,2.04774735055915
9158,2.61938734627532
57571,0.396573252905351
284433,0.0056012358560772
54971,1.22843300888796
5499,2.72011451484481
3054,2.28654776621091
1521,0.328748774506696
348938,0.164293748875643
118430,0.368768251846518
5139,0.6258314574435
10125,1.18238209738664
89857,0.853353178423794
118487,2.59757329823152
122704,2.24317026270444
10924,1.13812224921567
27289,1.60949103232433
5883,1.61177264913534
30008,1.84321405073782
121275,0.0876995769262763
729092,0.0278454019696254
253725,1.98906791552098
80194,2.0189741184754
64393,1.46638388881568
93550,1.53792768456764
387357,0.380920908401633
148203,0.965034257923017
91607,1.49437393186026
6363,1.58023835455769
57175,2.63087880797344
84750,1.46562891434554
55222,1.65104713226369
80198,1.73668249270826
29942,0.0516758077965697
221468,0.3233170563686
169270,0.483951716868831
256076,0.0041525986866217
1072,2.95377913527939
23023,2.03254514111261
79612,1.11229157196846
90288,1.22064015376044
80011,2.23397221666544
339122,0.625368458613354
283985,0.0140368959186701
55871,1.21743475401959
3222,0.104592046779187
326624,1.43861947184146
167227,1.7399679212208
254122,0.397207877388176
6169,2.70073507624083
9420,1.23265337184354
5017,1.25331401783799
5916,2.18746469720991
283848,0.0708393147493007
23491,0.175828262431046
54961,2.57356603953434
8824,1.7262309092741
57546,1.22276678713986
6670,2.05922195395798
1657,1.59534008927202
254042,1.29048184648197
285268,1.42286773689123
51162,1.51722119840989
55191,1.698384728742
1717,2.51291406661849
206338,0.11844029781928
26960,1.27659408768403
84153,2.07423643615856
26579,0.636760928301132
338692,1.78855041704635
116535,0.698434511309035
4615,2.27420726342898
9943,1.77252567386201
23133,2.12213119734711
253558,1.47980132576885
130,0.0181216355189445
541471,0.597976184094896
10524,1.56407298423708
344558,0.811940577578499
727936,1.73210855446812
60495,0.0179178651438874
79877,2.15292591501555
10777,0.015877463426456
93624,2.27528617042309
257236,1.5873499790277
156,2.38993062628837
5970,2.40917149771722
132884,0.388274221666362
340252,1.70931289646677
283450,1.5691048493819
55731,2.15606975241252
54796,0.556317414486066
50514,0.0119871284396815
339403,0.053631538511365
10855,0.913268962782157
27235,1.6449799850868
160762,0.0181216355189445
3310,1.33626415093542
51504,3.04994908776798
54674,0.329165019660446
22992,2.33045975072499
203054,1.58378157143729
78988,2.42372863642558
64318,1.85359772170048
2101,2.07237457874639
29984,2.66554080550478
80070,0.0105493414072734
150684,2.31082298413727
65059,0.724418088635964
4580,1.98387320161353
111,2.44582181486836
54625,2.28715906261698
10800,0.997706149346814
165631,0.206724074741936
1163,2.14375938638299
225,0.270251444649095
22885,2.35337160122633
126868,0.0244143296379668
260334,0.498372364392432
91749,0.474406486755383
81839,2.10310321424919
2745,1.73695516181666
9657,1.69997789745851
91683,1.88059097094414
2804,2.57843696981659
10655,0.226099707706408
158399,1.02472242344327
153770,0.0792173887819751
56834,2.3212300828411
6623,1.88504881405535
79812,2.02472214918632
653784,2.51705551835063
8658,1.79259749484999
203523,1.04913564511948
49854,1.56786538886908
79660,2.14327912749651
286042,1.70816335253177
56977,0.279473252491523
4296,2.06686805826015
10221,2.70671550913466
128822,0.931280284559909
10089,0.221816777530107
713,2.72951500593817
712,2.73997100710947
79625,1.75696794744804
4973,1.94766740379841
256710,0.411285085014733
1605,2.51965363381706
3642,0.11844029781928
1600,0.031262604438497
64801,2.25424318700092
51126,2.42185618647557
339834,0.167533181874078
6288,2.93601076952697
440574,1.03428380025357
254102,1.88729846613462
83591,0.718217609886821
256130,0.009315012732202
79102,2.17124673141505
26472,2.51393793797768
10534,2.320807417905
155465,3.16719859146762
6599,2.31291364087778
147687,1.38428006529307
5797,1.52672600090958
2286,0.157775864700324
7423,2.868679888053
79834,1.01667841196194
8793,0.444410048669815
4485,0.501905903297214
8794,1.9668794004984
29925,1.97400748974773
92597,1.56939179628287
90441,2.47532589087292
1464,1.66800942919414
257364,2.25801876458107
339778,0.0314631865193807
64859,0.435904333166675
165082,0.0861979419229091
1106,1.8833642731396
2829,0.318690969136861
29903,1.90782419079227
10803,0.0142416006900836
51134,0.896695467614815
27284,0.142302962436914
11163,1.95579414318791
5091,1.58065865430975
10941,0.0302589788495971
286205,1.0656321839913
64802,1.10610555351242
78999,1.30075055079702
100128327,0.0278454019696254
6573,1.47650821215271
27129,1.13869786043504
9986,1.93851642729202
7388,2.84693961311862
80835,0.0561671921294347
1964,2.43888889944257
100310812,0.0378567710724885
256643,1.13308152068793
5707,2.03699572838083
10149,0.121326302161832
26032,0.762963685971343
57493,2.07199892773751
124857,0.14528122128287
79703,2.13263234675413
9804,2.96438806530875
200159,0.15863647243694
3267,1.79331536725994
6777,2.10076319163895
924,0.954585142945706
1267,2.27763614423085
3728,2.9681469503434
9001,0.0621829736100838
91646,0.0113712320035829
100874114,0.0166942133416963
10209,3.08703435646318
284131,1.52037057990088
57674,1.95667547277969
220359,1.3649372221717
81033,0.0643072587180317
162333,0.399235094154757
1263,1.47713820643101
10276,2.5895278607708
23333,2.20760687225556
55025,0.0372594270725486
162466,0.293831721700902
163049,1.86181237002744
80012,1.78594875611936
26996,2.55659400102365
84733,1.13328898321443
6712,2.16255439890736
27333,2.09753273446349
83759,1.77248002760599
84833,2.71447737579291
3212,2.6109601913209
114897,1.52120431335575
115123,1.19405239589804
126074,1.79932580600929
353189,0.841588660935794
5936,1.59925917323858
128344,1.8478475195884
152002,1.75145497312437
165324,1.54067816564046
101928879,0.0575293748341413
220416,0.0586952005206574
8557,0.465083235124783
9973,2.4477648507826
375387,1.11525290612952
84984,1.52682402958326
80311,1.48595973186319
200933,1.8623100065287
2787,1.52070821694396
253512,1.58965665726706
947,1.92013615276705
8722,2.46578071133036
253827,1.64854535658714
23592,1.96663834806581
283951,2.3362873992876
81793,0.545821375405253
7096,1.24732604704586
10333,0.926664777408677
345757,2.68713930631814
285704,1.20482621642153
152877,0.734442552961217
57495,0.045189394581304
284613,1.60909594329366
2940,2.82585589859117
254359,1.89724866154386
54931,2.31794383973614
6403,0.387246475887361
348180,1.39349301271993
23269,1.28416777423537
144577,1.50066328679732
392509,0.227364316534282
169166,0.0126025784990239
54872,1.71190487858644
10594,2.7008580262447
112,2.20932616576207
387849,0.0671953437318986
5306,2.56768053332179
9416,2.6085519409355
741,2.25237466898417
57659,2.66560618972861
8711,2.12166777640027
23051,1.54833008606645
23612,2.4245311037436
162515,1.38820804733856
201232,2.03906648248928
148979,0.244397170833372
55584,0.025020825205399
127435,1.91972888661846
128439,1.2943092752799
219833,0.572576953672126
9156,1.35300789941371
253959,1.56773946452393
3981,1.23418004084324
389524,0.7287326299207
137735,0.0144462560950847
488,2.50130458135563
55055,1.61270503328943
6124,3.10587116246903
10302,2.12170056319024
147323,0.0623763134303502
402117,0.0374585887741673
400073,1.14373021574859
170261,0.0532407567944813
26047,0.271746180687016
442117,0.175828262431046
158038,0.0227948798627598
582,0.116087946291009
10260,1.60584012778794
9543,1.78981242875124
257144,1.28252210759578
400986,0.202987443710311
115019,0.0142416006900836
148808,0.207857862197957
246330,1.82470966179804
148014,0.367317911104096
283446,0.0723688738166034
388730,1.02242080564418
65003,2.35585709922169
53833,0.288733925393611
127845,0.109721115265514
442171,0.0579181636361618
79647,2.41797879922165
266743,0.0115765804481612
55167,2.09211457062789
162968,0.750360992017596
133022,2.08008666827229
1240,1.38029549068554
90806,1.72983497816481
7368,0.173297961760755
339855,0.0043596979037672
124152,1.71005125321081
6578,1.49890128913682
10781,1.96281120221662
3177,1.75507075881484
9024,0.129210969736922
11041,2.57218188745307
153339,2.55292722043734
3952,0.864582032012513
285590,1.88363531933368
55196,2.13189565085234
51574,2.04764989355423
143282,1.10046787085268
9975,2.15118825413806
140886,0.812081008945963
25855,2.49979490110298
6138,2.87714228473453
132720,2.22855933424333
3265,2.34355922801659
151790,0.0203598820990786
6731,2.58644371348255
126006,1.49617321070831
9610,0.524997956594621
152816,0.127783012098814
152815,1.55077910444825
9662,1.14543845828713
8322,2.37634652771934
57124,2.02722480971713
685,1.26263471342765
5174,2.31901146561419
2015,0.669073075035018
201627,1.90125972727817
201626,1.90916366630429
11146,1.73636002732333
201625,0.0091091168566818
10897,2.67120336102555
254263,0.972265931908982
171389,0.275767812929035
126328,0.994616594945199
51319,1.813682478522
257062,0.0142416006900836
81876,2.85237656816778
81490,2.10049011434561
125988,2.63567300310975
285315,0.955929004595993
26470,2.8292847641785
253982,1.42446286326165
253980,1.64051058160389
9934,0.57844356685982
155185,1.44553916659909
29909,0.369294964258384
388611,0.21237703081637
2523,1.69205035455311
170506,1.80821037452596
84107,0.0140368959186701
26259,1.85962112844598
763,0.0920017153720052
653808,0.23444054474992
64837,1.93876018669055
6580,0.130102183141896
387718,0.0298571944893556
1488,2.29202321683559
9435,1.12138450884352
79683,0.56987598208091
545,1.12966836822344
125144,2.23342528222595
11065,2.38996421859407
147409,0.0252228938178094
256356,1.21861222946815
80124,1.92949909984744
132112,0.0179178651438874
1674,0.298607889071751
149420,1.87740826363363
92369,0.109173093423369
7189,1.4844861766272
55279,1.64866624047218
201158,0.536115675344755
56945,1.76500882655057
55690,2.26131124706119
65108,3.05713296228126
80851,2.05298386089418
200197,0.138961428242175
388403,1.73582619517083
253559,0.0694986479199568
28,0.403147374681407
5708,2.77290705949891
22843,0.103672781969985
131408,1.22361514848543
1466,0.845400813179266
3626,0.159496170553545
55486,1.69789753672545
1649,1.88994034236662
5095,1.4606259930818
123346,0.0346660352741282
10540,2.16338007268578
4878,0.101277900196796
79797,1.93429541330834
10106,2.80486566675613
9793,2.36214751952723
392,2.68671025821057
10025,2.4498439821646
9776,2.40693965994538
148345,0.12527809465136
8534,1.13324749672406
23015,0.186037339999593
146177,0.501024124224095
9537,2.5630769646389
378708,0.498704362578854
22845,2.55981252436097
254295,2.01857788292961
117144,0.453290360693051
642460,0.0181216355189445
9134,0.866004142045933
85007,1.50142828798703
1474,1.00579990189976
196996,2.02513635478652
162655,0.180195456254561
27257,1.88836247146674
5626,0.0786488237171767
8815,2.85108966462714
319,1.39546407916779
1139,0.0113712320035829
56674,2.67613973598013
56675,0.578344535831634
5771,1.21439025627805
57758,3.13299704752281
84285,2.24034747088228
4087,1.31582134622054
8665,2.21249696773482
219749,1.42453524930063
285598,0.40239174352277
1212,2.70605219182352
5122,0.0788383885327216
4023,2.2800996800311
317671,0.285805890005605
64770,1.23859723730648
374403,0.915302716452382
9092,2.34241889731338
55844,1.70809719581363
79772,0.737358005614346
57804,1.55503017203218
126364,1.45575349538067
23529,1.22797764707219
254187,0.0921882600032804
390212,0.0276439590910099
143630,0.13719722844947
387787,1.11602293453559
10008,0.578641587424155
57010,0.203963896563133
144245,1.58170776013201
10589,2.69375190022814
79836,0.194310153638863
7352,0.299761351548054
7351,3.08683799050744
83638,2.53912141284407
80227,1.61813098869198
51642,1.84697851080625
5870,2.59452820316046
5029,1.46531770750336
8061,0.37061015279494
2072,1.51829988001506
79783,0.942299547176923
11007,2.45555136686773
54968,2.12129285753796
100128782,0.25346639503959
6199,1.85784663652942
116028,2.22915892805384
146691,2.44387852635989
58492,1.29872485322484
165829,0.0318642078034075
205251,1.89484990743758
126695,2.1644738098566
146712,0.513272779767487
139804,0.0115765804481612
22877,2.05832047228898
7025,1.27037319243589
400360,0.0382547653609949
54998,2.88277211943385
158135,1.00269974063438
401505,0.363348345783893
151009,0.331104531406448
646383,0.178350675185314
400359,0.0234025367070836
55508,1.44349884669443
145270,0.133302556941214
169841,0.383250728333393
8607,2.02489885126487
2810,2.81263968359741
387747,0.0422244019181622
4482,1.08312860068856
643677,0.0037382490083226
23399,2.42049564345249
2118,0.766886353432064
375757,2.45713465854503
202309,1.40092776788837
10458,1.91697090802432
200407,0.09665278895269
135886,1.12564648975838
3234,0.976066494650166
388474,0.478512512760508
340481,1.29347145179878
79666,2.64520984707935
2,2.84484045070182
379,1.44507618843188
285489,1.54335610423428
57633,1.361209657031
63893,2.03037198793251
93129,2.37855139448861
340359,1.49005804966505
285759,0.0348658102965977
84747,2.07828593938743
163259,0.266652437449185
400224,0.644012985910651
84617,1.95988530333343
116068,2.0861655418584
126792,2.15022110647664
79898,1.96925356306841
56673,0.073704942137793
344805,0.110998419529435
26471,1.28283897391972
9832,0.0671953437318986
54028,0.743930081664291
153364,1.35951388426555
286262,2.19397707363608
23630,0.0528497930137067
257101,0.851770574493997
113829,2.63472705221364
55057,0.98669015798833
9807,2.23865778919852
8636,2.80154186169803
1479,1.77691908882629
7525,1.28873016565906
79643,2.0587993093305
10301,0.156741932338775
402682,1.45600278993068
55254,1.953240947082
55346,1.38802661881073
2877,0.916674749990136
284001,1.66392312245711
124535,0.0097266548872287
8877,1.71543277477748
664,1.76778685179346
150350,0.0258288102084853
339344,1.74618635178135
1149,1.62197483422101
390442,0.0240097576149657
79915,0.890637856798178
114926,1.94016647507083
342908,1.4573829772065
25914,0.495155231387668
221060,0.0455839386189831
414149,1.30276857627196
29882,2.09801313612732
339487,1.94137112701342
159371,0.644824114089851
7694,1.47047176502153
1351,2.96784089511297
255061,0.494932836298095
54993,1.24719072699437
285800,0.0252228938178094
79369,0.083940390516352
246184,2.13009756928903
3291,1.63849115582428
51379,1.50295469421072
6051,2.58603797172768
163126,2.26091673107477
63951,0.0756099064785592
126272,1.20806892854097
349149,1.56403671946686
9699,0.0447946653885956
56888,1.91616557767009
84277,2.10765565291255
283377,1.64771340878632
155382,1.61948562043415
161198,2.09583122263197
161176,0.710078972911294
1196,2.0088402544387
254531,1.65647030723372
28232,0.859383839346593
284346,0.677800159635622
79446,1.76318177233844
112869,2.25559240975179
11145,2.89887157671866
148252,0.586223585478309
653583,1.81621193112434
222171,2.56696141859803
2788,1.42948105216866
205717,1.34351792022995
124817,1.21950258752529
390113,0.042620338349058
100128398,0.798603087377548
9920,0.907792951423546
84002,0.4428599260494
80122,0.0146508621545966
84823,2.16958516901657
51115,2.00639835821257
51320,1.44637144752105
150280,0.0175101773978301
220441,0.979143855637248
4642,2.48540590573332
2300,0.293686531565202
9884,0.120605749496627
2303,0.658116305211149
627,0.0306605722017031
79635,1.62122146032041
197322,0.909724042558049
390091,0.0687315852068485
666,1.97208213495473
283933,0.637034253023146
401466,1.64087958647022
375189,0.953743737262829
8851,0.605354290434633
644809,0.158292338591208
284573,0.0394476217259577
256536,0.0662337567877756
344148,1.62948874040735
80230,2.18707961087532
10409,1.96836495083073
374819,0.987168673644863
54621,1.99061741794688
284424,0.015877463426456
10265,2.32727431587928
284207,2.46143490063378
157769,2.27197522217046
343326,0.300337442556257
55884,2.3009525160406
2902,0.207534086575862
6664,0.183705656893983
7298,1.26959457076502
5827,0.666895648345861
170082,1.04639711829555
9240,2.6900562940466
56892,2.02717637207092
284358,1.43250612441895
23141,1.70505655940163
733,0.465083235124783
2524,2.1196432620026
374786,0.0284494427319338
51301,1.60986934330323
200958,0.968277158525046
51078,2.31725300529437
84901,2.18467387396665
4062,0.593046459777458
387758,1.77794564419553
23625,1.27701054158903
6470,2.14152884902913
29952,2.80481356865514
107984399,0.0378567710724885
9632,2.29000929169911
140775,2.25712955907513
4524,1.73834065608245
147685,1.3116960939735
10522,2.08888818731251
345778,1.56287477686624
283232,1.91643151646883
147912,1.4814826932187
3467,0.0205630661837875
23403,2.19773363688706
54503,1.69354330176675
153129,1.23056468286887
340485,2.20044023387648
84942,0.658911048194593
5426,1.45736038205984
150368,2.21146504791649
6330,1.17360233848078
57453,0.0056012358560772
391,2.64306193535284
64787,2.16413731814602
283576,0.0602471155158791
100129827,0.130636446855533
196527,1.97331100156991
403341,1.35245278686621
124903827,0.126352566356986
171483,0.0058079828238362
125228,1.3758818260794
6888,2.7931727295662
8408,2.06564650769635
284716,1.36782999094607
6197,1.32309621725713
374907,1.71735466166089
80324,1.36409610211408
80205,1.51324532274663
171169,0.15085805279077
347862,2.20625466656433
404216,0.0876995769262763
493829,0.0372594270725486
11253,2.35311914551948
3738,0.511644264401718
127608,0.041828279182458
8325,1.77391555257239
162517,0.0660413065929845
3737,0.0738956344925407
7156,1.99228017528358
57513,1.99384984760322
253461,2.11200720962743
286122,0.0931203544834532
283982,0.0171022935190702
79857,0.0262325134658017
64925,2.20926047886775
144203,0.032865928486596
221091,0.598168805414569
124871,0.0142416006900836
29928,2.14086360744818
3090,0.874088340627565
8541,1.60317889011825
64110,2.75218677326224
89766,0.301919497498654
100049716,1.65498278086337
219285,1.58367722879244
441951,0.861598244736078
5074,2.24787401132031
7050,2.01654064678603
125170,2.1984198126924
266812,1.44651002626452
100131759,0.0662337567877756
167359,0.188196455857058
930,0.588472665954989
203111,0.097765173807287
343172,0.0322650387162132
7182,1.46462790975057
2828,1.23983318120137
122970,2.66993895053126
284119,2.73777233759232
10425,1.76497398733403
375316,0.0822431961241168
10009,1.96100937388395
79413,0.193651446974822
79191,2.10981619829317
56475,0.221657707886995
127623,0.0062213260747212
79751,1.98958288281678
79874,2.16457344923095
4808,0.0716044446446561
475,2.20227759447998
79718,2.39963938981889
401474,1.74639251120434
9332,1.10125782309796
497661,0.39237129322685
55367,1.4299109108081
126069,1.26352191915827
6181,3.1868322490782
83903,0.903547850071698
3725,2.67925113824948
23283,2.35682674281855
79605,0.25346639503959
121273,0.173635792485085
2629,2.70953457406628
255082,0.378193707093387
28976,2.21456230522589
23765,1.6103130534659
57104,2.58006776047442
619373,0.195297203563565
57085,2.60084966007383
283316,0.184205870750288
222183,0.280064500510198
168451,2.08031770102788
283229,2.0321688812776
387082,0.110998419529435
54943,1.09901682630309
254827,1.06432556266715
977,2.75513621275917
100129540,0.0412337454202869
5441,2.99722644470688
56975,1.77229739392476
25945,0.854340324062626
389289,0.629708549519202
9772,2.18864452045593
2314,2.74934390682186
6666,1.94017406301629
10949,2.45321617206927
648987,0.932966022138316
400728,0.0788383885327216
105373159,1.19319485484384
58529,1.37159065308796
677790,0.0183253569229505
3766,0.102752494025378
66005,2.45495611085697
56127,0.236160753019845
253639,1.18553066471032
9849,1.49223127805077
8269,2.13267777205697
374969,2.22999108896945
285267,1.31683279773699
387856,0.468319457350998
1176,2.24120908540112
2885,2.80477084939699
360023,1.94786091890992
7334,2.41048677290921
645961,0.0101380977223869
151188,1.63740840211659
30832,1.06893245574364
158056,0.411160554660104
113746,0.109721115265514
51272,2.50602332626933
6232,3.31914244451345
60626,2.50120291871402
55272,2.33529058167964
140461,2.31272632637164
440836,1.7801371326601
283417,0.179860354549044
100874123,0.0183253569229505
129852,0.706960403524597
285601,0.126710411468181
388951,0.0130126308322217
388886,1.30847529070686
55929,2.00100034906521
92949,0.474863846938322
254228,0.862767475683124
3615,2.53562080252685
259173,0.549955830158681
4291,1.95440621717087
25915,2.5164054424794
205327,2.11038694758138
54762,1.5056041954042
55620,2.42681790901085
83983,0.891134541971947
51027,2.3178358292874
9659,0.868517382874558
1662,1.87526361440723
4729,0.326246576104268
55152,2.27665752112071
163071,0.664273592136835
85460,1.55922521996109
167465,0.45774939930934
254251,0.62006843766363
84552,1.16953039194989
285676,0.15155248342787
25970,1.96813894756946
340152,0.278289416369876
57191,0.888647200185385
143888,2.0975928193863
5339,2.5715537792882
387694,0.0344662129356738
285498,1.4700975298025
146547,1.10462496749533
125919,1.4117318833008
441151,0.0072538062085478
63917,1.7347192063143
11180,2.37951673001896
348654,1.021919281493
360200,0.136843931739014
282679,1.49094538625217
8834,2.44237432614723
117608,1.03702965370204
26251,0.104775777140435
152573,0.0171022935190702
810,0.196775510943119
51806,1.37300721920209
90637,2.00591193811331
389072,1.08240425796212
7766,0.531477676847796
164127,0.0567512557756906
84792,2.23932999960015
79962,2.02421595821389
63973,0.0173062599854029
100653515,0.0563619252247972
57673,0.923195288433212
221294,1.83346279741822
439992,0.44226286254589
113218477,0.0970237498872507
2731,0.228153678618241
84987,2.54686288881548
157777,0.478057419844406
79861,1.25883952223342
284393,1.5346022611544
54681,2.08500134539347
196403,1.96175695875351
55175,1.01169768796216
404217,2.25458818653138
788,1.96901397896907
767,0.663309659851124
940,0.440349029066147
9852,1.91797528936095
2066,2.09578090955018
4094,1.50640237328489
56998,1.9152697532288
8225,2.33271697777802
2081,1.54046861630463
2859,0.333177177467636
80034,0.151725998691835
349075,0.368504758920631
84875,2.3733543515912
284254,0.0368609624667365
23512,2.0865373038014
63899,1.36815340746953
115207,2.26757617672026
200895,1.71069630397035
441876,0.30378506014156
54913,2.3523889629769
2907,3.09930732433228
285668,0.0126025784990239
392305,0.162412362843722
7056,1.90406130050914
2814,0.0443997508881444
9377,2.85419830546572
415117,0.968605985326908
151176,0.241609477908543
57184,1.52594105206839
22882,2.44645982539493
1370,0.168043491126138
27132,0.542913005780022
389336,1.25053006437068
124599,0.427056516731066
220032,0.0126025784990239
284485,0.2165506698612
4351,2.08378664086533
646023,0.0942374869521354
375593,0.035464851664874
26873,2.13504098267009
339456,1.25585074341193
135932,1.93076774994698
54546,0.0314631865193807
124989,0.26559961721939
9242,1.23105275478199
81575,1.2636204079181
144347,0.72976718992915
54512,2.41067926085197
147991,1.68911842091536
6879,2.77664530918302
285346,0.363613627531734
2304,0.0447946653885956
5198,1.94977603174888
79415,2.31396594213232
653499,0.113728858571093
79818,2.68876794483904
399668,0.385186787661678
2580,2.11259852794514
51341,2.2381988480208
7284,3.04248460052731
127254,0.0091091168566818
80010,1.74154008528378
80169,2.1125697056143
55030,2.08324547640739
284029,1.94170384019211
6415,2.52886577545519
27335,2.79814337000662
114932,2.86226567351734
112574,1.93231110344284
161829,0.122405948971871
9212,1.95276357837079
93621,3.18505552133762
285237,2.08966164413099
127707,1.05157522591809
84314,1.81153340530759
23212,2.33397002116603
283849,1.35044946967701
205860,0.0260306859239784
55920,2.49532688239816
283284,0.720962526100056
375759,0.0225922306114602
124904701,0.164293748875643
220388,0.366657751170762
286499,0.271298058420817
54344,2.6491051784439
374470,0.0402419221072167
1537,2.79837521489526
5187,1.757086245369
3355,0.182537284435833
160335,1.12577260103661
84667,0.0617961599388916
2193,2.63913851540563
144108,2.14475308743581
55095,2.16199450734314
284034,0.0166942133416963
168537,1.94319758064043
59344,1.38574031062181
80153,2.03088197928469
285343,1.12332952909679
2517,2.56995963227082
222659,0.0561671921294347
199720,0.453996208707706
128218,2.6072453542967
144348,2.53410608941821
811,3.29018087754822
197196,0.162754757317783
9500,2.81260466741946
100506127,0.427178431321821
143458,2.31854908479126
1002,0.0910683626288553
100128310,0.0199533676763937
440087,0.0374585887741673
5886,2.64070744628927
388939,0.015877463426456
90480,2.56014421742322
199699,0.0769407965432616
256472,0.0156731530012164
5781,2.36419860231382
79730,1.5726435902043
203430,0.0150599263207783
727866,0.0440046509270564
23302,0.397968722553168
54734,0.119162748298756
1198,1.2630292065103
3119,2.37736675822327
2624,1.02696547472339
10620,0.974820344910391
203562,0.103304789680298
23241,1.8284449884915
255520,2.23132447347577
1960,1.02611908789252
257044,0.268753859943512
2262,0.0443997508881444
64856,2.47493554858732
285908,0.932152788950042
165721,0.0109603861112779
50628,2.03621032797972
541472,0.135783126027054
24147,1.96782090797108
54813,1.59974674743653
7681,0.395047972561119
10472,0.753054327792683
122525,1.40465508024821
645212,1.60544191356303
81858,2.65683687531443
85474,0.721928655312497
144132,0.399993897113593
139065,0.490470650005224
3352,0.200704422956811
79571,2.19695532698829
401967,0.0187326529005272
146310,0.0784592157513684
4261,0.697517613614101
161882,1.02227039247151
247,3.07138208167372
201164,1.45853396914926
2918,0.204126523224255
23580,2.39903440101668
400126,0.67124361522531
100128927,2.40433098131157
144811,1.16196821315
84232,2.84608264027618
122664,0.0318642078034075
2205,0.757035828394097
340390,0.0850699324727219
126205,0.0964672461846826
91523,1.50472263121008
729614,0.873897048893312
9582,1.70744833535587
51268,0.455757888579168
2307,1.49684102082136
220202,0.0260306859239784
1003,1.98742478101284
116135,0.0221867865316464
9431,0.220065264966587
117196,0.0274424681999785
91663,2.36583537240833
117195,0.214787557493613
727957,1.58626155327292
9792,1.1604672873494
644997,0.0637284429094406
9495,1.61518223693576
284353,0.26650212078422
126326,0.937765569485494
284023,1.61596176034205
163732,2.9947198769018
154664,0.0082850342053478
204801,0.018529029376588
84948,1.58871126237687
23042,2.74381214363893
127003,0.424491703104624
7710,0.829194888257632
22864,1.74902755205894
10331,0.0828093123943021
9378,0.0105493414072734
22928,2.98683740283052
151306,0.174479753097548
147808,1.5842508261097
127665,0.246095944964931
55017,2.44723933769152
1237,0.23444054474992
29075,0.0920017153720052
79738,1.985531529018
84922,1.61550719827811
22827,2.70435547547825
284297,1.41515989039762
79077,2.63226595641479
51333,1.21492874038788
10194,1.35841689047265
118672,0.711387764281051
122809,1.79960429032822
284273,1.49875589918446
197407,2.14445439020761
9596,0.041431969987866
401097,1.00461338825632
284417,0.427909501144602
170393,0.3482082744348
253650,0.140897664497433
255043,0.308785584733161
4994,0.0238073990491231
1731,1.39679090109331
54952,1.76605269213735
11336,2.01719400315624
221400,0.0925612234809782
100132116,0.377673126978139
66004,0.999895922593148
7054,0.678315117141998
9282,1.9512542092989
81889,2.599038589374
157695,1.04170756975334
1104,2.28661155630846
29895,0.35292979754608
2147,0.0463724718392014
646949,0.584556610638987
8575,1.41768518693751
223082,1.93350134010532
10692,0.085446105720894
125893,1.72642133862317
55785,0.84998546161904
347088,0.0072538062085478
124274,0.0627628591308276
100130176,0.101646795135895
200150,0.0126025784990239
4947,2.33189823048033
8092,0.0296562306312831
124808,1.90649673967651
386618,0.0213753154909553
284071,0.022997480615535
2535,1.27014621039708
166815,1.36858431515753
223075,0.0485371324516474
3059,2.04173797707623
222166,1.50076673557244
23060,2.10385691538507
5062,2.6768912283403
285331,1.26227284223483
90411,2.40887142771849
283860,0.0201566492701331
283254,1.6650174012072
54494,1.78245123300353
1582,0.975091463456133
2619,1.55917026208149
23526,1.86181237002744
51276,1.04899182705175
144321,0.483161008797495
374986,1.9164234603215
3753,0.0416301479021601
414235,0.0298571944893556
8204,2.4787471129613
201516,0.0685397094214406
168620,1.48725876337476
221687,0.214948001224658
401563,0.147377001960521
85453,1.04581897167255
2529,0.349290048561239
8334,2.87736979163569
255308,0.335932056757271
387640,0.0465694896604753
8347,2.36165161822469
151963,1.50815783724513
6752,1.10558342590127
84622,1.61057579229148
84333,2.04269785713661
146802,0.0635354152782802
5551,0.952788752435146
4081,0.185704654675442
55432,1.13250022531425
644548,0.0398448655326076
169200,1.26712150592388
728175,0.325828753132641
1132,0.393519603536365
390039,0.043016088629042
387914,0.86587499031655
53637,0.927192326407525
119467,0.0992460334971177
100271836,0.217830494561375
80045,1.07193767212742
166012,0.780582614136434
404201,0.632556426711956
120103,0.857685277569517
253832,1.99927734283878
374860,0.0503040803202519
143503,0.703000510255196
124961,1.72172542399627
79642,1.69428107599436
3225,1.91061313136596
5464,2.52830788463713
3226,0.586125636839588
389362,1.03438208458765
27319,0.393264574308047
79929,0.396700220523486
10224,1.46279863883307
283422,0.0101380977223869
3579,0.291942138969249
64388,0.0467664613262632
160298,0.240367349781293
6748,2.74465450699014
84698,0.900069805428239
126375,1.34224512414174
404093,2.47457330965357
23513,2.4410884285702
23510,2.4577071137225
728294,1.44235914011334
5021,0.718864479302394
55783,1.52680442544561
286077,2.59260465066464
118442,0.0370602183099194
120796,0.0047737452018541
137209,0.1250988793227
400410,0.308215722939551
23760,1.94278322089638
90843,2.42938156198245
255252,1.47467884173338
390077,0.0380557917082188
64928,3.00391692236445
283554,0.816419409795531
166379,1.50427097953579
284406,1.08889122697498
286006,0.0453866897349848
1728,2.72598400181975
387748,0.0191397532419228
64782,1.97945241788085
79147,1.52029110156016
126003,0.112455778548313
9501,1.66146226991602
284439,1.70557587610554
343413,0.441067294267243
124512,1.97716079316941
284129,1.81986039055654
25994,2.31877773061213
225689,1.22435639453519
79813,1.71241621151536
9370,2.29869402108776
2149,2.36492482979533
286075,1.54584957698129
94025,0.0181216355189445
4869,2.83066149291332
64219,2.25734179082608
55526,2.3756220346978
5179,0.0573349127789155
389197,0.0076664475141711
92815,0.798172904400858
155061,1.45763145602796
5430,2.68791740954403
92293,0.824665998029679
284427,0.532851106141679
219902,1.3519526792161
23401,2.11512114714284
284114,1.77955383475314
124842,0.0447946653885956
79692,1.38134706106614
347736,0.06565627325421
374768,0.0754196057556881
341208,0.174311031346234
388341,0.492370411133804
220429,0.0326656794165476
441051,0.04578114125236
6357,0.175659821599347
255101,0.202661695187666
91351,1.16597742101909
163183,2.13721377311076
79701,2.15297739829955
100287171,0.964593218549928
2837,0.135960022436348
9625,0.472115407646522
23109,0.0510881989588056
168544,2.24268434497281
6657,0.0467664613262632
339500,1.28353542235975
55076,2.26826948484798
5912,1.86815323701987
57621,2.03302238953761
84282,2.47342649150047
219874,0.196447232976195
79777,1.97001361608979
6448,2.02508764829398
377381,1.33709416835954
10586,0.0461754078434364
2187,0.615573855329391
64184,0.350640121774613
29072,1.82963286087909
221416,1.74825562161204
259236,0.152766315216847
399664,2.17620867473257
51649,2.18162728264583
260436,1.93058120970984
64582,0.880621307584286
342850,0.0246165431357565
53829,1.42626940391464
9966,0.351583758949313
286128,1.43179318051361
7262,2.05637092125697
285973,0.205263987534888
54112,0.147377001960521
284459,2.1797403373421
5324,0.0784592157513684
286451,2.25526437600607
26137,0.198087283905678
205428,1.19554063906077
90355,2.34897583478671
57463,0.83970771788629
2827,0.16974220649948
169693,0.090507846716347
284451,0.14964137415928
6478,2.89112592900766
22820,2.96511930787452
575,0.437469010388259
151477,0.420935287109962
414196,0.0318642078034075
285195,0.919706380608063
84967,2.65830729715654
768211,2.37697307108607
64864,1.42087886504688
55343,2.36483840753844
201633,0.586027674629248
10193,2.12444401873546
6517,0.840514509451894
200205,0.997288149550168
1366,2.74682582720336
79673,2.16909376496898
94039,1.72164844216411
134553,2.23624895066708
100996455,0.334280312453075
84890,2.06549899427619
51287,2.49718381962395
5571,2.4677163053587
64785,1.35364554810032
91050,1.96774312536236
64963,1.67434861873276
6635,2.55493599122551
219790,1.10840599934299
55228,1.00975523525373
51363,2.59457638384284
124590,0.0756099064785592
3418,2.96378552539448
91304,2.39874268826069
7485,1.67548906582053
84629,2.26745946071287
220382,0.059277505632032
161291,2.63300835519019
28955,0.76681113620928
441234,0.0152643844692303
55505,3.00121578566552
375061,1.01495507736981
30820,0.322058138972838
11022,1.64124829317728
7562,1.28731840177391
9798,2.35481875263687
375748,0.874024583114313
64975,2.93004852644553
339221,0.0867613730983522
64764,2.25304250599124
286530,1.04596356114558
11257,1.37537726830163
8633,1.03888572852871
283989,2.121588138877
56963,0.655016896923324
7318,1.9594882231212
51021,2.69976074470655
348378,0.680028847110074
5890,1.19957604807927
23641,2.39746858657364
51329,0.0422244019181622
2131,1.96102376403824
6472,2.40630897257137
81532,2.03747914234457
84439,0.537270520477485
10159,2.60821216480814
124637,0.122046224165508
25825,2.6051987296553
7325,1.36909555210694
23336,1.16808847582982
3739,0.009520858735307
55137,0.752977526390638
284359,0.0232000328901817
338707,1.74566445203815
8905,1.57103836283936
65265,2.36291737855955
285429,0.176333374633635
147650,0.951775975988044
342945,1.19020180257699
3770,0.400751936717428
26233,1.76310013033482
716,2.53562338275483
388323,1.3347150933786
100652824,0.0346660352741282
143879,1.18150646404009
54059,2.00403083231561
157693,0.0156731530012164
2055,1.20614015798185
339059,0.0177140457770852
55344,1.23759958230729
11247,1.44035254066106
100271300,0.0850699324727219
785,0.036063467897197
122553,1.10401421263755
161779,0.641030697001881
55666,2.16145885190662
400629,0.414515642059746
128553,0.719672193847373
147968,0.479194623432501
23265,1.98118446319657
65944,0.156051913604374
3838,2.39399199013257
653440,0.773844427461837
402415,1.46109716757521
633,3.14948187303368
79598,1.61213273945428
340596,1.01910296542006
2242,0.924785419150714
51218,2.52455991878278
90736,2.17567421986953
859,0.0402419221072167
439921,2.04408387624118
3985,2.37017689946786
84975,2.66467072400369
338879,0.124381626856512
55256,2.38290651256428
201965,1.91220394340311
201305,0.427422200806065
6304,0.53852824025592
286453,0.118620969890508
11248,1.73578892666453
1436,2.19902191907322
2049,2.18370453773916
255324,0.0700734830017112
114042,0.097765173807287
389084,0.410038851033195
9951,0.0563619252247972
22906,2.06360890400984
83882,0.845000596898725
23236,0.297308198412834
348235,2.33855355840884
51289,0.0310619747051902
4692,1.87808224665355
100506380,0.844666892820419
50863,2.05025525638184
7267,2.3948942432427
116729,0.0272409292764164
283870,0.623234695647014
8811,0.0565566131007352
492311,1.74044754209839
25987,2.49351778904582
302,2.66008875413116
9628,0.0352652184723042
3214,2.05983282489701
340146,0.0168982779780871
164091,1.73207096712872
5069,0.151899477025274
389692,0.34372975208057
51335,2.05696972321838
2894,0.253619217745834
6218,0.570677340530803
338442,1.10693129363942
55231,1.46172470484275
221357,0.12527809465136
79098,0.724898852128431
1397,2.73937683550666
55794,1.77482450480618
64746,2.51969180868285
29035,1.87048901356026
345557,0.116269135132515
284013,1.26181192908135
79087,1.49227338125717
3932,1.08696168403588
50614,0.0056012358560772
80781,2.29247351364569
8241,2.38613455840855
100506504,1.27328306095217
222487,0.0598594062479726
2747,1.05528701009453
6165,2.95246320646669
6000,0.0154687933557568
83733,0.140545962298171
170960,1.68844120149051
56849,0.952170031306876
28970,1.60284516041968
80254,1.62349385703603
6734,2.74653765872338
347741,0.0171022935190702
2130,2.36938646498851
161753,0.189853388024481
10473,2.80497639736693
221178,1.50126298410512
10052,0.719106895347072
25904,2.07293733816434
9112,1.77721264208622
389114,0.316719997701522
23705,1.30768970557064
162967,1.5610170159034
144608,1.29247677234061
5831,2.42269001168639
84316,2.63400566834851
124976,1.07501934093803
199675,0.188030575137308
161,2.07326388023253
6546,0.561000971014151
89874,0.619788371456864
5121,1.74883469832739
18,2.18786877263577
1468,1.60721465578514
57118,1.83660154133624
145748,1.18340827287052
164684,0.143180048388379
150084,0.896018424577955
125061,1.98405630626695
2621,2.30414777029293
166752,0.0058079828238362
4703,0.0706479226552025
57596,0.238033104408532
10082,0.996032415435711
389337,2.3365734116863
163933,0.688956051085668
64478,0.0398448655326076
11251,0.0274424681999785
285753,0.805518705065985
53820,1.61306439867896
2842,0.374542128812892
125111,0.482256296407949
102723701,0.108258914477887
5877,2.04777027792092
338773,1.91858471846979
2188,2.06088560129605
83698,0.0276439590910099
643015,0.0366616595234452
91689,2.32494752801617
126567,0.39377454666353
4166,0.156914345654153
3327,0.485868461639801
10856,2.59678995223214
390637,1.1508545450355
29119,0.126889275567633
150221,0.0274424681999785
80164,2.17610827571354
84536,1.30641822433246
754,2.91932061048095
51428,2.38150970891769
5343,0.094423529467826
9802,2.82093965512784
147372,0.0685397094214406
9403,2.85046697297915
730029,0.126889275567633
27439,0.539574661886159
9831,2.14385183874602
284656,0.556827987410772
202243,1.77885732087443
54880,2.01294265315781
8690,0.767938498003166
219621,0.083940390516352
163351,0.0816766944344988
158358,1.7872956696433
341277,0.0376577034343075
646658,0.0290530521054448
2275,2.03790309040544
440955,0.129210969736922
100128569,0.970957421830642
126075,1.72313437002946
54101,0.520072866239727
345193,0.188528114923824
9284,0.328609976185221
10946,2.52626411731174
51270,0.0234025367070836
391712,0.174985707443646
389537,0.182537284435833
2903,0.0897599029245919
339039,0.186702299279471
728340,0.816279912387905
140460,1.80497720880145
646892,0.0540221383132408
11219,0.335794546712778
29933,0.84812897060509
4600,1.21089535013287
57634,1.59875424798946
84206,0.588765497202038
54855,2.5448312126066
493753,2.23432843768341
51118,2.12525185155675
8624,2.20799904371407
253143,1.63886179575201
378832,0.0115765804481612
8302,0.0422244019181622
54988,0.594403154767863
390243,0.0920017153720052
253190,1.23195802474824
54039,0.230044960544958
145814,0.0244143296379668
84193,2.2094939751477
388121,1.92813251636255
84133,1.94393481489739
23194,1.87656421145061
128989,1.14730352980755
119559,2.33542533311215
200504,0.0252228938178094
84734,1.91873693023793
116541,2.63264470503298
220929,1.28467311985285
56941,2.53912013835288
1232,0.225624961385223
8214,0.0154687933557568
94137,0.0438070313509447
399949,0.0242120678044732
348327,1.10458136349571
4707,2.5975577565588
64410,1.38134706106614
407738,0.0272409292764164
55039,2.35534889803898
5678,2.30580620411607
2825,0.523609481701227
353500,1.05958817080244
10189,2.50687795016769
359845,1.73200831437498
80258,1.04258059760658
9241,0.0990610707966686
7378,1.0660515543054
282616,0.0805425329522405
4978,0.209797772750175
84851,1.11546690607528
10186,1.71891972022806
146223,1.94560726764338
23585,2.69087722254984
430,0.907006743702389
29110,1.44683322718009
23466,2.24110275016692
346389,1.59013721581693
123876,0.0049806933258769
10607,2.30928737369583
390928,0.0130126308322217
83999,1.30292114581084
10293,1.01859865720496
11200,1.13597917322553
150209,0.0916285002418245
57528,0.0195466581122431
10317,0.0673875284399155
80139,2.6743360281039
148641,0.232559697361703
157983,0.80117825907085
51807,0.083940390516352
100288332,0.288149195283638
90187,0.041431969987866
283298,1.36428615184932
221303,0.544680207329999
389677,1.55992080224772
1233,0.684719562905459
286826,1.26016260375263
114781,1.85177808841524
256281,1.94550996540476
339416,0.0193432301006561
89876,0.730244141881246
29944,0.0719867467506061
2863,1.19776558111794
54097,1.28593440538624
100129543,0.761600411752287
55243,1.7104331317888
128239,1.54810511777797
10766,2.2231954471152
6331,0.0946095302476571
340075,0.884333392021886
149563,1.98970316538053
130502,1.54664023033188
219527,0.321918132591504
146754,0.280359957267272
4068,0.507611567951372
100288072,0.202498771328752
5613,1.62605680213358
387893,1.8069074564036
131096,0.0635354152782802
6525,1.48079359691307
283869,0.544991615093804
151649,0.147377001960521
28958,2.76165157211469
256435,0.575168219444326
8073,2.95663499480018
71,3.48695593064712
7113,2.24722191268682
23258,2.29427137915643
56616,0.203963896563133
26276,0.611995051101056
6899,0.105326723309871
55803,1.63121867883751
29796,2.36912179728274
54954,1.81516070527815
647076,0.168043491126138
8663,1.33755154728716
7122,1.64645503608449
8508,2.50429360841686
100271209,0.130102183141896
6900,0.0376577034343075
120356739,1.74913599457081
3786,0.589643263203128
152,2.03371332555219
126382,2.21549894439517
388581,0.198414892898551
79174,2.03269434631585
152579,2.0188131977739
140739,1.4905230456481
3768,0.830492802495185
54328,0.246250198429838
5504,2.46285360568213
64061,2.00440393845618
643707,0.0260306859239784
283871,2.24422233287267
11066,2.00554671534245
347516,0.428274767776111
3654,2.49536837420843
84319,1.89650428776496
116448,0.0175101773978301
100505621,0.0162859366995967
5101,0.0673875284399155
641371,2.33288802122806
220323,1.95334368883957
220,1.18545500332256
8338,1.48961377745634
56660,0.215909987982621
5463,1.29232118638982
124905040,0.0503040803202519
80213,1.66946916738772
10078,2.31671672538172
4070,3.25187326484321
5587,0.663835608606399
401145,0.83815853640912
254887,0.76175202513942
374977,0.0043596979037672
26576,0.0884493778801894
9573,0.226416048171687
6586,1.30404880318475
1946,1.70421637381202
116534,0.11844029781928
3009,0.0489301088118718
124783,0.152072918441974
11187,2.41176906268532
256714,0.0091091168566818
1435,2.44163892922983
10584,0.316860947924899
84517,1.14099451978723
8398,0.532323173895546
84441,1.09027834251664
150147,0.0366616595234452
127550,0.14405619395913
26039,1.46919379454307
3751,2.51678024008276
116447,1.84122196892014
9276,2.4044732597003
64922,0.0436093653522559
80764,2.02954252811762
9735,1.57440304687287
2826,0.538842326731271
400746,0.642297478385743
254240,0.0179178651438874
253769,0.290047970008234
10587,1.4547777794862
390664,0.0113712320035829
4303,2.00006503724985
5454,0.0082850342053478
11156,1.97418837182372
200350,0.0621829736100838
348013,0.796449338566851
5627,1.4383613409471
256646,0.009520858735307
374659,1.35654666853341
340542,1.19850525835721
162239,1.62917350395686
51286,0.197103654923728
1850,1.73524195565974
9021,2.13467530180179
201243,0.113728858571093
84189,1.17298374966906
440822,0.0310619747051902
57121,1.51124507512272
11260,2.31514770819652
340061,2.55973072609755
5142,0.805376852050952
284467,0.0891985025665453
400258,0.313046259880248
8303,2.30171758239053
4753,2.40953829152372
100101268,0.912129567616542
124751,1.22329716602917
9968,2.08539499941133
81931,1.42323070867678
10801,2.59800190542293
203074,0.0126025784990239
146852,0.79989194116919
157313,1.38276327818008
10819,1.51736116337523
138046,0.0598594062479726
139285,0.66313425417507
9923,1.8689786219108
8349,2.41028826649182
9074,0.185704654675442
56478,1.66355777244295
389816,1.0660049723566
55328,1.92300710441755
55911,1.85628881043035
642273,2.02874741903452
168400,0.0217811482126814
25923,2.47710921509551
55967,2.48545494768658
644538,1.08924950839864
6991,0.559782133350353
7327,2.051647583933
23762,1.06128111526695
114041,0.0506962311574882
286753,1.9923664420588
201501,1.86964858666718
79135,2.35687806294421
51334,0.705890216523918
54732,2.86126805023708
1812,0.0942374869521354
25880,2.10112532278512
93517,1.21435433868892
155435,1.54031615910322
9823,2.45764991731729
90135,2.3941701650796
8971,2.72460065799285
375287,1.73727718732762
6612,2.6935079090092
83943,1.33620685991092
140597,0.0959103684817372
1188,0.205101591371193
3714,1.71708247191246
752,1.69167976705294
728118,0.290485494004677
391356,1.81959500329624
286256,0.37623968825772
7490,0.0244143296379668
146198,1.71906172244245
646851,0.300049450347013
4588,2.60154607305137
79050,2.13424141633126
11274,1.77198902292145
4700,2.65216889297646
1133,0.0197500372972908
57537,1.08700662969042
80757,2.31971165917828
113277,1.90203712028229
10572,2.35651864749326
140707,1.93578672856445
338376,0.0528497930137067
387775,0.0242120678044732
8694,2.41887294550375
6092,0.0424223934120883
26985,2.32206595616216
2157,1.27286371515119
93034,0.0951672823362936
377677,1.23268811608366
22888,1.26286486930557
23764,1.1129366340859
2972,1.58203948860908
389257,0.0455839386189831
10509,2.31999445356891
339766,0.0070474104382352
10519,2.90629325593077
56899,0.533273173532636
7469,1.87825056801911
57419,2.25032757373116
100130771,0.168893293658576
133491,0.09665278895269
105372860,0.35292979754608
23768,0.314178497218857
80789,2.41056338966927
51065,2.22603567318084
149175,2.10591787846076
122622,1.78096583820338
338440,1.46658354236561
11124,2.08837506147002
255275,0.0931203544834532
131583,1.58589818162485
56160,1.51971449198926
3297,2.36189048261365
387263,2.0981931232587
5813,1.75643520520123
8340,0.855128946309636
27124,1.96134021318522
83881,0.569474963919045
162387,0.0177140457770852
114659,0.573674412671791
317781,1.59523829507907
283820,1.6625332167059
59307,2.47189209575659
340371,1.27854543245032
400668,0.748662445958655
10581,2.99287943532375
7127,2.13182736135954
353274,0.959887491209098
267002,1.5857077315034
51186,2.6701239161191
9230,2.63872055859989
10196,1.53691136305999
2811,0.0616026860516921
55015,1.79970064601709
285755,0.878852002373381
7625,1.35976038882417
285600,0.613315687181616
283991,2.36579002101258
441549,1.06595838672081
147111,0.0534361704016004
123103,0.0495192289370227
54033,0.866391440293489
64409,0.177006367365097
84614,1.05195699506507
389493,2.24706195543322
3563,1.70698427976198
162540,0.036063467897197
339230,2.11113529319323
729238,0.276361861281503
729857,0.0501079362162316
54622,2.19313670843231
115749,0.0156731530012164
8558,1.33692254835583
284186,0.205588681229591
8651,1.15181916585065
6948,1.94796507986596
10634,1.9426022725944
23545,1.18640003654656
5071,0.219267850494214
283643,1.37193847261126
266722,0.745796003236901
9146,1.82130685080135
126282,1.63219086622645
5892,1.30959123878102
5600,1.72952001684037
93349,1.03864183853359
51263,2.24262148811869
123283,1.7277773378807
64754,1.75607967810185
25840,2.51492773142076
54072,0.0380557917082188
163702,1.27412077543851
6450,0.853353178423794
400451,2.55363069304076
374920,1.68636166830322
402569,0.187200659182042
374395,2.54633395298323
285513,1.12916717285311
3854,1.8701729268717
55010,0.87656990533782
246329,1.22382703487276
4919,0.475092420327279
4582,3.11084640936238
80233,2.02555618765176
3665,2.43707340924138
26013,0.0975798800301689
79184,2.33703794846341
9899,0.305360124389833
348487,0.109355807799742
256329,0.956655706168058
149643,0.0759903776592968
5148,0.576460313748026
5592,0.647521030446272
7026,2.81714845210798
8788,0.0152643844692303
727910,1.70585525591528
4045,0.197431665013872
113146,1.15900202445162
169611,1.79587240441384
6667,2.54589740271361
64976,2.4757948924199
440097,0.0818655711838594
389119,1.31748623757201
64714,0.085446105720894
10336,1.9384326002006
89782,1.2536819088498
5034,3.02737454130041
5719,2.6355259508735
5087,2.23615790505785
100288533,0.0916285002418245
56901,1.63802743264645
399694,0.415383035402473
338785,0.143881039990532
677,2.77265190222277
7332,2.34109315195726
4908,0.0532407567944813
54014,1.82281925578979
6490,1.36208273104198
8224,0.0826206497668653
5453,0.148771205374627
333929,0.827208824402563
79842,1.40558265977086
254773,0.123843276378059
254956,0.843397234932471
23532,0.0310619747051902
4603,2.04525710073371
100507526,0.0064279224007442
730094,1.61059220851772
4733,2.4356507979478
51479,1.97132612548589
253943,2.31913745489071
79943,1.39218330608704
105,0.0262325134658017
10718,0.0670031148207685
6345,0.237565430338323
399947,0.0136273381928503
3434,2.31266207936802
159013,1.61036232835577
56479,0.302063161290344
339366,1.48266482452942
80333,0.0280467968559265
10933,2.6153872770013
338321,0.0219839916622789
348793,1.9505675497848
1762,1.87800249115481
79581,2.43181389611813
51227,2.02725508008717
10320,1.01763930241386
5833,1.8013566668147
339983,0.894106471069101
10134,2.83744817264286
51326,0.249021632736274
100130717,0.222293796243955
54584,0.740025919492917
266920,0.405033140195727
127602,0.541975663969047
2124,1.9875658963976
100505993,0.33221063649767
440345,0.30378506014156
374899,1.11000656500879
132724,0.0465694896604753
79896,0.977202066037664
140691,1.91729258540574
527,0.178350675185314
8519,3.04293979188717
3916,2.78854462690337
338398,0.0410354741801234
84197,1.70083960211708
84856,0.041828279182458
283897,1.03408718296954
200942,2.29332397037269
54093,1.27118306443724
5727,0.206075475364887
146760,2.37330121349707
255022,0.351044680111883
439915,0.0420263638480368
286183,0.0014557139169309
55599,1.03192010429154
10308,1.34323534420904
8660,1.50507134767779
402573,0.0658488120877697
121006,0.0786488237171767
23299,1.70985360011575
881,0.320937377290198
55217,1.49029060287296
126520,0.0491265280900879
22821,1.77398379099324
84859,1.45600278993068
51079,0.336481851319876
84924,1.28125276980074
100379224,0.118801602317322
57711,1.2424673902784
342909,0.94029491777728
220107,0.224040428020355
100129196,0.606687480988999
64853,1.8689876828176
84529,0.842393099464437
146722,1.12189254002326
3852,2.43112958236795
119722,0.0619895891189751
653149,0.968441594000955
54103,1.59225948249533
84871,0.046963386855558
120227,1.72820733831784
100130733,0.136843931739014
157567,2.18966199468673
23396,2.18067319526507
8529,0.264394666900614
374973,0.351987819124078
10773,1.94019682597628
130355,1.96948595934371
10623,2.09342351315746
164153,0.27099916815796
51741,1.88087267546368
199974,1.21248340349808
152302,1.5199929412014
338657,1.01042046412637
283149,1.76587889051577
51082,1.75268749668293
146909,1.09388722760565
84937,1.26486638394719
338557,0.638490170138918
89958,1.93545666443534
128178,0.462646711092966
123264,0.121326302161832
66002,0.053631538511365
64757,1.12711606707971
345079,1.70445658960906
55330,2.39797026267719
388567,1.07308944214462
114792,0.10953848174189
644517,0.469471814033847
151174,0.151899477025274
57496,2.12822601896368
151888,0.170590231281182
7565,1.30203563326551
55693,0.876696904029137
150763,0.227522251558552
64222,2.55624732853765
5501,2.43780378456496
148254,0.978065846961001
4675,0.909543255276364
153768,0.840111240047713
23621,0.981079480186467
388531,0.0320646470462866
389177,0.0146508621545966
153201,0.018529029376588
7058,2.22697254912486
6256,2.1772351020944
353322,0.878788721506286
200035,1.56764949800211
100127206,0.0336664500279098
7626,1.24955399211102
260293,2.39684086143601
3858,2.36203050184632
101059918,0.0526542428027862
342510,0.286685452901488
728621,0.580717469759464
55922,1.48262188773547
342035,0.34195828374075
2204,0.046963386855558
3840,2.06285015671479
10345,0.0082850342053478
3850,0.0505001786277436
115560,0.398728800764553
10168,1.26891235479644
353324,0.264846739459581
283471,0.0119871284396815
400830,0.122585752379058
4674,0.402139697844027
6228,2.59849491641734
54331,1.24027880905793
11118,2.03692493260557
27445,1.11777305775734
401190,0.0668108416886656
3638,2.54150117652916
23040,0.0022864348041153
252884,1.14470698147823
84065,2.04730572410064
1187,0.11844029781928
257106,1.85283502034939
151011,2.32790831097327
85002,0.576956647201406
11283,0.0056012358560772
4051,0.0356644376201233
114826,1.44906681787344
2306,1.4641823685086
23131,1.87899389167633
56971,0.575466603940043
4771,1.83893768625651
221491,2.70290224526272
375686,0.197103654923728
7328,2.42611107193432
84981,1.63604357695912
84842,0.912849426887608
100129075,0.549027655773344
11104,1.69383035935273
123722,0.0183253569229505
116985,2.08850854352251
347240,1.35298015783546
5138,0.769063942311524
90668,0.261828008380253
55615,1.20723273831545
80829,2.36121936648574
284018,2.46152459733549
144233,1.33445647203522
139599,0.0346660352741282
339761,0.0076664475141711
90624,1.61766239271225
387885,0.0671953437318986
11223,0.0298571944893556
613,1.68044471095749
26539,0.0089031710875008
758,0.0068409645610921
25794,0.409914113804984
399823,0.0708393147493007
139886,1.35067244115388
654254,0.80253329759598
474343,1.42352089824697
2301,0.0442022240997431
8372,1.29755504211765
147645,1.04301663104963
2833,1.25950146636525
84307,1.40042197901926
100101467,0.992302220279248
53373,1.87192187587182
11006,1.53706490832796
408029,0.177846821597863
7293,1.26247025648472
3868,1.71805380580347
10614,2.62113086126022
3861,2.54451245489314
129293,0.150684352667124
79955,0.245941661443102
23275,1.70114886871273
84109,0.054997842915243
4137,2.17162529611711
54821,1.25318017756914
200728,1.13606174798
8784,1.59164433328805
2248,0.0246165431357565
338761,0.142302962436914
349667,0.754128617551476
23390,1.59472899049894
256394,2.91377188709807
5030,0.907732508883209
55893,2.20958878762973
353174,0.009315012732202
5465,0.594209500954196
642987,0.229887525251903
440585,1.34298089517921
64800,0.312904613849403
256949,1.34317881067758
129080,0.59999608366408
6007,0.0119871284396815
388407,1.31495710761839
83715,1.11168886313011
353345,0.325968052585667
164656,1.24600524230749
1579,0.0404403802309502
51259,2.24019087999166
91582,2.24959921840555
339967,0.0588893471988714
100130348,0.009520858735307
285382,0.456109721644382
7003,1.96787746736672
391191,0.0670031148207685
5333,1.6176947249624
885,0.0744674501196066
957,1.84626091750971
4286,1.0660515543054
399671,0.45034206262084
4673,2.45835234082674
353514,0.559782133350353
152100,1.37217913357017
6585,2.10202660034343
130574,1.21352758980777
1645,0.612561342937439
27022,0.49058253748045
55182,1.64795558698246
253935,0.0495192289370227
57698,2.09082131670227
388282,0.0372594270725486
730098,0.0835635353418218
339327,0.860035932249875
23270,2.14893902244591
4501,1.12341394611068
2650,1.76858221946282
91404,1.7115374018621
23048,2.13540628902659
79659,1.71097246597341
81557,0.0080788886488122
4059,3.10914187388002
222194,1.99679955595126
349136,0.394411528122647
2057,1.94084880577037
63924,2.04782759016346
1630,0.033066130062972
51616,2.5294515883825
56123,0.365600304005698
9863,0.569775748739678
338645,0.0223895328412295
11261,2.80224720654028
2359,1.44655621063416
3010,0.104224463503951
387763,1.13531814554023
3767,2.41155571835352
1282,2.51164561118748
388401,0.052263005646635
440107,0.0304597993916931
2701,2.03292102491284
5757,2.993903560429
25763,0.256060367680391
51182,2.04137665766119
344905,0.0683477895576427
51547,1.57951947100969
9742,2.29987951833245
392636,0.032865928486596
646643,0.0177140457770852
340665,0.0534361704016004
7100,1.21474930393663
7874,2.53505388130507
342977,0.303068065558585
378884,1.47299593436814
84069,1.3173971796549
201181,0.549440326240181
28986,2.482369440389
200424,1.32338983479656
57335,1.12349835072767
9636,2.88261607812621
54932,1.11730403395223
124903372,0.0113712320035829
400566,1.2944642837294
387032,1.38197697264492
400966,0.0056012358560772
317749,2.05518727092931
148398,0.618199205649402
84808,0.536640834788647
400673,1.47815752301315
26059,0.0579181636361618
145173,1.49900511256528
81848,1.55689308065937
3266,0.059471517423572
399965,0.0238073990491231
51393,1.50270749379773
84281,0.495488696991916
94107,2.63084943217831
166348,0.0068409645610921
79875,2.40761071069515
374407,0.0286506937617837
2563,1.16259899227954
6917,2.40994204827968
79840,0.573375273810326
2175,0.699849103910634
79048,1.68388132541419
124,0.085634128532859
10507,1.28464154969012
125704,0.0891985025665453
8632,0.129210969736922
10445,2.32208676030162
57697,1.07036763038823
7621,0.736728712213423
64170,0.632281334656783
375033,0.852100606137924
65243,1.29007571678584
347454,0.957269937690735
339559,1.54999529368001
388335,0.625275821938202
388960,0.0130126308322217
3006,3.18944297167142
1978,2.67543123412321
22953,0.0201566492701331
550631,0.351987819124078
164118,0.0280467968559265
116224,1.90054788931681
342979,1.00811461163388
199920,1.48057805606757
729956,0.0324653828330247
400891,0.0072538062085478
1755,0.0459782976541651
388512,0.299617262155836
401944,0.239278889746858
100288637,0.557848039693376
441194,0.911348784905206
50626,2.01809440981493
7373,1.95024965505832
92737,0.0101380977223869
642843,0.286245795141816
339451,1.14087171847039
391013,0.0700734830017112
222696,0.103488806295834
126432,2.0106788466865
100141515,0.042620338349058
162998,0.0115765804481612
285386,2.48607646177702
729967,2.28512086256807
285093,0.0302589788495971
6274,0.537480293262346
29978,2.44051911817989
353116,1.25123578484315
646457,0.0750388739578922
57474,1.24355840325095
1180,0.0471602662673416
284434,0.0551928477150357
10123,1.80257051291682
100130519,0.291214156259153
115273,0.917389399693519
7477,1.93894290743938
65998,1.45650100434432
147199,0.0876995769262763
51463,0.686756362392828
145873,0.436626900598539
643161,0.105693816820032
642959,0.041431969987866
346007,0.0546076972506679
647024,2.45406867218644
6300,0.673148024293986
401498,0.0581124904196997
441457,0.0786488237171767
1287,0.965419907292443
375790,2.54050217823774
4810,0.477943602513032
340990,0.0037382490083226
643853,0.546753709509105
199777,1.50636147296255
253012,0.187864660276894
342527,0.0318642078034075
376940,1.18108719912215
389541,2.55125130676088
5575,1.44800883556734
729262,0.158120217057401
374383,0.272194047426621
123879,1.61032947901194
445582,0.0282481437700031
390927,0.850382583082839
10383,2.97705324450639
119016,0.554271466905842
25845,0.0561671921294347
170622,2.27655292379591
5320,0.234597081311967
400935,0.201846744967738
123688,1.06259449813647
643338,0.898906169225139
285180,0.285805890005605
163087,0.963268194206746
57801,2.15025136989214
374918,0.334555849427469
79862,1.26607682112912
374872,0.437949788491541
344657,0.380272463537879
401541,1.19023931488484
5359,2.10867684479297
375341,1.08470997715458
387712,0.150163030160434
84527,1.25294587782937
388228,1.69244804977025
10991,0.447974947666976
2963,1.70694448089438
137392,0.871980958502701
54914,1.91825606326871
284338,0.85879638627045
7784,1.80385508589767
440093,0.347802215138303
282973,0.0784592157513684
5133,0.557542176954901
2844,0.203313060051116
343521,0.445481317785601
390531,1.58650364446389
6402,1.10614904289893
1121,1.83254325948348
339345,0.0499117462968908
63915,2.08700147553442
375298,1.01261561343399
389792,1.79865025537258
3014,2.49082300325035
387755,0.0563619252247972
5104,2.89052623478638
284325,2.20039904248925
197021,0.0445972313113895
342897,0.3032115173749
348645,0.304501394118264
84570,0.0447946653885956
644815,1.57358633894602
389799,0.651457580161256
10772,1.87701755188513
3040,0.249943291111367
285193,0.788345527740827
388115,0.515870820980522
4077,2.56941249191598
57186,1.95188075097741
27158,1.90629021883666
345630,0.0583067721494003
154215,0.192497411415927
144535,0.173635792485085
100874381,0.828510727387866
1201,0.189687848035021
653820,0.240056513557371
56624,0.191672086234452
6613,2.6533711727265
340719,0.56987598208091
340784,0.130458397610706
388555,0.539365499402674
653720,0.18002792277152
84247,1.90597610329226
1806,1.32338983479656
140576,3.09015434619254
375743,1.68169616836696
387707,0.118801602317322
283726,0.506955502254476
6006,0.621467086612936
169355,0.0179178651438874
29780,1.06268819932119
57835,0.116812462656807
7390,1.77586741817137
613126,0.055972413796195
51114,2.18852051733258
347148,0.174985707443646
338599,0.058501008843608
643155,2.58813263395797
340277,0.900436822772837
144404,1.38223920817254
401024,0.0268377072511832
23029,0.724498239757387
10811,2.10719761239737
130612,1.00197407327095
440603,0.0555827213422205
8326,0.197595619879946
399473,0.684804551069494
155,0.0799748722352531
390598,0.161727140714153
5549,2.09321581671286
147694,1.52407165509259
4520,1.71448171859422
127391,0.171268012798103
388336,0.771682554148221
199953,1.11896521617216
387921,1.67377730724692
132203,0.116812462656807
79844,0.181199928331334
441168,0.797239869775638
1269,0.0225922306114602
84464,1.31917549453373
377841,1.72994830873389
9045,2.61861079882295
389206,0.0179178651438874
389672,0.200214358457645
149297,0.25254883747966
147837,1.59164433328805
342125,0.120245236362853
253986,0.114818507485862
85302,0.849389318015433
346689,1.84990292471281
431705,0.531689144134205
339287,2.28084992620527
400499,0.146853560983701
120892,0.453408048784674
2707,0.0964672461846826
642938,1.78841851264643
79979,2.04026721218677
401494,1.14992857749476
257177,2.05213508790188
60506,0.0130126308322217
158293,2.24996197501139
257313,0.0408371562480633
401546,2.41898190276716
26155,2.40065522776983
345222,0.0890112847364733
126767,0.0099324012091867
25920,2.64447132360468
149998,0.0227948798627598
339977,0.0119871284396815
23036,1.2221296579919
135458,0.763417488491747
283219,1.87827713870841
134637,0.381439265338426
3805,0.0884493778801894
139604,0.0199533676763937
163081,1.18993914589403
4697,2.7780584719876
728780,0.0725598717535938
121642,2.02797479869999
51136,1.45684040992629
643904,0.0384536920503017
5649,0.0606346453732357
374393,1.8938028731794
347,2.93407152294698
3005,2.9424853953444
729447,0.0729417365234151
9516,2.89504994445937
284415,0.555601998869815
83862,2.45522590284864
196528,2.05450679087407
23450,2.13882913439371
26280,0.0242120678044732
388552,2.2567046911444
80320,1.16672110032234
340120,0.0207662015448037
219348,1.48747139135277
222698,0.283896769884373
1364,2.84422693452161
100129583,0.681567539316274
51155,2.50083809523548
84503,1.18783343792272
6284,2.37038257941731
7581,2.0913666715209
374454,0.0099324012091867
54510,1.14438157892233
162966,1.27915178592966
284697,1.05632972514315
4128,2.23704371489712
654433,1.45179340252959
145853,0.95609678115826
105376944,0.0062213260747212
389643,0.519320446782738
100507206,0.0179178651438874
7259,2.32166000743216
55629,2.47620782439119
51233,0.0596654842894622
2709,1.21914661662236
2272,1.22049808618416
285016,0.0394476217259577
80317,1.40605832790248
27341,1.81945203273726
132660,1.64592335214226
9679,1.93547202237105
389558,0.754665112485419
57402,3.16662814732151
23254,1.33035905850781
728661,1.83708157309914
125208,2.1306324621237
165186,0.0148554188895284
100131211,0.866585001195644
23708,0.929356452061897
84933,0.901109132133398
284340,2.76542355077081
10821,0.115544140550898
3146,2.49101856356268
8510,0.0181216355189445
400745,0.0687315852068485
139735,0.233814089985744
9437,0.0209692882026594
644943,0.902268703154942
127534,0.0538268611423806
284521,0.0388514046163894
282991,2.29865769099917
10388,1.11704804177857
440519,0.387503543243989
3556,0.519965425635735
11122,2.21620063803077
4604,0.0773206608342586
5079,0.0248187083181388
50859,0.259707993057068
163223,1.15234098559103
374879,0.896695467614815
255926,0.0140368959186701
23424,1.69415819855186
90835,0.142302962436914
653319,1.14356725855565
3123,3.20401122330406
4661,0.0729417365234151
12,1.93224917502987
8644,2.08280258419299
26010,1.40947503261314
58500,1.46210532255986
151525,1.97756780793152
7633,1.59130223328176
6275,2.8208112616951
25894,1.74890702853646
79633,0.459502169492212
389649,0.238656241520586
399948,0.784182523724844
124602,0.119343261883879
148213,1.60794167199564
36,2.78801929479859
83931,2.34573112638339
92427,0.206886142615545
9725,2.0890983607862
1510,0.0111658338983268
64218,2.15134344225141
646962,0.603827538312195
54737,2.07652937907015
441191,1.05533444616018
9687,2.51436730838777
284759,0.793205372342153
90321,1.85921302439308
6261,0.143180048388379
9901,0.996817554451544
63939,1.70321406953558
203068,3.19903628631251
84458,1.47308349966705
6829,2.3624639385901
63929,1.13980633196769
81472,0.0047737452018541
51427,1.9911103445262
389376,0.0949814066654706
5478,2.68788327166878
57573,1.56802724227561
162962,1.75259189238306
284443,1.1131514947189
84163,0.461483627233382
2917,0.0097266548872287
8464,1.12828902544637
60491,2.41611513640058
487,0.256669477556136
3376,2.28229245316217
9883,1.52045004515914
29068,1.97080726726266
55340,0.0641143646112851
56164,0.0809207585101274
54413,0.427422200806065
55888,0.314037057979326
100287226,0.98929086197494
1604,2.18417973249399
147929,1.00399341022979
84628,0.143180048388379
1995,0.0166942133416963
11091,2.27385789502096
9361,2.41561508304831
158055,0.590909224139139
8295,1.62746747544441
55190,0.434457091377568
647135,0.268304027618806
2526,0.458918374649505
79754,2.85248967473915
222553,0.201357377395245
80778,1.62503970178296
7699,1.4954835733665
388324,1.72467900217827
342132,0.823080274611887
5770,2.82625624093257
51466,2.60041517818301
284486,1.54159148968794
2050,2.4202711521224
5657,0.806298345731682
91661,0.984932371019988
7678,0.59787985366893
2547,2.87336891466828
6276,0.096838290181438
284739,0.762282399210253
9858,1.97185128833103
148545,1.29523865207052
9819,1.6798247184507
1413,0.32443437460435
438,0.105510290447963
440348,1.21449799505268
148266,1.60442824505438
100131755,1.60459457200451
79693,2.14607662478468
27153,2.10477598270239
30849,2.23264241211563
285971,1.07922466713632
100289635,1.5079336547557
6399,1.49347180112636
731220,0.166852269781964
140465,2.22022884954781
90576,1.08376166499233
8823,0.0694986479199568
6477,0.905431366386515
140680,1.80122869032506
2104,0.716435511862304
79711,0.0553878071845259
9612,2.26734577681308
6817,1.37100150126588
132946,0.389813226759192
55660,2.28052817887235
54834,1.48935972651212
85012,2.87348805512581
51434,1.94309214862842
27010,0.896326261621711
6536,2.12603935943562
60312,1.11052471709072
4666,2.62657755001051
399687,1.84557085323228
165679,2.62168014819371
54785,2.13866837427192
4122,1.6332547697242
4311,1.1845462684354
729533,0.137020599151987
8912,0.736650008925924
55959,2.78018619530392
3908,1.05699231440756
23654,2.63760255138794
55966,0.0910683626288553
7516,1.0200096532271
4646,2.52218678238046
57591,1.82692276534761
3066,1.81451010014596
158431,0.883580152510589
387601,0.0105493414072734
728378,0.0084911297831118
162993,1.25150439030169
4312,1.84354192095468
125,1.96319776026134
7366,0.824183797332191
6925,1.18945102718871
65267,0.0897599029245919
57001,0.983971432474566
3269,0.712694025697157
55684,2.2212558272055
7695,1.4588719892117
23660,1.77609380234443
91392,0.464155984355703
51399,1.97874504684155
150737,1.97185828570205
55532,0.0045667467349953
9895,1.92277723777828
51284,1.47135120153445
399888,0.0818655711838594
100287569,0.852694235113698
643836,2.04500889244226
112479,1.71656354898934
54543,2.90165794141901
84941,2.27091283502778
7442,0.968660772628054
7582,1.5533639769003
283970,0.360157748707031
57473,1.86123102956911
51321,2.4677976320822
170959,0.940466997770295
4763,1.65889932281107
154807,2.19701962291173
147686,1.18624893839571
1612,1.09446435339633
3117,2.46104590418709
85301,1.20570252288907
2760,2.55758251038215
8329,2.05058533898607
389383,2.35725105049899
6273,1.4116328916986
388796,1.13725774342528
90592,1.67821437149674
961,2.36600084970028
390036,0.0072538062085478
7088,1.83292911976212
55534,1.30886764791807
8969,0.10090884072198
29966,1.9990557149802
8187,2.11118834271835
92070,1.79556983276689
80345,2.02322601273518
89853,1.39349301271993
64771,2.83269574705898
653269,0.114999975663909
100,1.07876902621698
10865,1.93115609347077
160760,1.67019006231331
390792,0.0771307503330335
387990,0.40728983629224
285190,0.276955460020722
374354,1.87107538304814
3013,0.0754196057556881
140612,1.2037288853437
343990,2.17129560148965
445571,0.0799748722352531
6334,0.0693069482704467
3914,1.96686522507856
128312,0.0495192289370227
389320,0.149815296571039
3841,0.688279979603656
57730,0.304358180120254
23365,1.89911201028713
27198,2.35386413762409
9260,2.21979029566579
2316,2.9811231934113
219623,1.23597882372829
57522,0.759854362778105
10447,1.95173341949315
161424,1.80677062638942
440077,0.0109603861112779
57181,1.89034459601116
100129858,0.286978420763493
837,1.7828301288542
160,2.25288208967468
199704,0.918103232877865
170384,1.93390243073597
644596,0.54747802086981
307,2.19011367730334
8270,2.70980573269233
54554,1.6715422259362
642968,0.0392489295621294
100507607,0.0187326529005272
11152,1.71215406355575
51108,2.38513617032703
7697,2.0099761587094
353088,1.68830286702613
388566,0.828989715997746
29950,2.35298693914494
163227,1.23969599187699
541578,2.27715912865206
57541,1.89311187586489
221785,1.43598499687952
309,3.07532277778312
126068,1.39907920701684
2764,2.08051711233389
284266,1.01551316795266
147923,1.71969372101576
284390,1.03624641445709
79830,1.36707456517877
401124,0.0372594270725486
8364,0.254382888076708
7741,2.02359907450804
4097,1.70065124722775
92714,2.46243830319648
85379,1.67954261972712
3886,0.0652710625303166
3482,1.86479831667137
404744,0.0548027927666294
79690,1.66740101389219
1778,2.23481974652813
388662,0.107892959309522
5094,2.42072187071841
84619,0.934820850627301
123096,1.90490792476245
80055,0.770486761361533
6714,1.94498561592471
91120,1.07552374298623
400720,1.74658645414556
113835,0.990983288592089
399909,2.10988396146055
203102,0.0390501905320824
51703,1.24393293627847
23507,1.68662561231926
91561,1.77967729119016
11194,1.86221789719332
8356,0.309070358828313
27044,2.64288195113543
146540,1.6761719459214
6799,0.313187880033229
341676,0.783522790625936
5718,2.29595801103627
158960,2.22992926289681
55124,0.225624961385223
400931,0.76492792323307
140688,1.79837114179221
375791,1.45529991212493
6583,0.950366575647472
342933,0.0193432301006561
9583,1.86654302802334
10438,1.74838839505255
23061,2.24985189389325
8363,0.661289789245371
155184,0.0506962311574882
79927,0.57107768126425
5265,2.80999585793641
401253,0.0189362275154237
64499,1.73893309285404
25959,2.14886958816425
135398,2.11098574804952
2961,2.19044916263994
246778,0.144931400916602
25788,0.505531991863279
7718,1.75842076275948
8831,1.64350014114226
100190938,1.28137983861599
128486,1.76104231133854
641,0.827551684572929
100129940,0.13507515807804
124411,1.38800069520737
399717,1.08723130604583
84301,1.68654227843212
340268,0.0195466581122431
6840,1.65810096344232
51592,2.03612164577575
26020,2.81837000653169
57162,1.4095247417257
401898,0.0769407965432616
79027,1.83429160324801
219927,2.29634946804777
91373,1.93350134010532
148198,0.986370938129065
283807,0.623141775122261
136051,1.72983497816481
340385,1.65532534458457
171392,1.5176809312063
6584,1.87246127338629
147906,0.97166654567556
104,1.31427067259514
344787,1.04860814150843
3064,1.99683234902883
728,1.93489569089118
1735,0.21751073054341
1555,0.0211723261778742
8351,0.0763706752693144
54798,0.0308612972995617
79674,1.55895036684398
23729,1.34159338611925
3652,1.94781627004026
441933,0.0154687933557568
4217,1.67510448870114
55753,0.0344662129356738
1572,0.0262325134658017
373156,2.69314076986179
3182,2.81664031582433
50861,2.24490984250897
5154,1.6340354779911
2996,0.146679006037627
1305,0.242074774784915
6693,1.10545282039664
57116,0.28653892778617
56125,0.219108271980465
89887,1.56090750858823
81031,2.70018604401889
79788,0.564645033908469
84154,1.85763243603667
64078,0.816837722384831
400823,0.239745555489441
142678,1.24681842363547
4644,1.64403465990144
3004,0.933372239707393
10533,1.67798789414814
26037,1.84783797997476
92104,2.13381153052344
23145,0.108807543305086
1991,0.074848442848116
57799,2.09991847018875
23556,1.3122060149596
1288,0.277103789523305
57547,1.06226642663369
11147,2.1636423808304
3201,0.0882619910836516
10210,2.09479841228908
83875,0.0901339590533384
10242,0.0113712320035829
955,2.51957590516644
127343,0.151899477025274
5167,2.32032929737915
400165,0.0177140457770852
645811,1.13121096748226
84188,2.42072947209375
65250,1.02820798904049
284371,1.70286607390911
8076,2.03699572838083
317705,0.0318642078034075
284370,1.99446404485168
91966,2.07224582724785
56882,2.52901234024851
219972,1.71235068913282
5055,0.0288518968796068
1803,0.521039114322444
80380,0.636305147877924
163059,1.46384794939227
196385,0.0846935889461878
283238,0.015877463426456
6709,2.29455733287368
4828,1.6554593208061
55742,2.09229241605897
57565,0.113728858571093
92689,2.46727187019398
6120,2.15956918937475
10794,0.536535833563214
1379,0.0286506937617837
5253,2.0779109945736
6231,2.81114685153163
283579,0.0555827213422205
404552,0.23412737909234
5660,3.36805828055042
6281,2.94500787375169
80217,0.620628233424361
222662,0.511970260059921
6168,2.81160163566507
3223,1.98727689033147
114112,1.4216802068547
1675,2.50266924848826
441476,0.15863647243694
440738,0.094423529467826
79892,2.24310088876926
197342,1.12778662261792
122773,0.977688093296506
347344,1.12820532219241
6884,2.37706059984204
284323,1.39076711046423
55210,1.8284349920084
79607,1.75728727744334
92283,1.36815340746953
100499483,0.0696903035798559
23315,1.73454481723796
100506658,1.77251426275403
255119,0.0352652184723042
121504,0.932036525808335
339318,1.51391024086977
55924,1.61922790199658
51710,1.53417771686855
8733,2.7022692238717
9719,1.17178329613055
54557,0.922369176339255
388536,1.35907536477239
5544,0.0561671921294347
81553,1.11056787546697
4641,2.84481893622446
259283,0.0366616595234452
28512,1.74701040224684
7367,0.158292338591208
644890,0.17295999003645
23303,2.46789031751973
4892,0.0481439722271771
128,2.50536675169533
85236,3.10673723247975
7004,1.93219497971806
6687,1.15661783426311
388697,0.0123974780415539
388585,0.0865736051467432
100418881,0.91476501308954
342926,1.18321838205363
30001,2.15717368678856
55552,1.74142972804218
282890,1.71106448158399
84671,1.39890159519936
5336,1.55821664548015
89848,0.584262030338544
58491,1.21255547962806
344752,0.0078726930921942
6277,3.22619896200449
6136,3.09758894255198
26052,0.292814822784535
7675,1.53442862936286
9019,2.4109304925766
23230,1.32975038303083
4155,0.739634245973881
8227,1.99085063772049
54898,2.62630044872882
440295,0.14563089186569
389170,0.307930635106638
127687,2.61504999732638
85028,0.527128873096225
283420,0.615573855329391
3792,0.0428182367483027
55035,1.82808496396157
51135,1.79734973501871
115948,0.890140780573481
9228,0.002701491548138
28977,1.74865381996391
57089,2.02644905995531
63925,1.48169783783132
147741,0.0264342928541542
6191,3.2735169044646
10793,0.904642192437406
7637,1.73609940025881
84549,1.70215585058027
63934,0.937362219457149
140885,2.02314646013651
2870,2.09270874319234
5557,1.38678080510602
54708,2.27434871310281
23784,0.0342663432615378
613037,0.0152643844692303
57016,0.0442022240997431
27233,0.477602044596656
1549,0.398475526494279
7541,1.45076409399887
23607,2.31112170585684
54830,0.877204644853122
9814,1.29616641451894
389208,0.277103789523305
65251,1.97427878120626
57209,1.29297434339014
337876,0.826865782446896
54863,1.25073179214178
1902,1.90595956407709
4151,2.15413379319665
26275,1.61021448794954
27300,1.84083404316995
161145,2.33214029305252
65124,2.25756654623701
54989,1.83108563752074
100130108,0.203963896563133
728741,0.018529029376588
79366,1.49384963992499
57708,2.05999370524463
10905,2.42415926141498
258010,2.17434054878866
90987,1.90302132984735
65992,2.65352910170665
7027,2.12821222124913
84775,1.63832117863767
55713,0.220065264966587
51170,2.27312483276078
23334,1.06712192269606
6819,0.032865928486596
7789,1.2424673902784
83694,1.07433082001195
777,0.0471602662673416
54870,2.19951786681519
26238,0.055972413796195
1438,1.25960068836088
642489,0.140370054462992
11325,2.34760747315391
6147,2.83114509669115
55315,2.24454488061781
6815,1.90854789958857
59286,2.85679381268189
9931,1.5195752071506
89894,1.80390808337113
54963,1.86219947284189
84433,1.10584454856495
220992,1.71314939777777
5178,0.325410703903337
55153,2.27451115525291
7745,2.02038851243605
144717,1.70670561243185
219844,1.96075026028766
4635,0.156396996093326
79973,0.61453976587874
126017,1.2095926386506
3221,0.991669490949731
415116,2.36540654123143
439,2.88493683847089
444,1.58139327455931
200734,2.42098970535262
11060,1.92217419751276
2673,2.60133048458078
7405,1.81840891381426
7574,0.681140472235596
50618,1.70781922939665
4914,0.0878870906234544
10724,2.50807222389529
4494,1.87814426789507
9747,1.95547316659158
7620,1.60132365657549
7296,2.26363441436962
441478,1.89073985736121
147949,1.07995295569577
374900,1.32762901660826
158586,1.66481333719809
147657,2.02121985579994
84914,2.19388168034931
7169,2.47226722492941
642946,0.820798307691869
83699,1.24099790337633
388558,1.15246133746617
148741,1.02586992250383
51441,2.41668370474904
10230,1.38906248934246
55319,1.86392775072455
3127,2.57996294059335
51062,0.852957893777163
1259,0.568973373018852
7975,1.59796209560984
339541,0.427422200806065
7594,1.80087655491256
11321,2.22738118908126
5350,1.31617854988573
145741,1.08574684109636
7576,1.80943605389622
9358,1.76365965037031
118472,1.68623658771427
284805,0.0068409645610921
199692,1.99953140502131
283518,0.2165506698612
11169,1.65626234731794
285989,0.797814202369878
1500,1.36504565437836
7919,2.03361809949788
142680,0.143881039990532
343035,0.137020599151987
117157,0.132770028068318
23237,1.08732115236871
131870,2.2048416697234
9874,2.07430047053922
987,2.32196191536293
339883,0.052263005646635
9745,0.009315012732202
4326,1.53481439245749
11177,2.03125353767447
1109,0.0410354741801234
10920,2.25574517010691
26112,1.84635666867701
4194,1.41601941470495
6262,0.0352652184723042
147658,0.114455451213547
55958,2.31560700767101
131177,0.115362792180997
23054,1.96966896155077
27347,1.98844502119567
6898,0.0579181636361618
221477,2.65521576463651
801,2.72582745331797
4018,0.0062213260747212
338811,0.16855347950014
9652,2.1378187135481
286319,2.41815898699921
4100,0.0232000328901817
9060,2.25460415012809
10479,0.646083983121727
22909,1.35849924542603
24,0.395047972561119
4541,3.58751192136417
55705,2.05944420525923
80184,0.893550299885746
619518,0.127604342605156
4513,3.78174229020392
112770,2.34923876797811
23116,1.62519877213971
28514,0.736335103221437
124930,0.85892697806851
10455,2.3268748722268
10497,2.1851673138449
374877,0.560594923115808
4519,3.72677489231903
8861,2.55122320972017
81706,0.579828550451351
9646,2.54093816464896
64093,0.416125717479899
2153,0.237253494497252
51734,2.55005657321701
347731,0.0187326529005272
22834,1.9649610315432
57154,1.94713101760571
6526,1.53239826847052
107075270,1.38276327818008
63906,1.872416350833
9578,2.2594850495241
5365,0.60811309483746
64064,0.103488806295834
4736,3.23411741019462
23127,0.0972091680864421
25975,0.422899538813124
4536,3.69049145233283
164284,0.588082035375461
92241,1.43188829815039
9182,0.515438460288136
26049,1.04228973078975
91603,2.11373996072097
116443,0.0706479226552025
4540,3.52862849181492
4583,0.13737381964589
29883,2.06753710708878
25829,2.35223041701587
2475,1.6798388187246
192683,1.98407664586146
25925,1.16953039194989
115701,0.0489301088118718
57795,0.0089031710875008
9860,1.47861228099389
4512,3.77807837552666
4860,1.40392687459669
5083,0.34685390613897
2710,1.39775832634901
22887,2.2857900392503
140467,2.30050261950862
113402,2.08623269349594
919,0.699350172489596
2913,0.0606346453732357
283489,1.78124544289889
22876,1.65474432287674
9824,1.4102449774594
56670,0.659352176205487
3151,2.77974890698874
140606,2.53912905967231
51465,2.36358033555057
57165,1.21797028138178
4976,2.07363824425267
9909,1.77458609166323
6263,0.0424223934120883
11179,1.78753810241444
4537,3.68686797719272
112970,1.42508986401683
92235,0.146329784130774
51714,2.73792178955379
22899,1.40327311369483
9760,0.385959827647068
1066,1.55885871372499
916,1.64282728406264
9853,2.01163267594626
11153,1.85038673766244
58505,2.75789444067735
91300,2.55740444988359
116461,1.42087886504688
26046,1.81067903252588
146923,2.39453448393524
100129792,0.203313060051116
107075244,0.62407042393374
169436,0.528829088327536
2869,1.01612140337026
55253,2.10695373741825
25853,2.43443231988446
57713,0.928012070351412
142689,0.14528122128287
114824,0.0232000328901817
150771,0.431311723411604
4538,3.80311140006879
23137,1.90200371495618
4535,3.75606360141874
55170,1.68871774178928
149345,2.31839656445402
85457,2.22312886803188
830,2.24989722578359
4508,3.74413722856384
7150,2.61994300053586
9055,0.0495192289370227
4215,1.9423684245501
3897,0.146679006037627
6721,2.25736395652385
339448,1.56094401383908
5455,0.0164900995891271
221002,0.423757279370973
51490,0.0175101773978301
6170,2.61140601801512
9666,1.64566488141279
9851,1.53496861085218
9937,2.06462910865471
79065,1.83913258421143
9722,0.824045959743979
158511,0.0706479226552025
353,2.64674234832026
9737,0.571977624263334
9755,1.98399528104428
57692,1.6393709350499
154467,2.50797714544633
4514,3.81675944997803
80108,0.712286090259483
134548,2.1353792421245
84456,0.787179625475636
1756,0.552527796198444
9848,0.626016570907644
4668,2.42660174213962
23381,2.46610799912525
26128,2.13358053594668
7052,2.08470582683758
54470,2.08734149410228
9867,2.66529446204747
6096,0.145456075290178
259230,2.07953475180133
407034,0.350370297435576
554210,1.25963375832672
442907,0.759322043392624
494337,0.613504146341984
406992,0.302637551273693
494327,0.932849911147578
442909,1.23660010646142
442896,0.444290923284619
406890,0.812922961279741
442905,0.347260467923601
406891,0.376891586812411
106479935,0.302637551273693
100873285,0.488117048898151
106479658,0.309639593750988
106481198,0.246558615229919
106479575,0.467858009288166
106481241,0.309639593750988
26828,0.287417666770059
100873576,0.279325370744648
677814,0.459735558304164
100873457,0.497264610533881
106478920,0.309639593750988
100873394,0.520180290891491
106481929,0.699765974141291
26859,0.229572561199067
106479568,0.246558615229919
692227,1.67688217598588
100873638,0.981830565505395
100873733,0.494153919388628
106480161,0.827551684572929
106481955,0.228311457178178
677849,1.0731354659679
106480578,0.31700187249262
124901194,0.403650707715955
26768,0.640668333870715
106480559,0.530737052339472
26830,0.289464223096241
106481253,0.312054193765089
124900430,0.432159859804671
106481348,0.31700187249262
106481444,0.530737052339472
100873888,0.656524064194293
100147752,0.683358311006992
100124536,0.2610715145288
106481526,0.309639593750988
100873558,0.884709675889405
106480014,0.312054193765089
594839,1.02036188419903
106481220,1.25318017756914
106479694,0.31700187249262
106480612,0.31700187249262
106481249,0.309639593750988
124903590,0.434577802329528
124900239,0.701924044692863
677846,0.252854808413677
26835,0.705065843209234
85391,0.623327603798837
106479983,0.83511671515281
106481609,0.219586911868952
106481450,0.309639593750988
94161,0.31700187249262
106480027,0.530737052339472
106481339,0.556930058220228
124900439,0.252854808413677
100873712,0.304930877856553
100873500,0.656524064194293
106479643,0.31700187249262
106480598,0.309639593750988
109617023,0.444290923284619
124900460,0.888834090970325
106479943,0.309639593750988
114655,0.69559645530206
26783,1.26138358700233
100873801,0.335657012091373
124900492,0.259404667743331
106479715,0.295861550239592
109616970,0.618386354005074
100873312,0.285365737248928
106480917,0.618386354005074
106479706,0.530737052339472
692157,0.446788550189748
106479996,0.309639593750988
106479828,0.298030516495173
106481712,0.34141239336192
106480907,1.02417284086731
106481397,0.309639593750988
100873721,0.497264610533881
677796,0.913987513428352
692233,0.407790405772922
124900516,0.705065843209234
106480761,0.516842690216556
106481813,0.11844029781928
106480310,0.537899655352364
106478984,0.322058138972838
106479130,0.131170362808316
124900525,0.256060367680391
106481584,0.309639593750988
106479745,0.31700187249262
106479691,0.319534136898407
100873369,1.02036188419903
106480393,0.31700187249262
692075,0.881945052962374
101954278,0.83511671515281
124901526,0.830561041620995
106481388,0.83511671515281
106479895,0.530737052339472
100379592,0.573175777879439
100873504,0.268154026302202
100873536,0.783816087034361
26834,0.899457633597137
100128531,0.281982980067927
109729141,0.268454000324853
170958,1.37306059848985
105378716,0.0809207585101274
101928716,0.106427514965708
64423,2.10088228831166
642574,2.25215283273896
338396,0.083940390516352
26184,0.0820544050747075
100507175,0.0526542428027862
100820709,0.0193432301006561
101928287,0.0248187083181388
26246,0.0091091168566818
84288,0.778368834386543
116228,0.21574973723169
1122,1.24803592689376
375057,0.851308244509486
441178,0.0485371324516474
388743,2.26222685383931
128387,1.83459705499518
1378,0.031262604438497
100130967,0.592852432959605
554279,0.0863857947605423
353091,0.10183118094478
388722,1.86341370658691
389432,0.376630894544305
345930,0.703000510255196
101928673,0.310634751196004
149281,0.157431366533768
2214,2.63683758474049
253582,0.242384821057927
387103,1.88725515466031
503542,0.085446105720894
619208,1.85387984544567
92565,1.27225023805294
399818,1.03629539709185
8528,1.60347904198074
221262,0.156914345654153
196051,0.989820252368034
154442,0.0352652184723042
440689,0.392115875912625
388667,0.0981356370534185
84852,0.562825331052316
282996,1.02186910598313
206412,0.12742563422007
387066,1.65121242686195
2664,2.60444677874097
55251,2.01774071199176
54345,1.75520145768028
54923,0.363348345783893
388649,0.0362629122582597
343477,0.141249215496993
286411,0.0340664262320136
414157,0.0324653828330247
148418,0.0459782976541651
26071,2.64766632225792
347475,2.00430104905681
84455,1.28042608937623
388633,1.20189517094414
85026,1.61716095288754
440590,1.07990746420185
284751,0.136843931739014
138307,0.0637284429094406
643418,0.0211723261778742
142910,0.0089031710875008
100329135,0.0388514046163894
109729184,0.0350655380227658
221424,1.91431522548288
124900275,1.73977100065048
100132074,2.14864817549142
340543,0.203638544304087
90196,2.23297279970315
158931,0.10953848174189
3633,1.42988703940469
732253,0.0396462670429822
9935,2.19138833447404
26146,1.77555027885904
53344,1.41746503167497
26058,1.78445333335848
257407,1.13016912578409
55680,1.23039026631068
340527,0.75924596290632
2681,0.938801551420866
65979,1.87377083414546
340204,2.05781870136319
653308,0.654484168236136
414189,0.231303322713205
100652748,0.796808789302622
84243,2.00703105485946
170371,1.10169622108604
158830,0.0348658102965977
642517,0.855457252387856
9721,1.049423176594
83849,0.090507846716347
55219,2.37597790395353
26095,0.687772485487346
57683,0.329858262686089
158833,1.44000172713624
1616,2.65848970598714
659,2.22135095715535
6920,2.54465000179399
10471,2.43409783518683
6015,2.66050368987155
7923,2.8457280411432
6257,2.39046557273813
339229,2.41913284969808
100128239,0.242539798732235
1302,0.029254159459327
3111,1.8399404328983
6046,2.56096231239421
3108,2.41606304529737
100507463,0.9896614837145
1290,2.5860196130943
5696,2.62131629743222
6891,1.51909735394657
169981,1.07036763038823
550643,2.36544513720975
3122,3.27880547150891
56244,0.0530452976713926
1306,2.22223755861334
10665,0.016081724652309
4855,1.34700922904457
5089,2.38243801987862
177,0.690643300305504
6048,2.88563420938738
10554,2.38938213952637
494513,0.531794854511342
80863,1.60424521655431
63943,2.40066942587244
64978,0.211410782764714
643008,0.213663549058408
285141,0.556317414486066
389058,0.0740862832627668
8859,1.78657858260472
1797,1.62945722650717
6499,2.41609584442999
7936,2.71868154005681
120406,0.0211723261778742
221527,1.69122640764641
6392,2.20153561426653
10919,2.1184967844267
100129029,0.261828008380253
143903,1.18310441667486
80736,2.92159015297103
4758,2.94115640646911
50854,1.86485323767919
3304,2.86579407612408
3303,2.9594354838846
3305,1.51154867412876
57819,2.86106631190022
7407,2.54238332006347
80737,0.686756362392828
114769,1.17220955652649
100506742,0.085634128532859
55777,0.773174258235343
4439,0.36955818385473
80739,0.488453741754933
80740,0.112273749424129
7920,0.381050530862117
80741,1.86035284373391
1460,1.79015198263453
7918,2.4159163710155
57827,2.49606397086236
728215,0.2165506698612
55937,1.46152308301305
401535,0.0244143296379668
7917,2.80779867168512
7916,2.61483594557828
199,2.33866718751147
259197,0.201683655587212
7940,1.81524324965387
4795,2.34732396005642
401250,1.16271718506697
730051,1.66770532424608
4277,2.58342108394695
90233,1.37335408592308
100507436,1.78536229043797
390980,1.18101093545891
3107,3.30828484557779
5460,0.197595619879946
54535,2.00328997256987
170680,0.0878870906234544
170679,0.309497324157816
29113,0.360157748707031
8449,2.37122847657891
221545,2.04431534497173
28973,2.91004270035625
5514,2.35226118585005
387273,0.0658488120877697
23,2.66283396098052
80742,1.63411347564939
11025,0.822182276595463
780,3.06335874471926
400997,0.237877243663263
440894,0.468665353755834
2794,2.20871625388761
3133,3.06599580254697
503834,0.0598594062479726
56658,2.01576761154769
116437,0.0983208065549586
90333,1.86741714872758
90317,1.96162048770077
11074,0.439390261424602
80352,1.75971589614148
6992,2.83847742019529
80862,0.436506521386408
57540,0.285952552552341
10399,3.02174829956987
3135,1.3742868005298
11138,1.83595408925469
3134,2.06235999370784
346171,1.41547931261879
147081,0.737122089914428
554235,0.068923416931643
4340,0.025020825205399
106480788,0.310350550718664
646019,0.306075008779217
285679,0.0704564866776887
400710,0.0510881989588056
84335,2.24562546487672
653316,0.0485371324516474
2550,1.11069733125797
399726,0.162925900453821
100507244,0.0280467968559265
387778,2.07842842366388
5987,2.36450614387516
340895,1.55410522931369
102724642,0.663309659851124
100268168,0.226416048171687
64901,0.0869490986322006
100131897,0.0412337454202869
653510,0.583574198947213
102724515,2.09030068601862
102724238,0.0146508621545966
83538,0.839101960116468
100128098,0.999010540599162
642475,0.619414775110127
6311,1.32192011065729
1639,2.4231484970294
57469,0.360290956906896
79600,1.89807600733545
29902,0.99282899091581
3104,1.44277810967086
147920,0.178350675185314
444882,0.148074401441677
2843,0.119523735885593
125115,0.035464851664874
440145,1.95610028439035
643394,0.0903209239347336
100505591,0.0445972313113895
7711,0.935919537632059
790955,1.78202736223657
554251,1.11926287056664
105369167,0.0382547653609949
392307,0.0685397094214406
401431,1.09980875480653
57126,0.66409843220395
5673,1.1921117260681
100289678,1.59705029639551
155054,1.2064317231322
100131726,0.0903209239347336
390205,1.27228254372096
494188,0.0342663432615378
728568,1.20984618363875
56114,0.0499117462968908
9752,0.0322650387162132
56140,0.0358639763576893
56141,0.0340664262320136
56143,0.0386525717956126
56144,0.0380557917082188
56146,0.0820544050747075
10206,1.40750762105338
100170765,0.0807316672117631
5644,0.041828279182458
84501,0.979305392678954
441376,2.73358497446268
400558,0.0298571944893556
93035,0.10090884072198
100506736,0.0803533557144177
400952,0.0324653828330247
84912,1.40683346407773
3963,0.0955389086838045
100130958,0.383379953010772
79583,0.631730823909809
346653,0.450578358823158
400950,0.0708393147493007
645121,0.385831042451011
339453,0.312621244120987
374387,1.14234359239696
344387,0.0918151287903754
441054,0.507392945189094
286144,2.07328528271659
644096,2.24255200111282
138715,0.0284494427319338
55851,2.28534213221794
149837,0.217670628552373
65986,1.69803292146969
201725,1.59867004050141
284402,0.291505430826337
55366,1.85713841796455
5699,2.03580813411293
5212,0.382474917136123
100506376,0.0113712320035829
441273,0.190018894008408
1874,1.99596566921337
5150,1.35833452246088
100113407,0.563937923758238
10071,0.0022864348041153
6643,2.14520066241301
56953,1.36990174044505
644378,0.287856666048879
84324,0.0236049920866109
9289,2.41504646635429
10527,2.62696986246447
54458,2.50731499541928
25851,1.55102145123477
4496,0.104408275572339
388135,1.36558747514319
4499,1.02954700970283
126536,0.0097266548872287
3426,0.416867664353158
54809,1.87948868665539
3853,0.173128993530049
255919,1.42569201495685
3887,1.66355777244295
91828,0.359091245639845
497048,0.83822596965464
729264,0.258038258146766
317762,0.929064442257711
100505767,0.202987443710311
100129724,0.0154687933557568
388125,0.609535817442138
57139,1.15402359441641
4676,2.61538533421123
7114,3.38474029348889
254863,2.34229438418593
100144603,0.967454318166906
1375,0.0288518968796068
100506731,0.0374585887741673
6607,0.690643300305504
728492,0.414515642059746
3150,2.67581368687079
283463,0.0014557139169309
414918,1.25471735553162
728689,0.258190198389683
107985433,0.0396462670429822
401337,0.0101380977223869
51451,2.54586130461614
388931,0.153805305216018
425054,0.0334663908138561
150383,1.61982365736076
91750,1.92215831567816
347527,0.0471602662673416
641372,0.591201046829866
54065,0.0049806933258769
8110,0.0831865093464727
100287284,0.046963386855558
105377203,0.0797855659595778
339674,0.0763706752693144
144363,1.95720622467835
100130311,0.677714295684449
6453,1.2473936944818
162073,1.61469436585794
79958,1.72808091144836
353512,0.115725449015596
9946,1.61357030354802
285636,2.15716096877068
645432,0.133479989705537
100128682,0.0097266548872287
100131094,0.154842971653662
503693,1.05157522591809
192668,1.11392433139512
403313,2.07409231806456
3822,0.0264342928541542
342346,0.0207662015448037
400941,0.0700734830017112
153657,0.473719912386878
93978,0.0240097576149657
10737,0.0173062599854029
542767,0.0567512557756906
440023,0.0687315852068485
387264,0.742527210113274
146053,0.653595372017959
283314,0.0994309548859968
100128770,0.529253516793822
100131017,1.69717930775256
100128788,0.88118896568089
653650,0.171775977135072
10215,0.01219232802879
56245,0.0193432301006561
54067,0.0998006737938156
10921,2.34520647472786
391634,0.30378506014156
57523,1.74958152880825
131118,2.10188313999844
284274,0.0099324012091867
220164,0.204289116922066
90861,2.82269520750381
255349,0.0350655380227658
5268,1.23770287233573
653082,0.213181347148669
402160,0.522111211509643
728047,0.0294552189612712
645426,0.14563089186569
648294,0.451522790659862
440163,0.0933066477599419
100128714,0.0047737452018541
57194,0.453054928361145
503637,0.155534015426354
10866,1.72950741366822
3136,2.45214028430645
253018,0.368504758920631
131873,0.0364623094604789
201475,1.81461343818445
645369,0.188693893295454
3105,3.23098627511227
201562,2.3571042390271
55779,0.868067017860711
348801,1.12774473584819
389136,0.461483627233382
152098,0.655549214507596
23243,1.95624598171847
8292,0.568672248605575
131965,1.66841458336554
55831,1.43798564034826
440944,0.915780287132047
114786,0.0039454490619983
106481290,0.309639593750988
106481314,0.309639593750988
109616964,0.714811326601938
677793,0.830561041620995
106480664,0.384154838540883
677807,0.256060367680391
109616993,0.254382888076708
106481373,0.31700187249262
106481931,0.309639593750988
106479984,0.946970817961571
106481616,0.384154838540883
594837,0.689462664829548
106479780,0.527128873096225
106481916,0.309639593750988
100873871,0.500472469635826
100337591,0.254382888076708
106481236,0.322058138972838
100887744,0.309639593750988
100302742,0.309639593750988
109616977,0.451876642372601
124900530,0.256060367680391
109617003,0.2610715145288
124902824,0.90664354598444
106478990,0.309639593750988
106479870,0.699765974141291
106481504,0.530737052339472
106481188,0.249636190968934
106479835,0.83511671515281
106479836,0.31700187249262
124900443,0.273536117035666
106481238,0.309639593750988
106481230,0.309639593750988
106481254,0.530737052339472
677797,0.587495684259792
124903594,0.315732627091811
106480311,0.527128873096225
106479810,0.530737052339472
106480169,0.214948001224658
124900207,0.256060367680391
677802,0.724898852128431
100873392,0.830561041620995
100873759,1.04165903058695
106481507,0.699765974141291
106481430,0.314461298270953
109616999,0.254382888076708
106479621,0.309639593750988
106481497,0.309639593750988
106479718,0.31700187249262
106479955,0.309639593750988
100873750,0.309639593750988
100873747,1.3149272811115
106480073,0.309639593750988
677794,0.441784866032663
100873804,0.291505430826337
106481921,0.530737052339472
106479858,0.83970771788629
101954273,0.214948001224658
106479975,1.05661378296294
107131122,0.309639593750988
106481416,0.309639593750988
106480011,0.946970817961571
106481438,1.45550407578701
114599,0.237877243663263
100873754,0.309639593750988
26782,0.257734289836551
100873748,0.309639593750988
693232,1.00301047421947
693220,2.31086875212119
724031,0.359891262560934
693178,0.327359666175908
406997,0.302637551273693
693139,0.338540088196072
406983,0.356686155183594
406968,1.41985713361507
693226,0.735231765546404
693155,1.5825802267234
724029,0.335657012091373
693158,0.735231765546404
406933,0.34141239336192
693212,0.335657012091373
406962,1.15769196166129
406984,0.894106471069101
693175,1.31103546752626
406903,0.302637551273693
693138,0.721526269950666
407016,1.17030827334796
406963,0.304930877856553
693144,1.00301047421947
693152,0.564947866396284
693159,0.573175777879439
406943,0.366525650505565
693146,0.335657012091373
693164,0.332901146639584
693228,0.335657012091373
693230,0.581703851321792
693201,0.335657012091373
406900,0.638581063631901
407037,0.384154838540883
692225,0.823425327408914
692226,0.395556741989347
4567,1.50480470464658
4558,0.429855527417813
4577,0.714811326601938
4550,3.77056140264732
4565,0.439390261424602
4578,0.444290923284619
4511,1.38292039502285
4579,1.86698942728465
4556,0.439390261424602
4576,0.735231765546404
4571,3.28191851263303
2878,2.52460951574394
1734,0.784768398070688
280636,1.66840011984747
1733,1.95313083670614
246181,0.980327467687446
23012,1.89311187586489
22908,1.79463915189125
4549,3.39685349588748
7247,2.58519222416194
100126348,0.391732587959562
768220,0.293686531565202
55652,2.33678216391602
3514,3.87633482337718
28946,2.0384969888921
28947,2.36339987474777
28948,2.00738847925003
28950,2.90823773053426
28908,3.28421266542785
28907,2.01835481815629
28906,2.61208913850651
28874,2.56631693242491
28869,0.534327261076284
28876,2.2254583838556
28892,1.6894083433014
28784,2.93975582960904
28774,2.2797831206831
28785,2.72334468593396
28778,3.16687514240863
28770,0.576361005371961
28772,1.89792417325037
28820,1.93699715924378
28821,2.08364102136081
28780,1.049423176594
28822,3.05340078086638
28775,2.70665332988089
28781,2.01578633262241
28823,3.03580425218978
28776,2.52049096248851
28825,3.27123668919609
28783,2.04561469245469
28826,2.63014714336795
28811,1.68665338682559
28791,2.63548624215228
28793,3.03478226613022
28813,3.12898756940953
28795,0.4977079140667
28796,2.93904137110789
28797,3.22256388915645
28814,2.87234651856396
28799,1.46925997758624
28815,3.08022929501461
28802,0.894476979492074
28816,3.11904429500376
28803,2.7603926685654
28804,2.6166733004512
28786,0.255603226604713
3538,3.44886395262801
3539,3.44145671887924
28827,0.590422584710163
28834,2.71501725557713
445347,0.083940390516352
6984,0.266351775393626
6983,0.0878870906234544
6982,0.156224473136085
6978,0.194145527518697
6977,0.159152400353361
6976,0.1377268877932
28606,0.326664173032578
28595,0.508703696096892
28586,0.262734843251438
28582,0.103856716718738
28602,0.756272004839781
28601,0.704818335422109
28610,0.202987443710311
28609,0.186868453469932
28614,0.585439616178805
28568,0.819897141590888
28567,1.29216555516166
28563,0.340592829709099
28639,1.90184500172024
28560,0.570076406385818
28559,1.05661378296294
28628,0.549234020727793
28627,0.590422584710163
28626,0.564947866396284
28622,0.899457633597137
28638,2.11257931331368
28690,0.415754468421392
28689,0.330827756885505
28688,0.554681125195566
6956,0.0940514026841421
28685,0.396319253542659
28676,0.189025347776694
28674,0.623327603798837
28684,0.295427031643893
28683,0.294412212106685
28671,0.356686155183594
28673,0.359891262560934
28682,0.344953762727419
28670,0.1761650389354
28669,0.244087910999839
28677,0.456226962145733
28672,0.328054533004933
28680,0.616887762475355
28667,0.383250728333393
28665,0.165318125203912
28664,0.498040214928604
28663,0.177678800610603
28662,0.441306561846246
28661,0.0824319443491516
28660,0.092934019355804
28518,0.277993177723964
28659,0.206561974091692
28657,0.404781977690657
28655,0.170590231281182
28653,0.286831950557591
28656,0.114818507485862
28648,0.288733925393611
28647,0.213663549058408
28646,0.283896769884373
28643,0.395556741989347
28642,0.213181347148669
28640,0.448330497124959
28720,0.494153919388628
28724,0.506846100368448
28737,0.454466400315985
28738,0.470622369702958
28739,0.779845513805115
3494,3.5110640001905
3497,0.59999608366408
3503,2.44610165665936
3501,2.93385309386151
3493,3.78775985296888
3500,2.87277125008762
3502,2.45356257855141
3495,2.56858404095502
3507,3.25945905384618
28475,1.90450973582897
28481,2.44521050895378
28483,1.92423345331352
28497,1.3336798427861
28502,0.812922961279741
28498,1.02242080564418
28499,0.764324162439917
28501,1.11589466785965
28505,0.764324162439917
28385,2.66675787711914
28474,3.06189998129848
28473,2.97245082649538
28457,3.06327000795907
28452,3.09722858258738
28450,3.0099256541288
28449,2.68526230120282
28448,2.9927038743665
28447,0.244087910999839
28468,2.99785087331445
28445,2.4061535898729
28444,2.97996196376855
28442,3.18075385923688
28467,2.81021638497073
28455,2.41602831298408
28400,2.32060632766955
28434,2.70399833388723
28395,2.67018977416062
28432,1.32727947928613
28429,1.21388719766886
28394,3.17423012389662
28466,2.05407874436906
28465,2.72755385137427
28424,2.99391818634636
28423,2.76168113780158
28388,3.14134932827054
28420,2.59799466393783
28464,2.32725640273498
28391,2.16105238158743
28412,2.3349909312174
28461,2.2062141653303
102723168,0.988920013871814
28409,2.4032245883582
28387,1.36036246321423
28378,1.20745099644912
100500887,0.925197013660019
163154,0.783302732469896
259294,0.076560759028747
266657,0.192497411415927
50840,0.28653892778617
692108,0.300337442556257
124900537,0.416373114730743
124904154,0.564947866396284
124900396,0.251323767726425
692086,0.492593588015454
106480622,0.327359666175908
100873479,0.295861550239592
692205,0.914705239723266
106481457,1.06170359320931
106481427,0.54166294456757
106480398,0.309639593750988
106479743,0.338540088196072
106480111,0.948557830480881
677841,0.179357441318622
106480313,0.338540088196072
677832,0.380531908022198
124900379,0.254382888076708
106479624,0.309639593750988
106479769,0.527128873096225
100873709,0.304930877856553
677826,1.01637465313573
645296,0.24856040053746
338799,0.952057469780592
100127999,0.0725598717535938
339263,0.291359807129187
730755,0.0447946653885956
441518,2.23716478605283
283673,0.716354395399818
653232,1.45035177456378
402317,0.016081724652309
727800,2.14416423760993
83896,0.478739953439896
4539,3.59260165283262
54627,0.526490258263447
5462,0.12742563422007
100271650,1.23890648505958
51157,2.21300273924465
81856,1.20138064520687
84258,0.125994565263373
23636,2.2682510971045
163486,1.8245482501356
100996501,0.0412337454202869
400798,0.531689144134205
375035,1.85873019589811
100422263,0.0524586470199822
11116,0.41834935757595
22828,1.93636942412043
25790,1.36205546971199
2532,1.24854241860435
100420110,0.042620338349058
9534,1.6396946374779
139060,0.076750799447613
102723626,0.106977361309365
255758,0.870059077530631
1427,0.811027034368332
1396,1.28083958852638
100271538,0.0491265280900879
151230,1.90077413917127
402150,0.0510881989588056
339398,0.0443997508881444
100132645,0.136843931739014
442237,0.0664261626900539
196792,0.878092214991101
286827,1.45475506563026
100131012,0.217670628552373
10962,1.7563641231994
9311,0.625553695045954
170575,1.04359751162213
107133513,0.0322650387162132
84960,0.652705429721043
445328,1.76470679283987
26211,0.0078726930921942
728489,0.0256268862991105
100422473,1.6585594530461
643276,0.0841287540882683
9623,0.0213753154909553
387845,0.131348257581024
100422300,0.0264342928541542
647030,0.481010490780328
441642,0.0949814066654706
390218,0.0959103684817372
654029,0.812922961279741
4893,2.38283993485029
5233,0.254688149569017
729279,0.545406615249898
646787,0.101462368225262
646189,0.258190198389683
389404,0.19956047362333
441154,0.0487336436053482
326320,0.63108801025011
4056,1.59283971350184
644315,1.2209951627019
51239,1.10883902176573
81890,2.08039118095917
1147,1.86886081182895
83463,1.06306285515422
127566427,0.041431969987866
645000,0.123304573053134
2946,0.97406057208512
100130335,0.23694143605566
84342,0.801820469792644
646476,0.181367218991527
84986,1.69290016781272
55559,0.0681558255976688
3931,0.839438562554139
400963,0.394411528122647
728643,0.474406486755383
345471,0.0254249141756302
221914,0.281540670997815
125113,0.669507732771458
643863,0.193157062901807
81431,0.0424223934120883
390354,1.98696075156086
6494,2.2063835023753
2086,1.85419935206325
55333,2.16338007268578
402,2.03396912609548
286467,0.0162859366995967
440307,0.0101380977223869
344978,0.053631538511365
130865,0.0873244225138922
388646,0.122765516475702
494115,1.84044575377316
100271010,0.69876762192523
10011,2.41743183726065
644996,0.0942374869521354
375346,0.258342109370977
283102,0.639398569698185
644236,0.294992270715603
107986732,0.108807543305086
23234,1.73160712383821
220717,1.63420705530061
392382,0.0996158349795007
414919,2.17830641769792
7416,2.77991187705738
221504,2.24850859170061
51075,2.69830383826327
729646,0.676252957580333
87688,0.534327261076284
100271271,0.261525497986006
3073,1.27576021242113
4722,2.40787238194442
642641,0.300913107481763
54741,2.499361087911
81606,2.10731461404036
113179,1.0489438799395
5500,2.63592902691069
442325,0.165318125203912
63940,2.518817982753
27040,0.110451245488528
100129374,0.0687315852068485
106479059,0.031262604438497
51517,2.0317084964888
1388,2.65870015116827
729799,0.151378931219585
1903,1.26075693906814
646108,0.238188934556376
54978,2.86173415096733
729046,0.719833620622444
392489,0.0675796689626678
388799,0.055972413796195
1192,3.23245303274568
23564,2.92151272970046
100271250,0.0927476423604853
111082967,0.076560759028747
6235,2.42327667446674
102724826,0.605258965597735
646942,0.211088440665768
100271626,1.60411205958277
100421109,0.0274424681999785
643932,1.28052154049347
10720,1.09059110576829
534,1.86172014878466
7693,2.09177388159158
100287325,0.0809207585101274
2968,0.0338664618273812
51202,0.13259244153535
340443,0.176669940986125
388559,1.79734973501871
91664,1.38831169196102
22914,0.0386525717956126
128500,0.0588893471988714
728706,0.0773206608342586
441013,0.198414892898551
2013,2.6792971416908
147040,2.23664993392393
728501,0.681567539316274
644029,0.363082971728615
1934,0.161727140714153
728486,0.164635351283272
147699,1.46669442620556
643220,0.124022765722675
442195,0.0936791088254262
151295,0.0540221383132408
1241,1.46764700270747
100996307,0.520609830059145
56413,0.47532092263285
100130523,0.0479473231186116
1773,0.81004178283239
1454,1.79379327455618
10379,0.525211331444809
2592,1.55466041096821
100270959,0.191672086234452
9080,1.14074889071816
729399,0.06565627325421
728244,0.602488903159045
390283,0.189853388024481
344866,0.195297203563565
3672,1.27822602433004
140758,0.214145460426475
729050,0.0310619747051902
100130691,0.228942258923759
390916,1.69497674104814
730087,1.00688120580942
7652,0.506627247183183
30851,0.134189336852005
8906,1.93488800079061
7643,0.547994938320197
124902371,0.0871367817651098
55739,2.1831184869499
53345,0.135429218543903
100271849,0.0191397532419228
441133,0.116993492216047
2595,1.19285893627856
644464,0.1272468869287
26140,0.788272719457835
29803,2.62510204474167
6150,2.15671130411419
101060200,0.477032428040841
100190940,0.0074601518934053
79086,2.16714183434819
124900418,0.009520858735307
157574,1.52815524085911
100270851,0.0538268611423806
7106,2.28118904492518
727810,0.0807316672117631
8904,2.36735765767421
339231,1.94534524519429
255798,0.0215782561623971
494551,0.0508922379282558
100421420,0.367053915781504
57128,2.02587835117442
26292,2.17473594300387
155006,0.0487336436053482
768206,0.100170227649574
647323,0.0136273381928503
10195,2.33072821592765
644903,0.327776661367819
170559,0.0489301088118718
338069,0.0583067721494003
79729,2.1184022611827
401397,2.52092569094381
253724,0.271895497979454
400064,0.0964672461846826
360019,0.242074774784915
255809,1.19924395437989
654502,0.0402419221072167
339210,0.67124361522531
646951,0.0497155105434259
401393,0.839034618513044
51024,2.83107594880127
342808,0.085446105720894
283,2.01572392544678
619207,0.306503623886289
347333,0.0540221383132408
120376,0.406663655326749
100505854,1.07290531074992
441272,0.0563619252247972
255374,1.12535212235727
387104,0.0183253569229505
100130894,0.0086971754034013
54492,1.97190026727778
100271286,0.137550372755663
285588,0.107160562124483
643981,0.097765173807287
79441,1.22198797367406
387804,0.611333798212496
644972,0.923666861418985
399942,0.448211999581087
644246,2.01043210420191
401562,0.0099324012091867
92482,1.08199642041835
392371,0.0600532833173621
101926911,0.0994309548859968
57412,0.0162859366995967
440503,1.3244162110744
6174,0.853682396061095
730005,0.0683477895576427
153218,0.0334663908138561
51400,2.17931874007813
10809,3.23125976548251
92682,1.08942856657317
128580,0.440229250699569
401375,0.096838290181438
55384,0.221975815463252
727842,0.0306605722017031
728130,0.473719912386878
64506,0.0882619910836516
400954,0.167022551389696
85486,0.167363007422608
414254,0.0443997508881444
105370047,0.0455839386189831
645482,0.0532407567944813
442319,1.31061464007273
643689,0.130636446855533
100288842,1.23577157285084
23053,1.84666292334403
414152,0.0080788886488122
100271715,0.0358639763576893
7866,1.98037759815173
105371730,0.0489301088118718
440854,0.0296562306312831
9189,2.18795807196306
221092,2.03000556792046
751071,1.12749335099063
6145,0.0805425329522405
728588,0.0801641354811421
402287,0.288002944355383
643680,0.230202364696839
654463,0.0132175827499873
4515,0.162754757317783
729475,0.010754888621307
100128646,0.257430204361254
253128,0.0660413065929845
645027,0.0754196057556881
441204,1.34337665130616
219537,0.0700734830017112
100287272,0.0126025784990239
401247,1.36572284180209
283551,0.296440531814099
8489,0.0818655711838594
285830,0.218629344999603
207032,0.193157062901807
392552,0.0326656794165476
125150,2.11543106697684
102724637,0.0070474104382352
2856,0.0623763134303502
64283,1.11401013828368
353149,0.0070474104382352
100130742,0.295427031643893
729920,0.726738600424437
402425,0.0288518968796068
728128,0.47326183962547
100132073,0.0342663432615378
646672,0.124740331349873
79680,1.4753765457326
340267,0.262432680934953
11331,2.56912361354848
100130357,0.224833088458217
388344,1.75522521686229
678655,1.45532260111553
84461,1.65881068574312
392862,0.66837704957485
153684,1.44173002718292
3876,0.351449024819327
137886,1.96930991432902
644019,0.314602660100011
391179,0.0306605722017031
124906495,0.074848442848116
81428,0.0128076294222381
286430,0.0123974780415539
4586,0.0022864348041153
55889,0.0177140457770852
730112,0.521039114322444
55670,1.24948661227107
285696,0.0099324012091867
100418829,0.0304597993916931
134121,0.547994938320197
134111,0.363215670298198
101927905,0.20737214969269
399715,0.171268012798103
100506688,0.0338664618273812
60493,1.72370945558201
440270,0.139666044552042
55449,2.01024852520872
648947,0.124919624893862
100507650,0.345497141335375
1654,2.50589613183357
64601,2.06927206495114
455,0.0621829736100838
266623,0.250096796474622
100132103,0.127604342605156
4636,1.08081662277861
388815,0.0803533557144177
407975,0.100354942723344
55628,1.05414740127451
114044,0.32401556963088
79716,0.580124980827621
100271252,0.0453866897349848
284837,0.170929192902111
283514,0.0759903776592968
646982,0.0687315852068485
388795,0.0175101773978301
193629,0.0362629122582597
170527,0.0602471155158791
400831,0.116450284130402
391584,0.0310619747051902
3166,0.0183253569229505
118126072,0.287710360355146
2642,0.0123974780415539
51032,0.104224463503951
729515,1.2770745828388
56900,2.49069055025697
109286553,0.188693893295454
728833,0.123304573053134
8718,0.600572134447465
100131465,0.0912551171776534
442249,0.0888240246898696
339535,0.170081522887999
643136,0.0471602662673416
284685,0.230359737718341
124902709,0.365335712775618
100131187,2.84007226388159
100996702,0.0491265280900879
643329,0.0314631865193807
606495,1.40688343230542
400750,0.231303322713205
441880,0.0579181636361618
646262,0.0242120678044732
284498,0.157431366533768
100287898,0.286245795141816
219293,1.80067367704454
100422564,0.0561671921294347
643954,0.0619895891189751
642738,0.0820544050747075
10437,0.0499117462968908
100271210,0.147725776200425
285780,0.0236049920866109
286444,0.991722243611021
100506302,0.700264600072478
493821,0.0788383885327216
285095,0.332486914834159
79741,0.415383035402473
100271178,0.225308306627946
644016,0.0691152046135907
100288252,0.0602471155158791
643627,0.171268012798103
96459,2.1973824812278
646785,0.474863846938322
100131031,1.51973438654435
100131390,0.0308612972995617
394255,1.78935195455599
646674,0.0986910213962365
644186,1.68896648154986
51192,0.0666185243177208
127545,0.314037057979326
100131471,0.862767475683124
158104,0.214145460426475
340598,0.0893856781967923
51025,1.01404071882455
441160,0.884646977446548
642935,0.0495192289370227
100289319,0.103672781969985
728590,0.085446105720894
442162,0.141951864352912
387323,0.602488903159045
55714,0.456461387398806
100130449,0.706219685050863
389435,1.71778204844774
29092,0.198578647323509
100420839,0.0627628591308276
8333,0.697601019122525
100505876,1.94902742978184
644082,0.0729417365234151
163033,1.52276863378373
106478982,0.148422877795907
646819,0.183372008694856
100421395,0.285072164390269
641293,0.0794068242501354
728567,0.216390547537766
646269,0.0505001786277436
440400,0.741902764621672
100128985,0.045189394581304
100420051,0.2610715145288
100420214,0.0491265280900879
25817,0.572177456912469
222901,0.576956647201406
646294,0.542496560501212
55672,1.67487643559345
729852,2.10552131845238
100131286,0.0865736051467432
648791,0.27740036437491
375190,0.655549214507596
100421515,0.327776661367819
101928464,0.433974051874879
729277,0.0831865093464727
645161,0.128318787379677
645191,0.147725776200425
400579,0.508812818661687
100125288,0.217190838480678
6844,2.45138194764293
100132803,0.154497229720915
337874,0.835048955873107
100288513,0.0296562306312831
100270862,0.316296993015621
442266,0.0284494427319338
442167,0.0625696085978943
442210,0.0232000328901817
442155,0.181701696408689
442179,0.041431969987866
100131205,0.933894129198039
106480323,0.143881039990532
653737,0.391732587959562
729402,1.45837614768315
106481677,0.250403717835882
100289545,0.631363574549892
648691,0.0128076294222381
100131761,0.198414892898551
120824,0.0244143296379668
124904152,0.444290923284619
124900452,0.271746180687016
109617000,0.948557830480881
100313921,0.363082971728615
100302112,0.28124565941285
100302223,0.266351775393626
100302277,0.233657399112409
106479551,0.976661581281089
594838,1.00847388002563
106479550,0.249636190968934
100302218,0.628326349771604
100302149,0.454466400315985
124903100,1.03098188183807
124900180,0.631730823909809
677799,1.53288246744012
100302204,0.233657399112409
101929145,0.509794184630915
64641,0.459151947951442
750,0.243623794793028
441150,2.63529664331196
5534,2.18561315640919
5671,0.057140405596366
2189,0.209797772750175
9179,1.84840044026677
84226,0.759778343284222
401335,0.0272409292764164
83895,0.0332662841654657
91584,0.822182276595463
4102,0.0223895328412295
1052,2.49325374593796
5676,0.0082850342053478
4995,0.0992460334971177
63920,1.61672377057143
284293,0.0136273381928503
23467,2.02334225180214
221786,1.78871523999695
5520,2.04622526720599
55150,1.28007595687804
400713,2.05344139479127
10626,1.3239472583012
200765,0.426324610947219
53822,0.0646929135332517
389668,0.474063279736173
283416,0.653684303170667
388759,0.283602645126917
84561,1.50919587814994
3809,0.094423529467826
80830,2.03984593070043
3995,1.53577744462595
346528,0.0422244019181622
81669,1.97492494139355
7311,2.92543986294941
343263,0.0658488120877697
9374,2.13310448770058
57232,1.21514398729829
388948,0.0236049920866109
149478,0.843998964425199
222234,1.40743275886503
105375614,0.0342663432615378
84084,0.876823877317419
101928111,0.405158690009232
440925,0.106794119855082
729224,0.011781879253164
3542,1.59287382228793
653781,0.162241111479031
112597,0.658557942272337
149069,0.0420263638480368
414236,0.0616026860516921
106479586,0.262734843251438
106479006,0.500472469635826
106480837,0.621187580839035
106480900,0.12742563422007
106479162,0.11844029781928
106479106,0.127068100716179
106480204,0.468780616461494
106480211,0.338540088196072
106479825,0.34141239336192
106480075,0.730561921628774
100873388,0.304930877856553
100873464,0.252854808413677
106480670,0.342912659174359
106480225,0.185038872162597
106479582,0.246558615229919
106480224,0.187698711263493
106479579,0.293686531565202
106479594,0.864517315228025
106479687,0.31700187249262
106480208,0.187698711263493
106481218,0.319534136898407
100873421,0.264545386601418
100873503,0.314461298270953
106479102,0.107343722316254
106481271,0.312054193765089
106481891,0.314461298270953
106480770,0.28124565941285
106481407,0.712694025697157
100873381,0.324713451809853
100873825,0.34141239336192
124909376,0.590422584710163
28773,1.9603973011192
105378622,0.15587931748459
105374219,0.0833750437052461
100507257,0.0171022935190702
101927761,0.167873423712719
101927993,0.0406387916047836
124908063,0.0236049920866109
728190,0.80813743574534
644218,0.0443997508881444
124905179,0.0436093653522559
118460,1.94673570920322
6293,2.47410078291013
100505716,0.0368609624667365
389179,0.108624707531728
106480429,0.134366577733776
105377935,0.0493229014588557
284391,1.31343381013432
100505755,0.0489301088118718
7118,0.636487495946675
102724297,0.863934568488157
646588,0.0217811482126814
107133497,1.54838631154918
27320,0.0146508621545966
548596,1.43062652668562
257000,0.630536554031586
100421599,0.266652437449185
340900,0.0326656794165476
170067,0.0246165431357565
107075222,0.0780798702999492
100996249,0.0232000328901817
28414,2.38250898360513
105379152,0.444290923284619
100129320,0.0675796689626678
728819,0.837011090235108
645715,0.109355807799742
100874188,0.141073458890048
105377199,0.208181507038274
100289350,0.0166942133416963
155400,0.583279209268082
402694,0.177678800610603
105376310,0.0524586470199822
100130417,0.427178431321821
642852,1.30108741977197
101927356,0.0298571944893556
100287902,0.690390479233042
107984010,0.155188566852407
10715,0.0520673186640733
400866,0.016081724652309
254099,0.197923429313899
124906892,0.01219232802879
441307,0.0931203544834532
729374,0.148422877795907
3115,2.62360627908325
105375610,0.0205630661837875
100873982,0.0816766944344988
100131785,0.403021488814551
100505783,0.887587107073546
731642,0.0746579682411712
447,0.203150268397566
105373878,0.0923747627007558
402429,0.796665032694089
441907,0.203963896563133
101927034,0.0506962311574882
105378744,0.0181216355189445
101927027,0.972973540623281
105371564,0.190349804008641
100130983,0.0876995769262763
645560,0.0438070313509447
729621,0.312054193765089
100271161,0.153632232210088
100379345,0.301775807171465
399821,0.340456150726752
110806285,0.158292338591208
28875,2.36285787303204
101927420,1.15474318811376
80772,2.34349111749106
100507500,0.0282481437700031
100270888,0.258797666843831
100113397,0.0508922379282558
646685,0.0835635353418218
100129175,0.0394476217259577
347549,0.0973945447953161
100271063,0.240211946894603
285954,0.0138321417599086
102724714,0.638581063631901
414760,0.494153919388628
729723,0.394538859946623
100874055,0.0362629122582597
100996485,0.275173314366359
401022,0.618105612677935
199899,0.135783126027054
285878,0.0132175827499873
26247,0.0752292615879394
118732296,1.40125626172416
107075282,0.0797855659595778
100419023,0.0551928477150357
100505633,0.0530452976713926
388707,0.126173585315438
107985210,0.897556107517406
100303728,1.007138373564
101927635,0.261828008380253
101927501,0.178014807680926
100420546,0.277696827083708
28392,3.0967343634499
92340,0.455757888579168
721,2.71906720862609
100506115,0.171606691073052
643507,0.235066506058863
105373009,0.0072538062085478
100533848,0.0138321417599086
199800,0.14964137415928
100506637,0.975904097553001
100652865,0.356552316827823
100422523,0.0677717653179942
342371,1.79329363139611
897,0.239278889746858
100271893,0.0282481437700031
101929662,0.0148554188895284
100874146,0.0310619747051902
149501,1.34119627826548
221710,1.81944181868568
100507404,0.0215782561623971
105372907,0.365468019873058
107985246,1.42209252358947
100271200,0.10293663356108
100128771,0.812361780796393
3116,0.9882306945807
101927994,1.81769154156707
100874236,0.0698819152678692
102724224,1.64659165448118
642659,1.08898081797452
105378653,0.251630213228408
283050,0.201683655587212
729467,0.085634128532859
101928436,0.0284494427319338
149935,0.0260306859239784
643358,1.52893658901482
28408,2.99674180025039
401109,1.29820183377241
100505696,0.777259149514103
100418819,0.0623763134303502
100271510,0.116812462656807
100302401,0.369426585434945
100874262,0.244087910999839
101410535,0.187034573433335
642778,0.0528497930137067
100129845,0.0242120678044732
124904039,0.773472195200205
107075260,0.035464851664874
286512,0.032865928486596
122455337,0.480443514999283
344462,0.0880745620036581
124905119,0.143004706485185
6163,0.251783391438288
100271202,0.258493991100522
100874253,1.9302234285179
220980,0.029254159459327
653659,0.564645033908469
105376277,2.0919315533859
100133205,0.310634751196004
105374888,0.258342109370977
100873941,0.273089015346331
101929651,0.164976810024047
148413,2.21836819783365
102723824,0.222293796243955
284184,2.16510023751721
107985793,0.0503040803202519
220433,0.272492483419826
401398,0.0162859366995967
101927858,0.0727508259833435
105377134,0.215589454345671
100271424,0.0799748722352531
439994,1.04630079963593
101927300,0.243314232896899
100302691,0.0175101773978301
401399,0.479876100578546
572558,0.06565627325421
100873974,0.309924054712596
100506195,0.0134224851965348
8552,0.816489147268726
645771,0.0119871284396815
105371620,0.210927220924453
100419650,0.167703320633072
387890,0.421549669987592
101928770,0.0738956344925407
122965336,0.035464851664874
100420057,0.0181216355189445
102723566,0.512296109310634
387494,0.0795962166369358
729595,0.677456639154821
101928513,0.0503040803202519
148645,0.0497155105434259
100462772,0.742293111446762
100874068,0.0777003520403405
642741,0.178518556632045
101927293,0.0314631865193807
390035,0.294412212106685
338099,1.39546407916779
728532,0.815512140849427
440577,0.306360778458049
102724849,0.114273863088368
100873912,0.349154910284944
124900217,0.23694143605566
100874179,0.083940390516352
9842,1.75933953118053
100188953,0.0164900995891271
192133,1.00847388002563
100271884,0.0332662841654657
3311,1.35494614530315
100130446,0.0822431961241168
100874118,0.180865243044818
100271204,0.0503040803202519
100130871,0.116269135132515
100506161,1.1585656734574
338588,0.0248187083181388
102724312,0.579334224087644
646567,0.163952002695106
728134,0.156224473136085
107985190,0.0677717653179942
100506599,0.916078583657754
196993,1.88804269893833
100507459,0.341275860124973
207107,0.18103260301996
391656,0.0972091680864421
128760,0.4428599260494
100418919,0.0677717653179942
101928233,0.23522291936353
100507540,0.136490482508856
8686,0.511970260059921
100507171,0.812502121302259
343332,0.0366616595234452
102723305,0.0569458532680942
554203,0.144406389276897
123706550,0.0473570995805846
101060691,0.619975094736801
151171,0.0398448655326076
105373113,1.00908927071607
28870,1.81896147694082
100129480,1.30547779509369
112268293,0.0865736051467432
100420526,0.0683477895576427
102724386,0.0831865093464727
100874216,0.0422244019181622
133039969,0.096838290181438
105372791,0.189687848035021
100191040,0.880558203065921
441246,0.938341328825555
100874001,0.345361332761124
401242,0.235691974593381
107986768,0.043016088629042
729083,0.124740331349873
84627,0.655016896923324
646624,0.519105326025793
100652939,2.96558927577105
106480234,0.0382547653609949
105375448,0.0274424681999785
100506474,0.0650783906040881
124904546,0.120245236362853
348262,2.01402877122857
729658,0.0041525986866217
100128385,0.127068100716179
65010,1.07958892469399
28410,2.7473805370525
101929407,0.140018125250146
100132103,0.0140368959186701
101928284,0.0660413065929845
100505641,2.54106224879539
138948,0.256669477556136
101929152,0.090507846716347
105378715,0.0763706752693144
101927523,0.608397870329249
219731,0.261222871409679
440823,0.283602645126917
401264,1.21352758980777
105375304,1.13357930448093
100506804,0.100170227649574
341112,0.0841287540882683
100129216,0.429855527417813
100874034,0.0981356370534185
28485,1.03678500205188
79100,0.0258288102084853
100128071,0.437469010388259
2074,1.20734187811582
100270889,0.20493916231437
284618,0.750052487387956
100128911,0.083940390516352
124903883,0.292378602875593
100270866,0.103488806295834
100271119,0.449277796258293
414764,0.0262325134658017
51406,2.61578913926063
105378049,0.0290530521054448
26082,0.0076664475141711
100421606,0.112091680115918
50652,0.0029089440711514
107986593,0.247175088598107
4909,0.194474746081945
107080620,0.253313542763282
150538,0.0392489295621294
392617,0.587593443240793
100887749,1.04519200991634
101928527,1.81997261914349
101929329,0.0205630661837875
106481735,0.459151947951442
101927904,0.0207662015448037
100289509,0.0627628591308276
644131,0.685484075560911
100874243,0.015877463426456
101928118,0.200704422956811
107984921,0.24501532854159
100129662,0.0344662129356738
646202,0.128140234471237
253264,0.0150599263207783
401260,0.0473570995805846
645054,0.0890112847364733
645441,2.50440713460766
340947,0.0475538868142473
105374588,0.0168982779780871
102724548,0.338951075304752
389634,0.0348658102965977
646913,0.475777714148512
100271612,0.571777735397784
348751,1.05262449917875
151475,0.0274424681999785
440465,2.15086904236183
100287722,0.0668108416886656
647310,0.649492107814231
100129215,0.059471517423572
105378147,0.0717956175864252
105375977,0.0506962311574882
101926955,0.0173062599854029
100288778,1.25525100898209
441073,0.984185105579141
340460,0.0340664262320136
284576,0.0142416006900836
100506834,0.120425512675816
414197,0.913748088222876
442406,0.0308612972995617
100652856,0.0168982779780871
101929541,0.0650783906040881
100874239,0.0396462670429822
105374901,0.0633423431029015
65072,0.0274424681999785
651302,0.170759729813761
100271594,0.374149845098182
101928114,0.529253516793822
401537,0.0861979419229091
100506714,0.88552419079204
441783,0.0445972313113895
100128936,1.04793609366264
101929378,0.0290530521054448
3463,0.201846744967738
359769,0.290485494004677
100128341,0.0467664613262632
102723341,0.0082850342053478
100133545,0.0211723261778742
100506392,0.0873244225138922
442525,0.0436093653522559
100506811,0.254382888076708
727997,0.094423529467826
1568,0.0266360241092229
102724168,0.128854213171788
729662,0.0994309548859968
100420505,0.313895592919804
79134,2.36734411845427
100874095,0.022997480615535
100271471,0.166341210435776
284835,0.911468968707678
100151645,0.0731326033913595
105373984,0.0761805481519545
79024,0.0068409645610921
100128060,0.647072273726044
101929425,0.068923416931643
728620,0.0530452976713926
107986806,0.0388514046163894
122455334,0.283602645126917
338637,0.0408371562480633
100129553,0.55047096321897
100874198,0.0645001083526856
147093,0.0366616595234452
101927117,0.0992460334971177
285643,0.0532407567944813
28620,0.171945227830741
102216342,0.010754888621307
401014,0.0324653828330247
124905176,0.166341210435776
101927667,0.237721352310038
728558,0.0970237498872507
102725191,0.0818655711838594
104355426,1.04054153463049
100128930,0.0858221088259321
440078,0.2165506698612
100507657,0.0126025784990239
440498,1.31721901882589
140771,0.0278454019696254
100507564,0.425714141139537
101926890,0.0091091168566818
259292,0.0422244019181622
124902537,0.0256268862991105
100170229,0.337305807162102
9834,0.325131878612435
441531,0.0901339590533384
101927070,0.307217457254006
105371856,0.0524586470199822
404665,0.15328597584667
100507600,0.0623763134303502
100506835,0.0871367817651098
105372629,0.08431707500591
100996437,0.267103215186432
112267877,0.0610219959658159
107985092,1.11375267932946
651628,0.0306605722017031
124901728,0.244551755489812
100270873,0.201357377395245
124907879,0.349830363419514
123464518,0.0999854713451175
100288413,1.83852810210037
101927084,0.19923333149162
100132677,0.0526542428027862
646710,0.716759880192
103106903,0.0191397532419228
105379197,0.0683477895576427
100289237,0.0091091168566818
647415,0.0505001786277436
92507,0.0459782976541651
57291,1.40593319520434
101928161,0.237253494497252
105378591,0.198578647323509
4049,0.367053915781504
100270886,0.243159406590322
100133123,0.0225922306114602
124904542,0.0298571944893556
100271243,0.046963386855558
400619,0.0534361704016004
100505746,0.376630894544305
56967,2.11944065332513
9277,2.56052518538138
100506757,0.0282481437700031
117779438,0.0660413065929845
105378720,1.02786034525139
107985194,0.041431969987866
101927394,0.15587931748459
100287225,0.0022864348041153
101929664,0.0274424681999785
100131827,0.933372239707393
100996941,0.0101380977223869
124902108,0.0673875284399155
283089,0.0294552189612712
125177374,0.256060367680391
105375240,0.0918151287903754
104502417,0.147725776200425
105374344,0.0183253569229505
6967,0.810534594953827
28493,1.00847388002563
93653,0.396827166774544
101928222,0.351314266974633
414761,1.35028217846073
124902280,1.32508960086821
728695,0.0820544050747075
122152365,0.882322758485436
105373951,0.283161250596901
100874202,0.644103158197186
101929212,0.0812988122919001
101928015,0.0633423431029015
100144748,0.72257197197314
28482,0.821629043460053
389101,0.15536130946066
653175,0.164293748875643
8505,1.90840819407144
389053,0.108441831261244
100505538,0.38660342517717
102723324,0.160183275252927
123464517,1.05061972474304
102724601,0.059277505632032
100507086,0.511861611113703
100128675,0.196118820927005
100133170,0.288587783888642
650059,0.0794068242501354
441218,0.0551928477150357
100861513,0.228311457178178
102723483,0.057140405596366
100270989,0.10293663356108
114036,0.0816766944344988
338098,0.114818507485862
101928555,0.0782695646180464
100271023,0.549234020727793
441282,0.122585752379058
648630,0.196611388713941
100505826,0.494153919388628
554201,0.0491265280900879
102723834,0.164122893763621
113178,2.53906660460961
285758,0.511970260059921
4050,1.27011377660109
100271085,0.400625649737173
90193,0.149293418032261
105376219,0.0524586470199822
440584,0.764701577410054
100132415,0.333177177467636
122152331,0.726019298505364
100506725,0.0177140457770852
389740,0.052263005646635
101930114,0.651903499616524
100861402,0.0542173700425294
105376292,0.307930635106638
645015,0.551705772252837
100506810,0.669073075035018
100507533,0.0164900995891271
100874100,0.0326656794165476
100131051,0.494153919388628
100188954,0.157948059098281
101927468,0.0342663432615378
107985228,0.032865928486596
729867,0.118620969890508
100131085,0.051871586053616
107075190,0.0983208065549586
730187,0.669681518805912
28494,1.09901682630309
100506343,0.3032115173749
283955,0.0080788886488122
101929410,0.194145527518697
642395,0.416867664353158
124901333,0.514248136690256
100506990,0.203313060051116
122152326,0.770785912445814
100131208,0.0082850342053478
441072,0.187864660276894
100129958,0.029254159459327
101926948,0.0671953437318986
116935,0.39096542828579
100130719,0.234283977346928
83957,0.0260306859239784
100270828,0.129924017888448
100507308,0.0099324012091867
440600,0.294702295350584
101927678,0.0338664618273812
100271543,0.0520673186640733
101928101,0.0869490986322006
91149,0.0376577034343075
283038,0.043016088629042
105375013,0.260768713532699
105369165,0.0465694896604753
112840934,0.0152643844692303
101927787,0.0633423431029015
246721,0.205913243491814
100131672,0.15328597584667
100420341,0.65670116160508
101927532,0.577948273333172
101929516,0.0551928477150357
643723,0.121866302736131
107075185,0.184539174505137
146110,0.348343579741724
107075311,0.163097007540298
105374582,0.031262604438497
100507057,1.27040561065346
100131961,0.0687315852068485
100874054,0.703496764561313
101928995,0.0324653828330247
105371485,0.143180048388379
124903852,0.0076664475141711
8488,0.123304573053134
101928733,0.0254249141756302
102724624,0.0256268862991105
344697,0.849588094115574
286238,0.0394476217259577
122152325,0.85506326488206
133395147,0.13948994736026
386597,0.108624707531728
440991,0.642116651308101
23738,0.0132175827499873
101928904,0.0471602662673416
100505566,0.227048352498339
493812,0.898660918741831
83955,0.225149932053508
4509,3.52092695502471
5005,0.188859637575647
641515,1.83681713448251
55009,2.48306699284365
392313,0.0213753154909553
101928684,0.032865928486596
91316,0.176669940986125
105376199,0.161041340296834
28877,1.45943484513154
105374791,0.0608283430685188
100133024,0.121506341749418
284757,0.0481439722271771
100271339,0.13259244153535
105374845,0.188030575137308
104355143,0.183872429292585
105374796,0.0803533557144177
101929270,0.208505021189391
101928043,0.0491265280900879
100270900,0.292960175240493
101928612,0.230517079620253
100506885,0.0115765804481612
400957,0.0097266548872287
107985688,0.604305004925666
105378663,0.45034206262084
728481,0.0880745620036581
100128731,3.11059167859433
101927692,0.0132175827499873
728537,0.56595637910831
100507254,0.0058079828238362
728088,0.0633423431029015
100419679,0.0706479226552025
106614088,0.439030404627156
100131193,1.36112773095814
392713,0.101093391034403
101929309,0.200214358457645
124902438,0.0400434172142254
643988,1.57546619332087
100874041,0.0606346453732357
646912,0.148597060175241
100287049,0.228784605339793
644672,0.0516758077965697
169834,0.0142416006900836
101927768,0.0294552189612712
109729180,0.142302962436914
100127907,0.597205171424726
441442,0.0308612972995617
105376527,0.477715914893948
3879,0.0860100466169922
6979,0.656524064194293
389333,1.34377210815423
100874006,0.0702650067990862
100873350,0.0822431961241168
100506084,0.0957246593932778
1719,1.913991138211
105374885,0.0428182367483027
401251,0.184872340656819
111082972,0.274578364995382
221178,0.275619230518917
100129337,0.0221867865316464
100132924,0.0662337567877756
100128043,0.0304597993916931
106182118,0.340182719802318
442078,0.0538268611423806
123464515,0.0833750437052461
285962,0.282719606975591
400946,0.104775777140435
285834,0.291796596737495
100507336,0.21237703081637
643837,1.00507795414012
102724330,1.08321908044516
100873890,0.265449099272857
266783,0.0708393147493007
642345,0.0049806933258769
553121,0.116993492216047
645916,0.0841287540882683
101060091,0.0579181636361618
101928545,0.265449099272857
100271312,0.218309900700823
391490,0.157431366533768
126037,0.732623828800474
100289373,0.529783701376297
81175,0.143881039990532
389199,0.0882619910836516
729236,0.834845635318495
100874263,0.0744674501196066
643615,0.0750388739578922
100996635,0.124022765722675
645018,1.06057631209186
391181,0.04578114125236
643115,1.4727988556047
100420502,0.119884565199712
101927244,0.0162859366995967
101927482,0.818021480413046
101927101,0.149989181900135
729171,0.0719867467506061
101927524,0.0914418297097786
102723989,0.101646795135895
6171,3.13653220540499
100507347,1.92586534181264
100421533,0.465083235124783
149224,0.288587783888642
137196,0.0016634701178795
643309,0.133302556941214
441654,0.0242120678044732
285965,0.0794068242501354
100873997,0.0084911297831118
392451,0.331519506904238
401288,0.0436093653522559
391256,0.116450284130402
441957,0.0199533676763937
246119,0.0049806933258769
102723727,0.0960960359655527
101928994,0.0205630661837875
101928103,0.540828359826662
125177373,0.097765173807287
105375009,0.0334663908138561
100418937,0.103856716718738
5004,0.0848817820027076
90133,1.79770481906213
107075310,1.02432277706872
100873923,0.135960022436348
643365,0.0217811482126814
101927000,0.0675796689626678
26134,0.807289269579315
105369302,0.032865928486596
100873882,0.0412337454202869
646424,1.68630608125569
197135,0.194474746081945
100129141,0.22086188363383
105373884,0.616512612213478
101928696,0.0786488237171767
105373615,0.27144746091716
100128640,0.546339488468248
106479042,0.798388031252058
401093,0.447025981547705
104266963,0.816768022323568
100421273,0.0750388739578922
126811,0.0266360241092229
647276,0.874661870531888
646309,0.987168673644863
100270874,0.0459782976541651
101929475,0.043016088629042
100131526,0.651189890232122
115482686,0.112637767504033
57615,0.265147976990959
100270940,0.194310153638863
100506025,0.055972413796195
100419920,0.470622369702958
101928009,0.0177140457770852
101929460,0.120064920542551
100506274,0.0400434172142254
102724919,0.0447946653885956
28584,0.260011201718364
101927098,0.0467664613262632
100874097,0.240678064244852
100129955,0.0207662015448037
100418770,0.0308612972995617
729789,0.477943602513032
7503,1.57137769963967
100422526,0.0841287540882683
146542,2.169269930669
100131801,0.694759472128118
402359,0.06565627325421
124906013,0.140721832304895
107075272,0.112637767504033
196047,0.105693816820032
122539212,0.124919624893862
654382,0.0664261626900539
100874111,0.0694986479199568
100271422,0.156569482489693
101409261,0.211410782764714
102723775,0.67323446274849
101929901,0.737593838186495
100271132,0.0729417365234151
100505879,0.0619895891189751
106660610,0.732782174769937
403150,0.0645001083526856
126568844,1.67407733638159
100852410,0.129924017888448
391168,0.0972091680864421
400604,0.209797772750175
643343,0.164293748875643
100874291,0.422531634310531
107987106,0.0236049920866109
100419075,0.11318349351592
105376230,0.38686071103408
106481796,0.0573349127789155
100271033,0.114999975663909
285176,0.312054193765089
171420,0.171606691073052
100874032,1.38192450948203
28611,0.196611388713941
285389,0.0581124904196997
101927344,0.64012443386394
100874027,0.339088022195652
84320,1.94530779915597
400839,0.0045667467349953
100874362,0.865616608331721
728228,0.041431969987866
100271186,0.0809207585101274
122149301,0.14964137415928
158345,0.448567435412818
100289414,0.31925318306814
100337589,0.0506962311574882
58160,0.0366616595234452
158257,0.0150599263207783
400055,0.366525650505565
100506409,1.34348966949818
100506679,0.0738956344925407
107075283,0.053631538511365
100421175,0.0219839916622789
442572,0.193321891338453
442097,0.198906056090084
391135,0.0873244225138922
257203,0.0996158349795007
284593,0.0590834488965626
100419560,0.0242120678044732
100133220,0.124381626856512
646483,0.241143907822274
100505664,0.132947576137209
103695431,0.207857862197957
414243,0.0646929135332517
101929692,0.234283977346928
101927895,0.551500118630673
104169671,0.0164900995891271
387646,0.888086195937634
100499171,0.0308612972995617
100505832,0.0039454490619983
105369301,0.680884103802282
100130286,0.20347581868271
114796,1.21543085289325
100873946,0.273982964216867
392557,0.235379301880427
124902447,0.140721832304895
105379829,0.0530452976713926
101929441,0.0986910213962365
728586,0.237565430338323
170548,0.0268377072511832
81440,0.0814877748095437
646532,0.328471152882184
100418910,0.454466400315985
107985876,0.164635351283272
100302692,0.790017893477775
643617,0.268154026302202
106481722,0.085446105720894
442189,0.0211723261778742
100505478,0.173466894741469
100874042,0.276955460020722
107984948,0.204776700352736
653658,1.26286486930557
100418723,0.912969322986352
106480678,0.108807543305086
442041,0.152246322955713
646817,0.043016088629042
100505975,0.229572561199067
26226,0.117174481993116
729203,0.424369349249134
284191,0.150163030160434
729131,0.61453976587874
284798,0.0068409645610921
619445,0.497264610533881
339666,0.0501079362162316
100873998,0.0150599263207783
101929746,0.35869092268036
101290500,0.149293418032261
100312850,0.0471602662673416
105374593,0.0246165431357565
400129,0.276361861281503
3138,1.24590350936805
404281,0.584458430834337
100996301,1.93825726779802
100270860,0.0467664613262632
100873165,0.0150599263207783
100873347,0.0949814066654706
101927354,0.0244143296379668
105373869,1.70019348061626
401588,1.19524330797312
54099,0.215108412764069
401236,2.24060052803485
285045,0.0213753154909553
388339,0.770486761361533
107075285,0.92029909584705
642587,1.42206827898197
101927686,0.315167849628563
54064,1.56006711065768
285053,0.732623828800474
647132,0.0223895328412295
3281,2.1025307348908
157956,0.169232965466414
107105282,0.0372594270725486
100131814,0.113728858571093
100271075,0.083940390516352
100128899,0.052263005646635
644456,0.436265704546873
105378949,0.596722859486688
91548,0.175828262431046
105371450,0.162412362843722
414777,1.37220586675368
100506801,0.0744674501196066
100996609,0.499036209608406
102723314,0.0799748722352531
101927377,0.509903143471486
105378305,0.155706684763122
100874334,0.159324303618878
402779,0.0152643844692303
84657,0.619975094736801
642740,0.247021015259454
101926975,0.0138321417599086
344320,0.152072918441974
104533120,1.0452885086874
100505869,0.362020551307388
105378909,0.298319256286158
100996539,0.717246140351521
105373006,0.0390501905320824
284067,0.0105493414072734
100130827,0.0260306859239784
403275,0.0942374869521354
149773,0.111545230931358
387043,0.0742768884659622
100874028,0.0300581105554705
728730,1.01266656824884
100133985,0.710406408406071
100271193,0.971557503205306
101929147,0.424614036933465
101929596,0.186536110849583
3113,2.75038177609683
101928650,0.074848442848116
128193286,0.231617602490273
154822,0.095353116336939
101927093,0.0221867865316464
100132735,0.0207662015448037
643355,0.032865928486596
100132169,1.18238209738664
390766,0.0493229014588557
105375992,0.0276439590910099
100862704,0.379493597189503
28398,2.76857506167179
105375303,0.238344734117321
100270955,0.227048352498339
6222,3.37787854491428
100506775,0.24083337584261
100132948,0.051479983874231
286333,0.14964137415928
102724550,0.104408275572339
692093,0.369952842642287
8847,0.437829623085357
100132215,0.164635351283272
507,0.0252228938178094
100874031,0.177342653872607
100506895,0.0136273381928503
107985781,0.0491265280900879
100873930,0.218789019244341
101928489,0.637489555244622
101927765,1.1693746867718
646268,0.0191397532419228
729582,0.0610219959658159
107984366,0.149119384289228
105373934,0.0716044446446561
80069,0.0306605722017031
378805,0.369952842642287
101927541,0.689547063837651
100271374,0.203963896563133
100506795,0.071221967357895
101929074,0.398602174265891
101928099,0.0068409645610921
101927888,0.010754888621307
100310853,0.17464843968899
102723854,0.373364669696793
4523,0.0960960359655527
100873899,0.124560998675753
124907760,0.0829979322484961
106480802,0.142478454942661
101927492,0.183538850032236
1589,1.3336798427861
105373805,0.367581814957147
402135,0.0725598717535938
102724087,0.029254159459327
729682,0.0614091674392234
100873949,0.0310619747051902
105377043,0.0677717653179942
104413892,0.24809889929831
5554,0.0735142061810224
643749,0.199396919210256
101928243,0.190680578133617
100507475,0.845334127774537
392288,0.051871586053616
100129452,0.157775864700324
5669,0.0080788886488122
6892,2.89820580811804
440732,0.0666185243177208
124906859,0.0483405753318879
101928259,0.0646929135332517
100874343,0.124381626856512
102724323,0.290485494004677
101929231,0.0056012358560772
127525790,1.13337194717545
153743,0.052263005646635
101927279,0.45821721137524
643630,0.0643072587180317
400761,0.133125085756639
100419056,0.0880745620036581
105373979,0.0497155105434259
399748,0.971066571337814
641518,0.134189336852005
392433,0.0322650387162132
100129573,0.058501008843608
440575,0.151899477025274
114821,0.0479473231186116
101060019,0.0203598820990786
105375523,0.059277505632032
643382,0.0714132279076869
359743,0.548408203957746
284825,0.128318787379677
100505666,1.18192541579208
51372,1.68516501948625
28985,1.84179349692442
105372832,0.485643222494386
100129243,0.817882326710532
101928578,0.830561041620995
642306,0.1272468869287
100270865,0.24300455003093
100873254,0.931571255525833
646127,0.252089658826228
440390,0.0181216355189445
646620,0.033066130062972
28426,2.37988772246107
643529,0.0654636900743731
102724699,0.0215782561623971
647219,0.0195466581122431
283953,0.0278454019696254
100289178,0.222611650317663
100874090,0.0662337567877756
100422581,0.0400434172142254
101928304,0.138256204616383
105377957,0.234753587043714
140752,0.0822431961241168
646688,0.265900566771856
100419436,0.207534086575862
402057,0.445124399837998
645968,0.0493229014588557
388789,1.84486041768724
100381178,0.11008626111996
9207,0.819966506521265
54089,0.0211723261778742
107986809,0.493485614178838
388532,0.0794068242501354
389813,0.956879134061424
100505771,1.33703696793197
105372524,0.0252228938178094
100270827,0.853023791492222
105378753,0.47257419493165
440568,0.0551928477150357
644820,0.983329962619046
100887068,0.0304597993916931
100507554,0.576261683092824
100421402,0.265147976990959
727930,0.0058079828238362
100420568,0.0455839386189831
100996732,0.237409477737577
100421788,0.107892959309522
100507507,2.19452602724143
101930746,0.0516758077965697
326307,2.14093018764257
100533629,0.0759903776592968
100421865,0.158292338591208
105376388,0.0264342928541542
102723508,0.775702446731765
100271199,0.100354942723344
102724233,0.319534136898407
100271460,0.0820544050747075
100420423,0.11970417031913
101927143,0.0871367817651098
3120,2.07842842366388
105374328,0.0957246593932778
100505683,0.487667883891839
389247,0.292669443244294
643699,0.085446105720894
55853,0.15328597584667
100289475,0.0352652184723042
100507670,0.21398485556725
100131291,0.0392489295621294
100506930,1.55713233089308
105372950,0.154497229720915
101929591,0.0146508621545966
106480328,0.0546076972506679
101926943,0.0270393423001977
101927687,0.0058079828238362
100506178,0.0788383885327216
100859919,0.0596654842894622
105378499,0.201357377395245
400221,0.0673875284399155
101929947,0.357488693494683
100462799,0.0816766944344988
7124,0.763266255502018
100874203,0.0714132279076869
256355,0.359224640010158
100303755,0.361355786486085
389791,0.0189362275154237
651249,0.288733925393611
201229,0.751901375073229
284649,0.0461754078434364
100128093,0.0908815660467812
28558,0.179357441318622
220112,0.206399840653189
124901405,0.221975815463252
105372738,0.18153447501312
727826,0.97752612722949
100533634,0.0623763134303502
101926987,0.140897664497433
100270882,0.0786488237171767
100271044,0.742605224775212
105378421,0.0189362275154237
414765,0.496488180324565
401957,0.0223895328412295
285958,1.31034393175715
285154,0.104224463503951
100506697,0.045189394581304
127814295,0.247483145330008
553103,0.951325318345755
101927587,0.12867577671514
100885778,0.0278454019696254
106480773,0.159668001170828
84973,0.925197013660019
105372710,0.0797855659595778
124904411,0.0861979419229091
644844,1.05381460127206
90625,0.180697848393311
647167,0.159152400353361
100271141,0.186369888167896
101927586,0.147028078610212
653789,0.627403356891443
150786,0.0132175827499873
100128420,0.134898070440325
440416,0.358824386982076
404266,0.0990610707966686
125177376,0.144231310383213
119437,0.191011216481131
100127924,0.0964672461846826
100128275,0.0662337567877756
101929023,0.0867613730983522
100129587,0.0443997508881444
107985040,0.228469204477848
105376070,0.0673875284399155
102606465,0.388402591772895
643596,1.02357272030674
440072,0.178014807680926
100996842,2.04198836492013
100506235,0.481237158406522
440350,0.0234025367070836
79940,1.04470928062362
105376034,0.0183253569229505
100129434,0.127783012098814
728782,0.336756601339477
100270755,0.0860100466169922
100873894,0.531583418247685
2876,3.03118552792238
728430,0.0282481437700031
100874528,0.0884493778801894
6974,0.0708393147493007
106480738,0.045189394581304
101927880,0.0534361704016004
106480360,0.538632950996142
100506915,0.0043596979037672
101929297,0.0505001786277436
100287074,0.10090884072198
645173,0.269952155905544
102723817,0.0654636900743731
100131536,0.022997480615535
283033,0.0914418297097786
440589,0.305503153895021
100271101,0.190845914273448
100132147,0.0191397532419228
100631239,0.031262604438497
339799,1.62707165624049
111082980,0.149293418032261
100506311,0.16974220649948
643376,0.0489301088118718
729178,0.0540221383132408
122526782,0.450578358823158
100874524,0.147377001960521
388564,2.26017025965033
121853075,1.00995999934924
101929397,0.0316637209677261
105372978,0.518459579871475
101927599,0.96794815504006
728192,0.0639214260144302
101929639,0.471426689703817
100506860,0.0648856742777243
100418781,0.220543331574443
101928797,0.0270393423001977
645834,0.053631538511365
100420869,0.0863857947605423
105378853,0.146155117141967
100270946,0.291068478207352
403283,0.0084911297831118
117581,0.883203196399178
100129597,0.0408371562480633
121853074,0.0352652184723042
728431,1.75820846100347
105373352,0.0221867865316464
100506421,0.0043596979037672
105376748,0.189522274027775
105374928,0.0493229014588557
643193,0.0893856781967923
100130750,0.264545386601418
664721,0.633197885277003
101929122,0.413150565167896
100422254,0.486093631506343
339807,0.0195466581122431
10408,0.0308612972995617
644138,0.116269135132515
101927285,0.0066344685557293
100420257,0.0310619747051902
344065,0.349830363419514
100506289,1.68978082386785
401019,2.04241887314308
107075163,0.105326723309871
105373148,1.47692105804432
730227,0.382086713512505
101927289,0.360024517260745
8341,0.778368834386543
117751736,0.0064279224007442
143341,0.137550372755663
390413,0.0524586470199822
441511,0.0219839916622789
100421582,0.179692751574496
100506119,0.799319430855105
389342,1.08145219415132
100128083,0.0970237498872507
105372840,0.0278454019696254
101927502,0.0812988122919001
6234,2.88032447463192
338651,0.665061260000962
440567,0.612561342937439
100499261,0.0769407965432616
101928834,0.435663321434888
100420259,0.0637284429094406
107075204,0.273238077537133
106478957,0.609535817442138
388907,0.415259183488493
101928403,0.873322827966545
646527,0.140194108785078
203569,0.49303973729696
103752555,0.172452767849171
105374363,1.1204095266052
107986032,0.0706479226552025
343184,0.0445972313113895
644790,0.265750106382509
111644132,0.904459934418865
340017,0.0264342928541542
644511,0.122046224165508
391698,0.0340664262320136
7726,2.47271387737326
121847985,0.0973945447953161
401602,0.0820544050747075
101929305,0.0891985025665453
730174,0.0673875284399155
646114,0.029254159459327
246717,0.105693816820032
102724167,0.0893856781967923
100874519,0.125815506185868
100506054,1.27806624913974
3314,0.245169792620687
121847984,0.089572811643912
105375261,0.104224463503951
101927412,0.0795962166369358
170547,0.041828279182458
100873934,0.068923416931643
440900,0.0268377072511832
100127902,0.0812988122919001
101927914,0.0195466581122431
100507468,0.118259586088365
105371260,0.115544140550898
100873922,0.24809889929831
105373974,0.0602471155158791
149844,0.0236049920866109
105374780,0.0146508621545966
101928461,0.137020599151987
101927220,0.17397348231257
345462,1.41200401063465
54145,0.224991526000587
102725079,0.0248187083181388
100996590,0.0366616595234452
729004,0.13401205762286
100270896,0.364673832571996
441550,0.265147976990959
101926913,0.011781879253164
101929723,0.225941490360051
728737,0.125457270894805
391598,0.155188566852407
100506385,0.356819970107232
158572,1.28700417073556
101927554,0.0164900995891271
100129484,1.06024711551588
390594,0.0123974780415539
728927,1.44853810717515
100129517,0.167703320633072
100505881,0.524464243542422
105373220,0.0473570995805846
390940,0.280802933544676
100288814,0.0394476217259577
285456,0.299329003342691
387841,1.25581744219241
101927015,0.140370054462992
133874,0.0608283430685188
100380272,0.201846744967738
257415,1.5017587275104
102724571,0.347124971281415
111082985,0.0955389086838045
124902534,0.0532407567944813
105376762,0.0544125563488178
101928196,0.0677717653179942
345643,0.199396919210256
51275,1.82074719534803
8629,1.30590271108696
403323,0.0064279224007442
101929602,0.178182758872508
100507495,0.235848264810662
101927043,0.232716604719211
100506175,0.116631393300044
105378687,1.09495224378484
100996654,0.0272409292764164
388579,0.0372594270725486
100271464,0.0264342928541542
729978,0.470852265148467
103724390,0.0156731530012164
60674,2.05425340177814
100129657,1.16153414401608
3106,3.2179444879057
729274,0.0897599029245919
100127949,0.121506341749418
101060264,0.373626484963864
400804,0.0262325134658017
105378325,0.0551928477150357
143678,0.051284114267885
111216284,0.0890112847364733
642357,0.0873244225138922
145767,0.83970771788629
100131788,0.0871367817651098
101926907,0.838899914179986
100507506,0.115362792180997
389901,0.178182758872508
441389,0.0754196057556881
647099,0.0812988122919001
100288035,0.109173093423369
100505782,0.0195466581122431
122149302,0.608587656447906
727699,0.018529029376588
114614,0.391093342326679
100996404,0.0627628591308276
400618,0.0348658102965977
654434,0.724017189683126
170503,0.0702650067990862
101929445,0.0675796689626678
100505624,0.046963386855558
105373958,1.26855465945828
440829,0.0280467968559265
117981788,0.182537284435833
2497,1.47576857062345
100271037,0.181701696408689
100271211,0.0493229014588557
392979,0.169402748021536
359792,0.228942258923759
100129060,0.160698222962661
126568849,1.14389312635829
105375606,0.191341719148878
100505635,0.0288518968796068
342918,1.13158556720385
100271702,0.197103654923728
140760,0.754358596947815
102723413,0.0276439590910099
100132857,0.0392489295621294
100421313,0.0416301479021601
124907725,0.624812453859398
343301,0.0602471155158791
107985535,0.0778901327798074
100506299,0.135960022436348
441869,1.05128873741875
266655,1.92907010959586
64288,1.40021952288301
101927020,0.0600532833173621
100506492,2.86466811657455
392479,0.128497301456039
100130548,0.0901339590533384
100422737,0.095353116336939
100270872,0.0925612234809782
387882,0.855785390144333
388588,1.85106880251459
51236,2.47508317728706
101101772,0.0336664500279098
90673,1.80978111372855
613206,0.121326302161832
442308,0.0296562306312831
3531,0.200867711352792
642776,0.0091091168566818
128385376,0.234283977346928
101928153,0.143180048388379
353267,0.11318349351592
391827,0.1159067175905
359752,0.220224652319882
255031,1.69575296335644
102723924,0.10090884072198
158376,0.218150130624384
100874018,0.0650783906040881
652549,0.201520533066984
112268431,0.368241174774447
92249,1.8145721060229
100270858,0.1761650389354
101929467,0.443933432409427
100129250,0.483612946470448
645979,0.436506521386408
341784,0.0934928992017695
100996342,0.114999975663909
105373496,0.363082971728615
101929688,0.0396462670429822
100506681,0.507611567951372
729970,0.978281601202916
86781,0.646802879894151
101928846,0.0981356370534185
100506749,0.709013711117329
107984969,0.572976225897825
100132891,0.327359666175908
645387,1.53873154233272
107984875,1.01693142699954
150372,1.39226044053541
101929531,0.830561041620995
642559,0.0364623094604789
100271066,0.237877243663263
100420557,0.0683477895576427
284749,0.06565627325421
378925,0.198578647323509
286544,0.0721778321548017
100422338,0.0282481437700031
102723678,0.0869490986322006
105370208,0.0201566492701331
100500737,0.254382888076708
100272228,0.135606191401068
400242,0.76492792323307
390616,0.016081724652309
100128334,1.04630079963593
391458,0.0308612972995617
101929512,0.0863857947605423
126568848,0.0471602662673416
101927896,0.255908016735438
9674,2.68511684316741
644093,0.24083337584261
646324,0.11336532195325
728139,0.256973856290608
111082993,0.089572811643912
340198,0.584556610638987
90271,1.1011262390644
729909,0.117717212784645
101927440,1.0691641726967
100507582,0.555704244963911
8705,2.38842364992946
57000,0.214627081559606
100271104,0.112455778548313
54082,0.0334663908138561
100874214,0.228942258923759
101927171,0.029254159459327
100509894,0.0742768884659622
100288560,0.0901339590533384
107075214,0.160869799734704
645676,1.05850401895761
374987,0.0673875284399155
100126791,1.28738122588059
284900,0.555601998869815
100134015,0.11136300073123
84968,0.147900107438903
401640,0.0957246593932778
100048903,0.304071672945281
124906209,0.35869092268036
150291,0.0841287540882683
107075175,0.0266360241092229
100507477,0.0113712320035829
101929437,0.0888240246898696
100169851,0.0298571944893556
101927355,0.0901339590533384
100507114,0.0252228938178094
101927630,0.076560759028747
100271277,0.126531508402931
389465,0.033066130062972
729340,0.520931817139425
101928335,0.0300581105554705
101927125,0.113910566782623
100874058,0.934705086101236
124905716,0.125815506185868
9278,2.31991068841428
101929680,0.0064279224007442
100130881,0.114818507485862
105373054,0.0412337454202869
101928228,0.630076673136611
101929099,0.483274019352167
100506469,0.501244669115218
400945,0.358290389798254
107075263,0.0256268862991105
105374464,0.0664261626900539
100653489,0.0846935889461878
10824,0.0670031148207685
653147,0.285659199945487
100873919,0.0183253569229505
154790,0.0148554188895284
58486,1.79054596285335
104797537,0.0211723261778742
105375430,0.908879922054092
100312806,0.417979208939018
100271120,0.338540088196072
100418888,0.0687315852068485
342618,0.0166942133416963
100129423,0.045189394581304
100874261,0.622118831911007
101927476,0.0240097576149657
401491,0.0627628591308276
100133612,0.0477506279872771
654841,0.0432138940104846
171222,0.0471602662673416
100507040,0.168723404379721
101926898,0.0074601518934053
101929328,0.0334663908138561
121832815,0.23412737909234
404024,0.0516758077965697
105371152,0.332901146639584
107075280,0.132414816523682
124901612,0.0140368959186701
105376429,0.0619895891189751
392281,0.521682563350443
121832811,0.0215782561623971
84214,0.506079825773687
101927973,0.0074601518934053
100287087,0.389428769018713
105378668,0.0497155105434259
7955,0.0227948798627598
728658,2.21139976956387
100423061,0.0302589788495971
105372589,0.101093391034403
387933,0.316719997701522
131185,0.121866302736131
100874434,0.166000325304114
100874241,0.0205630661837875
391436,0.0396462670429822
54753,0.978605089516816
100306951,0.919528456226255
104326193,0.221657707886995
728300,0.116087946291009
100506939,0.0126025784990239
4581,1.93528000525693
728517,0.0985059346638177
100506922,0.519105326025793
107075191,0.0573349127789155
54848,1.79626110770807
154092,0.0780798702999492
105375132,0.114636999340892
148756,0.0356644376201233
100270970,0.194474746081945
127379693,0.285365737248928
100271392,0.190845914273448
100506881,0.920180597822036
414245,0.262130402670551
643854,0.0306605722017031
100507398,0.0440046509270564
644838,0.0362629122582597
118568799,0.0561671921294347
339789,0.0142416006900836
100133044,0.144406389276897
102724589,0.109355807799742
100270964,0.445719167761211
100270905,0.146504413757989
100419028,0.464271954485533
100506963,0.283896769884373
101060544,0.011781879253164
618,0.730561921628774
729480,0.476804457629873
100506428,0.552630482816748
101929532,0.125457270894805
100129808,0.0807316672117631
124904522,0.121866302736131
100271832,0.018529029376588
254128,0.811378548892843
100996263,0.036063467897197
112840933,0.407790405772922
751580,0.374803538826287
111082961,0.2165506698612
107075301,0.0586952005206574
202299,0.0683477895576427
728428,0.0878870906234544
81571,0.988336794635682
100129090,0.152939572256387
107984773,0.321778100846563
105378828,0.0146508621545966
105375968,0.260314293805805
102723878,0.448330497124959
106480775,0.359891262560934
105373158,0.0101380977223869
285900,0.0453866897349848
101927983,0.258342109370977
85824,0.594499961729146
100129180,0.309639593750988
100418769,0.0461754078434364
654506,0.331934259048962
220930,0.931396689298222
100132273,0.505531991863279
105375166,0.010754888621307
107986588,0.4977079140667
101927164,0.0865736051467432
28478,1.87958580777401
100421775,0.28975615109389
79804,0.0424223934120883
100421371,0.0406387916047836
646603,0.0704564866776887
100131213,0.995875265387902
84752,2.0696667125917
100996696,0.0807316672117631
101926963,0.944582626371893
441094,0.215429139313264
91368,2.28365557504222
267009,0.84058169646512
100507391,0.0236049920866109
150142,0.235848264810662
101928781,0.338814104012932
728611,0.570176597356461
100499405,0.198087283905678
28557,0.64238787423335
101929624,0.0386525717956126
103689911,0.19956047362333
1159,1.4168039905514
101928973,0.0583067721494003
641298,0.0225922306114602
100506866,0.0666185243177208
100289098,1.54322351035253
100861516,0.0538268611423806
401934,1.2721209960322
399968,0.0138321417599086
103908605,0.0744674501196066
100129066,0.0801641354811421
100507034,0.0272409292764164
266625,0.0346660352741282
391124,0.0890112847364733
84793,1.06474586437176
105376892,0.431069221431126
100270914,0.0664261626900539
64939,0.046963386855558
100129842,1.48863919898001
5863,2.7145424083024
101060039,0.0310619747051902
101929120,0.0637284429094406
100287966,0.117355432003351
101928891,0.97876676934502
105372751,0.08431707500591
100312798,1.05864554304282
387723,0.380272463537879
105378580,0.132414816523682
101927891,0.0144462560950847
220885,0.275470619961327
128966744,0.0350655380227658
728978,0.397334738233834
729993,1.60949103232433
439990,0.186037339999593
3118,2.10361570446223
101927924,0.0166942133416963
107985893,0.0544125563488178
100271153,0.068923416931643
150051,0.839438562554139
101927512,0.424002167465357
105372876,0.398981989968045
192217,0.0508922379282558
101927847,0.0336664500279098
400958,0.934936593559567
100270971,0.0933066477599419
3833,2.22736388379527
339804,0.359491358869268
101929653,0.0082850342053478
339822,0.0047737452018541
100169752,0.0520673186640733
101929705,1.61908287203622
28619,0.398728800764553
100129997,0.0505001786277436
442709,0.0553878071845259
100861518,0.0465694896604753
392424,0.0635354152782802
100874342,0.111545230931358
105377986,0.0097266548872287
276,0.015877463426456
285550,1.01910296542006
121328,0.10090884072198
114515520,0.110451245488528
101927609,0.0750388739578922
100271282,0.118801602317322
100289061,0.300625328244844
347544,0.139137639219655
101929559,0.0105493414072734
100507516,1.57127056703108
107986838,0.106244151498938
100288690,0.500582833983821
553820,0.0348658102965977
102724434,0.0308612972995617
645682,0.0362629122582597
101928483,0.196611388713941
100271017,0.47520668036307
100996570,0.125994565263373
439949,0.145106329829701
100506334,0.218309900700823
101929609,0.896018424577955
442673,0.110816068496528
107075141,2.70246799744765
101927886,0.319534136898407
442197,0.764173136235698
101928399,0.298174899770682
440737,0.938341328825555
105373460,0.0510881989588056
644160,0.0352652184723042
257093,1.11069733125797
391151,0.121326302161832
101927851,0.219586911868952
100130630,0.170929192902111
100303491,0.0128076294222381
348761,0.0406387916047836
101929730,0.391093342326679
474170,0.712938668752496
100418740,0.0326656794165476
100129007,0.0248187083181388
645434,0.0111658338983268
6126,0.381050530862117
100419643,0.108258914477887
100271060,0.0837519842731955
103352539,0.540201784305092
392508,0.0211723261778742
100422608,1.8701187159989
100506737,0.135252207441062
100188949,0.136667226196118
128997,0.0197500372972908
339751,0.177510744706426
100874093,0.330827756885505
105376805,0.106244151498938
102723741,0.0392489295621294
100130980,0.0852580403731478
100270954,0.278881557975095
101927682,0.226732263073221
100287928,0.0278454019696254
100506215,0.30378506014156
100996251,0.135252207441062
347411,0.0675796689626678
440142,0.0320646470462866
90120,2.3290504376528
392752,0.62666408114632
100133168,0.0086971754034013
343171,0.118801602317322
100132076,0.0256268862991105
389860,0.137020599151987
692058,0.376891586812411
654322,0.837888732829624
124900469,0.929940060600633
106480358,0.663923227635331
26808,0.449277796258293
6076,0.31700187249262
100151650,0.476348304387361
677767,0.454466400315985
106480822,0.476348304387361
124901856,1.595797888282
124901827,0.537899655352364
124900457,0.745873636862334
677828,0.249636190968934
124906348,0.849057887587091
106481637,0.678572450586893
124904795,0.31700187249262
677885,0.773546658442064
124900501,0.266351775393626
389644,0.0442022240997431
101927597,0.549130845682699
100128164,0.0296562306312831
100271548,0.813973871589986
81567,0.217830494561375
145259,0.0440046509270564
319143,0.332901146639584
652968,0.135252207441062
644388,0.179525113835239
7844,2.09690625899304
10432,2.07070267925409
100271319,0.153805305216018
101927750,0.160183275252927
100271575,0.211410782764714
106479397,0.575963632802901
728693,0.0797855659595778
84964,0.248867918546407
142686,0.197923429313899
56136,0.0146508621545966
100129799,0.0598594062479726
106479417,0.235066506058863
105377180,0.016081724652309
106481077,0.129210969736922
106480982,0.132059451005708
10324,0.346040135312849
105374042,0.090507846716347
100271358,0.28065530262104
106481014,0.415259183488493
106481082,0.129567571269748
100873940,0.147202558931156
140921,0.0320646470462866
723809,1.77740447179117
28881,1.58188238330451
106479365,0.110998419529435
285051,0.0123974780415539
100271306,0.0959103684817372
105378645,0.345361332761124
100507062,0.163097007540298
4830,1.91392628918646
8742,2.31303667444437
284040,0.206724074741936
107987127,0.123843276378059
60489,1.43807959190142
106480272,0.154151340944846
107080654,0.126352566356986
101928856,0.0685397094214406
23559,1.33353589642594
51373,1.92484126769381
389156,0.218309900700823
28904,2.24152125141789
106480979,0.394666170296121
106481062,0.233657399112409
402134,0.0534361704016004
100131614,0.954697243545128
28943,2.99349615368507
51608,0.156051913604374
28931,0.732940483349091
131054,0.0203598820990786
106480521,0.514789435208118
400793,1.97954846552735
158,0.275619230518917
101930094,0.0850699324727219
106479357,0.13383474003178
28912,3.32354129599225
106481834,0.124740331349873
23547,0.432523051671675
28896,2.01383437720913
100128733,0.0654636900743731
11027,1.06071734012002
100127893,0.146679006037627
84066,0.0673875284399155
109729161,0.0548027927666294
280,0.392881868914514
28477,2.39282927608843
58496,0.145805671023461
102723430,0.0567512557756906
5698,2.08698601263058
387867,0.235066506058863
326289,0.253619217745834
151825,0.0606346453732357
317753,0.0288518968796068
100129403,0.0302589788495971
106480993,0.128318787379677
5098,1.11538131562623
100287482,1.86830755650516
100287290,0.0797855659595778
326309,0.0487336436053482
101927632,0.230359737718341
90639,1.1806676206255
106479437,0.132059451005708
106481069,0.3433213143432
100288897,0.45681288598164
100129801,0.148422877795907
100126793,0.0959103684817372
84129,0.112091680115918
100271035,0.0465694896604753
106481054,0.413026343999771
100130562,2.75209004907126
53938,1.96610608595513
441727,0.117717212784645
283345,0.643652179315371
390183,0.0962816618610842
728553,0.974386304739042
28937,2.72019061315075
133790,0.159668001170828
641616,0.129389289874984
100270840,0.204289116922066
100271515,0.0501079362162316
3812,0.119523735885593
101927152,0.0101380977223869
106480795,0.786668891774235
729679,0.085634128532859
2310,0.739869277614871
105375563,1.4313887296547
107075225,0.240678064244852
102724479,0.0284494427319338
100048912,0.251170500414145
23495,0.292233142029438
100271003,0.200867711352792
161406,0.18203603537202
100271448,0.0933066477599419
100128963,0.0962816618610842
100874091,0.632281334656783
54596,0.135429218543903
101243545,0.0934928992017695
358,2.55260401097389
100874083,0.0716044446446561
100270857,0.0723688738166034
729389,0.503336520311691
106481034,0.122405948971871
133569,0.0795962166369358
100418748,0.661113867787883
28942,2.6778418746209
57461,1.71739353216764
10687,1.69696225550053
401387,0.035464851664874
100506243,0.0404403802309502
56097,0.0691152046135907
246312,0.0394476217259577
115557,0.445124399837998
728791,0.148422877795907
100271332,0.116993492216047
127379749,0.0912551171776534
401076,0.809125569819037
106480482,0.351449024819327
387521,1.61280306973364
729674,0.568873012377515
57665,2.31132876602524
100507642,0.526170738867254
28938,2.92553521567191
106479413,0.330135385465491
442087,0.092934019355804
100134713,0.412404929480613
100130550,0.0177140457770852
257068,0.140018125250146
100129685,0.714811326601938
106480533,0.124022765722675
391566,0.0996158349795007
100270854,0.221657707886995
650808,0.117174481993116
4282,0.0534361704016004
100129670,0.0746579682411712
221883,0.0252228938178094
100418720,0.0344662129356738
124904880,0.0880745620036581
221078,1.8290143919979
647436,0.38686071103408
326292,0.474406486755383
1098,0.0201566492701331
3112,1.0205127770156
100652759,0.0302589788495971
100874431,0.240678064244852
57002,1.80470224736613
100498859,0.0193432301006561
100874246,0.0619895891189751
100271488,0.197923429313899
101929335,0.0714132279076869
106480964,0.243623794793028
285286,0.0248187083181388
100271479,0.466009321165851
6997,0.0316637209677261
106479516,0.234283977346928
649024,0.11008626111996
57830,0.0332662841654657
28901,2.01300551919438
27297,2.21667239679418
101927056,0.48089713068681
106481860,0.126352566356986
28923,2.73492910037897
100271041,0.0643072587180317
100128025,0.190845914273448
101927111,0.426324610947219
374286,0.0264342928541542
6173,0.448330497124959
28914,3.24456816305571
440086,0.341685387050032
100874016,1.25893886535148
57026,0.118801602317322
79897,0.375064858932421
283460,0.0254249141756302
9936,0.403902248059683
80864,0.191837218964394
646612,0.0901339590533384
9551,2.12129285753796
100506994,0.302063161290344
23779,0.359491358869268
283603,0.166000325304114
151645,0.3233170563686
105371430,0.0298571944893556
100996435,0.0845053532862342
124906201,0.0420263638480368
106480694,0.32833230458971
10093,2.53454023428639
100131117,0.0136273381928503
1325,0.159668001170828
28885,1.55310426526956
645174,0.218309900700823
106479337,0.136136880643432
100270928,0.267703850593388
11185,0.499146791715321
106479314,0.125815506185868
28581,0.682250291825281
100270950,0.06565627325421
100418712,0.13099242943963
100129882,0.10090884072198
100507098,0.0380557917082188
10552,2.07652937907015
106481115,0.135252207441062
7451,0.0792173887819751
441034,0.533800410179994
402342,0.0617961599388916
28941,2.94793249354011
101927974,0.515438460288136
100131434,0.13383474003178
100271427,0.154497229720915
105370757,0.051871586053616
100271168,0.157431366533768
539,2.07711759745037
80301,2.1479744038113
541565,1.39643401871716
391719,0.0654636900743731
23761,2.1875541005777
730747,0.360290956906896
101929159,0.0402419221072167
112817,1.21668414242434
5822,0.051284114267885
102546299,0.0039454490619983
106479251,0.12867577671514
106481102,0.233657399112409
5297,2.0543941948107
106481850,0.125815506185868
25764,0.045189394581304
442086,0.11970417031913
645573,0.14964137415928
400652,0.140194108785078
729146,0.128497301456039
326310,1.11922035793008
28933,1.90743712824217
110806273,0.0058079828238362
100271564,0.703165968731833
727956,0.676166899266262
727865,0.17481709113341
730109,0.0526542428027862
23600,0.480103119021609
51537,0.274727144634156
8420,0.842058038977368
105376382,0.058501008843608
398,0.0627628591308276
106481858,0.124740331349873
100271112,0.209797772750175
100874351,0.0581124904196997
390158,0.0438070313509447
140290,0.0406387916047836
729150,0.0972091680864421
106479439,0.241454318250322
26286,2.34211607504336
632,0.116631393300044
285972,0.120605749496627
128977,1.49048079153515
23089,0.331796033138066
400385,0.125815506185868
100131863,1.86243892482945
645630,0.08431707500591
100874084,0.0837519842731955
28930,2.0961932716836
3692,2.57720484173086
728992,0.257430204361254
100420527,0.414763571136411
28476,1.92182465059461
102723672,0.691569508550123
728979,0.262432680934953
55052,2.57909197385496
348110,2.02658250552912
401074,0.71570511230649
81430,0.0386525717956126
28883,2.08690353276646
5273,0.0146508621545966
100009668,0.113728858571093
100129009,0.0296562306312831
157206,0.151899477025274
3109,1.83527612633536
28891,1.37887245254443
100270967,0.239745555489441
100271260,0.184039167240528
101929756,0.0569458532680942
26063,2.09271889157706
106480965,0.123124926797672
100271415,0.439630069255671
2790,0.15259302132939
107986119,0.697183889125307
401817,0.0771307503330335
101927866,0.009520858735307
1270,0.381568799217567
103911,0.15536130946066
100270833,0.402139697844027
100271376,0.0871367817651098
641924,0.130636446855533
340526,1.75235278913776
729208,0.221180308587003
100271627,0.0820544050747075
28900,1.84285695531809
100874131,0.11136300073123
9907,1.63960217448439
347689,0.0089031710875008
100418747,0.0581124904196997
163051,0.0871367817651098
100271278,0.0643072587180317
106480970,0.236473118332489
161497,0.0244143296379668
28479,2.70241041780738
326326,0.216230393124375
106481045,0.129924017888448
30816,0.0322650387162132
127482547,0.106427514965708
106480985,0.349290048561239
106479309,0.124381626856512
101927668,0.108990338597057
8637,0.855457252387856
28915,2.31201086150499
100507524,0.10090884072198
653079,0.338540088196072
201617,0.057723791780431
106479387,0.421795281942773
100271572,0.204451677668282
5672,2.10539883565276
9553,2.57134447763864
57553,0.754511872376034
100128888,0.0614091674392234
100133273,0.34141239336192
642828,1.47670381387001
101929054,0.194474746081945
56134,0.0506962311574882
100174857,0.163781075656825
28919,2.77065295870944
11037,0.743852221625174
100128923,0.059277505632032
107075194,0.189522274027775
106481074,0.233030326569747
28882,2.04441945916312
106481089,0.13259244153535
124909446,0.431554146556167
11230,1.92203918170226
28940,2.79071048488674
100271487,0.190349804008641
100271502,0.108258914477887
643974,0.0453866897349848
106479326,0.259404667743331
647087,2.30623246840174
154881,1.35214722258228
106480695,0.49170047108763
1945,2.28047796983057
353376,0.0346660352741282
391706,0.184872340656819
653236,0.160183275252927
645160,0.643832606108194
106479034,0.0740862832627668
441744,0.0906947274148189
401115,1.25318017756914
100271364,0.0841287540882683
28299,3.24260173272127
24142,1.43036425239004
344454,0.098876066768446
279,0.0209692882026594
441632,0.553041081950688
100130929,0.0432138940104846
140870,0.0973945447953161
644063,0.248714174483528
106479260,0.24732913195155
101928022,0.0555827213422205
110440226,0.085446105720894
106479356,0.252854808413677
105375355,0.156741932338775
727984,0.0696903035798559
100271630,0.464039995986913
106479415,0.796017736989896
3588,0.263942334595142
391833,0.380531908022198
629,1.83521712070194
106481148,0.575963632802901
642819,0.814043871935114
729097,0.367185924879962
116143,1.00847388002563
100129199,0.0499117462968908
4831,0.224516118861227
401865,0.095353116336939
344595,0.970848252842391
100137049,0.0266360241092229
10637,0.0809207585101274
149465,0.988920013871814
100271444,0.0794068242501354
100132247,0.163781075656825
7268,0.429004765244695
106480492,0.517489879374046
100421829,0.226416048171687
100506144,0.0424223934120883
100422603,0.221816777530107
3804,0.0725598717535938
284230,0.116812462656807
100137047,0.132237153018681
101929717,0.015877463426456
140564,0.257582261749483
100507389,0.0072538062085478
106479524,0.287271278860725
440176,0.0771307503330335
388556,0.237877243663263
728002,0.0629560650472485
646085,0.0590834488965626
106479235,0.122046224165508
100874029,0.112819716306845
106479248,0.125815506185868
100270839,0.12742563422007
106480986,0.243623794793028
106479376,0.129567571269748
401427,0.426446645063395
319129,0.0863857947605423
80086,0.0463724718392014
339881,0.0217811482126814
730091,1.15633902416499
64968,1.75621007203421
84450,1.92670625636987
2938,0.0614091674392234
440027,0.497264610533881
115482685,0.054997842915243
57529,0.291214156259153
100216341,0.0901339590533384
95,0.0575293748341413
9054,1.75830283024104
100270912,0.0449920531388688
692099,1.32300810012342
1650,2.77717460510883
101928376,0.0035309985040075
401232,1.34728977199982
147007,1.63423824426699
100270841,0.0442022240997431
107080636,0.13948994736026
2939,0.122405948971871
391777,0.423144707964687
106479525,0.13081445746027
100128140,0.0516758077965697
28921,2.13081058205438
107985359,0.0294552189612712
105377105,0.69114866100384
5032,0.797383500189571
101559451,0.285365737248928
85014,2.72525370110237
104502416,0.156741932338775
106479253,0.613504146341984
100289187,0.391476954595088
402778,1.20478967362414
106479269,0.406788933251355
100132547,0.167022551389696
55861,0.146504413757989
106481031,0.238500503101886
106479500,0.12867577671514
106479237,0.134366577733776
106481753,0.125815506185868
648000,0.444767310180947
105377108,0.423022133436742
729362,2.1713037458387
106481836,0.237877243663263
2119,1.6186313757519
440050,0.0818655711838594
106479319,0.985252346828993
28913,3.11388687984882
10137,2.34396515718292
128193290,0.556215256100082
405754,0.0364623094604789
79168,0.692662495908074
441775,0.0677717653179942
91179,1.39709660188746
100874101,0.264997372636285
100421817,0.0296562306312831
27350,2.15836291144318
106480929,0.1250988793227
391589,0.312479520406838
105374313,0.4924820080985
79015,0.974549105951626
101929316,0.0846935889461878
28935,2.89762588946356
100874008,0.327359666175908
642636,0.0146508621545966
392206,0.0602471155158791
152206,0.0056012358560772
151516,0.820659748214351
107985593,0.0931203544834532
81392,0.0366616595234452
102724827,0.376761251866168
100131151,0.0596654842894622
7335,0.415754468421392
106479487,0.136667226196118
442213,0.199396919210256
122149298,0.275470619961327
390578,0.041828279182458
100132742,0.712367697057952
389141,0.0876995769262763
720,2.68881675995794
3043,0.995927653268649
391581,0.100724249243411
106480490,0.237877243663263
1415,0.20347581868271
10443,1.32233204615178
107075130,0.147725776200425
100507300,0.156396996093326
101928445,0.114455451213547
100506495,0.317142771412861
101929538,0.0264342928541542
643770,0.338814104012932
729678,0.901231293009353
105375650,0.0540221383132408
144571,0.494376551906965
124900193,0.592561292620484
100506020,0.043016088629042
101927612,0.256669477556136
100130231,0.0534361704016004
100421854,0.179525113835239
101930370,0.414639616844737
100499227,0.0082850342053478
386627,0.25712600164172
101929595,0.109721115265514
100996419,0.900497971514174
101928075,0.0136273381928503
101929765,0.124022765722675
100507283,0.264394666900614
440028,0.34427399785361
283131,2.41100307606686
101928784,0.169232965466414
101929295,0.505751174962362
728769,1.11853972852921
101927204,1.56874592025731
497258,0.553143694917851
100506068,0.043016088629042
100506660,0.319814988724978
101928100,0.0602471155158791
283387,0.0270393423001977
92285,1.45502756347666
728339,0.08431707500591
101927480,1.37670399304889
101056700,0.319814988724978
101929076,0.0199533676763937
100129931,0.227522251558552
145837,0.322617911022926
101927740,0.209151657793877
1050,1.74327757945255
100505648,1.45611606432857
400512,0.214466573411307
644873,1.36224626893544
100996286,0.0878870906234544
101928725,0.66269554417998
100862662,0.108624707531728
100506233,1.13399379383866
101929241,0.0227948798627598
100287015,1.3356909589615
100507053,0.124381626856512
286059,0.0150599263207783
100505676,0.245324226581197
100289388,0.661201834137373
101929524,0.226732263073221
388011,0.0342663432615378
727677,0.0816766944344988
283104,1.26009652626793
101928053,0.465662175229462
101929402,0.144581430654289
728084,0.0627628591308276
286190,0.0290530521054448
105369192,0.469586950565039
283856,0.0130126308322217
101928597,0.0878870906234544
100507632,0.0463724718392014
124903670,0.237877243663263
101929290,0.0723688738166034
100506368,0.65181433875598
339988,0.758408501638313
121233925,0.0201566492701331
283575,0.0402419221072167
389641,0.856047779259499
284080,0.221657707886995
100506451,0.336481851319876
55766,3.04215743723212
85001,0.304358180120254
101928388,0.133479989705537
503569,0.67124361522531
106699570,0.104408275572339
105369536,0.0790279102152443
124906712,0.0177140457770852
100505678,0.186037339999593
100505534,0.0164900995891271
390595,0.383379953010772
144481,0.779771758384582
192111,2.18656939462023
105369147,0.112637767504033
283596,0.509249145046031
100506211,0.713020196748892
338739,0.0392489295621294
338817,0.0266360241092229
102546294,0.10090884072198
440288,0.907067256217775
729013,1.66105082131918
121233923,0.416496782737414
85364,1.89801696755068
100507250,0.200050937148015
100289274,1.07129169257437
100506314,1.16082312980607
100505738,0.561508206048027
729082,2.18233028615614
100131067,1.09751800813731
100506540,0.855719776051515
11344,1.80471282612233
441009,0.0981356370534185
92935,1.73601248993536
100293090,2.64845812613658
100507401,0.0477506279872771
100507266,0.27144746091716
102725021,0.0790279102152443
158880,1.27014621039708
100419036,0.057140405596366
100233209,0.995980036617689
257396,0.75458849684469
100505894,0.332901146639584
121232371,0.0972091680864421
100533182,0.425836275017005
283663,0.596722859486688
100506668,2.15187745842315
100128386,0.101462368225262
550112,1.23313959113172
100507466,0.221498606522835
593,0.218629344999603
3640,0.0424223934120883
101928569,0.0310619747051902
126,0.456695738353397
101928509,0.0232000328901817
100420027,0.124381626856512
124900778,0.177846821597863
105374105,0.394793459177479
100861517,1.08068033902219
100507602,1.74320430459022
101929423,0.0201566492701331
100506013,0.103488806295834
984,2.1091330171706
124900787,0.179357441318622
201853,1.86852532013534
124901151,1.04073603267646
56135,0.0282481437700031
105377555,0.098876066768446
391674,0.0382547653609949
553158,0.0931203544834532
285505,0.468665353755834
400456,0.0664261626900539
101927233,0.0812988122919001
101927075,0.205913243491814
651644,0.0583067721494003
102577426,0.214787557493613
643784,0.105510290447963
134187,0.0047737452018541
654790,0.132059451005708
25864,1.17073565090762
100289230,0.307074743055427
100873955,0.517166357086503
100131089,0.557848039693376
100133234,0.0070474104382352
106480796,3.36151558463161
102724880,0.0091091168566818
283731,0.113728858571093
100419878,0.410163567546985
102724030,0.0942374869521354
101929745,0.0037382490083226
100526772,0.0314631865193807
441374,0.0128076294222381
645433,0.0236049920866109
100420028,0.0797855659595778
105370027,0.149989181900135
100526737,0.241919706165435
107986374,0.561710999092744
124900192,0.0344662129356738
100874002,0.0694986479199568
100505625,0.0113712320035829
594842,0.0140368959186701
285412,0.0420263638480368
106481669,0.0742768884659622
283152,1.54237024128322
102724596,0.0805425329522405
105377303,0.0221867865316464
107075170,0.0666185243177208
102467212,0.368504758920631
100422687,0.168213522886445
286189,0.0171022935190702
100507639,0.0162859366995967
105374524,0.0103437444480222
441369,0.120425512675816
643783,1.53510351127373
102723313,0.166341210435776
125775243,0.178014807680926
342184,1.77532360671678
100526740,0.0140368959186701
100506169,0.230988918716259
100507291,0.619508192927471
101929470,0.0262325134658017
100418744,0.491588754660996
338095,0.357889646800717
124901165,0.0797855659595778
109729131,0.162925900453821
101927096,0.0746579682411712
121232370,0.803387665243006
391647,0.144231310383213
101927953,0.375848280348245
148898,0.458567876182306
101928590,0.278733564511476
23354,1.5467906824892
106478943,1.59075435161095
646616,0.248867918546407
100288683,0.0811098068644656
56138,0.0792173887819751
105379132,0.0205630661837875
100506229,0.0126025784990239
100421823,0.0392489295621294
345041,0.241609477908543
267020,0.0489301088118718
643714,0.0242120678044732
105378976,0.12742563422007
441027,2.77220769573401
101929095,0.263489742281565
400084,0.115725449015596
100419185,0.298607889071751
101928176,0.850382583082839
101927592,0.0051875911285856
100507584,2.64596980362334
100885776,0.961607879675112
101928858,0.0723688738166034
105375095,0.135783126027054
100131553,0.0530452976713926
4671,0.0979504261429475
107075166,0.0501079362162316
106479035,0.0614091674392234
285419,0.0221867865316464
388569,1.38297275662975
285638,0.150336841365798
221409,0.0086971754034013
101927134,0.0089031710875008
101929743,0.0146508621545966
101927207,0.0225922306114602
121232375,0.284778481297049
100420926,0.116087946291009
100422188,0.0449920531388688
109864269,0.0524586470199822
100129917,0.969372561698516
100874439,0.249636190968934
107986178,0.0089031710875008
101929577,0.0113712320035829
121232368,0.456226962145733
100874366,0.916734335358565
645348,0.0298571944893556
442114,0.0918151287903754
574538,0.0146508621545966
100506462,0.375456670633888
163050,0.151899477025274
90342,0.147377001960521
285626,0.0029089440711514
101926904,0.272194047426621
641700,0.61876050044954
100421805,0.191672086234452
105379100,0.0179178651438874
157381,0.0033236975274522
101929215,0.144756434529493
105374104,0.580618756009607
646723,0.241299128225038
100421796,1.03142648682423
100131940,0.204451677668282
5820,0.534432585008871
100874374,0.458918374649505
100288866,0.0322650387162132
10016,0.499920396946577
284865,0.0524586470199822
653125,0.0123974780415539
646241,0.0099324012091867
57733,0.0658488120877697
100288772,0.0272409292764164
283847,0.0232000328901817
100289037,0.0986910213962365
6981,0.704488184300205
25907,1.29795552940523
85003,0.266802725398136
401136,0.009315012732202
641364,0.0064279224007442
28894,0.106794119855082
124902629,0.10183118094478
374887,0.245324226581197
255187,0.0406387916047836
101927237,0.0710306629776471
642797,0.498593713317871
105374516,0.0540221383132408
253962,0.0495192289370227
100506142,0.229730058806874
56139,0.750900531511481
285500,0.129745813935983
100874364,0.0526542428027862
728488,0.118078834682481
389223,0.269802468780043
728167,0.131881710470116
107986412,0.504764330350689
100874298,0.0633423431029015
100874441,0.126352566356986
440119,0.104959466672018
102724832,0.333177177467636
100289133,0.150684352667124
101927495,0.159152400353361
101927359,0.0035309985040075
124901067,1.03423465201043
353511,0.335657012091373
101928223,0.0704564866776887
100128059,0.0679638175237219
105371824,0.0240097576149657
101926926,0.0412337454202869
107986281,0.159152400353361
283140,0.613127177284896
57604,0.290485494004677
255403,1.53185538523855
389203,1.89067973382893
729212,0.770486761361533
105379057,0.0848817820027076
105377623,0.345361332761124
105377595,0.168043491126138
153163,0.0489301088118718
102546227,0.0300581105554705
100506035,0.0916285002418245
643401,0.0949814066654706
106480291,0.434577802329528
2994,0.0207662015448037
101927124,0.232245789728658
100507043,0.132770028068318
391714,0.0215782561623971
107986453,0.0691152046135907
729249,0.262432680934953
57481,0.124022765722675
100874363,0.78623080382187
728564,0.239590030737812
400916,2.1123919170256
152756,0.120425512675816
401172,0.12742563422007
285634,0.0156731530012164
1018,0.0219839916622789
27239,0.939146494148436
391739,0.0489301088118718
100418737,0.869160209432718
90423,1.31967826474062
100420307,0.28639237520262
2738,1.42840479647541
101929176,0.0288518968796068
100506791,0.0350655380227658
100419741,0.406287696260999
339874,0.328748774506696
101928595,0.959442736709559
101929071,0.0060146795562324
111082989,0.0670031148207685
359819,0.0938652766473933
728535,0.194145527518697
105377267,0.0132175827499873
101928478,0.0101380977223869
6414,2.26677677384226
400043,1.52911221753544
100288073,0.0567512557756906
100505806,1.86146181888595
728723,0.0388514046163894
105374648,0.0268377072511832
401177,0.0173062599854029
100418792,0.0520673186640733
389322,0.439630069255671
121952,0.0336664500279098
100288172,0.118259586088365
100508120,0.500913826727922
105374088,0.0066344685557293
100421806,0.866907472108762
100505616,0.287417666770059
105370401,0.0639214260144302
100873907,0.0960960359655527
100128961,0.0775105280642577
100499177,1.23611694744817
102467213,0.0449920531388688
28878,2.03974053627547
100750326,0.10090884072198
100132066,0.668725150530063
105377329,0.401635353251182
642909,0.0831865093464727
102723896,0.0873244225138922
102723828,0.0947954893080635
101929709,0.798316330162083
100506674,2.56375224869894
100128494,0.147725776200425
101927934,1.8857624118174
101929529,0.0473570995805846
103752589,0.051871586053616
619351,0.125815506185868
641339,0.749898181476769
123706549,0.144756434529493
91948,0.0074601518934053
645853,0.658646235722508
103689917,0.165318125203912
729305,0.0215782561623971
106481968,0.12867577671514
25850,1.05390970609591
644974,0.530419408736543
56604,0.191837218964394
121009647,0.0985059346638177
85358,1.27350872753964
101928865,0.0179178651438874
109729150,0.0999854713451175
100506827,0.44524339155889
100420532,0.0501079362162316
152641,0.224516118861227
100506258,0.671156925360356
109729133,0.122765516475702
162972,1.22594142704994
100874047,0.0138321417599086
105377489,0.0280467968559265
100506305,0.0733234266047182
107075126,0.0683477895576427
402220,0.0240097576149657
646890,0.0946095302476571
100507487,0.306217906758513
100421429,0.0082850342053478
101928893,1.01566528455029
105374716,0.0152643844692303
100422204,0.222611650317663
107075171,0.0780798702999492
6952,0.0254249141756302
26645,0.184205870750288
2297,0.0410354741801234
100131366,0.184539174505137
100873257,0.0794068242501354
28893,2.34753061317157
442131,0.0693069482704467
105379109,0.0617961599388916
101927565,0.051284114267885
441046,0.0049806933258769
100507437,1.61987192811787
105379178,0.0573349127789155
105377443,0.0175101773978301
105369360,0.0493229014588557
100287427,0.0606346453732357
106480242,0.158808484775876
56137,0.0761805481519545
100421311,0.0805425329522405
390667,0.0463724718392014
106481513,0.324713451809853
106481181,0.366525650505565
106479941,1.12332952909679
100873477,0.594887056678489
106479733,0.322058138972838
677772,0.362020551307388
106481453,0.54166294456757
107105253,1.06170359320931
106479824,0.350370297435576
106479839,0.309639593750988
106481525,0.942185171689884
106480077,0.322058138972838
106481866,0.470622369702958
677775,0.590422584710163
106481163,0.774588262957473
100873708,0.307217457254006
106481309,0.883642956714415
106481327,0.324713451809853
106480686,0.863545774701242
106481561,0.545406615249898
100147766,0.476348304387361
100147827,0.465083235124783
106481652,0.194968321469421
124904115,0.441784866032663
106479953,0.312054193765089
106481623,0.473490911683664
106479969,0.31700187249262
106481602,0.34141239336192
106480026,0.83511671515281
106479618,0.322058138972838
100873648,0.285365737248928
100873867,0.506846100368448
106481208,0.312054193765089
107057644,0.253619217745834
100313840,0.327359666175908
106479654,0.327359666175908
106479622,0.853879845445667
106480630,0.899457633597137
106479802,0.31700187249262
100873316,0.590422584710163
106481804,0.459735558304164
106481276,0.312054193765089
677681,0.845334127774537
106481780,0.523609481701227
106479923,0.530737052339472
106479554,0.724898852128431
106481876,0.309639593750988
106479865,0.826110449427039
100873309,0.300337442556257
100873694,1.15354335779262
124900433,0.376891586812411
106480815,0.476348304387361
106481919,1.06170359320931
106479822,0.564947866396284
106479678,0.717084092587811
106481451,0.992302220279248
106481287,0.749512260259744
106479737,0.314461298270953
106479099,0.129567571269748
677763,0.587495684259792
124900437,0.307217457254006
100873849,0.136136880643432
106481354,0.291505430826337
106479903,0.971557503205306
100873732,0.917686929322784
100873425,0.319534136898407
124900313,0.403650707715955
106480104,0.319534136898407
106481950,0.330135385465491
106479113,0.279325370744648
124900446,0.262734843251438
100507403,0.166000325304114
105379224,0.135252207441062
28380,0.750823481197486
28416,1.69934401543378
100505659,0.129924017888448
28372,0.145456075290178
28798,0.27740036437491
26025,0.316719997701522
100507420,0.305503153895021
107986494,0.0619895891189751
106479020,0.531689144134205
100286997,0.412031833611392
101926956,0.192002317835344
100874323,0.0473570995805846
28897,0.117717212784645
124902033,0.0579181636361618
338097,0.0491265280900879
28413,0.672888643494807
101927963,1.6697288225962
105375924,0.0829979322484961
345430,0.0308612972995617
28763,0.742293111446762
28431,0.0947954893080635
28422,0.221339473426536
28406,0.738379347051231
100127983,0.23412737909234
112441434,1.14734400704596
124901899,0.156569482489693
28463,1.23942150998843
168455,1.45030594023234
3206,0.354273472688706
101928093,0.0465694896604753
100128126,0.0175101773978301
399474,1.13725774342528
56100,0.249021632736274
647174,0.0152643844692303
149466,2.41724737763336
28382,0.288002944355383
644660,0.672456123899368
100422265,0.235691974593381
392266,0.018529029376588
28374,0.13948994736026
107986474,0.153805305216018
55000,2.160754564165
28430,0.110633677154773
28899,0.460784896204061
388610,1.95397422599594
28354,0.330135385465491
105379194,0.28653892778617
101929897,0.0841287540882683
105375706,0.0467664613262632
28929,0.444290923284619
100750225,0.18919102391088
28441,0.555806476430839
28806,0.271746180687016
28812,2.59377298126076
100507341,0.0402419221072167
100419979,0.128854213171788
100505739,0.0242120678044732
56110,0.135606191401068
101929450,0.0828093123943021
28939,1.71149801119426
100128541,0.108807543305086
342538,0.257430204361254
124906002,0.0801641354811421
93668,0.0128076294222381
107075116,0.2083432804442
56108,0.0432138940104846
28421,1.37657147416099
100128993,0.0658488120877697
100422441,0.0348658102965977
101409258,0.129745813935983
347051,0.411285085014733
124902013,0.0619895891189751
143244,0.515762754990545
105379350,0.620348391626558
101929191,0.0489301088118718
101928033,0.0324653828330247
346702,0.134366577733776
124902018,0.0841287540882683
100505718,0.0410354741801234
107986952,0.0520673186640733
101928136,0.111180730269128
3498,0.0596654842894622
104266957,0.0479473231186116
105375623,0.211410782764714
101926977,0.396065168636065
28470,1.09681134159434
440138,0.623606254045554
100507316,1.38532352136279
552889,2.51859500902426
5591,2.33052308819027
373861,0.195625951238843
56109,0.217350800523257
100874051,0.0438070313509447
105377730,0.0675796689626678
106481281,0.309639593750988
100288181,0.275619230518917
28417,1.26223993286551
28765,0.266351775393626
28453,1.90268796958903
101928058,0.125457270894805
100616530,0.109173093423369
101927413,0.0400434172142254
28824,1.09108225190962
124901990,0.0432138940104846
440695,0.0374585887741673
100287016,0.701343700766687
100507156,0.0408371562480633
56106,0.221816777530107
105375645,0.0725598717535938
157376,0.0244143296379668
56105,0.116087946291009
28446,1.61605910830661
56103,0.146504413757989
346711,0.0822431961241168
28415,1.30004549946133
101930275,0.0754196057556881
105375666,0.339909191547701
8641,0.0453866897349848
285593,0.359891262560934
28443,0.357488693494683
137075,1.75662470000514
105375726,0.112637767504033
105376541,0.467973398410483
101927752,2.21248973701286
28920,0.533273173532636
102723885,0.0670031148207685
339324,2.05676277001973
105375878,0.0869490986322006
644937,0.398602174265891
106479037,0.308358227609368
3499,0.119162748298756
107986962,1.13771074293088
3541,0.496599149544295
28469,0.630812336769254
28411,1.70875831767672
4067,1.74981013869872
54984,1.3349735873706
28922,0.717489139000435
107986980,0.0031163460570424
401463,0.0221867865316464
100128750,0.800749767662763
107075128,0.0348658102965977
56099,0.571777735397784
927,0.022997480615535
286178,0.016081724652309
123466212,1.81530514727783
106478952,0.0910683626288553
28926,1.13647444294413
103164619,0.035464851664874
28343,0.40465636498684
28471,1.78252926851135
28407,0.984718960259217
728888,0.0784592157513684
101928154,0.256973856290608
28888,0.271746180687016
56104,0.0410354741801234
101927039,0.0744674501196066
101927115,0.0074601518934053
28427,0.487106039578701
105375624,0.705230798168848
105379301,0.0154687933557568
56112,0.0635354152782802
3527,0.119523735885593
101927003,0.0219839916622789
728638,1.73678166485024
105375903,0.10238409192168
105377728,0.0177140457770852
101927815,0.0154687933557568
28383,0.580421287233424
28361,0.547684832596769
107986951,0.0875120208953502
124901882,0.240988657031606
441355,0.0058079828238362
100133311,0.0459782976541651
78998,1.78281898966496
28393,2.19368317799406
100419574,0.19595456459155
8596,0.042620338349058
100049587,1.22937755685749
124902752,0.0338664618273812
59351,0.015877463426456
100130268,0.06565627325421
111082977,0.0797855659595778
100133315,0.212698854390062
91056,1.94742910036959
105376114,1.16366183879096
100506082,0.426202556890197
100420015,0.505641591671544
29082,0.62249098476455
100127938,0.0807316672117631
89858,0.0336664500279098
123706543,0.150336841365798
90024,1.84773302967165
105376607,0.287124863528203
132430,0.218629344999603
100874013,0.124740331349873
390102,0.0534361704016004
103695435,0.0294552189612712
54551,0.233814089985744
644169,0.822735037986765
283106,0.191341719148878
123466203,0.0246165431357565
387820,2.04622526720599
728975,0.92396141344551
100422558,0.0136273381928503
221122,0.0487336436053482
100420018,0.0238073990491231
124902723,0.13383474003178
348156,0.0154687933557568
129810502,1.8658131641689
8790,2.10081778246305
109729147,0.0563619252247972
126568847,0.0710306629776471
100507392,0.263187869494212
100423062,1.4227951111978
101927702,0.172114443173016
10823,0.0396462670429822
92312,0.717165121337475
100131842,0.0860100466169922
729561,0.588472665954989
100289518,0.561203908318011
692247,0.165488728991579
5003,0.333453109401011
100287896,1.33310382049452
387751,0.366525650505565
642799,0.0276439590910099
84769,2.20324832691662
105376671,0.0495192289370227
503838,0.391732587959562
100420020,0.114818507485862
101927503,0.485643222494386
100499484,0.0627628591308276
100422398,0.0557775902066152
128071540,0.233030326569747
729991,1.27710660060711
101928823,0.0260306859239784
10072,2.22758186601349
100534593,0.116631393300044
404734,0.0579181636361618
3846,0.0957246593932778
55845,3.10393981539566
100128233,0.0300581105554705
105369317,0.17464843968899
57653,0.0056012358560772
100132923,0.314602660100011
106480295,0.189522274027775
105369557,1.795310313488
100873989,0.0082850342053478
101928837,1.20552007305954
100288097,0.0308612972995617
57132,2.11379741642323
105376620,0.0248187083181388
124902718,1.65802696998663
493861,0.194639304860019
100532732,0.0191397532419228
255512,1.68445386195115
109703458,0.041828279182458
100874358,0.304930877856553
101928944,0.0497155105434259
100130274,0.0298571944893556
109731405,0.0434116529118274
100129032,0.13807980370917
127138868,1.14311888588865
8587,0.0858221088259321
283194,0.108624707531728
105369525,0.191837218964394
399959,0.284484687896737
253665,0.284631598389815
107984365,0.271746180687016
105376662,0.0199533676763937
100526771,0.0314631865193807
171391,1.3333343052206
23741,3.013218741006
81210,0.0072538062085478
101928894,0.0708393147493007
100421860,0.116631393300044
124902694,1.87457600610114
101928424,0.856178933480336
79400,0.318128346411239
107075265,0.228784605339793
105369318,0.0837519842731955
107984359,0.335657012091373
101928813,0.0225922306114602
101927708,0.387888980590445
105369413,0.279768932276183
8843,0.236629254929075
255480,0.477602044596656
56145,0.120245236362853
55096,0.501024124224095
101929089,0.265900566771856
401677,0.043016088629042
105374419,0.286685452901488
124902632,0.101646795135895
102724064,0.683528616022683
101929549,0.0619895891189751
105375743,0.178518556632045
123466204,0.762206657451427
100507144,0.0687315852068485
728734,0.0336664500279098
81488,1.71418164486704
128385377,0.317987626794701
286103,0.245633004187615
91893,1.07967995367436
100420899,0.0761805481519545
28693,0.261676767701005
254559,1.19379154462519
401258,0.0979504261429475
54661,0.0258288102084853
731157,0.298752165359228
84983,0.283896769884373
123706542,0.0364623094604789
9865,2.15435179887494
400046,0.10219982932161
23642,1.53261137618971
100885789,0.189356665990483
100130776,0.412031833611392
101928554,0.16651159931817
105369723,0.0861979419229091
105379407,1.66075669996543
196475,0.0039454490619983
79549,0.0284494427319338
347265,1.5847716697054
497189,0.0465694896604753
259295,0.24948259616947
100506649,0.57137778890669
283487,1.27234714925383
103752584,0.0949814066654706
283320,0.0368609624667365
101927901,0.0376577034343075
1548,0.426568659244427
102724265,0.181701696408689
101927540,0.090507846716347
645328,0.0641143646112851
101060038,0.0298571944893556
1519,2.65880448401873
84334,1.45436877133347
10597,1.57182382364901
161582,0.385959827647068
9668,1.69143253730505
112268105,0.297452715618942
102606463,0.18153447501312
100996671,0.0219839916622789
105375015,0.13807980370917
100862680,0.0221867865316464
101928940,0.009315012732202
7556,1.27630558464375
90649,1.56347425979138
85027,2.13684133623135
400011,0.119343261883879
105369807,0.0213753154909553
3145,1.69270841623255
7768,1.03344772871398
22970,0.970302115471156
105370635,1.12104557195009
100419700,0.0635354152782802
259290,0.0384536920503017
105369728,0.153459122424876
27164,0.010754888621307
28675,0.110998419529435
11232,1.45436877133347
100422382,0.0725598717535938
100129361,1.67648458567661
100506691,0.641845322195157
28692,0.647072273726044
101060006,0.13401205762286
79290,0.0294552189612712
100996246,0.973408585292776
100132086,0.0801641354811421
100996333,0.400373012250853
124902904,0.0780798702999492
100009676,1.31418107196757
105369378,0.30105695720239
387837,0.0103437444480222
105369804,0.268154026302202
59348,2.03349307868155
105369332,0.0990610707966686
100421622,0.0654636900743731
123466205,0.0455839386189831
101928290,0.98690287812775
246744,0.0858221088259321
56242,1.81928857799827
390340,0.0546076972506679
100130111,0.0288518968796068
388327,1.05523957022218
84290,0.0390501905320824
105369323,1.0483202142824
338414,0.083940390516352
107984516,0.01219232802879
124902683,0.147202558931156
3240,0.622583991980626
100287837,0.731990070710022
102724165,0.0567512557756906
105369635,2.17009223004248
57189,2.33958215942355
26065,2.53398285436792
283948,2.02842166294837
105369739,0.0266360241092229
100128191,1.36287268683633
100506606,0.109903708386309
283459,1.8493520153248
105369848,0.0903209239347336
256021,0.631730823909809
100422296,0.136843931739014
101927653,0.0091091168566818
100288798,0.704735812725108
100506551,0.009520858735307
105369911,0.137020599151987
101926933,0.658027943819057
644584,0.462646711092966
100381270,0.015877463426456
8972,0.0918151287903754
283335,1.28388330807609
120766144,0.296151094790978
2342,1.44565484413349
105369791,0.133657384064197
729747,0.459502169492212
100420981,0.7434627851835
644998,0.0534361704016004
100287944,0.0164900995891271
124903398,0.433248904925086
105369865,0.21751073054341
101927318,0.0252228938178094
90589,0.0179178651438874
8693,0.124740331349873
112935960,0.537899655352364
400036,0.0633423431029015
379025,1.65878113619455
646828,0.0670031148207685
100506125,1.18933832385296
109729127,0.919765677467125
120766146,1.17286768854624
100506844,1.2655210105578
151534,1.08556664914191
255783,2.22297112878921
10330,0.640668333870715
93432,0.0888240246898696
100420011,0.107160562124483
124902964,0.0152643844692303
728698,0.123124926797672
120766150,0.254382888076708
101928062,0.166341210435776
105370000,0.148597060175241
100421413,0.0998006737938156
101929110,0.0123974780415539
100294713,0.0673875284399155
105369758,0.0852580403731478
1523,2.00018207643228
100134934,0.0308612972995617
100533970,0.120245236362853
106480680,0.169402748021536
255411,0.0586952005206574
120766140,0.251323767726425
106480199,0.168043491126138
124902988,0.0128076294222381
105369779,1.65352025337861
100286844,0.264093140907162
130075,0.0193432301006561
102723757,0.119343261883879
102723619,0.0790279102152443
105369897,0.097765173807287
643246,0.611144754137375
101929162,0.117536342262086
102724933,0.184872340656819
23601,1.48768392712642
105369980,0.016081724652309
101928731,0.0402419221072167
283404,0.0348658102965977
91612,2.26170529720375
105369920,0.1830382225432
124944,0.30378506014156
105369740,0.0910683626288553
105369921,0.0888240246898696
51750,0.0831865093464727
100532746,0.0286506937617837
100506999,0.0136273381928503
147660,0.15587931748459
64146,0.302637551273693
100419503,0.0710306629776471
283624,0.471771129278748
105370404,0.0934928992017695
101929718,0.0404403802309502
101927129,0.009520858735307
283553,0.015877463426456
105371008,0.0600532833173621
246777,0.280802933544676
64150,0.120064920542551
145200,0.117174481993116
105370460,0.0306605722017031
101928969,0.294702295350584
100505967,0.0089031710875008
101926928,0.011781879253164
101730217,0.0128076294222381
101929107,0.355748794215813
102723742,0.011781879253164
100506498,0.0658488120877697
390502,0.0420263638480368
100885779,0.0103437444480222
105370479,0.188030575137308
101929080,0.172114443173016
100529257,0.0282481437700031
53840,0.0992460334971177
105370526,0.0826206497668653
104355139,0.423512311032106
100128373,0.0449920531388688
727914,0.0342663432615378
196872,1.60172541615641
100129794,1.0660515543054
100507118,0.046963386855558
102724814,0.0244143296379668
319085,0.0334663908138561
101928767,0.0893856781967923
145216,0.126710411468181
112268124,1.14782950944052
100131369,0.031262604438497
105370625,0.324713451809853
390441,0.0811098068644656
6038,0.873322827966545
102724190,0.455523240183105
4157,0.335244260688749
319112,0.0272409292764164
283587,0.058501008843608
105370623,0.598746353342536
90799,1.38924355161842
124905956,0.035464851664874
102724380,0.0097266548872287
145195,0.0334663908138561
400236,0.794216328820594
105370525,0.15536130946066
326323,0.0238073990491231
100288846,0.493597040870968
10381,0.0268377072511832
100418877,0.229099881290841
106479036,0.250250272046083
388021,0.0294552189612712
101929422,0.0408371562480633
100526835,0.01219232802879
161159,0.224516118861227
100506476,1.61855070487489
283547,0.202824585977597
112268136,0.120245236362853
100528030,0.0497155105434259
123466206,0.20119418856018
400208,0.0286506937617837
28652,0.297308198412834
105370654,0.0473570995805846
100132142,0.0510881989588056
102723809,0.362684737446192
100506321,0.134543780282725
100130933,0.291796596737495
105751187,0.0445972313113895
100506433,0.0244143296379668
145820,0.101093391034403
102724015,0.693250301194327
353163,0.055972413796195
100506411,0.970247474909738
101928909,0.13631370066278
319099,0.130636446855533
120766138,0.0882619910836516
105370764,0.222452739113652
124903564,0.30521706855402
105370802,0.0166942133416963
101928499,0.0126025784990239
3690,1.36472028963744
645405,0.276361861281503
105371022,0.207210180079314
643664,0.0681558255976688
101928227,0.198742368383381
105370681,0.0246165431357565
109729174,0.0687315852068485
100130855,0.16855347950014
105370781,0.10238409192168
109729181,0.988548939162196
728121,0.0342663432615378
100129631,0.105326723309871
100533106,0.058501008843608
100505573,1.48174085545343
105370921,0.198578647323509
101928988,0.13807980370917
107984761,0.440349029066147
100287243,0.0412337454202869
100996492,0.0617961599388916
105370906,0.0322650387162132
101929439,0.0168982779780871
145694,0.381439265338426
79178,1.83851834516395
112543478,0.240522722227893
102725022,0.269503008974023
101927631,0.498704362578854
197003,0.0483405753318879
390601,0.354810282605138
102723165,0.046963386855558
107984757,0.0735142061810224
26589,0.327359666175908
101929560,0.385959827647068
100419668,0.440468788138026
723972,0.105326723309871
101928414,0.0888240246898696
101927751,0.139137639219655
645693,0.158808484775876
100289303,0.28050764386497
105376713,0.076750799447613
100420100,0.0681558255976688
642366,0.0221867865316464
253044,0.0288518968796068
100506686,0.971230259084898
390714,1.61093681484284
7190,0.0491265280900879
100131623,0.186369888167896
101926895,0.466240660987315
100132824,0.0906947274148189
283710,0.856310060822891
101927606,0.0171022935190702
102723640,0.170590231281182
101929977,1.68494203305267
146429,0.0150599263207783
100505942,0.0850699324727219
101928188,0.356552316827823
120017342,0.032865928486596
283486,0.0346660352741282
101927650,0.0951672823362936
123706547,1.03781186427205
101927793,0.0510881989588056
101928363,0.236785360833274
115409980,0.0835635353418218
105369971,0.0891985025665453
729652,0.10404061055807
100418951,0.17042069729137
100509620,0.0376577034343075
105371049,0.0561671921294347
283888,0.0875120208953502
29890,2.12326615573759
100507588,0.230202364696839
105447648,1.58191730014122
105371708,0.0232000328901817
100288911,0.642116651308101
3217,2.06653035436683
647979,2.96721740378333
100506655,0.0099324012091867
100194426,0.0951672823362936
100132289,0.0181216355189445
101928736,1.06614470714407
105371240,0.291796596737495
101929224,0.14964137415928
729597,0.182704298338963
101928698,0.0681558255976688
101929440,0.0999854713451175
105371279,0.708931698356457
124903667,0.946346231021005
100302666,0.0946095302476571
646665,0.095353116336939
107075134,0.0348658102965977
101927460,0.0051875911285856
105376323,0.500472469635826
399693,0.0338664618273812
102724163,0.179021991902692
729313,0.147900107438903
23732,0.0103437444480222
100134229,2.17495765203462
119863865,0.501024124224095
100527963,0.0390501905320824
119746555,1.34088405346537
105371416,0.672196481077884
100507303,2.63975935927549
105371129,0.0551928477150357
119863864,0.0171022935190702
105371414,0.386474749442783
650474,2.30604946167247
101929408,0.0191397532419228
4360,0.42044341734984
124903619,0.0168982779780871
94086,0.520931817139425
119863870,1.32159622140006
80072,0.414887504940699
147429,0.0320646470462866
100861549,0.120966104722507
105371184,0.144581430654289
642658,0.373102764223959
101929387,0.0794068242501354
100289092,0.743852221625174
102723510,0.415383035402473
105376144,0.0508922379282558
100506581,0.159152400353361
100134444,0.0181216355189445
106144584,0.426568659244427
102723322,0.074848442848116
100127965,0.197103654923728
105371423,0.0111658338983268
101927809,0.277696827083708
124903770,0.0078726930921942
123706523,0.210120634840707
282566,0.192497411415927
102723166,0.155188566852407
101929124,0.162754757317783
105377205,0.0598594062479726
102723647,0.447856393286135
105371251,0.0479473231186116
123706528,0.609630563067288
388248,0.0693069482704467
197187,0.38660342517717
105377342,0.0812988122919001
388254,0.0575293748341413
100653233,0.987221818801142
100421431,0.0820544050747075
84210,0.0062213260747212
119863861,1.1131085289899
124903624,2.482369440389
100505915,0.115544140550898
124903732,0.0199533676763937
101929634,0.0610219959658159
150967,1.49754956918971
115804232,0.200377746521085
107984643,0.222929377772849
283932,1.17933050717324
123706545,0.617450110789026
100128905,0.0617961599388916
129810500,0.584851068319661
100287559,0.0236049920866109
9236,1.72545564270553
103344931,0.633014671777977
100131250,0.110816068496528
101927273,0.0144462560950847
644242,0.668202932879431
101752400,0.451050725252014
105371264,0.01219232802879
105371074,0.169911882448397
105371046,1.20562955015227
101927957,0.0252228938178094
119545627,0.154670119035868
6818,0.0154687933557568
100996255,0.324713451809853
101927087,0.059471517423572
115830329,0.748043717867816
112268176,0.0491265280900879
101927155,0.200214358457645
100507421,0.124022765722675
101927863,0.233343924672305
107986266,1.02272151874863
100506070,0.0471602662673416
105370941,0.382862922017068
400406,0.0617961599388916
83481,1.22976190778846
107984827,0.0826206497668653
119545626,0.143004706485185
102724344,0.121506341749418
102724362,2.273776523656
129810495,0.0696903035798559
100507599,1.04649342132123
101928076,1.39872392152695
728276,0.0893856781967923
100194425,0.186369888167896
100507290,2.01665273072486
101927132,0.0132175827499873
23246,2.18414833470314
102724940,0.0123974780415539
105373058,0.181701696408689
100287036,0.057140405596366
100507679,0.0066344685557293
105371374,0.169402748021536
105371286,0.073704942137793
401720,0.0408371562480633
105371401,0.318690969136861
100128079,0.058501008843608
105274304,0.276213391367927
728178,0.168723404379721
101927288,0.051479983874231
5175,2.4444450726618
100128881,0.934878724792218
102467146,0.0203598820990786
101927227,0.13737381964589
101928035,0.0211723261778742
100529145,0.0402419221072167
8918,0.0528497930137067
119545629,0.349154910284944
102723692,0.219267850494214
100128822,1.57530687436513
347688,0.546753709509105
105370887,0.0495192289370227
102723385,0.0588893471988714
119545623,0.21253795878428
112806053,1.21725612945483
100861547,0.0677717653179942
284648,0.134720944513396
100129339,0.113728858571093
105375538,0.0342663432615378
340393,0.0352652184723042
100507050,0.115181403890476
440366,0.04578114125236
8139,0.636487495946675
101929144,0.025020825205399
128193289,0.085634128532859
101927009,0.0203598820990786
107984714,0.0499117462968908
102723548,0.0164900995891271
102724907,0.179692751574496
145788,2.03958824753225
101927726,0.129210969736922
123706507,1.01505658694702
102724097,1.30919941616603
83482,0.189025347776694
390581,0.0790279102152443
3250,0.0205630661837875
727701,0.0473570995805846
337873,1.17495313541191
653061,0.0362629122582597
283867,0.380402196874269
100128882,0.103120732107382
119139906,0.0126025784990239
100506083,0.0865736051467432
728498,0.136490482508856
100287616,1.31328423121386
197331,0.201683655587212
728138,0.535484977635684
148189,0.828784478610217
105371361,0.273536117035666
730183,0.574571073871597
100130950,0.602775968276212
105371798,0.330827756885505
107075118,0.0272409292764164
400627,0.0990610707966686
56107,0.313187880033229
106481699,0.271746180687016
124900372,1.08484532472885
101927727,0.0927476423604853
100506388,0.20217282435688
400500,0.058501008843608
107075169,0.0992460334971177
119139903,0.655016896923324
283875,0.462530485160077
100130566,0.51457296430215
283887,0.537585156713962
119139905,0.848328137469355
101929726,0.754894906457857
102724927,0.477260327696232
101928738,0.165659296928695
105370109,0.815372448514966
56102,0.0648856742777243
100130370,0.0213753154909553
79585,0.831106695336514
107075232,0.0573349127789155
4321,0.518782524958
100129781,1.0351187010727
100507501,1.42689416298019
105371055,0.208181507038274
643669,0.106977361309365
100421621,0.19956047362333
644253,0.175659821599347
100128007,0.152766315216847
56111,0.150163030160434
101928766,0.133657384064197
10418,1.66990184288978
119139902,0.215589454345671
101927788,0.160869799734704
6182,1.68659783608503
101928855,0.0123974780415539
147646,0.1272468869287
101927911,0.818577797162397
107075172,1.19791359517341
100533619,0.0645001083526856
92002,2.12229956589665
101928266,0.0548027927666294
2969,1.46500630492165
10780,1.40256812349508
119139901,1.43784467999409
124903629,1.20471658081514
100294362,0.340182719802318
100507458,0.966355475426881
105371083,0.628326349771604
105371062,1.33763726143516
644397,0.0156731530012164
100820829,1.05348161392334
100287461,0.188528114923824
645443,0.0262325134658017
388363,1.99773633149345
101929566,1.12707413132914
102724508,0.628879558961714
202020,0.95832944017176
653505,0.165318125203912
100616306,1.4510616682594
101101775,0.057140405596366
116435298,0.386088590937754
220158,0.0814877748095437
106481111,1.21370742295566
10929,2.37473279640551
554282,0.0671953437318986
9641,1.0762566448536
102723641,0.444648242112615
4477,2.35817928046349
100616274,0.391732587959562
100847010,1.43390530329431
100423023,0.881945052962374
105371907,0.297308198412834
6030,0.331934259048962
100422953,0.677456639154821
100500844,0.330135385465491
105371956,0.0060146795562324
100422966,0.628326349771604
339290,1.16204709903081
112268184,0.147900107438903
100616479,0.395556741989347
100287042,0.906280137896851
100505576,0.327915609696862
100422656,0.074848442848116
105371887,0.0440046509270564
100846995,0.717084092587811
106480930,0.245787347854087
100132977,0.41674405754273
200030,0.398602174265891
440712,0.504435084361618
106479362,0.329165019660446
106481108,0.124740331349873
340811,0.0662337567877756
100616469,0.689462664829548
106479346,0.125457270894805
106479389,0.131703931397248
100847075,0.988336794635682
100616187,0.384154838540883
105371722,0.433248904925086
100616351,0.412031833611392
100422943,0.420689392641226
100616262,0.470622369702958
653268,0.278733564511476
728113,0.940639029947822
104968399,0.0723688738166034
400657,1.06805109747252
100129878,0.259707993057068
128667226,0.0608283430685188
100131655,0.870379794452015
100616417,0.391732587959562
388677,0.0398448655326076
100423020,0.353467550810544
140735,2.60680777990052
100422904,0.520180290891491
100616384,0.363082971728615
4622,0.0066344685557293
100616117,0.633381050508079
114515521,0.154324303695133
100422879,1.19379154462519
56957,2.10052488104417
100421525,0.216070206609754
100616175,0.395556741989347
113523640,0.32401556963088
100422981,0.444290923284619
101927688,0.296729861378886
101927150,0.538632950996142
503645,0.294557267217888
102724246,0.215589454345671
128385369,0.131881710470116
100652770,0.0322650387162132
100500908,0.366525650505565
106479306,0.123124926797672
106479291,0.14335535267636
400612,0.0221867865316464
102724397,0.0959103684817372
101928251,0.0164900995891271
101927877,0.0219839916622789
106479317,0.126710411468181
124904048,0.630812336769254
106480989,0.416373114730743
100462792,0.232716604719211
100500904,0.304930877856553
2702,1.93172239192514
100506779,0.356284569791138
100616247,0.573175777879439
100421589,0.146679006037627
653145,0.366657751170762
5949,0.018529029376588
123466215,0.306503623886289
100423043,0.376891586812411
105371734,0.120966104722507
9939,2.22329003711033
204777,0.0897599029245919
124903956,1.42917037017679
106479477,0.132947576137209
100422965,1.6629872353548
100847004,0.295861550239592
100287932,2.81637308855613
728606,1.00944795850608
100616208,0.395556741989347
106479517,0.1250988793227
100616227,0.387888980590445
100500850,0.956655706168058
105371941,1.10239696928973
100616249,0.416373114730743
441263,0.0368609624667365
729950,0.0380557917082188
27246,1.9790336457387
105371969,0.0142416006900836
100847048,0.420689392641226
100132417,0.492258797116807
106479460,0.124381626856512
110091775,0.148248658222698
100847032,0.643832606108194
100616374,0.779845513805115
645668,0.029254159459327
100616318,2.13587027458382
101929693,1.12286501378238
6139,0.692326379034071
100132972,0.42204081328413
92659,1.98520043393591
101929511,0.1426539097765
105371855,0.361887644665966
109617012,0.399614591137636
106479459,0.124022765722675
107985181,0.127068100716179
118738,0.146504413757989
101927989,0.708603547835007
105372009,0.0769407965432616
106480935,0.1250988793227
100422860,1.07469813176135
9554,2.17188557607477
100861412,0.965309746511104
101927715,0.0089031710875008
101927018,0.147725776200425
100500802,1.48747139135277
100847062,0.503556365855684
400643,0.0082850342053478
646595,0.208181507038274
10628,3.06194639704634
101927496,0.169402748021536
100500854,1.14539784532324
100128893,0.025020825205399
100616194,1.56019509347863
100500819,0.391732587959562
23380,1.12100319079466
101927275,0.504983744907689
100616165,0.416373114730743
284167,0.159152400353361
57597,0.38686071103408
106481079,0.415259183488493
105371773,0.13878517930746
83593,1.31007308525653
100847028,0.83970771788629
100419893,0.156741932338775
100462813,0.115725449015596
100422939,0.454466400315985
92335,0.310918847596584
100423037,0.599419560832646
400660,0.182704298338963
101927481,0.437709438269741
136259,0.0113712320035829
106480489,1.3751115131022
100126313,1.41326378736607
100847022,0.556930058220228
106479410,0.140370054462992
124903957,0.358156832154763
100616114,1.05157522591809
284565,0.851308244509486
100996361,0.0463724718392014
100500889,0.287417666770059
101928235,0.179357441318622
105376843,0.587495684259792
100422892,0.373364669696793
8031,2.849866856678
106480952,0.123484180058323
106479403,0.124740331349873
54460,2.6774692809853
100616178,0.454466400315985
2662,0.349425163005487
100616490,0.384154838540883
106481690,0.287417666770059
100423028,0.407790405772922
100616283,0.407790405772922
100616352,0.384154838540883
100500812,0.488117048898151
84815,0.812922961279741
100422921,0.380531908022198
80022,0.667767447848314
100616285,1.30004549946133
645545,0.0266360241092229
105371712,0.0975798800301689
100505592,1.37580219188681
101927571,0.251936539967536
100616323,1.17030827334796
107985305,0.705478155303392
100422690,0.0696903035798559
101927720,0.609630563067288
101928063,0.272044786889505
108783654,1.46671659999197
80755,0.111727420885117
101928674,0.735231765546404
106144598,0.152072918441974
102724908,0.0082850342053478
101927017,0.0195466581122431
100128568,0.966245482686036
112268408,0.0144462560950847
101927229,0.0822431961241168
124904695,0.361887644665966
102724684,0.0082850342053478
100505549,0.432159859804671
342892,0.539156276028947
102724339,0.0442022240997431
729654,1.75760637130678
100505715,0.441665318843957
100885848,0.682250291825281
100133957,0.483161008797495
101928514,0.0382547653609949
101927511,0.0999854713451175
339201,1.53232075129433
100418865,0.0598594062479726
147727,2.31751949393098
284385,1.07803926242092
100505495,0.635301376846182
100129975,0.396573252905351
101928710,0.0756099064785592
100507218,0.38621733232959
441795,0.0687315852068485
100507373,0.590519939438842
109729122,0.0897599029245919
101928602,0.415506866858674
400684,0.547994938320197
108903150,0.139842103843901
100421620,0.119523735885593
110806298,0.836673216924033
101927322,0.123484180058323
100288123,0.343185120122647
100996660,0.0483405753318879
100128016,0.0187326529005272
284408,0.689968902089084
112267992,1.42866809378609
728485,0.324852952603498
100130522,0.10090884072198
339524,0.052263005646635
118827812,0.0946095302476571
103689912,0.906098354897628
114108587,0.0986910213962365
105371795,0.615573855329391
100996288,0.232245789728658
80054,1.20023964161522
101927755,0.0368609624667365
728752,1.43586706309491
103091864,0.045189394581304
642290,0.141424934332517
400617,0.122405948971871
645744,0.631822605963728
647946,0.241919706165435
118827811,0.97849727914415
101926967,0.363082971728615
101927943,0.635483988591599
101928982,0.373364669696793
105372281,0.0526542428027862
105371828,0.0213753154909553
386758,0.74478594330504
100507433,0.225624961385223
148046,0.675478043014761
26974,0.66994211535417
100131036,0.0648856742777243
100506713,0.13507515807804
9294,1.76243475397927
100873202,0.810745686025963
117751740,0.636487495946675
112268243,0.0648856742777243
342732,0.238188934556376
101927151,0.567667579050338
284260,0.0037382490083226
100128144,0.315732627091811
105372147,0.115725449015596
123706506,0.0123974780415539
106480418,0.138432567508923
101928104,0.0320646470462866
101927689,0.156569482489693
400622,0.0366616595234452
390860,0.0352652184723042
112812,0.0288518968796068
1986,0.0735142061810224
7767,0.991669490949731
100288122,0.0358639763576893
101927572,0.699100569175882
100506374,0.197103654923728
100129556,0.0773206608342586
400685,0.723375253942241
388406,0.0600532833173621
106480240,0.347260467923601
124904642,1.05157522591809
440335,2.4543936903394
55957,0.315873757134065
4730,0.08431707500591
4701,0.48496708901164
100131691,0.787471295127667
105372476,0.273536117035666
100131496,0.131881710470116
646698,0.0266360241092229
56936,0.268603944429904
105372266,0.37623968825772
100422833,0.373364669696793
100505812,0.968770332523713
100506033,0.644734035644954
390937,0.125636408067992
149013,0.663747978411064
100421702,0.0693069482704467
111644147,0.97411487292401
100126270,0.0166942133416963
106481694,1.2321319441236
55879,0.0062213260747212
83757,0.0266360241092229
11254,0.189522274027775
105372321,0.895895247631726
100421706,0.0693069482704467
147670,0.256364981379205
100271873,0.0181216355189445
110806301,1.18982654094496
29057,0.0356644376201233
644656,0.540619562034321
100418832,0.057723791780431
100101266,0.286685452901488
93429,0.0386525717956126
54553,1.22442693739841
105372482,1.18283840731203
100312828,0.682420873373001
163007,0.443814230526589
100312849,0.846733069633102
645553,0.0238073990491231
100073347,0.0386525717956126
101059948,0.0869490986322006
400680,0.359091245639845
101928295,0.0893856781967923
100421699,0.300769231165453
106481695,0.243314232896899
100130086,0.0201566492701331
100312832,0.334555849427469
340096,0.035464851664874
91370,0.0491265280900879
106480283,0.349290048561239
112268252,0.470622369702958
100419847,0.116631393300044
100128054,0.0136273381928503
503538,0.790453462873102
79160,1.0197075762189
100289341,1.66251856334097
100421698,0.0693069482704467
125972,0.0544125563488178
388523,0.0284494427319338
123497957,0.114999975663909
100130490,0.0996158349795007
388630,0.706302027137963
100129976,0.0495192289370227
441179,0.263640635292044
115290,1.5266867838495
105372435,0.367581814957147
200298,0.137020599151987
122394733,0.0258288102084853
101669766,0.652705429721043
100129195,1.42794968563433
79917,1.43048348493301
8517,1.09085905499241
100293516,2.02275457224941
100312830,1.27547126224545
100128139,0.37113559236768
100507567,0.927543777478987
6689,0.0633423431029015
104472717,1.23770287233573
106144526,0.523181721321064
100507551,0.287564027265202
391769,0.114636999340892
84548,1.61919567705908
646557,0.08431707500591
100505761,1.4948557840384
106144593,0.307217457254006
100421701,0.0696903035798559
112268241,0.582295021443374
23619,0.0508922379282558
400818,0.374934210114378
110806280,0.150336841365798
105372424,0.0459782976541651
100421700,0.0675796689626678
401612,0.418965865718633
100422106,0.118801602317322
100887072,0.178350675185314
10984,0.0986910213962365
122539214,0.938916553672644
102724105,1.82647103903328
646862,0.382345538019569
112398,1.04219274353982
100533184,0.0290530521054448
112903833,0.420689392641226
124904535,0.20217282435688
100507423,0.158808484775876
102238594,0.0681558255976688
101928601,0.0225922306114602
101927972,0.576460313748026
440173,0.0154687933557568
101928659,0.603540902513131
100529215,0.105877302441966
101927837,0.444290923284619
101927931,0.678229317807757
152217,2.35181356093943
28863,1.27704256316618
152048,1.05727605390411
100289404,0.53873764648663
107075261,0.459035170531353
728841,0.70745376589979
105371745,0.0516758077965697
729565,0.255298318753209
100421695,0.186536110849583
100533676,0.0497155105434259
100287745,0.208666729285406
101928550,0.0203598820990786
105371242,0.0588893471988714
107075235,0.12742563422007
100288198,0.313895592919804
256957,0.0270393423001977
100289371,0.0497155105434259
100418906,0.0964672461846826
100420898,0.0869490986322006
28307,1.70750133927681
106480285,0.0848817820027076
100127906,0.103304789680298
124903031,0.747192028013338
390597,0.0714132279076869
401492,0.668551122118529
28439,2.71109414286737
105374811,0.267553734738871
401913,0.781539612787699
25832,0.654039913225377
9383,0.0130126308322217
8148,2.42519478712804
100422559,0.120605749496627
106481692,0.124022765722675
106481731,0.373364669696793
359780,0.105326723309871
246176,0.0903209239347336
100421508,0.100354942723344
146853,0.0366616595234452
101060040,0.0837519842731955
105377633,0.984185105579141
101929053,0.0873244225138922
319140,0.118801602317322
8370,0.256060367680391
91608,0.184205870750288
100421415,0.215909987982621
107075117,0.250403717835882
448990,0.0921882600032804
100631247,0.89466215207798
100418814,0.096838290181438
339929,1.07698863138301
118732298,1.13233403246391
2753,0.0352652184723042
105376412,0.0465694896604753
107984508,0.614727895834552
100996569,0.0148554188895284
100527978,0.231146136247595
106481966,0.306217906758513
101930085,1.68975324338424
388255,1.56318369623197
101927811,1.3229787244751
100422674,0.0588893471988714
127379725,0.0955389086838045
100652909,0.0205630661837875
132542979,0.163952002695106
100507032,0.37139817612181
140809,0.031262604438497
101926940,0.167533181874078
439957,1.3387502717912
101060226,0.0144462560950847
118827814,0.63457044951424
100128397,0.233657399112409
100419851,0.0637284429094406
106480690,0.155015787587957
118568802,0.220384007852123
100132406,0.316860947924899
79148,1.23708283974753
107075161,0.109173093423369
6352,2.37083817340252
100421704,0.807218539226076
105373509,0.132947576137209
106480286,1.6112155940589
100418892,0.096838290181438
128077,1.51742113595781
643447,0.129745813935983
284021,1.3554433866958
338758,0.368241174774447
100131953,0.089572811643912
105377023,1.53928580022413
117134601,1.44291768824389
106481696,0.241454318250322
339966,0.116631393300044
643031,0.0845053532862342
326286,0.0733234266047182
124907880,0.155015787587957
105371455,0.0240097576149657
729096,0.15328597584667
124900922,0.420689392641226
106481206,0.309639593750988
101927352,0.0378567710724885
105370158,0.849455583559406
101929623,0.0304597993916931
101928965,0.256821681598718
118597835,1.72308321480952
105374758,0.269353236274461
105378083,0.148248658222698
100873378,0.994931507826798
118597843,0.14598041277754
101929733,0.0408371562480633
102724708,0.393647085859411
124901355,0.0565566131007352
124901065,0.395556741989347
284615,1.62491240585842
26822,1.49898434964826
404672,1.73869868300496
118597831,0.861338124580555
101927067,0.0918151287903754
100129461,0.793783252723495
283481,0.427056516731066
105374971,0.116812462656807
124902769,0.2165506698612
123706512,1.04557791090636
107986571,0.159668001170828
105375022,0.62407042393374
102723944,0.689040512875197
101929243,2.31843075629672
101929704,1.80423651916064
105374652,0.100354942723344
11165,0.438190061097554
9757,1.80762245909292
767599,0.42522540587861
106481200,0.837888732829624
101929352,0.0152643844692303
100101267,1.72761281424966
100133941,2.94760059650132
106479504,0.125457270894805
100631383,0.0123974780415539
642361,0.838293395843008
105377750,0.804809131374277
123706533,1.67331973434244
101928450,0.275470619961327
106479605,0.556930058220228
106479528,0.243623794793028
105375168,0.34141239336192
401286,0.0086971754034013
100506497,0.469702069091038
389125,0.156224473136085
152687,1.57080604424779
127138863,0.710406408406071
151877,0.04578114125236
84740,0.0758001637739616
8447,0.825835564177035
123706540,1.17929225708937
105373098,0.28050764386497
124904434,0.966080456548874
57717,0.64913414783227
116435299,1.76873190647602
107986100,0.0400434172142254
100506394,1.34891395416915
317751,0.0473570995805846
118568819,1.53440933306095
118568811,0.550264954467955
101752399,0.0105493414072734
102723582,0.522967746151416
127379715,0.0723688738166034
84989,0.188030575137308
124900758,0.19595456459155
105369201,0.0886367224100169
117981787,1.35264714357115
105377540,0.282719606975591
55802,1.68081066710778
100130705,0.124919624893862
100506286,1.0925086903095
127138865,1.47526759456316
107986163,0.49058253748045
100128560,0.0346660352741282
101927824,0.0668108416886656
107985209,0.294702295350584
100528018,0.0166942133416963
118568825,0.440947631587311
80039,0.2349100619558
644619,0.297741669629291
26220,0.131703931397248
100129550,1.34182016968418
150590,1.55694830295655
101929351,1.02026126788841
101927259,0.123124926797672
2904,0.0051875911285856
147719,0.0183253569229505
105375591,1.12210408730936
101929607,0.120245236362853
101060684,0.711224303892482
105378482,0.276361861281503
124905134,0.701924044692863
100270804,0.284484687896737
107984262,1.10710498364804
124903889,0.0652710625303166
8926,0.686756362392828
440686,0.0867613730983522
112441426,0.0164900995891271
107984036,0.821283032879213
123706513,0.536535833563214
728116,0.0031163460570424
105375519,0.0668108416886656
25786,0.406287696260999
81352,0.0721778321548017
202781,2.00013656545125
101929497,0.348072945236848
105369563,0.145805671023461
118568803,0.131170362808316
105370169,0.0126025784990239
101929657,0.0344662129356738
8362,0.705972598686704
54883,1.95764917755414
100170841,1.6083872316419
9326,1.67897788883909
128667224,1.5861058570943
127379696,0.745873636862334
8342,0.0818655711838594
116435302,0.306503623886289
23191,2.30012723201984
101928504,0.939146494148436
8339,2.23696297669688
100421859,0.867616334164805
389856,1.75729909994351
124904917,0.169063147349782
6880,2.50105181190545
79159,0.335794546712778
28916,0.219586911868952
8355,1.1309610981833
100131832,0.0340664262320136
105370532,0.173804655004492
388685,0.172621877208929
100133121,0.0248187083181388
729438,1.27943876760181
256302,2.32515881283698
195977,0.0128076294222381
30837,1.55027537424871
101928796,0.0822431961241168
283683,0.0223895328412295
102724560,0.0296562306312831
151,0.305503153895021
8344,0.671416962085146
102465521,0.434577802329528
100271251,0.0479473231186116
102724219,0.0045667467349953
26149,0.837686305981431
100422715,0.0316637209677261
390660,0.0082850342053478
102466984,0.654661790177604
100129924,0.166170785768819
124904634,0.219586911868952
100130301,0.214306033037378
105372253,0.599419560832646
105378516,0.0306605722017031
101060376,0.512078892738641
81554,2.36675007726246
115891964,0.0936791088254262
107985020,0.798531409858282
28454,0.78249522226127
440804,0.0130126308322217
102465136,0.826110449427039
8348,1.16452638643427
107984539,0.0501079362162316
6368,0.0524586470199822
8353,2.06956944141032
28577,0.176501675312953
729842,0.205263987534888
111644144,0.268154026302202
414059,0.0278454019696254
112577464,0.757341112123861
106481086,0.124740331349873
85235,0.159668001170828
140883,0.106427514965708
4302,2.05268983869767
57223,2.28012924952551
11276,1.77713362834912
79873,2.09792310914164
7549,1.49094538625217
105370947,0.0530452976713926
106481103,0.233030326569747
6360,0.0447946653885956
100132678,1.1693746867718
94059,1.63604357695912
102466726,0.467858009288166
6351,1.02761190442348
100419515,0.708931698356457
100861430,0.0308612972995617
107987142,0.275767812929035
157285,2.28012333583834
154872,0.0702650067990862
124904882,0.0616026860516921
102466906,0.373364669696793
6362,0.287124863528203
8857,1.93890484759621
102724745,0.701011852574266
102724159,0.743229014254797
28419,0.431675328578997
100419830,0.0483405753318879
388381,0.12114622315791
101929125,0.132059451005708
389831,0.0138321417599086
100129722,0.311202839987139
402635,0.0449920531388688
389610,0.0080788886488122
100533643,0.146853560983701
100192386,0.0105493414072734
102465477,0.476348304387361
106481008,0.799319430855105
26574,2.36806314834593
8345,1.41274543478627
8350,0.510447692528484
6359,0.0366616595234452
28405,0.207695990740422
400658,0.641664377090753
100652758,1.87656421145061
102466657,1.16271718506697
28583,0.276064893344208
85376,0.198251105096584
101927646,0.053631538511365
57636,1.28851080212868
114791,1.6191312204258
105374989,0.0400434172142254
378825,0.510883037856332
127138861,0.16651159931817
102724594,0.218150130624384
5645,0.0906947274148189
102724428,0.713183223221091
11072,1.96717696501588
29128,1.87772765798066
9560,1.10918520638541
414062,1.04562613089332
100132834,0.0320646470462866
6029,2.53115344333218
101929494,0.173804655004492
8294,2.54239340041756
146850,0.613786740004145
6871,1.32121318685183
100506571,0.0298571944893556
102723475,0.122765516475702
8396,2.38608567134707
406937,0.790526029668898
8331,0.153805305216018
102465502,0.749512260259744
28574,0.474406486755383
6358,0.0242120678044732
3018,0.0788383885327216
440896,0.0191397532419228
100506622,0.0128076294222381
105371254,0.18002792277152
105370833,0.181199928331334
100419047,0.294557267217888
84055,0.0173062599854029
56101,0.191672086234452
28569,0.309639593750988
28902,2.5176629593219
102465861,0.744708183030237
106479340,0.124740331349873
28580,0.096838290181438
338382,0.662432183816689
1602,1.67432007041094
100421369,0.519643008068932
390627,0.180697848393311
353238,0.0951672823362936
106480974,0.558255652987272
100506422,0.0171022935190702
28401,2.73830359895209
101927697,0.0316637209677261
100271604,0.0735142061810224
28572,0.171945227830741
653145,0.186702299279471
8332,0.486543763551911
25774,0.0386525717956126
28576,0.177678800610603
107984588,0.256060367680391
102466865,0.324713451809853
8367,0.855982192066706
105370103,0.0964672461846826
112436692,0.897310330399569
102465975,0.742293111446762
3012,2.4510381802395
102723996,0.441784866032663
441250,0.758865429636769
474384,0.0893856781967923
8360,0.645994068488947
284098,1.8208082850703
100287808,1.11841202091202
101928991,0.0964672461846826
619455,0.0771307503330335
8343,1.08642206599221
150384,0.358957827966194
100420833,0.103856716718738
102465470,0.925197013660019
7703,2.17603597053693
106481073,0.1250988793227
105372703,0.018529029376588
390530,1.14389312635829
127138862,1.09950091097199
101929698,0.57437191366728
80725,1.48139660899509
128667229,0.335657012091373
440435,0.106060747329644
4082,2.81864216641148
101927559,0.641302345114946
93474,1.06497923576364
342372,0.0076664475141711
338328,0.924903045335857
102466878,0.376891586812411
110806277,0.13099242943963
4747,0.245478630433412
6348,0.444767310180947
105371267,0.509031014620212
440311,0.112455778548313
100506076,0.0082850342053478
115482688,0.7399476031409
28755,2.23897566734605
102724488,0.288733925393611
8968,0.330689332344875
5691,2.97598272910869
101930023,0.552835811844172
105377155,0.0927476423604853
6716,0.0262325134658017
102465874,0.391732587959562
284106,2.40088637299924
100420803,0.107160562124483
100462836,0.471771129278748
201299,0.551911366791006
28589,1.1959863385999
11056,1.56441736097031
101928230,0.179357441318622
104564224,0.0481439722271771
7554,0.893364800432513
388996,0.0223895328412295
641467,0.231931758133455
389741,0.395938094088042
6753,0.0818655711838594
28817,3.00068088006102
400548,0.0581124904196997
29964,0.0826206497668653
123706541,0.839303942689801
80179,1.42100036222333
102465842,0.513381217568209
79893,1.99243278792829
7772,1.45772178116181
100507240,0.0886367224100169
124902860,0.594015793931083
124902105,0.624997838042986
101929140,0.162069824011441
390332,0.12114622315791
102465255,0.403650707715955
102465491,0.482143128794543
100420263,0.0215782561623971
8335,0.20217282435688
28428,1.21471340965854
100420607,0.101462368225262
102724631,0.0064279224007442
102466197,0.434577802329528
79154,1.20519151220114
31,2.04793645918019
728229,0.0744674501196066
10002,0.372054239185769
8346,0.0795962166369358
106480951,0.124740331349873
102466225,0.384154838540883
102723859,0.0191397532419228
101928238,0.79284393818878
79922,1.78877016677779
100419815,0.114818507485862
8359,0.094423529467826
102465496,0.332901146639584
647042,0.0416301479021601
8336,0.606211632095657
105416157,1.50330467998304
100379571,0.60735312790469
378707,0.233030326569747
100289211,0.0422244019181622
8357,2.41436428611972
84311,2.63037255090772
28903,2.17595561388465
645967,0.485755850729284
124905527,0.0232000328901817
100885775,0.0897599029245919
144486,0.361089718328664
54508,1.10353388176277
101930100,0.221498606522835
100859930,1.50660682326786
83880,0.0852580403731478
124902453,1.15625933894311
122965330,0.032865928486596
401561,0.0459782976541651
100130890,0.14405619395913
102724859,0.0029089440711514
727919,1.08421343421052
124906280,0.0223895328412295
55472,0.938283776958108
64433,0.121866302736131
105372295,0.263942334595142
100132249,0.934067994902576
55451,0.131881710470116
100130148,0.100354942723344
105377031,0.0294552189612712
731605,0.0152643844692303
112268198,0.135252207441062
100129726,0.232873481118325
401105,0.14598041277754
651430,0.121506341749418
100507462,0.242849663208363
105379499,0.0648856742777243
106479105,0.205913243491814
641384,0.0183253569229505
102724023,0.652794475598011
285097,0.522967746151416
102724701,0.0366616595234452
64881,0.0166942133416963
100113386,0.197759541309304
146512,0.0588893471988714
84931,0.0211723261778742
102723169,2.27003913362309
730668,0.0914418297097786
102724200,0.454583901548814
100507117,0.161555744857729
731656,0.186868453469932
110806272,0.0602471155158791
100861563,0.373364669696793
101929151,0.0368609624667365
126661,1.29866334813865
100505839,0.0179178651438874
101928173,0.0528497930137067
440952,0.0942374869521354
79447,1.74347291868792
283267,1.33212313077172
399972,0.875362149087915
101928469,0.0284494427319338
644021,0.171775977135072
127841,0.462646711092966
285463,0.472459524939134
101927381,0.0126025784990239
283876,0.967399422816262
116828,0.322478006015617
100506776,0.238656241520586
283521,0.108807543305086
101243555,0.0164900995891271
101241892,0.280950536645067
102723099,0.969208376130787
100507178,0.219586911868952
124901020,0.101462368225262
105369885,0.743229014254797
100129716,0.0710306629776471
100846978,0.0404403802309502
724102,0.485755850729284
100506516,0.634113229197716
101669762,0.090507846716347
101234261,0.0443997508881444
100419743,0.068923416931643
100506710,2.23231511309632
100861504,0.0207662015448037
100775107,0.0561671921294347
100507173,0.355614791633749
711,0.036063467897197
101929741,0.0716044446446561
352990,0.238811949383932
441501,0.0193432301006561
107987295,0.0432138940104846
400752,1.20376549798935
28632,0.549234020727793
28458,0.789218597949437
57289,1.11721871586283
28633,0.868517382874558
359809,0.654572984923066
28631,0.868517382874558
28637,1.25318017756914
101927825,0.025020825205399
28402,1.74900345003642
140,1.63842935325531
102723170,1.83449854670491
100033411,0.0352652184723042
100129520,0.0156731530012164
100289097,1.08759060834845
105221694,1.45414139921845
122526780,0.171945227830741
28596,0.396446263913841
107080108,0.0534361704016004
729998,1.94973900583242
107984640,0.0532407567944813
105372705,0.55498821492949
105372480,0.528404409982386
100505385,0.229572561199067
100289206,0.0503040803202519
100507747,0.84766400744198
107986818,0.0600532833173621
111216277,0.0790279102152443
111064649,0.0882619910836516
101929469,0.476348304387361
100289279,0.022997480615535
124905258,0.0064279224007442
124900824,0.0731326033913595
100887080,0.139137639219655
100500880,0.34141239336192
100302261,0.64922365520783
124906339,0.608777391227574
100422872,1.53493006090294
112441442,0.491141718066114
107983988,0.010754888621307
100420413,0.0916285002418245
100996481,0.221021111993137
109729170,0.259404667743331
101930276,0.0060146795562324
101927685,0.0617961599388916
100132146,0.0217811482126814
103504734,2.18451315899281
100422885,2.35007631458595
642515,1.06567879545043
100996792,0.0875120208953502
105375070,0.0797855659595778
124904687,0.338540088196072
90332,1.02999268387187
124905221,0.0103437444480222
105377068,0.0528497930137067
100616162,0.964868905332232
105372165,0.0717956175864252
100616296,0.416373114730743
729732,0.0528497930137067
101928917,0.031262604438497
338667,0.367713732599931
102724536,0.367317911104096
102466658,1.4078318964953
102724474,0.687179931078482
105373780,0.0561671921294347
28390,1.8294833154932
101927245,0.0893856781967923
101929563,0.0408371562480633
100421372,1.60564106339774
100500853,0.327359666175908
9997,0.291359807129187
105372883,0.20493916231437
101927844,0.0080788886488122
388963,0.860947745569012
105373347,0.0262325134658017
105373244,0.451994555382277
105371045,1.20222568626341
102465665,0.391732587959562
112268164,0.0623763134303502
406988,0.821629043460053
111644133,0.0863857947605423
693149,0.34427399785361
111188157,0.0867613730983522
100616439,0.459735558304164
105375421,0.0173062599854029
122455342,0.610388067472804
121832813,0.035464851664874
105374988,0.15259302132939
105374312,0.0551928477150357
374443,0.0394476217259577
105378644,0.0616026860516921
645656,0.0344662129356738
100130520,0.0639214260144302
728743,0.909241827199433
100506022,0.749666655573748
107984345,0.0138321417599086
130932201,0.0227948798627598
124906284,1.07166091075893
110599564,1.89837950382273
6905,0.0681558255976688
113523638,0.0276439590910099
101928718,0.197595619879946
339829,0.0150599263207783
220074,0.126352566356986
100507547,0.258493991100522
122513141,2.39062692506755
105376244,0.015877463426456
112694756,0.703992655754667
101928583,0.0105493414072734
89839,0.0719867467506061
101927525,0.328609976185221
101928292,0.868260070437324
101929134,0.210927220924453
100506207,0.133302556941214
101926888,0.791830861154733
124902392,0.0154687933557568
109729173,1.02171855424197
102724954,0.0039454490619983
643650,0.0542173700425294
145783,0.823356331547522
101928882,0.0380557917082188
105371256,0.0097266548872287
100505984,0.0878870906234544
55056,1.27889656250068
116435296,0.163952002695106
100129518,0.224199023174686
548644,0.0540221383132408
132989,0.19956047362333
728635,0.1822031529649
112267968,0.0031163460570424
645485,0.0105493414072734
124903342,0.31700187249262
105369347,0.78264211602861
401282,0.0058079828238362
124903183,0.0390501905320824
105370500,0.114636999340892
105371729,0.0962816618610842
124901966,0.029254159459327
107987443,0.286685452901488
105375622,0.21253795878428
285074,0.035464851664874
107984928,0.0865736051467432
105369547,0.0975798800301689
124902388,0.355480765561983
101929691,0.359491358869268
105378268,0.809266609574332
124901671,0.0912551171776534
102723663,0.80317417810721
122526776,0.467627176800579
124904288,0.0058079828238362
646719,1.17925400439929
128125822,0.27293992484862
105375754,0.0086971754034013
105375440,0.036063467897197
105372432,0.66093790135437
117134596,0.0455839386189831
440905,0.26559961721939
105379003,0.0270393423001977
105378250,0.074848442848116
105373170,0.0047737452018541
105373682,0.0803533557144177
100996693,0.0816766944344988
101929796,0.348614118712019
883,0.0113712320035829
101929059,0.0144462560950847
112577592,0.0506962311574882
124905014,0.394538859946623
124902114,0.826179152503462
105372401,0.430583980782857
728392,0.569976201295128
105374727,0.0130126308322217
100130535,0.0043596979037672
100996717,0.262281556301114
112268419,0.462995279085499
114841035,0.0920017153720052
102723654,0.0203598820990786
100289473,0.0848817820027076
107984270,0.114273863088368
124901628,0.0219839916622789
105376020,0.146329784130774
107985694,0.35292979754608
105369363,0.534853726715146
105373085,0.0708393147493007
105373289,0.0544125563488178
124909397,0.197595619879946
105373044,0.103488806295834
124904601,0.0068409645610921
124902301,0.0350655380227658
8358,0.881945052962374
100630918,1.23452641927531
124902026,0.725699361486419
124900957,0.0144462560950847
613266,0.0508922379282558
101927857,0.0142416006900836
107984265,0.248714174483528
105379087,0.052263005646635
105374174,0.756042686471261
105370728,0.0608283430685188
105379199,0.0694986479199568
101929918,0.0973945447953161
124904784,0.708685600391289
124901107,0.0826206497668653
112268065,0.0487336436053482
116435278,0.0072538062085478
105379839,0.386989321169616
101927505,0.0053944386314874
102724497,0.0797855659595778
101929200,0.719591465952236
100289495,0.405535213767082
285768,0.112273749424129
105378842,0.304644581734644
101927297,0.641754855547664
105375423,0.611333798212496
102725068,1.17495313541191
124909384,0.0318642078034075
124909439,0.0374585887741673
107986482,0.0795962166369358
124909475,0.0914418297097786
124902546,0.531371919930558
105373334,1.75417857481649
101928743,0.0548027927666294
117314529,0.858861685504645
8352,0.71204121069791
107986639,0.842460090624166
123706524,0.409789355856329
101929510,0.0126025784990239
124907726,0.881756115715637
107986443,1.18150646404009
29798,1.44715621900986
124903317,0.0756099064785592
105377188,0.0105493414072734
124900656,0.452701639413472
107986669,0.0140368959186701
124902947,0.0195466581122431
107984000,0.221021111993137
124909426,0.0207662015448037
105376381,0.0168982779780871
100131289,1.16621237297427
101929667,0.220065264966587
124901391,0.0156731530012164
101928868,0.0338664618273812
101927278,0.312479520406838
102723575,0.243469028961017
105376387,0.0029089440711514
107985177,0.0148554188895284
101927401,0.434698493723104
728158,0.0134224851965348
105371841,0.378323796350898
105375118,0.0215782561623971
124904503,1.85971382279753
124903824,0.70679586944981
101928463,0.389428769018713
105377663,0.712122847081549
105376473,0.209313235408644
105376478,0.0394476217259577
119545628,0.0951672823362936
105372906,0.168213522886445
105372802,0.118259586088365
105375082,0.0115765804481612
105376030,0.0140368959186701
105370115,0.0219839916622789
105376380,0.268753859943512
101927712,0.0428182367483027
124901813,0.054997842915243
124909396,0.693166360098035
105374736,0.0602471155158791
105377035,0.294267130008184
124906232,0.0080788886488122
105372180,0.144231310383213
105374852,0.466240660987315
112267986,1.24573391230938
105372984,0.0801641354811421
102724482,0.0998006737938156
101928105,0.751054605399176
105371622,0.0610219959658159
100302522,0.0142416006900836
124901872,0.057723791780431
124902202,1.43321805828097
124902204,0.841186064195976
105377727,0.217030844404432
107986742,0.175491345697567
101928007,0.154151340944846
107986763,0.055972413796195
105369344,0.637489555244622
105379825,0.0290530521054448
107986954,0.0380557917082188
105369668,0.0617961599388916
124902606,0.0242120678044732
105372268,0.0434116529118274
105376650,0.0455839386189831
101929004,0.0445972313113895
101929174,0.276807102454556
124909423,0.0207662015448037
101929748,0.227522251558552
124906237,0.0248187083181388
105369250,0.61340992310235
105370117,0.0420263638480368
100129396,0.289610200734943
105379427,0.0432138940104846
124903386,0.13878517930746
100419917,0.0528497930137067
100528016,0.0621829736100838
80111,0.173466894741469
115253422,0.615855614692879
101928737,0.0296562306312831
56260,0.887025160670333
105370174,0.0528497930137067
2831,0.009520858735307
122319436,0.0650783906040881
5664,0.0041525986866217
101927423,0.975633339683763
